#{"t_start": 1765911174.0221324, "env_id": "Reacher-v4"}
r,l,t
-63.989744,50,0.608649
-65.993758,50,0.645773
-65.910749,50,0.682447
-58.363369,50,0.708632
-54.166781,50,0.753076
-53.112228,50,0.797132
-55.086716,50,0.839723
-67.411156,50,0.880337
-63.168209,50,0.923034
-61.587637,50,0.959624
-65.471292,50,1.001591
-51.354955,50,1.041276
-64.660474,50,1.078487
-64.590088,50,1.119853
-61.831053,50,1.160722
-58.591675,50,1.204381
-71.339806,50,1.241372
-63.715369,50,1.285233
-53.281233,50,1.329403
-62.662992,50,1.368601
-55.597011,50,1.409863
-55.363819,50,1.448639
-57.276259,50,1.486419
-66.685104,50,1.528409
-54.806843,50,1.564362
-56.107299,50,1.606542
-55.42734,50,1.648213
-59.80045,50,1.690557
-60.31974,50,1.727106
-66.680894,50,1.766768
-60.522475,50,1.808367
-63.365504,50,1.849101
-64.943057,50,1.88988
-57.884119,50,1.92979
-62.072018,50,1.968832
-66.997543,50,2.008585
-58.594389,50,2.051143
-56.969424,50,2.090489
-66.953747,50,2.124767
-65.703526,50,2.163746
-59.780798,50,2.920478
-55.225979,50,2.961318
-59.116199,50,3.003256
-61.178483,50,3.037509
-49.593858,50,3.075016
-62.424606,50,3.115788
-58.9983,50,3.152202
-64.178891,50,3.196556
-63.619835,50,3.236051
-49.899378,50,3.277816
-52.483047,50,3.31665
-62.746825,50,3.360247
-54.827031,50,3.399653
-48.266981,50,3.442611
-65.091307,50,3.479769
-65.136942,50,3.52051
-66.037822,50,3.560317
-55.147038,50,3.599573
-59.731851,50,3.639205
-67.143185,50,3.68168
-64.150964,50,3.720103
-58.28571,50,3.758847
-53.369049,50,3.797178
-66.848074,50,3.839578
-58.947871,50,3.879292
-60.709984,50,3.918257
-59.289063,50,3.958526
-60.658577,50,3.997122
-63.811625,50,4.039329
-56.902353,50,4.079673
-56.414441,50,4.117261
-60.441065,50,4.159534
-58.072918,50,4.197515
-63.908474,50,4.237452
-56.487452,50,4.277702
-61.779216,50,4.31721
-65.877125,50,4.358975
-65.842172,50,4.39978
-57.480652,50,4.438682
-57.332827,50,4.479455
-62.282277,50,4.516926
-57.605488,50,5.140347
-62.835092,50,5.181344
-53.149129,50,5.220277
-57.845841,50,5.260099
-53.684209,50,5.302657
-47.183621,50,5.340821
-51.05632,50,5.37747
-48.351282,50,5.418932
-63.150136,50,5.459869
-53.61651,50,5.500376
-48.927035,50,5.539541
-57.209808,50,5.582512
-54.617011,50,5.618676
-57.469318,50,5.661711
-56.939913,50,5.699028
-49.310528,50,5.740337
-72.296569,50,5.78465
-55.091581,50,5.825205
-57.560451,50,5.865665
-59.168413,50,5.903024
-62.480472,50,5.945625
-54.960958,50,5.982458
-58.02913,50,6.020667
-60.863753,50,6.059724
-56.135793,50,6.096992
-57.082132,50,6.137245
-56.23141,50,6.174722
-60.625998,50,6.216618
-63.40578,50,6.2574
-60.874486,50,6.295541
-55.963279,50,6.335743
-56.287403,50,6.376304
-59.834062,50,6.416371
-59.453875,50,6.454884
-63.224213,50,6.494642
-58.15465,50,6.53741
-64.686403,50,6.579089
-56.464693,50,6.620215
-53.781132,50,6.660565
-56.836985,50,6.696804
-56.106332,50,6.738892
-55.387766,50,7.434515
-55.672988,50,7.474054
-63.763953,50,7.514176
-52.51267,50,7.555668
-66.018117,50,7.594728
-50.772981,50,7.634222
-56.869151,50,7.675571
-54.134877,50,7.715402
-55.115133,50,7.755238
-54.346858,50,7.791591
-52.513771,50,7.833189
-57.518263,50,7.872398
-57.498353,50,7.911919
-52.354033,50,7.952304
-57.866796,50,7.993263
-54.924025,50,8.03226
-60.537661,50,8.072945
-54.408165,50,8.112833
-54.989637,50,8.152659
-56.351628,50,8.193446
-52.691929,50,8.233346
-49.126092,50,8.270739
-58.000361,50,8.307619
-59.382547,50,8.348623
-52.978626,50,8.391391
-58.000423,50,8.430228
-58.178268,50,8.466873
-59.927911,50,8.49464
-57.9382,50,8.515015
-56.507455,50,8.554029
-61.227984,50,8.596082
-65.850827,50,8.638627
-49.757593,50,8.675793
-58.754491,50,8.715307
-51.297129,50,8.754819
-45.237163,50,8.796552
-61.903509,50,8.838109
-59.019705,50,8.879283
-61.384826,50,8.922121
-51.50829,50,8.960311
-66.157919,50,8.996781
-55.241567,50,9.79038
-50.292031,50,9.827453
-61.728225,50,9.87056
-51.427214,50,9.906729
-54.652124,50,9.946638
-54.645406,50,9.984804
-60.668261,50,10.022461
-52.931823,50,10.063035
-56.031848,50,10.104807
-54.739942,50,10.144995
-60.351977,50,10.185766
-53.08664,50,10.225177
-50.97011,50,10.26562
-59.113681,50,10.307883
-56.069797,50,10.343964
-44.246381,50,10.383414
-51.951539,50,10.421622
-58.557404,50,10.451536
-56.678954,50,10.487859
-59.168891,50,10.528396
-61.365946,50,10.567241
-52.910928,50,10.608944
-56.858696,50,10.645946
-65.490794,50,10.687286
-59.258997,50,10.728236
-55.191142,50,10.764386
-56.259192,50,10.804609
-61.212516,50,10.844362
-53.812428,50,10.884182
-56.91647,50,10.924742
-54.008904,50,10.965732
-58.786302,50,11.004324
-52.884904,50,11.044842
-43.874839,50,11.085973
-54.557042,50,11.123931
-50.221494,50,11.159906
-55.882249,50,11.202421
-47.935899,50,11.24125
-49.160406,50,11.281271
-47.898521,50,11.322523
-56.327877,50,11.358937
-54.748615,50,12.036014
-47.606885,50,12.073244
-48.663486,50,12.113708
-41.343966,50,12.154894
-51.5655,50,12.196491
-47.273623,50,12.239365
-55.095328,50,12.281331
-49.024217,50,12.323356
-51.282508,50,12.367205
-47.698498,50,12.405044
-46.968549,50,12.44657
-57.201302,50,12.486621
-55.843513,50,12.527383
-53.782751,50,12.568496
-53.438317,50,12.609623
-46.921725,50,12.648214
-56.711471,50,12.689616
-51.890404,50,12.729249
-50.670713,50,12.772886
-55.616027,50,12.813623
-52.73754,50,12.854284
-52.596721,50,12.893848
-48.311792,50,12.932529
-55.48495,50,12.970949
-53.461553,50,13.015569
-54.73858,50,13.056368
-48.268146,50,13.09891
-45.666701,50,13.142658
-47.811621,50,13.183226
-47.788963,50,13.223191
-54.473977,50,13.262702
-57.280424,50,13.304391
-50.2298,50,13.343595
-54.808109,50,13.385653
-54.708302,50,13.425774
-45.14044,50,13.464618
-44.589169,50,13.505357
-53.929359,50,13.543475
-51.901056,50,13.585129
-54.835999,50,13.623107
-49.801245,50,13.662373
-57.224274,50,14.632366
-49.053781,50,14.671383
-41.508724,50,14.711498
-54.918463,50,14.752555
-45.410139,50,14.795127
-46.156356,50,14.834642
-53.91914,50,14.877486
-51.895379,50,14.918602
-43.98737,50,14.956568
-50.126612,50,14.993721
-48.551044,50,15.032458
-54.999803,50,15.071135
-51.676437,50,15.111002
-48.917016,50,15.14882
-41.993771,50,15.190591
-58.113588,50,15.231326
-58.780901,50,15.26974
-49.844576,50,15.309804
-50.291455,50,15.348285
-57.251838,50,15.388146
-38.928465,50,15.428497
-53.783438,50,15.467505
-45.806898,50,15.509387
-55.154408,50,15.546334
-54.62636,50,15.585507
-46.586163,50,15.622834
-46.352969,50,15.664361
-45.189332,50,15.704703
-51.568371,50,15.745499
-53.160551,50,15.784703
-50.060157,50,15.825366
-48.973776,50,15.866118
-44.909883,50,15.90642
-46.660688,50,15.944119
-49.5326,50,15.986313
-53.627501,50,16.026958
-50.663722,50,16.068202
-54.745186,50,16.107781
-37.169478,50,16.14931
-40.388851,50,16.189672
-45.800733,50,16.229174
-48.82643,50,17.078333
-46.282613,50,17.117139
-49.981788,50,17.156073
-50.214133,50,17.197551
-46.53614,50,17.239047
-48.732594,50,17.281748
-47.431673,50,17.319623
-49.235737,50,17.361442
-45.494543,50,17.399479
-52.282116,50,17.439599
-49.524081,50,17.48082
-44.121645,50,17.520571
-47.564585,50,17.562067
-46.417565,50,17.602216
-47.796241,50,17.642202
-44.526916,50,17.679873
-43.524639,50,17.718366
-50.295411,50,17.747504
-48.840238,50,17.786206
-46.538726,50,17.828609
-53.260145,50,17.867377
-45.223854,50,17.908114
-44.058817,50,17.945573
-47.295048,50,17.985317
-47.205402,50,18.027772
-45.277145,50,18.065664
-46.423234,50,18.104361
-47.270603,50,18.144336
-48.699592,50,18.185273
-45.80141,50,18.222504
-45.511492,50,18.25108
-42.34979,50,18.29082
-51.106813,50,18.333708
-50.474476,50,18.371339
-50.03272,50,18.409544
-46.75084,50,18.452881
-49.613149,50,18.491719
-52.287225,50,18.529882
-53.481197,50,18.570743
-42.476463,50,18.610563
-52.833019,50,18.650513
-47.983339,50,19.605109
-44.567843,50,19.643017
-46.239579,50,19.680153
-48.620822,50,19.723699
-50.168292,50,19.764671
-43.479685,50,19.806538
-45.012723,50,19.848868
-44.885705,50,19.889605
-49.722663,50,19.929944
-45.711227,50,19.970664
-48.586103,50,20.010684
-50.121457,50,20.055892
-45.756404,50,20.091649
-46.440147,50,20.134557
-50.245645,50,20.170771
-51.807419,50,20.213794
-38.829417,50,20.251147
-54.869429,50,20.291583
-51.751867,50,20.333245
-44.848884,50,20.37289
-46.705886,50,20.412518
-49.626426,50,20.453543
-35.976111,50,20.493371
-39.307926,50,20.533151
-38.629704,50,20.576136
-48.128307,50,20.615586
-45.126708,50,20.657587
-46.920468,50,20.697381
-51.073141,50,20.740381
-45.563451,50,20.777791
-46.286907,50,20.819225
-42.761508,50,20.857486
-46.869095,50,20.902417
-50.293673,50,20.944916
-42.635664,50,20.982683
-52.805105,50,21.025643
-44.052543,50,21.067587
-54.735051,50,21.106885
-48.719819,50,21.14562
-40.787546,50,21.187711
-44.376294,50,21.22631
-45.671523,50,21.975337
-50.706386,50,22.016837
-42.737437,50,22.057519
-41.621514,50,22.096951
-36.721719,50,22.140554
-40.972244,50,22.181561
-40.664739,50,22.223797
-40.493756,50,22.264193
-45.572126,50,22.302553
-46.775617,50,22.342561
-44.973789,50,22.385016
-49.238252,50,22.42252
-48.619363,50,22.462845
-48.45501,50,22.504679
-42.891473,50,22.546408
-40.837395,50,22.58642
-40.208921,50,22.624538
-38.096753,50,22.665975
-42.38564,50,22.705613
-41.966924,50,22.743661
-48.822236,50,22.785262
-49.682604,50,22.825921
-43.680519,50,22.867158
-45.308578,50,22.909957
-45.501362,50,22.95011
-40.238195,50,22.989511
-43.149322,50,23.032952
-40.198397,50,23.072275
-39.022502,50,23.111513
-42.696429,50,23.154145
-43.024294,50,23.191636
-43.387434,50,23.233895
-40.522725,50,23.274191
-41.291737,50,23.313498
-44.843571,50,23.354704
-45.24797,50,23.398258
-47.417417,50,23.43792
-45.929756,50,23.479258
-40.449499,50,23.519415
-43.087769,50,23.559813
-44.3108,50,23.600502
-35.814466,50,24.294795
-45.918762,50,24.332512
-37.122606,50,24.371606
-46.349624,50,24.413308
-45.935984,50,24.452325
-47.380988,50,24.49172
-37.955973,50,24.530976
-47.607245,50,24.571226
-47.960554,50,24.609732
-50.082942,50,24.650714
-34.430137,50,24.690477
-41.702548,50,24.72644
-38.814454,50,24.768629
-41.15612,50,24.808488
-45.348874,50,24.851751
-46.132823,50,24.889609
-42.909782,50,24.929555
-47.446385,50,24.968317
-45.361047,50,25.005949
-37.592369,50,25.049454
-45.297085,50,25.089756
-38.282044,50,25.130012
-44.267355,50,25.1685
-43.670976,50,25.210376
-41.081151,50,25.24984
-40.236155,50,25.285549
-41.194722,50,25.324584
-40.21721,50,25.363436
-45.481568,50,25.402046
-40.536426,50,25.440207
-35.586533,50,25.481916
-40.646816,50,25.524755
-46.824683,50,25.563335
-40.932175,50,25.606017
-44.876997,50,25.643811
-39.388893,50,25.683717
-47.698588,50,25.722613
-40.257428,50,25.762049
-42.335434,50,25.802353
-42.937043,50,25.843336
-47.678512,50,25.885959
-36.981885,50,26.642973
-42.250573,50,26.68183
-45.539414,50,26.720575
-40.313099,50,26.761085
-45.930002,50,26.800686
-40.75902,50,26.841927
-33.86202,50,26.886542
-35.731657,50,26.928601
-46.568346,50,26.969582
-35.691342,50,27.014163
-37.002779,50,27.052366
-39.74886,50,27.090867
-42.52436,50,27.129197
-45.215964,50,27.16465
-44.031921,50,27.204012
-38.029331,50,27.243009
-46.242046,50,27.283353
-43.214672,50,27.321253
-36.826765,50,27.361065
-37.45564,50,27.403042
-42.562529,50,27.444645
-44.283496,50,27.486019
-43.529839,50,27.523652
-42.000819,50,27.561321
-37.840067,50,27.603849
-47.109727,50,27.642454
-45.475038,50,27.681222
-43.502978,50,27.720664
-40.286833,50,27.757821
-47.999118,50,27.798871
-43.200861,50,27.839131
-53.329787,50,27.879569
-36.386595,50,27.921286
-42.507856,50,27.959824
-33.466601,50,28.000098
-41.8185,50,28.038599
-37.305019,50,28.078682
-48.730303,50,28.120255
-41.353945,50,28.155529
-44.900708,50,28.195815
-37.794629,50,28.232366
-31.364266,50,29.233798
-36.116968,50,29.275925
-42.609081,50,29.314194
-48.010456,50,29.3577
-39.247373,50,29.395411
-34.345,50,29.439019
-33.359922,50,29.478688
-32.623421,50,29.517568
-42.816532,50,29.559072
-38.109271,50,29.594887
-41.554953,50,29.638293
-28.509675,50,29.679338
-38.358617,50,29.722547
-41.934707,50,29.76226
-36.660605,50,29.804638
-34.904772,50,29.843683
-41.207272,50,29.883234
-37.251533,50,29.924216
-40.627681,50,29.963917
-43.417673,50,30.003356
-38.491698,50,30.044795
-40.662393,50,30.084131
-41.65983,50,30.122906
-45.217643,50,30.163475
-34.615676,50,30.202048
-32.622046,50,30.242648
-34.443938,50,30.284866
-34.889704,50,30.324871
-30.183582,50,30.364373
-40.641723,50,30.40482
-38.545843,50,30.443485
-26.982222,50,30.487323
-38.85032,50,30.526227
-43.514221,50,30.565909
-37.891048,50,30.605517
-41.55562,50,30.647369
-47.363237,50,30.684895
-36.59257,50,30.720229
-44.654439,50,30.764254
-35.132793,50,30.802854
-44.804126,50,30.840737
-35.564439,50,31.49399
-34.701306,50,31.531879
-37.260768,50,31.571533
-37.194506,50,31.608843
-39.798531,50,31.6524
-35.761625,50,31.692721
-40.900071,50,31.732754
-35.233101,50,31.771833
-38.203606,50,31.810745
-32.469037,50,31.851647
-40.866936,50,31.892958
-28.20581,50,31.926722
-39.371762,50,31.971639
-34.150578,50,32.011733
-44.843842,50,32.051091
-39.859512,50,32.091235
-40.692552,50,32.131219
-33.094857,50,32.17389
-49.434187,50,32.216208
-36.786955,50,32.252736
-31.98368,50,32.289651
-33.258297,50,32.332633
-40.457111,50,32.37147
-38.02276,50,32.41112
-34.673607,50,32.454414
-34.16978,50,32.491461
-36.365547,50,32.532424
-31.039545,50,32.572684
-37.476173,50,32.616136
-38.771841,50,32.657842
-38.444908,50,32.699822
-41.826541,50,32.739006
-41.396359,50,32.77926
-38.793696,50,32.818779
-39.451251,50,32.858348
-36.231197,50,32.90189
-33.06093,50,32.941167
-35.32051,50,32.983332
-47.339017,50,33.023842
-36.132894,50,33.063293
-34.023282,50,33.102036
-36.997608,50,33.869982
-35.000682,50,33.895066
-34.668365,50,33.921865
-40.803997,50,33.963041
-41.050601,50,34.002613
-34.237276,50,34.046226
-33.59052,50,34.086298
-40.815507,50,34.122762
-37.53251,50,34.164589
-42.651411,50,34.201635
-33.658905,50,34.241667
-36.090133,50,34.284466
-38.020774,50,34.323776
-34.171244,50,34.36066
-39.725118,50,34.399833
-31.59556,50,34.443336
-39.974022,50,34.481392
-30.953352,50,34.524013
-36.363301,50,34.565787
-37.329317,50,34.604118
-34.739164,50,34.644327
-34.362786,50,34.684881
-32.225675,50,34.727193
-34.596942,50,34.767375
-29.946221,50,34.806548
-29.177937,50,34.844823
-34.623138,50,34.879854
-34.929858,50,34.919985
-27.874865,50,34.960065
-39.963124,50,34.999751
-28.753112,50,35.039644
-37.736099,50,35.07668
-38.799194,50,35.116183
-27.924674,50,35.156693
-42.121829,50,35.195451
-39.336063,50,35.234965
-37.561951,50,35.272742
-39.426694,50,35.312394
-35.028018,50,35.351165
-36.836568,50,35.389272
-35.451489,50,35.430536
-27.634242,50,36.161865
-29.705271,50,36.202175
-33.156292,50,36.243644
-38.885192,50,36.286157
-28.3107,50,36.32597
-34.430954,50,36.367985
-35.256837,50,36.41001
-30.235353,50,36.448848
-33.456096,50,36.490414
-38.245571,50,36.531364
-34.720841,50,36.571201
-30.382605,50,36.612896
-34.370852,50,36.65468
-31.764982,50,36.697523
-33.470558,50,36.739707
-32.997102,50,36.781288
-37.535951,50,36.824497
-44.775288,50,36.865832
-32.331103,50,36.904357
-30.676873,50,36.941139
-37.56925,50,36.980824
-36.02737,50,37.022185
-28.97864,50,37.060751
-28.153365,50,37.102733
-37.570808,50,37.141351
-31.114882,50,37.183356
-32.869732,50,37.223517
-25.05096,50,37.263098
-32.959077,50,37.301596
-37.2505,50,37.338426
-31.121788,50,37.380373
-35.396639,50,37.418972
-27.785282,50,37.458976
-37.616864,50,37.500952
-34.67653,50,37.539556
-33.030799,50,37.579496
-38.763968,50,37.621778
-32.018659,50,37.659248
-34.879189,50,37.701764
-28.514043,50,37.740307
-34.61419,50,37.78145
-32.328326,50,38.453135
-41.081573,50,38.496437
-36.07483,50,38.538246
-35.579649,50,38.583212
-35.559041,50,38.627346
-38.48882,50,38.670859
-38.640015,50,38.713538
-28.570644,50,38.754342
-26.596885,50,38.797519
-34.180353,50,38.839594
-33.987323,50,38.878724
-42.319269,50,38.920473
-37.434854,50,38.960083
-32.574305,50,39.002629
-33.293145,50,39.047376
-29.297735,50,39.091695
-33.896259,50,39.13237
-41.89414,50,39.175611
-29.770073,50,39.217492
-32.879324,50,39.255384
-44.269554,50,39.298104
-29.084234,50,39.334038
-31.944041,50,39.373964
-29.671813,50,39.411226
-35.229814,50,39.449244
-43.429855,50,39.490505
-36.420611,50,39.529737
-29.934278,50,39.572964
-36.152557,50,39.614403
-31.572997,50,39.654772
-35.261201,50,39.691784
-31.617094,50,39.730285
-33.90218,50,39.77117
-34.810118,50,39.807256
-35.285341,50,39.84789
-32.906487,50,39.88853
-34.799367,50,39.92789
-35.365227,50,39.967803
-35.40097,50,40.006611
-34.219839,50,40.047521
-38.209969,50,40.086547
-38.54144,50,40.884312
-31.237756,50,40.925176
-31.255303,50,40.965005
-32.908487,50,41.00581
-37.771926,50,41.047409
-30.641241,50,41.08655
-37.948414,50,41.128773
-36.971407,50,41.171392
-29.502603,50,41.211725
-35.064321,50,41.250986
-33.954189,50,41.293455
-34.651812,50,41.337454
-35.363489,50,41.379559
-37.855311,50,41.420696
-34.145424,50,41.461426
-35.448552,50,41.499568
-33.619678,50,41.542272
-25.954248,50,41.582544
-25.373318,50,41.621807
-36.241061,50,41.663846
-28.761395,50,41.706545
-34.19083,50,41.743487
-35.963388,50,41.785729
-25.678101,50,41.824544
-31.025329,50,41.865321
-27.726208,50,41.907818
-29.676095,50,41.947155
-29.910021,50,41.98001
-39.390084,50,42.005732
-31.500364,50,42.046344
-31.596925,50,42.086296
-30.432859,50,42.128408
-31.772551,50,42.16923
-29.034306,50,42.209891
-34.404666,50,42.246604
-28.76313,50,42.28879
-31.097914,50,42.32617
-32.455063,50,42.366739
-23.714082,50,42.40337
-31.083817,50,42.442937
-30.101084,50,42.483741
-35.71358,50,43.210039
-31.12925,50,43.251679
-25.066714,50,43.294333
-31.628709,50,43.334683
-28.178793,50,43.373164
-36.227479,50,43.41242
-33.182729,50,43.452315
-28.261855,50,43.490445
-33.993844,50,43.530939
-23.951738,50,43.569285
-29.146943,50,43.61133
-34.543338,50,43.648552
-31.0951,50,43.687239
-35.051074,50,43.729502
-31.768749,50,43.768389
-28.524094,50,43.808886
-34.029043,50,43.847553
-40.783886,50,43.883727
-31.449535,50,43.920991
-37.755998,50,43.960417
-32.565805,50,44.003466
-25.009341,50,44.041692
-33.43915,50,44.080445
-29.839998,50,44.121275
-35.060489,50,44.161477
-25.11359,50,44.198148
-30.806356,50,44.238498
-30.672515,50,44.280345
-30.373633,50,44.317703
-26.833175,50,44.359087
-31.789818,50,44.396872
-30.707621,50,44.440134
-24.739349,50,44.480875
-25.464214,50,44.517932
-27.208427,50,44.558883
-26.70108,50,44.598739
-31.792464,50,44.639625
-35.675585,50,44.679705
-35.150301,50,44.717808
-29.949175,50,44.756722
-24.151244,50,44.79747
-29.61968,50,45.488267
-30.947808,50,45.525654
-29.552892,50,45.567471
-25.578649,50,45.606231
-36.659398,50,45.648062
-32.417076,50,45.690084
-33.056123,50,45.730608
-33.647436,50,45.769405
-30.998297,50,45.807299
-34.292745,50,45.847384
-31.016579,50,45.888432
-28.879413,50,45.929577
-31.675328,50,45.969683
-35.673912,50,46.008213
-28.289237,50,46.04837
-32.934715,50,46.085182
-27.012102,50,46.125484
-33.53818,50,46.167287
-28.721308,50,46.205371
-33.165061,50,46.243737
-33.50585,50,46.284287
-28.530477,50,46.324564
-33.192278,50,46.361875
-27.282821,50,46.401638
-29.449096,50,46.4368
-33.062508,50,46.476886
-28.401037,50,46.518115
-29.652457,50,46.558197
-32.410674,50,46.596799
-29.474237,50,46.638268
-26.983023,50,46.6786
-27.605381,50,46.720572
-34.368806,50,46.762505
-32.935296,50,46.800947
-32.121108,50,46.843354
-33.213638,50,46.887351
-29.858002,50,46.926401
-27.428322,50,46.963184
-28.349753,50,47.002282
-22.098746,50,47.04362
-32.756246,50,47.082685
-25.494146,50,47.744871
-30.737732,50,47.78536
-22.44492,50,47.824854
-20.877088,50,47.866508
-30.116868,50,47.906301
-35.49497,50,47.945659
-23.880572,50,47.983532
-29.100927,50,48.023774
-32.009464,50,48.067095
-36.416853,50,48.107601
-26.761077,50,48.147409
-31.132061,50,48.187879
-27.114564,50,48.23
-34.570494,50,48.269386
-25.94303,50,48.308483
-27.911184,50,48.349215
-28.830651,50,48.38666
-19.092275,50,48.424726
-29.492798,50,48.463941
-30.118598,50,48.504534
-29.825176,50,48.544596
-24.642621,50,48.582333
-27.442744,50,48.621866
-32.383468,50,48.660223
-23.795188,50,48.697367
-31.315541,50,48.73877
-30.280967,50,48.780937
-31.562988,50,48.821276
-28.620039,50,48.86232
-30.805198,50,48.902705
-31.307832,50,48.942334
-36.287426,50,48.982342
-30.579396,50,49.021832
-27.461577,50,49.064751
-29.341399,50,49.101368
-22.107782,50,49.138583
-27.33348,50,49.177344
-25.758955,50,49.218363
-24.912713,50,49.256286
-33.907583,50,49.294171
-33.589056,50,49.33505
-22.682674,50,49.971394
-28.38802,50,50.009243
-32.593837,50,50.050306
-33.305448,50,50.092125
-24.991577,50,50.129995
-26.679613,50,50.171706
-28.062992,50,50.209863
-23.977509,50,50.250119
-25.3446,50,50.288722
-27.041474,50,50.329334
-30.391103,50,50.367629
-33.61766,50,50.410595
-35.383927,50,50.450394
-30.563238,50,50.489525
-27.257647,50,50.530506
-31.18645,50,50.572071
-26.92745,50,50.616642
-27.177128,50,50.653708
-26.680223,50,50.694167
-21.593912,50,50.731549
-29.077913,50,50.774788
-34.061097,50,50.813099
-28.034019,50,50.850587
-18.544318,50,50.891418
-26.171818,50,50.926604
-21.466458,50,50.971659
-28.149139,50,51.011909
-33.887969,50,51.053719
-31.037634,50,51.092895
-23.409887,50,51.130914
-28.688762,50,51.169588
-22.533049,50,51.210827
-22.317802,50,51.251305
-24.611766,50,51.291962
-35.562874,50,51.333709
-27.027842,50,51.373671
-37.224053,50,51.414296
-32.68626,50,51.452258
-32.137769,50,51.493881
-25.051779,50,51.534117
-27.035677,50,51.573259
-29.952765,50,52.267886
-32.2832,50,52.308697
-24.272949,50,52.346681
-28.810795,50,52.388312
-35.254409,50,52.428309
-25.91902,50,52.466454
-22.354697,50,52.506453
-20.641981,50,52.546383
-21.156639,50,52.586775
-31.088957,50,52.626343
-31.043372,50,52.667922
-23.241476,50,52.7057
-32.016152,50,52.745284
-25.449268,50,52.782341
-26.319066,50,52.825022
-25.445674,50,52.862217
-26.220278,50,52.898243
-24.212385,50,52.934099
-31.077313,50,52.972369
-28.599833,50,53.012676
-29.213828,50,53.051356
-20.888677,50,53.088777
-29.580706,50,53.12974
-24.340227,50,53.167001
-26.826149,50,53.210525
-30.032243,50,53.252356
-20.820825,50,53.293786
-30.382557,50,53.333871
-23.648793,50,53.37425
-28.832945,50,53.41136
-27.048951,50,53.4517
-24.178022,50,53.49316
-26.366564,50,53.53289
-22.893783,50,53.572758
-21.247783,50,53.613244
-25.090096,50,53.651504
-28.324838,50,53.692277
-27.796335,50,53.731887
-29.814829,50,53.771834
-26.561449,50,53.811619
-23.639961,50,53.852316
-33.362278,50,54.501531
-28.048342,50,54.542346
-32.324317,50,54.585438
-29.768664,50,54.623498
-25.953566,50,54.664922
-29.559429,50,54.701582
-26.771405,50,54.745224
-33.693666,50,54.780863
-36.174118,50,54.816409
-35.194791,50,54.859787
-22.831065,50,54.896525
-28.605205,50,54.938033
-22.057518,50,54.977708
-28.516937,50,55.013004
-30.04131,50,55.055246
-27.27151,50,55.094619
-31.615568,50,55.134526
-28.929444,50,55.173408
-17.345373,50,55.21037
-21.324957,50,55.252614
-29.83616,50,55.293943
-23.418872,50,55.33175
-34.244322,50,55.374126
-29.647505,50,55.411959
-27.047873,50,55.452063
-25.560048,50,55.490448
-25.416842,50,55.53042
-26.447324,50,55.572474
-24.442552,50,55.61181
-18.164785,50,55.653339
-28.803904,50,55.693367
-19.473732,50,55.733395
-24.966924,50,55.771045
-19.797242,50,55.810664
-27.184576,50,55.850175
-24.668967,50,55.890661
-23.45329,50,55.92815
-26.949729,50,55.967771
-23.546774,50,56.007471
-28.944327,50,56.047275
-36.699971,50,56.084355
-27.960714,50,56.748039
-18.0454,50,56.787502
-18.127716,50,56.827089
-28.454887,50,56.863566
-22.641495,50,56.903862
-31.55438,50,56.94397
-18.5658,50,56.983481
-26.456875,50,57.024814
-34.28138,50,57.064402
-25.700706,50,57.105767
-31.548718,50,57.147303
-16.222382,50,57.189459
-22.31194,50,57.229034
-20.916804,50,57.269843
-29.728795,50,57.310888
-24.032565,50,57.349504
-22.380383,50,57.388941
-33.692902,50,57.42916
-31.005083,50,57.465255
-25.914357,50,57.504522
-21.198607,50,57.54555
-28.968213,50,57.583257
-28.283704,50,57.624514
-31.530037,50,57.663395
-20.821457,50,57.702761
-20.346354,50,57.742615
-33.241224,50,57.78068
-26.242611,50,57.820844
-19.594493,50,57.858259
-27.960381,50,57.898558
-34.285924,50,57.938503
-32.764782,50,57.977098
-30.013017,50,58.015785
-31.299006,50,58.053603
-21.687454,50,58.094526
-27.09686,50,58.134067
-30.745018,50,58.173929
-33.019242,50,58.213258
-27.643369,50,58.252704
-20.07552,50,58.294595
-30.255634,50,58.333365
-25.386947,50,58.92217
-31.609889,50,58.960656
-30.717272,50,59.001004
-20.297295,50,59.041877
-21.84972,50,59.086751
-28.922593,50,59.126772
-20.712098,50,59.169727
-29.122024,50,59.208873
-32.868445,50,59.248249
-20.232157,50,59.287516
-25.231547,50,59.327619
-32.93219,50,59.369493
-29.463033,50,59.412344
-16.472575,50,59.451332
-22.27517,50,59.490737
-26.370253,50,59.535379
-33.53296,50,59.574774
-24.955367,50,59.614151
-25.077221,50,59.655432
-30.232416,50,59.697164
-25.907386,50,59.735615
-20.746442,50,59.776011
-27.557925,50,59.816928
-21.735469,50,59.856695
-21.976412,50,59.899207
-19.791253,50,59.940839
-27.912138,50,59.97935
-26.683701,50,60.021232
-24.058528,50,60.062789
-19.189685,50,60.103093
-23.275515,50,60.14102
-25.233597,50,60.181961
-15.902698,50,60.220933
-21.559499,50,60.260468
-32.681519,50,60.301189
-28.161863,50,60.338733
-32.001922,50,60.379389
-33.37649,50,60.419609
-26.901778,50,60.45839
-17.470481,50,60.501346
-24.112713,50,61.226006
-29.215373,50,61.265916
-20.0328,50,61.306471
-20.226214,50,61.344852
-27.294106,50,61.385174
-20.199267,50,61.42462
-24.403192,50,61.461639
-32.480116,50,61.503278
-26.034716,50,61.544317
-26.903509,50,61.585468
-28.466429,50,61.626757
-20.920153,50,61.665725
-22.249828,50,61.708307
-20.352154,50,61.747689
-26.846566,50,61.78762
-30.369047,50,61.828448
-32.080178,50,61.869622
-21.857541,50,61.910291
-25.054243,50,61.949596
-33.696312,50,61.99075
-21.585896,50,62.032284
-35.01035,50,62.06357
-24.246007,50,62.084058
-20.564434,50,62.104458
-26.523081,50,62.124943
-32.732437,50,62.165575
-25.569845,50,62.20322
-24.249702,50,62.244681
-26.142744,50,62.284218
-24.346449,50,62.323834
-26.038881,50,62.363028
-27.06549,50,62.397914
-27.123094,50,62.435878
-22.083695,50,62.477572
-20.172408,50,62.520048
-34.63925,50,62.562704
-29.915163,50,62.600592
-24.997965,50,62.64092
-21.612185,50,62.682407
-21.117465,50,62.720509
-30.589246,50,62.762101
-28.523038,50,63.738149
-25.113438,50,63.77508
-21.193699,50,63.815637
-24.604755,50,63.856578
-23.774861,50,63.896186
-17.892044,50,63.926182
-18.975573,50,63.966889
-20.346058,50,64.005487
-22.975365,50,64.046743
-21.845818,50,64.0877
-29.79056,50,64.12761
-36.856537,50,64.170345
-19.387716,50,64.204038
-18.441307,50,64.243826
-29.5817,50,64.285199
-34.595738,50,64.324795
-31.891426,50,64.367807
-25.095561,50,64.404847
-32.66453,50,64.446822
-25.437037,50,64.483829
-33.389998,50,64.526457
-25.180258,50,64.561343
-31.55626,50,64.60554
-25.807154,50,64.642591
-24.962284,50,64.684846
-22.832357,50,64.724782
-29.576146,50,64.765684
-31.876298,50,64.807849
-19.338043,50,64.850259
-27.107726,50,64.889565
-24.228621,50,64.930998
-25.126099,50,64.970093
-28.720118,50,65.008593
-19.836108,50,65.047342
-20.41499,50,65.088222
-26.752946,50,65.126172
-20.284131,50,65.163851
-23.42108,50,65.203814
-20.732674,50,65.242876
-27.171843,50,65.285101
-30.571581,50,65.322878
-23.716478,50,65.997666
-24.431992,50,66.039463
-24.839934,50,66.081836
-32.800453,50,66.121295
-20.606824,50,66.16344
-22.572793,50,66.203766
-18.238678,50,66.244604
-19.927823,50,66.285773
-17.994375,50,66.324723
-19.790933,50,66.364677
-24.583067,50,66.401953
-17.305938,50,66.43954
-37.769468,50,66.482754
-32.96877,50,66.52236
-18.978913,50,66.561988
-24.250761,50,66.605458
-21.535577,50,66.648293
-20.430895,50,66.690402
-26.514661,50,66.729266
-24.734751,50,66.770928
-36.131072,50,66.808769
-20.026659,50,66.848626
-31.332513,50,66.888544
-18.099035,50,66.928344
-25.686377,50,66.969976
-16.163413,50,67.01434
-17.941766,50,67.054252
-26.111956,50,67.0935
-25.413552,50,67.134739
-27.369298,50,67.17416
-23.358408,50,67.214357
-13.768824,50,67.254648
-31.894283,50,67.294481
-33.229143,50,67.336641
-29.00371,50,67.373801
-29.216093,50,67.410596
-21.240958,50,67.450224
-24.048293,50,67.488384
-28.635091,50,67.529287
-29.715292,50,67.570304
-24.388403,50,67.610672
-15.573472,50,68.275402
-18.051666,50,68.313787
-29.376415,50,68.354019
-31.791563,50,68.391374
-25.955137,50,68.435098
-18.194968,50,68.47592
-19.374696,50,68.517114
-30.304292,50,68.557896
-20.8379,50,68.599016
-22.836587,50,68.638549
-21.957788,50,68.678531
-22.503274,50,68.71877
-30.491753,50,68.75826
-17.476076,50,68.798203
-20.422802,50,68.838838
-21.25422,50,68.876528
-31.612355,50,68.920577
-24.072737,50,68.959005
-26.643878,50,68.997753
-27.704041,50,69.039884
-29.48491,50,69.081587
-29.428161,50,69.122651
-25.819198,50,69.163444
-25.063356,50,69.201825
-22.020551,50,69.240725
-25.853807,50,69.279877
-25.541342,50,69.322018
-15.891533,50,69.357846
-18.002063,50,69.39683
-19.016452,50,69.438554
-25.768087,50,69.477292
-26.073702,50,69.517954
-23.503939,50,69.556938
-25.836111,50,69.596071
-29.208075,50,69.636017
-23.362797,50,69.67372
-27.174701,50,69.71152
-23.487713,50,69.752552
-18.336752,50,69.790506
-24.246435,50,69.83359
-29.052101,50,69.871495
-20.586503,50,70.784624
-25.486443,50,70.821573
-33.030093,50,70.861806
-27.210384,50,70.900704
-27.291348,50,70.943298
-24.649387,50,70.980559
-22.998098,50,71.022222
-16.819899,50,71.062582
-31.16043,50,71.101454
-26.809612,50,71.142361
-31.541531,50,71.181744
-20.129844,50,71.222536
-27.761599,50,71.261634
-23.62227,50,71.30406
-29.678822,50,71.341724
-26.655167,50,71.37842
-20.758684,50,71.419609
-17.731339,50,71.457455
-21.630487,50,71.494917
-22.466174,50,71.534936
-19.889778,50,71.573601
-22.867225,50,71.617323
-28.13486,50,71.656448
-16.628639,50,71.694926
-29.296564,50,71.735547
-24.921022,50,71.772841
-27.28875,50,71.812913
-21.290536,50,71.852523
-25.062583,50,71.892971
-19.841316,50,71.933573
-27.973747,50,71.970253
-23.873103,50,72.01049
-24.228091,50,72.050694
-22.2062,50,72.092823
-28.328298,50,72.133581
-18.959368,50,72.171724
-26.160519,50,72.211354
-19.189407,50,72.249484
-22.986301,50,72.28841
-16.775221,50,72.330745
-15.22775,50,72.366222
-32.004518,50,73.047958
-21.785988,50,73.082677
-20.563126,50,73.120681
-21.037108,50,73.159916
-15.255053,50,73.201392
-22.85465,50,73.241665
-23.840812,50,73.283568
-21.960659,50,73.322397
-23.566626,50,73.361785
-26.814699,50,73.403799
-20.638617,50,73.440032
-20.26879,50,73.485521
-16.978868,50,73.526516
-29.52334,50,73.561918
-15.247103,50,73.602816
-29.629329,50,73.64553
-25.593607,50,73.686622
-15.257123,50,73.724926
-21.6645,50,73.765265
-16.887424,50,73.803871
-23.633361,50,73.844163
-21.131504,50,73.884439
-23.313659,50,73.921829
-25.668414,50,73.959422
-27.262983,50,73.985546
-18.372976,50,74.025982
-16.808422,50,74.068517
-21.060094,50,74.107646
-24.381535,50,74.14766
-35.052554,50,74.185862
-29.719025,50,74.224252
-18.357022,50,74.262529
-21.484247,50,74.302498
-32.114707,50,74.340275
-27.228419,50,74.37939
-20.59914,50,74.419644
-17.04099,50,74.455449
-17.03749,50,74.498268
-27.883002,50,74.540478
-19.002119,50,74.58068
-36.439258,50,74.620733
-23.666434,50,75.312927
-24.583798,50,75.349892
-30.834499,50,75.388828
-25.758552,50,75.429598
-18.694336,50,75.468182
-26.137672,50,75.510287
-23.625192,50,75.550516
-27.028401,50,75.589123
-17.904895,50,75.631092
-18.417376,50,75.669651
-31.383156,50,75.710207
-22.921056,50,75.751772
-31.320964,50,75.794395
-20.296727,50,75.835654
-29.4806,50,75.874782
-15.14206,50,75.913008
-19.864407,50,75.953704
-31.772795,50,75.993298
-30.563034,50,76.029745
-25.622874,50,76.068375
-14.186932,50,76.110573
-21.817643,50,76.14831
-19.187653,50,76.189372
-20.649568,50,76.230749
-21.102371,50,76.268801
-25.389573,50,76.309166
-18.591639,50,76.350068
-18.653035,50,76.390399
-19.409296,50,76.429496
-23.660391,50,76.469337
-15.91895,50,76.507038
-19.906554,50,76.551489
-15.447988,50,76.589344
-29.555168,50,76.630446
-25.065133,50,76.667862
-18.721756,50,76.708125
-19.934096,50,76.748825
-20.507533,50,76.786686
-26.638137,50,76.824901
-17.836083,50,76.865106
-22.829409,50,76.904787
-25.302719,50,77.558505
-27.80914,50,77.597672
-20.731306,50,77.638931
-20.652179,50,77.677206
-16.313863,50,77.715029
-14.691545,50,77.755502
-17.237671,50,77.793308
-20.659248,50,77.831509
-31.438761,50,77.871678
-27.797954,50,77.911607
-27.010165,50,77.949667
-22.663106,50,77.992013
-33.728868,50,78.031854
-25.348911,50,78.072089
-21.508808,50,78.11215
-27.443822,50,78.149575
-19.920525,50,78.1877
-32.379457,50,78.227997
-23.177909,50,78.26625
-23.540783,50,78.30515
-25.106209,50,78.343414
-21.270975,50,78.38086
-17.679911,50,78.420524
-20.432755,50,78.459895
-20.162581,50,78.499418
-26.157082,50,78.535879
-27.953839,50,78.574576
-26.870354,50,78.616754
-25.668117,50,78.653684
-26.211765,50,78.696351
-18.139389,50,78.735837
-25.826151,50,78.772675
-29.478337,50,78.813764
-24.495134,50,78.852822
-17.948889,50,78.895448
-20.930748,50,78.937734
-25.637079,50,78.977875
-27.105504,50,79.015616
-25.139472,50,79.056155
-31.415181,50,79.097733
-15.475372,50,79.135737
-17.998957,50,79.871501
-16.663338,50,79.908721
-25.908534,50,79.945512
-15.556795,50,79.986634
-21.668658,50,80.028745
-16.198607,50,80.071997
-21.122771,50,80.114571
-24.724058,50,80.152901
-14.95034,50,80.192873
-29.619135,50,80.231114
-24.358913,50,80.271424
-17.927491,50,80.310585
-30.854432,50,80.341302
-27.119636,50,80.38531
-21.499258,50,80.424859
-15.902317,50,80.464242
-22.727547,50,80.495829
-17.536468,50,80.525602
-29.114992,50,80.564815
-25.121633,50,80.605303
-21.767586,50,80.644346
-17.625784,50,80.684275
-30.413953,50,80.723639
-23.886635,50,80.762496
-25.275287,50,80.801264
-23.894069,50,80.840599
-24.528035,50,80.880361
-19.806057,50,80.921011
-17.339805,50,80.962208
-22.824296,50,80.998211
-20.013758,50,81.038874
-28.33657,50,81.078709
-20.614347,50,81.115796
-18.898947,50,81.155695
-33.494153,50,81.193716
-21.611693,50,81.233511
-19.782246,50,81.273637
-20.385159,50,81.313151
-16.449806,50,81.35076
-22.822103,50,81.391275
-19.601672,50,81.429463
-28.892232,50,82.202257
-24.297877,50,82.237707
-28.349865,50,82.279715
-20.512551,50,82.320313
-32.912209,50,82.360347
-15.379524,50,82.399004
-24.382415,50,82.440456
-18.10642,50,82.48016
-27.1248,50,82.517673
-15.560791,50,82.560433
-23.700788,50,82.598913
-22.270624,50,82.638444
-21.010356,50,82.678355
-19.681638,50,82.719754
-17.708249,50,82.759256
-19.01661,50,82.79909
-22.114407,50,82.839578
-24.538029,50,82.877723
-17.486989,50,82.920638
-15.976282,50,82.960526
-24.413341,50,82.999439
-32.973351,50,83.039379
-25.049979,50,83.080525
-28.66752,50,83.118423
-27.241745,50,83.15883
-26.389162,50,83.199364
-12.958587,50,83.241679
-18.995388,50,83.280554
-22.227936,50,83.322928
-16.415375,50,83.360641
-31.315915,50,83.399607
-17.58508,50,83.43954
-14.559133,50,83.480317
-25.317625,50,83.51913
-15.040814,50,83.560027
-28.99778,50,83.598928
-28.969366,50,83.638702
-26.206891,50,83.679676
-21.432699,50,83.716487
-28.285528,50,83.74689
-16.826864,50,83.779643
-19.200216,50,84.509175
-24.947537,50,84.551051
-23.021315,50,84.589167
-22.500726,50,84.629874
-28.534949,50,84.672508
-23.586867,50,84.714619
-24.525659,50,84.755372
-20.34913,50,84.796762
-16.295726,50,84.837281
-17.108883,50,84.877661
-25.798667,50,84.916987
-23.355563,50,84.958614
-23.126389,50,85.000387
-15.538166,50,85.034668
-18.086466,50,85.074788
-26.779607,50,85.114177
-25.023279,50,85.155358
-26.458086,50,85.193626
-24.061804,50,85.231171
-19.080866,50,85.273438
-26.458315,50,85.313617
-28.117199,50,85.353456
-16.867543,50,85.392118
-18.43319,50,85.434037
-25.232091,50,85.472086
-20.120311,50,85.514074
-24.289211,50,85.553398
-22.342012,50,85.595471
-29.239773,50,85.634296
-14.349157,50,85.670587
-16.572064,50,85.710615
-22.203818,50,85.748211
-27.721795,50,85.782132
-31.521943,50,85.822423
-17.078364,50,85.861274
-18.463321,50,85.902855
-21.430597,50,85.937111
-16.763452,50,85.976476
-12.460117,50,86.013805
-22.861805,50,86.055741
-15.333452,50,86.097881
-18.536867,50,87.075444
-17.233643,50,87.116455
-24.96708,50,87.155689
-21.223281,50,87.197672
-24.733676,50,87.237905
-24.043362,50,87.2781
-14.643063,50,87.319506
-32.249157,50,87.359133
-28.531803,50,87.39709
-26.636569,50,87.437001
-25.650882,50,87.479884
-17.756246,50,87.519652
-15.485181,50,87.563454
-24.065053,50,87.601032
-18.667694,50,87.643992
-15.148647,50,87.681762
-14.711832,50,87.722547
-26.677527,50,87.763262
-26.527902,50,87.802729
-17.463761,50,87.842929
-25.097876,50,87.882736
-26.905125,50,87.921408
-27.721914,50,87.962558
-23.263856,50,88.000307
-20.620843,50,88.040876
-27.627805,50,88.081233
-21.684119,50,88.120671
-22.244926,50,88.163584
-28.524387,50,88.201757
-20.799374,50,88.241919
-26.417434,50,88.277393
-25.674796,50,88.316968
-25.314072,50,88.35578
-23.244042,50,88.397475
-19.060937,50,88.436376
-18.853089,50,88.4756
-13.044429,50,88.51797
-21.826174,50,88.557183
-19.213193,50,88.595938
-26.121948,50,88.636652
-25.540694,50,88.675706
-20.973022,50,89.480973
-15.2327,50,89.51934
-16.878084,50,89.55844
-26.710386,50,89.596457
-29.943332,50,89.634334
-26.722615,50,89.678052
-27.194574,50,89.718489
-29.706071,50,89.759739
-29.965311,50,89.802365
-15.066873,50,89.843268
-22.571353,50,89.884478
-17.710513,50,89.922962
-20.900653,50,89.96481
-33.507264,50,90.00406
-18.417177,50,90.045611
-27.094442,50,90.086571
-17.823804,50,90.125439
-24.728081,50,90.163491
-20.819221,50,90.203561
-17.741322,50,90.243173
-30.225246,50,90.281742
-27.912681,50,90.31948
-17.354024,50,90.361203
-23.644924,50,90.399637
-19.47772,50,90.439293
-14.883319,50,90.4746
-30.083882,50,90.513325
-27.28873,50,90.552558
-14.047509,50,90.594653
-18.956582,50,90.635349
-16.134212,50,90.672543
-18.784193,50,90.713552
-16.741719,50,90.750611
-21.394193,50,90.788653
-14.956018,50,90.828515
-20.227622,50,90.869291
-24.582954,50,90.902848
-21.413371,50,90.942842
-28.041489,50,90.979498
-20.052929,50,91.020022
-24.776669,50,91.05921
-30.827129,50,91.854843
-20.847988,50,91.894356
-18.284751,50,91.933747
-27.414334,50,91.974977
-31.329019,50,92.011386
-12.354372,50,92.048769
-27.270236,50,92.090901
-25.552059,50,92.130322
-18.604393,50,92.170196
-20.212035,50,92.210239
-24.709681,50,92.252388
-13.649284,50,92.294173
-22.549038,50,92.335823
-15.13766,50,92.377755
-23.965882,50,92.417698
-20.982951,50,92.457135
-18.292883,50,92.498421
-27.158853,50,92.538554
-32.562879,50,92.579175
-14.002552,50,92.617188
-25.673975,50,92.655876
-13.685242,50,92.697847
-26.354905,50,92.737702
-26.47108,50,92.774617
-29.44143,50,92.811244
-19.119296,50,92.851434
-22.341054,50,92.891239
-13.480557,50,92.934206
-18.926852,50,92.973848
-17.26867,50,93.008802
-22.713436,50,93.048685
-16.554099,50,93.089262
-22.14969,50,93.129754
-25.856209,50,93.170974
-15.454032,50,93.209244
-29.836212,50,93.247403
-21.638443,50,93.288543
-21.965222,50,93.327709
-20.194274,50,93.367532
-26.568631,50,93.406412
-30.073178,50,93.446043
-24.282407,50,94.149948
-27.232926,50,94.188384
-28.906016,50,94.231561
-29.508851,50,94.267442
-16.230846,50,94.309298
-17.641966,50,94.347044
-13.017536,50,94.390366
-20.487861,50,94.427558
-17.169094,50,94.469206
-26.456257,50,94.510509
-31.449873,50,94.552219
-17.897692,50,94.590772
-23.009789,50,94.629286
-17.167018,50,94.671381
-25.549326,50,94.711507
-26.472955,50,94.755067
-30.676218,50,94.793278
-19.396833,50,94.832021
-18.314299,50,94.873417
-15.741369,50,94.910872
-21.938454,50,94.950939
-29.67861,50,94.991642
-25.179748,50,95.028827
-17.795073,50,95.06944
-22.025113,50,95.108792
-22.535298,50,95.147101
-29.368149,50,95.185824
-13.711675,50,95.223068
-26.271121,50,95.264123
-15.014345,50,95.304626
-23.824843,50,95.346588
-21.448437,50,95.38771
-22.965793,50,95.429087
-22.879084,50,95.468125
-26.271703,50,95.509313
-22.80408,50,95.548303
-23.592908,50,95.589114
-27.247256,50,95.628763
-15.925229,50,95.668593
-23.154282,50,95.709917
-18.379699,50,95.746752
-23.634033,50,96.470178
-20.324196,50,96.510447
-27.589829,50,96.551285
-17.24465,50,96.593504
-27.263596,50,96.632232
-12.839279,50,96.674283
-28.236556,50,96.714088
-25.045088,50,96.75368
-17.543642,50,96.794938
-16.987594,50,96.831661
-25.91108,50,96.872765
-17.957539,50,96.909382
-28.029001,50,96.949882
-21.46642,50,96.992728
-25.124273,50,97.033599
-16.720584,50,97.072677
-12.434938,50,97.111366
-19.261105,50,97.152097
-23.341767,50,97.190881
-19.151682,50,97.228743
-17.161951,50,97.269716
-18.103217,50,97.307937
-21.198312,50,97.344766
-13.687113,50,97.382926
-23.743323,50,97.422232
-26.053985,50,97.461726
-22.094195,50,97.501973
-17.053554,50,97.541604
-21.055685,50,97.581333
-23.944771,50,97.621444
-17.163126,50,97.660496
-14.694551,50,97.699117
-20.471721,50,97.73816
-18.830709,50,97.775899
-23.792617,50,97.815414
-14.244067,50,97.857439
-12.720918,50,97.896952
-18.675246,50,97.937548
-23.665647,50,97.976989
-21.734579,50,98.01573
-24.701951,50,98.057287
-21.711972,50,98.692178
-27.155267,50,98.732818
-23.665057,50,98.773681
-26.167868,50,98.813334
-32.411784,50,98.852374
-24.950359,50,98.893658
-16.4736,50,98.937675
-25.194804,50,98.976185
-30.120904,50,99.016773
-16.617034,50,99.054645
-20.494643,50,99.096156
-25.456552,50,99.133376
-18.921237,50,99.171255
-25.93453,50,99.211888
-31.70205,50,99.252253
-23.854537,50,99.293354
-15.852853,50,99.332634
-19.218311,50,99.37741
-25.804782,50,99.414327
-17.563627,50,99.455723
-27.13029,50,99.492817
-27.882776,50,99.532744
-26.197069,50,99.572716
-22.322029,50,99.613329
-12.20366,50,99.651224
-31.605997,50,99.692437
-16.083019,50,99.730333
-20.885372,50,99.769057
-20.958612,50,99.807371
-17.446443,50,99.848145
-15.428406,50,99.886658
-23.293837,50,99.928621
-30.977178,50,99.965829
-21.257799,50,100.004306
-19.740469,50,100.041963
-17.211554,50,100.080513
-26.171055,50,100.120001
-26.530227,50,100.157613
-24.400351,50,100.196625
-20.308953,50,100.238092
-29.286151,50,100.27767
-24.798891,50,100.844466
-15.160222,50,100.885391
-15.525004,50,100.923818
-15.026068,50,100.963158
-24.518737,50,101.001151
-25.161905,50,101.042414
-19.215139,50,101.078308
-23.290907,50,101.09992
-27.827773,50,101.140469
-21.920631,50,101.178584
-25.041551,50,101.218878
-16.049148,50,101.259535
-15.316879,50,101.299739
-14.066139,50,101.338603
-17.27413,50,101.381822
-24.408578,50,101.420769
-19.752429,50,101.463012
-22.207118,50,101.503193
-23.458944,50,101.546042
-19.330093,50,101.586111
-28.668238,50,101.624374
-19.061946,50,101.662892
-18.116416,50,101.700836
-28.493593,50,101.740298
-23.045207,50,101.778599
-20.817711,50,101.817426
-20.530152,50,101.857097
-26.271923,50,101.895602
-23.794302,50,101.934656
-23.877183,50,101.975057
-22.261015,50,102.013789
-27.357155,50,102.054675
-21.430829,50,102.095586
-25.843007,50,102.134556
-24.550827,50,102.176775
-22.385772,50,102.214472
-19.555215,50,102.256235
-26.104145,50,102.296906
-16.213122,50,102.334544
-25.060605,50,102.37628
-12.894689,50,102.416651
-15.888661,50,103.199614
-15.221033,50,103.240085
-17.725621,50,103.27885
-26.342373,50,103.32179
-24.107118,50,103.360724
-28.779984,50,103.40164
-23.325359,50,103.443366
-13.182381,50,103.482182
-26.583768,50,103.521501
-25.565142,50,103.5602
-20.100489,50,103.597832
-31.083084,50,103.641841
-23.842195,50,103.682203
-29.70063,50,103.720407
-21.34997,50,103.761713
-12.668248,50,103.802686
-26.41673,50,103.840269
-15.868463,50,103.879744
-19.943803,50,103.920816
-20.384726,50,103.957622
-27.946819,50,103.997504
-20.820726,50,104.036836
-22.035146,50,104.078387
-13.637749,50,104.117616
-12.015496,50,104.15779
-21.286953,50,104.196544
-18.052143,50,104.237829
-17.537118,50,104.277689
-29.957162,50,104.316809
-23.814183,50,104.35717
-28.641802,50,104.396498
-27.633172,50,104.437819
-27.537909,50,104.478878
-15.326209,50,104.519307
-20.125927,50,104.554797
-25.74888,50,104.599509
-14.029654,50,104.638862
-24.565838,50,104.679988
-28.462956,50,104.723074
-15.492184,50,104.763591
-28.123026,50,104.803193
-23.115058,50,105.758098
-19.926234,50,105.800398
-24.386927,50,105.845644
-10.152461,50,105.886788
-21.272472,50,105.92683
-19.776674,50,105.9671
-28.225446,50,106.010208
-24.426068,50,106.05132
-21.807808,50,106.092097
-18.880762,50,106.133345
-17.159086,50,106.17186
-20.892506,50,106.212976
-16.55319,50,106.252921
-29.872028,50,106.291632
-22.433103,50,106.333598
-18.362056,50,106.377115
-24.566101,50,106.416805
-24.621333,50,106.454826
-25.308299,50,106.494552
-17.668651,50,106.533422
-29.473585,50,106.573573
-11.287486,50,106.609776
-16.553252,50,106.646204
-24.485556,50,106.686892
-18.369509,50,106.725432
-17.389944,50,106.765857
-22.01363,50,106.803689
-21.273201,50,106.843833
-22.390276,50,106.884878
-19.019081,50,106.922824
-17.862705,50,106.962749
-17.096771,50,107.003492
-29.190592,50,107.045134
-20.190956,50,107.085211
-15.193891,50,107.124105
-18.176951,50,107.161663
-26.091415,50,107.203906
-23.445999,50,107.242842
-22.997641,50,107.284013
-28.564337,50,107.32283
-24.30953,50,107.363104
-23.086793,50,108.029495
-25.472405,50,108.067495
-23.831407,50,108.108391
-17.047162,50,108.147489
-26.211095,50,108.184253
-27.020963,50,108.227092
-15.45607,50,108.271028
-19.537259,50,108.31373
-23.561596,50,108.356192
-11.021867,50,108.398837
-19.250349,50,108.43851
-12.782619,50,108.474896
-13.358691,50,108.515775
-24.437684,50,108.556974
-14.622913,50,108.596488
-25.78874,50,108.63403
-31.153686,50,108.674117
-23.86794,50,108.714782
-26.539874,50,108.752704
-21.963223,50,108.793115
-21.765801,50,108.829861
-25.76251,50,108.867714
-26.633213,50,108.906977
-25.423787,50,108.943959
-21.291569,50,108.982963
-18.68497,50,109.024669
-22.282125,50,109.065222
-24.751264,50,109.105627
-20.819089,50,109.144412
-14.016721,50,109.183686
-18.220756,50,109.226658
-22.453965,50,109.266663
-20.796197,50,109.306306
-12.294999,50,109.345336
-17.956837,50,109.38337
-20.077829,50,109.424114
-22.332514,50,109.465864
-22.780985,50,109.504961
-19.557068,50,109.546825
-14.465916,50,109.586629
-28.925449,50,109.624692
-26.871786,50,110.307366
-25.134211,50,110.346374
-18.440966,50,110.386337
-15.811925,50,110.424254
-27.344963,50,110.463667
-23.38116,50,110.505605
-17.342933,50,110.547299
-21.505845,50,110.587265
-20.415559,50,110.624541
-29.081371,50,110.664474
-24.961209,50,110.705197
-20.291746,50,110.745677
-16.136769,50,110.785168
-28.53513,50,110.810502
-21.969605,50,110.85574
-27.023627,50,110.896544
-27.03245,50,110.937089
-25.386678,50,110.979227
-19.432356,50,111.01623
-19.629929,50,111.054332
-15.295922,50,111.093687
-17.759229,50,111.13305
-29.240214,50,111.17124
-18.214689,50,111.211391
-14.631031,50,111.25042
-16.380103,50,111.290373
-16.015318,50,111.329812
-25.387472,50,111.371317
-24.600651,50,111.409203
-20.129361,50,111.44681
-23.195409,50,111.487109
-26.461292,50,111.526409
-18.668921,50,111.568525
-16.307759,50,111.604877
-17.661183,50,111.643151
-13.997087,50,111.681634
-19.483946,50,111.719268
-18.358358,50,111.756464
-20.390967,50,111.795854
-24.111972,50,111.83515
-20.086902,50,111.874764
-16.375881,50,112.502756
-11.856704,50,112.532782
-28.710343,50,112.57678
-26.684094,50,112.618536
-23.647554,50,112.656421
-22.349283,50,112.698087
-13.655067,50,112.735963
-27.177624,50,112.775943
-14.803719,50,112.818376
-22.838731,50,112.860288
-18.253409,50,112.898614
-26.894312,50,112.936595
-16.307808,50,112.97677
-17.500988,50,113.017242
-16.694296,50,113.059522
-14.321132,50,113.100861
-18.471792,50,113.137578
-20.22774,50,113.178356
-14.732282,50,113.219785
-23.923591,50,113.258413
-20.422753,50,113.299314
-30.610016,50,113.340719
-20.794694,50,113.381945
-29.356542,50,113.419679
-15.952569,50,113.460349
-28.008071,50,113.499183
-20.530714,50,113.538563
-15.423068,50,113.576795
-12.541606,50,113.615833
-14.813974,50,113.655433
-16.45171,50,113.693462
-23.421651,50,113.733433
-17.50823,50,113.772357
-17.320816,50,113.812464
-21.012654,50,113.850798
-22.096435,50,113.890556
-27.865678,50,113.931379
-18.256124,50,113.970609
-18.529964,50,114.009889
-10.279252,50,114.051691
-16.680601,50,114.093628
-12.667156,50,114.823102
-14.172248,50,114.861223
-26.099395,50,114.904005
-18.639841,50,114.943518
-26.2026,50,114.981696
-24.434982,50,115.021796
-26.426506,50,115.057811
-26.807585,50,115.098188
-21.682016,50,115.138061
-18.073411,50,115.178228
-24.933426,50,115.217718
-18.886301,50,115.257104
-16.763791,50,115.299559
-23.827995,50,115.339384
-13.473384,50,115.380893
-17.216134,50,115.420786
-11.351922,50,115.459441
-11.458197,50,115.499263
-26.509219,50,115.541757
-25.88295,50,115.58189
-26.794725,50,115.618272
-24.441618,50,115.66017
-18.226753,50,115.69964
-13.635478,50,115.730645
-25.198332,50,115.772563
-22.521827,50,115.813279
-29.470042,50,115.85117
-18.222497,50,115.890736
-25.732865,50,115.930594
-25.799903,50,115.967173
-26.720584,50,116.008538
-21.863279,50,116.045411
-23.107542,50,116.086439
-27.977373,50,116.127795
-19.79421,50,116.167098
-26.854969,50,116.210934
-26.548391,50,116.247672
-17.633034,50,116.290569
-19.086959,50,116.328782
-15.456584,50,116.367472
-20.559177,50,116.407321
-10.384394,50,117.099525
-28.486667,50,117.140131
-21.771685,50,117.177686
-25.505592,50,117.219357
-18.383407,50,117.260466
-18.167171,50,117.301484
-25.238033,50,117.340399
-25.746753,50,117.383242
-21.36101,50,117.420684
-21.196869,50,117.46104
-19.750758,50,117.502213
-22.726897,50,117.538831
-10.525705,50,117.580099
-19.786489,50,117.619561
-20.049867,50,117.661371
-27.887533,50,117.703031
-23.837069,50,117.745044
-19.499302,50,117.785842
-26.931348,50,117.823512
-23.48467,50,117.865766
-13.80036,50,117.905399
-20.889028,50,117.94515
-23.124463,50,117.984371
-18.288772,50,118.027341
-25.702838,50,118.070072
-24.345299,50,118.108835
-28.808504,50,118.148356
-23.738639,50,118.187727
-17.611605,50,118.230375
-17.002237,50,118.268714
-22.023857,50,118.30772
-25.935294,50,118.349462
-20.482392,50,118.374644
-18.317772,50,118.41463
-21.713746,50,118.45155
-21.320514,50,118.490752
-11.250006,50,118.530677
-24.201761,50,118.574499
-27.905282,50,118.613612
-18.074969,50,118.652516
-20.272082,50,119.544379
-23.045603,50,119.581747
-19.23197,50,119.621816
-25.51782,50,119.663019
-10.54322,50,119.705375
-19.71225,50,119.740822
-14.535898,50,119.778681
-24.352078,50,119.815724
-10.721794,50,119.853464
-17.659782,50,119.89282
-26.782475,50,119.929744
-24.316813,50,119.971399
-14.640574,50,120.0084
-15.663729,50,120.047877
-19.764741,50,120.088851
-25.508802,50,120.127426
-25.387253,50,120.16672
-12.084847,50,120.207551
-23.102559,50,120.247281
-16.410912,50,120.287256
-26.072935,50,120.324856
-21.15269,50,120.366127
-27.19479,50,120.40649
-20.105095,50,120.445975
-25.566625,50,120.48631
-11.751571,50,120.526232
-29.743579,50,120.567547
-16.746232,50,120.604444
-21.784873,50,120.646188
-15.189187,50,120.686481
-12.680744,50,120.723841
-9.926741,50,120.764499
-26.984042,50,120.803659
-25.094225,50,120.843724
-18.388289,50,120.886073
-18.582014,50,120.926729
-20.341783,50,120.962261
-18.311041,50,121.003519
-11.806162,50,121.04213
-29.021979,50,121.084556
-23.549843,50,121.125586
-30.414755,50,122.060521
-11.913785,50,122.100383
-13.951013,50,122.139391
-25.821665,50,122.180413
-21.113627,50,122.219525
-10.20146,50,122.261441
-16.191077,50,122.301511
-25.023291,50,122.341208
-24.445195,50,122.380103
-22.677251,50,122.417579
-19.898648,50,122.458892
-22.196375,50,122.50162
-11.363423,50,122.541397
-20.026523,50,122.584317
-28.29206,50,122.623758
-14.705196,50,122.660716
-25.333608,50,122.693168
-15.629872,50,122.734409
-15.022787,50,122.775795
-22.346434,50,122.813718
-13.314261,50,122.853436
-24.777886,50,122.891387
-26.683542,50,122.930353
-16.840553,50,122.969507
-24.780777,50,123.007117
-23.535061,50,123.04946
-22.513996,50,123.08572
-14.994942,50,123.127236
-25.5134,50,123.165793
-25.359442,50,123.204498
-9.359839,50,123.242103
-21.907692,50,123.280424
-22.037532,50,123.32035
-22.532948,50,123.360677
-17.157277,50,123.398904
-22.542799,50,123.440358
-26.962013,50,123.479878
-12.066581,50,123.519402
-15.393884,50,123.561615
-17.036909,50,123.598173
-21.091848,50,123.637611
-12.940276,50,124.585861
-23.312875,50,124.625274
-18.912241,50,124.663519
-16.55929,50,124.708673
-21.061838,50,124.748071
-26.255569,50,124.789618
-20.681797,50,124.827905
-14.173769,50,124.86956
-13.341509,50,124.910116
-15.327199,50,124.946522
-23.404011,50,124.986196
-13.816281,50,125.026418
-18.121265,50,125.066819
-16.960849,50,125.102447
-19.246369,50,125.14334
-9.996491,50,125.181503
-22.687465,50,125.217255
-17.601443,50,125.258224
-16.585383,50,125.297798
-23.534972,50,125.339305
-21.595825,50,125.37428
-14.340651,50,125.411957
-21.130996,50,125.450202
-30.301125,50,125.488641
-22.775669,50,125.52875
-20.078433,50,125.569849
-20.685834,50,125.608691
-14.014716,50,125.646412
-25.777005,50,125.683918
-12.642718,50,125.721519
-14.773483,50,125.762099
-16.907141,50,125.797573
-12.998931,50,125.836318
-19.679549,50,125.875585
-15.754839,50,125.917005
-15.841192,50,125.957283
-24.919571,50,125.994788
-18.4245,50,126.035111
-19.147218,50,126.071642
-14.710596,50,126.116507
-26.334329,50,126.158022
-26.397721,50,126.804026
-20.252477,50,126.844259
-22.121169,50,126.883192
-22.211219,50,126.92237
-26.076728,50,126.959713
-14.724047,50,126.999277
-18.965918,50,127.038508
-19.253874,50,127.075706
-18.569572,50,127.114991
-28.527235,50,127.157143
-9.383526,50,127.194915
-18.296822,50,127.233369
-21.829728,50,127.274566
-11.782361,50,127.313679
-23.185895,50,127.353275
-21.1547,50,127.394971
-19.618772,50,127.435842
-23.612317,50,127.47424
-15.260856,50,127.513507
-12.032451,50,127.552315
-11.330151,50,127.592678
-24.296259,50,127.63231
-15.336074,50,127.670432
-13.033624,50,127.711108
-16.602582,50,127.750565
-27.536931,50,127.793016
-26.146869,50,127.830934
-26.864793,50,127.871239
-14.091873,50,127.912379
-25.16785,50,127.947356
-16.698429,50,127.988734
-23.866415,50,128.025664
-17.707041,50,128.067949
-14.984882,50,128.106624
-14.640584,50,128.142597
-20.957773,50,128.185234
-13.727077,50,128.222451
-21.814525,50,128.259859
-26.279281,50,128.30052
-20.420999,50,128.339255
-27.400767,50,128.375378
-21.340147,50,129.183274
-14.979984,50,129.222942
-25.739471,50,129.264858
-18.175464,50,129.303327
-21.691706,50,129.341713
-19.937804,50,129.381346
-19.722313,50,129.418706
-26.00286,50,129.45886
-25.737772,50,129.497659
-15.104202,50,129.53752
-24.80173,50,129.577173
-21.137524,50,129.616525
-13.533756,50,129.656907
-14.080568,50,129.696612
-12.824572,50,129.73842
-18.035964,50,129.77738
-28.171701,50,129.812876
-17.335845,50,129.850642
-23.276343,50,129.892688
-14.497799,50,129.931695
-12.488278,50,129.974024
-13.969364,50,130.009698
-18.797042,50,130.050822
-13.144461,50,130.089324
-17.416604,50,130.126062
-15.961095,50,130.163739
-26.013802,50,130.204119
-25.680416,50,130.242023
-23.196793,50,130.283577
-18.430005,50,130.322905
-24.853923,50,130.359736
-20.810262,50,130.398372
-26.246586,50,130.439717
-16.86823,50,130.480627
-13.708694,50,130.519378
-26.145794,50,130.560706
-21.57341,50,130.602264
-20.458407,50,130.641759
-11.369438,50,130.682166
-28.852803,50,130.722582
-22.992419,50,130.76548
-23.667431,50,131.339581
-13.519588,50,131.367572
-23.844656,50,131.405228
-13.327229,50,131.444852
-18.065727,50,131.485988
-17.520877,50,131.525584
-23.044559,50,131.563829
-17.406723,50,131.604543
-23.96422,50,131.643354
-14.287302,50,131.682098
-23.568103,50,131.718036
-22.967827,50,131.758436
-21.72381,50,131.797672
-21.601042,50,131.837249
-21.804342,50,131.877123
-22.785438,50,131.918247
-21.482451,50,131.955446
-15.41212,50,131.996058
-25.884877,50,132.033793
-16.196119,50,132.073561
-15.29828,50,132.115331
-25.382299,50,132.151888
-14.154321,50,132.189467
-11.881474,50,132.229553
-18.588254,50,132.268835
-18.192431,50,132.305827
-14.794355,50,132.348654
-13.521276,50,132.387291
-12.992082,50,132.425527
-22.744293,50,132.465362
-15.001373,50,132.505522
-28.178159,50,132.545594
-23.703216,50,132.586419
-24.413923,50,132.623677
-20.915107,50,132.663837
-14.786942,50,132.705795
-18.815578,50,132.743994
-23.949755,50,132.782821
-17.787591,50,132.822665
-13.186645,50,132.862631
-21.591295,50,132.901771
-23.848446,50,133.603715
-17.522986,50,133.639668
-25.039868,50,133.683872
-12.542838,50,133.719449
-25.906696,50,133.760652
-19.4193,50,133.797271
-16.036628,50,133.839104
-13.274774,50,133.876634
-20.808973,50,133.912494
-24.154873,50,133.95539
-11.466123,50,133.993681
-22.304923,50,134.034507
-16.91565,50,134.075688
-21.505345,50,134.118214
-23.433916,50,134.158503
-16.686271,50,134.196392
-26.971929,50,134.236932
-18.797548,50,134.276774
-12.906951,50,134.317443
-20.652428,50,134.357001
-26.758827,50,134.395778
-20.992533,50,134.437674
-22.53785,50,134.475521
-15.678519,50,134.513385
-23.593435,50,134.55462
-13.166724,50,134.591586
-22.997313,50,134.631153
-13.555707,50,134.669816
-15.830352,50,134.708103
-13.794783,50,134.745809
-24.446993,50,134.785114
-22.982237,50,134.824354
-22.766904,50,134.863507
-21.324768,50,134.903831
-25.691935,50,134.943355
-26.261814,50,134.984521
-23.15674,50,135.023915
-21.727018,50,135.063365
-20.349683,50,135.102638
-25.915147,50,135.142997
-22.304504,50,135.177867
-24.94755,50,135.971895
-25.857966,50,136.009669
-19.195734,50,136.050415
-15.00262,50,136.089028
-15.885638,50,136.132677
-20.876929,50,136.176095
-23.179031,50,136.215432
-23.653772,50,136.256226
-21.639958,50,136.296779
-24.307826,50,136.338457
-12.746,50,136.378427
-12.31723,50,136.416371
-15.485287,50,136.456473
-15.374425,50,136.500455
-13.43497,50,136.541081
-25.879303,50,136.581366
-11.389936,50,136.618814
-20.868521,50,136.659158
-18.803129,50,136.697127
-25.168866,50,136.738229
-16.655677,50,136.779463
-24.507266,50,136.820598
-17.204752,50,136.859214
-17.589921,50,136.897733
-20.691472,50,136.93617
-14.606519,50,136.97601
-20.474151,50,137.013409
-28.185596,50,137.053062
-14.860803,50,137.092414
-17.745481,50,137.13088
-21.469297,50,137.172162
-19.050526,50,137.209975
-13.341905,50,137.253207
-23.086302,50,137.289175
-16.512392,50,137.331984
-15.505022,50,137.369538
-25.449914,50,137.407763
-11.838579,50,137.44734
-11.588101,50,137.485818
-20.103199,50,137.525501
-14.185955,50,137.567629
-19.799744,50,138.303475
-27.014227,50,138.342333
-16.642184,50,138.380221
-13.633526,50,138.418068
-18.632476,50,138.458055
-23.338545,50,138.498715
-16.40241,50,138.538257
-14.713274,50,138.57662
-19.185703,50,138.617718
-14.861581,50,138.65584
-25.78344,50,138.697286
-18.524606,50,138.737998
-20.386641,50,138.776337
-23.717152,50,138.815152
-22.545955,50,138.853005
-16.848962,50,138.889786
-15.081725,50,138.928275
-21.632498,50,138.970619
-20.349169,50,139.009885
-18.17428,50,139.052407
-18.408262,50,139.089334
-16.010171,50,139.132914
-22.41368,50,139.173455
-21.084259,50,139.2112
-14.013501,50,139.251552
-12.08492,50,139.291226
-12.751418,50,139.32929
-8.879287,50,139.371259
-22.811314,50,139.410705
-19.403486,50,139.450539
-10.55054,50,139.490294
-15.031818,50,139.530415
-11.430187,50,139.56995
-24.709938,50,139.611227
-11.532311,50,139.65373
-25.387391,50,139.694756
-17.134366,50,139.733497
-12.9261,50,139.774572
-19.429488,50,139.818761
-18.050816,50,139.858708
-28.274034,50,139.8977
-21.515222,50,140.592105
-12.227856,50,140.629241
-23.555437,50,140.669372
-18.37121,50,140.712497
-18.175504,50,140.749943
-21.358445,50,140.791566
-16.297575,50,140.830409
-23.281729,50,140.87162
-9.214124,50,140.91131
-24.714209,50,140.948218
-22.097187,50,140.990382
-21.327305,50,141.028063
-21.865103,50,141.068286
-20.518304,50,141.110499
-23.464435,50,141.148955
-20.183884,50,141.188825
-27.249542,50,141.2278
-24.428573,50,141.267578
-15.515598,50,141.307286
-22.835392,50,141.343418
-23.526579,50,141.382677
-22.224481,50,141.424569
-13.871514,50,141.463351
-12.998138,50,141.504671
-16.280199,50,141.548561
-27.843376,50,141.587368
-22.796327,50,141.629418
-20.060644,50,141.668729
-14.972815,50,141.710232
-13.115342,50,141.749644
-12.430443,50,141.78963
-24.063401,50,141.832154
-24.408317,50,141.872886
-18.879094,50,141.91082
-18.527287,50,141.953054
-17.588118,50,141.986508
-19.444678,50,142.027724
-20.846325,50,142.068719
-24.167773,50,142.107521
-17.149601,50,142.150226
-11.787088,50,142.190696
-22.553166,50,143.098568
-15.869975,50,143.136375
-18.952051,50,143.176462
-19.683173,50,143.213606
-15.871262,50,143.2547
-25.795919,50,143.297099
-18.735341,50,143.334406
-14.254803,50,143.375546
-19.765333,50,143.414319
-23.343902,50,143.454388
-22.421544,50,143.493163
-20.012931,50,143.53178
-23.738143,50,143.572879
-15.642884,50,143.613471
-26.349027,50,143.654844
-24.18632,50,143.692108
-19.096691,50,143.733368
-25.16299,50,143.772255
-27.005006,50,143.811386
-17.192896,50,143.84868
-18.531805,50,143.892588
-27.414672,50,143.932708
-12.348886,50,143.968684
-7.829447,50,144.008155
-20.549876,50,144.050088
-14.167588,50,144.091419
-23.752209,50,144.130453
-18.157626,50,144.171468
-23.395242,50,144.209707
-18.567632,50,144.253006
-19.868186,50,144.290223
-10.868531,50,144.328115
-24.075011,50,144.368534
-10.595301,50,144.404453
-10.414914,50,144.443677
-15.413171,50,144.486506
-13.751357,50,144.525561
-29.046229,50,144.565353
-13.318207,50,144.607671
-20.417997,50,144.645787
-22.06024,50,144.682396
-27.582325,50,145.504409
-25.917557,50,145.544512
-19.586246,50,145.582737
-20.028107,50,145.62242
-11.391994,50,145.664916
-11.187904,50,145.704618
-26.744589,50,145.744601
-10.975733,50,145.780575
-28.290287,50,145.818496
-20.946847,50,145.858316
-18.430281,50,145.900804
-16.06344,50,145.940152
-13.897204,50,145.97934
-21.150114,50,146.021416
-11.102885,50,146.058626
-26.620227,50,146.099387
-21.914964,50,146.139848
-20.148216,50,146.179275
-11.210145,50,146.217046
-8.070024,50,146.259865
-17.290913,50,146.296378
-21.537403,50,146.337642
-23.426948,50,146.376748
-22.108953,50,146.415726
-21.725476,50,146.457712
-24.950096,50,146.495851
-19.594181,50,146.537824
-14.59936,50,146.579758
-12.566578,50,146.615434
-15.68108,50,146.653329
-24.277757,50,146.692359
-11.265475,50,146.731284
-8.300962,50,146.768451
-19.62418,50,146.808581
-25.769132,50,146.848697
-25.01487,50,146.883372
-10.636598,50,146.922441
-23.36376,50,146.961417
-26.420319,50,147.001032
-12.25721,50,147.041332
-24.156119,50,147.082429
-15.088586,50,147.854318
-16.236394,50,147.893605
-20.490158,50,147.9333
-24.32572,50,147.97579
-9.438801,50,148.013363
-9.638429,50,148.058271
-19.126617,50,148.097319
-18.073938,50,148.136614
-7.795719,50,148.176169
-20.197078,50,148.213638
-23.063497,50,148.254563
-20.288763,50,148.293686
-19.972972,50,148.335588
-16.866973,50,148.375038
-12.291037,50,148.414201
-16.030804,50,148.451884
-28.193411,50,148.491199
-14.025852,50,148.532616
-26.058229,50,148.569677
-17.925041,50,148.611203
-17.373724,50,148.652585
-10.376999,50,148.692649
-20.146322,50,148.73346
-18.40823,50,148.772592
-15.931003,50,148.814744
-21.511624,50,148.855341
-20.214196,50,148.891505
-13.189585,50,148.933768
-23.190441,50,148.971754
-14.844472,50,149.011746
-19.450247,50,149.050354
-17.825028,50,149.093241
-12.950957,50,149.130126
-12.804374,50,149.167384
-19.930857,50,149.204616
-15.704333,50,149.246305
-12.913387,50,149.284703
-19.498423,50,149.322684
-15.834686,50,149.360897
-19.097431,50,149.403472
-20.974452,50,149.440822
-19.81586,50,150.084005
-10.633929,50,150.126811
-24.393909,50,150.168442
-11.617732,50,150.206677
-13.680547,50,150.242829
-24.905799,50,150.284876
-21.432369,50,150.322287
-17.831455,50,150.363489
-8.260699,50,150.401354
-21.124498,50,150.440874
-22.350375,50,150.483105
-19.954571,50,150.521652
-17.012211,50,150.5635
-22.492295,50,150.598588
-15.205229,50,150.639531
-10.376869,50,150.680408
-23.357631,50,150.719903
-12.178832,50,150.76108
-19.525793,50,150.799376
-15.414101,50,150.841073
-18.487243,50,150.878237
-14.484485,50,150.922311
-10.96489,50,150.962069
-17.143615,50,151.001177
-25.826912,50,151.045571
-14.613633,50,151.086559
-13.873547,50,151.126554
-7.377803,50,151.165688
-18.95233,50,151.206539
-18.192564,50,151.244829
-14.887457,50,151.285597
-25.069326,50,151.325758
-18.493808,50,151.365895
-20.539187,50,151.406323
-14.508698,50,151.447459
-21.503754,50,151.486609
-15.691373,50,151.528719
-14.42611,50,151.569629
-17.68449,50,151.609617
-16.996382,50,151.651234
-19.194467,50,151.692574
-22.5888,50,152.29353
-14.875057,50,152.332141
-19.078128,50,152.374353
-21.062845,50,152.413257
-13.99392,50,152.451877
-13.023059,50,152.49297
-22.092897,50,152.530595
-13.16844,50,152.572154
-25.410812,50,152.615339
-21.25401,50,152.652738
-25.540508,50,152.692426
-22.041072,50,152.732855
-24.906811,50,152.774896
-19.411155,50,152.81283
-19.573687,50,152.852869
-17.943269,50,152.892901
-23.6503,50,152.932552
-13.254527,50,152.970493
-21.745631,50,153.011746
-12.66999,50,153.048549
-14.90901,50,153.089315
-26.941137,50,153.125487
-20.552954,50,153.167749
-24.381604,50,153.206354
-18.813011,50,153.246792
-20.037083,50,153.287129
-18.877121,50,153.325705
-11.099358,50,153.363914
-8.80845,50,153.404886
-26.756961,50,153.444846
-9.399702,50,153.485562
-25.1612,50,153.525482
-24.859996,50,153.569466
-20.833221,50,153.610289
-24.135677,50,153.649954
-11.564663,50,153.68818
-17.883987,50,153.724564
-12.880156,50,153.763804
-16.796548,50,153.803969
-22.71271,50,153.843637
-13.178855,50,153.8829
-27.129722,50,154.554756
-23.783732,50,154.595997
-24.809326,50,154.630663
-23.352282,50,154.67224
-23.735075,50,154.71503
-17.478469,50,154.75539
-19.893848,50,154.795351
-24.836718,50,154.837494
-16.4234,50,154.877596
-21.229637,50,154.904963
-17.799085,50,154.936441
-17.725363,50,154.976854
-13.571183,50,155.016435
-12.786947,50,155.058709
-26.781608,50,155.099117
-14.397723,50,155.138587
-18.258843,50,155.178688
-26.275525,50,155.21849
-14.802435,50,155.253834
-23.698295,50,155.292499
-14.250201,50,155.333369
-8.311628,50,155.373392
-22.342091,50,155.413704
-18.876041,50,155.453314
-25.57647,50,155.491882
-26.620009,50,155.528762
-13.407468,50,155.56849
-13.324257,50,155.608639
-20.376104,50,155.647809
-23.249,50,155.686516
-23.901706,50,155.724523
-20.180032,50,155.765716
-18.320343,50,155.803699
-24.073463,50,155.839443
-22.894675,50,155.865082
-14.886037,50,155.906754
-20.300568,50,155.945298
-21.316269,50,155.983579
-17.682739,50,156.026918
-11.695484,50,156.064627
-17.758839,50,156.10125
-10.687623,50,156.872403
-20.394808,50,156.913562
-18.174749,50,156.951391
-19.614771,50,156.990649
-13.883268,50,157.030042
-8.796973,50,157.069437
-16.377341,50,157.104317
-21.454353,50,157.144623
-12.57479,50,157.188581
-8.825153,50,157.224764
-19.063801,50,157.263774
-26.695842,50,157.30433
-10.917106,50,157.335808
-17.959637,50,157.376464
-28.854089,50,157.416883
-21.152148,50,157.457378
-23.182444,50,157.498617
-20.422504,50,157.537647
-25.442415,50,157.577529
-24.97351,50,157.615338
-22.579881,50,157.656383
-22.267033,50,157.696831
-14.319215,50,157.73366
-17.361323,50,157.771399
-22.640042,50,157.805779
-24.012084,50,157.845827
-13.481611,50,157.885643
-22.669097,50,157.924409
-17.133162,50,157.966282
-25.647031,50,158.004695
-18.092128,50,158.033827
-16.58594,50,158.073444
-13.016967,50,158.113814
-24.661796,50,158.151816
-17.372526,50,158.191685
-24.060102,50,158.232014
-23.689395,50,158.271829
-19.075886,50,158.30961
-17.381046,50,158.349604
-8.263673,50,158.392229
-19.753852,50,158.430696
-21.761459,50,159.188206
-25.178707,50,159.228178
-19.041476,50,159.266422
-9.787231,50,159.304758
-9.009995,50,159.343387
-19.914796,50,159.380818
-19.843345,50,159.420254
-21.863921,50,159.459177
-18.409,50,159.498703
-13.396391,50,159.537307
-22.854907,50,159.578765
-14.546982,50,159.616556
-13.937862,50,159.654524
-14.961853,50,159.697497
-27.840769,50,159.734562
-19.696416,50,159.777071
-26.508987,50,159.816355
-16.571303,50,159.855606
-16.172917,50,159.898097
-18.366377,50,159.936549
-25.641064,50,159.975637
-18.535428,50,160.011451
-8.044316,50,160.049164
-17.947616,50,160.090856
-14.813815,50,160.130022
-13.808856,50,160.169977
-16.988974,50,160.20715
-18.52273,50,160.246596
-19.730096,50,160.28566
-8.289902,50,160.324883
-11.517211,50,160.361168
-18.690257,50,160.404004
-23.816067,50,160.445968
-18.034752,50,160.488103
-17.357505,50,160.527807
-15.323243,50,160.567417
-26.645295,50,160.602314
-23.147068,50,160.641362
-21.221711,50,160.680697
-21.112433,50,160.718566
-23.613894,50,160.758999
-10.908014,50,161.614849
-24.67717,50,161.656336
-16.493864,50,161.694663
-14.769317,50,161.734699
-21.983767,50,161.772324
-15.19599,50,161.813666
-12.177677,50,161.854227
-16.156525,50,161.892995
-15.903583,50,161.932306
-22.844112,50,161.972618
-8.696209,50,162.009557
-8.478105,50,162.051003
-24.975604,50,162.09172
-14.145296,50,162.130985
-14.186816,50,162.173393
-23.093522,50,162.220314
-28.563521,50,162.259854
-21.011339,50,162.297612
-25.863263,50,162.337127
-8.335738,50,162.377346
-18.628266,50,162.417942
-23.99917,50,162.458137
-10.360178,50,162.498378
-21.40941,50,162.539528
-20.881933,50,162.583302
-23.034746,50,162.622522
-21.174459,50,162.659829
-15.925457,50,162.703606
-22.554478,50,162.742743
-11.225469,50,162.780556
-14.599531,50,162.819844
-22.917005,50,162.859684
-12.717172,50,162.899085
-19.623587,50,162.938602
-15.074171,50,162.978381
-11.425324,50,163.016792
-27.142376,50,163.060464
-27.904149,50,163.101135
-17.072481,50,163.140501
-26.354473,50,163.179693
-25.30616,50,163.221165
-24.203673,50,163.889946
-17.152988,50,163.931158
-12.64817,50,163.970633
-17.960752,50,164.013433
-18.807342,50,164.051466
-11.500794,50,164.093098
-17.987597,50,164.130468
-17.132448,50,164.170334
-24.001132,50,164.211676
-22.914494,50,164.248753
-18.919771,50,164.292489
-25.761628,50,164.333361
-22.611573,50,164.373183
-12.77173,50,164.410133
-13.3377,50,164.448333
-20.714449,50,164.490541
-23.726742,50,164.530731
-16.39231,50,164.571587
-16.210596,50,164.612065
-18.786905,50,164.65484
-24.632746,50,164.693452
-13.457112,50,164.734102
-10.674879,50,164.774726
-18.239233,50,164.814527
-18.445949,50,164.855171
-21.013351,50,164.886209
-17.700068,50,164.929573
-18.996073,50,164.970439
-16.12731,50,165.009495
-18.18901,50,165.049628
-11.312759,50,165.088423
-19.971409,50,165.127271
-18.660229,50,165.167583
-13.744216,50,165.206101
-21.26902,50,165.245803
-13.087759,50,165.285284
-21.30289,50,165.325001
-13.558697,50,165.36445
-19.781227,50,165.40642
-18.700044,50,165.448123
-17.51751,50,165.486676
-7.510395,50,166.236396
-23.583591,50,166.276287
-17.605406,50,166.314151
-23.264328,50,166.355252
-13.39891,50,166.395405
-23.158303,50,166.433285
-13.208924,50,166.476295
-23.732073,50,166.51574
-25.849946,50,166.557277
-9.854793,50,166.597207
-15.17268,50,166.634604
-18.999303,50,166.673815
-14.773259,50,166.711858
-11.9328,50,166.753127
-19.331498,50,166.793767
-16.729663,50,166.836021
-14.989219,50,166.876351
-16.670514,50,166.915856
-20.968134,50,166.9567
-14.747263,50,166.994239
-13.233136,50,167.035195
-15.985112,50,167.073789
-26.655963,50,167.117914
-10.396561,50,167.155782
-15.92688,50,167.200118
-14.027964,50,167.237455
-20.204844,50,167.278226
-11.898457,50,167.319242
-18.267452,50,167.357185
-24.574272,50,167.39819
-13.86674,50,167.437794
-23.498081,50,167.476714
-24.835529,50,167.518746
-12.872889,50,167.558355
-24.42401,50,167.599157
-8.810789,50,167.637518
-13.072165,50,167.675935
-20.984202,50,167.716132
-21.925468,50,167.757064
-21.2688,50,167.797376
-13.509228,50,167.837901
-15.832419,50,168.52873
-17.167401,50,168.5693
-11.802437,50,168.60982
-17.773861,50,168.648176
-19.315469,50,168.687564
-15.764212,50,168.727613
-23.055424,50,168.765316
-17.040668,50,168.804965
-21.040041,50,168.845568
-5.567563,50,168.885708
-13.715766,50,168.924725
-24.194831,50,168.962518
-25.653044,50,169.00048
-15.170653,50,169.041557
-18.212865,50,169.079837
-13.517318,50,169.121148
-20.944378,50,169.160021
-13.495955,50,169.196617
-12.185601,50,169.234626
-8.921367,50,169.271235
-13.878538,50,169.31385
-23.420151,50,169.354332
-17.627741,50,169.393484
-22.038785,50,169.434688
-9.534127,50,169.473787
-20.756467,50,169.509486
-19.511812,50,169.550402
-27.240098,50,169.593371
-17.086276,50,169.633117
-19.480532,50,169.676221
-13.945942,50,169.71751
-23.21064,50,169.75774
-18.346964,50,169.794983
-14.856996,50,169.833252
-17.728581,50,169.872387
-6.944188,50,169.916313
-20.423134,50,169.956465
-9.051675,50,169.996472
-19.675476,50,170.03569
-25.429636,50,170.075571
-23.851858,50,170.115335
-18.319902,50,170.823454
-16.034544,50,170.866728
-11.520877,50,170.905697
-24.845813,50,170.946829
-22.781367,50,170.984521
-17.126312,50,171.022624
-21.621107,50,171.064401
-19.611194,50,171.105322
-8.811951,50,171.143014
-17.957411,50,171.181442
-17.494789,50,171.216473
-24.421772,50,171.24799
-17.191787,50,171.291918
-23.032705,50,171.327552
-25.827232,50,171.368164
-7.976101,50,171.405078
-20.816683,50,171.448787
-13.377168,50,171.487417
-22.657801,50,171.525562
-26.334369,50,171.564867
-8.885415,50,171.604378
-23.701304,50,171.644655
-13.926241,50,171.684903
-16.830156,50,171.721452
-11.833643,50,171.761376
-20.038008,50,171.803896
-11.821271,50,171.841362
-23.951675,50,171.881229
-18.683077,50,171.917859
-17.294748,50,171.957819
-12.926751,50,171.996215
-25.917326,50,172.033107
-15.978757,50,172.071798
-22.329639,50,172.110564
-20.490463,50,172.150124
-12.80304,50,172.185852
-17.322902,50,172.222714
-21.836872,50,172.261204
-25.176445,50,172.302796
-17.566735,50,172.342599
-9.858801,50,172.382781
-14.823099,50,173.014399
-9.599224,50,173.050523
-9.131902,50,173.091893
-24.96785,50,173.133355
-13.416101,50,173.168593
-19.778498,50,173.207304
-16.157221,50,173.245321
-14.63802,50,173.282454
-14.060209,50,173.321473
-19.072349,50,173.359667
-15.85695,50,173.402394
-16.274522,50,173.442742
-20.115829,50,173.484293
-21.562077,50,173.51969
-15.444758,50,173.560252
-13.649952,50,173.598879
-9.561426,50,173.635563
-21.832219,50,173.674039
-11.994944,50,173.712874
-25.378288,50,173.757268
-16.067848,50,173.797474
-11.081272,50,173.833663
-17.239508,50,173.874495
-21.20623,50,173.912136
-10.824741,50,173.953039
-19.122103,50,173.991295
-22.37378,50,174.028557
-19.109435,50,174.070518
-13.806762,50,174.112381
-21.919215,50,174.151193
-19.824194,50,174.187672
-16.388082,50,174.22749
-11.866318,50,174.265484
-20.47567,50,174.302514
-17.256402,50,174.342315
-19.095024,50,174.380338
-24.785933,50,174.419785
-22.035249,50,174.458626
-24.850995,50,174.499751
-18.87752,50,174.541656
-13.842978,50,174.580557
-12.883968,50,175.249087
-24.684544,50,175.288689
-23.797808,50,175.327128
-13.393064,50,175.367372
-17.291174,50,175.406255
-10.609773,50,175.444283
-12.855297,50,175.485062
-14.435708,50,175.524896
-9.442951,50,175.560366
-7.849173,50,175.600015
-22.040583,50,175.640476
-10.133961,50,175.680475
-23.147971,50,175.721559
-10.758349,50,175.760815
-15.726362,50,175.801472
-20.231485,50,175.838982
-16.931323,50,175.882192
-12.122113,50,175.921218
-14.566669,50,175.960221
-7.998007,50,175.998562
-16.292457,50,176.036819
-24.104208,50,176.073559
-20.074918,50,176.115505
-10.37103,50,176.153509
-25.344192,50,176.195717
-22.41353,50,176.234464
-17.35127,50,176.269786
-14.944685,50,176.307148
-26.279202,50,176.346523
-23.951099,50,176.383642
-24.164736,50,176.423164
-20.037169,50,176.464406
-13.232755,50,176.502887
-11.403344,50,176.541582
-27.852722,50,176.582741
-14.030809,50,176.62235
-9.021268,50,176.662173
-20.462461,50,176.700147
-20.422366,50,176.741782
-20.2694,50,176.777443
-16.708414,50,177.423242
-18.288313,50,177.465047
-22.030386,50,177.501894
-11.496329,50,177.543587
-11.34774,50,177.581362
-17.837558,50,177.620848
-22.710965,50,177.660415
-27.184324,50,177.699844
-23.572923,50,177.742498
-7.945861,50,177.78211
-13.483831,50,177.819043
-26.242462,50,177.860708
-16.140438,50,177.899371
-18.348557,50,177.936123
-20.698598,50,177.975418
-12.019721,50,178.017498
-23.249652,50,178.055561
-21.052461,50,178.097774
-13.796637,50,178.134301
-16.12942,50,178.176308
-24.271701,50,178.215467
-24.466814,50,178.25139
-23.559464,50,178.292233
-18.109721,50,178.32963
-24.613893,50,178.367378
-10.211404,50,178.402871
-22.369771,50,178.44283
-23.613772,50,178.484133
-12.630421,50,178.52547
-25.641219,50,178.563905
-18.761915,50,178.602885
-18.337196,50,178.644631
-23.559333,50,178.686436
-20.807906,50,178.726647
-12.572803,50,178.763536
-14.594781,50,178.802329
-6.307222,50,178.841655
-14.437384,50,178.881877
-18.60913,50,178.924502
-18.073942,50,178.961409
-10.646238,50,179.003481
-12.6321,50,179.817628
-22.295397,50,179.857006
-18.029144,50,179.897396
-22.545755,50,179.936272
-13.419712,50,179.972653
-21.396243,50,180.0132
-21.907698,50,180.052163
-24.390314,50,180.090917
-23.223987,50,180.131741
-21.585396,50,180.170804
-13.017767,50,180.196803
-10.193105,50,180.237604
-20.562194,50,180.275438
-13.859751,50,180.318019
-22.202893,50,180.356386
-23.923962,50,180.395882
-22.692434,50,180.437483
-17.980591,50,180.471497
-12.898385,50,180.509977
-27.480036,50,180.55044
-15.160498,50,180.588947
-18.042937,50,180.627725
-18.054123,50,180.664667
-13.19085,50,180.705752
-13.860678,50,180.743439
-21.654453,50,180.783636
-25.117646,50,180.825678
-21.269329,50,180.865332
-16.92674,50,180.906698
-13.759763,50,180.947046
-12.389471,50,180.984783
-20.097573,50,181.027239
-24.938225,50,181.06391
-15.469167,50,181.106134
-22.85709,50,181.146395
-21.454014,50,181.183754
-18.5556,50,181.224272
-23.772839,50,181.262564
-21.962764,50,181.304735
-20.534949,50,181.344645
-9.541095,50,181.388314
-17.906341,50,182.218964
-21.570614,50,182.25927
-15.893266,50,182.29967
-16.478789,50,182.341272
-12.13835,50,182.380527
-24.13091,50,182.418695
-18.449359,50,182.456685
-22.500065,50,182.493708
-19.883049,50,182.536067
-19.72243,50,182.572634
-11.195469,50,182.614437
-17.196457,50,182.65263
-18.093783,50,182.693541
-25.449631,50,182.732855
-20.776218,50,182.771607
-19.05332,50,182.812191
-13.620908,50,182.85223
-15.698793,50,182.891763
-11.105182,50,182.930583
-15.440835,50,182.971945
-13.77855,50,183.012628
-26.023669,50,183.050535
-12.232959,50,183.091281
-16.36876,50,183.129868
-21.629393,50,183.167412
-16.610112,50,183.209659
-14.69101,50,183.249285
-15.800871,50,183.291347
-21.474373,50,183.327795
-20.429688,50,183.370146
-21.999085,50,183.408396
-21.484154,50,183.450311
-8.302887,50,183.4894
-23.939854,50,183.531489
-23.008339,50,183.568505
-24.209456,50,183.607192
-16.814565,50,183.649588
-14.275186,50,183.687285
-12.108311,50,183.725531
-17.885393,50,183.767043
-19.511342,50,183.804357
-14.044275,50,184.810815
-19.207535,50,184.848126
-12.231789,50,184.884881
-26.659447,50,184.926481
-21.599359,50,184.961398
-18.344968,50,184.996347
-19.563184,50,185.038574
-25.082825,50,185.082625
-21.876221,50,185.121703
-12.72314,50,185.160836
-19.273933,50,185.199066
-12.695545,50,185.24023
-8.551849,50,185.280496
-18.127011,50,185.317918
-14.426116,50,185.358507
-16.818599,50,185.395561
-14.8397,50,185.433679
-15.738595,50,185.475233
-25.800969,50,185.513417
-14.399856,50,185.554043
-16.280315,50,185.59563
-25.564727,50,185.636962
-17.766986,50,185.677399
-19.244439,50,185.71671
-7.756366,50,185.760223
-21.278458,50,185.797386
-17.317868,50,185.83851
-14.047259,50,185.87773
-24.770562,50,185.916607
-15.082074,50,185.956213
-14.512443,50,185.993806
-19.550509,50,186.032566
-17.411352,50,186.072516
-15.321565,50,186.11188
-22.701213,50,186.152322
-13.849321,50,186.188431
-20.561501,50,186.229641
-16.8317,50,186.26925
-17.409469,50,186.302875
-20.10294,50,186.342378
-24.86361,50,186.385798
-15.681712,50,187.08476
-8.881082,50,187.123922
-15.890953,50,187.162911
-20.056255,50,187.203176
-12.298751,50,187.240736
-23.292784,50,187.279481
-22.046624,50,187.320969
-21.235924,50,187.359594
-20.310188,50,187.399255
-17.943506,50,187.442658
-8.048798,50,187.481505
-14.46587,50,187.521667
-19.455664,50,187.561695
-11.919157,50,187.599359
-22.944081,50,187.624289
-22.228846,50,187.645492
-19.529742,50,187.666158
-15.115028,50,187.68726
-24.198319,50,187.716761
-21.447969,50,187.762022
-11.400269,50,187.800726
-20.917447,50,187.84068
-8.055011,50,187.881034
-19.509312,50,187.92051
-15.909539,50,187.961416
-14.048628,50,188.002273
-21.554534,50,188.040227
-14.517802,50,188.078674
-21.305872,50,188.11919
-11.721075,50,188.156406
-17.520902,50,188.194089
-9.662385,50,188.232089
-21.494496,50,188.274282
-25.27593,50,188.312592
-15.871647,50,188.352151
-12.773435,50,188.395297
-8.073038,50,188.433284
-17.353627,50,188.460576
-15.090452,50,188.500819
-21.986477,50,188.542812
-23.948414,50,188.582721
-9.93004,50,189.296789
-22.916679,50,189.334332
-23.191139,50,189.374317
-11.970933,50,189.415843
-20.84805,50,189.453537
-4.820252,50,189.492736
-17.24127,50,189.532344
-10.510459,50,189.573602
-19.197714,50,189.613838
-21.452699,50,189.649627
-21.814741,50,189.691692
-14.373073,50,189.729702
-13.226479,50,189.770141
-17.765073,50,189.810282
-20.069783,50,189.849611
-21.496995,50,189.88965
-19.935963,50,189.927851
-24.289975,50,189.966673
-17.225647,50,190.005171
-7.2627,50,190.043679
-16.349632,50,190.082914
-11.617514,50,190.123581
-20.060941,50,190.164237
-20.451926,50,190.202494
-19.520397,50,190.240224
-25.705068,50,190.280617
-10.201557,50,190.317348
-21.520562,50,190.358703
-17.551303,50,190.399289
-19.000408,50,190.437738
-22.34256,50,190.479888
-18.456347,50,190.520756
-19.248724,50,190.562586
-10.536428,50,190.60249
-10.676021,50,190.642491
-17.387837,50,190.682818
-22.27782,50,190.718817
-9.300705,50,190.762213
-14.666514,50,190.804452
-20.778685,50,190.845164
-8.399457,50,190.8862
-10.245688,50,191.615249
-22.016145,50,191.641836
-17.274595,50,191.667238
-17.025062,50,191.695481
-22.129627,50,191.737351
-19.038813,50,191.776517
-14.192498,50,191.817588
-22.242841,50,191.859217
-17.618062,50,191.897241
-16.701791,50,191.937336
-11.395892,50,191.97726
-18.948615,50,192.015615
-7.220991,50,192.054021
-15.606653,50,192.092251
-16.055401,50,192.132026
-24.447944,50,192.16944
-13.558662,50,192.213791
-14.8092,50,192.253539
-22.392848,50,192.29263
-8.00053,50,192.331768
-17.231953,50,192.372424
-20.419925,50,192.412706
-23.83029,50,192.450844
-15.762134,50,192.491712
-21.097711,50,192.532243
-15.362652,50,192.572755
-17.595805,50,192.610448
-18.943881,50,192.650679
-9.441623,50,192.692109
-22.583338,50,192.729375
-16.959619,50,192.770777
-22.757683,50,192.811153
-5.873337,50,192.849567
-14.875788,50,192.891832
-20.271967,50,192.930589
-14.130828,50,192.969542
-10.121992,50,193.007808
-21.265162,50,193.048516
-10.443742,50,193.086207
-6.910167,50,193.124629
-11.862442,50,193.166537
-20.724889,50,193.849867
-14.708523,50,193.88949
-24.685346,50,193.925905
-23.544257,50,193.964742
-18.591838,50,194.003882
-16.197105,50,194.039853
-6.2038,50,194.081199
-20.059178,50,194.120303
-14.003543,50,194.159801
-18.546634,50,194.201523
-19.649663,50,194.239848
-10.561741,50,194.279135
-23.236023,50,194.318456
-13.778183,50,194.354776
-13.495357,50,194.394843
-14.006252,50,194.435129
-14.702235,50,194.473938
-19.842895,50,194.514147
-15.985591,50,194.554558
-21.869383,50,194.593842
-22.113239,50,194.630637
-19.230586,50,194.66969
-24.341116,50,194.694684
-21.138448,50,194.719672
-10.846529,50,194.751774
-9.722477,50,194.796571
-25.055235,50,194.836328
-19.312868,50,194.876859
-15.980966,50,194.916152
-19.311811,50,194.954485
-14.498528,50,194.993822
-12.235917,50,195.031603
-23.077259,50,195.072326
-23.680932,50,195.110691
-19.980769,50,195.151022
-20.073935,50,195.191357
-19.923174,50,195.230154
-13.49381,50,195.265497
-8.952904,50,195.306166
-10.9842,50,195.341552
-19.489237,50,195.377603
-10.605937,50,196.171401
-8.083377,50,196.210734
-14.736136,50,196.254804
-20.753547,50,196.296443
-20.14778,50,196.335378
-19.149851,50,196.379247
-20.982285,50,196.421698
-17.976196,50,196.46436
-17.167001,50,196.501758
-16.989816,50,196.543804
-15.032041,50,196.585149
-18.904662,50,196.627806
-19.898295,50,196.671314
-23.28338,50,196.711627
-16.838445,50,196.752232
-13.216649,50,196.791364
-24.995346,50,196.832485
-16.198072,50,196.871604
-5.874358,50,196.911382
-22.996773,50,196.94967
-11.371868,50,196.987408
-19.372743,50,197.02769
-19.645943,50,197.066173
-5.140141,50,197.10762
-19.546063,50,197.147513
-14.571296,50,197.187279
-21.127952,50,197.226041
-17.496662,50,197.268229
-25.137475,50,197.309222
-14.276677,50,197.348312
-9.425754,50,197.389846
-20.693571,50,197.427814
-17.15827,50,197.467366
-17.785816,50,197.504873
-8.829271,50,197.545579
-22.770466,50,197.584603
-14.397144,50,197.623304
-15.344758,50,197.663225
-16.723482,50,197.703196
-17.277979,50,197.739721
-16.33751,50,197.779207
-20.976725,50,198.772189
-16.487991,50,198.814281
-10.092318,50,198.853922
-5.156524,50,198.891876
-17.294416,50,198.929616
-16.180139,50,198.969879
-8.816214,50,199.006834
-10.655677,50,199.047369
-8.38905,50,199.087787
-20.858225,50,199.124563
-16.42579,50,199.16554
-12.78561,50,199.201711
-25.791806,50,199.239456
-14.002412,50,199.28026
-21.548729,50,199.318791
-9.050785,50,199.355406
-17.801221,50,199.396799
-5.664725,50,199.437004
-21.527027,50,199.476851
-17.714797,50,199.515619
-7.68552,50,199.558619
-22.168104,50,199.595305
-18.555618,50,199.636645
-23.476312,50,199.674273
-16.357553,50,199.711317
-16.537743,50,199.753682
-23.177256,50,199.793306
-16.019745,50,199.832881
-23.43916,50,199.870757
-12.020236,50,199.908283
-20.47271,50,199.947697
-11.292099,50,199.986572
-18.651829,50,200.025403
-8.929887,50,200.06652
-22.782977,50,200.104389
-21.626584,50,200.143358
-19.595801,50,200.180264
-11.467948,50,200.218515
-11.206391,50,200.259731
-10.035407,50,200.299172
-14.792895,50,200.337636
-16.159258,50,201.147495
-25.071498,50,201.184716
-15.982951,50,201.225202
-11.15444,50,201.264328
-19.283733,50,201.30514
-16.077961,50,201.340805
-17.255944,50,201.382348
-12.608687,50,201.417624
-16.310113,50,201.458315
-18.565168,50,201.498406
-21.014166,50,201.535592
-17.183324,50,201.577411
-22.877255,50,201.619258
-20.85989,50,201.658433
-19.21252,50,201.698466
-8.33922,50,201.734001
-16.297173,50,201.772873
-16.358865,50,201.810625
-23.063356,50,201.850517
-23.818588,50,201.889441
-21.321661,50,201.927279
-21.255975,50,201.964968
-19.627769,50,202.003683
-19.836053,50,202.043078
-14.6015,50,202.084697
-21.144246,50,202.122848
-18.467908,50,202.163702
-17.527869,50,202.203849
-20.578818,50,202.242433
-20.258891,50,202.281783
-22.725345,50,202.323339
-12.17543,50,202.365205
-17.120131,50,202.402663
-22.728018,50,202.445298
-13.442724,50,202.485967
-17.844886,50,202.522749
-8.326705,50,202.563869
-23.922702,50,202.608468
-7.632283,50,202.646591
-16.533978,50,202.689373
-14.879073,50,202.728869
-20.23127,50,203.487443
-13.765179,50,203.524707
-12.260018,50,203.564001
-15.728651,50,203.602375
-20.837099,50,203.640083
-16.279892,50,203.680204
-18.487895,50,203.718448
-18.757836,50,203.761635
-20.387486,50,203.800807
-15.612099,50,203.838991
-7.775839,50,203.877713
-9.230069,50,203.916228
-13.11936,50,203.955561
-17.218805,50,203.995309
-12.748049,50,204.033478
-20.745622,50,204.074703
-15.2784,50,204.111482
-15.06044,50,204.151643
-20.908356,50,204.188436
-24.28818,50,204.228462
-21.937778,50,204.26791
-15.332666,50,204.306106
-25.457393,50,204.344633
-16.031714,50,204.386254
-22.331958,50,204.4252
-8.872187,50,204.464568
-15.131378,50,204.503231
-12.09277,50,204.541639
-24.239132,50,204.580588
-13.099336,50,204.622565
-17.79311,50,204.661139
-24.129978,50,204.700216
-20.957153,50,204.737527
-14.884193,50,204.779348
-23.928838,50,204.818811
-18.73945,50,204.856369
-8.781109,50,204.896835
-19.201868,50,204.936254
-12.636806,50,204.973327
-15.348367,50,205.014082
-21.059362,50,205.054684
-6.156413,50,206.019354
-20.028263,50,206.058468
-23.689108,50,206.095834
-24.540321,50,206.135958
-25.534249,50,206.175928
-23.768298,50,206.217997
-12.734424,50,206.258857
-8.340405,50,206.29852
-5.643171,50,206.339179
-23.520836,50,206.378274
-15.557625,50,206.418935
-6.878571,50,206.455553
-17.220654,50,206.493958
-16.310435,50,206.533434
-15.34253,50,206.573657
-22.679466,50,206.61314
-13.76947,50,206.655893
-13.866709,50,206.697728
-11.49435,50,206.73771
-13.928208,50,206.778083
-17.459011,50,206.817897
-8.504361,50,206.857835
-21.413927,50,206.896494
-17.189066,50,206.939951
-19.812552,50,206.981672
-23.337621,50,207.021983
-17.312148,50,207.062283
-22.345851,50,207.102896
-19.953042,50,207.14004
-11.827271,50,207.183153
-23.836237,50,207.224703
-18.25566,50,207.265406
-10.856255,50,207.303644
-15.54471,50,207.342404
-7.959996,50,207.383106
-10.961153,50,207.42138
-13.371781,50,207.464482
-10.104836,50,207.502864
-13.911539,50,207.542545
-19.888245,50,207.58263
-25.143563,50,207.620812
-10.720923,50,208.28408
-21.834945,50,208.322607
-19.76704,50,208.361287
-13.162897,50,208.401201
-17.296494,50,208.440266
-23.673331,50,208.475609
-21.148101,50,208.517564
-13.21072,50,208.556132
-17.352153,50,208.593673
-19.095796,50,208.633997
-20.856966,50,208.672889
-15.698394,50,208.71431
-21.446642,50,208.753778
-13.979508,50,208.789699
-9.389475,50,208.828066
-8.909716,50,208.868682
-25.670063,50,208.907911
-18.645428,50,208.945411
-13.039966,50,208.983436
-26.562643,50,209.025108
-8.637458,50,209.064809
-12.252456,50,209.105705
-12.368856,50,209.143251
-16.100745,50,209.182813
-24.016361,50,209.222
-19.192103,50,209.261229
-25.385106,50,209.302951
-17.14912,50,209.337877
-13.237749,50,209.379369
-12.442338,50,209.418751
-12.129002,50,209.457525
-18.614851,50,209.486682
-15.595062,50,209.52762
-11.873284,50,209.566264
-15.694877,50,209.606276
-23.469933,50,209.646297
-17.742437,50,209.686693
-9.84248,50,209.726438
-19.90812,50,209.764632
-8.133915,50,209.803601
-22.187089,50,209.846801
-13.240677,50,210.604119
-9.022881,50,210.645361
-11.095551,50,210.68523
-24.522732,50,210.724482
-23.047544,50,210.766045
-23.760463,50,210.803553
-7.571994,50,210.843301
-20.005489,50,210.881771
-16.187914,50,210.920469
-22.676131,50,210.960461
-23.124465,50,210.99771
-15.536355,50,211.036849
-16.566476,50,211.078202
-12.623581,50,211.117478
-22.931668,50,211.157863
-17.279725,50,211.194434
-10.930788,50,211.23423
-20.746636,50,211.27528
-6.415784,50,211.312356
-19.892061,50,211.353999
-15.265616,50,211.39352
-11.013287,50,211.434215
-20.903957,50,211.471404
-13.548281,50,211.51126
-22.980918,50,211.551308
-12.725154,50,211.589533
-21.636081,50,211.627337
-16.251361,50,211.667814
-23.878781,50,211.705759
-18.929748,50,211.742498
-15.290158,50,211.779958
-18.185773,50,211.818273
-19.646375,50,211.855353
-16.586992,50,211.89667
-13.62733,50,211.934263
-24.671297,50,211.976352
-18.692656,50,212.012254
-15.306841,50,212.054748
-12.932291,50,212.091913
-18.045363,50,212.132013
-10.941929,50,212.170568
-10.589361,50,213.173436
-15.619482,50,213.213407
-10.814488,50,213.253206
-16.383705,50,213.290422
-17.397895,50,213.331988
-19.565099,50,213.368545
-21.780542,50,213.405981
-22.042024,50,213.450179
-13.789699,50,213.488812
-15.256914,50,213.528858
-9.634887,50,213.567483
-17.373936,50,213.607399
-24.876183,50,213.648339
-18.939948,50,213.687418
-22.936608,50,213.725842
-19.66001,50,213.763711
-11.900982,50,213.80422
-21.666468,50,213.843908
-13.386396,50,213.881268
-10.925898,50,213.91944
-6.12263,50,213.961491
-16.722892,50,214.002624
-16.386374,50,214.040913
-19.558826,50,214.081279
-19.990159,50,214.120007
-11.784441,50,214.157185
-18.18372,50,214.198825
-13.193638,50,214.241268
-16.49134,50,214.280692
-15.346682,50,214.322449
-13.453483,50,214.360304
-15.884659,50,214.402756
-12.676881,50,214.440905
-18.023243,50,214.481524
-18.333808,50,214.525864
-7.083704,50,214.564765
-11.160564,50,214.604275
-16.466835,50,214.644458
-14.52315,50,214.682707
-22.899845,50,214.724567
-7.206169,50,214.763695
-13.119304,50,215.486248
-6.204772,50,215.527143
-19.963465,50,215.57058
-8.430084,50,215.609443
-13.266102,50,215.647322
-20.269396,50,215.688905
-23.195899,50,215.728852
-18.429211,50,215.766205
-6.861755,50,215.806512
-10.511068,50,215.843722
-22.869845,50,215.881701
-17.011703,50,215.926763
-20.34245,50,215.97087
-13.678633,50,216.012292
-18.623148,50,216.052707
-22.429203,50,216.091839
-11.271969,50,216.126838
-8.426654,50,216.16759
-14.02178,50,216.203941
-20.359134,50,216.242635
-18.87047,50,216.286563
-15.466508,50,216.32567
-6.827992,50,216.365546
-10.595078,50,216.405027
-23.262354,50,216.434688
-20.559901,50,216.454912
-11.753859,50,216.487043
-12.25892,50,216.527093
-14.500901,50,216.566868
-14.464401,50,216.606776
-14.330305,50,216.64646
-15.188782,50,216.687612
-21.540285,50,216.726559
-11.625119,50,216.766666
-17.014265,50,216.806563
-11.40346,50,216.841629
-10.869021,50,216.881173
-18.718402,50,216.922039
-10.245184,50,216.963271
-20.451795,50,217.004662
-16.067238,50,217.045296
-20.690647,50,217.748372
-14.005929,50,217.788402
-20.431446,50,217.82606
-14.147955,50,217.864857
-18.371112,50,217.907227
-9.433737,50,217.945194
-19.689917,50,217.987175
-8.819726,50,218.027264
-8.795001,50,218.065892
-11.774149,50,218.104818
-23.337399,50,218.144307
-17.449698,50,218.182171
-17.892632,50,218.22201
-12.664604,50,218.26122
-16.205619,50,218.298558
-17.352408,50,218.338501
-10.643844,50,218.376069
-20.511956,50,218.416326
-14.700433,50,218.456732
-17.605762,50,218.492688
-19.201632,50,218.532881
-24.216619,50,218.571799
-21.523351,50,218.612001
-21.746265,50,218.65135
-11.014003,50,218.691832
-14.095602,50,218.732042
-7.292346,50,218.770367
-15.557046,50,218.80865
-23.48445,50,218.847346
-17.370804,50,218.889928
-12.902979,50,218.929217
-15.521207,50,218.9686
-20.924024,50,219.008643
-16.614416,50,219.047695
-13.33366,50,219.087783
-18.162533,50,219.125822
-4.588986,50,219.166533
-20.355591,50,219.207821
-18.470977,50,219.245823
-16.365289,50,219.289862
-17.260448,50,219.33026
-22.364798,50,220.268374
-8.508725,50,220.307528
-14.933205,50,220.346815
-13.485652,50,220.384216
-20.344381,50,220.423255
-23.043253,50,220.462741
-20.419434,50,220.498494
-17.157155,50,220.534686
-13.917865,50,220.574476
-5.085511,50,220.612557
-11.209683,50,220.654297
-19.2626,50,220.692761
-10.652764,50,220.734409
-15.469759,50,220.770656
-14.95655,50,220.810171
-16.625419,50,220.849209
-17.326902,50,220.887541
-22.119588,50,220.930254
-18.547075,50,220.968288
-8.673311,50,221.007616
-22.524384,50,221.04793
-17.982205,50,221.087493
-13.017577,50,221.128596
-16.007672,50,221.168226
-14.63794,50,221.210516
-22.784821,50,221.249152
-20.802762,50,221.288812
-23.884103,50,221.330242
-13.430557,50,221.367591
-11.503472,50,221.410664
-20.880464,50,221.446426
-16.301568,50,221.48571
-22.702846,50,221.527866
-21.601342,50,221.570695
-18.8804,50,221.611145
-23.694257,50,221.646005
-16.992464,50,221.685405
-10.000846,50,221.725466
-16.19836,50,221.758822
-21.618204,50,221.798488
-10.803015,50,221.838344
-7.236311,50,222.62766
-17.15612,50,222.667603
-9.252697,50,222.706198
-12.991491,50,222.746646
-22.439956,50,222.783356
-13.236576,50,222.822427
-9.511337,50,222.860252
-19.072529,50,222.901434
-5.087127,50,222.941336
-17.418111,50,222.980133
-9.806634,50,223.023996
-23.685401,50,223.063355
-16.649104,50,223.102986
-25.166481,50,223.144075
-10.839484,50,223.180574
-9.901868,50,223.21996
-15.326976,50,223.259312
-20.311257,50,223.297033
-12.25474,50,223.334287
-21.872954,50,223.370088
-5.991028,50,223.408568
-12.179113,50,223.447237
-23.880193,50,223.485957
-12.612303,50,223.524785
-19.904026,50,223.569185
-9.825083,50,223.606507
-23.448664,50,223.644413
-14.661962,50,223.686078
-19.562528,50,223.725626
-11.356203,50,223.762689
-18.512921,50,223.802089
-10.078652,50,223.842762
-18.948807,50,223.88332
-20.364148,50,223.922265
-20.944098,50,223.962425
-18.344001,50,224.001747
-15.850591,50,224.039217
-14.019269,50,224.075766
-17.835418,50,224.115811
-23.391337,50,224.156163
-18.11189,50,224.196375
-22.858681,50,225.217117
-21.652589,50,225.255896
-19.598517,50,225.293687
-20.717962,50,225.331103
-24.169612,50,225.367315
-9.755017,50,225.408665
-9.528427,50,225.448607
-20.820793,50,225.493068
-18.494566,50,225.533177
-15.080392,50,225.572239
-11.666444,50,225.613606
-10.338227,50,225.652855
-10.109232,50,225.693479
-12.278527,50,225.733666
-12.845663,50,225.772522
-12.390789,50,225.809436
-14.037623,50,225.847822
-17.247907,50,225.888144
-21.154476,50,225.926681
-14.667752,50,225.965292
-16.040338,50,226.007782
-15.789608,50,226.048638
-14.375548,50,226.088316
-18.978198,50,226.126835
-5.985362,50,226.167238
-21.622389,50,226.206368
-21.090082,50,226.242736
-8.442047,50,226.283687
-20.946401,50,226.323828
-12.119952,50,226.361379
-22.438677,50,226.399689
-9.860336,50,226.438951
-13.642068,50,226.479834
-18.048239,50,226.521167
-19.491105,50,226.560879
-15.902435,50,226.60082
-17.908222,50,226.639306
-20.408705,50,226.68063
-20.262239,50,226.720715
-20.650832,50,226.758955
-12.934038,50,226.799542
-15.572656,50,227.772083
-7.934805,50,227.812828
-21.636352,50,227.853745
-12.658956,50,227.892198
-11.704117,50,227.928858
-11.078758,50,227.968042
-20.415098,50,228.007714
-10.499604,50,228.048847
-19.005487,50,228.088594
-22.07096,50,228.127348
-17.149519,50,228.166314
-18.812725,50,228.207825
-24.331269,50,228.242897
-14.192344,50,228.282967
-16.536104,50,228.323857
-8.967063,50,228.362893
-17.783331,50,228.402254
-21.541688,50,228.443611
-18.477301,50,228.466034
-21.761184,50,228.507457
-6.404785,50,228.550397
-22.909832,50,228.593177
-17.783946,50,228.633552
-7.059193,50,228.674233
-15.66181,50,228.716826
-15.015793,50,228.757381
-19.671709,50,228.798765
-24.449186,50,228.839272
-19.967905,50,228.880768
-9.588269,50,228.918842
-17.592747,50,228.958589
-14.5851,50,229.001538
-19.338322,50,229.043764
-23.289828,50,229.084439
-14.473729,50,229.122565
-19.629671,50,229.162601
-17.451465,50,229.200866
-21.633968,50,229.240564
-11.093184,50,229.27855
-24.105077,50,229.320592
-17.256578,50,229.358295
-8.004181,50,230.347894
-24.121473,50,230.385395
-21.364248,50,230.425894
-18.929863,50,230.463232
-15.408783,50,230.506822
-25.628443,50,230.547767
-18.992254,50,230.591663
-9.803886,50,230.631221
-14.291832,50,230.671506
-13.708251,50,230.713547
-14.771149,50,230.757319
-16.815444,50,230.795927
-11.738141,50,230.836234
-13.427773,50,230.878191
-17.609309,50,230.913172
-18.59462,50,230.954803
-14.174498,50,230.994647
-14.428542,50,231.03437
-11.916582,50,231.07489
-13.06932,50,231.116636
-15.28213,50,231.158239
-4.229116,50,231.195569
-6.504308,50,231.239117
-20.649278,50,231.276939
-5.142681,50,231.316322
-10.054023,50,231.354474
-14.679709,50,231.395416
-19.850926,50,231.437221
-23.326127,50,231.474823
-6.727199,50,231.514832
-15.783847,50,231.555642
-21.336937,50,231.594656
-17.981434,50,231.638789
-18.354005,50,231.679258
-15.710663,50,231.71848
-19.444892,50,231.759377
-18.627733,50,231.798293
-19.06157,50,231.829025
-12.407414,50,231.856334
-21.540986,50,231.901308
-17.409541,50,231.936962
-15.744091,50,232.975505
-11.028377,50,233.015457
-15.136555,50,233.051484
-10.459959,50,233.088787
-5.688297,50,233.12873
-16.123711,50,233.173493
-20.908279,50,233.214405
-16.677089,50,233.250766
-10.680249,50,233.290562
-9.259789,50,233.330289
-18.044978,50,233.372635
-12.340594,50,233.410085
-20.088343,50,233.448322
-12.10568,50,233.479032
-14.465455,50,233.521588
-7.811506,50,233.562803
-17.929315,50,233.60401
-24.131451,50,233.642625
-18.431127,50,233.682381
-6.343193,50,233.722278
-9.954947,50,233.763487
-20.735964,50,233.801171
-6.810734,50,233.839718
-15.199656,50,233.882074
-19.49859,50,233.921593
-15.181561,50,233.962731
-18.585226,50,234.001679
-6.22959,50,234.041264
-18.335835,50,234.08268
-17.306321,50,234.121001
-7.792957,50,234.158673
-25.282447,50,234.199649
-22.985211,50,234.240278
-12.148558,50,234.281281
-21.394091,50,234.320461
-10.555575,50,234.360858
-23.905573,50,234.398269
-24.767676,50,234.435602
-18.307836,50,234.477372
-19.467981,50,234.516169
-20.363778,50,234.556861
-11.251088,50,235.5604
-13.11646,50,235.600543
-13.559517,50,235.641373
-13.779367,50,235.680826
-13.850572,50,235.722083
-10.505004,50,235.762136
-11.279103,50,235.80037
-13.487463,50,235.837366
-19.930536,50,235.879576
-12.415233,50,235.921977
-9.510032,50,235.959872
-20.598402,50,235.999506
-23.774717,50,236.037433
-14.703334,50,236.079288
-11.845357,50,236.119596
-7.618055,50,236.15823
-6.080983,50,236.197372
-13.235371,50,236.236446
-9.027417,50,236.275261
-15.987951,50,236.318461
-21.295437,50,236.360439
-22.233218,50,236.398292
-16.991725,50,236.43928
-16.401067,50,236.479893
-14.862797,50,236.520305
-6.233689,50,236.559657
-16.579598,50,236.599536
-11.511564,50,236.637084
-20.980474,50,236.678053
-17.315063,50,236.718337
-16.236867,50,236.758587
-6.312989,50,236.799793
-9.274172,50,236.836194
-20.177211,50,236.876681
-10.112064,50,236.916499
-18.637896,50,236.957813
-23.510655,50,236.997778
-16.013397,50,237.037152
-16.7406,50,237.076859
-8.354909,50,237.119057
-18.254238,50,237.939418
-14.398357,50,237.981519
-16.985157,50,238.021296
-11.865705,50,238.062198
-8.285146,50,238.104131
-14.773496,50,238.143271
-18.846068,50,238.185015
-7.168434,50,238.218472
-23.745839,50,238.258189
-13.524903,50,238.299924
-9.611513,50,238.337966
-15.678309,50,238.376106
-7.679214,50,238.416861
-11.052312,50,238.461276
-19.625599,50,238.496868
-21.804823,50,238.537701
-11.439393,50,238.576919
-22.672713,50,238.615783
-18.084721,50,238.655391
-14.733643,50,238.694797
-20.585999,50,238.733327
-20.474699,50,238.77392
-23.895621,50,238.810794
-23.357843,50,238.851323
-14.144642,50,238.888277
-13.794235,50,238.928052
-22.28945,50,238.967946
-7.772163,50,239.007088
-21.161121,50,239.047357
-21.863741,50,239.088056
-11.454049,50,239.125043
-23.389092,50,239.167392
-21.311103,50,239.206064
-18.579175,50,239.244712
-19.230083,50,239.28344
-10.665285,50,239.322038
-22.475631,50,239.362716
-17.727394,50,239.400672
-11.658972,50,239.440421
-17.901417,50,239.477902
-13.830656,50,239.517522
-17.856909,50,240.190273
-20.43474,50,240.228799
-13.489341,50,240.268306
-14.557746,50,240.307853
-16.696761,50,240.346131
-14.957466,50,240.386356
-12.271619,50,240.427885
-18.331724,50,240.465396
-18.707907,50,240.504452
-16.167477,50,240.54372
-10.875437,50,240.582451
-9.842927,50,240.621481
-14.012655,50,240.661981
-16.209257,50,240.697613
-9.822411,50,240.736625
-12.852184,50,240.778318
-22.012888,50,240.819735
-18.614263,50,240.857912
-18.829258,50,240.898259
-22.636694,50,240.936286
-14.489997,50,240.979703
-23.467895,50,241.019574
-16.585134,50,241.050318
-7.891409,50,241.077438
-20.911165,50,241.118607
-8.666091,50,241.159607
-13.99532,50,241.197395
-13.779819,50,241.237459
-15.362999,50,241.276884
-12.69055,50,241.318736
-16.552746,50,241.358361
-12.278734,50,241.396491
-14.869141,50,241.435088
-17.354159,50,241.471767
-14.659795,50,241.516769
-13.293093,50,241.557177
-12.233544,50,241.597308
-22.364655,50,241.639135
-7.20095,50,241.677501
-18.015551,50,241.717284
-4.433855,50,241.757416
-12.627582,50,242.462057
-20.771177,50,242.502388
-21.442451,50,242.542584
-14.708942,50,242.583604
-18.238892,50,242.623608
-9.184145,50,242.663668
-16.560471,50,242.703835
-13.65834,50,242.745703
-15.842179,50,242.783955
-15.963427,50,242.824948
-24.494664,50,242.864584
-14.956836,50,242.907966
-21.893952,50,242.947823
-12.48024,50,242.98749
-8.674886,50,243.02768
-9.942004,50,243.067618
-15.453727,50,243.108629
-6.127899,50,243.145458
-9.525497,50,243.184318
-12.156663,50,243.22485
-11.757774,50,243.265818
-20.781439,50,243.305785
-21.78763,50,243.346124
-12.642256,50,243.381403
-13.773784,50,243.422897
-14.559159,50,243.459047
-18.811392,50,243.500647
-6.287385,50,243.541544
-10.241974,50,243.574608
-15.483689,50,243.598833
-13.407358,50,243.63887
-10.551029,50,243.681222
-16.309019,50,243.723418
-11.876864,50,243.763771
-16.145357,50,243.799626
-9.125258,50,243.839946
-5.615537,50,243.879786
-13.374276,50,243.919558
-6.758449,50,243.956569
-11.740992,50,243.994126
-12.061145,50,244.035325
-8.718202,50,244.758401
-19.711056,50,244.79985
-14.279711,50,244.838609
-19.014923,50,244.881543
-5.07658,50,244.921485
-10.591548,50,244.956342
-11.890494,50,244.995836
-22.53955,50,245.035645
-23.210532,50,245.075532
-15.043068,50,245.113587
-10.655747,50,245.155134
-16.46835,50,245.19537
-22.822652,50,245.235254
-11.679682,50,245.273305
-9.829083,50,245.303748
-19.008375,50,245.34657
-11.634897,50,245.388118
-7.931948,50,245.423346
-5.518382,50,245.464922
-12.604324,50,245.503493
-17.645527,50,245.541672
-12.548236,50,245.580583
-12.81161,50,245.621016
-14.36113,50,245.658344
-18.601118,50,245.679872
-17.486119,50,245.720556
-12.738011,50,245.763927
-18.892213,50,245.802635
-24.281297,50,245.841144
-15.489356,50,245.881807
-20.341708,50,245.92138
-9.832199,50,245.961019
-4.866931,50,245.998316
-20.024913,50,246.03896
-8.938408,50,246.076319
-11.36115,50,246.119602
-15.757298,50,246.156271
-9.676567,50,246.194312
-6.590277,50,246.233829
-18.176801,50,246.271886
-13.918294,50,246.314516
-19.747574,50,247.129348
-22.973348,50,247.167057
-6.750506,50,247.206047
-13.658143,50,247.247361
-6.939767,50,247.288185
-16.7844,50,247.327768
-19.261205,50,247.365381
-17.853032,50,247.405373
-12.597189,50,247.44437
-19.620009,50,247.484819
-19.53599,50,247.522994
-15.015509,50,247.559766
-9.462557,50,247.598875
-6.674459,50,247.638644
-14.72301,50,247.678147
-19.282917,50,247.715118
-24.676856,50,247.754774
-18.143112,50,247.795629
-12.563644,50,247.834879
-11.918444,50,247.871218
-17.887555,50,247.91352
-18.61917,50,247.949007
-11.740426,50,247.991574
-22.57566,50,248.032383
-10.712215,50,248.069424
-19.393013,50,248.108146
-19.15857,50,248.147202
-10.299788,50,248.190014
-19.673307,50,248.229628
-11.93459,50,248.267951
-9.540002,50,248.307601
-8.811212,50,248.344569
-19.873157,50,248.387774
-14.76309,50,248.427306
-23.709381,50,248.467749
-21.112706,50,248.505704
-16.54503,50,248.549808
-20.014258,50,248.589353
-9.029441,50,248.627292
-9.855779,50,248.666863
-19.47705,50,248.707274
-23.758685,50,249.535413
-14.095365,50,249.573196
-17.125753,50,249.616546
-24.891387,50,249.653532
-7.163015,50,249.69447
-7.821482,50,249.73091
-14.968778,50,249.768954
-9.521858,50,249.808761
-9.73582,50,249.845778
-13.434189,50,249.886102
-19.892048,50,249.923879
-21.923042,50,249.965683
-21.008015,50,250.005684
-10.653542,50,250.045314
-23.582738,50,250.08558
-15.473734,50,250.126066
-12.026043,50,250.164443
-13.902352,50,250.206059
-21.627445,50,250.243865
-19.304464,50,250.283854
-16.351702,50,250.32494
-12.115226,50,250.362791
-18.133799,50,250.401553
-6.732759,50,250.439578
-10.432905,50,250.479823
-15.848521,50,250.518774
-20.371127,50,250.55886
-13.753412,50,250.599476
-21.974754,50,250.631255
-16.667805,50,250.665391
-21.504103,50,250.703614
-12.043809,50,250.742018
-16.908947,50,250.781538
-15.412789,50,250.821341
-20.91415,50,250.858243
-19.770368,50,250.897287
-16.673258,50,250.934317
-14.37016,50,250.974048
-10.607819,50,251.014408
-16.098751,50,251.05524
-10.599934,50,251.095121
-11.611224,50,251.921077
-10.955792,50,251.958243
-18.78697,50,251.998709
-7.733157,50,252.039797
-14.089531,50,252.078267
-5.793564,50,252.115857
-16.79763,50,252.15587
-12.556259,50,252.194633
-4.7418,50,252.233482
-18.085732,50,252.273639
-7.294049,50,252.313642
-11.072282,50,252.355295
-15.207553,50,252.394118
-13.383245,50,252.434405
-16.54022,50,252.474798
-12.753074,50,252.514961
-10.695235,50,252.556247
-11.639251,50,252.595953
-15.418774,50,252.634391
-9.651429,50,252.675398
-18.763043,50,252.717698
-7.548566,50,252.755033
-19.603212,50,252.794382
-21.075372,50,252.835876
-12.622122,50,252.873675
-5.224028,50,252.910473
-16.386835,50,252.953235
-21.658915,50,252.988619
-12.22894,50,253.029566
-19.203964,50,253.067629
-11.281692,50,253.107726
-20.840664,50,253.146667
-18.963652,50,253.188556
-13.14221,50,253.229074
-16.670193,50,253.269852
-12.522879,50,253.310071
-5.094484,50,253.348484
-14.26446,50,253.38585
-12.626048,50,253.427832
-19.766153,50,253.467155
-20.097391,50,253.506579
-6.524636,50,254.179938
-17.135656,50,254.220337
-11.741589,50,254.250644
-15.66099,50,254.29264
-17.930626,50,254.333585
-8.717248,50,254.371171
-13.615291,50,254.4122
-10.61021,50,254.451806
-22.588813,50,254.489609
-7.765882,50,254.530722
-17.106622,50,254.568202
-8.380043,50,254.607603
-14.928111,50,254.651459
-12.240894,50,254.692753
-15.364511,50,254.732252
-16.498236,50,254.770521
-14.859087,50,254.808492
-8.988605,50,254.847314
-6.12521,50,254.884543
-11.993303,50,254.927422
-10.086172,50,254.96681
-23.0041,50,255.00474
-17.096675,50,255.047236
-19.488964,50,255.083701
-18.255585,50,255.123543
-9.597968,50,255.160689
-18.382871,50,255.202554
-12.294088,50,255.242849
-10.214209,50,255.282107
-10.567951,50,255.321681
-19.574239,50,255.359127
-15.223263,50,255.397616
-13.887597,50,255.437264
-15.295755,50,255.476852
-8.824976,50,255.518503
-5.706132,50,255.556674
-15.877967,50,255.598559
-5.819775,50,255.639513
-17.791989,50,255.67793
-21.508448,50,255.716175
-7.867105,50,255.756924
-18.396265,50,256.518476
-8.352926,50,256.558963
-11.760303,50,256.597601
-8.828896,50,256.638991
-8.844809,50,256.677313
-17.814268,50,256.717224
-6.515208,50,256.757113
-20.120227,50,256.79523
-18.552005,50,256.837508
-10.995373,50,256.875895
-9.65137,50,256.91922
-16.10786,50,256.958952
-18.876726,50,257.001243
-10.251602,50,257.039796
-12.623493,50,257.080449
-14.583809,50,257.121298
-13.702891,50,257.160229
-8.605731,50,257.202522
-20.420869,50,257.240759
-18.034163,50,257.280824
-8.828258,50,257.318733
-12.400047,50,257.343134
-22.055366,50,257.36298
-13.912314,50,257.382884
-23.669354,50,257.421217
-5.785852,50,257.45959
-15.799542,50,257.500172
-22.302157,50,257.538788
-13.395282,50,257.577781
-22.810138,50,257.617608
-5.344147,50,257.657268
-7.462216,50,257.69651
-22.861568,50,257.736237
-6.445143,50,257.772802
-12.784073,50,257.809358
-24.188652,50,257.84914
-18.566411,50,257.886011
-13.75331,50,257.923265
-11.1073,50,257.961721
-15.083181,50,257.999406
-11.947551,50,258.040079
-17.346896,50,258.791598
-16.229303,50,258.831627
-17.259741,50,258.869364
-15.938374,50,258.907875
-13.774507,50,258.948808
-10.067952,50,258.989863
-10.333929,50,259.03033
-15.58694,50,259.069938
-8.563689,50,259.107546
-18.016688,50,259.145408
-19.357928,50,259.184989
-18.945921,50,259.224742
-18.417271,50,259.254139
-12.459681,50,259.298152
-9.338602,50,259.341261
-6.648896,50,259.381401
-20.011336,50,259.419018
-9.400672,50,259.457447
-19.337427,50,259.4983
-14.90376,50,259.537448
-18.192792,50,259.574861
-8.683067,50,259.614445
-15.166698,50,259.65575
-17.082998,50,259.693901
-21.823225,50,259.731924
-13.475086,50,259.770726
-19.577343,50,259.811604
-16.458092,50,259.853119
-10.233359,50,259.89072
-11.34466,50,259.930835
-8.613983,50,259.970865
-7.706365,50,260.015421
-19.00252,50,260.054257
-14.491645,50,260.093436
-22.913276,50,260.133692
-22.774578,50,260.169941
-21.000742,50,260.210216
-22.409343,50,260.249273
-22.046571,50,260.289479
-6.971594,50,260.327706
-6.44235,50,260.36782
-15.654725,50,261.090144
-14.829847,50,261.127579
-18.78022,50,261.170165
-8.373527,50,261.209876
-12.335016,50,261.25223
-17.594696,50,261.2877
-11.069657,50,261.329412
-21.062447,50,261.368482
-8.390298,50,261.406411
-12.35409,50,261.447551
-24.003743,50,261.487519
-17.928519,50,261.52515
-13.983457,50,261.568629
-5.157903,50,261.60687
-13.290814,50,261.646685
-6.129049,50,261.684694
-23.982673,50,261.724938
-20.123519,50,261.766567
-18.487653,50,261.806223
-15.943307,50,261.845122
-18.720005,50,261.8862
-16.417894,50,261.923754
-15.488171,50,261.962983
-16.416392,50,261.999501
-14.978228,50,262.04308
-17.60324,50,262.084159
-23.306751,50,262.124006
-12.322758,50,262.162067
-16.674614,50,262.200878
-20.647438,50,262.240494
-15.63788,50,262.278641
-15.936259,50,262.317361
-9.149518,50,262.357138
-17.298773,50,262.395629
-15.943966,50,262.435049
-10.140574,50,262.477149
-12.437467,50,262.516852
-9.895636,50,262.557513
-3.150487,50,262.593499
-21.303592,50,262.63268
-8.820165,50,262.675137
-12.785504,50,263.33438
-10.695514,50,263.371246
-22.114334,50,263.399738
-19.218765,50,263.44127
-11.607453,50,263.481306
-20.245866,50,263.524702
-3.939869,50,263.563497
-21.551053,50,263.60511
-11.090508,50,263.648305
-22.554249,50,263.686805
-14.982062,50,263.726117
-10.53975,50,263.763595
-18.808385,50,263.804003
-15.963517,50,263.844473
-18.916721,50,263.882565
-23.053386,50,263.92473
-17.747153,50,263.96332
-11.498552,50,264.003086
-15.286374,50,264.046436
-13.449152,50,264.084215
-15.364344,50,264.124801
-8.561468,50,264.165156
-7.764862,50,264.200344
-16.480968,50,264.240388
-12.493663,50,264.278045
-21.773742,50,264.317671
-18.230367,50,264.357101
-8.896181,50,264.396644
-17.3546,50,264.43593
-13.838883,50,264.473805
-14.425866,50,264.514616
-22.173712,50,264.554349
-10.25043,50,264.591793
-19.848733,50,264.631539
-7.445813,50,264.67083
-9.239994,50,264.711542
-16.020291,50,264.751646
-12.08387,50,264.791549
-16.057759,50,264.83165
-13.872279,50,264.870783
-17.398246,50,264.906585
-13.480625,50,265.520555
-7.233282,50,265.561365
-19.013606,50,265.602178
-20.704567,50,265.643181
-23.297261,50,265.682508
-9.148197,50,265.722725
-17.010911,50,265.762589
-16.163897,50,265.800755
-7.862463,50,265.840971
-17.577565,50,265.878751
-12.63528,50,265.920065
-9.389013,50,265.957853
-18.818051,50,265.992327
-20.281461,50,266.033508
-21.071886,50,266.071819
-21.402525,50,266.113987
-7.122111,50,266.151617
-14.774625,50,266.193825
-18.790185,50,266.232029
-14.494978,50,266.274162
-5.195494,50,266.318756
-9.976454,50,266.358255
-8.372619,50,266.397627
-15.092334,50,266.436502
-19.899298,50,266.477153
-9.032616,50,266.518712
-19.085525,50,266.558678
-21.504867,50,266.601821
-9.472485,50,266.640907
-13.772202,50,266.678989
-22.673427,50,266.718904
-13.149717,50,266.758924
-12.839657,50,266.795059
-12.449163,50,266.83762
-16.437783,50,266.876508
-20.545132,50,266.915751
-20.724123,50,266.951674
-18.893898,50,266.996185
-7.667339,50,267.036765
-7.53821,50,267.077669
-21.999238,50,267.116369
-13.055403,50,267.786866
-10.139614,50,267.825362
-6.445551,50,267.866423
-18.915281,50,267.903266
-16.74953,50,267.940301
-12.042853,50,267.979696
-9.944165,50,268.017292
-4.452532,50,268.058328
-17.362245,50,268.098096
-15.866781,50,268.136087
-13.991884,50,268.174361
-17.925218,50,268.21084
-18.980358,50,268.249712
-16.176241,50,268.289637
-9.92854,50,268.326321
-16.537465,50,268.365104
-18.940811,50,268.403611
-21.755849,50,268.440804
-16.820592,50,268.481686
-24.567155,50,268.52106
-18.217097,50,268.564653
-22.888871,50,268.60493
-17.165783,50,268.641551
-7.452861,50,268.683598
-23.078309,50,268.723283
-16.289645,50,268.76373
-19.089667,50,268.803766
-10.016091,50,268.843514
-11.793779,50,268.883292
-13.284641,50,268.921241
-10.98138,50,268.961778
-11.052996,50,269.003134
-21.520904,50,269.042433
-17.827861,50,269.083161
-18.578203,50,269.12122
-14.804648,50,269.160254
-19.637244,50,269.197602
-11.919193,50,269.236356
-16.618403,50,269.273582
-13.043782,50,269.313932
-11.12497,50,269.350805
-6.838614,50,270.139083
-6.005704,50,270.178508
-11.029784,50,270.219193
-19.923265,50,270.259483
-21.745449,50,270.29926
-11.675067,50,270.339844
-16.424364,50,270.381396
-14.646018,50,270.419875
-18.781093,50,270.458776
-20.447631,50,270.499352
-18.367183,50,270.540887
-16.903333,50,270.580423
-17.888133,50,270.620788
-9.301083,50,270.660822
-9.806423,50,270.70158
-19.816209,50,270.737925
-7.86623,50,270.775807
-6.215696,50,270.814317
-5.182494,50,270.853263
-14.505987,50,270.878808
-21.505775,50,270.904583
-22.019416,50,270.942861
-5.853027,50,270.982433
-19.119426,50,271.020743
-20.632898,50,271.060031
-19.198943,50,271.102337
-5.330782,50,271.145047
-13.696188,50,271.187322
-16.826917,50,271.226702
-15.818277,50,271.265766
-11.329394,50,271.306641
-20.711208,50,271.349969
-18.943025,50,271.390932
-9.704882,50,271.42819
-9.554443,50,271.471588
-7.319027,50,271.510961
-12.981599,50,271.550694
-22.442517,50,271.590724
-20.462845,50,271.629507
-17.957364,50,271.667464
-21.943255,50,271.705948
-14.244495,50,272.423822
-15.439665,50,272.461878
-12.341195,50,272.499922
-6.961105,50,272.539326
-12.588603,50,272.579474
-15.629985,50,272.619381
-15.691707,50,272.658159
-11.814856,50,272.700314
-11.233408,50,272.738906
-6.483551,50,272.776914
-18.609773,50,272.81865
-6.31479,50,272.859791
-3.086231,50,272.897966
-18.049123,50,272.936658
-13.385408,50,272.973985
-14.98202,50,273.01588
-9.456064,50,273.054747
-20.329415,50,273.097723
-8.529285,50,273.136563
-13.997416,50,273.178357
-20.821292,50,273.217303
-16.6097,50,273.254683
-3.448008,50,273.29463
-21.229105,50,273.33742
-12.16223,50,273.377831
-23.051535,50,273.417561
-14.943729,50,273.454817
-18.253911,50,273.487617
-10.201593,50,273.527504
-12.135785,50,273.568385
-16.978251,50,273.604805
-17.934087,50,273.645656
-10.711325,50,273.684554
-10.161329,50,273.72858
-20.108614,50,273.767516
-15.84088,50,273.809011
-10.316625,50,273.851443
-21.884633,50,273.889358
-11.951331,50,273.932073
-20.922541,50,273.971093
-22.031118,50,274.015136
-10.018041,50,274.591041
-22.388228,50,274.631079
-19.048796,50,274.670882
-11.887034,50,274.702596
-6.445604,50,274.727837
-13.446581,50,274.75303
-14.41029,50,274.795822
-17.036554,50,274.83756
-17.967929,50,274.875026
-7.764947,50,274.918452
-20.985704,50,274.958442
-10.059528,50,274.998391
-8.940157,50,275.036859
-20.728772,50,275.072737
-19.073435,50,275.099144
-13.23786,50,275.138366
-16.787849,50,275.176875
-15.006114,50,275.21719
-19.049053,50,275.255167
-14.779677,50,275.293299
-15.319094,50,275.322328
-6.578594,50,275.363519
-6.631709,50,275.402648
-7.281862,50,275.44221
-19.531561,50,275.481828
-12.315228,50,275.516392
-16.898055,50,275.546127
-15.928656,50,275.584343
-17.922344,50,275.625811
-16.40077,50,275.665592
-16.512392,50,275.707935
-13.907111,50,275.748665
-15.221455,50,275.787283
-22.701195,50,275.828681
-7.246664,50,275.865441
-23.253636,50,275.90952
-17.306008,50,275.94729
-10.465767,50,275.967705
-16.530222,50,275.988016
-10.887376,50,276.014147
-17.370277,50,276.055629
-12.318325,50,276.753799
-15.333944,50,276.789851
-12.235067,50,276.832249
-13.397951,50,276.867465
-14.102222,50,276.90797
-7.050887,50,276.948356
-4.04689,50,276.98975
-8.313105,50,277.030619
-20.235257,50,277.068394
-14.708912,50,277.109134
-17.901179,50,277.149218
-16.382925,50,277.189351
-12.77211,50,277.227862
-15.122614,50,277.263146
-8.086401,50,277.305348
-17.874865,50,277.343897
-8.039918,50,277.383619
-12.840108,50,277.423383
-18.231806,50,277.462389
-8.105767,50,277.503235
-20.226761,50,277.543417
-4.238309,50,277.584394
-10.918348,50,277.622136
-15.827552,50,277.658975
-10.609991,50,277.700101
-14.900091,50,277.737161
-21.178801,50,277.779196
-10.146749,50,277.818888
-19.376692,50,277.856098
-8.836037,50,277.895655
-9.358116,50,277.931655
-18.815844,50,277.971536
-14.273316,50,278.008935
-20.458499,50,278.050111
-21.506261,50,278.087692
-14.587676,50,278.127468
-9.10562,50,278.164153
-13.25391,50,278.204611
-6.14455,50,278.244277
-22.455922,50,278.283681
-8.972264,50,278.318597
-14.963003,50,279.009708
-7.289139,50,279.052387
-6.6271,50,279.091134
-10.795511,50,279.131821
-4.794001,50,279.170535
-11.706705,50,279.210198
-14.096405,50,279.253659
-7.088757,50,279.296039
-10.797498,50,279.332808
-20.072317,50,279.373845
-5.901241,50,279.414455
-16.375433,50,279.456107
-9.654073,50,279.496447
-14.388688,50,279.53465
-16.545247,50,279.578606
-21.394641,50,279.61826
-10.059123,50,279.653757
-19.96838,50,279.694649
-4.827277,50,279.734891
-16.21776,50,279.775296
-11.112865,50,279.814616
-15.08801,50,279.854805
-15.190537,50,279.895386
-19.831816,50,279.932282
-15.109389,50,279.971663
-17.98255,50,280.012933
-21.80743,50,280.054132
-12.870762,50,280.094923
-13.242313,50,280.135346
-14.061792,50,280.174383
-6.202981,50,280.21261
-18.30986,50,280.251242
-19.931578,50,280.292662
-18.053998,50,280.331026
-12.762374,50,280.372336
-17.65799,50,280.412392
-13.777123,50,280.451718
-18.078106,50,280.490077
-18.2664,50,280.529609
-12.403857,50,280.571554
-17.345538,50,280.610969
-20.407337,50,281.293649
-9.08451,50,281.33571
-10.402913,50,281.373249
-6.877609,50,281.411721
-20.104617,50,281.451786
-22.355139,50,281.493892
-17.796941,50,281.532994
-18.088704,50,281.573739
-5.610791,50,281.611155
-18.281105,50,281.649486
-17.487097,50,281.690172
-17.080583,50,281.729125
-10.00865,50,281.76823
-14.709562,50,281.809812
-19.414596,50,281.846471
-23.147793,50,281.884121
-15.385877,50,281.923509
-16.708008,50,281.964051
-19.920722,50,282.004737
-10.87547,50,282.047082
-8.975378,50,282.0845
-18.832927,50,282.12672
-7.608171,50,282.166075
-13.692727,50,282.207494
-5.757499,50,282.246567
-9.442503,50,282.28676
-12.331667,50,282.324317
-15.833928,50,282.365635
-15.826879,50,282.405201
-9.875009,50,282.445664
-18.306924,50,282.486277
-13.727716,50,282.529791
-7.077815,50,282.56719
-14.998075,50,282.606706
-15.163724,50,282.648097
-16.424965,50,282.686166
-21.802364,50,282.724944
-16.179264,50,282.765137
-10.616024,50,282.801101
-9.934189,50,282.838213
-18.292992,50,282.877172
-13.115275,50,283.50063
-13.482325,50,283.540812
-16.537713,50,283.578155
-8.725255,50,283.614751
-19.400646,50,283.653247
-15.96033,50,283.690169
-4.890804,50,283.727696
-7.400354,50,283.767276
-9.652377,50,283.802262
-9.882346,50,283.842377
-16.750709,50,283.881234
-19.838031,50,283.915928
-14.442259,50,283.954472
-19.269171,50,283.994646
-11.354293,50,284.033408
-14.538068,50,284.073791
-20.987952,50,284.112435
-13.706085,50,284.151461
-23.345057,50,284.191288
-12.267781,50,284.228452
-14.419853,50,284.269311
-5.572696,50,284.308238
-18.997811,50,284.346484
-20.298319,50,284.39011
-9.012062,50,284.429168
-15.59437,50,284.469917
-10.753724,50,284.506193
-14.710709,50,284.546736
-6.51243,50,284.58666
-7.714246,50,284.626294
-12.014297,50,284.669728
-7.024556,50,284.710772
-16.542702,50,284.751695
-12.079383,50,284.788635
-21.957362,50,284.831119
-20.473519,50,284.867753
-5.655738,50,284.908547
-22.75738,50,284.945231
-19.790311,50,284.985507
-12.346306,50,285.027658
-13.918468,50,285.068652
-7.896789,50,285.786317
-16.596523,50,285.82755
-16.936082,50,285.867478
-9.624564,50,285.906692
-14.504486,50,285.947578
-15.282756,50,285.986614
-11.971445,50,286.023777
-6.001881,50,286.064437
-9.824019,50,286.103461
-8.335921,50,286.141903
-15.038049,50,286.183579
-13.677606,50,286.22612
-8.737767,50,286.262892
-20.760437,50,286.303704
-8.334295,50,286.344297
-11.809856,50,286.385375
-21.393892,50,286.427556
-7.57804,50,286.467606
-8.991598,50,286.507776
-11.406925,50,286.546622
-20.522642,50,286.584384
-9.076157,50,286.619317
-10.86358,50,286.659468
-15.620515,50,286.699337
-19.813922,50,286.739311
-20.302091,50,286.779742
-8.23637,50,286.819267
-18.945129,50,286.859859
-21.090989,50,286.900804
-16.428751,50,286.941777
-16.434175,50,286.982136
-20.220712,50,287.021477
-11.756415,50,287.062909
-9.115721,50,287.100594
-6.38152,50,287.140282
-23.123779,50,287.177482
-19.606385,50,287.219477
-5.682651,50,287.258412
-20.058964,50,287.299693
-10.395036,50,287.338629
-17.628087,50,287.376471
-16.151497,50,288.176281
-17.411707,50,288.221586
-10.799411,50,288.260776
-9.581597,50,288.299326
-12.671379,50,288.339376
-10.376042,50,288.379797
-8.827414,50,288.417372
-17.020376,50,288.45565
-22.574278,50,288.497837
-17.407619,50,288.539524
-4.227975,50,288.577456
-15.002402,50,288.61827
-13.948072,50,288.655661
-10.383284,50,288.69838
-15.325736,50,288.736952
-16.670161,50,288.772348
-11.149764,50,288.815172
-10.798973,50,288.857785
-17.303659,50,288.89776
-12.39204,50,288.934547
-18.981695,50,288.973378
-14.569802,50,289.012906
-18.211387,50,289.054884
-20.697708,50,289.094519
-17.093092,50,289.135318
-14.517647,50,289.174927
-17.973792,50,289.215832
-22.660048,50,289.257076
-14.553669,50,289.296804
-16.757105,50,289.338717
-4.193684,50,289.377679
-16.886407,50,289.416646
-9.639405,50,289.458839
-11.082216,50,289.497395
-11.35938,50,289.53868
-14.85836,50,289.581163
-17.738756,50,289.618698
-17.09273,50,289.661067
-9.290915,50,289.70503
-5.293045,50,289.742413
-16.199173,50,289.785396
-8.897736,50,290.49825
-16.427852,50,290.537591
-13.516646,50,290.576647
-10.025476,50,290.614875
-12.287023,50,290.651755
-22.159709,50,290.690807
-7.327211,50,290.730486
-14.461951,50,290.772804
-12.351528,50,290.811468
-22.809659,50,290.852891
-15.526012,50,290.892548
-11.530182,50,290.928681
-18.212223,50,290.972332
-19.921342,50,291.012777
-19.295599,50,291.049695
-8.635459,50,291.088726
-17.470124,50,291.129313
-19.551406,50,291.166683
-22.20711,50,291.200938
-21.763507,50,291.243622
-18.968442,50,291.283745
-9.430186,50,291.319088
-9.422135,50,291.35833
-7.807191,50,291.396072
-19.610556,50,291.438292
-18.351857,50,291.476099
-16.845862,50,291.519372
-12.247747,50,291.561842
-14.108587,50,291.599854
-8.048176,50,291.637675
-21.313332,50,291.676689
-10.627075,50,291.717728
-6.139847,50,291.757583
-10.263831,50,291.794467
-13.233042,50,291.834614
-4.42826,50,291.873799
-15.935655,50,291.913713
-13.809269,50,291.949598
-13.991303,50,291.980015
-19.376228,50,292.015871
-10.869602,50,292.057036
-19.541676,50,292.651665
-4.535548,50,292.693514
-17.931277,50,292.736711
-14.30104,50,292.776136
-9.211022,50,292.814596
-15.806086,50,292.855108
-18.168712,50,292.892631
-17.494678,50,292.933643
-16.099791,50,292.972696
-21.199472,50,293.012542
-7.729217,50,293.053228
-21.458454,50,293.092761
-11.201111,50,293.134168
-4.156859,50,293.171371
-12.629458,50,293.211342
-14.689069,50,293.252008
-13.669365,50,293.291388
-20.670292,50,293.332412
-15.55356,50,293.368627
-11.966842,50,293.406715
-16.972967,50,293.449466
-18.364552,50,293.49061
-20.547464,50,293.532348
-11.18215,50,293.572747
-21.844734,50,293.609994
-21.496617,50,293.650741
-15.220301,50,293.690744
-17.799792,50,293.728419
-5.795469,50,293.768836
-6.107825,50,293.805634
-14.455669,50,293.84737
-11.809586,50,293.886199
-11.420852,50,293.924804
-14.448095,50,293.963693
-11.461494,50,294.002033
-21.622489,50,294.043724
-16.862788,50,294.083701
-12.127139,50,294.121738
-16.019859,50,294.160115
-18.317971,50,294.198992
-5.488748,50,294.956873
-10.868311,50,294.998856
-15.319211,50,295.039125
-13.162398,50,295.077415
-13.850588,50,295.117193
-21.4161,50,295.157421
-14.401122,50,295.197196
-12.866433,50,295.236423
-18.459011,50,295.271087
-20.287281,50,295.312753
-12.508621,50,295.352097
-12.354182,50,295.391956
-9.095468,50,295.430934
-10.532814,50,295.467854
-8.866303,50,295.505464
-3.458319,50,295.543271
-12.27068,50,295.583827
-9.101155,50,295.625472
-5.234007,50,295.661762
-18.404292,50,295.701138
-9.582998,50,295.740961
-9.314361,50,295.780975
-11.181976,50,295.81977
-14.477185,50,295.860163
-13.440466,50,295.898605
-10.914758,50,295.939754
-17.507539,50,295.978603
-17.014288,50,296.018906
-12.041384,50,296.057759
-14.982578,50,296.09673
-13.992687,50,296.135604
-18.232193,50,296.175839
-14.166625,50,296.214423
-19.366463,50,296.252737
-9.131487,50,296.291931
-17.013161,50,296.329824
-7.911409,50,296.37171
-16.889294,50,296.410279
-20.635996,50,296.447426
-5.504579,50,296.486384
-20.433572,50,296.525973
-20.422714,50,297.546057
-16.364729,50,297.582574
-14.330048,50,297.625233
-9.800076,50,297.662677
-9.825023,50,297.700606
-20.729124,50,297.739365
-16.329917,50,297.782261
-18.522448,50,297.821884
-20.739985,50,297.860291
-11.711941,50,297.903503
-8.904385,50,297.941848
-14.903623,50,297.980491
-11.611691,50,298.020641
-16.801279,50,298.061385
-21.15124,50,298.102154
-18.462183,50,298.140679
-3.778356,50,298.17756
-9.821888,50,298.218246
-21.202665,50,298.255131
-22.364737,50,298.292882
-19.17342,50,298.332951
-13.879088,50,298.368875
-14.241836,50,298.40587
-13.908994,50,298.446028
-9.425944,50,298.483253
-17.013524,50,298.522089
-21.405944,50,298.561001
-12.35959,50,298.601258
-11.827253,50,298.641454
-10.624817,50,298.681752
-20.341354,50,298.721577
-12.128188,50,298.758802
-15.120851,50,298.798418
-5.997621,50,298.837239
-13.983379,50,298.875539
-12.102053,50,298.918849
-5.877,50,298.957504
-19.288465,50,298.998773
-20.912487,50,299.039623
-16.678243,50,299.083019
-13.111171,50,299.123928
-7.289556,50,299.758016
-20.060129,50,299.795788
-11.024154,50,299.83358
-17.360734,50,299.876231
-12.808237,50,299.915776
-22.450209,50,299.954667
-10.50351,50,299.992206
-7.7258,50,300.03285
-17.307196,50,300.071482
-17.875393,50,300.111634
-10.128303,50,300.149012
-12.355463,50,300.189285
-14.296851,50,300.230186
-19.845418,50,300.266599
-22.286561,50,300.305214
-19.373426,50,300.344688
-11.900416,50,300.382767
-7.877772,50,300.420845
-18.707716,50,300.461154
-18.31366,50,300.499143
-9.913058,50,300.54074
-10.581844,50,300.581741
-18.205042,50,300.620399
-14.96187,50,300.659785
-9.828875,50,300.696856
-15.789614,50,300.738768
-15.110056,50,300.776786
-13.422078,50,300.817698
-12.032935,50,300.86194
-22.21483,50,300.902463
-4.181518,50,300.941666
-11.933436,50,300.981408
-9.366453,50,301.018633
-14.917459,50,301.059688
-14.162053,50,301.097878
-14.981477,50,301.135354
-18.26313,50,301.17644
-14.753292,50,301.214159
-11.373524,50,301.254416
-20.153958,50,301.28968
-13.757729,50,301.331727
-17.774237,50,302.107029
-17.508013,50,302.143204
-14.148288,50,302.182357
-15.640675,50,302.219837
-16.567632,50,302.25796
-10.789105,50,302.29933
-15.580315,50,302.335885
-18.859968,50,302.376185
-10.951287,50,302.417625
-7.899936,50,302.456831
-12.186693,50,302.493777
-11.803988,50,302.537465
-9.302176,50,302.578839
-17.196636,50,302.614609
-23.687684,50,302.654284
-10.684776,50,302.695546
-8.78033,50,302.73375
-9.132719,50,302.773739
-7.917399,50,302.813452
-12.101881,50,302.852449
-12.072056,50,302.891046
-5.893974,50,302.932621
-6.362287,50,302.970665
-8.136444,50,303.012141
-11.750281,50,303.052526
-9.699371,50,303.089291
-6.602998,50,303.130158
-8.909638,50,303.168293
-17.037433,50,303.209395
-17.53566,50,303.248265
-17.3119,50,303.283623
-14.451049,50,303.322946
-14.995803,50,303.362774
-3.574394,50,303.401853
-8.117492,50,303.44196
-21.03165,50,303.478896
-17.468463,50,303.518637
-15.074613,50,303.557441
-8.853717,50,303.597292
-20.263073,50,303.635716
-20.522056,50,303.674768
-4.443331,50,304.383967
-17.818388,50,304.420577
-11.497959,50,304.458117
-5.163909,50,304.498224
-9.081708,50,304.540936
-11.221204,50,304.58055
-15.48892,50,304.620035
-16.162709,50,304.657743
-17.74587,50,304.700617
-22.27109,50,304.74073
-13.974132,50,304.779107
-12.310598,50,304.819635
-5.886929,50,304.858931
-10.771826,50,304.898267
-12.281406,50,304.935307
-17.375679,50,304.97366
-12.669207,50,305.015582
-9.201662,50,305.054545
-19.44455,50,305.093769
-18.575862,50,305.133221
-9.514041,50,305.171212
-17.858446,50,305.212165
-21.198755,50,305.251602
-11.403592,50,305.291309
-6.58364,50,305.333675
-14.508553,50,305.372038
-5.23777,50,305.413311
-15.153897,50,305.453362
-10.212349,50,305.492204
-11.963556,50,305.530487
-16.711424,50,305.56964
-9.226187,50,305.609451
-10.541189,50,305.648512
-17.077049,50,305.686738
-22.084083,50,305.729549
-7.810232,50,305.771147
-19.408223,50,305.809311
-10.715107,50,305.843867
-8.453047,50,305.8846
-11.208487,50,305.923736
-14.20396,50,305.967237
-14.250752,50,306.744724
-3.746474,50,306.784521
-13.110132,50,306.825696
-18.381293,50,306.864277
-8.66255,50,306.905835
-17.352862,50,306.947887
-7.539647,50,306.988646
-20.581443,50,307.028698
-15.759382,50,307.06969
-20.915192,50,307.109614
-11.756804,50,307.14778
-8.011935,50,307.187616
-14.596927,50,307.226623
-16.417548,50,307.267616
-15.625003,50,307.307524
-13.074784,50,307.349306
-17.307532,50,307.389658
-14.3885,50,307.428022
-13.033972,50,307.468297
-6.740721,50,307.507752
-16.20874,50,307.550618
-14.894404,50,307.588856
-14.51596,50,307.632427
-10.958479,50,307.669445
-18.189679,50,307.711043
-13.590966,50,307.750426
-19.430192,50,307.787826
-18.190199,50,307.825696
-17.209213,50,307.864113
-17.49555,50,307.901756
-10.954544,50,307.941121
-23.16295,50,307.978537
-17.447533,50,308.021394
-21.697035,50,308.060344
-19.7158,50,308.100399
-13.116366,50,308.138636
-18.716559,50,308.179253
-9.716856,50,308.217236
-7.720429,50,308.256632
-7.474642,50,308.299223
-18.80741,50,308.340001
-9.329302,50,309.0321
-19.490372,50,309.072358
-7.898436,50,309.113087
-8.213981,50,309.153561
-11.879457,50,309.191792
-12.63666,50,309.233842
-10.819291,50,309.271571
-17.127826,50,309.312473
-10.833851,50,309.353371
-6.58351,50,309.392961
-13.555854,50,309.432924
-14.648528,50,309.472887
-8.085229,50,309.512271
-19.16517,50,309.552391
-15.423857,50,309.591801
-5.492951,50,309.633322
-21.226677,50,309.673072
-14.177124,50,309.713751
-16.270486,50,309.751673
-12.953336,50,309.79166
-18.855649,50,309.832767
-16.587916,50,309.873729
-3.982518,50,309.910932
-18.650446,50,309.952396
-11.479929,50,309.988972
-15.759299,50,310.028394
-15.124218,50,310.068665
-15.565461,50,310.109321
-4.062228,50,310.149659
-18.180144,50,310.189632
-17.828723,50,310.230333
-20.419376,50,310.267167
-15.788512,50,310.306376
-19.023368,50,310.34706
-14.229522,50,310.387682
-13.015577,50,310.424031
-19.002624,50,310.462739
-11.262544,50,310.505791
-23.449786,50,310.544267
-20.357615,50,310.587953
-13.158915,50,310.626755
-18.322406,50,311.221329
-13.193277,50,311.257168
-3.252937,50,311.295853
-20.313527,50,311.334139
-21.084714,50,311.374824
-19.280824,50,311.411487
-8.17247,50,311.450661
-7.400576,50,311.48595
-17.674919,50,311.523134
-21.387327,50,311.563235
-14.022058,50,311.60216
-13.120148,50,311.637622
-18.100228,50,311.678121
-19.233883,50,311.716926
-9.289103,50,311.754991
-15.64389,50,311.798303
-10.249148,50,311.834792
-12.974408,50,311.877016
-7.025765,50,311.915868
-8.788267,50,311.956957
-12.653226,50,311.996502
-17.814337,50,312.034363
-13.987358,50,312.074024
-19.342385,50,312.111345
-15.959737,50,312.147642
-5.940243,50,312.186603
-15.377325,50,312.22754
-22.847919,50,312.269417
-21.561467,50,312.308594
-9.972133,50,312.346992
-17.071135,50,312.385708
-14.255784,50,312.426864
-15.142892,50,312.468387
-17.960146,50,312.506799
-8.396929,50,312.54548
-20.691776,50,312.588171
-7.098014,50,312.626391
-20.653875,50,312.662411
-2.859205,50,312.705082
-9.405631,50,312.741391
-17.070519,50,312.782844
-16.094953,50,313.476899
-12.931263,50,313.515839
-7.731109,50,313.556456
-20.965937,50,313.593403
-20.593037,50,313.633755
-22.402385,50,313.674146
-14.320314,50,313.711215
-11.314287,50,313.749889
-12.598398,50,313.788722
-9.505259,50,313.828674
-20.580773,50,313.870885
-10.922126,50,313.911722
-17.141703,50,313.949601
-16.219045,50,313.987807
-6.657096,50,314.02783
-12.80402,50,314.068018
-15.544785,50,314.107346
-15.930939,50,314.144762
-20.788634,50,314.183577
-6.965988,50,314.22265
-14.757231,50,314.261789
-7.671251,50,314.302684
-11.312439,50,314.34122
-9.2894,50,314.380875
-5.531722,50,314.418515
-18.936453,50,314.456496
-13.638044,50,314.497083
-3.334287,50,314.535761
-15.733381,50,314.574818
-16.352185,50,314.61242
-23.360133,50,314.651056
-16.918062,50,314.6794
-17.746834,50,314.720579
-11.878113,50,314.760609
-12.96155,50,314.802266
-8.830341,50,314.839556
-21.379009,50,314.878377
-7.820528,50,314.919265
-23.13086,50,314.954454
-14.440227,50,314.992336
-12.239231,50,315.033548
-15.044567,50,315.798906
-12.293076,50,315.837782
-17.060598,50,315.874279
-12.887103,50,315.91539
-4.280636,50,315.95472
-8.153275,50,315.994305
-19.906035,50,316.032397
-17.600051,50,316.072094
-4.678089,50,316.11074
-23.26875,50,316.150098
-21.01836,50,316.19126
-9.843759,50,316.230467
-8.060669,50,316.269663
-6.760973,50,316.309855
-18.761543,50,316.353466
-18.565704,50,316.396229
-17.165543,50,316.43339
-14.362441,50,316.476192
-23.199945,50,316.517543
-20.249497,50,316.560306
-14.036423,50,316.60135
-17.711591,50,316.641027
-8.835482,50,316.680305
-11.163811,50,316.721171
-18.982223,50,316.764209
-19.384309,50,316.806821
-8.313685,50,316.847636
-15.770716,50,316.888573
-14.041058,50,316.929091
-21.78774,50,316.967363
-10.806135,50,317.009701
-15.132136,50,317.048264
-5.208947,50,317.084801
-20.663273,50,317.123593
-17.998229,50,317.164324
-14.763464,50,317.205348
-12.886894,50,317.24631
-14.483201,50,317.289971
-17.294053,50,317.325047
-17.814815,50,317.367092
-13.380066,50,317.410715
-3.95845,50,318.394877
-13.830967,50,318.428282
-16.911253,50,318.46929
-12.136978,50,318.51029
-11.670581,50,318.549612
-11.151995,50,318.589487
-2.51503,50,318.628013
-15.961172,50,318.667461
-17.361019,50,318.706399
-20.243458,50,318.749675
-17.727101,50,318.794399
-10.413579,50,318.832769
-15.875377,50,318.871517
-11.924367,50,318.909812
-7.818791,50,318.951042
-21.06204,50,318.989604
-13.270735,50,319.029114
-8.947835,50,319.071292
-3.415073,50,319.111387
-5.832322,50,319.147132
-13.712757,50,319.1893
-12.145754,50,319.225916
-8.574745,50,319.266552
-4.600268,50,319.307566
-16.712944,50,319.345139
-11.877505,50,319.38541
-15.174718,50,319.424796
-18.345861,50,319.465505
-22.42928,50,319.502497
-13.193812,50,319.541459
-20.789806,50,319.577311
-16.69176,50,319.604163
-18.158477,50,319.647804
-6.1304,50,319.688675
-21.131997,50,319.726243
-14.63868,50,319.766793
-21.672494,50,319.806271
-13.621963,50,319.843566
-8.389395,50,319.885122
-21.356404,50,319.921011
-8.093299,50,319.962805
-7.775254,50,320.746037
-14.032522,50,320.785097
-10.635946,50,320.826856
-16.434747,50,320.86973
-8.476209,50,320.909311
-5.536492,50,320.950148
-19.188498,50,320.989421
-11.046466,50,321.029022
-14.311451,50,321.067822
-21.114837,50,321.109179
-13.084395,50,321.149197
-10.254499,50,321.185749
-12.257539,50,321.226224
-11.595406,50,321.266659
-8.131186,50,321.304175
-15.866444,50,321.343651
-7.474491,50,321.381632
-20.260629,50,321.423484
-10.651692,50,321.46472
-13.203577,50,321.502539
-12.988069,50,321.546128
-10.889406,50,321.584165
-4.115309,50,321.62375
-16.234876,50,321.662375
-13.940919,50,321.699472
-13.893568,50,321.737926
-12.668026,50,321.775829
-14.468238,50,321.815052
-7.810685,50,321.854246
-11.411576,50,321.891767
-8.732903,50,321.932585
-22.118874,50,321.9732
-13.835387,50,322.014369
-17.747311,50,322.054229
-9.336468,50,322.096206
-16.379311,50,322.134701
-21.607155,50,322.170091
-11.017595,50,322.208263
-13.188032,50,322.245883
-23.004284,50,322.282792
-6.333384,50,322.324847
-13.922851,50,323.044238
-3.935634,50,323.084134
-7.967746,50,323.125195
-12.926004,50,323.163344
-16.74019,50,323.206489
-20.229251,50,323.248614
-7.535588,50,323.288322
-19.98483,50,323.326651
-14.802852,50,323.367243
-14.1808,50,323.406059
-4.392583,50,323.447294
-13.002066,50,323.484606
-8.779967,50,323.52567
-6.548658,50,323.565894
-10.104785,50,323.603761
-11.459256,50,323.644546
-13.370436,50,323.684717
-10.142584,50,323.722321
-20.509583,50,323.763482
-16.84251,50,323.802944
-19.395468,50,323.838792
-11.281235,50,323.87717
-19.83491,50,323.916503
-14.496758,50,323.956699
-18.84937,50,323.995544
-21.012938,50,324.035534
-9.119475,50,324.077175
-10.724857,50,324.118187
-11.778254,50,324.15564
-16.187095,50,324.195298
-18.577567,50,324.23632
-11.97292,50,324.274592
-7.621149,50,324.315458
-17.864086,50,324.356076
-12.514402,50,324.394523
-17.947239,50,324.434077
-12.783407,50,324.467763
-17.457894,50,324.509928
-9.131915,50,324.549298
-20.07944,50,324.589691
-15.358956,50,324.63014
-12.850612,50,325.319529
-4.660149,50,325.355801
-19.991322,50,325.39351
-11.750104,50,325.432507
-9.030412,50,325.471246
-9.626258,50,325.510673
-13.002834,50,325.551932
-17.590919,50,325.588098
-14.828867,50,325.629527
-12.350556,50,325.668145
-19.611095,50,325.709136
-8.06334,50,325.749
-19.192565,50,325.7845
-11.415055,50,325.82622
-18.752004,50,325.866357
-15.320859,50,325.904356
-19.543095,50,325.940923
-15.771154,50,325.980263
-12.558862,50,326.020131
-16.26896,50,326.060773
-12.356575,50,326.101233
-22.134118,50,326.141717
-14.395347,50,326.181323
-16.285046,50,326.217802
-7.418948,50,326.257438
-16.930677,50,326.295746
-4.203433,50,326.337241
-8.954987,50,326.369767
-17.637155,50,326.405672
-2.273942,50,326.445165
-11.078026,50,326.484792
-11.255141,50,326.521382
-18.889446,50,326.559833
-14.271458,50,326.595886
-10.365631,50,326.635779
-16.914687,50,326.674682
-13.333553,50,326.714489
-10.357712,50,326.749869
-16.282233,50,326.788716
-16.585615,50,326.830251
-14.9602,50,326.868727
-19.608737,50,327.587598
-21.648831,50,327.625506
-7.289704,50,327.665512
-15.762126,50,327.700921
-6.922595,50,327.741313
-10.153799,50,327.779753
-17.892801,50,327.81953
-12.85838,50,327.858438
-21.569564,50,327.896647
-12.209685,50,327.93548
-10.78951,50,327.974667
-11.715342,50,328.013361
-20.907009,50,328.052507
-14.632253,50,328.094975
-20.836588,50,328.132025
-14.90221,50,328.171502
-10.977004,50,328.209883
-17.570099,50,328.252002
-13.120393,50,328.287438
-12.523935,50,328.33015
-16.484952,50,328.367504
-10.469967,50,328.407368
-21.499533,50,328.445595
-7.431834,50,328.487285
-10.411842,50,328.525918
-11.614814,50,328.564631
-6.597726,50,328.605703
-17.584327,50,328.64433
-16.222427,50,328.683427
-21.126661,50,328.724172
-11.249894,50,328.763476
-17.250679,50,328.804483
-10.972054,50,328.844594
-14.06548,50,328.887048
-13.295592,50,328.925162
-21.737386,50,328.967115
-11.560345,50,329.007943
-8.198886,50,329.046285
-20.098153,50,329.08768
-20.926011,50,329.130584
-12.377864,50,329.168901
-10.754663,50,329.819745
-19.19349,50,329.860817
-22.500921,50,329.900399
-8.918087,50,329.941386
-8.620661,50,329.978404
-7.200763,50,330.017978
-15.362579,50,330.054924
-8.653836,50,330.092229
-12.710846,50,330.133917
-16.314293,50,330.171737
-21.568256,50,330.211537
-4.501183,50,330.250525
-7.555194,50,330.290337
-14.12782,50,330.329928
-7.31219,50,330.368504
-16.531642,50,330.407071
-10.809875,50,330.448675
-7.112577,50,330.489125
-20.924458,50,330.529704
-11.109778,50,330.568764
-17.474407,50,330.604823
-10.718606,50,330.64322
-7.182006,50,330.682513
-14.712247,50,330.723327
-9.97937,50,330.759791
-10.363154,50,330.79864
-5.449048,50,330.837716
-21.935667,50,330.87638
-9.916359,50,330.912224
-21.013303,50,330.952555
-20.236464,50,330.992634
-5.100174,50,331.033662
-15.910327,50,331.076508
-6.981844,50,331.114775
-12.404118,50,331.152692
-15.867298,50,331.194412
-19.237044,50,331.23275
-7.179066,50,331.271407
-14.541382,50,331.311218
-16.112437,50,331.350889
-15.008234,50,331.387455
-19.372694,50,332.057565
-7.516955,50,332.097251
-8.855663,50,332.138474
-9.056687,50,332.178208
-16.621153,50,332.215677
-13.639387,50,332.256755
-19.40742,50,332.29642
-17.574173,50,332.336384
-15.393924,50,332.371789
-17.830459,50,332.411345
-13.180987,50,332.44805
-13.080643,50,332.487712
-13.35431,50,332.526865
-15.720034,50,332.565193
-8.511944,50,332.603612
-17.745723,50,332.642633
-17.581627,50,332.685692
-17.308203,50,332.724143
-5.781463,50,332.763117
-20.506308,50,332.803091
-7.295611,50,332.845336
-11.991188,50,332.882511
-18.367225,50,332.922595
-4.095199,50,332.961092
-11.395899,50,333.000666
-6.421891,50,333.040748
-8.36856,50,333.079485
-17.896968,50,333.117637
-14.060558,50,333.159666
-15.423753,50,333.200928
-20.010875,50,333.241073
-16.028278,50,333.277805
-12.066937,50,333.31755
-13.665235,50,333.356639
-16.573099,50,333.397536
-7.594398,50,333.437304
-17.869217,50,333.479392
-9.961891,50,333.515085
-10.374417,50,333.55366
-3.795751,50,333.595349
-17.257244,50,333.633141
-13.940816,50,334.376204
-9.177034,50,334.414678
-11.571424,50,334.455602
-6.029276,50,334.495521
-15.633777,50,334.536209
-13.161362,50,334.576962
-12.365181,50,334.615838
-20.680575,50,334.655323
-11.995175,50,334.699231
-21.761021,50,334.737876
-14.017224,50,334.775249
-13.313497,50,334.814977
-11.030209,50,334.853673
-19.223787,50,334.891546
-21.611492,50,334.930803
-15.145844,50,334.969684
-19.657855,50,335.009739
-9.76797,50,335.04867
-11.958682,50,335.089621
-12.886694,50,335.127653
-11.990869,50,335.170756
-13.69656,50,335.209928
-4.985676,50,335.251716
-5.921803,50,335.289661
-10.181913,50,335.328867
-10.039598,50,335.356169
-17.729042,50,335.397986
-17.546082,50,335.439266
-5.420089,50,335.479499
-10.836304,50,335.517385
-11.962145,50,335.555474
-11.07043,50,335.594767
-14.735571,50,335.63431
-14.320617,50,335.673434
-12.80196,50,335.713774
-12.810062,50,335.753525
-5.797378,50,335.791678
-17.324189,50,335.830715
-17.221398,50,335.867248
-9.833005,50,335.9059
-16.378738,50,335.943543
-11.724545,50,336.645575
-15.910088,50,336.689819
-15.99509,50,336.727468
-14.435326,50,336.770596
-10.759549,50,336.813218
-6.988182,50,336.856371
-10.647589,50,336.899402
-19.334121,50,336.938215
-13.646065,50,336.978273
-21.944403,50,337.01671
-6.933518,50,337.058087
-14.8789,50,337.09655
-6.364413,50,337.135465
-17.610516,50,337.177243
-20.307481,50,337.217873
-9.183149,50,337.256769
-18.823112,50,337.298492
-19.815658,50,337.340493
-8.852132,50,337.383197
-5.926336,50,337.423367
-21.903177,50,337.460578
-10.920116,50,337.502494
-15.29381,50,337.540581
-5.688644,50,337.579763
-12.334005,50,337.618026
-13.517635,50,337.657662
-18.326639,50,337.696702
-3.828086,50,337.735415
-10.7732,50,337.769044
-16.061366,50,337.788945
-4.471289,50,337.808823
-5.789461,50,337.830662
-14.786683,50,337.874021
-21.981702,50,337.911466
-15.040123,50,337.955617
-14.382258,50,337.996558
-6.91125,50,338.036822
-8.670678,50,338.080874
-20.729173,50,338.119775
-15.77488,50,338.159402
-17.185416,50,338.196281
-15.74968,50,338.775867
-12.036309,50,338.815454
-16.879648,50,338.855349
-13.803112,50,338.895159
-16.921359,50,338.93384
-18.299317,50,338.973033
-8.807202,50,339.009507
-19.8497,50,339.049201
-19.489812,50,339.087065
-4.881428,50,339.128134
-13.518187,50,339.166712
-13.139459,50,339.205177
-19.747021,50,339.241267
-16.595985,50,339.279313
-18.35417,50,339.318388
-15.97324,50,339.357103
-7.989014,50,339.396655
-5.393584,50,339.436389
-21.104796,50,339.474413
-17.124998,50,339.51833
-14.151375,50,339.556513
-13.122309,50,339.595893
-15.986412,50,339.633692
-9.462433,50,339.676753
-21.189236,50,339.716888
-20.150162,50,339.753097
-11.827492,50,339.792928
-12.408556,50,339.831368
-14.979253,50,339.871466
-8.432645,50,339.910839
-4.44835,50,339.949972
-8.350583,50,339.989624
-14.467003,50,340.028345
-7.902261,50,340.067621
-13.813448,50,340.106891
-19.999904,50,340.14352
-13.062313,50,340.183693
-10.444472,50,340.221498
-14.462862,50,340.262789
-9.257222,50,340.303854
-6.346797,50,340.347337
-13.570822,50,340.902022
-8.506237,50,340.943752
-9.147841,50,340.97876
-20.959969,50,341.020207
-6.658515,50,341.057793
-18.029834,50,341.099463
-18.094185,50,341.136865
-15.275673,50,341.173816
-18.609477,50,341.213347
-15.242587,50,341.252086
-19.761481,50,341.293252
-13.907311,50,341.333953
-19.868169,50,341.370661
-17.427524,50,341.398572
-17.425945,50,341.434494
-13.592927,50,341.474645
-13.646832,50,341.515606
-5.771502,50,341.55476
-6.096468,50,341.594801
-10.041249,50,341.626132
-17.661217,50,341.67265
-18.803903,50,341.712229
-17.526874,50,341.751781
-20.166629,50,341.793597
-18.877737,50,341.835445
-16.539123,50,341.876882
-13.385287,50,341.916393
-17.589352,50,341.95742
-15.157797,50,341.998283
-17.513025,50,342.04072
-14.407226,50,342.07854
-15.391678,50,342.12029
-18.280175,50,342.157166
-13.292887,50,342.198637
-17.291283,50,342.237385
-9.945092,50,342.280192
-13.630248,50,342.320589
-6.161757,50,342.359745
-12.722612,50,342.400675
-6.203018,50,342.438188
-9.497183,50,342.478873
-9.642194,50,343.16065
-16.802132,50,343.204249
-7.354709,50,343.241535
-13.283005,50,343.284166
-11.220981,50,343.321246
-21.021473,50,343.361444
-13.164337,50,343.401285
-14.37948,50,343.441759
-14.373687,50,343.48247
-19.461898,50,343.521862
-18.34205,50,343.560423
-20.595185,50,343.599866
-7.526818,50,343.640345
-17.020487,50,343.678748
-21.455336,50,343.714825
-17.578928,50,343.755166
-9.901659,50,343.794589
-12.469535,50,343.835749
-14.475883,50,343.875659
-21.25944,50,343.914784
-15.60582,50,343.954475
-7.825141,50,343.994591
-18.047766,50,344.036383
-6.790661,50,344.075128
-14.563964,50,344.115064
-17.191113,50,344.152786
-13.099251,50,344.192736
-15.497497,50,344.234022
-16.85191,50,344.272759
-19.383426,50,344.315916
-10.68536,50,344.354355
-13.11543,50,344.396624
-15.751723,50,344.436954
-6.748449,50,344.473326
-8.98229,50,344.510828
-8.136084,50,344.552894
-20.706231,50,344.58868
-18.051042,50,344.628401
-13.652072,50,344.665557
-21.103555,50,344.70563
-7.700679,50,344.746018
-6.207322,50,345.496896
-11.40613,50,345.534485
-11.341632,50,345.575748
-11.336684,50,345.61484
-14.687664,50,345.641149
-13.48698,50,345.684314
-13.827819,50,345.721272
-16.898052,50,345.76062
-16.879211,50,345.795945
-8.468884,50,345.833801
-6.819995,50,345.873169
-16.316235,50,345.911006
-16.549089,50,345.947505
-6.923758,50,345.989389
-5.042184,50,346.028433
-16.548521,50,346.06948
-16.259079,50,346.110595
-16.687445,50,346.148855
-13.59474,50,346.19011
-17.793061,50,346.230542
-19.529088,50,346.269425
-6.629861,50,346.309008
-22.67995,50,346.345322
-15.509194,50,346.383729
-19.057428,50,346.424294
-13.974382,50,346.460837
-11.910072,50,346.499068
-15.770319,50,346.541469
-16.494925,50,346.579285
-8.763173,50,346.619619
-17.741946,50,346.659937
-12.410251,50,346.6973
-20.022625,50,346.739601
-16.672026,50,346.781755
-18.702252,50,346.817435
-18.214017,50,346.857594
-13.890702,50,346.897851
-15.589387,50,346.939844
-16.184496,50,346.976689
-17.347759,50,347.020669
-8.008459,50,347.060235
-15.828287,50,347.952443
-22.240454,50,347.991138
-16.874785,50,348.031473
-13.044022,50,348.073192
-14.784813,50,348.11117
-18.646258,50,348.148662
-19.228792,50,348.186731
-13.679548,50,348.224462
-8.65443,50,348.262985
-13.940344,50,348.303649
-12.939097,50,348.344457
-18.093072,50,348.383558
-11.498896,50,348.423967
-5.455681,50,348.458558
-19.994955,50,348.500611
-10.032804,50,348.540488
-17.538094,50,348.580953
-14.595809,50,348.620958
-12.895794,50,348.657692
-7.529786,50,348.702741
-8.66292,50,348.741924
-6.102889,50,348.77926
-14.177106,50,348.819579
-15.464803,50,348.856509
-17.630186,50,348.898591
-17.015789,50,348.937805
-4.981112,50,348.974159
-14.500806,50,349.013821
-19.530535,50,349.052438
-11.038599,50,349.093622
-7.758565,50,349.133462
-10.555558,50,349.172532
-19.440979,50,349.212427
-15.334621,50,349.248364
-17.248656,50,349.289654
-7.554703,50,349.329277
-9.34814,50,349.370438
-20.526469,50,349.408172
-10.782148,50,349.446905
-16.062498,50,349.487441
-13.342096,50,349.525355
-16.611528,50,350.2433
-13.578151,50,350.283301
-14.170859,50,350.322202
-13.602955,50,350.362302
-16.913592,50,350.4009
-9.457659,50,350.440504
-12.320024,50,350.468394
-17.00451,50,350.502811
-21.259008,50,350.543621
-14.515336,50,350.582806
-17.448135,50,350.621065
-21.218479,50,350.658491
-8.093583,50,350.696727
-11.83874,50,350.738483
-7.884525,50,350.776802
-16.965646,50,350.818352
-13.043842,50,350.856717
-19.437235,50,350.893352
-20.344923,50,350.933732
-17.218462,50,350.97481
-5.147446,50,351.01458
-20.04967,50,351.054858
-11.842888,50,351.09437
-18.407812,50,351.134448
-20.777593,50,351.174171
-17.11195,50,351.208712
-5.88957,50,351.248813
-8.665073,50,351.286979
-10.95827,50,351.328207
-4.682301,50,351.367489
-18.46753,50,351.406809
-19.909161,50,351.447477
-8.969369,50,351.485696
-11.026208,50,351.525908
-13.94491,50,351.566173
-16.08531,50,351.598706
-5.650315,50,351.638326
-9.689182,50,351.677782
-2.992479,50,351.717351
-11.386149,50,351.75762
-18.572499,50,352.449888
-9.731143,50,352.476563
-17.125752,50,352.518073
-15.41551,50,352.554485
-21.033651,50,352.594724
-4.893818,50,352.636357
-18.988586,50,352.673644
-4.072926,50,352.714646
-2.805492,50,352.755824
-4.211558,50,352.795155
-20.585382,50,352.835588
-8.929091,50,352.875543
-9.652426,50,352.915581
-8.569824,50,352.957228
-20.239471,50,352.995951
-15.111807,50,353.036798
-9.66528,50,353.075636
-15.437806,50,353.114025
-21.102221,50,353.153409
-10.067386,50,353.190839
-12.237203,50,353.228869
-17.85664,50,353.266517
-8.115674,50,353.303591
-8.618741,50,353.342564
-12.148771,50,353.383926
-19.839863,50,353.420882
-18.236191,50,353.461355
-18.181326,50,353.499264
-12.962039,50,353.540711
-9.889952,50,353.582184
-10.744348,50,353.623461
-16.913532,50,353.664444
-12.52061,50,353.703391
-9.361873,50,353.740413
-13.814387,50,353.78189
-14.900947,50,353.82324
-8.460176,50,353.863968
-15.926395,50,353.903393
-15.460985,50,353.942382
-9.295368,50,353.98546
-18.88299,50,354.025403
-5.431313,50,354.910481
-11.418369,50,354.948477
-10.997809,50,354.987666
-17.474394,50,355.02951
-10.417493,50,355.065509
-14.475909,50,355.100415
-18.876925,50,355.140945
-13.801477,50,355.176085
-8.772189,50,355.216841
-21.102191,50,355.255283
-9.518051,50,355.291587
-12.339899,50,355.334657
-17.57241,50,355.372216
-12.857651,50,355.410237
-16.805431,50,355.451365
-15.49401,50,355.488221
-5.897559,50,355.530337
-2.798426,50,355.567916
-10.892455,50,355.606642
-9.247168,50,355.644166
-7.828583,50,355.681786
-16.566418,50,355.723133
-10.810989,50,355.759497
-12.694669,50,355.796827
-12.11342,50,355.837203
-10.39487,50,355.872254
-2.84599,50,355.892376
-4.915173,50,355.912492
-4.665003,50,355.93718
-5.286142,50,355.978739
-17.761677,50,356.019205
-15.023377,50,356.060983
-16.535073,50,356.101673
-20.643196,50,356.138793
-18.763384,50,356.177621
-17.270342,50,356.218788
-4.145099,50,356.257502
-15.427462,50,356.296937
-6.24929,50,356.333391
-15.961796,50,356.375993
-7.679004,50,356.41657
-4.81368,50,357.368014
-19.961037,50,357.409194
-6.103534,50,357.449823
-19.154531,50,357.48791
-17.918588,50,357.526998
-15.358306,50,357.570493
-16.521093,50,357.608999
-8.511767,50,357.647799
-3.381118,50,357.690068
-12.624248,50,357.725335
-13.756897,50,357.767801
-13.709893,50,357.806517
-17.047222,50,357.847518
-7.353148,50,357.887773
-18.20043,50,357.927504
-13.915934,50,357.966786
-10.001549,50,358.005166
-12.676773,50,358.044437
-10.119138,50,358.082329
-18.772202,50,358.123661
-12.757175,50,358.160527
-3.061269,50,358.202934
-16.660251,50,358.244476
-21.866154,50,358.281766
-16.714745,50,358.320246
-13.486068,50,358.361084
-7.528113,50,358.402493
-21.242374,50,358.442115
-14.105694,50,358.48045
-6.591932,50,358.519763
-15.117421,50,358.557883
-15.539732,50,358.597041
-19.347494,50,358.640021
-20.253002,50,358.678687
-12.967792,50,358.719086
-19.219844,50,358.758708
-12.841448,50,358.794633
-20.521723,50,358.835441
-13.143694,50,358.873641
-12.01135,50,358.914682
-18.488897,50,358.953974
-8.543859,50,359.743894
-17.941766,50,359.784192
-7.302476,50,359.822537
-21.480239,50,359.861829
-7.424059,50,359.903111
-17.071718,50,359.943136
-5.320411,50,359.980903
-15.645272,50,360.021148
-15.766247,50,360.060456
-9.193189,50,360.100466
-9.713935,50,360.139293
-8.714795,50,360.180031
-9.336556,50,360.218803
-15.500385,50,360.260636
-8.429846,50,360.299174
-2.998864,50,360.340417
-8.810759,50,360.381646
-13.38235,50,360.418466
-3.858721,50,360.456602
-17.763794,50,360.494315
-8.558814,50,360.534182
-19.997168,50,360.57069
-3.93745,50,360.61238
-13.181249,50,360.651049
-17.175859,50,360.690671
-16.028297,50,360.730672
-3.784369,50,360.770892
-11.856782,50,360.811431
-9.15096,50,360.848518
-9.072356,50,360.886343
-19.114887,50,360.92554
-16.068144,50,360.964076
-14.188207,50,361.003588
-8.710169,50,361.043878
-13.45286,50,361.085233
-13.07632,50,361.125235
-19.169378,50,361.16235
-16.158065,50,361.201235
-13.274743,50,361.240698
-12.202454,50,361.280274
-10.494252,50,361.320169
-18.120028,50,362.290188
-4.219953,50,362.33076
-17.431161,50,362.372083
-8.951586,50,362.410457
-17.311923,50,362.450346
-6.944579,50,362.487865
-4.898653,50,362.528327
-19.248371,50,362.568138
-15.250595,50,362.604653
-11.950303,50,362.643778
-15.601031,50,362.683078
-10.329202,50,362.719629
-11.974804,50,362.760725
-9.184259,50,362.799236
-15.478015,50,362.838344
-4.761414,50,362.880155
-15.514369,50,362.916896
-14.79453,50,362.955668
-15.37841,50,362.997316
-8.439431,50,363.036896
-14.488449,50,363.074179
-8.630043,50,363.110685
-13.201672,50,363.152662
-12.249352,50,363.194007
-4.041595,50,363.228304
-7.059634,50,363.269022
-10.234807,50,363.306304
-5.491813,50,363.34231
-14.755476,50,363.382414
-10.136365,50,363.419173
-20.281525,50,363.462235
-19.663222,50,363.501182
-4.139251,50,363.539463
-7.744631,50,363.577641
-15.040138,50,363.618325
-15.923703,50,363.658228
-10.987478,50,363.69607
-8.254741,50,363.732932
-5.441204,50,363.771271
-15.66003,50,363.810694
-4.360837,50,363.84851
-10.695567,50,364.574674
-18.04595,50,364.613576
-10.164504,50,364.652754
-18.888258,50,364.696251
-9.183414,50,364.73677
-17.849247,50,364.774873
-15.985881,50,364.81452
-12.99176,50,364.856307
-14.49926,50,364.894423
-9.1981,50,364.933493
-19.779555,50,364.971881
-10.576838,50,365.009174
-12.407759,50,365.049763
-12.218673,50,365.090335
-21.107586,50,365.12847
-15.537963,50,365.166499
-10.473867,50,365.204891
-19.881016,50,365.244362
-20.619632,50,365.285572
-14.348864,50,365.323725
-19.780142,50,365.363732
-7.347006,50,365.403387
-11.927782,50,365.44164
-21.692685,50,365.476751
-19.260306,50,365.517268
-12.467271,50,365.558749
-17.14849,50,365.595578
-16.38837,50,365.635252
-6.941749,50,365.672687
-20.744842,50,365.712629
-17.468936,50,365.752335
-4.010816,50,365.787197
-6.102485,50,365.827384
-13.017122,50,365.865368
-15.400025,50,365.904182
-15.618186,50,365.945301
-19.101072,50,365.984828
-16.104453,50,366.023033
-7.837075,50,366.063615
-12.830965,50,366.100802
-21.036411,50,366.139099
-7.935919,50,366.846501
-12.394099,50,366.880824
-10.059122,50,366.922552
-13.420467,50,366.9581
-8.862252,50,366.994832
-17.502909,50,367.035808
-10.998143,50,367.07835
-18.814089,50,367.116331
-17.236674,50,367.155578
-15.510484,50,367.193968
-16.756767,50,367.23161
-19.143323,50,367.270063
-16.397868,50,367.308622
-21.444162,50,367.349136
-16.835405,50,367.388908
-19.959149,50,367.42829
-16.923253,50,367.468356
-16.659049,50,367.51009
-19.350401,50,367.547565
-18.551488,50,367.586297
-12.793168,50,367.624541
-14.246231,50,367.665236
-12.498016,50,367.704211
-20.305817,50,367.74029
-10.715201,50,367.778108
-11.6097,50,367.817044
-14.732543,50,367.85673
-10.428524,50,367.897531
-6.832541,50,367.934933
-16.088286,50,367.973819
-10.910579,50,368.012414
-12.035673,50,368.048287
-12.690448,50,368.089637
-21.243892,50,368.129462
-17.413104,50,368.16817
-20.108735,50,368.204201
-8.61583,50,368.243926
-18.99485,50,368.284048
-6.90662,50,368.324099
-20.958431,50,368.362565
-13.666478,50,368.404407
-12.580085,50,369.123473
-18.460519,50,369.158892
-18.620174,50,369.199234
-12.690123,50,369.240249
-14.668751,50,369.280412
-16.682362,50,369.319069
-6.553731,50,369.356901
-12.679049,50,369.399203
-10.268377,50,369.440133
-9.827711,50,369.471206
-15.129436,50,369.496354
-8.133212,50,369.538885
-18.214569,50,369.578087
-20.200929,50,369.615885
-14.846171,50,369.657477
-14.449548,50,369.69433
-5.149342,50,369.732967
-17.692415,50,369.772249
-7.743918,50,369.81276
-13.305988,50,369.85475
-13.64765,50,369.892797
-19.664896,50,369.931323
-9.946988,50,369.97097
-16.575728,50,370.009196
-11.700066,50,370.049937
-8.749759,50,370.088721
-19.100742,50,370.127109
-6.651483,50,370.167432
-12.920145,50,370.209187
-16.50559,50,370.249215
-6.041041,50,370.285395
-18.940462,50,370.326531
-21.875513,50,370.368149
-16.550739,50,370.407298
-6.987866,50,370.44636
-10.860559,50,370.486126
-21.401403,50,370.527762
-15.237228,50,370.567081
-5.646584,50,370.605338
-15.097863,50,370.643852
-18.514028,50,370.686754
-4.227844,50,371.465908
-19.955704,50,371.504884
-12.403632,50,371.543698
-16.226244,50,371.581701
-4.623733,50,371.622117
-5.999412,50,371.661618
-7.90332,50,371.699411
-18.929416,50,371.740502
-12.474962,50,371.778646
-19.328756,50,371.818648
-11.167358,50,371.857794
-19.779717,50,371.897458
-10.987681,50,371.938139
-4.406703,50,371.97876
-15.751272,50,372.017734
-9.21105,50,372.056961
-12.363966,50,372.096206
-19.269429,50,372.135436
-13.651183,50,372.163521
-16.909836,50,372.206002
-6.387671,50,372.246087
-15.524774,50,372.287952
-21.656989,50,372.329043
-13.772175,50,372.365816
-8.33256,50,372.406305
-10.469001,50,372.443523
-15.464364,50,372.483724
-14.959431,50,372.525081
-13.257812,50,372.564196
-14.610627,50,372.605651
-9.62516,50,372.64533
-16.194342,50,372.682881
-20.127024,50,372.721614
-8.339475,50,372.76187
-6.905912,50,372.797785
-13.049188,50,372.840699
-16.319941,50,372.877441
-8.839278,50,372.919801
-18.548914,50,372.957126
-21.72761,50,372.995168
-12.307298,50,373.037858
-6.500796,50,373.683225
-19.753932,50,373.722647
-11.279583,50,373.763246
-12.738673,50,373.797963
-10.121325,50,373.837909
-16.828966,50,373.877418
-15.845645,50,373.914485
-16.344652,50,373.956099
-6.912018,50,373.993583
-21.758612,50,374.030851
-18.589176,50,374.072861
-18.804898,50,374.11308
-5.22014,50,374.154957
-17.300285,50,374.194261
-9.426355,50,374.232885
-17.674632,50,374.27376
-10.64483,50,374.31199
-7.70402,50,374.350451
-4.833511,50,374.392195
-11.010047,50,374.429579
-15.794675,50,374.468262
-12.795416,50,374.508638
-14.660545,50,374.548156
-12.478699,50,374.589403
-13.169932,50,374.62915
-9.460453,50,374.666403
-9.317401,50,374.705545
-7.184782,50,374.742556
-18.589284,50,374.783446
-8.239462,50,374.824825
-20.66234,50,374.86338
-21.598598,50,374.901811
-14.105158,50,374.943513
-17.800833,50,374.981742
-13.221731,50,375.021554
-18.424602,50,375.059723
-14.899676,50,375.099347
-6.456435,50,375.138574
-17.309456,50,375.177417
-16.972401,50,375.218865
-15.068894,50,375.259637
-15.837407,50,375.983901
-13.433881,50,376.024489
-13.26497,50,376.064399
-17.798029,50,376.103228
-17.281433,50,376.142602
-13.712843,50,376.18375
-10.692216,50,376.222856
-9.870212,50,376.260772
-13.186544,50,376.301157
-5.474266,50,376.340105
-8.100858,50,376.37877
-14.964248,50,376.418547
-20.042584,50,376.460961
-18.675084,50,376.503247
-17.038981,50,376.540629
-6.535932,50,376.579615
-19.093498,50,376.620535
-19.471273,50,376.660834
-7.039236,50,376.695261
-16.158152,50,376.736478
-2.626288,50,376.778115
-3.109392,50,376.815517
-13.420222,50,376.853738
-19.274157,50,376.891915
-18.667632,50,376.931591
-13.006526,50,376.970805
-5.345756,50,377.010047
-14.163565,50,377.047722
-16.218029,50,377.08793
-10.800329,50,377.126627
-16.05572,50,377.167908
-12.299867,50,377.20537
-19.24811,50,377.240565
-15.937361,50,377.276924
-19.982773,50,377.304856
-10.190844,50,377.348291
-11.389325,50,377.388221
-8.654422,50,377.424816
-11.232493,50,377.464784
-12.641175,50,377.505044
-17.881679,50,377.544172
-16.147105,50,378.535233
-15.031815,50,378.577936
-18.85934,50,378.61553
-19.602783,50,378.658136
-12.708339,50,378.697066
-16.414608,50,378.73956
-20.697809,50,378.777632
-12.27104,50,378.820978
-19.955971,50,378.860327
-3.261118,50,378.904284
-17.736538,50,378.940884
-14.099909,50,378.981811
-9.013589,50,379.022274
-12.084721,50,379.06322
-4.512834,50,379.102597
-9.302568,50,379.143352
-12.751534,50,379.18166
-15.937897,50,379.219743
-17.426769,50,379.260309
-18.038425,50,379.300821
-13.664937,50,379.337856
-14.931335,50,379.378721
-15.021237,50,379.419793
-10.603339,50,379.459636
-10.424116,50,379.50034
-12.545887,50,379.541699
-15.20345,50,379.580785
-6.980461,50,379.620569
-6.457229,50,379.661257
-8.451231,50,379.699662
-13.73212,50,379.739055
-12.661857,50,379.778335
-18.457798,50,379.817338
-20.746873,50,379.856244
-3.92469,50,379.895765
-16.939418,50,379.933908
-4.590258,50,379.975914
-19.934345,50,380.014835
-3.507537,50,380.054716
-9.934966,50,380.095023
-13.317575,50,380.131973
-15.076129,50,380.884157
-21.457026,50,380.924509
-9.105141,50,380.963125
-10.585777,50,381.002368
-12.092826,50,381.044131
-2.221654,50,381.083355
-17.82259,50,381.122297
-20.654896,50,381.16254
-7.448496,50,381.201484
-7.013509,50,381.242692
-13.950625,50,381.283031
-17.266617,50,381.320882
-19.272515,50,381.363292
-11.235573,50,381.400051
-14.428031,50,381.441662
-15.776159,50,381.480885
-17.247273,50,381.520795
-8.744256,50,381.56104
-19.600429,50,381.599117
-10.263887,50,381.639407
-10.070301,50,381.675974
-7.788872,50,381.718907
-19.508711,50,381.758451
-20.041771,50,381.797805
-17.058469,50,381.836311
-10.190859,50,381.872723
-6.241486,50,381.915653
-16.122173,50,381.957198
-21.203662,50,381.99483
-6.795351,50,382.033789
-9.284815,50,382.075544
-14.440279,50,382.117202
-20.474404,50,382.157157
-19.09618,50,382.194119
-21.460568,50,382.231639
-6.366771,50,382.2717
-18.88648,50,382.309787
-16.133214,50,382.349938
-19.709477,50,382.387648
-3.964517,50,382.427139
-10.925942,50,382.46706
-18.807245,50,383.18151
-14.829354,50,383.220825
-8.390702,50,383.259089
-12.574429,50,383.300396
-18.092726,50,383.337221
-16.465702,50,383.377112
-19.363146,50,383.415843
-3.858212,50,383.452326
-11.236554,50,383.493391
-8.789335,50,383.533753
-14.675252,50,383.57337
-10.731924,50,383.612169
-19.234132,50,383.651673
-17.618358,50,383.694486
-14.872647,50,383.73263
-18.214605,50,383.771868
-4.185286,50,383.813396
-17.82312,50,383.847813
-17.953102,50,383.888885
-10.464815,50,383.926729
-7.904631,50,383.967364
-3.476535,50,384.008456
-5.739025,50,384.044563
-5.967345,50,384.085598
-20.970389,50,384.125188
-3.922256,50,384.161848
-13.662497,50,384.203
-16.234799,50,384.240048
-16.156922,50,384.278568
-10.813977,50,384.318325
-13.052845,50,384.356163
-12.913961,50,384.392569
-16.520283,50,384.431651
-19.216792,50,384.470689
-16.400607,50,384.507666
-20.554135,50,384.550195
-11.787079,50,384.590508
-8.401256,50,384.630465
-10.026782,50,384.671682
-18.142187,50,384.709586
-11.240459,50,384.747977
-12.447162,50,385.445129
-20.349138,50,385.485572
-9.33274,50,385.527143
-8.831264,50,385.565859
-13.797369,50,385.60796
-18.587648,50,385.64725
-18.281781,50,385.683234
-14.738068,50,385.72306
-8.817345,50,385.763844
-19.612447,50,385.801372
-15.63081,50,385.842693
-16.471767,50,385.88155
-3.076199,50,385.921857
-14.629331,50,385.961182
-11.720118,50,385.999675
-11.413613,50,386.041481
-4.236303,50,386.081461
-13.985692,50,386.122057
-12.945884,50,386.160272
-14.740705,50,386.201652
-12.936171,50,386.240464
-16.070237,50,386.278575
-18.922194,50,386.319697
-18.581349,50,386.355502
-18.886119,50,386.396893
-17.870664,50,386.436467
-12.875723,50,386.474868
-15.236283,50,386.51449
-14.604117,50,386.552618
-16.466098,50,386.590916
-6.524632,50,386.630255
-13.976225,50,386.665699
-9.792072,50,386.709501
-15.975327,50,386.750196
-13.316635,50,386.789211
-19.526058,50,386.829818
-4.753257,50,386.869366
-13.312482,50,386.908023
-13.749971,50,386.946708
-19.047344,50,386.987238
-8.341286,50,387.027579
-8.922929,50,387.774514
-12.099501,50,387.811692
-20.065469,50,387.851062
-13.17034,50,387.890199
-13.764941,50,387.926558
-10.912753,50,387.969183
-17.762835,50,388.006314
-16.840527,50,388.044638
-17.272319,50,388.083651
-10.020056,50,388.111911
-20.252996,50,388.132016
-19.998728,50,388.152103
-4.807061,50,388.17212
-15.15737,50,388.192193
-5.096665,50,388.212785
-4.385224,50,388.232871
-10.641627,50,388.260169
-8.955275,50,388.301874
-13.331104,50,388.342695
-6.712992,50,388.380149
-13.711392,50,388.421457
-5.748665,50,388.45917
-8.226268,50,388.503732
-9.045962,50,388.544251
-18.56883,50,388.582899
-12.317743,50,388.620675
-16.601988,50,388.657444
-4.689895,50,388.699874
-11.081341,50,388.740486
-6.268347,50,388.781671
-20.135604,50,388.823409
-13.967583,50,388.860421
-11.314933,50,388.899849
-21.444813,50,388.938908
-8.629043,50,388.979788
-11.591362,50,389.018521
-7.645156,50,389.057443
-6.005079,50,389.098209
-18.380253,50,389.135702
-7.696701,50,389.176369
-9.688979,50,389.21522
-8.717431,50,390.042623
-17.82077,50,390.078886
-8.662031,50,390.11839
-18.649226,50,390.156697
-9.853622,50,390.201072
-20.248551,50,390.239519
-4.601593,50,390.282106
-11.536497,50,390.322351
-10.956579,50,390.364374
-15.850211,50,390.407648
-13.86923,50,390.448933
-15.969901,50,390.488394
-14.537253,50,390.524689
-4.703533,50,390.564102
-5.051013,50,390.601881
-16.181086,50,390.636778
-14.819416,50,390.677354
-7.352456,50,390.715299
-20.491898,50,390.755559
-15.960812,50,390.787175
-13.233309,50,390.814264
-20.770069,50,390.857826
-6.875484,50,390.897535
-9.713142,50,390.938118
-15.836569,50,390.978923
-14.62009,50,391.018099
-9.549418,50,391.054335
-18.368846,50,391.09613
-14.147622,50,391.134189
-16.17568,50,391.172355
-4.744838,50,391.210852
-14.062614,50,391.251218
-18.164584,50,391.28662
-18.425239,50,391.325463
-15.218789,50,391.364951
-14.647741,50,391.403889
-11.320937,50,391.443293
-6.67231,50,391.483871
-17.696509,50,391.52472
-17.030174,50,391.562199
-16.204692,50,391.60426
-12.281563,50,392.333344
-18.267733,50,392.37356
-10.168347,50,392.412801
-8.953729,50,392.453706
-12.900579,50,392.49326
-4.719649,50,392.531961
-10.972117,50,392.572187
-14.372088,50,392.614232
-10.331053,50,392.651464
-11.962509,50,392.689646
-18.950888,50,392.731425
-11.526781,50,392.767105
-15.367399,50,392.809142
-17.093135,50,392.848562
-16.522541,50,392.890391
-17.549827,50,392.928584
-9.733802,50,392.968603
-21.232758,50,393.00964
-18.268724,50,393.047091
-17.824539,50,393.08634
-14.802478,50,393.127234
-13.14076,50,393.160972
-13.929267,50,393.203357
-14.067175,50,393.24553
-16.960546,50,393.285363
-8.986021,50,393.323991
-12.115698,50,393.363746
-5.297064,50,393.403604
-11.116331,50,393.442329
-10.925804,50,393.482799
-11.106141,50,393.523084
-11.094663,50,393.56212
-15.05818,50,393.598827
-2.991931,50,393.639859
-5.477523,50,393.680526
-17.706873,50,393.721058
-12.243546,50,393.760518
-14.189942,50,393.80155
-19.572489,50,393.842703
-14.731537,50,393.880019
-15.467938,50,393.921594
-18.40298,50,394.671671
-11.848219,50,394.7154
-15.750069,50,394.75268
-9.143063,50,394.794718
-18.845096,50,394.834918
-13.905798,50,394.87301
-16.759618,50,394.912696
-9.908827,50,394.953237
-9.540965,50,394.991513
-18.928175,50,395.030675
-16.281823,50,395.070695
-17.39468,50,395.111657
-19.996057,50,395.150535
-19.82603,50,395.192552
-6.804298,50,395.231858
-2.976316,50,395.270479
-11.320526,50,395.309676
-21.1989,50,395.351108
-4.303332,50,395.389777
-11.889277,50,395.428799
-14.905883,50,395.468884
-16.351817,50,395.508949
-8.163728,50,395.550361
-9.814268,50,395.588832
-10.342716,50,395.628965
-16.373679,50,395.666369
-21.55823,50,395.710975
-17.592078,50,395.750657
-16.807153,50,395.790389
-6.776486,50,395.830403
-5.125696,50,395.869614
-4.891443,50,395.908901
-12.445022,50,395.947725
-9.735396,50,395.985219
-11.697816,50,396.024015
-12.962173,50,396.063566
-22.029993,50,396.102311
-14.036687,50,396.139469
-3.554886,50,396.17531
-15.952185,50,396.214243
-13.720547,50,396.252665
-15.740482,50,397.113872
-17.157962,50,397.150728
-9.617563,50,397.191228
-18.876261,50,397.229389
-9.400409,50,397.266351
-11.076311,50,397.306334
-10.947226,50,397.346344
-9.31242,50,397.386699
-16.759351,50,397.425791
-5.300365,50,397.46455
-16.361156,50,397.504034
-19.660846,50,397.545371
-7.644086,50,397.580627
-9.749035,50,397.619901
-7.885637,50,397.658475
-19.888376,50,397.698682
-12.103922,50,397.739233
-11.7094,50,397.775289
-14.100922,50,397.815521
-20.846697,50,397.8561
-19.83582,50,397.8917
-14.807883,50,397.934307
-15.689608,50,397.973081
-15.187295,50,398.012572
-4.912496,50,398.055722
-14.41682,50,398.092485
-15.963944,50,398.132698
-18.90507,50,398.170235
-8.998715,50,398.208623
-13.197949,50,398.248219
-16.457273,50,398.289027
-6.89561,50,398.327526
-10.094687,50,398.367397
-7.118509,50,398.407119
-6.203673,50,398.44781
-8.4233,50,398.486593
-5.548896,50,398.513575
-8.785902,50,398.557586
-7.747913,50,398.596678
-9.088714,50,398.636142
-3.740319,50,398.679757
-17.595371,50,399.581515
-20.284701,50,399.619177
-14.167041,50,399.658706
-2.608226,50,399.698573
-15.616917,50,399.738531
-11.965888,50,399.777421
-8.964693,50,399.821616
-11.871871,50,399.85993
-16.959928,50,399.900072
-16.423792,50,399.935803
-17.221059,50,399.975694
-9.199047,50,400.013701
-13.483152,50,400.050609
-11.03426,50,400.088259
-8.808053,50,400.127099
-7.370276,50,400.16778
-18.732048,50,400.20917
-20.836841,50,400.246147
-18.557593,50,400.28476
-14.224589,50,400.321679
-5.965639,50,400.359128
-14.326984,50,400.402322
-13.762909,50,400.439476
-19.988303,50,400.477602
-20.333584,50,400.517669
-17.23674,50,400.559269
-18.011182,50,400.6005
-5.81958,50,400.638053
-8.368464,50,400.679624
-16.099925,50,400.715322
-11.608743,50,400.757303
-6.722737,50,400.795814
-19.136316,50,400.834965
-9.321223,50,400.871979
-19.905598,50,400.913185
-7.073189,50,400.94978
-8.36916,50,400.991467
-20.126985,50,401.03489
-13.034281,50,401.074043
-8.649697,50,401.110453
-9.813881,50,401.149906
-15.924931,50,402.171389
-7.62741,50,402.21118
-12.741151,50,402.24664
-15.197867,50,402.289835
-6.247223,50,402.329321
-18.542325,50,402.367996
-16.627627,50,402.407305
-10.051746,50,402.445946
-14.2545,50,402.475007
-10.13135,50,402.516743
-8.954819,50,402.557648
-20.204951,50,402.597638
-21.259309,50,402.639164
-8.739934,50,402.678198
-17.992786,50,402.715685
-13.249356,50,402.756747
-9.417818,50,402.798409
-12.325105,50,402.837411
-9.864598,50,402.875192
-8.353419,50,402.914779
-15.978716,50,402.954789
-4.13003,50,402.995685
-19.956726,50,403.034661
-17.043918,50,403.07561
-17.58904,50,403.113966
-6.178894,50,403.154242
-15.082523,50,403.196539
-15.113941,50,403.235195
-13.071868,50,403.275115
-4.998592,50,403.312812
-10.818665,50,403.351521
-19.327411,50,403.390074
-10.316037,50,403.426892
-16.941042,50,403.467794
-13.944613,50,403.505869
-6.390213,50,403.548795
-13.508949,50,403.585737
-7.22436,50,403.621656
-8.479787,50,403.664267
-15.814638,50,403.7068
-17.404414,50,403.742746
-1.529047,50,404.635709
-11.158919,50,404.676322
-14.037908,50,404.719861
-11.133417,50,404.758915
-19.109894,50,404.798632
-11.93251,50,404.840672
-14.750157,50,404.880216
-12.279683,50,404.919821
-16.189847,50,404.958639
-2.301572,50,404.998366
-16.718918,50,405.040714
-18.749252,50,405.079974
-4.339292,50,405.118286
-19.137715,50,405.157748
-11.932353,50,405.197379
-7.419213,50,405.237218
-9.186456,50,405.277345
-18.349509,50,405.317294
-9.276518,50,405.354181
-12.098424,50,405.395153
-9.091876,50,405.433105
-4.523292,50,405.469733
-16.453037,50,405.506589
-3.504777,50,405.54605
-18.158454,50,405.585666
-12.226393,50,405.62556
-13.045116,50,405.661941
-10.144823,50,405.699721
-7.628054,50,405.736577
-16.639402,50,405.775824
-3.821652,50,405.815642
-10.541002,50,405.856175
-13.593136,50,405.894702
-18.70295,50,405.931231
-20.769593,50,405.970563
-8.216114,50,406.010202
-6.118495,50,406.046564
-13.738003,50,406.08408
-10.492961,50,406.12284
-11.170486,50,406.163743
-12.124906,50,406.201287
-16.831239,50,406.919727
-16.012494,50,406.959273
-4.177893,50,406.996604
-9.536944,50,407.036287
-13.24386,50,407.076797
-12.176104,50,407.118585
-12.939266,50,407.157703
-12.808108,50,407.197134
-14.35797,50,407.237143
-12.274983,50,407.277801
-18.966367,50,407.316424
-9.144542,50,407.354805
-6.851674,50,407.394681
-18.616855,50,407.43417
-20.242067,50,407.476342
-16.907131,50,407.51453
-20.051269,50,407.556458
-11.519544,50,407.595998
-17.88636,50,407.633707
-17.670603,50,407.674987
-16.137959,50,407.713358
-4.32812,50,407.750227
-4.558931,50,407.791564
-15.186704,50,407.830056
-19.996845,50,407.87037
-11.051393,50,407.908757
-20.561928,50,407.946941
-15.698226,50,407.985058
-14.101546,50,408.025891
-16.554746,50,408.061232
-12.459492,50,408.10051
-15.662256,50,408.137698
-17.949019,50,408.177006
-16.597744,50,408.217588
-10.01044,50,408.256507
-11.78632,50,408.296478
-16.881323,50,408.336682
-17.868208,50,408.374518
-8.296392,50,408.412534
-16.609886,50,408.455957
-17.396709,50,408.497357
-15.224977,50,409.262258
-11.779793,50,409.299012
-19.302214,50,409.341625
-8.636188,50,409.37791
-16.975503,50,409.416803
-9.877069,50,409.457207
-10.325493,50,409.494672
-17.500562,50,409.534842
-12.908888,50,409.572613
-18.706945,50,409.612201
-5.316938,50,409.650519
-15.276388,50,409.687287
-9.725926,50,409.729542
-10.297613,50,409.768441
-14.740654,50,409.80553
-21.30939,50,409.846377
-17.774821,50,409.885248
-19.625501,50,409.924393
-14.234184,50,409.963413
-11.215115,50,410.002335
-12.940955,50,410.042357
-11.795119,50,410.078132
-11.377074,50,410.118616
-16.452808,50,410.158375
-14.202431,50,410.196469
-7.83037,50,410.239678
-11.91768,50,410.277365
-16.116504,50,410.316784
-10.542236,50,410.355962
-2.958968,50,410.384198
-16.845853,50,410.424568
-8.778013,50,410.462239
-8.770988,50,410.501694
-10.544307,50,410.539862
-10.60018,50,410.580356
-11.353726,50,410.616938
-13.031257,50,410.656579
-6.200249,50,410.695793
-11.678904,50,410.736339
-20.659566,50,410.77337
-12.080336,50,411.460977
-19.41922,50,411.496825
-14.238455,50,411.536398
-6.314344,50,411.575692
-15.784582,50,411.618199
-9.54566,50,411.658146
-3.376173,50,411.69777
-14.704591,50,411.737448
-10.198368,50,411.775282
-20.719079,50,411.816802
-19.728353,50,411.856402
-11.053006,50,411.895877
-9.293234,50,411.933656
-18.200134,50,411.971723
-11.294774,50,412.011325
-15.011475,50,412.054394
-12.795565,50,412.094311
-17.702962,50,412.133657
-18.602827,50,412.170574
-8.371931,50,412.210487
-12.903957,50,412.249637
-15.712474,50,412.291171
-12.641588,50,412.331193
-18.152291,50,412.370863
-16.169967,50,412.412641
-16.107543,50,412.450788
-5.3405,50,412.489763
-15.071968,50,412.529836
-6.187725,50,412.570263
-19.085855,50,412.608193
-4.49183,50,412.648482
-8.369798,50,412.6865
-8.05178,50,412.726697
-13.290208,50,412.767389
-17.640529,50,412.809607
-9.08484,50,412.846578
-10.474606,50,412.882614
-17.999278,50,412.926078
-15.240591,50,412.966696
-8.812884,50,413.007085
-6.043239,50,413.046566
-19.185447,50,413.826139
-5.664868,50,413.866064
-13.295946,50,413.906339
-10.247117,50,413.945523
-11.337616,50,413.984075
-9.208558,50,414.021621
-19.742527,50,414.062674
-12.219768,50,414.104503
-10.416285,50,414.143938
-11.380744,50,414.183473
-18.905548,50,414.222199
-15.0342,50,414.26063
-11.369224,50,414.301351
-17.652703,50,414.338246
-15.549675,50,414.378217
-7.313919,50,414.417768
-16.048158,50,414.449606
-13.512036,50,414.481301
-8.18533,50,414.525186
-12.977147,50,414.56522
-5.515803,50,414.60683
-17.271218,50,414.643436
-14.003522,50,414.684584
-10.926361,50,414.721725
-15.706817,50,414.762382
-10.443139,50,414.800524
-15.460726,50,414.839726
-18.20232,50,414.880897
-4.250698,50,414.918931
-5.239113,50,414.958827
-11.690953,50,414.995722
-8.531941,50,415.037786
-7.413152,50,415.076582
-11.397156,50,415.118697
-12.744464,50,415.15877
-12.795577,50,415.196596
-16.351178,50,415.237803
-9.751751,50,415.275358
-7.212674,50,415.314118
-15.756057,50,415.353159
-7.840137,50,415.390585
-10.540621,50,416.371321
-14.63967,50,416.408623
-5.620357,50,416.448152
-15.317885,50,416.488671
-18.846438,50,416.531854
-2.536854,50,416.571217
-18.500273,50,416.595863
-10.118564,50,416.627707
-21.504886,50,416.672147
-14.480616,50,416.710403
-10.260411,50,416.751699
-3.117149,50,416.788153
-6.440042,50,416.830555
-16.187846,50,416.868207
-10.954605,50,416.90803
-17.718344,50,416.947165
-16.553605,50,416.98472
-14.468419,50,417.020898
-6.569576,50,417.061711
-8.693682,50,417.102525
-11.620118,50,417.143652
-11.938697,50,417.179553
-5.023904,50,417.221638
-11.48697,50,417.260023
-5.65212,50,417.301234
-7.987605,50,417.341259
-5.276908,50,417.378108
-11.320375,50,417.421296
-15.342478,50,417.459369
-3.809042,50,417.496485
-3.626397,50,417.535193
-19.633358,50,417.572366
-8.99129,50,417.613504
-5.312915,50,417.654946
-17.438173,50,417.695502
-4.758015,50,417.736548
-13.966264,50,417.778303
-4.298654,50,417.817807
-14.443383,50,417.852905
-17.3235,50,417.892787
-7.235327,50,417.933692
-5.824775,50,418.564995
-17.576515,50,418.60405
-10.309612,50,418.642538
-9.08184,50,418.68002
-12.304993,50,418.717586
-6.918193,50,418.757123
-20.458092,50,418.795309
-19.061038,50,418.836142
-6.921986,50,418.877027
-5.206928,50,418.917372
-8.108788,50,418.955035
-11.896056,50,418.995702
-1.941475,50,419.035387
-10.155884,50,419.075664
-14.700644,50,419.113618
-6.993252,50,419.153292
-11.568033,50,419.192478
-15.148219,50,419.235586
-5.274414,50,419.275495
-7.214068,50,419.315328
-13.463055,50,419.354741
-17.179276,50,419.39581
-9.724981,50,419.43668
-18.014854,50,419.476784
-5.322732,50,419.519169
-16.881535,50,419.561278
-8.007134,50,419.600044
-15.380331,50,419.640616
-14.065821,50,419.677743
-16.108792,50,419.717822
-19.742747,50,419.75892
-11.42496,50,419.799318
-12.387842,50,419.840252
-15.593894,50,419.88054
-9.042445,50,419.919101
-6.842656,50,419.959813
-18.665903,50,420.001542
-9.839882,50,420.036449
-9.648817,50,420.079261
-17.125404,50,420.119456
-15.69314,50,420.157671
-13.338769,50,420.929289
-18.704048,50,420.966345
-19.513035,50,421.004126
-15.261168,50,421.044615
-8.609256,50,421.082728
-18.606,50,421.119138
-15.041203,50,421.160125
-10.13465,50,421.197779
-4.541719,50,421.238665
-7.9888,50,421.276103
-17.447232,50,421.316127
-20.388979,50,421.353556
-13.380659,50,421.391735
-11.087867,50,421.435596
-19.265933,50,421.471948
-14.581747,50,421.512433
-12.119684,50,421.552257
-14.73968,50,421.591248
-16.962416,50,421.630588
-9.594858,50,421.670611
-15.125642,50,421.712143
-17.267304,50,421.753116
-16.074442,50,421.789501
-9.912645,50,421.8332
-13.217718,50,421.871366
-18.357473,50,421.91068
-12.385727,50,421.948761
-17.039977,50,421.989046
-15.179051,50,422.029638
-12.83209,50,422.071491
-10.798295,50,422.112198
-11.408153,50,422.148661
-10.700387,50,422.186908
-16.571115,50,422.229663
-18.226487,50,422.268788
-12.329677,50,422.312278
-14.650559,50,422.351879
-8.420103,50,422.391753
-16.135655,50,422.43092
-16.097102,50,422.471728
-7.486328,50,422.511334
-4.542279,50,423.265588
-12.428439,50,423.304119
-19.856961,50,423.343236
-17.65714,50,423.380227
-11.640597,50,423.422295
-13.99397,50,423.464272
-16.470644,50,423.500344
-9.622784,50,423.540137
-6.456197,50,423.578569
-19.646944,50,423.618426
-9.704007,50,423.655936
-8.223333,50,423.693394
-3.741986,50,423.7308
-10.822106,50,423.770101
-20.130612,50,423.812148
-2.405058,50,423.85172
-13.101296,50,423.892287
-9.992416,50,423.934555
-15.359076,50,423.973781
-6.828923,50,424.006787
-15.527365,50,424.044704
-20.605052,50,424.085514
-17.466098,50,424.129547
-21.134269,50,424.168395
-17.424135,50,424.209262
-10.31731,50,424.244258
-18.450294,50,424.288035
-7.751707,50,424.327368
-20.960853,50,424.365481
-17.990279,50,424.406872
-10.989482,50,424.445333
-6.841017,50,424.484378
-8.739193,50,424.52414
-13.519247,50,424.563046
-15.675699,50,424.600841
-6.942289,50,424.641348
-4.760798,50,424.682466
-18.710995,50,424.72062
-18.181394,50,424.761411
-17.274284,50,424.800459
-13.117774,50,424.839905
-6.527568,50,425.509286
-4.954775,50,425.545523
-17.691096,50,425.589158
-15.984751,50,425.629572
-13.230877,50,425.670821
-21.390668,50,425.706447
-11.769441,50,425.746328
-17.497361,50,425.787247
-18.366481,50,425.827004
-13.678525,50,425.864293
-6.500495,50,425.900513
-9.001625,50,425.937682
-17.686162,50,425.978492
-18.18226,50,426.015532
-8.933841,50,426.056209
-17.431782,50,426.093762
-3.878709,50,426.134319
-7.262701,50,426.175681
-17.772923,50,426.21457
-17.980479,50,426.25167
-19.202694,50,426.295836
-16.474578,50,426.337388
-5.937985,50,426.375152
-15.489835,50,426.414268
-15.77686,50,426.456713
-16.261686,50,426.495778
-16.776924,50,426.533257
-13.362201,50,426.571782
-17.150756,50,426.608169
-10.874737,50,426.648395
-4.099501,50,426.687822
-18.759595,50,426.722874
-15.295199,50,426.761867
-15.737477,50,426.802477
-5.166743,50,426.838786
-15.886927,50,426.877786
-6.866673,50,426.916761
-17.495164,50,426.957104
-6.867432,50,426.993457
-16.387757,50,427.032554
-4.652684,50,427.070516
-17.982393,50,427.748391
-10.791287,50,427.786083
-15.822148,50,427.82596
-15.13954,50,427.861066
-8.29281,50,427.903901
-18.199857,50,427.942421
-5.672552,50,427.98189
-17.64299,50,428.024503
-13.505672,50,428.063367
-6.669371,50,428.101666
-16.615119,50,428.140539
-19.813787,50,428.178738
-13.242665,50,428.217848
-16.630001,50,428.256044
-8.644638,50,428.293134
-20.243298,50,428.332658
-7.984175,50,428.374656
-12.564365,50,428.414147
-12.965944,50,428.448081
-15.213477,50,428.492054
-17.816,50,428.532192
-18.400762,50,428.569742
-4.660881,50,428.609876
-15.885643,50,428.647378
-12.048598,50,428.688192
-19.078756,50,428.726207
-3.217953,50,428.76531
-7.401949,50,428.805866
-5.287286,50,428.844974
-9.842009,50,428.883602
-16.381422,50,428.923399
-12.394208,50,428.962462
-13.97427,50,428.993984
-11.898155,50,429.037253
-21.220468,50,429.075836
-3.325866,50,429.117497
-4.005946,50,429.155058
-8.418539,50,429.197458
-10.322918,50,429.234806
-6.923192,50,429.276315
-16.726881,50,429.314826
