#{"t_start": 1765911174.0771685, "env_id": "Reacher-v4"}
r,l,t
-73.193533,50,0.553555
-62.376007,50,0.59076
-59.588187,50,0.62743
-68.667082,50,0.653708
-52.925109,50,0.698042
-62.517272,50,0.742095
-58.542016,50,0.784619
-62.589859,50,0.825305
-65.288618,50,0.868
-55.765344,50,0.904685
-64.218676,50,0.946563
-57.545058,50,0.986269
-69.341358,50,1.023445
-61.563013,50,1.06491
-64.263408,50,1.10581
-61.508114,50,1.149282
-59.579958,50,1.186311
-66.450836,50,1.2302
-56.856963,50,1.274477
-65.128932,50,1.31351
-64.475273,50,1.354863
-57.20539,50,1.393645
-59.004189,50,1.431384
-52.177211,50,1.473395
-61.782647,50,1.50933
-54.436309,50,1.551424
-68.945305,50,1.59319
-61.640019,50,1.63555
-58.933812,50,1.672055
-52.326417,50,1.711731
-66.682785,50,1.753408
-56.654113,50,1.794116
-63.490073,50,1.834935
-56.327898,50,1.874764
-60.20469,50,1.913925
-57.620201,50,1.953577
-61.045892,50,1.996115
-55.75337,50,2.035474
-56.862907,50,2.069731
-56.979652,50,2.108701
-57.968078,50,2.865458
-53.036135,50,2.906386
-57.317977,50,2.948305
-61.698901,50,2.982501
-53.987422,50,3.020053
-63.752747,50,3.060662
-56.684903,50,3.097173
-59.512,50,3.141567
-66.648353,50,3.181059
-55.992024,50,3.222783
-64.351643,50,3.261666
-60.410626,50,3.305258
-68.891968,50,3.344649
-62.040903,50,3.387604
-56.985901,50,3.424689
-57.052898,50,3.465543
-58.963427,50,3.50533
-55.96131,50,3.544509
-58.555457,50,3.584155
-59.209349,50,3.626662
-65.779431,50,3.665183
-61.220533,50,3.703871
-65.508679,50,3.742115
-58.968609,50,3.784607
-61.822876,50,3.824304
-64.44561,50,3.863239
-57.700509,50,3.903482
-60.509522,50,3.942089
-62.593049,50,3.984308
-61.964483,50,4.024624
-61.338244,50,4.062207
-61.055256,50,4.104532
-60.507839,50,4.142525
-63.273159,50,4.182405
-60.87063,50,4.222791
-68.067585,50,4.262201
-62.330656,50,4.303862
-69.23046,50,4.34468
-62.369487,50,4.383636
-53.460238,50,4.424409
-61.627227,50,4.461896
-64.163109,50,5.085339
-54.75054,50,5.126314
-63.581674,50,5.165235
-56.051205,50,5.205103
-58.932872,50,5.247666
-64.056607,50,5.285722
-59.94186,50,5.32244
-61.467105,50,5.363973
-56.424961,50,5.404825
-61.202901,50,5.445358
-59.73225,50,5.484503
-51.960358,50,5.52748
-52.360667,50,5.563676
-52.950665,50,5.606664
-56.094779,50,5.643993
-57.511445,50,5.685305
-62.940593,50,5.729679
-61.765016,50,5.770163
-53.817542,50,5.810675
-63.177557,50,5.847991
-57.384388,50,5.890636
-55.861383,50,5.927516
-51.878174,50,5.965629
-59.219176,50,6.00472
-63.070192,50,6.04196
-59.337966,50,6.082245
-66.042398,50,6.119658
-57.819152,50,6.161588
-59.691392,50,6.202375
-57.840426,50,6.240453
-55.660847,50,6.280757
-57.7002,50,6.321279
-64.158029,50,6.361372
-58.899422,50,6.399971
-55.468266,50,6.439649
-56.773729,50,6.482367
-56.686731,50,6.524099
-54.633062,50,6.565181
-62.547118,50,6.605639
-53.51064,50,6.641789
-64.628792,50,6.683883
-56.592792,50,7.379524
-59.337828,50,7.41906
-56.918052,50,7.459141
-51.431866,50,7.500634
-52.741841,50,7.539693
-57.665378,50,7.57921
-47.057191,50,7.620538
-54.178354,50,7.660413
-57.758195,50,7.700138
-62.368538,50,7.736577
-61.685541,50,7.77815
-63.061527,50,7.817418
-57.728155,50,7.856885
-50.439913,50,7.897293
-58.996463,50,7.938229
-56.601401,50,7.977273
-55.741491,50,8.01789
-53.432173,50,8.057909
-53.180604,50,8.097672
-62.811572,50,8.1384
-56.664104,50,8.17831
-57.958794,50,8.215706
-51.267881,50,8.252605
-51.526908,50,8.293683
-60.141381,50,8.336402
-52.228549,50,8.375192
-59.773223,50,8.411839
-55.459602,50,8.439607
-58.551785,50,8.459974
-57.030728,50,8.498988
-57.869655,50,8.540987
-59.226174,50,8.583549
-51.269332,50,8.620864
-52.034324,50,8.660214
-55.2619,50,8.699863
-61.129592,50,8.741616
-54.699871,50,8.783192
-63.049459,50,8.824247
-61.914198,50,8.867127
-55.562509,50,8.905321
-48.801994,50,8.941825
-55.191556,50,9.735357
-56.648978,50,9.77246
-44.369777,50,9.815586
-57.272742,50,9.851725
-54.396166,50,9.891571
-61.716791,50,9.929796
-60.059591,50,9.967583
-54.414343,50,10.008017
-51.816962,50,10.049805
-54.002276,50,10.090024
-57.121642,50,10.130729
-46.43613,50,10.170171
-44.398261,50,10.210589
-52.899648,50,10.252892
-51.066033,50,10.288928
-56.825595,50,10.328397
-51.323044,50,10.366611
-59.083275,50,10.396516
-50.35335,50,10.432805
-53.436049,50,10.473436
-53.246993,50,10.512213
-61.26624,50,10.553938
-54.075262,50,10.590978
-55.036574,50,10.632247
-53.986204,50,10.673223
-52.029877,50,10.709455
-54.288886,50,10.749595
-48.819463,50,10.789362
-51.768545,50,10.829149
-67.956901,50,10.869727
-55.736086,50,10.910683
-49.492921,50,10.949276
-63.997287,50,10.98987
-49.866616,50,11.031056
-50.796099,50,11.068897
-54.037136,50,11.104872
-55.766136,50,11.14739
-55.443106,50,11.186151
-52.458565,50,11.226342
-55.682066,50,11.267497
-53.36331,50,11.303905
-49.899,50,11.981
-57.129582,50,12.018212
-57.295903,50,12.058706
-47.811739,50,12.099845
-56.937643,50,12.141463
-55.838287,50,12.184304
-49.141326,50,12.226333
-51.871241,50,12.268363
-45.711677,50,12.31222
-66.439173,50,12.35004
-56.536274,50,12.391487
-48.190504,50,12.431561
-53.626297,50,12.472332
-49.733148,50,12.513493
-59.822138,50,12.554643
-53.9399,50,12.593289
-52.359893,50,12.634625
-55.837174,50,12.674157
-48.540272,50,12.717933
-53.050306,50,12.758586
-57.511175,50,12.799251
-49.6308,50,12.838908
-52.369937,50,12.87749
-59.723413,50,12.915931
-52.647635,50,12.960542
-54.450281,50,13.001333
-59.567842,50,13.04387
-52.360081,50,13.087782
-49.006623,50,13.12819
-51.244297,50,13.168198
-55.100216,50,13.20765
-55.255941,50,13.249359
-60.182806,50,13.288568
-52.348365,50,13.330744
-49.664759,50,13.370716
-53.699083,50,13.40957
-54.885811,50,13.450366
-56.979091,50,13.488444
-44.097966,50,13.530125
-47.030334,50,13.568129
-45.769761,50,13.607337
-56.503166,50,14.577378
-51.852735,50,14.616345
-55.480003,50,14.656502
-51.982676,50,14.69763
-47.474578,50,14.740107
-48.10629,50,14.779641
-52.471933,50,14.822495
-48.577319,50,14.863568
-58.537005,50,14.901639
-49.482617,50,14.93871
-48.497166,50,14.977422
-48.246936,50,15.016131
-48.693512,50,15.056013
-46.980712,50,15.093793
-55.404627,50,15.135583
-49.850939,50,15.176307
-46.764175,50,15.214802
-51.85496,50,15.254768
-50.334293,50,15.293253
-50.013728,50,15.333133
-40.867725,50,15.373472
-49.5713,50,15.412518
-55.620068,50,15.454283
-48.662205,50,15.491343
-48.675928,50,15.530476
-53.586289,50,15.567922
-49.462427,50,15.609345
-44.889039,50,15.649605
-46.787743,50,15.690485
-43.860367,50,15.729672
-43.467775,50,15.770329
-48.810894,50,15.811086
-57.13357,50,15.851427
-52.119125,50,15.889108
-48.36217,50,15.931325
-52.216346,50,15.971926
-52.008797,50,16.013213
-55.204124,50,16.052752
-60.047173,50,16.094325
-51.268377,50,16.134658
-52.518314,50,16.174094
-44.899544,50,17.023342
-46.452744,50,17.062235
-49.302283,50,17.101125
-48.672099,50,17.142568
-47.203574,50,17.184011
-50.900377,50,17.226755
-52.439828,50,17.264629
-43.382807,50,17.306401
-44.571306,50,17.344438
-47.640664,50,17.384545
-44.353388,50,17.425783
-41.400357,50,17.465591
-43.469913,50,17.507161
-52.666877,50,17.547207
-53.403118,50,17.587154
-49.633736,50,17.624829
-53.905787,50,17.66333
-44.110369,50,17.692464
-47.053459,50,17.731194
-46.603331,50,17.773576
-47.072673,50,17.812345
-48.882288,50,17.853088
-53.956476,50,17.890562
-43.574004,50,17.930297
-44.018535,50,17.972781
-56.442679,50,18.010683
-39.065864,50,18.049438
-42.974581,50,18.089355
-49.242044,50,18.130282
-43.442402,50,18.16747
-44.560973,50,18.196038
-48.139211,50,18.235797
-55.412493,50,18.278671
-49.504464,50,18.316307
-45.991132,50,18.354614
-43.842263,50,18.39778
-52.664275,50,18.436679
-48.22369,50,18.474898
-53.706972,50,18.515755
-48.745406,50,18.555628
-46.776671,50,18.59547
-45.655433,50,19.550189
-50.416992,50,19.58804
-40.900224,50,19.62514
-44.248092,50,19.668659
-42.361339,50,19.70973
-42.119478,50,19.75148
-47.074276,50,19.793982
-48.156562,50,19.834633
-46.326322,50,19.875004
-45.012382,50,19.915653
-46.279897,50,19.955746
-44.711922,50,20.000901
-49.142385,50,20.036678
-43.718848,50,20.079507
-49.135921,50,20.115863
-44.481228,50,20.158695
-44.405428,50,20.196143
-51.891947,50,20.236548
-41.577145,50,20.278145
-46.49173,50,20.317874
-40.441563,50,20.357496
-51.427746,50,20.398499
-43.633458,50,20.438355
-44.192623,50,20.478145
-52.334982,50,20.521125
-42.77777,50,20.560572
-46.338121,50,20.602555
-41.229903,50,20.642455
-46.745843,50,20.68535
-43.573248,50,20.722832
-41.921399,50,20.764193
-41.679909,50,20.80244
-43.582814,50,20.847428
-47.026501,50,20.889962
-41.187459,50,20.927695
-48.107788,50,20.970646
-45.395784,50,21.012557
-35.851088,50,21.051843
-40.234773,50,21.090607
-44.506843,50,21.132694
-45.462471,50,21.171298
-51.76882,50,21.920315
-49.336026,50,21.961791
-48.833213,50,22.00248
-53.85326,50,22.041965
-44.338944,50,22.085568
-43.543889,50,22.126535
-41.840888,50,22.168882
-49.061692,50,22.209221
-40.513558,50,22.247513
-47.856157,50,22.287578
-48.477857,50,22.329983
-39.888174,50,22.367499
-43.01315,50,22.407857
-37.580395,50,22.449682
-47.706496,50,22.491451
-48.498642,50,22.531321
-52.510471,50,22.569605
-38.407393,50,22.610938
-53.296624,50,22.650548
-45.134182,50,22.688635
-50.607151,50,22.730275
-38.646121,50,22.770888
-39.742569,50,22.812165
-42.119385,50,22.854926
-45.804835,50,22.895097
-41.899845,50,22.934495
-44.490614,50,22.977916
-37.099084,50,23.017238
-46.418319,50,23.056484
-36.523942,50,23.099121
-45.416118,50,23.136613
-48.964012,50,23.178968
-41.05413,50,23.219219
-40.297331,50,23.258483
-41.211664,50,23.299609
-39.657397,50,23.343142
-53.946453,50,23.382896
-49.338673,50,23.424221
-46.546936,50,23.464425
-41.589807,50,23.50477
-43.350575,50,23.545401
-47.71858,50,24.239797
-44.876214,50,24.277481
-43.722187,50,24.316601
-43.622137,50,24.358286
-39.344159,50,24.397311
-43.679324,50,24.436734
-50.381486,50,24.47594
-42.218932,50,24.516298
-44.654325,50,24.554638
-46.339713,50,24.595723
-41.767525,50,24.635472
-42.466377,50,24.671414
-43.795104,50,24.713632
-38.654796,50,24.753445
-44.897756,50,24.796723
-48.378262,50,24.834602
-44.68475,50,24.874594
-40.733255,50,24.913403
-36.644579,50,24.95101
-38.190083,50,24.994419
-34.802314,50,25.034729
-42.376978,50,25.07497
-45.52407,50,25.113564
-43.017553,50,25.155324
-38.890813,50,25.194808
-43.207438,50,25.230514
-48.697371,50,25.269545
-43.497618,50,25.308506
-38.111223,50,25.347001
-44.889329,50,25.38519
-49.302394,50,25.426877
-36.492588,50,25.469756
-43.428593,50,25.508325
-38.677033,50,25.550986
-42.936001,50,25.588898
-42.372303,50,25.628669
-37.083925,50,25.667611
-42.889952,50,25.707009
-43.331292,50,25.747319
-41.485275,50,25.788248
-39.392022,50,25.830907
-42.006914,50,26.587932
-38.68021,50,26.626815
-39.92494,50,26.665562
-46.526016,50,26.706051
-44.25318,50,26.745642
-42.87116,50,26.786896
-40.423449,50,26.831505
-40.16224,50,26.873567
-35.644057,50,26.914623
-39.023547,50,26.959069
-39.65745,50,26.997335
-45.111821,50,27.035836
-38.014957,50,27.074182
-41.998242,50,27.1096
-43.792902,50,27.148979
-36.755085,50,27.188069
-38.239126,50,27.228339
-44.134408,50,27.266227
-41.349593,50,27.306026
-34.832168,50,27.348003
-35.641734,50,27.389706
-39.971629,50,27.430925
-45.93736,50,27.468664
-38.139654,50,27.506285
-40.163357,50,27.548888
-39.642392,50,27.587347
-43.325511,50,27.626288
-47.622453,50,27.665612
-36.375293,50,27.702869
-34.632791,50,27.743678
-43.806622,50,27.784034
-40.671061,50,27.824499
-45.781062,50,27.866307
-37.878994,50,27.904859
-41.785141,50,27.945062
-38.089386,50,27.98358
-41.576344,50,28.023618
-46.830629,50,28.065351
-45.296846,50,28.100572
-42.975713,50,28.140767
-36.417684,50,28.177326
-29.967163,50,29.178701
-43.072488,50,29.22089
-43.261669,50,29.259165
-36.685074,50,29.302679
-37.594242,50,29.340425
-39.273601,50,29.383988
-41.732461,50,29.423761
-30.605955,50,29.46265
-37.795163,50,29.504035
-38.877634,50,29.539962
-42.688565,50,29.583302
-35.149536,50,29.624324
-38.389224,50,29.667563
-42.482435,50,29.707244
-38.48714,50,29.74958
-39.399974,50,29.78875
-35.285906,50,29.828191
-41.542336,50,29.869178
-39.829914,50,29.908813
-38.476366,50,29.948324
-46.586948,50,29.989771
-37.834721,50,30.02914
-39.344835,50,30.067882
-41.360883,50,30.108439
-42.870509,50,30.147019
-30.368181,50,30.187643
-41.798314,50,30.229826
-41.188236,50,30.269965
-42.159845,50,30.309332
-40.918791,50,30.3499
-32.54274,50,30.388511
-37.87628,50,30.432418
-38.927697,50,30.471232
-35.181313,50,30.510877
-39.687582,50,30.550586
-42.878181,50,30.592336
-33.837813,50,30.629851
-50.233856,50,30.665252
-42.327596,50,30.709208
-41.582094,50,30.747924
-34.968084,50,30.785617
-38.052402,50,31.439034
-37.433826,50,31.476829
-38.494599,50,31.516498
-42.157325,50,31.553806
-34.695697,50,31.597414
-41.030333,50,31.637727
-31.675097,50,31.677655
-35.328877,50,31.716886
-35.448135,50,31.7557
-41.031052,50,31.796571
-43.11449,50,31.837919
-38.079379,50,31.871659
-39.858332,50,31.916601
-42.09207,50,31.956693
-39.025994,50,31.996108
-40.210207,50,32.03622
-43.810253,50,32.076172
-38.47615,50,32.118879
-37.342522,50,32.161163
-33.856829,50,32.197709
-38.844071,50,32.234704
-38.490622,50,32.277682
-36.503281,50,32.31646
-32.224399,50,32.356108
-33.89508,50,32.399387
-38.533382,50,32.436426
-33.493321,50,32.477424
-29.411422,50,32.517694
-37.031128,50,32.561125
-43.359771,50,32.60274
-37.35435,50,32.644792
-39.850185,50,32.684011
-34.083496,50,32.724227
-36.898804,50,32.763744
-43.374897,50,32.803308
-34.151232,50,32.8468
-39.054096,50,32.886241
-34.358313,50,32.928298
-36.217612,50,32.968801
-34.675803,50,33.008261
-37.234378,50,33.047019
-33.608757,50,33.814877
-36.676362,50,33.840056
-39.34522,50,33.866928
-36.733141,50,33.908003
-33.445403,50,33.947613
-35.861022,50,33.991245
-37.840922,50,34.0312
-31.578626,50,34.067812
-34.566887,50,34.109547
-36.179342,50,34.146626
-35.773054,50,34.186722
-37.316421,50,34.229473
-37.933852,50,34.26874
-37.118838,50,34.305622
-36.308097,50,34.34482
-35.059702,50,34.388341
-39.084643,50,34.42638
-33.838201,50,34.468983
-39.960691,50,34.510796
-32.876877,50,34.549035
-30.77005,50,34.589306
-25.868272,50,34.629893
-31.472687,50,34.672161
-27.233658,50,34.712439
-40.405038,50,34.751509
-35.526152,50,34.789778
-39.255773,50,34.824822
-34.903963,50,34.864953
-37.580687,50,34.905148
-42.208531,50,34.944709
-35.313714,50,34.984597
-38.004788,50,35.021672
-34.332736,50,35.061152
-33.215904,50,35.101643
-31.607468,50,35.140417
-34.042521,50,35.179887
-34.87366,50,35.217715
-29.609559,50,35.257362
-39.152959,50,35.296224
-48.444505,50,35.334258
-37.404946,50,35.375543
-42.468675,50,36.106852
-24.908189,50,36.147156
-36.845202,50,36.188572
-32.775333,50,36.231171
-31.943983,50,36.270949
-34.727891,50,36.312952
-29.963834,50,36.355018
-39.228051,50,36.393814
-38.396972,50,36.435427
-33.895345,50,36.476411
-38.059249,50,36.516209
-34.152584,50,36.557831
-36.909289,50,36.599704
-36.74895,50,36.642545
-40.288097,50,36.684786
-36.912242,50,36.726312
-39.52414,50,36.769507
-32.237681,50,36.810839
-30.688718,50,36.849402
-34.708944,50,36.886125
-37.548751,50,36.925846
-36.031125,50,36.967233
-34.527655,50,37.005675
-32.459756,50,37.047771
-31.672025,50,37.086363
-29.801563,50,37.128283
-38.438599,50,37.168427
-39.163477,50,37.208106
-36.872624,50,37.246591
-39.066088,50,37.283409
-33.518246,50,37.325269
-33.155731,50,37.363963
-32.694773,50,37.404035
-31.286269,50,37.445851
-39.46347,50,37.484515
-39.009268,50,37.524504
-40.100989,50,37.566783
-29.649361,50,37.604215
-42.4559,50,37.646855
-35.469074,50,37.685398
-28.805669,50,37.726504
-32.725424,50,38.398103
-28.810372,50,38.441451
-32.39762,50,38.483227
-31.724101,50,38.528239
-32.448084,50,38.572312
-39.906199,50,38.615869
-43.542984,50,38.658491
-29.675411,50,38.699418
-31.554182,50,38.742482
-29.683137,50,38.784652
-33.602249,50,38.823673
-24.621475,50,38.865429
-37.777334,50,38.905068
-32.052931,50,38.94774
-35.953632,50,38.992337
-38.021876,50,39.036748
-38.924735,50,39.07733
-25.322525,50,39.12061
-26.927441,50,39.162495
-35.923476,50,39.200286
-28.933595,50,39.243174
-31.922587,50,39.279005
-38.796781,50,39.31906
-29.091863,50,39.356201
-36.729817,50,39.394209
-26.74598,50,39.43546
-33.922775,50,39.474669
-33.764852,50,39.518013
-37.677847,50,39.559373
-32.893661,50,39.599789
-39.894878,50,39.636775
-28.722854,50,39.675312
-33.015144,50,39.716118
-36.937829,50,39.752156
-33.294618,50,39.792859
-33.838367,50,39.833521
-30.833616,50,39.872851
-32.707006,50,39.9128
-30.798121,50,39.951638
-25.754375,50,39.992508
-37.881942,50,40.031592
-31.501637,50,40.82921
-32.496241,50,40.870186
-24.416463,50,40.909949
-31.713005,50,40.95083
-29.216518,50,40.992421
-30.06968,50,41.031557
-39.748193,50,41.073754
-37.998601,50,41.116378
-34.79315,50,41.156659
-38.217933,50,41.195904
-21.77321,50,41.238405
-39.5121,50,41.282483
-43.132253,50,41.324648
-29.766025,50,41.365712
-45.053394,50,41.40643
-30.567549,50,41.444551
-29.609207,50,41.487351
-31.758008,50,41.527537
-28.083804,50,41.566761
-33.958057,50,41.608813
-28.882327,50,41.651563
-28.938358,50,41.688472
-35.97164,50,41.730715
-34.644416,50,41.769507
-32.298223,50,41.810388
-30.789802,50,41.852833
-33.806439,50,41.892162
-29.687835,50,41.924998
-31.290929,50,41.950797
-29.115706,50,41.991332
-23.723605,50,42.031312
-24.591307,50,42.073434
-23.107004,50,42.114234
-38.844112,50,42.154901
-29.400285,50,42.191521
-29.027832,50,42.233737
-31.870791,50,42.271138
-25.384199,50,42.3117
-22.555135,50,42.348334
-34.563374,50,42.387905
-28.095232,50,42.428678
-28.178681,50,43.155011
-37.857666,50,43.196622
-23.958606,50,43.23935
-29.125358,50,43.279647
-30.880185,50,43.318149
-33.639607,50,43.35739
-33.030033,50,43.397346
-30.397028,50,43.435462
-27.968945,50,43.475944
-32.015882,50,43.514272
-27.746851,50,43.556292
-26.084864,50,43.593558
-34.125278,50,43.632208
-25.83697,50,43.674472
-32.891141,50,43.713357
-26.062528,50,43.753891
-35.483362,50,43.792563
-29.871464,50,43.828713
-34.484873,50,43.865869
-25.354115,50,43.905419
-36.875627,50,43.948361
-34.293413,50,43.9867
-30.073402,50,44.025414
-33.6096,50,44.06623
-35.510536,50,44.10652
-20.641012,50,44.143053
-34.683103,50,44.183454
-23.923552,50,44.225316
-35.72632,50,44.262747
-33.124132,50,44.303985
-28.679918,50,44.341911
-36.482934,50,44.385118
-40.830046,50,44.42597
-29.180536,50,44.462831
-34.725076,50,44.503957
-30.206763,50,44.543637
-33.621988,50,44.584638
-28.482179,50,44.624659
-30.556114,50,44.662792
-25.888406,50,44.701689
-33.512605,50,44.742451
-31.77479,50,45.433245
-32.870179,50,45.470654
-28.728262,50,45.512427
-23.404255,50,45.551222
-29.199813,50,45.593047
-27.062111,50,45.63509
-28.871491,50,45.675562
-26.629116,50,45.714412
-29.183712,50,45.752306
-28.122453,50,45.792363
-35.159915,50,45.833408
-26.664445,50,45.874496
-33.224315,50,45.914768
-36.812261,50,45.953182
-30.761828,50,45.993343
-25.341659,50,46.030141
-28.56989,50,46.070445
-33.263926,50,46.112374
-29.140822,50,46.150353
-25.400907,50,46.188695
-24.668209,50,46.229271
-29.782913,50,46.269516
-27.777486,50,46.30686
-32.6222,50,46.346605
-41.986289,50,46.381682
-22.683983,50,46.421848
-28.163458,50,46.463102
-36.824704,50,46.503149
-29.620514,50,46.541861
-20.775466,50,46.583235
-29.214948,50,46.623586
-22.544702,50,46.665487
-19.589022,50,46.707489
-28.579048,50,46.745932
-32.091024,50,46.788326
-28.379061,50,46.832307
-29.836919,50,46.87142
-32.348675,50,46.908159
-28.659778,50,46.947253
-26.919148,50,46.988595
-24.517544,50,47.02767
-26.882789,50,47.689838
-28.466073,50,47.730367
-34.896929,50,47.76985
-32.782862,50,47.811535
-34.723651,50,47.851269
-24.836429,50,47.890627
-31.149765,50,47.928518
-30.935393,50,47.968752
-22.238473,50,48.012038
-25.523938,50,48.052606
-34.544409,50,48.092367
-28.95879,50,48.132887
-33.091093,50,48.174953
-32.3681,50,48.214353
-32.002945,50,48.253488
-29.009145,50,48.294202
-24.751495,50,48.331727
-31.488549,50,48.369692
-29.184608,50,48.409013
-28.253608,50,48.449484
-33.598047,50,48.489614
-29.585572,50,48.527301
-37.301787,50,48.566834
-29.146674,50,48.605293
-23.723509,50,48.642335
-32.780324,50,48.683744
-30.046918,50,48.7259
-20.914288,50,48.766244
-30.63399,50,48.807289
-29.571223,50,48.847672
-30.101533,50,48.887383
-37.888939,50,48.927306
-35.741896,50,48.966796
-32.378917,50,49.009705
-32.168639,50,49.046321
-27.035058,50,49.083622
-22.483193,50,49.122319
-25.138346,50,49.163291
-27.477592,50,49.201381
-28.546229,50,49.23924
-26.853066,50,49.280064
-22.099079,50,49.916352
-22.718589,50,49.954242
-21.599718,50,49.995272
-33.262907,50,50.037076
-30.137569,50,50.074981
-21.827892,50,50.116659
-37.122659,50,50.154754
-25.413467,50,50.195082
-28.033599,50,50.233714
-31.044457,50,50.274279
-30.909826,50,50.312619
-33.087716,50,50.355609
-33.749379,50,50.395361
-26.905848,50,50.434562
-26.892511,50,50.475454
-28.193941,50,50.517057
-34.988593,50,50.561596
-27.141398,50,50.598695
-28.126984,50,50.639146
-28.699827,50,50.676517
-30.666053,50,50.719736
-24.028736,50,50.758105
-21.457698,50,50.795607
-21.612697,50,50.836385
-24.021127,50,50.871573
-33.648162,50,50.916542
-33.788034,50,50.956921
-27.406047,50,50.99883
-22.610445,50,51.037903
-24.453294,50,51.075903
-30.262394,50,51.114552
-23.949757,50,51.155814
-30.413421,50,51.196226
-25.837666,50,51.236938
-32.11535,50,51.278657
-34.343771,50,51.318638
-28.579505,50,51.359312
-21.517363,50,51.397164
-24.028879,50,51.43888
-36.943974,50,51.479086
-23.247943,50,51.51825
-25.33739,50,52.212926
-28.221402,50,52.253674
-22.382085,50,52.29168
-30.4222,50,52.333382
-26.044447,50,52.373277
-27.810142,50,52.411456
-22.570129,50,52.451459
-27.031196,50,52.49146
-26.767305,50,52.53179
-24.075536,50,52.571322
-28.628808,50,52.612873
-29.826896,50,52.65068
-32.030132,50,52.690356
-24.013742,50,52.727413
-21.08888,50,52.76998
-31.977321,50,52.807169
-27.95294,50,52.84321
-24.932769,50,52.879085
-21.70954,50,52.917366
-36.894268,50,52.95773
-31.768467,50,52.99643
-24.079576,50,53.033784
-23.772428,50,53.074734
-25.379026,50,53.111971
-28.490615,50,53.155474
-19.941547,50,53.19724
-25.306602,50,53.23873
-24.932958,50,53.278939
-29.5989,50,53.319205
-20.299058,50,53.356265
-26.277054,50,53.396677
-33.110165,50,53.43812
-29.102197,50,53.477867
-36.75242,50,53.517819
-24.960323,50,53.558212
-33.70636,50,53.59661
-26.882589,50,53.63726
-22.358745,50,53.676847
-26.633214,50,53.716802
-25.95253,50,53.756605
-24.907571,50,53.797282
-24.915079,50,54.446496
-27.898608,50,54.487294
-26.905523,50,54.530408
-24.255811,50,54.568455
-27.648991,50,54.609823
-21.5277,50,54.646531
-24.458749,50,54.690124
-25.954277,50,54.725849
-31.966134,50,54.761408
-23.317158,50,54.804765
-19.956874,50,54.841451
-31.324367,50,54.882999
-31.158815,50,54.922674
-22.963213,50,54.958013
-19.988485,50,55.00021
-29.847714,50,55.039646
-17.7545,50,55.079493
-29.777278,50,55.118375
-24.235893,50,55.155454
-24.300753,50,55.197614
-20.722176,50,55.238945
-32.39226,50,55.276725
-24.784095,50,55.319139
-24.738157,50,55.357025
-24.174099,50,55.397136
-34.901903,50,55.435415
-25.803201,50,55.475437
-22.867953,50,55.517476
-24.619025,50,55.556786
-21.585783,50,55.598309
-29.755032,50,55.638335
-21.458625,50,55.678366
-27.647099,50,55.716014
-29.16967,50,55.755633
-26.294612,50,55.795146
-23.410596,50,55.835663
-29.033902,50,55.873164
-27.523509,50,55.912702
-25.039337,50,55.952478
-24.400503,50,55.992183
-32.854845,50,56.02932
-29.094517,50,56.693007
-31.563473,50,56.732483
-21.923567,50,56.772041
-20.249182,50,56.808521
-25.729032,50,56.848849
-26.703662,50,56.888946
-18.341433,50,56.928463
-32.108816,50,56.969796
-24.047621,50,57.0093
-21.604419,50,57.050781
-25.583136,50,57.092375
-29.13197,50,57.134371
-19.664948,50,57.174002
-26.127914,50,57.214878
-20.924904,50,57.255857
-28.782775,50,57.294594
-28.368901,50,57.333907
-25.452786,50,57.374248
-28.07261,50,57.410224
-21.916595,50,57.449509
-28.793144,50,57.490643
-21.048373,50,57.528228
-25.120371,50,57.569506
-25.913147,50,57.608364
-31.862109,50,57.647761
-23.088653,50,57.687549
-29.113187,50,57.725649
-32.925702,50,57.765875
-22.062811,50,57.803222
-26.679639,50,57.843535
-29.369225,50,57.883487
-26.890132,50,57.922068
-21.775893,50,57.960755
-24.893155,50,57.998591
-30.58687,50,58.039562
-26.92685,50,58.07905
-23.766187,50,58.118899
-26.434091,50,58.158249
-29.826826,50,58.197691
-22.979171,50,58.239604
-21.224705,50,58.278334
-22.480091,50,58.867177
-26.895225,50,58.905645
-34.391461,50,58.946017
-27.434386,50,58.986858
-27.668432,50,59.031725
-31.343753,50,59.071886
-25.320201,50,59.114805
-24.495912,50,59.153841
-36.267422,50,59.193218
-36.485939,50,59.23249
-29.192886,50,59.272605
-17.957391,50,59.314505
-19.15337,50,59.357311
-25.582403,50,59.396293
-35.894089,50,59.435705
-31.911871,50,59.480391
-18.348815,50,59.519742
-27.263498,50,59.559136
-28.370121,50,59.6004
-27.478566,50,59.642171
-20.934507,50,59.680597
-17.007277,50,59.721126
-21.74368,50,59.762004
-24.406674,50,59.801692
-25.704326,50,59.844196
-28.423257,50,59.885817
-21.773771,50,59.924321
-20.900094,50,59.966194
-26.815064,50,60.007751
-37.103175,50,60.048101
-32.448583,50,60.086005
-24.438443,50,60.126928
-20.008649,50,60.166007
-20.309699,50,60.205453
-24.553777,50,60.246196
-30.549846,50,60.283793
-32.077633,50,60.324327
-34.360279,50,60.364577
-25.552598,50,60.403301
-27.875823,50,60.446244
-17.857985,50,61.170995
-26.701477,50,61.210926
-21.904957,50,61.251505
-22.92219,50,61.289928
-21.762287,50,61.330182
-21.223533,50,61.369673
-19.109889,50,61.406712
-20.465294,50,61.44835
-28.422943,50,61.489215
-24.89938,50,61.530572
-25.901479,50,61.571724
-22.057642,50,61.610737
-32.588725,50,61.653331
-27.165998,50,61.692779
-23.730436,50,61.732651
-19.621467,50,61.773431
-20.125648,50,61.814629
-31.996747,50,61.855237
-31.81682,50,61.894605
-30.343817,50,61.935704
-24.708019,50,61.977186
-21.108843,50,62.008554
-29.548105,50,62.029045
-22.412785,50,62.049448
-32.895118,50,62.06993
-22.869479,50,62.110543
-21.58338,50,62.148206
-28.128905,50,62.189635
-36.093772,50,62.229204
-25.841978,50,62.268816
-30.605112,50,62.307983
-18.059088,50,62.342901
-28.546495,50,62.380836
-28.701982,50,62.422556
-29.143732,50,62.465019
-22.33599,50,62.507672
-26.339407,50,62.54566
-26.199682,50,62.585927
-29.552849,50,62.627409
-22.699615,50,62.665556
-21.482082,50,62.707066
-30.736665,50,63.683124
-33.138595,50,63.720067
-22.502873,50,63.760695
-31.268082,50,63.801618
-24.791248,50,63.841186
-33.894485,50,63.87115
-22.434927,50,63.911985
-21.305268,50,63.950484
-27.509231,50,63.991673
-23.13474,50,64.032773
-23.539086,50,64.072588
-19.477184,50,64.115344
-31.899463,50,64.149022
-17.685358,50,64.188803
-24.570492,50,64.230098
-22.953036,50,64.269855
-20.861697,50,64.312797
-24.314089,50,64.349866
-30.087903,50,64.391817
-31.886725,50,64.428822
-20.356551,50,64.471378
-27.015266,50,64.506303
-27.577315,50,64.550569
-22.837375,50,64.587565
-29.211431,50,64.629741
-26.153586,50,64.669744
-32.343607,50,64.710668
-23.587749,50,64.752759
-28.225795,50,64.795276
-24.759543,50,64.834525
-24.030726,50,64.875965
-22.032555,50,64.915055
-28.414853,50,64.95358
-20.805676,50,64.9923
-15.412369,50,65.033185
-18.078459,50,65.07116
-22.735699,50,65.108952
-24.458647,50,65.148764
-31.227551,50,65.187891
-20.771226,50,65.230087
-32.418665,50,65.267972
-24.844397,50,65.942639
-19.636806,50,65.984482
-28.196842,50,66.026801
-21.889558,50,66.066346
-20.515569,50,66.108411
-25.09294,50,66.148759
-35.471399,50,66.189614
-25.55287,50,66.230753
-28.516221,50,66.269736
-23.948348,50,66.309634
-18.783128,50,66.34694
-22.226377,50,66.384529
-21.682304,50,66.427756
-24.726246,50,66.46732
-18.288216,50,66.50695
-38.730661,50,66.550426
-18.955538,50,66.59328
-31.457023,50,66.635372
-20.877904,50,66.674254
-24.694967,50,66.715973
-28.099508,50,66.753753
-24.062921,50,66.793621
-25.138724,50,66.833609
-24.279375,50,66.873361
-24.329426,50,66.914938
-21.856706,50,66.959299
-21.998126,50,66.999221
-17.398204,50,67.038491
-23.792412,50,67.079738
-16.113557,50,67.119061
-23.952709,50,67.159366
-28.355198,50,67.19961
-27.14558,50,67.239458
-20.214901,50,67.28161
-24.333642,50,67.31878
-25.580387,50,67.355515
-21.394713,50,67.395319
-23.120312,50,67.433399
-25.148494,50,67.474289
-35.70299,50,67.515311
-32.980344,50,67.555636
-16.915814,50,68.220365
-22.048575,50,68.258799
-29.187776,50,68.298918
-29.882531,50,68.336387
-19.456798,50,68.380059
-24.843076,50,68.420887
-25.033258,50,68.462128
-18.054495,50,68.50286
-18.247697,50,68.543978
-18.302801,50,68.583627
-19.150908,50,68.623548
-24.386671,50,68.663702
-17.399196,50,68.703228
-21.754407,50,68.743161
-20.765583,50,68.783806
-25.357714,50,68.821495
-31.698791,50,68.865584
-32.8131,50,68.90389
-25.45695,50,68.942739
-32.026035,50,68.984854
-26.078227,50,69.026619
-17.586641,50,69.06762
-24.396313,50,69.108413
-23.17916,50,69.146823
-23.788889,50,69.185606
-28.859266,50,69.224861
-31.883427,50,69.267025
-23.54375,50,69.302904
-27.250681,50,69.341855
-30.926981,50,69.383536
-20.569567,50,69.422258
-22.177354,50,69.462961
-25.102838,50,69.501981
-20.88703,50,69.541039
-30.381064,50,69.580978
-25.285633,50,69.618683
-21.310964,50,69.656489
-20.25997,50,69.697644
-30.890219,50,69.735475
-28.255447,50,69.778599
-26.629038,50,69.816529
-34.484467,50,70.729662
-34.392405,50,70.766666
-15.415046,50,70.806775
-23.759906,50,70.845713
-16.409879,50,70.888293
-15.30719,50,70.925556
-20.231836,50,70.967124
-24.592973,50,71.007573
-18.118648,50,71.046417
-19.237975,50,71.087319
-29.309593,50,71.126758
-22.386777,50,71.167511
-26.392493,50,71.20662
-19.573339,50,71.249043
-16.760658,50,71.286693
-24.937775,50,71.323359
-18.759255,50,71.364622
-27.72051,50,71.402412
-20.539716,50,71.439924
-28.232564,50,71.479868
-30.601335,50,71.518615
-23.896964,50,71.562337
-18.567696,50,71.601329
-27.218445,50,71.639941
-28.830552,50,71.680636
-26.016647,50,71.717828
-17.214774,50,71.757848
-28.314188,50,71.797436
-26.957638,50,71.838039
-18.575354,50,71.878565
-16.205956,50,71.915168
-22.244564,50,71.95553
-32.871616,50,71.995646
-18.579046,50,72.037877
-35.210998,50,72.078568
-34.038458,50,72.116735
-16.243916,50,72.156446
-25.592042,50,72.194376
-23.706675,50,72.23339
-29.624337,50,72.275756
-22.015239,50,72.311223
-25.006822,50,72.993029
-13.71806,50,73.027643
-24.202916,50,73.065662
-28.214323,50,73.104884
-19.750285,50,73.146354
-16.315627,50,73.186719
-32.62874,50,73.228533
-27.607829,50,73.267299
-28.311571,50,73.306854
-18.095677,50,73.348764
-20.595499,50,73.38501
-17.931788,50,73.430485
-20.431492,50,73.471514
-19.841806,50,73.506907
-19.93737,50,73.54789
-21.003817,50,73.590492
-24.991336,50,73.631647
-19.014127,50,73.669898
-26.880861,50,73.710274
-15.79718,50,73.74891
-28.405976,50,73.789119
-27.378077,50,73.829449
-16.079966,50,73.86681
-20.114355,50,73.904372
-19.70119,50,73.930532
-19.426944,50,73.97089
-22.435381,50,74.013582
-22.243674,50,74.052721
-30.713316,50,74.092609
-23.761734,50,74.130848
-19.549262,50,74.169219
-23.91653,50,74.207493
-28.195397,50,74.247487
-20.463791,50,74.285179
-24.79611,50,74.324358
-21.171186,50,74.364603
-25.515806,50,74.400417
-28.898727,50,74.443356
-18.123693,50,74.485474
-19.331942,50,74.525753
-16.415399,50,74.565772
-27.893311,50,75.257887
-21.305689,50,75.294876
-19.555587,50,75.333807
-22.641769,50,75.374652
-20.806999,50,75.413188
-25.561544,50,75.455263
-26.25996,50,75.495484
-26.592916,50,75.534196
-27.169422,50,75.576102
-25.4437,50,75.614734
-23.289017,50,75.655179
-21.351469,50,75.696742
-31.506943,50,75.739464
-27.28793,50,75.78062
-20.294633,50,75.819743
-26.936135,50,75.857975
-18.934083,50,75.89869
-17.025547,50,75.938236
-31.166999,50,75.974694
-21.080521,50,76.013379
-22.015249,50,76.055642
-27.646833,50,76.093304
-26.78177,50,76.134285
-31.607599,50,76.175712
-23.873967,50,76.213772
-21.071354,50,76.254142
-18.137588,50,76.295056
-22.883852,50,76.335421
-22.316324,50,76.374465
-24.912943,50,76.414345
-27.009377,50,76.452024
-28.560219,50,76.496499
-33.366352,50,76.534323
-26.461356,50,76.575346
-14.692801,50,76.612907
-23.294837,50,76.653035
-22.853362,50,76.693905
-19.471889,50,76.731735
-24.099949,50,76.769852
-24.550644,50,76.81012
-27.149854,50,76.849766
-29.928184,50,77.503604
-19.591135,50,77.542749
-15.578411,50,77.583893
-15.523023,50,77.622161
-21.069459,50,77.660017
-19.304408,50,77.700473
-13.935267,50,77.73832
-22.231584,50,77.776526
-23.521618,50,77.816664
-21.452771,50,77.856572
-25.889324,50,77.894629
-27.649432,50,77.936973
-27.97461,50,77.976814
-24.067263,50,78.017059
-21.510058,50,78.05712
-17.136531,50,78.094562
-32.19192,50,78.13267
-21.178699,50,78.17294
-19.728938,50,78.211232
-17.942149,50,78.250138
-16.342993,50,78.288376
-25.549686,50,78.325924
-24.857393,50,78.365497
-23.866815,50,78.404882
-26.29301,50,78.444387
-23.29474,50,78.480867
-21.614369,50,78.519562
-23.346342,50,78.561851
-29.821282,50,78.598654
-30.092063,50,78.641361
-32.705723,50,78.680728
-16.805495,50,78.717641
-22.791006,50,78.758729
-18.008793,50,78.797803
-24.661977,50,78.840416
-18.808324,50,78.882769
-20.805295,50,78.922843
-17.92674,50,78.960691
-23.157259,50,79.001126
-14.39117,50,79.042716
-15.338962,50,79.080749
-22.358197,50,79.81642
-32.447913,50,79.853794
-23.129801,50,79.890474
-28.671135,50,79.931704
-25.230256,50,79.973764
-28.241135,50,80.016984
-21.271419,50,80.05958
-24.007795,50,80.097964
-32.362132,50,80.137952
-23.458012,50,80.176111
-15.643921,50,80.216417
-28.496022,50,80.255582
-17.457563,50,80.286292
-30.203584,50,80.33028
-34.407098,50,80.369825
-30.542896,50,80.409207
-21.889348,50,80.440816
-15.142901,50,80.470582
-25.122939,50,80.509813
-26.306883,50,80.550271
-17.933822,50,80.589301
-29.4389,50,80.629185
-24.632482,50,80.668625
-16.64414,50,80.707483
-23.095781,50,80.74626
-26.239908,50,80.78551
-14.840957,50,80.825361
-28.066539,50,80.866073
-31.071424,50,80.907168
-16.067264,50,80.943208
-19.802798,50,80.983844
-19.57633,50,81.023783
-24.033016,50,81.060792
-28.759353,50,81.100759
-17.187729,50,81.13871
-20.43084,50,81.178432
-30.505727,50,81.21863
-24.652591,50,81.25816
-28.234413,50,81.295679
-26.473202,50,81.336239
-22.158768,50,81.374469
-20.565428,50,82.14729
-15.027727,50,82.182717
-18.466812,50,82.224729
-18.023483,50,82.265299
-14.620268,50,82.305299
-17.224732,50,82.34397
-18.470432,50,82.385446
-19.756352,50,82.425169
-23.194559,50,82.462692
-16.976358,50,82.505454
-20.178206,50,82.54381
-20.195573,50,82.583409
-27.097253,50,82.623259
-13.739907,50,82.664682
-21.499612,50,82.70424
-22.459775,50,82.744057
-28.046907,50,82.784649
-14.663048,50,82.822636
-17.68783,50,82.865634
-29.13334,50,82.905504
-31.652992,50,82.944529
-27.329169,50,82.984366
-21.195138,50,83.025518
-31.350759,50,83.063429
-22.971677,50,83.103896
-23.129794,50,83.144372
-27.969439,50,83.186717
-25.590078,50,83.22547
-24.466352,50,83.267936
-13.655527,50,83.305591
-19.035122,50,83.344685
-29.498577,50,83.38457
-21.901409,50,83.425283
-25.587296,50,83.464172
-16.129211,50,83.505086
-32.312827,50,83.5439
-28.277856,50,83.583714
-29.032796,50,83.62476
-13.940619,50,83.661498
-29.46109,50,83.691875
-27.4053,50,83.724611
-20.317656,50,84.454162
-19.829264,50,84.496121
-19.661881,50,84.534156
-23.331906,50,84.574784
-21.368369,50,84.617584
-21.067374,50,84.659524
-18.926115,50,84.70038
-31.738112,50,84.74173
-20.951287,50,84.782347
-13.899109,50,84.822675
-32.717228,50,84.861993
-20.51236,50,84.903565
-22.426081,50,84.945409
-27.965911,50,84.97966
-26.929759,50,85.019772
-23.399521,50,85.059119
-17.460833,50,85.100342
-28.329851,50,85.138578
-23.300413,50,85.176135
-16.123363,50,85.21845
-19.202425,50,85.258654
-24.422427,50,85.298413
-25.156032,50,85.337121
-30.89612,50,85.378977
-23.968111,50,85.417056
-11.385747,50,85.459043
-16.064185,50,85.498412
-16.835052,50,85.54043
-20.065679,50,85.579403
-14.891721,50,85.615574
-21.08717,50,85.655675
-22.28279,50,85.693108
-16.303895,50,85.727138
-14.490705,50,85.767519
-20.008092,50,85.806281
-28.384064,50,85.84789
-19.145785,50,85.882052
-24.209677,50,85.921411
-15.729704,50,85.958781
-24.090015,50,86.000668
-23.308719,50,86.042845
-27.895409,50,87.020455
-26.163029,50,87.061412
-23.822509,50,87.10075
-18.576602,50,87.142638
-26.716357,50,87.182813
-20.788736,50,87.223113
-20.064906,50,87.2645
-27.470156,50,87.304181
-19.53579,50,87.342001
-22.41644,50,87.382077
-15.952521,50,87.424836
-13.874737,50,87.464667
-16.885832,50,87.508422
-23.929257,50,87.546018
-20.794443,50,87.588999
-28.734182,50,87.626744
-27.574352,50,87.6675
-16.03525,50,87.708231
-18.326608,50,87.747797
-16.160267,50,87.787893
-26.740102,50,87.827749
-21.444595,50,87.86637
-20.129547,50,87.907525
-12.692297,50,87.945209
-15.215225,50,87.985918
-29.26284,50,88.026204
-17.101108,50,88.065641
-26.109661,50,88.108575
-24.150676,50,88.146719
-18.931242,50,88.186888
-22.99402,50,88.222353
-27.395594,50,88.261934
-24.335507,50,88.300732
-19.517689,50,88.342438
-16.597026,50,88.38138
-23.871034,50,88.420567
-14.620896,50,88.462956
-24.433974,50,88.502086
-17.625145,50,88.540906
-22.182051,50,88.581632
-19.414767,50,88.62067
-19.675985,50,89.42599
-17.654527,50,89.464352
-22.988649,50,89.503435
-17.601605,50,89.541441
-31.445728,50,89.5793
-15.459763,50,89.62306
-21.46789,50,89.663495
-23.310651,50,89.704704
-21.995065,50,89.747382
-19.519144,50,89.788257
-21.82038,50,89.829506
-19.530796,50,89.867929
-16.138441,50,89.909757
-27.343552,50,89.949046
-26.094375,50,89.990625
-13.819269,50,90.031534
-23.882535,50,90.070447
-33.349728,50,90.10844
-26.080262,50,90.148547
-24.410671,50,90.188128
-26.112482,50,90.226707
-17.324133,50,90.264486
-22.546328,50,90.30611
-18.418228,50,90.344613
-18.80237,50,90.384253
-20.818689,50,90.419626
-26.007734,50,90.458227
-17.679778,50,90.497489
-23.532268,50,90.53956
-27.72892,50,90.580318
-22.147559,50,90.617503
-17.174249,50,90.658521
-21.548358,50,90.69558
-21.77098,50,90.73375
-17.401388,50,90.773507
-23.095498,50,90.814368
-17.562235,50,90.8479
-21.341923,50,90.887849
-26.130483,50,90.924506
-23.732872,50,90.964989
-25.760417,50,91.004166
-22.202076,50,91.799849
-26.265838,50,91.83937
-17.649361,50,91.878729
-26.002283,50,91.919945
-17.222692,50,91.956357
-23.26972,50,91.993828
-29.963656,50,92.035869
-25.743096,50,92.075339
-14.212159,50,92.115212
-28.064336,50,92.155205
-21.056099,50,92.197347
-21.625514,50,92.239187
-25.751449,50,92.280834
-21.405963,50,92.322716
-22.376017,50,92.362666
-27.2431,50,92.402106
-28.130273,50,92.443408
-26.044457,50,92.483518
-18.445517,50,92.52409
-14.223587,50,92.56226
-22.338307,50,92.600837
-11.772689,50,92.642874
-24.963276,50,92.682684
-28.101463,50,92.719605
-15.117049,50,92.756223
-21.575419,50,92.796385
-28.169934,50,92.836234
-20.951036,50,92.879108
-23.457555,50,92.918945
-12.644705,50,92.953773
-22.530341,50,92.993658
-21.622307,50,93.034334
-22.608939,50,93.074779
-27.629856,50,93.115939
-26.396146,50,93.154203
-27.379558,50,93.192371
-17.504709,50,93.233485
-21.780114,50,93.272718
-21.973195,50,93.312517
-18.534691,50,93.351403
-20.125816,50,93.391112
-27.917111,50,94.094972
-20.385191,50,94.133295
-27.915947,50,94.176553
-16.037817,50,94.212403
-23.185408,50,94.254398
-23.523001,50,94.292009
-13.309512,50,94.335332
-19.895997,50,94.372546
-25.466456,50,94.414156
-14.122158,50,94.455502
-21.649644,50,94.497226
-28.167793,50,94.535764
-23.090286,50,94.574271
-15.788522,50,94.616453
-19.913572,50,94.656526
-18.028686,50,94.700017
-23.367351,50,94.738265
-22.238682,50,94.777004
-23.179737,50,94.818382
-29.782592,50,94.855858
-24.937931,50,94.895951
-20.149497,50,94.936648
-14.938111,50,94.973903
-29.052317,50,95.014441
-25.429823,50,95.053768
-15.602808,50,95.092068
-26.303286,50,95.130827
-27.931166,50,95.168054
-27.755784,50,95.209112
-13.861952,50,95.24967
-18.767638,50,95.291565
-25.126867,50,95.332752
-23.492996,50,95.374091
-23.328127,50,95.413129
-14.399245,50,95.454281
-15.740262,50,95.493256
-27.545501,50,95.534079
-26.617561,50,95.573858
-29.23344,50,95.61358
-25.380564,50,95.654942
-15.808089,50,95.69174
-29.876311,50,96.415214
-18.524237,50,96.455455
-16.317394,50,96.496273
-24.646815,50,96.538498
-21.311919,50,96.577182
-20.335836,50,96.619251
-30.914762,50,96.658999
-22.799795,50,96.698585
-24.723653,50,96.739945
-14.196832,50,96.776675
-21.277318,50,96.817798
-34.872281,50,96.854459
-24.412948,50,96.894886
-24.052283,50,96.937724
-23.298262,50,96.978581
-24.353789,50,97.017653
-22.758297,50,97.056334
-28.799424,50,97.097105
-19.938188,50,97.135865
-22.417391,50,97.173731
-26.180545,50,97.214661
-20.429096,50,97.252985
-26.391979,50,97.289842
-15.720232,50,97.327915
-31.108997,50,97.367236
-23.627791,50,97.406701
-21.919071,50,97.446998
-22.519962,50,97.486617
-15.712896,50,97.526428
-22.473919,50,97.566452
-27.820117,50,97.605504
-27.669376,50,97.644125
-24.273727,50,97.683127
-20.645645,50,97.720913
-17.399894,50,97.760426
-22.247052,50,97.802447
-26.255464,50,97.84187
-20.589454,50,97.882504
-15.929523,50,97.921978
-12.847575,50,97.96074
-27.599296,50,98.002373
-19.704846,50,98.637132
-23.158902,50,98.677787
-25.267087,50,98.71858
-24.32639,50,98.7583
-23.253932,50,98.797368
-21.404923,50,98.83863
-14.087362,50,98.882749
-23.176922,50,98.921154
-29.64441,50,98.961754
-28.793775,50,98.999602
-21.078676,50,99.041125
-19.035799,50,99.078367
-22.68681,50,99.116297
-15.755698,50,99.156953
-22.289147,50,99.197316
-20.304955,50,99.238321
-20.644264,50,99.277748
-27.505291,50,99.322381
-24.50428,50,99.359312
-28.841953,50,99.400684
-21.297223,50,99.437805
-21.829115,50,99.477735
-19.251943,50,99.517683
-12.186491,50,99.558334
-16.069193,50,99.596289
-22.470149,50,99.637517
-20.548835,50,99.675319
-27.914752,50,99.71402
-19.994312,50,99.752453
-29.17467,50,99.79311
-17.68597,50,99.831645
-22.314473,50,99.873576
-22.0188,50,99.91079
-26.663388,50,99.949397
-14.735102,50,99.98693
-26.692817,50,100.025507
-19.038804,50,100.065
-20.938175,50,100.10258
-29.211831,50,100.141579
-21.476505,50,100.183112
-24.358711,50,100.222675
-21.772545,50,100.789425
-19.582068,50,100.830417
-20.74742,50,100.868786
-12.527265,50,100.908154
-11.870396,50,100.946106
-23.588685,50,100.987387
-22.894604,50,101.023215
-26.224714,50,101.044905
-26.459386,50,101.085427
-27.271054,50,101.123551
-21.394014,50,101.163869
-25.075643,50,101.204503
-19.312986,50,101.244753
-14.140175,50,101.28366
-22.470687,50,101.326844
-16.034764,50,101.365884
-17.584329,50,101.407974
-20.550668,50,101.448163
-23.860918,50,101.491007
-29.672584,50,101.531219
-26.836496,50,101.569343
-34.137417,50,101.607883
-27.964519,50,101.645898
-23.915162,50,101.685285
-28.109442,50,101.723588
-17.800361,50,101.762434
-18.743648,50,101.802104
-27.058002,50,101.840652
-26.383384,50,101.879634
-15.721591,50,101.920045
-14.315014,50,101.958719
-26.138666,50,101.999622
-17.68211,50,102.040596
-19.695336,50,102.079506
-22.676576,50,102.121719
-9.623908,50,102.159484
-15.2573,50,102.201199
-26.176191,50,102.241895
-17.617405,50,102.279563
-26.962252,50,102.321308
-21.49086,50,102.361611
-11.826956,50,103.144625
-25.336506,50,103.185071
-23.737145,50,103.223835
-18.914461,50,103.266839
-21.025801,50,103.305711
-28.383208,50,103.346616
-18.590329,50,103.388337
-18.290099,50,103.42721
-13.532087,50,103.46641
-21.289699,50,103.505187
-13.000524,50,103.542802
-20.883677,50,103.586746
-18.777231,50,103.627218
-21.07431,50,103.665378
-17.920832,50,103.7068
-29.538217,50,103.747631
-23.055815,50,103.785254
-22.137006,50,103.824749
-22.816134,50,103.865809
-18.777629,50,103.902608
-20.073513,50,103.942473
-22.058635,50,103.981823
-28.244476,50,104.023372
-15.051556,50,104.0627
-26.45288,50,104.102777
-15.480032,50,104.141621
-23.725867,50,104.182797
-25.299021,50,104.222658
-27.394547,50,104.261787
-16.793692,50,104.302178
-16.496968,50,104.341502
-17.472474,50,104.382794
-25.534716,50,104.42387
-27.597564,50,104.464275
-21.981481,50,104.499782
-13.978095,50,104.544509
-24.501185,50,104.583903
-24.01436,50,104.624978
-19.48996,50,104.667973
-17.189485,50,104.708663
-23.178012,50,104.74816
-29.212049,50,105.70306
-24.601684,50,105.74544
-18.749144,50,105.790656
-20.9917,50,105.831744
-17.447891,50,105.871844
-13.350747,50,105.912172
-19.369755,50,105.955218
-21.238561,50,105.996396
-21.419649,50,106.037069
-23.550824,50,106.078348
-26.391871,50,106.116856
-18.201924,50,106.157938
-16.961617,50,106.19789
-20.147958,50,106.236599
-12.360479,50,106.278622
-22.567478,50,106.322182
-28.481442,50,106.36179
-30.453204,50,106.399728
-29.53637,50,106.439521
-17.323618,50,106.478391
-15.54803,50,106.518541
-17.059686,50,106.554755
-20.020523,50,106.591183
-22.776229,50,106.631856
-20.205697,50,106.670497
-23.147179,50,106.710868
-22.851685,50,106.748675
-25.355176,50,106.788816
-17.117764,50,106.829851
-22.930621,50,106.867839
-25.293057,50,106.90769
-21.807915,50,106.9485
-21.569418,50,106.9901
-22.868618,50,107.030161
-19.917961,50,107.069056
-21.228193,50,107.106609
-20.249156,50,107.148913
-20.876421,50,107.187776
-12.956255,50,107.229016
-20.304898,50,107.267805
-12.921816,50,107.308093
-24.304295,50,107.974457
-22.644505,50,108.012527
-23.808407,50,108.053463
-24.389586,50,108.092584
-22.224298,50,108.129167
-11.599911,50,108.172062
-22.458086,50,108.215997
-14.198001,50,108.258701
-26.6683,50,108.301161
-23.679718,50,108.343904
-18.049476,50,108.383572
-17.777626,50,108.420009
-21.205264,50,108.460744
-17.058267,50,108.501943
-23.754193,50,108.54144
-28.383032,50,108.578944
-23.211315,50,108.619078
-12.572687,50,108.659744
-27.065901,50,108.697615
-21.119288,50,108.738078
-15.520481,50,108.774845
-28.143944,50,108.812675
-24.157436,50,108.851966
-17.426053,50,108.888944
-18.133423,50,108.928022
-27.582859,50,108.969647
-25.019398,50,109.010192
-25.690909,50,109.050595
-26.922437,50,109.089332
-21.382614,50,109.128643
-18.890128,50,109.17167
-19.559417,50,109.211645
-13.701326,50,109.251274
-14.558859,50,109.290451
-20.50245,50,109.328378
-21.129393,50,109.369077
-18.131961,50,109.410743
-21.72885,50,109.449901
-28.399921,50,109.491864
-17.015387,50,109.531724
-21.95814,50,109.569648
-13.90849,50,110.252352
-24.558894,50,110.291342
-20.188436,50,110.331326
-15.847451,50,110.369258
-15.979788,50,110.408708
-19.298547,50,110.450617
-22.142806,50,110.492277
-28.271504,50,110.532338
-20.471346,50,110.569489
-30.117396,50,110.609425
-13.957151,50,110.650219
-21.487871,50,110.690618
-25.471995,50,110.730138
-23.31734,50,110.755501
-25.215642,50,110.800702
-21.211387,50,110.841637
-28.487198,50,110.882055
-23.346434,50,110.924222
-13.874,50,110.961328
-24.167836,50,110.999248
-14.909129,50,111.038665
-24.542179,50,111.078122
-19.230858,50,111.116206
-13.584073,50,111.15636
-23.773942,50,111.195407
-28.599437,50,111.235461
-20.234721,50,111.274787
-27.277468,50,111.3163
-13.898254,50,111.354164
-17.528185,50,111.391783
-24.463363,50,111.432096
-24.096605,50,111.47132
-14.985709,50,111.513537
-23.178589,50,111.549836
-14.97058,50,111.588145
-21.006983,50,111.626587
-20.543927,50,111.664274
-13.483502,50,111.70136
-24.748831,50,111.740866
-19.136734,50,111.780109
-23.604346,50,111.819742
-19.710749,50,112.447741
-20.236219,50,112.477674
-24.239889,50,112.52184
-23.152117,50,112.563455
-13.682574,50,112.60132
-18.090323,50,112.643051
-13.298094,50,112.680931
-15.002314,50,112.720911
-25.86365,50,112.763347
-14.202283,50,112.8053
-20.673528,50,112.843593
-25.061853,50,112.881703
-18.093362,50,112.921746
-20.46006,50,112.962217
-24.195225,50,113.004626
-13.242961,50,113.045818
-24.626416,50,113.082548
-20.918573,50,113.123307
-25.98487,50,113.164793
-20.684812,50,113.203367
-16.648063,50,113.244213
-21.193852,50,113.285697
-17.337763,50,113.326845
-14.701371,50,113.364646
-21.332856,50,113.405369
-20.385082,50,113.444213
-24.559948,50,113.483553
-19.441347,50,113.521761
-21.008879,50,113.560945
-19.223633,50,113.600436
-19.738664,50,113.63845
-23.482142,50,113.678496
-15.333871,50,113.717368
-20.440217,50,113.757363
-25.387527,50,113.795743
-23.337178,50,113.835629
-15.65536,50,113.876334
-18.269284,50,113.915654
-12.57292,50,113.954892
-19.568439,50,113.996684
-27.858025,50,114.038535
-21.676477,50,114.76817
-13.54702,50,114.806189
-19.822616,50,114.848968
-21.668772,50,114.888475
-17.713337,50,114.926654
-21.005266,50,114.966688
-25.426747,50,115.002796
-17.699995,50,115.043098
-18.546278,50,115.083135
-14.929867,50,115.12323
-12.102403,50,115.162603
-23.880543,50,115.202091
-22.174804,50,115.244522
-14.492432,50,115.28439
-21.141593,50,115.325861
-21.344754,50,115.365849
-20.511888,50,115.404387
-29.031167,50,115.444223
-22.098909,50,115.486731
-20.522899,50,115.526989
-11.394262,50,115.563329
-20.038333,50,115.605126
-15.808096,50,115.644625
-24.806724,50,115.675635
-11.171162,50,115.717556
-14.248487,50,115.758177
-14.221916,50,115.796159
-24.785943,50,115.835696
-26.79232,50,115.875683
-23.412025,50,115.91215
-23.605693,50,115.9536
-20.034307,50,115.990317
-20.427109,50,116.031399
-21.982332,50,116.072761
-24.369291,50,116.112003
-25.417345,50,116.155979
-25.188044,50,116.192654
-26.245557,50,116.235606
-19.267867,50,116.273854
-17.335402,50,116.312433
-25.794167,50,116.352347
-21.983833,50,117.044538
-20.216542,50,117.085153
-18.373891,50,117.122783
-23.599838,50,117.16436
-16.028879,50,117.20541
-22.073964,50,117.246466
-20.093536,50,117.285375
-22.197154,50,117.328253
-17.91753,50,117.365637
-25.622322,50,117.406046
-21.688287,50,117.447195
-22.237521,50,117.483818
-25.3944,50,117.525104
-26.741913,50,117.564485
-24.179716,50,117.606359
-21.454769,50,117.647992
-23.577854,50,117.690006
-23.49967,50,117.730837
-19.035744,50,117.768511
-10.574501,50,117.810667
-20.454377,50,117.850476
-20.881216,50,117.890109
-26.083334,50,117.929333
-13.512101,50,117.97233
-21.525281,50,118.015074
-19.896369,50,118.053749
-20.988394,50,118.09325
-27.860001,50,118.132822
-15.050259,50,118.175415
-20.727548,50,118.2137
-24.798747,50,118.252687
-13.427735,50,118.294353
-9.53683,50,118.319635
-18.775034,50,118.359694
-21.501231,50,118.396465
-15.48226,50,118.43577
-26.555085,50,118.475664
-21.111526,50,118.51945
-21.017687,50,118.558539
-22.796055,50,118.597489
-19.422581,50,119.489316
-14.605708,50,119.526713
-16.237988,50,119.566814
-20.099468,50,119.608004
-16.564126,50,119.650433
-14.08442,50,119.685793
-19.123485,50,119.723648
-26.800217,50,119.760761
-12.68346,50,119.79844
-11.571558,50,119.837796
-16.122071,50,119.874727
-23.45406,50,119.91636
-15.792427,50,119.953379
-22.088143,50,119.992847
-18.115375,50,120.033818
-26.161811,50,120.072383
-12.576707,50,120.111681
-16.764632,50,120.152661
-28.102595,50,120.192245
-21.163937,50,120.232241
-23.100568,50,120.269928
-25.629882,50,120.311086
-18.84864,50,120.351517
-16.973977,50,120.390938
-15.40913,50,120.431297
-23.536624,50,120.471195
-12.149682,50,120.512532
-28.939229,50,120.549412
-15.390132,50,120.591185
-17.922395,50,120.631512
-14.510284,50,120.668802
-17.23248,50,120.709446
-23.214175,50,120.748666
-21.505236,50,120.788713
-12.268484,50,120.831082
-19.82247,50,120.871741
-17.494808,50,120.907259
-18.285985,50,120.948528
-19.443738,50,120.987137
-13.108433,50,121.029498
-12.442898,50,121.070593
-18.229706,50,122.005503
-15.496873,50,122.045413
-19.753138,50,122.084464
-28.324406,50,122.125431
-17.586696,50,122.164509
-19.95392,50,122.206463
-19.08416,50,122.246546
-26.845271,50,122.286173
-18.952869,50,122.325123
-19.473079,50,122.362645
-17.871488,50,122.403831
-26.361489,50,122.446566
-13.529327,50,122.486412
-15.782178,50,122.529263
-24.779083,50,122.568725
-28.127972,50,122.605665
-12.429813,50,122.638143
-27.467419,50,122.679377
-12.506396,50,122.720694
-23.396548,50,122.758682
-18.247021,50,122.798403
-14.016756,50,122.8363
-11.565915,50,122.875327
-24.64363,50,122.914398
-24.390678,50,122.952081
-22.074398,50,122.994424
-16.852718,50,123.030687
-17.87043,50,123.072203
-17.202651,50,123.110694
-19.44066,50,123.149481
-14.84654,50,123.187071
-21.832368,50,123.225394
-17.289909,50,123.265429
-11.786278,50,123.305663
-21.056046,50,123.343897
-23.011256,50,123.385288
-19.084984,50,123.424856
-23.252874,50,123.464355
-20.289999,50,123.506583
-13.954586,50,123.543168
-23.709605,50,123.582652
-18.408729,50,124.530871
-25.057987,50,124.57024
-26.65875,50,124.608505
-21.511258,50,124.653633
-14.725043,50,124.693068
-14.423456,50,124.734572
-22.050952,50,124.772873
-26.627563,50,124.814634
-12.944372,50,124.855021
-21.491186,50,124.891509
-25.177012,50,124.93118
-13.74093,50,124.971445
-17.166899,50,125.011784
-23.480721,50,125.04746
-21.653066,50,125.088349
-17.731806,50,125.126459
-17.287002,50,125.162222
-10.384953,50,125.203322
-14.008246,50,125.242761
-12.135789,50,125.284274
-20.159714,50,125.319248
-23.273723,50,125.356919
-22.088122,50,125.395275
-18.443809,50,125.43361
-14.313403,50,125.473638
-17.298048,50,125.514887
-18.715657,50,125.55366
-13.35133,50,125.591384
-17.377341,50,125.628985
-15.171981,50,125.666494
-15.756585,50,125.706979
-14.492247,50,125.74255
-23.740328,50,125.781286
-26.248427,50,125.82058
-18.978227,50,125.861971
-25.793346,50,125.902356
-19.053624,50,125.93982
-10.588462,50,125.980184
-15.346128,50,126.016627
-18.985377,50,126.061533
-23.837121,50,126.102987
-22.502243,50,126.748984
-14.136056,50,126.789222
-23.960863,50,126.82819
-19.9111,50,126.867339
-25.412562,50,126.904778
-17.488566,50,126.94432
-27.7881,50,126.98341
-25.75018,50,127.020677
-10.467544,50,127.059902
-20.921155,50,127.102121
-22.870416,50,127.139918
-27.021782,50,127.17835
-11.521495,50,127.219556
-27.020953,50,127.258661
-16.936912,50,127.298261
-12.952528,50,127.339932
-16.095657,50,127.380912
-24.76366,50,127.419201
-12.330512,50,127.458488
-14.941778,50,127.497302
-19.779279,50,127.537647
-26.923818,50,127.577282
-15.906805,50,127.615397
-11.378184,50,127.656111
-26.417975,50,127.695584
-25.207665,50,127.737979
-25.978954,50,127.775835
-20.320784,50,127.816208
-12.510251,50,127.857347
-22.327013,50,127.892329
-22.629571,50,127.933738
-17.132843,50,127.970652
-18.315206,50,128.012911
-15.632412,50,128.051581
-24.553112,50,128.087583
-27.803042,50,128.130203
-24.363605,50,128.167543
-21.752237,50,128.204922
-21.164345,50,128.245593
-16.916317,50,128.284242
-20.462327,50,128.320323
-13.253796,50,129.128297
-23.099514,50,129.16784
-14.030487,50,129.209821
-13.015992,50,129.248313
-26.582715,50,129.286755
-20.241776,50,129.326307
-18.355807,50,129.3637
-15.190698,50,129.403919
-13.582327,50,129.442638
-14.964285,50,129.482623
-17.176301,50,129.522135
-17.167521,50,129.561503
-20.482649,50,129.601808
-19.609125,50,129.641596
-20.235636,50,129.683419
-27.815309,50,129.722344
-18.193367,50,129.757861
-24.858907,50,129.795551
-21.856298,50,129.837713
-27.353665,50,129.876601
-28.468556,50,129.919034
-20.375007,50,129.954684
-13.004028,50,129.995701
-18.086293,50,130.034315
-16.239612,50,130.071055
-23.081145,50,130.108697
-14.114858,50,130.149088
-20.403925,50,130.18703
-15.226921,50,130.228581
-27.599093,50,130.26797
-25.257458,50,130.304808
-27.43219,50,130.343358
-14.991852,50,130.384723
-20.969352,50,130.425632
-14.564032,50,130.46449
-27.192325,50,130.505716
-12.656137,50,130.547272
-22.447125,50,130.586774
-26.675038,50,130.627193
-22.180329,50,130.667606
-18.124123,50,130.710433
-15.77062,50,131.284574
-23.147805,50,131.31257
-12.949648,50,131.350192
-15.095522,50,131.38993
-17.281613,50,131.430996
-13.14068,50,131.470572
-16.319876,50,131.508833
-22.583331,50,131.549538
-17.911431,50,131.588341
-18.818501,50,131.627064
-18.542767,50,131.663023
-19.731349,50,131.703355
-19.408869,50,131.742634
-13.941023,50,131.782233
-20.188343,50,131.822091
-15.229244,50,131.863214
-22.198829,50,131.900539
-27.317365,50,131.941025
-23.104763,50,131.978693
-15.845124,50,132.01853
-15.582729,50,132.060301
-13.343009,50,132.09695
-16.016799,50,132.134484
-24.809629,50,132.174624
-17.740403,50,132.213874
-20.368653,50,132.2508
-11.874661,50,132.293726
-25.722143,50,132.332271
-24.417896,50,132.37054
-18.675153,50,132.410321
-13.380821,50,132.450469
-19.067295,50,132.490587
-25.540359,50,132.531404
-18.43967,50,132.568756
-24.254865,50,132.608907
-18.874644,50,132.650853
-29.286022,50,132.68896
-23.201776,50,132.727879
-17.047361,50,132.767627
-21.561811,50,132.807702
-14.669466,50,132.846714
-22.161184,50,133.548697
-17.382122,50,133.584636
-17.201697,50,133.628761
-16.005859,50,133.664408
-23.151572,50,133.705612
-13.314492,50,133.742256
-13.959014,50,133.784177
-23.00259,50,133.821611
-18.267707,50,133.857466
-17.462177,50,133.900357
-14.158628,50,133.938667
-16.08574,50,133.979473
-26.12968,50,134.020778
-22.517377,50,134.063275
-10.863281,50,134.103487
-15.357533,50,134.141347
-26.712799,50,134.1819
-27.990311,50,134.221675
-16.780846,50,134.262464
-20.009388,50,134.3019
-18.442894,50,134.340743
-25.628734,50,134.382576
-13.10389,50,134.420537
-16.074128,50,134.458381
-17.3878,50,134.499584
-19.027949,50,134.53658
-16.567902,50,134.576154
-24.760774,50,134.614818
-23.620628,50,134.653048
-23.194389,50,134.690877
-14.812062,50,134.730129
-25.530991,50,134.769361
-26.654188,50,134.808507
-26.262724,50,134.848796
-14.416956,50,134.888339
-22.893989,50,134.929573
-22.625329,50,134.968969
-17.314493,50,135.008334
-15.383042,50,135.047666
-22.832138,50,135.087958
-24.205295,50,135.122861
-26.490004,50,135.916916
-27.75786,50,135.954677
-25.745409,50,135.995363
-20.638781,50,136.033997
-24.902712,50,136.077568
-16.097582,50,136.121105
-18.877969,50,136.160456
-16.425795,50,136.201135
-16.793691,50,136.241621
-21.855863,50,136.283485
-21.023818,50,136.323396
-17.786742,50,136.361327
-10.111713,50,136.401435
-19.309101,50,136.445458
-13.753612,50,136.48599
-19.919101,50,136.526438
-21.863972,50,136.563796
-15.142128,50,136.604125
-23.406095,50,136.642094
-20.638978,50,136.68319
-19.552275,50,136.724523
-23.693171,50,136.765611
-25.792056,50,136.804208
-22.282996,50,136.842718
-26.945216,50,136.881137
-23.598942,50,136.920891
-12.30617,50,136.958503
-21.476292,50,136.99815
-14.474088,50,137.03751
-28.620453,50,137.075954
-22.177228,50,137.11713
-14.208281,50,137.154961
-24.050851,50,137.198292
-9.099768,50,137.23416
-16.801155,50,137.276994
-24.27743,50,137.314547
-26.767341,50,137.352762
-17.724044,50,137.392305
-13.622904,50,137.430919
-29.072164,50,137.470504
-17.061229,50,137.512669
-13.31416,50,138.248459
-9.08105,50,138.287236
-19.438534,50,138.325172
-9.090386,50,138.363058
-14.933033,50,138.403024
-10.602627,50,138.443672
-24.973387,50,138.483227
-24.310742,50,138.521606
-11.76392,50,138.56273
-17.723859,50,138.600826
-14.210395,50,138.642258
-11.320191,50,138.682897
-14.261476,50,138.721347
-24.47701,50,138.760143
-17.935326,50,138.797971
-27.422499,50,138.834835
-15.441606,50,138.87326
-16.114547,50,138.915504
-20.06673,50,138.954961
-11.746247,50,138.997418
-22.975757,50,139.03429
-7.088122,50,139.077822
-19.395498,50,139.118412
-18.162931,50,139.156179
-13.596724,50,139.196537
-15.835249,50,139.236298
-12.33387,50,139.274192
-24.998883,50,139.316226
-15.232274,50,139.355689
-22.061041,50,139.395451
-17.418617,50,139.435291
-28.521739,50,139.475486
-25.588186,50,139.515001
-25.761469,50,139.556191
-18.941324,50,139.598806
-21.959363,50,139.639751
-22.607081,50,139.678481
-19.032493,50,139.719548
-23.300032,50,139.763762
-12.364451,50,139.803607
-27.855566,50,139.842706
-22.927763,50,140.537096
-23.794649,50,140.574328
-13.939631,50,140.614341
-12.99301,50,140.657398
-26.027081,50,140.694902
-17.402217,50,140.736521
-15.892042,50,140.7754
-24.394909,50,140.816584
-22.189572,50,140.856282
-25.202912,50,140.893296
-13.329562,50,140.935404
-17.085194,50,140.973071
-24.326714,50,141.013292
-20.242717,50,141.055463
-23.259439,50,141.093856
-26.339645,50,141.133794
-20.541435,50,141.17278
-23.673253,50,141.212632
-9.871336,50,141.252255
-15.589725,50,141.288404
-22.862795,50,141.327746
-15.708134,50,141.36954
-25.05444,50,141.408365
-18.504666,50,141.449647
-23.460795,50,141.493483
-11.435407,50,141.532362
-21.331809,50,141.574405
-17.289752,50,141.613723
-16.827773,50,141.655239
-20.514531,50,141.694603
-16.763332,50,141.734545
-12.374883,50,141.77716
-15.373072,50,141.817863
-23.674086,50,141.855714
-26.886214,50,141.898016
-21.563434,50,141.931499
-14.272921,50,141.972773
-15.541,50,142.013756
-13.923162,50,142.052444
-16.012179,50,142.095191
-19.203878,50,142.1356
-17.574062,50,143.04363
-12.721593,50,143.08137
-15.00038,50,143.121421
-22.775735,50,143.158574
-14.409447,50,143.199644
-19.342288,50,143.242118
-21.209949,50,143.279318
-19.696595,50,143.320539
-14.161145,50,143.359282
-12.788688,50,143.399352
-21.735564,50,143.438223
-25.102698,50,143.476686
-13.029954,50,143.517866
-22.86713,50,143.558452
-20.292121,50,143.599792
-16.978223,50,143.6371
-16.617854,50,143.678279
-16.723628,50,143.717344
-22.621339,50,143.756373
-21.423136,50,143.793717
-9.496867,50,143.837564
-12.706042,50,143.877685
-22.373739,50,143.913787
-21.022353,50,143.953255
-28.384733,50,143.995148
-16.576505,50,144.036415
-11.674626,50,144.075464
-25.635822,50,144.116436
-19.598978,50,144.154812
-26.312222,50,144.198002
-16.688314,50,144.235209
-14.482345,50,144.273093
-11.656169,50,144.313497
-24.827691,50,144.349439
-25.239211,50,144.388659
-18.413718,50,144.431496
-12.851702,50,144.470544
-22.965115,50,144.510321
-25.864993,50,144.552612
-19.397563,50,144.590768
-21.369261,50,144.627478
-23.385817,50,145.449514
-21.343205,50,145.489538
-13.15887,50,145.527713
-15.07348,50,145.567438
-12.869776,50,145.609901
-18.765697,50,145.649562
-21.139663,50,145.689672
-23.372557,50,145.725694
-13.828259,50,145.763473
-11.351862,50,145.803304
-10.978071,50,145.84587
-18.346909,50,145.885113
-9.605836,50,145.92431
-18.14401,50,145.966428
-21.904622,50,146.00367
-18.28056,50,146.044372
-18.639494,50,146.084834
-19.295471,50,146.124361
-11.742617,50,146.162014
-23.222806,50,146.20493
-13.186112,50,146.241357
-16.548134,50,146.282602
-14.611641,50,146.321814
-14.712369,50,146.360738
-13.043102,50,146.402717
-21.986227,50,146.440813
-14.008634,50,146.482821
-22.47672,50,146.524833
-23.617636,50,146.560341
-13.69138,50,146.598287
-22.661527,50,146.637348
-12.928651,50,146.67627
-22.802765,50,146.713412
-14.459111,50,146.753544
-26.602333,50,146.793814
-19.806889,50,146.828359
-27.222391,50,146.867453
-24.84995,50,146.906386
-13.316194,50,146.946002
-22.515995,50,146.9863
-24.405148,50,147.027522
-20.829176,50,147.799329
-18.604698,50,147.838562
-23.119499,50,147.8784
-11.570041,50,147.920792
-16.993416,50,147.958348
-22.028443,50,148.003285
-24.097804,50,148.042306
-10.972328,50,148.08168
-26.076913,50,148.121137
-25.344411,50,148.158647
-10.573185,50,148.199551
-21.547227,50,148.238676
-21.055762,50,148.280592
-21.247557,50,148.320056
-11.254758,50,148.35921
-22.229907,50,148.396868
-26.314054,50,148.436223
-12.715128,50,148.477555
-17.888582,50,148.514666
-17.196511,50,148.556213
-16.392924,50,148.597571
-13.315512,50,148.637597
-14.938123,50,148.678553
-18.183042,50,148.717577
-25.973137,50,148.759775
-16.323582,50,148.800326
-14.104274,50,148.836489
-21.2578,50,148.878777
-28.13451,50,148.916739
-16.036722,50,148.956812
-16.496616,50,148.995319
-15.790384,50,149.038254
-26.349202,50,149.075035
-14.525418,50,149.112387
-9.512631,50,149.149634
-24.584077,50,149.191385
-21.351613,50,149.229667
-15.273679,50,149.267646
-15.910567,50,149.305859
-21.351552,50,149.348527
-16.936457,50,149.385779
-23.259615,50,150.02902
-14.907887,50,150.071692
-18.311655,50,150.113323
-16.480793,50,150.151669
-23.925601,50,150.187816
-20.325176,50,150.229859
-15.337702,50,150.26726
-20.667051,50,150.308455
-19.230644,50,150.346341
-17.901609,50,150.385826
-22.337225,50,150.42808
-18.911135,50,150.466616
-22.289698,50,150.508448
-13.596967,50,150.543634
-16.521888,50,150.584512
-28.409849,50,150.625481
-15.637825,50,150.664912
-11.550287,50,150.706037
-17.563293,50,150.744354
-23.052234,50,150.785977
-14.73695,50,150.823223
-17.707979,50,150.867321
-17.798419,50,150.90708
-10.286648,50,150.946182
-21.194351,50,150.99052
-23.43876,50,151.031546
-15.908843,50,151.071522
-15.748527,50,151.110673
-20.543912,50,151.151506
-10.48477,50,151.189815
-15.57583,50,151.230622
-17.489585,50,151.270731
-13.556219,50,151.31088
-23.353821,50,151.351279
-12.8536,50,151.392422
-21.132965,50,151.431571
-23.064741,50,151.473737
-15.773111,50,151.514637
-20.1353,50,151.554584
-12.498684,50,151.596192
-22.085531,50,151.637564
-10.768858,50,152.238492
-17.242975,50,152.277125
-18.537157,50,152.319361
-23.463673,50,152.358224
-23.47963,50,152.39686
-17.173163,50,152.437932
-21.01135,50,152.475669
-24.605762,50,152.517122
-15.88368,50,152.560352
-21.531514,50,152.597753
-15.166289,50,152.637395
-22.980182,50,152.677845
-24.081885,50,152.719859
-24.189002,50,152.757818
-24.072464,50,152.797805
-18.482458,50,152.837873
-23.100362,50,152.877619
-24.600343,50,152.915458
-8.20032,50,152.956627
-14.299951,50,152.993516
-17.834007,50,153.034217
-14.562414,50,153.070471
-18.879075,50,153.112717
-23.090196,50,153.151366
-18.962858,50,153.191813
-22.449324,50,153.232095
-16.09223,50,153.270689
-18.471407,50,153.308875
-17.496595,50,153.349964
-11.898548,50,153.389815
-14.925667,50,153.430571
-24.708618,50,153.470426
-12.485111,50,153.514484
-20.075928,50,153.555275
-16.547173,50,153.594867
-20.629124,50,153.633166
-17.69946,50,153.669552
-22.170887,50,153.708782
-16.34638,50,153.748939
-15.477531,50,153.788604
-15.600429,50,153.827892
-19.864089,50,154.499718
-11.01151,50,154.54106
-18.875345,50,154.575619
-16.089922,50,154.617224
-17.456134,50,154.659995
-27.399182,50,154.700488
-22.728747,50,154.740454
-8.643278,50,154.782504
-26.655553,50,154.822557
-17.988719,50,154.849947
-26.490469,50,154.881417
-12.351689,50,154.921836
-17.452814,50,154.96144
-18.131282,50,155.003663
-5.418114,50,155.044115
-21.345079,50,155.08355
-19.372837,50,155.123764
-12.957038,50,155.16343
-12.560408,50,155.198942
-17.203081,50,155.237494
-18.112738,50,155.278337
-25.261439,50,155.318279
-20.132672,50,155.358728
-9.56383,50,155.398299
-20.369574,50,155.436912
-22.942095,50,155.473724
-21.668283,50,155.513451
-21.264578,50,155.553613
-18.008675,50,155.592807
-22.894211,50,155.631427
-10.511376,50,155.669527
-23.905392,50,155.710742
-9.586883,50,155.748687
-16.886877,50,155.78443
-19.861066,50,155.810022
-12.501326,50,155.851825
-14.206479,50,155.890263
-12.8943,50,155.928539
-17.68091,50,155.971907
-10.162133,50,156.009607
-17.702013,50,156.046236
-26.965618,50,156.817366
-24.060127,50,156.858608
-19.330146,50,156.896357
-13.712238,50,156.935633
-22.982456,50,156.975009
-17.803792,50,157.014403
-13.644732,50,157.049301
-16.591939,50,157.089617
-10.717064,50,157.133553
-13.873394,50,157.169755
-11.368754,50,157.20874
-27.174164,50,157.249321
-23.510771,50,157.280865
-20.289739,50,157.321429
-11.958593,50,157.361871
-23.323348,50,157.402339
-25.587862,50,157.443516
-21.355216,50,157.482646
-19.499765,50,157.522599
-20.46573,50,157.560298
-20.78232,50,157.601351
-17.620481,50,157.641828
-16.777603,50,157.678658
-16.536784,50,157.716368
-14.206022,50,157.750764
-19.278634,50,157.790827
-24.512929,50,157.830649
-12.660663,50,157.86942
-21.951449,50,157.911245
-15.578597,50,157.949688
-14.985467,50,157.978817
-12.235814,50,158.018406
-23.997383,50,158.058783
-13.345957,50,158.096792
-9.629406,50,158.136663
-11.982397,50,158.177002
-17.900816,50,158.216799
-8.533547,50,158.254617
-12.166928,50,158.294615
-11.859183,50,158.33724
-21.68526,50,158.375679
-14.227878,50,159.133211
-21.971359,50,159.173146
-12.687059,50,159.2114
-19.682554,50,159.249733
-9.175922,50,159.288357
-13.114285,50,159.325884
-16.631068,50,159.365241
-8.935221,50,159.404177
-23.18905,50,159.44367
-21.890321,50,159.482253
-17.550384,50,159.523777
-14.23325,50,159.561546
-16.661238,50,159.599433
-15.852427,50,159.642478
-16.890676,50,159.679541
-23.429812,50,159.722035
-8.139294,50,159.761344
-9.346098,50,159.800651
-9.737423,50,159.843102
-12.887738,50,159.881626
-21.060714,50,159.920616
-24.141239,50,159.956438
-14.261903,50,159.994133
-21.816061,50,160.035865
-16.969039,50,160.074997
-12.883743,50,160.114982
-5.834107,50,160.152128
-15.38222,50,160.191648
-7.094742,50,160.230622
-12.220281,50,160.269877
-23.158269,50,160.306146
-15.472505,50,160.348966
-10.553027,50,160.39101
-19.00622,50,160.433109
-23.76253,50,160.472793
-18.691323,50,160.512386
-14.561169,50,160.547283
-24.414832,50,160.586349
-9.970824,50,160.625755
-21.52243,50,160.663535
-25.184326,50,160.703971
-13.320745,50,161.55983
-13.702733,50,161.601307
-13.574345,50,161.639562
-11.396407,50,161.6796
-20.406332,50,161.717328
-11.349786,50,161.758654
-13.570011,50,161.799205
-22.83567,50,161.837893
-21.435726,50,161.87732
-14.488666,50,161.917614
-21.773187,50,161.954576
-22.807256,50,161.995912
-21.090358,50,162.036707
-10.892119,50,162.07606
-23.230478,50,162.118361
-23.090989,50,162.165271
-19.217727,50,162.204767
-11.904524,50,162.24275
-11.298309,50,162.282094
-25.450402,50,162.322322
-15.284566,50,162.36286
-18.475206,50,162.40321
-19.706377,50,162.443396
-20.706537,50,162.484577
-25.222878,50,162.528369
-18.602772,50,162.567489
-24.80826,50,162.604817
-26.18768,50,162.648664
-19.586594,50,162.687717
-20.958758,50,162.725522
-9.452913,50,162.764819
-10.717499,50,162.804643
-18.118197,50,162.844073
-20.338995,50,162.88359
-17.552582,50,162.923349
-11.535038,50,162.961774
-14.408454,50,163.005465
-17.718185,50,163.046104
-16.570532,50,163.085471
-9.718403,50,163.124758
-11.023556,50,163.166136
-25.839056,50,163.834935
-13.611709,50,163.876145
-21.132124,50,163.915599
-21.684526,50,163.958312
-10.250821,50,163.996421
-11.529328,50,164.038109
-17.598789,50,164.075448
-12.808986,50,164.115247
-9.760911,50,164.156689
-15.211581,50,164.193739
-16.591161,50,164.23747
-7.330641,50,164.278386
-18.845877,50,164.318146
-21.056453,50,164.355191
-25.966738,50,164.393313
-14.096813,50,164.435524
-12.987561,50,164.475701
-17.912452,50,164.51661
-21.94693,50,164.557053
-19.892428,50,164.599808
-13.738143,50,164.638476
-12.911386,50,164.679062
-17.330287,50,164.719707
-18.080889,50,164.759496
-23.913574,50,164.800135
-15.096754,50,164.831174
-15.414664,50,164.874634
-16.643428,50,164.915496
-10.9937,50,164.954523
-19.874109,50,164.994596
-25.296692,50,165.033417
-7.618275,50,165.072238
-11.851268,50,165.112551
-14.534801,50,165.151071
-24.094028,50,165.190772
-17.255133,50,165.230268
-18.281899,50,165.27001
-25.166777,50,165.309525
-22.81865,50,165.351425
-27.185862,50,165.393098
-25.178782,50,165.431682
-18.418311,50,166.181345
-19.073492,50,166.221233
-17.945196,50,166.259138
-15.582579,50,166.300232
-11.74604,50,166.340477
-20.41865,50,166.378271
-21.572415,50,166.421256
-18.765196,50,166.460713
-20.855646,50,166.502288
-20.426569,50,166.542163
-18.55701,50,166.579565
-18.592934,50,166.61878
-14.788532,50,166.656853
-20.345452,50,166.698095
-14.851734,50,166.738765
-24.92232,50,166.781034
-12.148008,50,166.821308
-15.613446,50,166.86078
-25.129844,50,166.90161
-26.40575,50,166.939192
-8.062212,50,166.980162
-23.145094,50,167.01878
-23.833785,50,167.062918
-12.277911,50,167.100841
-14.988515,50,167.145109
-22.3816,50,167.182518
-20.209668,50,167.223172
-17.807946,50,167.264206
-20.554781,50,167.302154
-17.332632,50,167.343153
-10.548559,50,167.382849
-22.975471,50,167.421734
-16.511115,50,167.463729
-8.758344,50,167.503322
-14.001706,50,167.544122
-23.594202,50,167.58255
-22.712285,50,167.620856
-17.31441,50,167.661135
-18.609998,50,167.702033
-27.069608,50,167.742277
-18.309279,50,167.782906
-19.811276,50,168.473742
-24.544327,50,168.514309
-11.118138,50,168.554781
-9.220297,50,168.593242
-15.885286,50,168.632659
-10.020678,50,168.672582
-17.730226,50,168.71039
-18.99396,50,168.749936
-18.226083,50,168.790646
-15.608842,50,168.830722
-12.673741,50,168.869686
-20.003584,50,168.907492
-16.5352,50,168.945555
-14.041119,50,168.986622
-21.210103,50,169.024845
-12.89894,50,169.066115
-13.469162,50,169.104895
-17.134788,50,169.141577
-23.802867,50,169.179605
-13.770695,50,169.216235
-25.760767,50,169.258765
-19.989437,50,169.299319
-6.472749,50,169.338449
-17.234452,50,169.379673
-19.044576,50,169.418774
-6.577265,50,169.454445
-22.194324,50,169.495419
-23.108586,50,169.538332
-10.705934,50,169.578084
-20.969268,50,169.621229
-22.891507,50,169.662522
-16.770387,50,169.702737
-13.714828,50,169.739945
-24.385361,50,169.778192
-17.367587,50,169.817362
-18.89932,50,169.86121
-10.69719,50,169.901471
-11.701995,50,169.941496
-19.771272,50,169.980652
-23.696101,50,170.020532
-7.806988,50,170.060403
-17.494318,50,170.768404
-23.092889,50,170.81169
-13.606795,50,170.850598
-6.645837,50,170.891854
-13.469075,50,170.929483
-20.175192,50,170.967604
-22.145616,50,171.009413
-24.282607,50,171.050291
-14.093419,50,171.087977
-10.505438,50,171.126409
-23.990854,50,171.161458
-24.857705,50,171.193003
-27.600933,50,171.236922
-14.117686,50,171.272567
-24.883153,50,171.313122
-16.167062,50,171.350073
-25.584099,50,171.393777
-20.957543,50,171.432382
-17.592066,50,171.470528
-11.320217,50,171.509861
-17.375137,50,171.549389
-10.126762,50,171.589659
-15.516468,50,171.629911
-17.461299,50,171.666465
-17.878199,50,171.706454
-16.501375,50,171.748785
-19.743067,50,171.786345
-20.820678,50,171.82619
-12.702498,50,171.862823
-15.685052,50,171.902796
-18.703571,50,171.941202
-11.175426,50,171.978186
-25.269672,50,172.016758
-24.441195,50,172.055529
-14.028833,50,172.095093
-19.560064,50,172.130818
-14.667177,50,172.167684
-13.857735,50,172.206188
-16.925578,50,172.247768
-25.093865,50,172.287559
-26.731825,50,172.327855
-24.432805,50,172.959388
-18.831343,50,172.995497
-16.446976,50,173.036861
-23.524076,50,173.078325
-17.663336,50,173.113563
-15.131338,50,173.152271
-12.286868,50,173.19029
-10.79379,50,173.227417
-13.404915,50,173.266459
-12.104834,50,173.304564
-21.647502,50,173.347454
-9.441961,50,173.387704
-10.479328,50,173.4293
-10.58909,50,173.464689
-21.870768,50,173.50522
-7.358508,50,173.543777
-22.12319,50,173.580548
-7.634198,50,173.619002
-22.473216,50,173.657986
-20.951688,50,173.702278
-16.22547,50,173.742362
-13.842353,50,173.778633
-22.953973,50,173.819506
-18.227595,50,173.857142
-24.60993,50,173.898005
-18.118616,50,173.936255
-10.811577,50,173.973662
-21.052477,50,174.015487
-27.66348,50,174.057296
-18.1865,50,174.096172
-8.988614,50,174.132658
-13.312483,50,174.172459
-9.38571,50,174.210454
-17.876079,50,174.24748
-13.548871,50,174.287285
-8.461502,50,174.325305
-15.544588,50,174.364781
-23.921633,50,174.403612
-22.891098,50,174.444719
-10.992653,50,174.486538
-21.817715,50,174.525513
-25.952434,50,175.194098
-21.11282,50,175.23364
-15.693539,50,175.272114
-14.886094,50,175.312332
-22.404588,50,175.351218
-23.979151,50,175.389181
-22.396943,50,175.430018
-17.209827,50,175.469942
-18.350531,50,175.505275
-20.177002,50,175.544983
-11.673718,50,175.585458
-23.749884,50,175.625473
-20.40286,50,175.666545
-19.02653,50,175.705713
-10.29702,50,175.746531
-24.589553,50,175.783931
-16.242516,50,175.82715
-19.616758,50,175.866203
-13.367272,50,175.905269
-25.920359,50,175.943548
-12.903026,50,175.981786
-18.871574,50,176.018525
-20.832908,50,176.060458
-12.465589,50,176.098499
-19.78027,50,176.140805
-19.483444,50,176.179352
-16.221193,50,176.214865
-19.680764,50,176.252049
-15.199044,50,176.291429
-25.582124,50,176.328761
-18.161689,50,176.368232
-12.574814,50,176.409362
-7.358791,50,176.447875
-7.436813,50,176.486547
-24.105192,50,176.527728
-21.88129,50,176.567284
-17.381734,50,176.607259
-7.068184,50,176.645143
-18.738263,50,176.686668
-23.606606,50,176.722496
-16.48037,50,177.368241
-21.783368,50,177.410033
-21.449029,50,177.446881
-18.42751,50,177.488552
-15.076351,50,177.526455
-12.389773,50,177.565809
-13.664635,50,177.605315
-15.208751,50,177.644757
-20.358724,50,177.687503
-22.558406,50,177.72707
-13.3367,50,177.764025
-15.317414,50,177.805803
-18.53459,50,177.844275
-19.777209,50,177.8811
-15.847791,50,177.920399
-17.635768,50,177.962583
-22.343694,50,178.000554
-21.681365,50,178.042738
-10.588903,50,178.07937
-6.514056,50,178.121322
-22.6432,50,178.160431
-15.615126,50,178.196398
-21.292652,50,178.237192
-9.918887,50,178.274609
-23.764468,50,178.312452
-21.962087,50,178.347849
-18.48402,50,178.387765
-23.697481,50,178.429099
-21.050789,50,178.470497
-13.025978,50,178.50891
-14.098513,50,178.547939
-7.9538,50,178.58972
-19.287256,50,178.631389
-19.35226,50,178.671608
-22.494841,50,178.708448
-21.985352,50,178.747292
-9.699812,50,178.786689
-7.710272,50,178.82688
-16.6705,50,178.869497
-21.520858,50,178.906492
-20.380703,50,178.948529
-14.217691,50,179.762615
-15.611472,50,179.802002
-18.712581,50,179.842366
-16.640847,50,179.881359
-8.916606,50,179.917647
-18.84427,50,179.958104
-17.251739,50,179.997169
-19.606079,50,180.035926
-16.418096,50,180.076728
-10.751893,50,180.115748
-16.792986,50,180.141789
-19.746277,50,180.182485
-17.745418,50,180.220435
-20.169723,50,180.263027
-18.045513,50,180.301299
-16.229581,50,180.340925
-17.902,50,180.382443
-16.850607,50,180.416464
-19.166189,50,180.454932
-16.576413,50,180.495498
-26.318087,50,180.533916
-22.614887,50,180.572837
-13.53266,50,180.609651
-14.264917,50,180.650712
-13.747743,50,180.688469
-23.594176,50,180.728621
-19.299009,50,180.77065
-22.18245,50,180.810339
-13.52576,50,180.851651
-18.831874,50,180.892051
-15.37148,50,180.929796
-11.117394,50,180.972312
-19.931746,50,181.008896
-23.050411,50,181.051095
-10.596374,50,181.091355
-22.176646,50,181.128721
-16.75315,50,181.16923
-7.832642,50,181.20756
-15.942396,50,181.249713
-20.402592,50,181.289612
-22.119735,50,181.333324
-18.577284,50,182.163988
-19.553231,50,182.204214
-19.616429,50,182.244722
-18.570822,50,182.286239
-11.309456,50,182.325531
-16.818541,50,182.363681
-14.708084,50,182.401746
-11.898722,50,182.438678
-12.029322,50,182.481074
-17.707118,50,182.51761
-9.387706,50,182.559426
-8.538145,50,182.597615
-17.944409,50,182.638503
-21.312526,50,182.677855
-16.179513,50,182.716583
-19.97956,50,182.75719
-9.776864,50,182.797217
-10.514622,50,182.836712
-21.303982,50,182.875567
-11.960304,50,182.916829
-25.594672,50,182.957592
-20.587597,50,182.995467
-15.851309,50,183.036245
-16.460636,50,183.074814
-25.848304,50,183.112366
-14.352045,50,183.154655
-23.039037,50,183.194301
-21.98873,50,183.236349
-22.565972,50,183.272772
-13.477977,50,183.315143
-9.749444,50,183.353356
-16.008537,50,183.395303
-12.122255,50,183.4344
-23.947819,50,183.476456
-19.238245,50,183.513471
-22.078003,50,183.552155
-24.093804,50,183.594556
-17.553705,50,183.632272
-16.920736,50,183.670503
-13.641343,50,183.712051
-14.759632,50,183.749469
-19.885107,50,184.755836
-21.593968,50,184.793083
-15.758917,50,184.829845
-7.329142,50,184.871431
-12.330881,50,184.906325
-23.213036,50,184.941336
-14.975864,50,184.98365
-9.603886,50,185.027621
-6.580941,50,185.06669
-12.294521,50,185.105798
-19.470701,50,185.144029
-23.671616,50,185.185233
-23.647407,50,185.225452
-19.16524,50,185.262855
-18.587939,50,185.303476
-22.670565,50,185.340549
-21.332972,50,185.37868
-15.817577,50,185.4202
-20.430627,50,185.458387
-18.756958,50,185.499012
-25.865674,50,185.540632
-19.810143,50,185.581973
-20.55557,50,185.622411
-7.945047,50,185.661813
-17.189256,50,185.705176
-23.454038,50,185.74228
-20.485809,50,185.783457
-21.708838,50,185.822779
-13.279008,50,185.86162
-23.70318,50,185.901237
-22.475941,50,185.938818
-20.294242,50,185.977594
-21.182692,50,186.017524
-18.676535,50,186.056865
-15.84957,50,186.097286
-12.749566,50,186.133442
-8.749918,50,186.174714
-25.67794,50,186.214234
-18.996453,50,186.247865
-11.855979,50,186.287385
-11.914563,50,186.330753
-24.011199,50,187.029742
-18.596909,50,187.068872
-12.637533,50,187.10791
-9.664536,50,187.148179
-22.842334,50,187.185699
-11.641858,50,187.22452
-15.198992,50,187.265927
-14.511607,50,187.304594
-18.733119,50,187.344243
-16.054567,50,187.387647
-19.990724,50,187.426458
-17.06033,50,187.466598
-23.240667,50,187.506695
-21.263172,50,187.544346
-21.987482,50,187.569257
-16.803457,50,187.590464
-18.182192,50,187.611127
-18.236412,50,187.632237
-19.386048,50,187.661727
-8.419372,50,187.70703
-15.778906,50,187.745692
-13.890667,50,187.785578
-14.486367,50,187.826003
-19.864863,50,187.86556
-10.944041,50,187.906424
-14.367717,50,187.947235
-9.872324,50,187.985237
-10.875185,50,188.02364
-21.525052,50,188.064184
-15.419798,50,188.101496
-13.642066,50,188.139075
-17.90939,50,188.177059
-24.381607,50,188.21929
-7.41786,50,188.257577
-20.523789,50,188.297118
-19.755685,50,188.340301
-8.586403,50,188.378284
-14.959718,50,188.405608
-18.855022,50,188.445856
-11.270829,50,188.487792
-13.507246,50,188.527732
-19.7649,50,189.2418
-18.662133,50,189.279315
-24.550725,50,189.319219
-13.979169,50,189.360826
-22.144288,50,189.398564
-12.993536,50,189.437721
-20.176721,50,189.477424
-13.071687,50,189.518563
-14.871586,50,189.558835
-23.281356,50,189.594696
-21.219043,50,189.636652
-10.257192,50,189.67469
-17.837886,50,189.715109
-24.468766,50,189.755286
-22.716806,50,189.794609
-11.003717,50,189.834736
-8.574949,50,189.872732
-8.591245,50,189.91164
-17.041656,50,189.950244
-24.972347,50,189.988656
-6.483981,50,190.027874
-18.053896,50,190.068502
-20.016494,50,190.109194
-18.890184,50,190.147465
-22.041214,50,190.185235
-20.553033,50,190.225554
-13.234056,50,190.262335
-24.962689,50,190.303602
-9.073676,50,190.344198
-16.473,50,190.382712
-20.994604,50,190.424881
-24.592454,50,190.465734
-25.739021,50,190.507599
-12.88013,50,190.547421
-20.279892,50,190.587485
-22.797004,50,190.627805
-22.206178,50,190.663716
-20.155905,50,190.70717
-13.053219,50,190.749418
-23.191811,50,190.790177
-16.838079,50,190.831166
-23.310475,50,191.560147
-16.941716,50,191.586799
-17.207234,50,191.612215
-25.297951,50,191.640449
-24.868627,50,191.682317
-9.129117,50,191.721486
-19.834819,50,191.762687
-18.488185,50,191.804209
-22.429065,50,191.842218
-9.84387,50,191.882344
-10.68856,50,191.922226
-15.393262,50,191.960617
-6.597453,50,191.998988
-24.091383,50,192.037238
-15.883163,50,192.077039
-16.222792,50,192.114425
-13.41019,50,192.158751
-7.679435,50,192.198573
-11.574804,50,192.237645
-11.203729,50,192.276731
-10.883897,50,192.317428
-15.831619,50,192.357721
-9.626609,50,192.395823
-20.461325,50,192.436728
-23.052296,50,192.47721
-14.839424,50,192.517782
-12.892106,50,192.555408
-11.530385,50,192.595693
-8.277442,50,192.637104
-16.345942,50,192.674455
-22.319593,50,192.715787
-17.640158,50,192.756122
-19.89933,50,192.794546
-7.496206,50,192.836818
-14.893371,50,192.875556
-11.790707,50,192.914551
-14.64331,50,192.952762
-16.638827,50,192.993533
-20.918873,50,193.031297
-21.073513,50,193.069544
-12.892804,50,193.111519
-19.390297,50,193.794772
-5.192624,50,193.834439
-15.370631,50,193.87098
-17.572212,50,193.909699
-14.895324,50,193.948872
-21.706327,50,193.984805
-11.733618,50,194.026215
-16.48698,50,194.065289
-6.860328,50,194.1048
-11.268591,50,194.146618
-9.591674,50,194.184846
-12.075077,50,194.224115
-17.163033,50,194.26335
-16.654109,50,194.29976
-26.46233,50,194.339743
-7.622135,50,194.380141
-13.414876,50,194.418939
-22.350138,50,194.459111
-6.82962,50,194.499544
-23.676343,50,194.538799
-8.468321,50,194.575627
-20.789596,50,194.614677
-13.105447,50,194.639669
-16.68116,50,194.664658
-18.599181,50,194.69674
-9.865904,50,194.741652
-19.569478,50,194.781291
-19.580978,50,194.821821
-8.341315,50,194.861141
-21.615939,50,194.89946
-25.775315,50,194.9388
-23.991288,50,194.976648
-14.802558,50,195.017297
-9.673216,50,195.055664
-11.169234,50,195.096004
-11.049955,50,195.136343
-22.89125,50,195.175123
-24.489583,50,195.210467
-8.628898,50,195.251134
-15.070679,50,195.286529
-11.65966,50,195.322582
-14.120862,50,196.116476
-21.405362,50,196.155699
-12.729582,50,196.199791
-9.770455,50,196.241435
-18.797967,50,196.280354
-21.461705,50,196.324256
-18.060804,50,196.366648
-9.458623,50,196.409362
-6.707442,50,196.446741
-16.791988,50,196.488759
-23.79115,50,196.530116
-21.059309,50,196.572768
-15.458845,50,196.616323
-22.731305,50,196.656702
-22.601441,50,196.6972
-21.937487,50,196.736333
-13.922262,50,196.777445
-20.203117,50,196.816507
-12.523773,50,196.856452
-22.526922,50,196.894646
-6.764811,50,196.932376
-18.909058,50,196.972693
-16.115078,50,197.01108
-13.401127,50,197.052577
-16.665245,50,197.092505
-16.920308,50,197.132276
-18.180891,50,197.171007
-4.767039,50,197.213128
-8.847588,50,197.254184
-18.528904,50,197.293275
-25.058984,50,197.334729
-16.904837,50,197.372893
-23.519264,50,197.412458
-12.693563,50,197.449879
-24.926223,50,197.490564
-22.382119,50,197.529567
-20.450152,50,197.568313
-19.695598,50,197.60821
-19.48072,50,197.648107
-15.240075,50,197.684717
-21.811137,50,197.724119
-14.531242,50,198.717172
-11.923021,50,198.75919
-23.26772,50,198.798891
-11.87339,50,198.836953
-22.684314,50,198.874626
-18.419409,50,198.914833
-11.359377,50,198.951793
-11.569167,50,198.992378
-7.297369,50,199.032719
-8.61535,50,199.06955
-12.20553,50,199.110542
-7.09068,50,199.146678
-7.902143,50,199.184417
-21.490575,50,199.225221
-22.678716,50,199.263852
-20.159329,50,199.300458
-14.067505,50,199.341767
-15.012009,50,199.381972
-24.745965,50,199.421858
-10.585077,50,199.460624
-21.406356,50,199.503625
-11.612201,50,199.540251
-20.725156,50,199.581611
-13.165742,50,199.61926
-11.045647,50,199.656302
-19.486676,50,199.698586
-24.039402,50,199.738299
-18.796109,50,199.777847
-20.813258,50,199.815843
-25.199251,50,199.853271
-25.862579,50,199.892655
-23.427312,50,199.931548
-20.605103,50,199.970371
-18.801711,50,200.011438
-12.765222,50,200.049464
-22.007198,50,200.088364
-4.088232,50,200.125251
-21.654084,50,200.163524
-21.975075,50,200.204697
-21.59441,50,200.244241
-18.587041,50,200.282593
-23.001156,50,201.092616
-15.051145,50,201.12968
-12.020439,50,201.170187
-12.838133,50,201.209236
-15.806893,50,201.250147
-16.96271,50,201.285789
-23.568885,50,201.327338
-6.949768,50,201.362617
-18.12845,50,201.403285
-12.561265,50,201.443371
-12.955713,50,201.480549
-19.48032,50,201.522377
-18.034558,50,201.564252
-10.152261,50,201.603402
-25.493917,50,201.643435
-21.495181,50,201.678991
-24.734916,50,201.717841
-19.87149,50,201.755663
-12.461499,50,201.795478
-17.010059,50,201.834428
-7.611659,50,201.872375
-15.390784,50,201.910036
-15.039382,50,201.948744
-15.565014,50,201.988063
-19.247264,50,202.029663
-5.962421,50,202.067808
-18.5004,50,202.108616
-13.57185,50,202.148797
-15.638818,50,202.187314
-15.965773,50,202.226771
-12.547424,50,202.268356
-7.919759,50,202.310183
-14.851915,50,202.347637
-20.42301,50,202.390308
-18.437383,50,202.430935
-23.674194,50,202.467721
-22.354468,50,202.508837
-20.116714,50,202.553488
-22.871951,50,202.591595
-19.677741,50,202.634388
-14.067703,50,202.673837
-16.685123,50,203.432467
-18.681317,50,203.469608
-17.612757,50,203.508943
-16.41284,50,203.547362
-15.095174,50,203.585135
-6.255823,50,203.62517
-22.886033,50,203.663444
-15.706333,50,203.706558
-23.46237,50,203.745773
-19.408081,50,203.784007
-23.153323,50,203.822674
-11.558857,50,203.861298
-6.583094,50,203.900529
-21.383949,50,203.940413
-22.448609,50,203.978491
-18.411073,50,204.019697
-22.127999,50,204.056448
-12.488802,50,204.09665
-22.030975,50,204.133399
-12.662815,50,204.173431
-22.616057,50,204.21288
-20.812739,50,204.251074
-20.110027,50,204.289599
-20.504182,50,204.331349
-5.366719,50,204.370166
-22.138166,50,204.409528
-25.945278,50,204.4482
-11.142294,50,204.486606
-11.161564,50,204.525573
-23.297832,50,204.567554
-7.581919,50,204.606036
-22.456162,50,204.645219
-15.651166,50,204.682586
-18.936678,50,204.724309
-23.008606,50,204.763797
-15.744065,50,204.801398
-11.813094,50,204.841829
-19.689688,50,204.881266
-23.430106,50,204.918311
-20.517098,50,204.959067
-6.585373,50,204.999652
-6.152668,50,205.964461
-16.87656,50,206.003437
-8.948821,50,206.040823
-7.271262,50,206.080924
-8.836812,50,206.120832
-7.966962,50,206.163004
-22.493185,50,206.203754
-14.585297,50,206.243499
-6.573841,50,206.284071
-17.420202,50,206.323261
-23.442001,50,206.36394
-11.299101,50,206.400522
-13.12205,50,206.438932
-15.017562,50,206.478444
-20.255493,50,206.518614
-12.321886,50,206.558106
-9.049555,50,206.600809
-23.227931,50,206.64269
-24.789817,50,206.682698
-20.114285,50,206.722997
-12.569429,50,206.762859
-11.659532,50,206.802773
-23.237552,50,206.841465
-11.306037,50,206.884854
-13.037349,50,206.926639
-17.458097,50,206.967025
-22.830919,50,207.007277
-17.561895,50,207.047796
-6.32622,50,207.085007
-16.511696,50,207.128165
-17.70073,50,207.169717
-17.09085,50,207.210389
-4.869317,50,207.248681
-16.909955,50,207.287429
-18.855838,50,207.328092
-10.305812,50,207.366354
-13.108721,50,207.409523
-18.720686,50,207.44785
-21.863119,50,207.487508
-13.121555,50,207.527735
-20.470955,50,207.56578
-18.921735,50,208.229103
-23.664187,50,208.26768
-15.00455,50,208.306285
-20.879625,50,208.346208
-13.815784,50,208.385329
-15.214922,50,208.420622
-17.629196,50,208.462584
-14.607855,50,208.501138
-10.075939,50,208.538604
-10.020984,50,208.578949
-13.830999,50,208.617879
-19.734492,50,208.659199
-21.443434,50,208.698672
-22.484118,50,208.734677
-7.898292,50,208.773044
-18.405553,50,208.813659
-10.511266,50,208.852872
-23.484666,50,208.890476
-21.029954,50,208.928403
-15.058667,50,208.970144
-18.615163,50,209.009768
-21.379814,50,209.050664
-17.734441,50,209.088262
-12.144985,50,209.127832
-19.162574,50,209.166993
-9.574399,50,209.206139
-26.141466,50,209.248016
-20.604338,50,209.282839
-15.263443,50,209.324416
-16.522001,50,209.363809
-16.358992,50,209.402512
-14.872924,50,209.431644
-5.656025,50,209.472697
-17.431801,50,209.511229
-15.540749,50,209.551252
-19.035849,50,209.591283
-17.980587,50,209.631754
-12.387168,50,209.671445
-10.466132,50,209.709641
-17.862977,50,209.748569
-13.85855,50,209.791784
-18.086154,50,210.549073
-10.350962,50,210.590363
-10.129043,50,210.630194
-26.085481,50,210.669496
-8.07583,50,210.710973
-9.361168,50,210.748537
-8.936177,50,210.78829
-11.721912,50,210.826767
-21.42434,50,210.865438
-15.263311,50,210.905424
-12.34858,50,210.942777
-20.238263,50,210.981808
-23.614883,50,211.023164
-12.389244,50,211.062443
-7.957074,50,211.102748
-18.44251,50,211.139431
-19.074601,50,211.179194
-6.154159,50,211.220279
-14.024646,50,211.257362
-11.428156,50,211.299079
-11.710476,50,211.338548
-17.133116,50,211.379184
-18.201865,50,211.416356
-14.030836,50,211.456211
-16.20684,50,211.496302
-12.924711,50,211.534505
-14.740656,50,211.572294
-15.95095,50,211.612852
-16.759993,50,211.650809
-17.333238,50,211.687483
-10.13679,50,211.72492
-5.854698,50,211.763259
-7.692948,50,211.800323
-13.839974,50,211.841656
-14.784355,50,211.879273
-16.476407,50,211.92132
-20.232832,50,211.957338
-18.36201,50,211.999647
-11.328967,50,212.036905
-16.328712,50,212.076976
-18.958236,50,212.115638
-5.913386,50,213.118451
-13.781511,50,213.158306
-13.732616,50,213.198166
-17.169983,50,213.235384
-21.848474,50,213.276992
-10.088779,50,213.313624
-20.3399,50,213.350976
-26.506367,50,213.395191
-15.176564,50,213.433784
-13.261569,50,213.473822
-14.961387,50,213.512429
-16.520614,50,213.552404
-14.137734,50,213.593416
-17.789407,50,213.632471
-11.16975,50,213.670837
-12.000508,50,213.708708
-24.486381,50,213.749205
-21.517023,50,213.788876
-10.666234,50,213.82634
-22.971856,50,213.864409
-18.390219,50,213.906476
-23.412901,50,213.947688
-25.814242,50,213.985879
-16.075328,50,214.026289
-18.677369,50,214.065037
-18.394906,50,214.102155
-8.754641,50,214.14387
-15.082447,50,214.186238
-12.980523,50,214.225648
-19.567682,50,214.267443
-18.378644,50,214.305306
-19.084211,50,214.347766
-15.454964,50,214.385891
-19.291338,50,214.426499
-22.345444,50,214.470885
-20.865943,50,214.509796
-22.565442,50,214.549284
-11.775537,50,214.589408
-18.136596,50,214.627658
-20.08544,50,214.669653
-18.087386,50,214.708758
-21.038836,50,215.431232
-19.531959,50,215.472131
-16.04152,50,215.515578
-21.599366,50,215.554406
-21.683387,50,215.592328
-19.55709,50,215.633909
-21.013848,50,215.673921
-21.39147,50,215.711147
-16.492973,50,215.751474
-24.474605,50,215.7887
-19.831138,50,215.826666
-16.171651,50,215.871725
-9.678425,50,215.915833
-12.079413,50,215.95739
-5.479674,50,215.997669
-17.193603,50,216.036801
-13.693225,50,216.071925
-19.147412,50,216.112558
-10.988094,50,216.148929
-19.260958,50,216.187682
-7.427537,50,216.231692
-14.884817,50,216.270663
-12.714354,50,216.310495
-15.869246,50,216.349988
-19.104938,50,216.379674
-17.789133,50,216.399899
-13.322949,50,216.432028
-6.32348,50,216.471992
-21.088521,50,216.511837
-23.747489,50,216.551676
-22.782461,50,216.591427
-10.624217,50,216.632622
-19.788413,50,216.671512
-19.693745,50,216.711608
-14.543215,50,216.751519
-9.662451,50,216.786586
-25.564771,50,216.826169
-22.330647,50,216.867087
-10.857547,50,216.908219
-16.007597,50,216.94966
-23.575774,50,216.990256
-20.415039,50,217.693335
-8.167573,50,217.733303
-17.141409,50,217.771028
-16.974772,50,217.809909
-21.690011,50,217.852288
-7.049171,50,217.890162
-13.918849,50,217.932133
-23.400257,50,217.972247
-23.526307,50,218.010876
-23.547163,50,218.049779
-19.775681,50,218.089268
-15.543433,50,218.127156
-8.412336,50,218.166979
-5.669313,50,218.206218
-14.615282,50,218.243531
-15.914956,50,218.283464
-8.933428,50,218.321054
-7.77577,50,218.361288
-22.765461,50,218.401696
-22.063363,50,218.437665
-14.879957,50,218.477845
-16.510206,50,218.516861
-16.343996,50,218.557012
-19.349099,50,218.596261
-18.656389,50,218.63682
-11.121816,50,218.677008
-6.146717,50,218.715443
-22.547256,50,218.753655
-20.597502,50,218.792252
-16.706027,50,218.834945
-22.116398,50,218.874202
-17.745321,50,218.913625
-12.185597,50,218.953644
-10.297801,50,218.992707
-18.587889,50,219.032796
-23.315601,50,219.070787
-16.144864,50,219.111508
-16.621407,50,219.152789
-20.892571,50,219.19089
-7.90292,50,219.234866
-13.410275,50,219.275351
-15.724823,50,220.213385
-19.626848,50,220.252517
-18.179381,50,220.291801
-19.357466,50,220.329185
-20.756494,50,220.368268
-15.100219,50,220.407747
-16.760989,50,220.4435
-24.755228,50,220.479648
-16.213263,50,220.519489
-7.247678,50,220.557597
-10.761921,50,220.599257
-19.743773,50,220.637807
-15.568188,50,220.679423
-10.632819,50,220.715667
-12.087711,50,220.755182
-18.880477,50,220.794238
-20.869489,50,220.832461
-20.686361,50,220.875266
-15.347052,50,220.913273
-22.963454,50,220.952594
-21.150559,50,220.992987
-10.881048,50,221.032457
-7.858177,50,221.073572
-12.63872,50,221.113233
-12.815418,50,221.155518
-13.729727,50,221.194139
-12.719843,50,221.233819
-17.896689,50,221.275209
-13.992699,50,221.312559
-11.209942,50,221.355656
-10.31535,50,221.391416
-23.812435,50,221.430676
-11.724527,50,221.472853
-23.779076,50,221.515681
-12.232159,50,221.556101
-18.356403,50,221.590991
-12.054027,50,221.630437
-24.430777,50,221.670432
-12.866559,50,221.703795
-21.198979,50,221.743456
-20.134227,50,221.783424
-18.807542,50,222.572669
-16.244285,50,222.612589
-11.53315,50,222.651159
-19.741257,50,222.691653
-20.558421,50,222.72828
-12.618747,50,222.767398
-23.542393,50,222.805248
-17.456017,50,222.846401
-19.035059,50,222.886412
-10.09931,50,222.925117
-17.677805,50,222.969002
-19.947812,50,223.008361
-15.922558,50,223.047979
-23.426619,50,223.089043
-23.921172,50,223.125536
-25.364176,50,223.164928
-21.623697,50,223.204214
-21.155341,50,223.241997
-9.660311,50,223.279363
-18.147917,50,223.315074
-15.315714,50,223.353536
-21.872068,50,223.392313
-22.682749,50,223.430855
-13.326938,50,223.469762
-19.569699,50,223.51415
-9.245735,50,223.551477
-6.998953,50,223.589388
-7.747994,50,223.631097
-9.286272,50,223.670625
-11.473867,50,223.707681
-6.137646,50,223.747057
-10.911142,50,223.787748
-24.399032,50,223.828289
-13.683892,50,223.867173
-11.623445,50,223.907327
-24.792324,50,223.946709
-19.109887,50,223.984186
-21.074188,50,224.020767
-20.338751,50,224.060797
-15.523533,50,224.101055
-23.310582,50,224.141342
-12.904873,50,225.162191
-11.376504,50,225.200962
-4.179035,50,225.238734
-17.474839,50,225.276063
-19.003954,50,225.312282
-9.631461,50,225.353622
-22.61555,50,225.39359
-20.401283,50,225.438085
-16.090957,50,225.478141
-22.313187,50,225.517251
-22.714319,50,225.55862
-6.471581,50,225.597835
-21.435183,50,225.638468
-12.755299,50,225.678651
-8.422568,50,225.717528
-8.297622,50,225.754394
-9.999758,50,225.792811
-13.810303,50,225.833107
-15.666072,50,225.87166
-14.728524,50,225.910182
-20.340072,50,225.952848
-24.065325,50,225.99365
-10.507084,50,226.03329
-20.919157,50,226.071822
-22.529869,50,226.112191
-7.91934,50,226.15138
-24.835004,50,226.187721
-6.739487,50,226.228666
-16.895494,50,226.268895
-20.939326,50,226.306365
-16.039209,50,226.344739
-17.657056,50,226.383934
-22.231072,50,226.424924
-23.468671,50,226.466133
-14.028653,50,226.505857
-11.904343,50,226.545803
-23.573381,50,226.584276
-8.970258,50,226.625633
-16.620025,50,226.665729
-11.144424,50,226.703916
-19.02022,50,226.744577
-17.020311,50,227.717042
-12.689595,50,227.75773
-8.367054,50,227.798693
-21.123229,50,227.837281
-10.864714,50,227.873843
-21.019475,50,227.913003
-7.580194,50,227.95271
-24.573704,50,227.993836
-20.819574,50,228.033581
-17.311625,50,228.07232
-16.778273,50,228.111312
-18.524776,50,228.152864
-9.155825,50,228.187864
-23.81596,50,228.227937
-14.778299,50,228.268749
-13.060418,50,228.307896
-17.791935,50,228.347335
-14.552552,50,228.388551
-18.443078,50,228.410999
-22.825596,50,228.452425
-21.971432,50,228.495469
-6.471989,50,228.538146
-11.953307,50,228.578465
-16.415861,50,228.619216
-18.616368,50,228.661846
-17.920588,50,228.702349
-13.254392,50,228.743773
-16.801485,50,228.784234
-17.808578,50,228.825855
-21.193028,50,228.863817
-8.407727,50,228.903569
-7.323812,50,228.946524
-6.721929,50,228.988756
-22.844397,50,229.029378
-19.792221,50,229.067521
-8.323405,50,229.107588
-13.532697,50,229.145822
-17.968166,50,229.185473
-18.810641,50,229.223594
-7.333864,50,229.265558
-22.985298,50,229.303282
-16.276749,50,230.292946
-22.283484,50,230.330469
-19.24857,50,230.370857
-19.796433,50,230.408219
-11.245622,50,230.451816
-17.167134,50,230.492752
-18.333138,50,230.536679
-16.704557,50,230.576226
-8.052323,50,230.616535
-5.401283,50,230.658509
-9.523349,50,230.702328
-11.748115,50,230.740915
-15.48731,50,230.781195
-14.33809,50,230.823199
-9.156703,50,230.85819
-18.252119,50,230.899808
-23.958441,50,230.939523
-15.429886,50,230.979432
-18.720878,50,231.019857
-12.572502,50,231.061649
-18.400701,50,231.103166
-21.757566,50,231.140566
-10.464024,50,231.184128
-6.937169,50,231.222027
-10.645427,50,231.261278
-21.583584,50,231.299461
-7.989478,50,231.340314
-9.935154,50,231.382231
-10.364104,50,231.419801
-16.562864,50,231.459829
-9.52857,50,231.500629
-14.766349,50,231.539748
-18.900781,50,231.583791
-24.035721,50,231.624163
-20.753679,50,231.663389
-18.700825,50,231.704372
-13.312579,50,231.74326
-16.910607,50,231.774011
-13.24745,50,231.801299
-21.771192,50,231.846311
-11.902871,50,231.88193
-5.712511,50,232.920416
-15.210722,50,232.960438
-9.361622,50,232.996443
-15.035227,50,233.033772
-18.583534,50,233.073694
-18.539209,50,233.118456
-13.772665,50,233.159367
-12.898243,50,233.195827
-19.845465,50,233.235582
-11.66064,50,233.275275
-12.74436,50,233.317583
-17.972794,50,233.35509
-6.732769,50,233.393308
-9.700974,50,233.424018
-7.920778,50,233.46656
-12.700729,50,233.507845
-11.295132,50,233.548971
-18.424973,50,233.587611
-19.105049,50,233.627372
-10.940472,50,233.667346
-16.882283,50,233.708389
-16.845872,50,233.746163
-16.651164,50,233.784687
-14.932765,50,233.827039
-12.138874,50,233.866529
-9.114887,50,233.907748
-21.668772,50,233.946699
-15.243415,50,233.986248
-11.766343,50,234.02777
-9.928404,50,234.065968
-10.657887,50,234.103691
-11.2917,50,234.144636
-12.357572,50,234.185279
-20.882196,50,234.226288
-17.853961,50,234.265361
-6.868866,50,234.305855
-9.656536,50,234.343264
-19.407828,50,234.380588
-9.878466,50,234.422333
-15.428336,50,234.461085
-7.810419,50,234.501831
-12.659623,50,235.5054
-23.595537,50,235.545595
-10.77384,50,235.58638
-18.593633,50,235.625842
-12.03286,50,235.667095
-11.486212,50,235.707096
-17.887205,50,235.745326
-14.251298,50,235.782376
-21.172387,50,235.82451
-7.360006,50,235.866969
-23.74144,50,235.904857
-15.90584,50,235.944514
-14.009227,50,235.98242
-17.093619,50,236.024259
-6.115025,50,236.064581
-15.33527,50,236.103242
-16.463433,50,236.142268
-22.596436,50,236.181432
-22.819711,50,236.220155
-15.932925,50,236.263529
-13.698042,50,236.305445
-18.310272,50,236.343255
-20.675996,50,236.384291
-6.985192,50,236.424849
-19.021776,50,236.465379
-16.893455,50,236.504615
-11.533619,50,236.544505
-7.612174,50,236.58204
-19.681654,50,236.623013
-10.544692,50,236.663324
-15.347705,50,236.703658
-6.811671,50,236.744778
-20.136647,50,236.781163
-17.592147,50,236.821692
-14.285414,50,236.861506
-15.993823,50,236.90278
-12.298265,50,236.942859
-13.139778,50,236.982139
-20.072268,50,237.021865
-15.945518,50,237.064043
-9.042854,50,237.884501
-23.827011,50,237.926493
-13.111351,50,237.966261
-16.656646,50,238.007172
-12.14714,50,238.049082
-14.310342,50,238.088226
-16.444722,50,238.130068
-11.134138,50,238.16353
-19.590846,50,238.203167
-18.761645,50,238.244978
-23.959267,50,238.282982
-13.282394,50,238.321093
-21.044188,50,238.361848
-12.271542,50,238.406292
-11.462006,50,238.441856
-8.210769,50,238.482674
-9.589521,50,238.521958
-16.64505,50,238.560783
-6.674238,50,238.600357
-13.894126,50,238.639763
-18.418188,50,238.678289
-16.630309,50,238.718816
-7.960457,50,238.755756
-18.525975,50,238.796284
-8.173631,50,238.833264
-9.730736,50,238.873124
-14.270928,50,238.912845
-19.197276,50,238.952054
-22.688795,50,238.992318
-14.995472,50,239.033043
-21.961135,50,239.070044
-16.391581,50,239.112273
-22.574964,50,239.15105
-20.99258,50,239.189676
-19.301969,50,239.228425
-16.068171,50,239.267009
-22.401821,50,239.307775
-19.108955,50,239.345746
-14.410529,50,239.385383
-16.507885,50,239.423025
-14.153719,50,239.462508
-9.011371,50,240.135259
-10.473071,50,240.173765
-14.753914,50,240.213292
-10.003813,50,240.252755
-21.67446,50,240.291204
-23.745294,50,240.331371
-7.306884,50,240.372887
-11.25081,50,240.410471
-13.496972,50,240.449417
-15.161315,50,240.488716
-21.399455,50,240.527396
-13.597902,50,240.56645
-20.479074,50,240.606879
-8.351117,50,240.642653
-12.303692,50,240.68161
-21.047061,50,240.723232
-11.339755,50,240.764702
-21.481119,50,240.802982
-11.283659,50,240.84322
-16.882134,50,240.881258
-9.112439,50,240.924659
-18.476292,50,240.964519
-10.84293,50,240.995307
-9.842197,50,241.022343
-12.163229,50,241.063575
-16.306735,50,241.104618
-9.289691,50,241.142413
-21.015971,50,241.182477
-15.474989,50,241.221872
-10.702568,50,241.263701
-15.197482,50,241.303258
-12.730575,50,241.341532
-13.120292,50,241.380073
-12.433837,50,241.416763
-16.78805,50,241.461816
-22.555251,50,241.502136
-16.235946,50,241.542273
-6.748554,50,241.584229
-19.52534,50,241.622566
-5.657291,50,241.662178
-13.733183,50,241.702375
-14.188273,50,242.407044
-20.243883,50,242.447289
-18.882061,50,242.487586
-25.432976,50,242.528662
-11.049267,50,242.568624
-24.109028,50,242.608633
-15.987586,50,242.648821
-21.295794,50,242.690703
-13.455254,50,242.729023
-11.143733,50,242.769828
-23.921073,50,242.809673
-9.139754,50,242.852912
-20.509232,50,242.892828
-21.8721,50,242.932503
-22.647496,50,242.972692
-12.327092,50,243.012615
-18.264097,50,243.053588
-22.224111,50,243.090503
-7.998515,50,243.129286
-19.510408,50,243.169837
-18.395468,50,243.210769
-17.748011,50,243.250857
-22.915217,50,243.291127
-22.699957,50,243.326389
-13.321506,50,243.367971
-22.377636,50,243.404032
-21.635081,50,243.445609
-9.558753,50,243.48665
-16.574623,50,243.519595
-14.685721,50,243.543744
-19.96803,50,243.583864
-18.843596,50,243.626166
-13.693252,50,243.668449
-10.861001,50,243.708844
-7.679533,50,243.744619
-19.489907,50,243.784915
-6.464564,50,243.824771
-11.364407,50,243.864685
-16.524537,50,243.901551
-12.315851,50,243.93911
-17.741838,50,243.980295
-11.704526,50,244.703362
-6.02935,50,244.744839
-20.735591,50,244.783621
-13.607667,50,244.826531
-16.297565,50,244.866442
-9.709075,50,244.901405
-20.776893,50,244.940824
-19.338061,50,244.98061
-19.337,50,245.020605
-20.766925,50,245.058539
-5.265569,50,245.100089
-21.493582,50,245.140349
-8.897307,50,245.180216
-23.631476,50,245.218207
-14.397488,50,245.248726
-12.202711,50,245.291545
-21.035768,50,245.333122
-8.527241,50,245.368441
-13.523252,50,245.409932
-19.99703,50,245.448455
-16.353188,50,245.486635
-14.98404,50,245.525559
-7.733865,50,245.565975
-13.971763,50,245.603336
-15.229987,50,245.624857
-11.233003,50,245.665518
-18.653938,50,245.708901
-23.165872,50,245.747597
-15.810148,50,245.786131
-13.326409,50,245.826796
-19.279986,50,245.866384
-20.542938,50,245.905911
-12.703475,50,245.943278
-12.232919,50,245.98393
-18.475362,50,246.021287
-20.783014,50,246.064695
-15.601712,50,246.101248
-12.646177,50,246.139296
-16.952507,50,246.178813
-9.244054,50,246.216786
-8.178178,50,246.259547
-20.199659,50,247.074309
-16.779093,50,247.111959
-8.553697,50,247.150946
-19.555905,50,247.192323
-15.775392,50,247.233176
-16.447253,50,247.272647
-10.077784,50,247.310349
-11.747209,50,247.350377
-7.697093,50,247.389271
-17.473532,50,247.429905
-9.149726,50,247.46788
-6.604958,50,247.50487
-21.683152,50,247.54388
-6.222838,50,247.583618
-14.814213,50,247.623109
-21.135337,50,247.660194
-22.253247,50,247.699818
-7.427996,50,247.740619
-15.252147,50,247.77987
-11.785288,50,247.816129
-18.367916,50,247.858486
-4.812997,50,247.893993
-20.750525,50,247.936564
-9.300054,50,247.977293
-21.353499,50,248.014388
-17.783993,50,248.053113
-10.657809,50,248.09217
-12.756052,50,248.135001
-12.194421,50,248.174596
-15.349058,50,248.212915
-18.903989,50,248.252587
-13.03429,50,248.289538
-13.694268,50,248.332763
-21.943215,50,248.372274
-13.448561,50,248.412689
-9.476725,50,248.450674
-14.519877,50,248.494749
-7.146884,50,248.534323
-19.069747,50,248.572193
-17.59772,50,248.611935
-14.034344,50,248.652243
-9.347551,50,249.480352
-9.270863,50,249.518164
-19.96767,50,249.561448
-13.051264,50,249.5985
-16.11648,50,249.639441
-12.072589,50,249.675969
-12.178872,50,249.713933
-20.174756,50,249.753831
-12.867066,50,249.790897
-15.511771,50,249.831013
-20.641349,50,249.868855
-23.18226,50,249.91065
-5.541196,50,249.950672
-22.761514,50,249.990304
-12.676867,50,250.030534
-17.688201,50,250.07107
-21.841601,50,250.109451
-18.842126,50,250.151025
-15.415561,50,250.188841
-20.883621,50,250.228822
-22.486464,50,250.269908
-11.730697,50,250.307686
-23.512073,50,250.346516
-8.571679,50,250.384642
-15.092157,50,250.424801
-11.599206,50,250.46376
-16.891261,50,250.503828
-9.327523,50,250.54447
-18.028126,50,250.576264
-16.072025,50,250.610362
-14.428748,50,250.648573
-13.162861,50,250.687035
-7.152175,50,250.726536
-20.294847,50,250.766307
-21.940967,50,250.80314
-8.364485,50,250.8423
-16.471785,50,250.87932
-21.243094,50,250.919121
-14.378197,50,250.95942
-17.298525,50,251.000207
-9.657445,50,251.040131
-13.594574,50,251.866081
-22.780417,50,251.903254
-10.542074,50,251.943695
-13.671221,50,251.984755
-23.268392,50,252.023236
-12.674223,50,252.060843
-6.790905,50,252.100833
-19.216131,50,252.139599
-4.617231,50,252.178557
-9.30492,50,252.218535
-7.730898,50,252.258739
-17.896561,50,252.300387
-17.399755,50,252.339191
-5.897506,50,252.379352
-20.089327,50,252.419776
-15.959811,50,252.45997
-12.273569,50,252.501231
-4.890329,50,252.540835
-9.427896,50,252.579289
-20.634878,50,252.620348
-18.797886,50,252.662626
-18.613643,50,252.700006
-18.099745,50,252.739343
-15.715525,50,252.780905
-11.613061,50,252.818673
-6.988144,50,252.855456
-17.424681,50,252.898221
-22.785479,50,252.933594
-18.586984,50,252.974576
-11.130371,50,253.012608
-15.41987,50,253.052624
-10.02137,50,253.09163
-14.975623,50,253.133569
-14.200856,50,253.174037
-8.676739,50,253.214822
-22.103634,50,253.255118
-6.554352,50,253.293576
-10.30858,50,253.330851
-20.106175,50,253.37273
-16.835074,50,253.412141
-17.918017,50,253.451539
-13.857329,50,254.12494
-13.049181,50,254.165304
-8.803026,50,254.195662
-17.499146,50,254.237593
-21.452048,50,254.27861
-13.575847,50,254.316175
-13.442436,50,254.357167
-16.182956,50,254.396707
-5.014959,50,254.434599
-13.857178,50,254.475666
-5.438663,50,254.513187
-12.013471,50,254.552593
-19.105488,50,254.596376
-16.744715,50,254.637867
-11.658756,50,254.677211
-22.001618,50,254.715512
-13.978439,50,254.753465
-21.953337,50,254.7923
-19.092762,50,254.829529
-19.406272,50,254.872435
-15.367955,50,254.911894
-14.913027,50,254.94968
-12.673325,50,254.992243
-5.911896,50,255.028739
-15.17568,50,255.068531
-13.55008,50,255.105698
-18.866533,50,255.147619
-18.095745,50,255.187941
-20.258917,50,255.227118
-7.052738,50,255.266582
-9.766987,50,255.304211
-23.095934,50,255.342606
-21.967912,50,255.382232
-7.516811,50,255.421925
-12.669039,50,255.463481
-19.756901,50,255.501672
-8.899333,50,255.543526
-21.73718,50,255.584518
-9.401568,50,255.622893
-19.470706,50,255.661176
-8.3816,50,255.701898
-7.50166,50,256.463466
-18.404246,50,256.503867
-15.115121,50,256.542596
-11.4924,50,256.584068
-12.510648,50,256.622279
-20.87573,50,256.662304
-20.315157,50,256.702079
-14.371319,50,256.740201
-4.805766,50,256.782473
-20.063827,50,256.820962
-21.485807,50,256.864173
-10.015216,50,256.903918
-13.610003,50,256.946251
-12.436157,50,256.984867
-14.052196,50,257.025422
-11.048216,50,257.06637
-18.949676,50,257.105125
-12.479906,50,257.147586
-7.920482,50,257.185744
-22.94434,50,257.225788
-7.819385,50,257.263641
-18.799233,50,257.28812
-9.825875,50,257.307967
-21.482925,50,257.327869
-19.800688,50,257.366224
-20.4342,50,257.4045
-5.079627,50,257.445153
-21.266581,50,257.483753
-9.888197,50,257.522742
-18.369599,50,257.56257
-15.776462,50,257.602322
-9.901011,50,257.641472
-22.280321,50,257.681226
-23.541127,50,257.717785
-13.714702,50,257.754436
-17.829208,50,257.794229
-8.729233,50,257.830973
-18.477205,50,257.868232
-11.095841,50,257.906739
-22.948387,50,257.944366
-15.199529,50,257.985064
-12.985121,50,258.736651
-8.853507,50,258.776703
-21.694395,50,258.814439
-21.427846,50,258.852852
-22.170102,50,258.893864
-10.647448,50,258.934811
-13.036059,50,258.97531
-10.128871,50,259.014853
-15.974829,50,259.052546
-20.75961,50,259.090405
-16.837121,50,259.130063
-11.503929,50,259.169709
-12.746506,50,259.199102
-13.626684,50,259.243119
-14.58907,50,259.286253
-12.553999,50,259.32637
-16.085697,50,259.364102
-19.843931,50,259.402407
-15.801993,50,259.443251
-19.90897,50,259.482411
-19.941824,50,259.519935
-12.536671,50,259.559432
-12.414225,50,259.60085
-21.347571,50,259.638908
-7.269357,50,259.677042
-10.911866,50,259.715714
-6.48649,50,259.756502
-9.281843,50,259.798088
-19.927018,50,259.835696
-18.159101,50,259.875808
-24.407029,50,259.915833
-17.006822,50,259.960434
-21.934183,50,259.999253
-23.233371,50,260.03845
-12.260254,50,260.078673
-8.330465,50,260.114907
-22.93145,50,260.155186
-13.598126,50,260.194335
-17.265063,50,260.234507
-15.352167,50,260.272658
-18.374495,50,260.312817
-6.817242,50,261.035146
-19.536462,50,261.072464
-11.307601,50,261.115122
-12.957412,50,261.154891
-17.563568,50,261.19724
-10.435335,50,261.232696
-16.606031,50,261.274365
-13.792871,50,261.313446
-17.748035,50,261.351375
-21.18827,50,261.392566
-17.576313,50,261.432535
-13.42583,50,261.470137
-20.185813,50,261.513725
-15.471247,50,261.551855
-18.353333,50,261.591665
-9.257336,50,261.629639
-21.983845,50,261.670005
-20.867724,50,261.711553
-11.005593,50,261.7513
-20.493836,50,261.790109
-22.305256,50,261.831205
-15.200875,50,261.868716
-6.592987,50,261.907969
-17.101126,50,261.944602
-19.550282,50,261.98799
-18.416322,50,262.029146
-12.952644,50,262.069093
-14.204663,50,262.107051
-8.622453,50,262.145868
-10.810069,50,262.185612
-16.006907,50,262.223625
-20.501871,50,262.26233
-11.864107,50,262.302125
-7.428648,50,262.340675
-17.287313,50,262.380057
-15.901348,50,262.422257
-8.968832,50,262.461941
-18.369202,50,262.502481
-18.958513,50,262.538485
-22.262445,50,262.577626
-20.744801,50,262.6201
-15.580697,50,263.279375
-17.227942,50,263.316213
-10.345456,50,263.344727
-6.549895,50,263.386233
-16.454569,50,263.426271
-15.608311,50,263.469692
-18.731729,50,263.508505
-12.875638,50,263.550074
-7.613941,50,263.593304
-13.257505,50,263.631715
-17.529748,50,263.671083
-12.832509,50,263.708562
-16.071098,50,263.748951
-10.981021,50,263.78944
-18.325188,50,263.827561
-11.218841,50,263.869795
-23.004715,50,263.908308
-14.202158,50,263.94807
-17.654565,50,263.991402
-20.264908,50,264.029185
-14.946834,50,264.069765
-9.390857,50,264.110174
-18.518534,50,264.1454
-22.275562,50,264.185351
-13.5268,50,264.22303
-9.15519,50,264.26274
-17.174933,50,264.30211
-9.718269,50,264.341645
-20.49652,50,264.38094
-12.483777,50,264.418771
-16.717698,50,264.45962
-16.414541,50,264.499327
-19.21572,50,264.536855
-16.591816,50,264.576506
-20.083157,50,264.615799
-15.371986,50,264.656544
-13.666424,50,264.696607
-16.894884,50,264.736561
-7.203618,50,264.776618
-9.851475,50,264.815774
-23.055775,50,264.851551
-9.775579,50,265.465559
-10.005865,50,265.50635
-14.466121,50,265.547137
-16.435875,50,265.588106
-15.58027,50,265.62746
-19.198492,50,265.667705
-16.597701,50,265.707575
-14.729328,50,265.745715
-19.102335,50,265.785973
-22.750702,50,265.823741
-15.108242,50,265.865076
-12.358512,50,265.902924
-20.017057,50,265.937307
-11.936881,50,265.978532
-6.753441,50,266.0168
-6.912495,50,266.059072
-22.693324,50,266.096606
-17.26465,50,266.138831
-4.32521,50,266.177037
-5.84289,50,266.219218
-17.752692,50,266.263837
-5.418329,50,266.303223
-18.2272,50,266.342699
-7.984712,50,266.381473
-16.941519,50,266.42222
-21.06427,50,266.463679
-10.106596,50,266.503645
-19.698666,50,266.546828
-9.805847,50,266.585843
-6.66861,50,266.623956
-15.321103,50,266.66396
-6.118936,50,266.703804
-12.284949,50,266.740028
-20.670492,50,266.782716
-13.103047,50,266.82147
-18.178614,50,266.860652
-11.52968,50,266.896657
-18.65442,50,266.941195
-7.751797,50,266.981714
-10.875592,50,267.022631
-3.752768,50,267.061269
-20.104751,50,267.731861
-12.418565,50,267.770312
-12.657386,50,267.811439
-19.08973,50,267.848275
-4.084463,50,267.885206
-3.856065,50,267.924757
-15.914031,50,267.962365
-17.181505,50,268.003295
-22.715733,50,268.043083
-15.758771,50,268.081095
-12.588034,50,268.119328
-10.354704,50,268.15591
-7.217457,50,268.194757
-22.399905,50,268.234572
-18.418174,50,268.271288
-8.983499,50,268.310072
-4.854704,50,268.348684
-19.885102,50,268.385781
-8.18565,50,268.426649
-18.802487,50,268.46603
-11.446232,50,268.509665
-15.891284,50,268.549943
-16.419781,50,268.586535
-19.330118,50,268.628587
-18.382942,50,268.668252
-21.064138,50,268.708783
-18.522897,50,268.748778
-18.133918,50,268.788539
-19.915939,50,268.828262
-12.637151,50,268.866205
-16.633889,50,268.906729
-16.120598,50,268.948138
-15.187257,50,268.987449
-14.341267,50,269.028116
-16.686704,50,269.066188
-13.148756,50,269.105222
-16.146306,50,269.142689
-15.387055,50,269.181341
-17.574261,50,269.218571
-13.184677,50,269.258894
-21.798831,50,269.29576
-13.151229,50,270.084091
-14.721039,50,270.123479
-7.543914,50,270.164212
-17.366666,50,270.204446
-15.730623,50,270.244246
-18.233655,50,270.284832
-11.042021,50,270.326401
-7.792884,50,270.364834
-13.495048,50,270.403836
-10.839407,50,270.444326
-17.654395,50,270.485853
-18.492819,50,270.525402
-10.586881,50,270.565783
-21.488958,50,270.605778
-9.245962,50,270.646545
-15.195435,50,270.6829
-22.40746,50,270.720866
-8.950326,50,270.759286
-14.402535,50,270.798203
-14.298938,50,270.823781
-19.331849,50,270.84952
-18.117427,50,270.887941
-6.661951,50,270.927395
-18.290672,50,270.965646
-12.487717,50,271.005006
-14.686021,50,271.047305
-14.454724,50,271.090015
-21.93752,50,271.132327
-21.254625,50,271.171784
-20.610824,50,271.210728
-20.053626,50,271.251696
-23.136491,50,271.294976
-22.182515,50,271.335885
-8.788865,50,271.373101
-14.192378,50,271.416564
-16.486497,50,271.455869
-14.414134,50,271.495662
-12.861816,50,271.535624
-16.241771,50,271.574481
-8.437273,50,271.612364
-19.736474,50,271.650931
-9.014823,50,272.368803
-20.413704,50,272.40697
-17.099533,50,272.444883
-20.177043,50,272.484335
-11.088351,50,272.524496
-9.177023,50,272.564341
-16.58285,50,272.603154
-8.774412,50,272.645403
-17.396616,50,272.684004
-7.797372,50,272.721867
-19.1203,50,272.763641
-12.133368,50,272.804693
-23.235728,50,272.84293
-12.244656,50,272.88161
-15.909347,50,272.91897
-14.008212,50,272.96096
-14.11381,50,272.999817
-15.852394,50,273.0427
-9.165786,50,273.081551
-19.102379,50,273.123367
-15.958134,50,273.162332
-19.857239,50,273.199638
-17.054843,50,273.239605
-10.20534,50,273.282425
-22.385335,50,273.322792
-13.769481,50,273.362546
-17.361859,50,273.399809
-13.068451,50,273.432576
-7.774667,50,273.47244
-11.361352,50,273.513352
-9.790687,50,273.549871
-8.235465,50,273.590717
-19.386197,50,273.629523
-14.784164,50,273.673551
-17.840935,50,273.712487
-16.098956,50,273.753908
-22.531599,50,273.796411
-16.211693,50,273.834342
-19.704575,50,273.877067
-11.930742,50,273.916077
-14.134248,50,273.960182
-15.259553,50,274.53605
-16.495582,50,274.576047
-8.03996,50,274.615956
-20.506248,50,274.647587
-20.751675,50,274.672829
-21.919013,50,274.69802
-8.12012,50,274.740707
-18.686349,50,274.782563
-10.098223,50,274.819994
-9.438622,50,274.863423
-20.598404,50,274.903349
-7.824547,50,274.943405
-16.717031,50,274.981838
-22.543169,50,275.017734
-13.410473,50,275.04414
-14.152923,50,275.08332
-14.694749,50,275.121843
-14.463279,50,275.162175
-14.83388,50,275.200137
-13.465303,50,275.238373
-11.512834,50,275.267294
-15.07027,50,275.308526
-19.767033,50,275.347687
-13.146732,50,275.387187
-20.438753,50,275.426807
-18.964947,50,275.461361
-11.153426,50,275.491123
-18.233574,50,275.529324
-20.022109,50,275.570772
-12.955857,50,275.610661
-18.427508,50,275.652884
-6.849692,50,275.693609
-22.644961,50,275.73228
-19.192258,50,275.773644
-16.79421,50,275.810428
-20.494113,50,275.854486
-8.59602,50,275.892275
-14.305808,50,275.912692
-14.640925,50,275.933
-16.8348,50,275.959143
-13.867656,50,276.000699
-11.206211,50,276.698747
-9.746959,50,276.734819
-16.685323,50,276.777153
-8.556963,50,276.812433
-12.866856,50,276.852934
-18.455482,50,276.893264
-10.880097,50,276.934722
-19.969499,50,276.975539
-14.203389,50,277.013468
-10.576312,50,277.054142
-23.675223,50,277.094293
-10.51495,50,277.134306
-16.622837,50,277.17286
-17.812458,50,277.20803
-14.457148,50,277.25031
-20.572734,50,277.28883
-8.351081,50,277.328583
-9.418262,50,277.368453
-21.686036,50,277.407458
-9.122447,50,277.448276
-15.829716,50,277.488379
-5.143285,50,277.529361
-22.481832,50,277.5672
-21.055386,50,277.60395
-11.879626,50,277.64507
-15.886477,50,277.68214
-20.701963,50,277.724185
-6.281834,50,277.763954
-13.451333,50,277.801065
-21.13826,50,277.840621
-9.651794,50,277.87678
-17.515251,50,277.916504
-9.908219,50,277.953903
-16.051232,50,277.995066
-10.227709,50,278.03267
-11.500476,50,278.072432
-10.005302,50,278.10914
-13.444787,50,278.149573
-13.053048,50,278.18918
-19.758324,50,278.228748
-7.422295,50,278.26364
-15.757405,50,278.954664
-8.205003,50,278.997386
-14.206504,50,279.036095
-12.4067,50,279.076855
-17.308831,50,279.115521
-23.123492,50,279.15519
-11.443042,50,279.19867
-8.216047,50,279.241028
-18.80138,50,279.277776
-10.091751,50,279.318823
-21.096727,50,279.359502
-15.426039,50,279.401076
-19.965249,50,279.44141
-21.903299,50,279.479584
-10.995645,50,279.523622
-20.328097,50,279.563359
-21.095915,50,279.598725
-23.372645,50,279.639625
-19.223906,50,279.679878
-12.316883,50,279.720261
-8.550969,50,279.759621
-18.969134,50,279.799816
-8.96632,50,279.840399
-14.663546,50,279.877182
-7.537333,50,279.916653
-19.193165,50,279.957873
-12.45953,50,279.999128
-6.044919,50,280.039854
-13.471181,50,280.080333
-11.453516,50,280.119326
-19.278075,50,280.157656
-18.012733,50,280.196259
-22.050357,50,280.237669
-12.06329,50,280.275923
-16.58544,50,280.317238
-16.059503,50,280.35735
-18.116587,50,280.39661
-19.601247,50,280.435045
-15.027028,50,280.474581
-9.768549,50,280.516635
-4.400192,50,280.555991
-15.462917,50,281.238675
-15.468999,50,281.280776
-16.114756,50,281.318218
-9.057632,50,281.356621
-12.803769,50,281.396774
-12.242596,50,281.438869
-10.609213,50,281.478018
-14.251939,50,281.518722
-14.816795,50,281.556158
-7.842801,50,281.594557
-10.261901,50,281.635173
-20.853802,50,281.674124
-12.38227,50,281.713289
-10.778975,50,281.754904
-11.110731,50,281.791433
-16.234502,50,281.829098
-13.10747,50,281.868479
-4.738205,50,281.909017
-21.891687,50,281.949705
-11.703563,50,281.992087
-18.361831,50,282.029496
-16.514642,50,282.071612
-16.260049,50,282.111058
-18.771568,50,282.152496
-8.971428,50,282.191534
-17.982107,50,282.231775
-16.644861,50,282.269284
-18.958977,50,282.310598
-8.112624,50,282.350105
-20.478911,50,282.390688
-17.834912,50,282.431246
-15.924871,50,282.474696
-19.629526,50,282.512151
-18.947685,50,282.551688
-19.224049,50,282.59306
-15.206877,50,282.631152
-12.133134,50,282.669901
-17.755478,50,282.710189
-16.205668,50,282.746079
-22.05635,50,282.783181
-18.687422,50,282.822134
-16.50698,50,283.445639
-4.782025,50,283.485777
-19.170859,50,283.523131
-6.632942,50,283.559717
-18.489001,50,283.598207
-12.045539,50,283.635156
-11.803952,50,283.67267
-10.11629,50,283.712245
-16.11828,50,283.747165
-9.309372,50,283.787355
-10.24608,50,283.826185
-12.419971,50,283.860823
-12.464539,50,283.899442
-14.664576,50,283.939541
-16.241301,50,283.978381
-14.261418,50,284.018829
-9.447188,50,284.057369
-10.949149,50,284.096459
-8.039128,50,284.136275
-12.807101,50,284.17356
-18.582263,50,284.214276
-16.068728,50,284.25333
-9.999463,50,284.291448
-14.339913,50,284.335167
-8.873089,50,284.374172
-8.830081,50,284.414878
-18.41967,50,284.451143
-14.553989,50,284.491702
-5.502229,50,284.531646
-12.988748,50,284.571282
-17.884339,50,284.614723
-7.509103,50,284.65576
-21.860059,50,284.696687
-14.542238,50,284.733627
-14.662752,50,284.776122
-15.013929,50,284.812761
-7.115047,50,284.853653
-11.441059,50,284.890193
-7.904233,50,284.930468
-10.150968,50,284.972572
-20.653755,50,285.013685
-14.634514,50,285.731321
-21.249412,50,285.772596
-18.020365,50,285.812449
-10.550352,50,285.85171
-22.009633,50,285.892507
-7.296249,50,285.931606
-7.914624,50,285.968833
-19.693306,50,286.009447
-18.261835,50,286.048526
-9.661741,50,286.08689
-19.423311,50,286.128575
-15.340082,50,286.171142
-8.143919,50,286.207903
-19.571258,50,286.248707
-11.874454,50,286.289283
-5.947052,50,286.330382
-20.659414,50,286.372627
-16.472369,50,286.412625
-20.217595,50,286.452752
-5.520326,50,286.491597
-9.014995,50,286.529389
-12.408474,50,286.564276
-20.106134,50,286.604469
-16.472406,50,286.644411
-10.96025,50,286.684251
-7.648905,50,286.724719
-20.169524,50,286.764228
-13.724036,50,286.80482
-15.720868,50,286.845807
-21.133813,50,286.886775
-16.434301,50,286.927153
-13.420162,50,286.96647
-21.265302,50,287.00791
-17.679049,50,287.045572
-11.942173,50,287.085307
-19.407158,50,287.122467
-19.718219,50,287.164622
-18.793358,50,287.203471
-13.28181,50,287.244655
-20.652496,50,287.283644
-15.882808,50,287.321438
-13.76475,50,288.121245
-13.330944,50,288.166552
-12.438596,50,288.205755
-9.394101,50,288.244228
-16.186398,50,288.284364
-13.858349,50,288.324678
-17.2585,50,288.362449
-18.704855,50,288.400625
-14.761758,50,288.442826
-18.619441,50,288.484541
-16.32594,50,288.522516
-19.254015,50,288.563256
-7.472553,50,288.600761
-19.756284,50,288.64346
-20.093266,50,288.681892
-12.930801,50,288.717305
-21.015152,50,288.760179
-8.920763,50,288.802824
-18.115457,50,288.842761
-18.429241,50,288.879582
-10.467911,50,288.918284
-4.231736,50,288.957919
-14.165824,50,288.999891
-8.834979,50,289.039484
-6.034778,50,289.080271
-2.554532,50,289.119888
-19.806813,50,289.160807
-7.581026,50,289.202037
-10.977033,50,289.241702
-17.183406,50,289.283768
-12.604581,50,289.322641
-18.147496,50,289.361529
-9.152693,50,289.403807
-18.400321,50,289.442435
-4.220937,50,289.483643
-9.076103,50,289.526191
-18.909826,50,289.563644
-14.561088,50,289.606033
-7.861667,50,289.650033
-15.805056,50,289.687324
-9.576121,50,289.730402
-9.084699,50,290.443259
-12.744685,50,290.482548
-11.686027,50,290.521613
-23.523191,50,290.559961
-17.928306,50,290.596741
-14.125256,50,290.63571
-19.674222,50,290.675402
-15.15915,50,290.717888
-8.279221,50,290.756433
-15.497718,50,290.797855
-19.646909,50,290.83764
-4.112977,50,290.873785
-10.312521,50,290.917391
-21.363421,50,290.957764
-6.286857,50,290.994664
-19.151622,50,291.033713
-15.941399,50,291.074267
-22.643121,50,291.111669
-21.796499,50,291.145913
-10.350911,50,291.188591
-8.486774,50,291.22871
-13.743792,50,291.264071
-10.411307,50,291.303298
-7.067214,50,291.341127
-9.465012,50,291.383301
-7.161902,50,291.421067
-19.346019,50,291.464344
-18.695451,50,291.506848
-16.152119,50,291.544881
-6.628905,50,291.582695
-19.744962,50,291.621689
-9.550838,50,291.662718
-15.100957,50,291.702574
-21.858706,50,291.739443
-21.80985,50,291.77958
-7.71864,50,291.818856
-19.341756,50,291.858698
-20.698578,50,291.894573
-11.54714,50,291.925006
-11.57513,50,291.960695
-6.304086,50,292.001935
-18.610993,50,292.59664
-19.959647,50,292.638517
-7.287812,50,292.681651
-8.027957,50,292.721105
-20.723125,50,292.759643
-8.04526,50,292.800095
-9.280078,50,292.83762
-14.310779,50,292.87865
-6.01194,50,292.917689
-7.454569,50,292.957552
-4.80114,50,292.998212
-22.25342,50,293.037738
-18.137067,50,293.079105
-15.426757,50,293.116343
-22.836937,50,293.156411
-8.63684,50,293.197
-12.856667,50,293.236389
-19.168145,50,293.277423
-19.375815,50,293.313609
-14.559791,50,293.351825
-16.37972,50,293.394534
-15.686302,50,293.435615
-15.562286,50,293.477302
-13.041586,50,293.517785
-10.087727,50,293.555055
-14.420226,50,293.595812
-4.349376,50,293.635751
-13.954029,50,293.673388
-17.187874,50,293.713818
-16.078728,50,293.750602
-12.327803,50,293.792456
-12.634194,50,293.831208
-18.748582,50,293.86989
-18.175237,50,293.908731
-10.66378,50,293.947
-19.992343,50,293.988788
-10.43909,50,294.028708
-21.879765,50,294.06671
-17.204955,50,294.105103
-15.098316,50,294.143962
-9.807962,50,294.901998
-9.063048,50,294.943813
-15.104961,50,294.984091
-17.799849,50,295.022425
-11.327906,50,295.062209
-12.579374,50,295.102389
-19.87781,50,295.142219
-8.62264,50,295.181411
-15.231051,50,295.216075
-19.6737,50,295.257785
-9.897119,50,295.297108
-22.142248,50,295.336859
-19.754771,50,295.375923
-11.999983,50,295.41286
-10.704886,50,295.450459
-18.208458,50,295.488266
-12.582643,50,295.528794
-6.664959,50,295.570434
-13.0109,50,295.606659
-5.640351,50,295.64622
-16.246897,50,295.686031
-23.747027,50,295.725984
-21.555103,50,295.764777
-9.718502,50,295.805166
-16.239345,50,295.843658
-15.938095,50,295.884763
-16.624773,50,295.923602
-20.485099,50,295.963906
-17.813698,50,296.002681
-9.947355,50,296.041715
-12.611772,50,296.080636
-14.09576,50,296.120929
-19.343689,50,296.159513
-20.843094,50,296.19769
-17.091037,50,296.236981
-7.987151,50,296.27481
-14.98402,50,296.316823
-18.052821,50,296.355261
-16.395535,50,296.392416
-23.236264,50,296.431338
-16.720433,50,296.470922
-17.089502,50,297.491049
-18.501558,50,297.527552
-9.294411,50,297.570194
-17.773528,50,297.607729
-11.528054,50,297.645539
-22.686155,50,297.684348
-3.207889,50,297.727264
-21.270314,50,297.766871
-16.213052,50,297.805312
-11.723511,50,297.848491
-13.755201,50,297.886836
-11.711565,50,297.925502
-14.523818,50,297.965627
-16.286651,50,298.006335
-13.668109,50,298.047122
-14.435564,50,298.085679
-16.184,50,298.122661
-21.356962,50,298.163208
-11.350509,50,298.200101
-15.644081,50,298.237955
-20.36093,50,298.277853
-20.882357,50,298.313831
-17.477444,50,298.350826
-3.200538,50,298.390995
-9.194912,50,298.428221
-9.761216,50,298.467066
-18.695961,50,298.506012
-13.688107,50,298.546215
-12.87448,50,298.586466
-18.774939,50,298.626718
-16.032182,50,298.666554
-15.606992,50,298.703876
-12.855799,50,298.743443
-5.405354,50,298.782204
-11.896459,50,298.820524
-17.733764,50,298.863832
-14.328602,50,298.902454
-18.287701,50,298.943728
-19.734237,50,298.984659
-13.996494,50,299.028023
-9.66142,50,299.068826
-16.313975,50,299.703008
-20.10989,50,299.740685
-19.325354,50,299.778566
-12.326111,50,299.82115
-5.493617,50,299.860714
-14.741602,50,299.899636
-20.556962,50,299.937176
-8.85341,50,299.977839
-15.29784,50,300.016494
-4.802403,50,300.056622
-10.925335,50,300.094024
-16.349419,50,300.134243
-17.841482,50,300.175157
-20.086681,50,300.211566
-6.147537,50,300.250177
-18.481347,50,300.289759
-16.309503,50,300.327842
-12.704793,50,300.365833
-17.290644,50,300.406116
-10.400412,50,300.444129
-8.16962,50,300.485832
-16.812708,50,300.526733
-20.172339,50,300.565385
-10.762756,50,300.604763
-19.955281,50,300.641821
-18.225098,50,300.68367
-15.466973,50,300.721756
-7.849152,50,300.762779
-12.804227,50,300.806994
-15.184482,50,300.847527
-9.753622,50,300.886642
-14.119693,50,300.926428
-10.700681,50,300.963619
-11.497432,50,301.004656
-5.832252,50,301.042846
-4.615395,50,301.080342
-4.246736,50,301.121405
-8.670588,50,301.159159
-17.488474,50,301.199421
-15.550652,50,301.234626
-14.120658,50,301.276689
-11.388443,50,302.052046
-14.635779,50,302.088169
-21.518062,50,302.127302
-5.338591,50,302.164823
-17.090353,50,302.202897
-20.328789,50,302.2443
-17.584085,50,302.280872
-9.000375,50,302.321167
-18.167071,50,302.362699
-21.356117,50,302.401842
-12.72508,50,302.438732
-9.812481,50,302.482452
-5.685071,50,302.523845
-14.431457,50,302.559596
-19.259238,50,302.599254
-12.781094,50,302.640513
-14.594434,50,302.678861
-14.730373,50,302.718699
-19.523093,50,302.758415
-9.120338,50,302.79752
-5.204144,50,302.836031
-20.543438,50,302.877697
-19.349419,50,302.915632
-20.321945,50,302.957102
-18.447325,50,302.997536
-15.50916,50,303.034277
-18.715231,50,303.075226
-7.701777,50,303.113262
-18.168723,50,303.154374
-21.801776,50,303.19327
-14.365087,50,303.228731
-19.41851,50,303.267908
-7.860515,50,303.307777
-20.663672,50,303.346817
-16.89439,50,303.38686
-4.804545,50,303.423858
-17.460963,50,303.46362
-16.536806,50,303.502345
-21.109495,50,303.542258
-13.735797,50,303.580706
-13.689699,50,303.619672
-21.152623,50,304.328906
-8.186076,50,304.365544
-19.894563,50,304.403103
-7.554715,50,304.443205
-15.924056,50,304.485946
-16.090479,50,304.525519
-21.344852,50,304.565
-20.637568,50,304.602838
-20.16954,50,304.645583
-8.627905,50,304.685675
-17.162576,50,304.72411
-9.800583,50,304.764591
-19.231835,50,304.803887
-14.789536,50,304.843225
-17.112785,50,304.880285
-13.167346,50,304.918653
-20.018165,50,304.96055
-10.61979,50,304.999515
-21.932973,50,305.038666
-13.443259,50,305.078293
-17.312938,50,305.116172
-8.483986,50,305.157281
-20.592183,50,305.196604
-8.559314,50,305.236267
-17.904218,50,305.278743
-13.091247,50,305.316993
-12.076098,50,305.358332
-16.452562,50,305.398319
-13.585189,50,305.437172
-8.7719,50,305.475454
-21.701011,50,305.514609
-9.944688,50,305.554409
-21.784558,50,305.593414
-16.797057,50,305.631636
-10.75405,50,305.674454
-13.272174,50,305.716145
-7.636491,50,305.754207
-18.874116,50,305.788853
-18.378876,50,305.829543
-10.544667,50,305.868714
-17.137804,50,305.912225
-12.914869,50,306.689735
-8.094543,50,306.729505
-11.425281,50,306.770677
-15.916874,50,306.809243
-17.960202,50,306.85084
-17.937705,50,306.892893
-7.554589,50,306.933681
-8.075448,50,306.973708
-19.544738,50,307.014788
-8.863778,50,307.054598
-10.071569,50,307.092826
-12.515384,50,307.132583
-9.949031,50,307.17168
-10.899169,50,307.212625
-8.924048,50,307.252522
-14.572477,50,307.294314
-15.864518,50,307.334562
-10.766969,50,307.372987
-8.592899,50,307.413268
-21.932388,50,307.452811
-6.155875,50,307.495638
-16.773922,50,307.53388
-8.8269,50,307.577457
-4.845913,50,307.614398
-9.006208,50,307.655997
-19.68123,50,307.695324
-17.542521,50,307.732833
-8.904691,50,307.770656
-16.078459,50,307.8091
-13.931823,50,307.846823
-17.820713,50,307.886182
-13.305781,50,307.923577
-16.43558,50,307.966412
-11.166672,50,308.005354
-17.89478,50,308.045412
-19.155516,50,308.083631
-6.873312,50,308.124282
-13.696025,50,308.162198
-20.940986,50,308.201616
-10.634505,50,308.244231
-18.274342,50,308.284967
-7.784962,50,308.977095
-18.938685,50,309.017308
-19.768754,50,309.058051
-13.71424,50,309.098557
-22.540205,50,309.136801
-20.619565,50,309.178808
-11.891632,50,309.216609
-17.190269,50,309.257458
-21.048077,50,309.298357
-22.825513,50,309.337914
-20.053331,50,309.377893
-19.987926,50,309.41784
-19.904031,50,309.457281
-13.984277,50,309.497376
-18.586043,50,309.536769
-20.274842,50,309.578298
-15.496007,50,309.618079
-14.217909,50,309.65875
-21.883608,50,309.69666
-11.633876,50,309.736649
-9.828326,50,309.777758
-13.980261,50,309.818795
-18.405487,50,309.856004
-12.66994,50,309.897468
-15.384706,50,309.933952
-15.789426,50,309.973474
-20.90597,50,310.013736
-4.232669,50,310.05428
-7.010268,50,310.094747
-15.577796,50,310.134638
-15.998178,50,310.175402
-10.174253,50,310.212154
-15.592504,50,310.251446
-21.442198,50,310.292022
-22.162112,50,310.332653
-10.023193,50,310.369012
-22.509282,50,310.407718
-15.610469,50,310.450796
-13.255859,50,310.489281
-19.833139,50,310.532998
-18.195393,50,310.571763
-10.180052,50,311.166347
-12.273193,50,311.202233
-10.815823,50,311.240844
-4.775887,50,311.279106
-11.366138,50,311.319722
-7.05076,50,311.356457
-14.327735,50,311.39573
-19.125357,50,311.430919
-20.434742,50,311.4681
-6.09959,50,311.508323
-19.423253,50,311.54713
-16.295527,50,311.582595
-15.251595,50,311.623132
-13.426178,50,311.661895
-14.047956,50,311.699954
-13.011893,50,311.743307
-17.886862,50,311.779868
-18.149184,50,311.822006
-7.972601,50,311.860855
-14.37012,50,311.901922
-15.461914,50,311.941554
-18.110187,50,311.979331
-13.802702,50,312.018992
-11.646651,50,312.056244
-17.050526,50,312.092628
-3.815366,50,312.131554
-20.919866,50,312.172493
-14.519856,50,312.214433
-20.773619,50,312.253603
-9.447002,50,312.291876
-10.660972,50,312.330662
-13.474266,50,312.371844
-17.895882,50,312.4133
-15.931742,50,312.451848
-10.530205,50,312.490484
-11.065655,50,312.533142
-14.85819,50,312.571473
-6.135109,50,312.607371
-10.449105,50,312.65004
-10.247858,50,312.686361
-14.280485,50,312.727723
-20.055857,50,313.421885
-10.486802,50,313.460818
-18.472483,50,313.501445
-19.412855,50,313.538385
-8.332516,50,313.578666
-16.931227,50,313.619236
-16.146072,50,313.656184
-10.097034,50,313.694958
-11.912571,50,313.733698
-18.985485,50,313.773783
-13.66551,50,313.815771
-18.531152,50,313.856701
-20.477822,50,313.894588
-20.958555,50,313.932788
-15.272539,50,313.97284
-11.896079,50,314.012985
-9.015759,50,314.052288
-20.835916,50,314.08973
-16.52791,50,314.128531
-13.529285,50,314.167681
-8.640024,50,314.206751
-15.594711,50,314.247663
-8.650724,50,314.286292
-16.591543,50,314.325882
-10.329552,50,314.363458
-6.823641,50,314.401466
-13.890459,50,314.442086
-13.504235,50,314.480824
-13.959837,50,314.519796
-16.506864,50,314.557318
-8.560067,50,314.596022
-17.950003,50,314.624386
-13.828828,50,314.665567
-16.003111,50,314.705624
-8.304473,50,314.747231
-9.114896,50,314.784664
-10.5856,50,314.82334
-20.253184,50,314.864212
-14.83778,50,314.899344
-16.6034,50,314.937314
-23.140442,50,314.97857
-10.455465,50,315.743894
-3.003099,50,315.782804
-15.586891,50,315.819245
-16.579156,50,315.860374
-5.728862,50,315.899619
-20.510394,50,315.939313
-9.025956,50,315.977386
-21.100533,50,316.017156
-9.569284,50,316.055799
-13.963233,50,316.095083
-21.329752,50,316.136256
-14.922659,50,316.175538
-16.66437,50,316.214683
-16.343527,50,316.254903
-12.803738,50,316.298447
-3.229435,50,316.341235
-13.342217,50,316.378406
-18.222684,50,316.421149
-14.546677,50,316.462576
-14.546743,50,316.505274
-11.603571,50,316.54636
-12.044182,50,316.586019
-4.346104,50,316.625308
-14.28514,50,316.666132
-12.89121,50,316.709108
-19.073462,50,316.751782
-2.602394,50,316.792571
-18.377435,50,316.833542
-14.687274,50,316.874067
-22.27458,50,316.912323
-19.262236,50,316.954668
-14.964277,50,316.993251
-4.905025,50,317.029763
-19.066678,50,317.068579
-15.883166,50,317.109339
-20.440527,50,317.150308
-19.51842,50,317.191385
-17.073617,50,317.23494
-12.199603,50,317.270089
-16.910741,50,317.31206
-6.339472,50,317.355664
-7.985363,50,318.339869
-4.455117,50,318.373271
-20.452981,50,318.414292
-14.830388,50,318.45527
-7.414093,50,318.494603
-14.136814,50,318.534515
-19.630411,50,318.572981
-15.722133,50,318.612422
-20.705286,50,318.651369
-16.021018,50,318.694644
-16.237027,50,318.739351
-16.442333,50,318.777731
-12.898171,50,318.816581
-3.66929,50,318.854793
-9.963922,50,318.896009
-15.646207,50,318.934547
-18.954087,50,318.974176
-18.787242,50,319.016258
-22.600782,50,319.056474
-14.607442,50,319.092092
-21.315138,50,319.134376
-7.045375,50,319.170995
-17.884175,50,319.211519
-19.049052,50,319.252569
-18.292421,50,319.290053
-8.443391,50,319.330461
-15.752761,50,319.369763
-12.800024,50,319.410498
-18.768322,50,319.44749
-11.420799,50,319.486426
-17.030512,50,319.522296
-16.007219,50,319.549127
-22.354069,50,319.592789
-6.701317,50,319.633659
-10.408273,50,319.671241
-22.636275,50,319.711782
-16.467332,50,319.751259
-20.437865,50,319.788538
-11.658427,50,319.830087
-17.265074,50,319.865998
-18.220271,50,319.907883
-16.729752,50,320.691034
-9.668337,50,320.730104
-16.066545,50,320.771819
-7.750325,50,320.814802
-10.339283,50,320.854322
-14.734332,50,320.895136
-11.468781,50,320.934372
-12.615927,50,320.973982
-22.396355,50,321.012907
-9.493002,50,321.054179
-10.003608,50,321.094219
-19.309816,50,321.130734
-11.812557,50,321.171193
-19.24494,50,321.211667
-16.188736,50,321.249135
-5.021775,50,321.288607
-19.369572,50,321.326623
-16.764114,50,321.368472
-19.569752,50,321.409792
-11.810882,50,321.447597
-17.17818,50,321.491218
-11.685557,50,321.529119
-7.475832,50,321.568777
-21.922556,50,321.607447
-22.094935,50,321.64457
-11.313436,50,321.682916
-11.266526,50,321.720812
-13.458457,50,321.760021
-19.068754,50,321.799332
-10.00844,50,321.836663
-20.185442,50,321.877531
-17.428001,50,321.918186
-12.447013,50,321.959382
-20.62321,50,321.999241
-9.033317,50,322.041219
-15.656386,50,322.07979
-11.496692,50,322.115075
-11.563788,50,322.153231
-8.095447,50,322.190853
-19.795282,50,322.227786
-13.432303,50,322.269914
-18.927226,50,322.989269
-15.117265,50,323.0291
-11.298393,50,323.070164
-21.553924,50,323.108312
-21.775548,50,323.151475
-15.194071,50,323.19357
-13.341072,50,323.233334
-15.881724,50,323.271635
-16.066986,50,323.31221
-12.034156,50,323.350947
-11.318288,50,323.392193
-17.428926,50,323.429591
-2.475952,50,323.470648
-15.037785,50,323.510867
-9.583019,50,323.548738
-12.822291,50,323.589605
-13.654176,50,323.62968
-8.548469,50,323.667314
-10.936317,50,323.708448
-12.005266,50,323.74803
-17.456762,50,323.783777
-11.16199,50,323.822133
-18.318501,50,323.861475
-11.892264,50,323.901685
-6.864888,50,323.940512
-15.766845,50,323.980499
-19.006844,50,324.022141
-9.61319,50,324.063194
-5.670299,50,324.100607
-9.59611,50,324.140384
-5.73506,50,324.181257
-13.550256,50,324.219546
-6.866427,50,324.260424
-5.889964,50,324.301039
-14.744614,50,324.339486
-15.480266,50,324.379152
-19.692228,50,324.412732
-13.469554,50,324.454895
-9.964732,50,324.494285
-9.461862,50,324.534666
-11.839288,50,324.57515
-3.680052,50,325.264549
-9.459629,50,325.30077
-12.37784,50,325.338472
-5.765311,50,325.377522
-9.845732,50,325.416145
-11.282159,50,325.455639
-13.848409,50,325.496819
-19.246369,50,325.533067
-12.641522,50,325.574523
-9.522844,50,325.613131
-14.086377,50,325.654043
-21.484458,50,325.693937
-16.381661,50,325.729494
-14.153121,50,325.771198
-8.663849,50,325.811325
-18.204652,50,325.849324
-21.513464,50,325.8859
-8.784909,50,325.925226
-19.519629,50,325.965102
-21.16256,50,326.005759
-21.590721,50,326.04622
-13.802385,50,326.086813
-12.658229,50,326.126224
-13.149219,50,326.162844
-6.820772,50,326.20242
-18.610685,50,326.240733
-12.496633,50,326.282267
-6.786128,50,326.314754
-12.289664,50,326.350777
-11.62296,50,326.390124
-18.490428,50,326.429754
-12.10843,50,326.466357
-8.978793,50,326.504796
-14.125785,50,326.540866
-14.34762,50,326.580767
-14.859049,50,326.619646
-11.130512,50,326.659429
-17.037984,50,326.694849
-10.333713,50,326.733772
-19.99186,50,326.775216
-21.432808,50,326.813678
-12.582617,50,327.532608
-13.866481,50,327.570464
-13.721212,50,327.610459
-4.375895,50,327.645985
-19.153717,50,327.686277
-18.227698,50,327.724653
-10.39679,50,327.764513
-7.946072,50,327.803411
-6.321625,50,327.841564
-19.98151,50,327.880443
-13.144626,50,327.919758
-15.18587,50,327.958456
-18.657081,50,327.997572
-19.543869,50,328.039972
-12.722892,50,328.077029
-15.626337,50,328.116469
-11.117586,50,328.15478
-16.167471,50,328.196963
-21.145625,50,328.232405
-17.882879,50,328.275112
-17.26086,50,328.312491
-9.386859,50,328.352447
-19.612221,50,328.390571
-15.541589,50,328.43224
-20.521661,50,328.470922
-14.015786,50,328.50962
-12.644397,50,328.550688
-6.868307,50,328.589315
-6.55841,50,328.628418
-8.414824,50,328.669159
-21.862139,50,328.708493
-5.597132,50,328.749468
-4.361624,50,328.789554
-15.206554,50,328.832042
-18.363051,50,328.870133
-12.841311,50,328.912076
-14.324936,50,328.952952
-13.127938,50,328.991187
-14.811823,50,329.032664
-18.979456,50,329.075575
-17.258401,50,329.113937
-12.049313,50,329.764811
-9.964871,50,329.805705
-22.051043,50,329.845361
-10.317185,50,329.886376
-22.123018,50,329.923373
-20.890327,50,329.962947
-4.708127,50,330.000016
-5.7149,50,330.037244
-17.656226,50,330.078924
-8.815153,50,330.116714
-17.817722,50,330.156495
-12.154074,50,330.195493
-17.819302,50,330.235297
-10.99199,50,330.275001
-13.148864,50,330.313487
-14.144603,50,330.352042
-20.792711,50,330.393636
-11.688104,50,330.434083
-3.566808,50,330.474681
-6.460424,50,330.513676
-4.948377,50,330.549826
-11.520431,50,330.588231
-6.639369,50,330.627481
-9.629757,50,330.668406
-10.082289,50,330.704685
-20.026679,50,330.743602
-18.859582,50,330.782803
-11.849929,50,330.82127
-16.951906,50,330.857182
-16.955976,50,330.897571
-14.186538,50,330.937628
-8.414928,50,330.97867
-13.728316,50,331.021491
-15.597355,50,331.059733
-13.08308,50,331.097661
-13.992956,50,331.139374
-14.354071,50,331.177738
-20.545644,50,331.216388
-12.713015,50,331.256185
-20.192124,50,331.295978
-3.096827,50,331.332559
-2.620432,50,332.002525
-8.273905,50,332.042219
-20.547216,50,332.083367
-5.200312,50,332.123209
-17.839359,50,332.160598
-15.846507,50,332.201655
-9.346207,50,332.241389
-20.041599,50,332.281367
-21.440726,50,332.316774
-12.011153,50,332.356308
-10.092924,50,332.393043
-11.636622,50,332.432613
-20.851365,50,332.471826
-20.513582,50,332.510181
-18.161434,50,332.548658
-13.136543,50,332.587619
-15.837902,50,332.630692
-19.110864,50,332.669117
-15.773203,50,332.708106
-9.558905,50,332.748048
-11.082647,50,332.790305
-16.214231,50,332.827535
-18.323349,50,332.867652
-19.617023,50,332.906051
-12.155163,50,332.945634
-15.23884,50,332.985811
-14.53541,50,333.024478
-8.453943,50,333.062656
-10.326599,50,333.104652
-15.118211,50,333.145925
-12.448084,50,333.18612
-6.244213,50,333.222833
-7.853607,50,333.262579
-15.612312,50,333.301634
-13.648844,50,333.342441
-18.004399,50,333.382198
-15.007662,50,333.424355
-14.368342,50,333.460052
-11.500056,50,333.49871
-8.479247,50,333.540423
-18.637621,50,333.578108
-22.032483,50,334.321092
-13.078582,50,334.359664
-16.748088,50,334.400608
-4.775413,50,334.440559
-11.485243,50,334.481175
-19.294948,50,334.521847
-10.730661,50,334.56091
-4.354605,50,334.600301
-9.628043,50,334.644201
-12.030904,50,334.682844
-20.682624,50,334.720317
-8.422376,50,334.759965
-21.005032,50,334.798657
-9.346164,50,334.836492
-12.889026,50,334.875792
-19.104835,50,334.914636
-5.975294,50,334.954764
-16.596036,50,334.993669
-11.170194,50,335.034609
-17.928974,50,335.07264
-9.711436,50,335.115707
-16.031696,50,335.15484
-12.199195,50,335.196688
-19.506103,50,335.234648
-6.811196,50,335.273845
-8.004633,50,335.301157
-19.576354,50,335.342964
-17.570884,50,335.38425
-20.602216,50,335.424515
-9.03253,50,335.462406
-11.220772,50,335.500541
-14.788778,50,335.539701
-18.660508,50,335.579319
-8.544313,50,335.61842
-6.94168,50,335.658751
-12.750328,50,335.698493
-5.584175,50,335.736639
-15.524753,50,335.77581
-18.223681,50,335.812218
-18.374096,50,335.850907
-20.93195,50,335.888539
-12.888082,50,336.59057
-5.454716,50,336.634893
-12.686224,50,336.672484
-17.78553,50,336.715557
-12.197832,50,336.758186
-8.657931,50,336.801379
-10.302161,50,336.844362
-7.621898,50,336.883308
-7.43105,50,336.923255
-15.738012,50,336.961695
-12.450153,50,337.003053
-8.482332,50,337.041536
-7.50674,50,337.08042
-14.498467,50,337.122201
-21.696428,50,337.162804
-9.889539,50,337.20167
-15.568129,50,337.243406
-13.761881,50,337.285549
-15.704068,50,337.328163
-9.212075,50,337.368272
-7.859388,50,337.405568
-18.118673,50,337.447415
-16.869157,50,337.485655
-12.126388,50,337.524672
-15.814988,50,337.563112
-16.796568,50,337.60274
-18.332047,50,337.641685
-12.201976,50,337.680407
-3.000394,50,337.714029
-13.525272,50,337.733931
-7.77059,50,337.753808
-8.871818,50,337.775571
-12.921242,50,337.81891
-12.237288,50,337.856443
-6.387925,50,337.900558
-9.864563,50,337.941672
-5.271552,50,337.981785
-6.899429,50,338.025896
-11.245426,50,338.064672
-13.53604,50,338.104351
-16.919491,50,338.141253
-9.238948,50,338.720897
-5.520997,50,338.760557
-13.554417,50,338.800256
-16.952351,50,338.84023
-7.97036,50,338.878909
-18.024337,50,338.918013
-15.958278,50,338.954475
-14.004766,50,338.994169
-17.58007,50,339.032079
-16.148186,50,339.07314
-19.571643,50,339.111807
-12.318127,50,339.150195
-13.884515,50,339.186224
-21.154991,50,339.22428
-21.332485,50,339.263458
-15.644808,50,339.302066
-8.007504,50,339.341672
-3.424734,50,339.381373
-12.984496,50,339.419402
-7.032949,50,339.463318
-13.201118,50,339.501474
-13.6728,50,339.54086
-18.506776,50,339.578736
-17.366474,50,339.621749
-17.322145,50,339.661879
-16.956988,50,339.698096
-13.480231,50,339.738023
-18.48224,50,339.776442
-17.243911,50,339.816417
-15.970991,50,339.85584
-7.44644,50,339.894935
-17.918175,50,339.934575
-19.792758,50,339.973334
-8.628716,50,340.012627
-16.017444,50,340.051905
-14.370433,50,340.088521
-15.665657,50,340.128675
-14.914044,50,340.166449
-6.332314,50,340.207787
-9.077243,50,340.248829
-13.98459,50,340.292341
-20.60887,50,340.847008
-11.575719,50,340.888782
-16.987258,50,340.923768
-8.0886,50,340.965205
-16.703473,50,341.002803
-17.334976,50,341.044456
-12.665317,50,341.081767
-12.941411,50,341.118773
-10.88014,50,341.158361
-16.227458,50,341.197134
-6.506424,50,341.238311
-20.950997,50,341.278868
-11.269489,50,341.31573
-13.651067,50,341.343558
-14.685516,50,341.379465
-8.767605,50,341.419644
-19.511666,50,341.460615
-11.711893,50,341.499754
-7.882704,50,341.539761
-11.849991,50,341.571107
-6.42323,50,341.617552
-18.992868,50,341.657232
-13.740411,50,341.696752
-6.525473,50,341.738616
-11.144597,50,341.780342
-14.999776,50,341.821766
-16.698886,50,341.861341
-11.679942,50,341.902387
-10.910915,50,341.943187
-11.002954,50,341.985693
-14.124166,50,342.023511
-8.419217,50,342.065269
-14.612616,50,342.102181
-9.047002,50,342.143647
-13.803055,50,342.18239
-12.570932,50,342.225178
-16.607673,50,342.265638
-8.66829,50,342.304747
-16.977691,50,342.345583
-8.686783,50,342.383126
-17.818951,50,342.423877
-13.292534,50,343.105615
-16.069892,50,343.149321
-8.3311,50,343.186625
-11.451235,50,343.229173
-9.564171,50,343.266223
-10.291749,50,343.306446
-13.537692,50,343.346375
-13.585033,50,343.386694
-17.243201,50,343.427458
-18.881632,50,343.466854
-10.569164,50,343.50539
-8.624824,50,343.544848
-17.081477,50,343.585252
-6.61038,50,343.623697
-8.312807,50,343.659796
-13.056687,50,343.700148
-3.5027,50,343.739567
-10.083657,50,343.780746
-13.13263,50,343.820678
-13.207497,50,343.859797
-17.166158,50,343.899442
-12.548673,50,343.939588
-21.284787,50,343.981292
-15.131245,50,344.020116
-17.399823,50,344.060028
-16.23873,50,344.097785
-15.044496,50,344.137714
-8.207981,50,344.178982
-8.392834,50,344.217746
-18.109239,50,344.260922
-12.245858,50,344.299368
-21.0258,50,344.341676
-9.550045,50,344.381853
-13.239827,50,344.41838
-9.912895,50,344.455896
-16.600407,50,344.497792
-15.015477,50,344.533675
-13.669506,50,344.573367
-10.593556,50,344.610506
-13.036783,50,344.650613
-12.178282,50,344.690986
-16.649665,50,345.441863
-14.82231,50,345.47945
-19.953146,50,345.520713
-12.913138,50,345.559825
-16.282535,50,345.586137
-16.19911,50,345.629282
-9.41086,50,345.666238
-10.655074,50,345.705626
-13.100589,50,345.740829
-12.243838,50,345.778888
-10.148522,50,345.818165
-16.099391,50,345.855963
-5.088328,50,345.892489
-16.416429,50,345.934412
-16.655078,50,345.973342
-9.701082,50,346.014547
-14.696765,50,346.055537
-9.190447,50,346.093935
-7.750773,50,346.135073
-5.565217,50,346.175556
-15.124837,50,346.214424
-6.248047,50,346.254016
-9.073714,50,346.290317
-20.675772,50,346.328653
-18.104985,50,346.369304
-13.227097,50,346.405822
-16.970384,50,346.444078
-5.87518,50,346.486478
-9.608988,50,346.524285
-19.667702,50,346.564586
-7.717373,50,346.605012
-16.8599,50,346.642262
-9.30066,50,346.684664
-6.858496,50,346.726827
-13.246654,50,346.762438
-8.809762,50,346.802605
-18.697347,50,346.842754
-19.485634,50,346.884856
-10.852402,50,346.921686
-20.432803,50,346.96566
-8.207884,50,347.005222
-20.524492,50,347.89749
-20.463482,50,347.936146
-14.515075,50,347.976508
-13.174899,50,348.018186
-18.134319,50,348.05606
-9.903732,50,348.093637
-15.844706,50,348.131694
-12.30389,50,348.169426
-15.676307,50,348.207972
-8.673276,50,348.248591
-7.342645,50,348.289422
-18.852258,50,348.328552
-11.27582,50,348.368961
-8.999154,50,348.403551
-6.125282,50,348.445608
-16.582377,50,348.485505
-20.295375,50,348.525948
-9.774154,50,348.56589
-12.908333,50,348.602676
-17.247507,50,348.647797
-17.518405,50,348.686811
-18.85884,50,348.724234
-7.92312,50,348.764535
-15.185896,50,348.801579
-13.011346,50,348.843599
-15.791156,50,348.882777
-19.22262,50,348.919135
-18.734232,50,348.958889
-10.366975,50,348.997405
-8.066813,50,349.038607
-17.39646,50,349.078462
-15.100268,50,349.11757
-18.197991,50,349.157395
-3.355072,50,349.19335
-7.242377,50,349.234642
-13.548311,50,349.274178
-13.977701,50,349.315486
-6.275455,50,349.35316
-5.056593,50,349.391834
-17.2643,50,349.432385
-17.932822,50,349.47044
-5.032051,50,350.188212
-14.037945,50,350.228261
-9.726288,50,350.267171
-19.583392,50,350.307273
-16.781894,50,350.345964
-6.356005,50,350.385406
-15.535719,50,350.413382
-10.216406,50,350.447767
-20.827486,50,350.488718
-3.056607,50,350.527791
-14.915844,50,350.566026
-10.164357,50,350.603457
-18.761093,50,350.641716
-17.614011,50,350.683499
-9.380411,50,350.72181
-19.55631,50,350.763355
-14.661913,50,350.801678
-13.152685,50,350.838341
-10.877721,50,350.878776
-13.85549,50,350.91991
-15.780044,50,350.959595
-15.597528,50,350.99979
-7.92767,50,351.039444
-11.463382,50,351.07935
-13.700351,50,351.119247
-9.101829,50,351.153785
-18.109413,50,351.193781
-17.995261,50,351.231959
-17.433307,50,351.273194
-10.817595,50,351.312495
-18.487625,50,351.351771
-16.386081,50,351.392485
-16.305114,50,351.430666
-8.223706,50,351.470989
-14.242988,50,351.511129
-7.227468,50,351.543692
-16.419869,50,351.583224
-7.834524,50,351.622824
-21.838862,50,351.662301
-10.051242,50,351.702523
-17.332227,50,352.394885
-18.234757,50,352.421502
-7.068984,50,352.463157
-16.070701,50,352.49949
-15.08536,50,352.539742
-9.306653,50,352.581354
-11.370801,50,352.618632
-19.126556,50,352.659647
-10.357536,50,352.700836
-17.385707,50,352.740146
-14.427365,50,352.780592
-13.47328,50,352.8205
-7.284866,50,352.860546
-19.217801,50,352.902126
-9.995766,50,352.940926
-3.459959,50,352.981807
-16.771592,50,353.020671
-2.785165,50,353.058991
-13.086864,50,353.098406
-5.372804,50,353.135885
-17.125445,50,353.173832
-17.15633,50,353.211504
-13.459332,50,353.248575
-12.578956,50,353.287609
-10.329279,50,353.328923
-14.546378,50,353.365839
-3.330128,50,353.406367
-7.677827,50,353.44417
-15.054736,50,353.485668
-15.275841,50,353.527084
-6.876177,50,353.568553
-15.324201,50,353.609406
-9.806737,50,353.648482
-15.282592,50,353.685323
-15.522498,50,353.72685
-14.864684,50,353.768249
-9.247229,50,353.808964
-13.75581,50,353.848384
-14.281234,50,353.887346
-16.857208,50,353.930355
-8.941274,50,353.970371
-11.23847,50,354.8555
-12.745786,50,354.893469
-18.462849,50,354.932627
-5.094253,50,354.97452
-16.705996,50,355.010381
-6.488895,50,355.045431
-17.896073,50,355.085915
-18.581845,50,355.120996
-3.53954,50,355.161743
-16.308812,50,355.200187
-19.572724,50,355.236547
-19.266927,50,355.279724
-11.625325,50,355.317116
-7.285604,50,355.355211
-6.706794,50,355.396367
-17.578387,50,355.433208
-19.474479,50,355.475351
-11.271063,50,355.512816
-8.694933,50,355.551662
-12.579435,50,355.589174
-11.176965,50,355.626751
-18.382154,50,355.668102
-7.110893,50,355.704484
-8.888361,50,355.741787
-20.847363,50,355.782167
-13.360541,50,355.81724
-6.31132,50,355.837364
-16.622335,50,355.857478
-13.241041,50,355.882177
-15.965632,50,355.923753
-13.499626,50,355.964161
-12.8945,50,356.005921
-13.769163,50,356.046668
-21.403816,50,356.083882
-20.038584,50,356.122711
-12.923007,50,356.16381
-13.981081,50,356.20247
-4.702229,50,356.241946
-19.939939,50,356.2784
-14.347456,50,356.321108
-17.986891,50,356.361647
-13.025118,50,357.312955
-4.371109,50,357.354159
-13.954351,50,357.394804
-16.216288,50,357.432808
-21.157064,50,357.471986
-15.10771,50,357.515463
-19.230478,50,357.553963
-10.821554,50,357.592778
-8.991256,50,357.635072
-11.855279,50,357.670293
-12.907831,50,357.712809
-11.159944,50,357.751502
-11.649605,50,357.792588
-8.764378,50,357.832867
-6.414344,50,357.872499
-14.74505,50,357.911864
-20.223822,50,357.950142
-17.778183,50,357.989423
-3.770144,50,358.027292
-19.491631,50,358.068628
-7.618668,50,358.105511
-12.655002,50,358.147943
-10.979213,50,358.189444
-20.293755,50,358.226874
-18.828806,50,358.265188
-7.827212,50,358.306054
-16.428901,50,358.347508
-8.175444,50,358.387078
-18.454662,50,358.425503
-16.114456,50,358.464785
-15.039688,50,358.502886
-10.594901,50,358.542054
-7.631897,50,358.584928
-14.583575,50,358.623762
-13.356456,50,358.664171
-7.577102,50,358.703606
-7.559934,50,358.739603
-15.462889,50,358.780451
-13.618147,50,358.81866
-9.046891,50,358.859666
-19.353898,50,358.898971
-14.284057,50,359.688853
-10.926202,50,359.729151
-20.660317,50,359.767504
-14.332118,50,359.806805
-2.72755,50,359.848122
-7.736604,50,359.888106
-9.877059,50,359.925875
-15.708303,50,359.966218
-12.341013,50,360.00542
-2.239455,50,360.045466
-14.141234,50,360.084298
-6.025795,50,360.125007
-15.06836,50,360.16379
-9.900623,50,360.205569
-13.59018,50,360.244177
-4.933377,50,360.285386
-13.032384,50,360.326598
-5.951571,50,360.36349
-14.397655,50,360.401618
-15.73477,50,360.439318
-15.013285,50,360.47915
-16.258564,50,360.515675
-20.957877,50,360.557369
-15.353641,50,360.596122
-4.240147,50,360.635622
-6.890311,50,360.67568
-19.156401,50,360.715954
-15.394712,50,360.756332
-16.196097,50,360.793539
-5.74808,50,360.831303
-19.010193,50,360.87051
-13.725562,50,360.909062
-21.430776,50,360.948599
-9.318337,50,360.988965
-16.031882,50,361.030219
-18.895035,50,361.070203
-13.59654,50,361.107314
-10.528489,50,361.146243
-11.505819,50,361.185821
-16.722815,50,361.225227
-18.403047,50,361.265144
-10.027617,50,362.235194
-10.31673,50,362.275725
-8.545427,50,362.317095
-14.544155,50,362.35555
-17.669293,50,362.395315
-12.225893,50,362.43275
-19.515615,50,362.473323
-7.631141,50,362.513098
-20.726603,50,362.549719
-11.312407,50,362.588735
-8.069686,50,362.628038
-14.797945,50,362.664614
-13.947666,50,362.70574
-11.636169,50,362.744328
-19.622869,50,362.783324
-5.176191,50,362.825115
-10.906548,50,362.861943
-6.674339,50,362.900666
-13.810663,50,362.942362
-8.230188,50,362.981858
-12.482119,50,363.019163
-2.883623,50,363.055668
-3.770015,50,363.097607
-6.305633,50,363.138909
-15.820797,50,363.17327
-10.188224,50,363.213991
-13.97733,50,363.25129
-19.574366,50,363.287308
-11.457897,50,363.327376
-6.271585,50,363.364157
-6.319711,50,363.407298
-7.874538,50,363.44627
-15.310752,50,363.484404
-15.351878,50,363.522649
-9.000059,50,363.563286
-11.669325,50,363.603235
-17.038665,50,363.641047
-18.274945,50,363.677972
-19.20094,50,363.716239
-12.252395,50,363.755653
-16.590203,50,363.793497
-6.491527,50,364.519664
-18.461318,50,364.558594
-11.332423,50,364.597723
-21.374183,50,364.641224
-17.678549,50,364.681673
-10.844776,50,364.719834
-9.036336,50,364.759508
-16.676001,50,364.80119
-11.683659,50,364.839396
-8.685036,50,364.878458
-17.969915,50,364.916849
-19.685892,50,364.954246
-7.587669,50,364.994735
-19.056281,50,365.035296
-15.178531,50,365.073457
-15.015515,50,365.111453
-15.205811,50,365.150002
-8.521433,50,365.189346
-15.587983,50,365.230593
-16.800191,50,365.268729
-8.76638,50,365.308761
-18.608595,50,365.348462
-19.71595,50,365.386695
-8.731894,50,365.421712
-12.788497,50,365.46223
-8.611698,50,365.503732
-16.270196,50,365.540563
-6.691563,50,365.580207
-19.85046,50,365.617674
-15.893731,50,365.657583
-18.003681,50,365.697347
-21.50135,50,365.732177
-13.627749,50,365.772346
-18.78608,50,365.810443
-8.99549,50,365.849083
-14.076567,50,365.890311
-9.563362,50,365.92982
-4.336237,50,365.968
-14.866448,50,366.008615
-13.796343,50,366.045796
-8.292446,50,366.084068
-18.718757,50,366.791638
-18.115604,50,366.825833
-6.582079,50,366.867546
-15.548049,50,366.903097
-6.218699,50,366.939766
-12.687658,50,366.980849
-14.029659,50,367.023359
-11.863185,50,367.06132
-21.172221,50,367.10059
-9.938511,50,367.138944
-15.286661,50,367.176607
-7.356113,50,367.215031
-11.380168,50,367.25369
-11.16756,50,367.294099
-3.044031,50,367.33389
-15.263835,50,367.373285
-5.781353,50,367.413327
-12.592793,50,367.455077
-17.835669,50,367.492586
-18.221357,50,367.531399
-19.919598,50,367.569533
-18.413048,50,367.6102
-4.290995,50,367.64918
-12.313805,50,367.68526
-13.436928,50,367.723077
-14.674533,50,367.762003
-18.499408,50,367.801709
-7.710967,50,367.842538
-21.433638,50,367.879917
-17.307666,50,367.918718
-6.945521,50,367.957404
-12.898514,50,367.993273
-13.79767,50,368.034591
-13.150518,50,368.07454
-3.592325,50,368.113154
-13.489631,50,368.149168
-11.60353,50,368.188894
-3.537775,50,368.229009
-14.451359,50,368.269064
-8.182876,50,368.307548
-11.448246,50,368.349405
-10.33276,50,369.068556
-14.815875,50,369.103796
-18.117808,50,369.14422
-14.307588,50,369.185202
-13.036491,50,369.225404
-19.954288,50,369.264028
-9.842006,50,369.301835
-13.506526,50,369.344171
-4.577141,50,369.38514
-10.787894,50,369.41617
-15.905669,50,369.441267
-7.04482,50,369.483882
-15.938592,50,369.523053
-6.015443,50,369.560862
-9.387711,50,369.60253
-18.872969,50,369.639316
-14.958296,50,369.677932
-13.738247,50,369.717255
-9.715014,50,369.757779
-14.835737,50,369.799779
-6.633751,50,369.837819
-11.703115,50,369.876338
-7.629447,50,369.915937
-10.470193,50,369.954183
-14.161316,50,369.994907
-17.585634,50,370.033689
-18.96583,50,370.072087
-15.141017,50,370.112336
-5.616222,50,370.154197
-11.952366,50,370.194159
-8.137522,50,370.230365
-10.100313,50,370.271502
-8.138217,50,370.313118
-3.713577,50,370.352226
-8.291108,50,370.391329
-21.464511,50,370.431198
-14.847761,50,370.47273
-20.325566,50,370.512047
-8.196612,50,370.5503
-11.311448,50,370.588835
-19.101286,50,370.631639
-6.635175,50,371.410942
-8.734183,50,371.449867
-13.902334,50,371.488658
-6.660158,50,371.526687
-20.413045,50,371.567151
-3.892926,50,371.606657
-19.172659,50,371.644381
-18.472535,50,371.685454
-6.309952,50,371.723643
-11.57724,50,371.763617
-21.016303,50,371.802854
-13.566698,50,371.842405
-5.360062,50,371.883101
-16.829792,50,371.92379
-7.638285,50,371.962809
-9.335769,50,372.001928
-7.87009,50,372.041102
-13.250722,50,372.080403
-11.763385,50,372.108484
-10.993487,50,372.150997
-20.072532,50,372.191053
-7.434095,50,372.232864
-16.383684,50,372.273998
-3.80804,50,372.3108
-12.113448,50,372.351205
-15.331609,50,372.388497
-17.493907,50,372.428692
-13.596597,50,372.469989
-5.420405,50,372.509164
-6.615152,50,372.55075
-8.120191,50,372.590297
-14.173633,50,372.627959
-12.242115,50,372.666583
-6.230983,50,372.706766
-5.540867,50,372.742773
-19.84598,50,372.785689
-21.318395,50,372.822405
-20.407737,50,372.864786
-14.614397,50,372.902094
-8.447116,50,372.940158
-19.292465,50,372.982852
-8.746864,50,373.628212
-13.370378,50,373.667624
-15.769799,50,373.708243
-16.736137,50,373.743039
-12.400442,50,373.78289
-5.702055,50,373.822298
-19.562458,50,373.859501
-12.048152,50,373.901152
-8.985838,50,373.938583
-15.250944,50,373.97577
-10.107334,50,374.017905
-7.210264,50,374.058045
-15.993236,50,374.100002
-12.318827,50,374.139271
-21.241594,50,374.177871
-17.474547,50,374.218747
-21.262259,50,374.257089
-9.583016,50,374.295443
-16.373012,50,374.3372
-17.89872,50,374.374562
-14.570159,50,374.413227
-20.472022,50,374.453598
-5.268425,50,374.493226
-16.786391,50,374.534414
-17.179785,50,374.574118
-18.964011,50,374.611363
-6.475467,50,374.650545
-17.499403,50,374.68757
-12.143034,50,374.728459
-13.491384,50,374.769822
-18.071383,50,374.808283
-18.413789,50,374.846757
-10.928243,50,374.8885
-12.171532,50,374.926656
-8.96257,50,374.966666
-13.748489,50,375.00469
-10.09007,50,375.044363
-15.27889,50,375.083574
-11.080834,50,375.122386
-21.094504,50,375.163952
-21.316764,50,375.204681
-20.931972,50,375.928924
-17.222711,50,375.969445
-5.478259,50,376.009362
-21.305992,50,376.048216
-14.08201,50,376.08762
-4.844047,50,376.128771
-6.738334,50,376.167862
-9.425054,50,376.205757
-16.872294,50,376.246169
-4.267646,50,376.28499
-12.790065,50,376.32383
-5.736587,50,376.363507
-16.365928,50,376.40601
-14.182864,50,376.448266
-12.588551,50,376.485702
-12.636553,50,376.524603
-11.544885,50,376.565537
-21.965888,50,376.605926
-15.304378,50,376.640252
-7.354569,50,376.681564
-6.206789,50,376.723001
-8.960994,50,376.760507
-21.057476,50,376.798714
-11.440839,50,376.83691
-15.557512,50,376.876576
-7.802652,50,376.915818
-5.149258,50,376.955034
-16.813147,50,376.992669
-16.528608,50,377.032986
-14.208428,50,377.071684
-13.322327,50,377.112916
-10.996709,50,377.150455
-7.010964,50,377.185666
-13.458988,50,377.221908
-7.016102,50,377.249816
-20.587396,50,377.293291
-5.995726,50,377.33319
-8.574348,50,377.369778
-17.262104,50,377.409763
-10.881203,50,377.450006
-19.185619,50,377.489132
-18.514711,50,378.480297
-7.494203,50,378.522896
-2.86589,50,378.560494
-4.749672,50,378.603147
-16.118621,50,378.642024
-15.529792,50,378.684556
-4.376276,50,378.722618
-13.639504,50,378.765957
-20.89805,50,378.805276
-11.881103,50,378.849289
-4.207201,50,378.885846
-20.446424,50,378.926779
-10.017167,50,378.967242
-16.435629,50,379.00817
-11.633149,50,379.047597
-19.84855,50,379.088434
-5.749061,50,379.126672
-12.244506,50,379.164673
-13.554821,50,379.205314
-13.420217,50,379.245723
-22.137218,50,379.282834
-12.341965,50,379.323689
-12.63713,50,379.364789
-10.407805,50,379.404604
-14.180208,50,379.44531
-14.154432,50,379.486678
-19.961181,50,379.525774
-17.233908,50,379.565547
-7.31118,50,379.606218
-12.689407,50,379.644732
-16.623445,50,379.684026
-15.554659,50,379.723305
-20.369916,50,379.762323
-15.621203,50,379.801213
-13.383943,50,379.840784
-19.529797,50,379.878895
-16.246597,50,379.921015
-20.904726,50,379.959819
-17.135878,50,379.999792
-4.72551,50,380.039975
-14.381445,50,380.076976
-10.041896,50,380.82923
-16.451105,50,380.869504
-4.238989,50,380.908141
-11.982815,50,380.947282
-8.327463,50,380.989133
-16.119852,50,381.028342
-5.224687,50,381.067217
-9.605512,50,381.107541
-17.689924,50,381.146599
-12.789637,50,381.187649
-19.182916,50,381.228
-17.237546,50,381.265778
-19.144577,50,381.308285
-14.922477,50,381.345051
-11.800739,50,381.386755
-18.842682,50,381.425874
-9.431969,50,381.465746
-18.252496,50,381.506042
-5.327666,50,381.544094
-15.802431,50,381.584477
-14.894765,50,381.620961
-12.972975,50,381.663843
-15.905122,50,381.703464
-12.860959,50,381.742801
-18.388614,50,381.781296
-11.477353,50,381.817699
-15.47819,50,381.860661
-18.704146,50,381.902183
-5.009991,50,381.939937
-14.282882,50,381.978758
-16.619601,50,382.02047
-15.981297,50,382.062163
-18.246997,50,382.102125
-8.469932,50,382.139067
-20.260044,50,382.176608
-6.822702,50,382.216665
-21.176654,50,382.254862
-6.889732,50,382.294907
-8.194246,50,382.332605
-6.248861,50,382.372084
-10.546907,50,382.412042
-9.234142,50,383.126498
-9.160466,50,383.16581
-15.532753,50,383.204101
-14.719995,50,383.245351
-12.798852,50,383.282207
-14.07795,50,383.322076
-16.54131,50,383.360736
-16.194012,50,383.397344
-10.904873,50,383.43839
-15.263034,50,383.478742
-5.918972,50,383.518327
-16.837735,50,383.557145
-5.521671,50,383.596672
-17.985916,50,383.639471
-9.961341,50,383.677625
-14.520748,50,383.716883
-17.255722,50,383.758381
-7.43749,50,383.792799
-10.042206,50,383.833848
-8.689081,50,383.871716
-8.073412,50,383.912371
-12.515434,50,383.953354
-7.044879,50,383.989549
-16.814744,50,384.030585
-17.876571,50,384.070264
-5.770427,50,384.10678
-18.170144,50,384.148012
-16.185472,50,384.185011
-20.313345,50,384.223594
-17.386475,50,384.263321
-7.538615,50,384.301063
-13.601088,50,384.337541
-18.915729,50,384.37664
-18.512297,50,384.415681
-14.977188,50,384.452652
-9.893411,50,384.495158
-17.95055,50,384.535577
-18.498884,50,384.575427
-6.955085,50,384.616693
-18.755607,50,384.65467
-12.536573,50,384.692946
-12.526863,50,385.390116
-17.444395,50,385.430565
-10.502349,50,385.472121
-12.498183,50,385.51091
-15.992681,50,385.552927
-8.676552,50,385.592328
-4.899576,50,385.628191
-19.813673,50,385.668019
-20.498937,50,385.708811
-10.688468,50,385.74634
-9.812107,50,385.78769
-19.395543,50,385.826471
-7.723493,50,385.866785
-9.232827,50,385.906221
-13.278562,50,385.944608
-13.18223,50,385.986499
-2.73589,50,386.026426
-16.889692,50,386.067152
-6.231548,50,386.105258
-9.513053,50,386.146624
-13.967109,50,386.185416
-17.13827,50,386.223542
-9.523913,50,386.26477
-6.926294,50,386.300507
-17.465386,50,386.341853
-7.186551,50,386.381469
-13.631662,50,386.419836
-10.465118,50,386.459493
-12.469521,50,386.497665
-14.540909,50,386.535894
-10.167693,50,386.575321
-10.839315,50,386.610763
-4.925602,50,386.654513
-14.356285,50,386.695256
-20.143901,50,386.73427
-13.807365,50,386.774803
-15.492067,50,386.814327
-2.543827,50,386.852925
-16.545616,50,386.891608
-17.809698,50,386.932196
-20.332349,50,386.972583
-17.288377,50,387.71956
-15.605053,50,387.75677
-17.674703,50,387.796031
-6.995163,50,387.83516
-16.198953,50,387.871547
-12.488593,50,387.914195
-21.196305,50,387.951263
-6.522594,50,387.989609
-21.275156,50,388.028614
-19.973604,50,388.056896
-10.45296,50,388.077
-17.890366,50,388.097087
-18.318522,50,388.117105
-18.549403,50,388.13718
-17.518918,50,388.157769
-14.534658,50,388.177858
-18.174207,50,388.205127
-19.313176,50,388.246901
-9.175242,50,388.287705
-13.957606,50,388.325209
-6.44055,50,388.366475
-12.018081,50,388.404072
-19.168798,50,388.448741
-8.976068,50,388.48922
-15.658847,50,388.527849
-19.469529,50,388.565621
-17.357573,50,388.602422
-19.664003,50,388.644982
-18.631454,50,388.685483
-17.233104,50,388.726624
-19.064833,50,388.768376
-6.558751,50,388.805382
-7.664037,50,388.844967
-14.491427,50,388.884
-20.609499,50,388.924792
-20.990892,50,388.963528
-16.174904,50,389.002338
-19.940475,50,389.043169
-18.923784,50,389.080673
-18.289422,50,389.121375
-12.233445,50,389.160187
-12.2455,50,389.987643
-20.925496,50,390.023854
-17.927142,50,390.063478
-16.125459,50,390.101749
-20.164711,50,390.146075
-5.869547,50,390.184476
-9.698558,50,390.227067
-5.237041,50,390.267333
-14.556162,50,390.309342
-6.245936,50,390.352734
-20.576418,50,390.393903
-7.19365,50,390.433389
-5.862049,50,390.469816
-18.464426,50,390.50907
-12.833496,50,390.546974
-5.460403,50,390.581838
-7.958293,50,390.622299
-19.856051,50,390.660285
-5.598576,50,390.700522
-13.275399,50,390.73216
-7.269282,50,390.759221
-13.643474,50,390.802889
-11.398231,50,390.842504
-17.39022,50,390.883077
-9.246473,50,390.924009
-20.906866,50,390.963109
-9.029187,50,390.999337
-18.071783,50,391.041094
-11.936382,50,391.079157
-8.994026,50,391.117319
-16.708207,50,391.155873
-14.650307,50,391.196171
-19.424312,50,391.23159
-5.540014,50,391.270422
-17.79891,50,391.309833
-2.484286,50,391.348857
-9.822257,50,391.388259
-20.874727,50,391.42885
-8.376293,50,391.469671
-5.373456,50,391.507183
-14.910882,50,391.549224
-10.688963,50,392.278411
-16.231065,50,392.31847
-17.314322,50,392.357785
-14.996142,50,392.398716
-11.019618,50,392.438227
-19.364674,50,392.476933
-21.066758,50,392.517087
-20.727279,50,392.559219
-12.919562,50,392.596477
-9.174957,50,392.634703
-14.430261,50,392.676395
-19.417907,50,392.712084
-12.42341,50,392.754105
-16.368108,50,392.793526
-14.519484,50,392.835335
-11.286054,50,392.87366
-12.262467,50,392.913565
-16.829895,50,392.954721
-8.737687,50,392.992092
-13.186847,50,393.031301
-15.43882,50,393.072135
-11.377291,50,393.105957
-18.097904,50,393.148324
-8.519804,50,393.190524
-8.389136,50,393.230325
-21.902044,50,393.268893
-15.138516,50,393.308709
-18.35777,50,393.348572
-20.802126,50,393.3874
-10.182154,50,393.427703
-10.793732,50,393.46807
-2.645003,50,393.507126
-21.499185,50,393.543808
-13.623261,50,393.584846
-15.142764,50,393.625493
-11.705162,50,393.666031
-16.709891,50,393.705489
-16.868269,50,393.746626
-10.365088,50,393.787678
-17.190801,50,393.825002
-13.396724,50,393.866555
-16.706852,50,394.616622
-14.672,50,394.660422
-16.2602,50,394.697701
-10.19804,50,394.739685
-16.996961,50,394.779867
-6.762202,50,394.818005
-14.130871,50,394.857721
-6.861772,50,394.8982
-12.97963,50,394.936576
-8.577616,50,394.97569
-17.287361,50,395.015668
-15.799577,50,395.05667
-9.9931,50,395.0955
-15.891314,50,395.137515
-6.774309,50,395.176841
-12.67478,50,395.215458
-9.816887,50,395.254675
-13.637359,50,395.296075
-4.234872,50,395.33487
-14.923976,50,395.373761
-12.562746,50,395.413982
-20.097898,50,395.453951
-7.265004,50,395.495246
-20.975121,50,395.533819
-14.368841,50,395.573925
-5.187691,50,395.611444
-6.97426,50,395.655985
-6.422017,50,395.695668
-5.877957,50,395.735278
-8.44823,50,395.775394
-9.974068,50,395.814499
-19.641589,50,395.853897
-9.256564,50,395.892759
-17.683827,50,395.930219
-13.77127,50,395.969027
-8.011697,50,396.008619
-10.776447,50,396.047297
-14.863506,50,396.084423
-3.155119,50,396.120277
-15.436883,50,396.159317
-7.860607,50,396.197629
-6.339504,50,397.058834
-5.804913,50,397.095695
-14.179953,50,397.136134
-10.601501,50,397.174355
-9.943734,50,397.211319
-5.911552,50,397.251388
-10.153027,50,397.291294
-11.0504,50,397.331792
-19.356645,50,397.370867
-17.664466,50,397.409536
-16.511033,50,397.449009
-14.429493,50,397.490454
-12.413817,50,397.525614
-7.778389,50,397.564875
-14.699765,50,397.603465
-15.286143,50,397.643633
-17.818265,50,397.684199
-19.113152,50,397.720279
-17.457763,50,397.760496
-14.067045,50,397.801072
-16.997883,50,397.836602
-15.082453,50,397.879309
-3.817927,50,397.918071
-19.434522,50,397.957575
-5.369705,50,398.00072
-14.804608,50,398.037445
-4.767221,50,398.07771
-15.835322,50,398.115219
-18.268974,50,398.153736
-9.529516,50,398.193216
-13.806398,50,398.233995
-10.556545,50,398.272592
-10.111916,50,398.312353
-14.877503,50,398.352082
-9.232312,50,398.392797
-10.308754,50,398.431559
-14.781683,50,398.458568
-17.790779,50,398.502549
-9.522589,50,398.541663
-19.053624,50,398.581104
-5.623332,50,398.624785
-17.381089,50,399.526481
-17.979987,50,399.564077
-2.866288,50,399.603704
-18.739379,50,399.643543
-6.631892,50,399.683535
-8.013506,50,399.722367
-20.542429,50,399.766571
-16.166499,50,399.804891
-8.711504,50,399.845055
-17.415354,50,399.880788
-8.489865,50,399.920658
-17.021783,50,399.958598
-17.739304,50,399.995598
-15.109517,50,400.033227
-14.13241,50,400.072094
-11.993389,50,400.112739
-16.423465,50,400.154117
-15.834009,50,400.191218
-19.037563,50,400.229729
-2.827313,50,400.266666
-12.374766,50,400.304097
-17.171158,50,400.347336
-4.550185,50,400.384462
-19.490696,50,400.422543
-5.556612,50,400.462634
-20.448032,50,400.504338
-4.383445,50,400.545478
-14.417531,50,400.583126
-9.739731,50,400.624639
-9.104723,50,400.660332
-21.022207,50,400.702315
-12.011864,50,400.740789
-6.507843,50,400.779958
-16.771195,50,400.81694
-10.95006,50,400.858193
-2.648014,50,400.894809
-10.504847,50,400.936491
-14.547393,50,400.979895
-21.302173,50,401.01901
-12.109193,50,401.055505
-16.986372,50,401.094875
-16.722432,50,402.116306
-20.017027,50,402.156186
-8.939869,50,402.19161
-13.577573,50,402.234887
-7.138258,50,402.274405
-15.738225,50,402.313038
-15.430492,50,402.352274
-6.308739,50,402.390913
-17.914666,50,402.419992
-15.174318,50,402.461738
-8.748634,50,402.50265
-12.213877,50,402.54257
-16.637853,50,402.584069
-6.463694,50,402.623307
-18.924746,50,402.66075
-16.142654,50,402.701717
-16.513022,50,402.743378
-17.789531,50,402.782415
-12.02157,50,402.820131
-20.845931,50,402.8598
-4.308517,50,402.899755
-20.874276,50,402.940759
-8.755608,50,402.97956
-9.935226,50,403.020677
-11.674215,50,403.058953
-18.528708,50,403.099254
-21.226091,50,403.141522
-15.583688,50,403.180242
-3.35952,50,403.220118
-20.337741,50,403.257799
-10.015252,50,403.296496
-10.597724,50,403.335035
-8.671092,50,403.371861
-12.471233,50,403.412759
-5.420142,50,403.450843
-10.170415,50,403.493677
-9.428587,50,403.530701
-20.615111,50,403.566641
-6.421267,50,403.609226
-16.737274,50,403.651765
-3.057593,50,403.687807
-2.702326,50,404.580767
-21.014891,50,404.621262
-16.009701,50,404.664873
-16.003875,50,404.70401
-10.49173,50,404.743523
-7.870764,50,404.785672
-19.713252,50,404.825179
-20.720769,50,404.86478
-17.037701,50,404.903597
-15.441819,50,404.943445
-10.982511,50,404.985732
-19.116191,50,405.024981
-19.686385,50,405.063344
-11.687335,50,405.102767
-19.741127,50,405.14239
-18.938498,50,405.182126
-5.158149,50,405.22231
-10.84446,50,405.262265
-19.606154,50,405.299143
-8.704245,50,405.340044
-14.523907,50,405.378089
-18.027999,50,405.414719
-12.691158,50,405.45156
-13.673545,50,405.491039
-15.511543,50,405.530628
-12.035608,50,405.570529
-10.664851,50,405.606827
-8.121704,50,405.644661
-3.602887,50,405.681589
-5.352001,50,405.720917
-5.317068,50,405.76074
-20.482591,50,405.801123
-10.61279,50,405.839608
-2.671853,50,405.876201
-18.477711,50,405.915551
-11.170612,50,405.955187
-15.452286,50,405.991526
-10.649656,50,406.029066
-15.421347,50,406.067799
-20.527346,50,406.108754
-17.473438,50,406.146272
-15.623505,50,406.864655
-20.495992,50,406.904249
-9.6099,50,406.941575
-13.280622,50,406.981259
-14.034269,50,407.021744
-15.36423,50,407.063543
-6.113722,50,407.102669
-15.994199,50,407.142128
-13.053611,50,407.182047
-19.820401,50,407.222818
-20.842111,50,407.261486
-12.770403,50,407.299793
-13.04828,50,407.339683
-4.206102,50,407.379134
-13.587558,50,407.421422
-17.130439,50,407.459449
-8.846132,50,407.501423
-15.234474,50,407.540962
-21.245743,50,407.578715
-17.149425,50,407.620034
-7.11253,50,407.658337
-8.403438,50,407.695306
-19.498329,50,407.73663
-8.562986,50,407.775042
-15.42202,50,407.815332
-17.709752,50,407.853745
-12.800152,50,407.891904
-18.794576,50,407.930021
-17.013026,50,407.970958
-14.039502,50,408.006194
-3.909995,50,408.045483
-7.363507,50,408.082684
-15.319886,50,408.121975
-12.577827,50,408.162547
-20.791926,50,408.201606
-7.210728,50,408.241443
-10.799478,50,408.281638
-3.094757,50,408.319558
-13.411459,50,408.35752
-7.591757,50,408.401043
-14.979811,50,408.44231
-6.482425,50,409.20722
-12.622899,50,409.244001
-17.352657,50,409.28651
-13.52908,50,409.322966
-14.91515,50,409.361821
-12.254237,50,409.40216
-9.441879,50,409.439649
-16.098286,50,409.479888
-17.167932,50,409.517601
-5.315584,50,409.557184
-9.957137,50,409.595512
-19.804974,50,409.632262
-6.586891,50,409.67451
-12.107326,50,409.713396
-5.631226,50,409.750489
-13.907697,50,409.791344
-17.927877,50,409.830322
-17.056354,50,409.869359
-11.566356,50,409.908509
-15.775068,50,409.947435
-18.959962,50,409.987367
-16.338778,50,410.023118
-13.097002,50,410.063601
-15.330387,50,410.103361
-3.453505,50,410.141472
-12.653283,50,410.18464
-9.293667,50,410.222442
-13.044606,50,410.261744
-16.247537,50,410.300946
-9.268568,50,410.329194
-5.576257,50,410.369571
-14.600567,50,410.407208
-9.262501,50,410.446681
-8.972469,50,410.4848
-12.900171,50,410.525323
-13.27352,50,410.561903
-11.756944,50,410.601669
-9.247235,50,410.640865
-16.258152,50,410.681309
-15.609833,50,410.718336
-18.08032,50,411.406
-15.505092,50,411.441791
-7.841225,50,411.481364
-5.943603,50,411.520672
-8.363701,50,411.563203
-10.248643,50,411.603054
-19.153483,50,411.642806
-4.737162,50,411.682457
-19.048483,50,411.72026
-16.557083,50,411.761797
-13.875651,50,411.801364
-5.03652,50,411.840876
-19.75887,50,411.878674
-19.678506,50,411.9167
-12.993078,50,411.95644
-11.383464,50,411.999361
-18.395989,50,412.039223
-16.832163,50,412.078621
-12.856592,50,412.115554
-16.825646,50,412.155471
-9.440355,50,412.194611
-15.971828,50,412.236114
-19.552829,50,412.276153
-13.293689,50,412.315849
-16.116974,50,412.35761
-16.253349,50,412.395768
-20.094333,50,412.434722
-15.778565,50,412.474799
-15.768716,50,412.51525
-9.477361,50,412.553154
-16.852299,50,412.593518
-8.187562,50,412.631519
-18.928495,50,412.671659
-11.360373,50,412.71229
-13.89679,50,412.754576
-11.790957,50,412.791568
-18.383797,50,412.827602
-2.520792,50,412.871046
-16.708607,50,412.911691
-3.592685,50,412.95205
-14.579819,50,412.991469
-11.872754,50,413.771231
-19.321165,50,413.811152
-19.017748,50,413.85125
-5.211267,50,413.890491
-17.285289,50,413.929043
-12.327588,50,413.966604
-9.006002,50,414.007652
-17.392215,50,414.04949
-17.038725,50,414.088905
-15.34392,50,414.128435
-15.607686,50,414.167186
-14.069091,50,414.205622
-19.852721,50,414.246249
-5.12073,50,414.283208
-6.30062,50,414.323189
-15.839952,50,414.36267
-18.893733,50,414.394664
-14.929008,50,414.426266
-10.612944,50,414.470191
-8.724192,50,414.510224
-19.217547,50,414.551895
-16.613036,50,414.588329
-18.248865,50,414.629587
-13.511087,50,414.666695
-5.821322,50,414.707346
-4.44923,50,414.745476
-17.734779,50,414.784738
-10.899481,50,414.825874
-14.058004,50,414.863895
-20.824837,50,414.903786
-14.778634,50,414.94082
-16.13831,50,414.982779
-18.742888,50,415.021577
-7.896742,50,415.06372
-15.101679,50,415.103863
-15.963343,50,415.14166
-14.100026,50,415.182778
-12.756467,50,415.22026
-19.38809,50,415.259083
-6.210339,50,415.298128
-17.080678,50,415.335624
-10.113441,50,416.316267
-12.551893,50,416.353616
-3.330708,50,416.393207
-12.44678,50,416.433723
-16.093825,50,416.476819
-18.759247,50,416.516131
-9.108487,50,416.540829
-6.302894,50,416.572591
-15.856165,50,416.617163
-17.252066,50,416.65539
-7.085853,50,416.696681
-5.217271,50,416.733163
-18.775883,50,416.77556
-18.021718,50,416.81319
-14.881298,50,416.852993
-8.021976,50,416.892134
-13.081095,50,416.929704
-14.858925,50,416.965876
-13.319546,50,417.006774
-3.761561,50,417.047484
-12.62248,50,417.088637
-12.18231,50,417.124542
-11.968477,50,417.166724
-12.442268,50,417.205089
-18.971726,50,417.246216
-16.662315,50,417.286245
-18.389043,50,417.323007
-16.000654,50,417.366256
-2.453631,50,417.404331
-3.108272,50,417.441604
-16.656609,50,417.480161
-9.547315,50,417.517335
-2.633524,50,417.558482
-18.63957,50,417.599846
-11.343194,50,417.640517
-14.780929,50,417.681565
-17.588734,50,417.723269
-8.244019,50,417.762799
-7.073632,50,417.797866
-10.337017,50,417.837762
-16.962453,50,417.878653
-10.119562,50,418.509952
-14.685379,50,418.549036
-15.845626,50,418.587506
-7.956011,50,418.624987
-16.18946,50,418.662571
-12.417566,50,418.702086
-6.460314,50,418.740257
-10.130361,50,418.781088
-13.742192,50,418.821995
-14.739107,50,418.862384
-3.759305,50,418.900002
-15.269529,50,418.94069
-13.803277,50,418.980376
-10.727361,50,419.020683
-17.226397,50,419.058535
-6.399426,50,419.098233
-19.432469,50,419.137529
-17.257287,50,419.18056
-9.059525,50,419.220477
-11.214801,50,419.260215
-12.9012,50,419.299747
-11.747205,50,419.340796
-15.515021,50,419.381642
-15.224167,50,419.421768
-16.71441,50,419.464067
-6.061739,50,419.506267
-17.307479,50,419.54501
-14.974272,50,419.585603
-20.367963,50,419.622756
-7.421593,50,419.662722
-15.369441,50,419.704012
-19.131702,50,419.744327
-14.25874,50,419.785221
-19.609427,50,419.825517
-18.801233,50,419.864175
-2.829296,50,419.904765
-12.935223,50,419.946448
-8.102176,50,419.981422
-14.135194,50,420.02427
-8.360723,50,420.064446
-10.246412,50,420.102651
-5.946836,50,420.87428
-21.600979,50,420.911225
-20.686562,50,420.949119
-20.99194,50,420.989516
-10.688885,50,421.027686
-8.925417,50,421.064091
-20.407071,50,421.105093
-18.205551,50,421.142756
-8.522164,50,421.183638
-14.17058,50,421.22107
-18.965999,50,421.261088
-14.125119,50,421.298523
-11.059545,50,421.336695
-15.44249,50,421.380564
-14.909519,50,421.416967
-14.782479,50,421.457435
-17.605354,50,421.497267
-10.612558,50,421.536156
-8.460171,50,421.575564
-7.389386,50,421.615685
-6.891915,50,421.657192
-14.35338,50,421.698188
-10.061065,50,421.734482
-15.151529,50,421.778211
-18.2104,50,421.816271
-4.048173,50,421.855654
-9.459729,50,421.893677
-9.160706,50,421.933995
-8.481767,50,421.974602
-3.810151,50,422.016488
-11.070091,50,422.057199
-10.673308,50,422.093637
-10.004218,50,422.131876
-17.981658,50,422.174624
-15.163067,50,422.213754
-12.962726,50,422.257288
-13.309863,50,422.296838
-18.905283,50,422.336829
-12.273301,50,422.376013
-15.598241,50,422.416628
-18.874965,50,422.456295
-4.007487,50,423.2106
-10.640005,50,423.249082
-5.808321,50,423.288321
-11.752078,50,423.325212
-16.411914,50,423.367316
-12.915434,50,423.409234
-18.41078,50,423.445308
-7.614525,50,423.485212
-19.556553,50,423.523674
-12.928748,50,423.563395
-10.386452,50,423.600999
-14.086487,50,423.63829
-6.608798,50,423.675762
-16.269353,50,423.715005
-15.870091,50,423.757154
-19.511759,50,423.796782
-18.607457,50,423.837242
-9.10068,50,423.879622
-1.917645,50,423.918848
-20.307402,50,423.951772
-16.659808,50,423.989776
-12.60682,50,424.030579
-14.204307,50,424.074576
-19.220255,50,424.113383
-10.631503,50,424.154224
-15.050488,50,424.189298
-6.614182,50,424.233041
-8.630756,50,424.272333
-16.379025,50,424.310531
-19.384336,50,424.351864
-19.883216,50,424.390346
-6.18424,50,424.429345
-16.05445,50,424.469079
-18.907915,50,424.508036
-11.31185,50,424.545753
-13.09435,50,424.586359
-7.50401,50,424.627435
-19.373888,50,424.66564
-9.027239,50,424.706316
-17.390189,50,424.745448
-12.06774,50,424.784809
-15.676186,50,425.454179
-19.931112,50,425.490489
-8.734016,50,425.534147
-6.394201,50,425.574581
-17.107922,50,425.615712
-5.290978,50,425.651411
-11.510199,50,425.691404
-21.488621,50,425.732222
-17.515463,50,425.771972
-12.91612,50,425.809262
-20.094798,50,425.845415
-7.350225,50,425.88265
-14.563456,50,425.92352
-4.574817,50,425.960621
-13.198521,50,426.001175
-19.874232,50,426.038876
-17.107211,50,426.079278
-12.993603,50,426.120697
-12.525726,50,426.159557
-3.683589,50,426.196639
-11.656533,50,426.240899
-6.971392,50,426.2824
-15.119703,50,426.320227
-7.804325,50,426.359173
-14.487094,50,426.401688
-13.667233,50,426.440857
-4.369332,50,426.478227
-15.908103,50,426.516751
-13.746496,50,426.553151
-10.330127,50,426.593396
-3.398348,50,426.632721
-17.992979,50,426.667835
-10.980898,50,426.706834
-7.339649,50,426.747435
-16.226165,50,426.783782
-3.111826,50,426.822873
-19.756215,50,426.861658
-16.828651,50,426.902109
-9.894772,50,426.938449
-7.670956,50,426.977617
-13.407926,50,427.015422
-12.74011,50,427.693474
-6.907264,50,427.731042
-15.863422,50,427.77096
-7.60707,50,427.806032
-13.570511,50,427.848798
-12.467388,50,427.887409
-12.271734,50,427.926851
-11.464723,50,427.969489
-13.73507,50,428.00831
-18.111503,50,428.046653
-20.143397,50,428.085618
-15.108421,50,428.123632
-18.118885,50,428.162929
-16.954675,50,428.201045
-15.06501,50,428.238186
-19.412606,50,428.277655
-9.430432,50,428.31967
-4.391474,50,428.359242
-11.9272,50,428.393068
-10.494017,50,428.436937
-13.402163,50,428.477091
-17.348769,50,428.514639
-11.888364,50,428.554858
-13.815184,50,428.592445
-15.714348,50,428.633073
-18.815335,50,428.671226
-3.458892,50,428.71036
-3.340247,50,428.750865
-19.803474,50,428.789941
-9.41574,50,428.828586
-9.01628,50,428.868353
-14.857786,50,428.907438
-14.332172,50,428.938886
-12.377513,50,428.982266
-11.310475,50,429.020812
-11.49238,50,429.062511
-18.154604,50,429.100068
-15.547102,50,429.142433
-13.894631,50,429.179791
-17.120313,50,429.22139
-14.428305,50,429.259874
