#{"t_start": 1759501128.510727, "env_id": "Reacher-v5"}
r,l,t
-38.566392,50,0.051557
-44.160855,50,0.060301
-99.922624,50,0.327375
-100.482355,50,0.599739
-80.967013,50,0.877921
-22.881657,50,1.167019
-10.135652,50,1.436493
-12.817558,50,1.707093
-10.951035,50,1.979446
-12.54363,50,2.328649
-12.116502,50,2.602978
-12.03344,50,2.873312
-13.651584,50,3.147997
-10.402011,50,3.418836
-12.9098,50,3.693067
-11.947139,50,3.964582
-12.521231,50,4.24307
-15.934506,50,4.516094
-10.05455,50,4.788374
-11.55339,50,5.087245
-15.091118,50,5.359853
-4.175529,50,5.633457
-8.816036,50,5.905998
-6.497586,50,6.180108
-8.446375,50,6.468372
-15.625719,50,6.743248
-16.58424,50,7.014718
-14.008137,50,7.291019
-3.675405,50,7.560622
-15.615113,50,7.854374
-12.293905,50,8.12708
-9.974504,50,8.401891
-3.796889,50,8.675125
-8.663988,50,8.950089
-8.130861,50,9.221758
-18.108936,50,9.492992
-10.594109,50,9.769288
-11.811279,50,10.039683
-6.224798,50,10.313587
-9.656212,50,10.584109
-4.594881,50,10.885039
-7.823228,50,11.156451
-8.151397,50,11.431666
-4.379944,50,11.703466
-14.311128,50,11.980019
-18.185962,50,12.251248
-4.476405,50,12.524699
-7.833695,50,12.796104
-13.139083,50,13.072837
-17.350921,50,13.347999
-8.072235,50,13.622128
-8.998328,50,13.894317
-13.00778,50,14.169382
-12.612413,50,14.442939
-4.043639,50,14.716717
-3.303223,50,14.98794
-9.750482,50,15.270109
-9.470962,50,15.545122
-4.678301,50,15.815802
-8.386702,50,16.089946
-5.981701,50,16.363067
-3.849645,50,16.637988
-10.805599,50,16.908424
-6.587103,50,17.181569
-7.010678,50,17.455337
-3.36579,50,17.731123
-13.316539,50,18.037194
-5.098643,50,18.311852
-9.810188,50,18.584605
-9.487045,50,18.862257
-4.377511,50,19.134213
-7.760086,50,19.408398
-15.561348,50,19.683482
-7.110823,50,19.957795
-4.957567,50,20.230821
-4.50731,50,20.505584
-8.034028,50,20.779702
-6.205956,50,21.054231
-3.354286,50,21.3506
-10.414133,50,21.636029
-9.16306,50,21.908735
-3.839723,50,22.182262
-7.896629,50,22.45413
-4.515504,50,22.729808
-5.403577,50,23.004214
-10.411065,50,23.279318
-12.520136,50,23.550272
-9.428025,50,23.825759
-17.597443,50,24.101086
-7.036226,50,24.383504
-7.955759,50,24.658021
-13.561338,50,24.93366
-5.718893,50,25.205629
-9.738672,50,25.47749
-6.523568,50,25.75246
-3.757556,50,26.024586
-7.229289,50,26.302701
-10.702011,50,26.5762
-5.635218,50,26.875627
-4.552099,50,27.146334
-3.538377,50,27.424102
-17.604008,50,27.694756
-12.481025,50,27.970115
-4.594947,50,28.241112
-7.30769,50,28.544878
-4.892245,50,28.817221
-10.891515,50,29.091895
-5.271308,50,29.362995
-4.816993,50,29.640759
-3.754107,50,29.916061
-8.94284,50,30.193547
-8.049991,50,30.465741
-10.916832,50,30.743122
-7.886969,50,31.014546
-7.922688,50,31.289278
-9.967612,50,31.56095
-2.910404,50,31.837712
-8.080018,50,32.109374
-11.669388,50,32.383473
-11.675096,50,32.656133
-9.423984,50,32.928813
-8.570884,50,33.205165
-7.879507,50,33.475732
-10.622786,50,33.749289
-11.979091,50,34.021846
-10.712663,50,34.322531
-9.086681,50,34.591722
-10.449326,50,34.866982
-6.337404,50,35.14105
-4.731114,50,35.416366
-7.290501,50,35.689488
-9.538902,50,35.965707
-4.446413,50,36.2655
-6.736672,50,36.543554
-4.561494,50,36.814272
-10.126735,50,37.089829
-5.713295,50,37.36319
-8.041956,50,37.639568
-11.239183,50,37.910611
-6.721261,50,38.184519
-9.8038,50,38.458556
-5.35092,50,38.756803
-4.108367,50,39.030702
-6.48985,50,39.304223
-8.034872,50,39.575884
-9.266156,50,39.846889
-12.622175,50,40.123464
-5.423368,50,40.394562
-6.07622,50,40.694308
-9.685632,50,40.969053
-5.102441,50,41.240415
-6.94175,50,41.512256
-5.197018,50,41.798504
-11.907887,50,42.13618
-1.824081,50,42.407063
-8.561581,50,42.682789
-1.559746,50,42.957456
-3.990836,50,43.231845
-6.106256,50,43.505899
-12.346372,50,43.780942
-14.25844,50,44.056077
-8.559922,50,44.380528
-10.792854,50,44.655626
-16.015098,50,44.926759
-3.430307,50,45.202585
-5.788503,50,45.477044
-6.425651,50,45.750036
-11.159923,50,46.051187
-13.195872,50,46.377027
-4.793755,50,46.647371
-12.213845,50,46.922143
-7.796162,50,47.19425
-2.462245,50,47.474647
-14.08348,50,47.747309
-10.96624,50,48.020838
-17.291849,50,48.292583
-2.647615,50,48.592808
-8.159225,50,48.866431
-9.252813,50,49.140998
-8.04362,50,49.413544
-5.587258,50,49.689697
-7.004428,50,49.962449
-12.86544,50,50.238062
-11.932446,50,50.51183
-7.730091,50,50.788937
-2.509778,50,51.062403
-13.726102,50,51.337675
-9.837893,50,51.610782
-8.023576,50,51.885486
-6.311818,50,52.160466
-8.564069,50,52.434243
-10.507364,50,52.729943
-10.874019,50,53.006378
-9.013044,50,53.27862
-5.082429,50,53.555529
-10.101722,50,53.826979
-6.214663,50,54.12702
-8.054692,50,54.398355
-8.779043,50,54.674367
-9.585164,50,54.946544
-10.252147,50,55.225921
-2.727499,50,55.499037
-3.908635,50,55.77687
-7.845027,50,56.046841
-7.818177,50,56.321543
-2.311455,50,56.592734
-2.968342,50,56.866186
-11.34861,50,57.139162
-1.853112,50,57.416711
-17.291951,50,57.688383
-10.848594,50,57.963784
-7.856011,50,58.237154
-8.658247,50,58.516322
-5.75351,50,58.790468
-4.540182,50,59.064903
-7.187582,50,59.33721
-9.646033,50,59.637202
-6.716509,50,59.908581
-5.066273,50,60.184458
-2.904095,50,60.45665
-4.768999,50,60.76025
-7.354961,50,61.032393
-4.995891,50,61.307859
-7.352398,50,61.578952
-2.921569,50,61.882429
-8.118878,50,62.152947
-4.491404,50,62.426688
-8.48949,50,62.698828
-3.725864,50,62.981833
-7.635271,50,63.253721
-7.298841,50,63.527094
-9.298403,50,63.797707
-6.477928,50,64.08618
-8.033999,50,64.36022
-2.779794,50,64.634478
-5.225006,50,64.906276
-6.173599,50,65.205125
-3.604725,50,65.480439
-11.910414,50,65.752254
-8.890446,50,66.022631
-4.902206,50,66.348881
-11.823616,50,66.626478
-9.714406,50,66.897526
-4.928774,50,67.171775
-6.278923,50,67.445668
-13.443283,50,67.729838
-11.621177,50,68.000136
-7.449778,50,68.274079
-3.883538,50,68.548867
-12.638259,50,68.823306
-12.010863,50,69.096156
-8.562889,50,69.370292
-10.305847,50,69.64422
-13.3226,50,69.918707
-12.54188,50,70.195423
-12.631339,50,70.468501
-14.764188,50,70.743442
-12.041071,50,71.01416
-4.825867,50,71.289873
-11.390141,50,71.561325
-13.366446,50,71.862039
-7.081679,50,72.136313
-3.518359,50,72.408452
-6.688388,50,72.679971
-13.215785,50,72.957643
-6.734482,50,73.230463
-5.697946,50,73.508261
-4.917755,50,73.78116
-5.939408,50,74.05826
-9.053222,50,74.330147
-7.80808,50,74.605288
-11.039458,50,74.879589
-14.192749,50,75.156012
-6.218657,50,75.427842
-16.466253,50,75.703296
-7.88058,50,75.977463
-11.819648,50,76.258625
-8.435781,50,76.530713
-14.897085,50,76.806376
-14.415561,50,77.091177
-14.702044,50,77.370092
-4.952882,50,77.64287
-4.428988,50,77.918011
-7.822292,50,78.189078
-7.73692,50,78.468531
-16.248297,50,78.740606
-1.844868,50,79.016056
-7.744338,50,79.287639
-5.693567,50,79.566515
-6.873181,50,79.838836
-13.699415,50,80.113709
-6.121003,50,80.389908
-8.034901,50,80.667387
-8.13512,50,80.93781
-15.977332,50,81.213991
-6.576773,50,81.485384
-6.192277,50,81.768271
-15.602677,50,82.041553
-3.96628,50,82.315137
-6.717834,50,82.605598
-4.670309,50,82.905979
-15.348405,50,83.180158
-17.07293,50,83.454494
-5.383099,50,83.726219
-2.909672,50,84.003023
-1.834596,50,84.277806
-9.951514,50,84.552362
-1.822672,50,84.823829
-3.328053,50,85.101067
-13.00747,50,85.374958
-3.711529,50,85.672391
-9.346118,50,85.946497
-6.218575,50,86.22416
-9.891747,50,86.495256
-9.509083,50,86.771479
-10.575154,50,87.043736
-7.759268,50,87.319685
-10.466516,50,87.593336
-9.323809,50,87.863093
-8.94621,50,88.140159
-7.944909,50,88.414518
-6.687177,50,88.689432
-7.999939,50,88.965038
-8.543358,50,89.240682
-2.034852,50,89.51301
-6.234893,50,89.786642
-10.731025,50,90.068299
-6.96268,50,90.343811
-3.510909,50,90.619829
-4.179811,50,90.893785
-6.393916,50,91.166754
-7.022316,50,91.441189
-6.446237,50,91.739754
-8.974584,50,92.014454
-9.196857,50,92.285673
-3.031429,50,92.560285
-6.048626,50,92.835834
-9.016565,50,93.111477
-1.507471,50,93.383794
-7.578549,50,93.683626
-13.36758,50,93.958319
-5.280843,50,94.235224
-4.490057,50,94.508348
-10.215193,50,94.786313
-9.371563,50,95.060959
-8.803755,50,95.339444
-3.80006,50,95.61034
-7.914204,50,95.885465
-1.823607,50,96.160007
-7.419458,50,96.434517
-5.014563,50,96.710543
-4.88368,50,96.981473
-3.273373,50,97.285382
-6.326693,50,97.561916
-7.427739,50,97.835307
-3.095122,50,98.108357
-7.098983,50,98.383063
-5.324325,50,98.660048
-4.661395,50,98.934192
-7.26212,50,99.205491
-7.804305,50,99.483941
-3.776801,50,99.755723
-3.003341,50,100.031811
-3.626981,50,100.30497
-5.311509,50,100.581821
-7.92531,50,100.853784
-2.833796,50,101.128401
-6.268693,50,101.402623
-4.514238,50,101.70563
-3.891056,50,101.983104
-6.104772,50,102.255677
-7.856067,50,102.53224
-3.423605,50,102.806695
-4.913081,50,103.082694
-6.585918,50,103.355451
-5.117508,50,103.62819
-10.283346,50,103.907769
-2.546305,50,104.17885
-4.708839,50,104.455419
-5.080137,50,104.726714
-6.591685,50,105.005072
-7.232935,50,105.27608
-6.326914,50,105.550936
-8.169894,50,105.82302
-4.436286,50,106.10187
-5.759373,50,106.373616
-4.996627,50,106.644528
-4.709594,50,106.916641
-3.321539,50,107.194262
-5.503437,50,107.468221
-3.770568,50,107.739974
-6.622034,50,108.016495
-5.507204,50,108.319708
-5.390605,50,108.593736
-3.155771,50,108.867899
-7.272511,50,109.14011
-5.869719,50,109.415911
-4.251736,50,109.692439
-7.808811,50,109.991821
-4.271209,50,110.264946
-6.490373,50,110.591405
-7.78506,50,110.868672
-5.319016,50,111.141134
-3.737664,50,111.417147
-4.583664,50,111.693332
-7.349769,50,111.96995
-5.680276,50,112.242857
-2.182692,50,112.517812
-8.066398,50,112.792023
-5.445198,50,113.066655
-4.645876,50,113.340947
-3.177315,50,113.612336
-4.953405,50,113.888638
-7.646501,50,114.162136
-9.126427,50,114.438273
-2.026416,50,114.710227
-3.851586,50,114.989667
-9.821592,50,115.262064
-2.608918,50,115.538297
-7.819174,50,115.812462
-7.679531,50,116.088658
-8.736661,50,116.359281
-5.228138,50,116.634076
-2.824191,50,116.9079
-6.19478,50,117.206071
-5.643205,50,117.478929
-6.149658,50,117.752405
-3.490165,50,118.025821
-3.4135,50,118.329545
-4.087045,50,118.605409
-5.301945,50,118.877502
-8.73598,50,119.150717
-4.252049,50,119.426642
-8.835333,50,119.699965
-2.14044,50,119.974867
-13.103159,50,120.271411
-2.478987,50,120.569
-10.381806,50,120.84404
-9.67407,50,121.117174
-4.453648,50,121.393814
-1.682473,50,121.667446
-2.832801,50,121.941225
-2.491016,50,122.215479
-11.100911,50,122.488661
-3.260297,50,122.764716
-11.73933,50,123.037324
-8.504567,50,123.313236
-4.607913,50,123.585726
-11.381563,50,123.862843
-1.91903,50,124.13527
-8.750678,50,124.410412
-1.992137,50,124.683089
-7.036764,50,124.984274
-2.294816,50,125.258326
-4.432891,50,125.531562
-10.047222,50,125.803577
-5.543653,50,126.085046
-8.42923,50,126.357046
-7.721419,50,126.63231
-8.214087,50,126.904462
-13.008857,50,127.18246
-13.352958,50,127.454365
-8.209026,50,127.753652
-3.901751,50,128.029335
-1.86995,50,128.319393
-3.476194,50,128.595391
-4.413181,50,128.86706
-4.161958,50,129.142325
-7.720653,50,129.416983
-15.651371,50,129.717557
-1.288875,50,129.988838
-3.991579,50,130.263656
-2.695828,50,130.538957
-7.075814,50,130.814916
-2.092881,50,131.086215
-7.093027,50,131.359436
-8.162007,50,131.638819
-4.465153,50,131.910929
-5.156572,50,132.186049
-6.917138,50,132.457984
-4.822733,50,132.735278
-8.235927,50,133.00776
-7.684007,50,133.285635
-4.069363,50,133.564248
-6.357978,50,133.839402
-6.035683,50,134.112731
-1.658188,50,134.390548
-6.387167,50,134.66169
-8.646457,50,134.945688
-9.058655,50,135.217572
-2.672113,50,135.492265
-3.922262,50,135.76434
-6.871434,50,136.0475
-7.361255,50,136.320121
-6.081322,50,136.594276
-6.473681,50,136.866514
-6.300822,50,137.145808
-5.145823,50,137.417491
-5.812995,50,137.688576
-7.662029,50,137.965722
-3.560581,50,138.242773
-7.426582,50,138.515133
-6.593529,50,138.785802
-7.006322,50,139.062676
-2.844817,50,139.335892
-4.138146,50,139.611215
-5.373369,50,139.882562
-3.628928,50,140.156152
-5.282049,50,140.432839
-5.103538,50,140.707524
-5.994046,50,140.979956
-5.703519,50,141.252799
-7.49271,50,141.530324
-3.399096,50,141.802306
-6.487529,50,142.076932
-7.523716,50,142.348728
-3.538087,50,142.628733
-4.748941,50,142.901466
-7.060832,50,143.176518
-8.890065,50,143.448389
-7.451838,50,143.726896
-6.149944,50,144.027258
-5.877182,50,144.300133
-5.340113,50,144.57423
-5.031662,50,144.850716
-5.950724,50,145.123315
-3.592553,50,145.397814
-2.934316,50,145.67319
-4.726034,50,145.951226
-5.003521,50,146.225443
-5.712398,50,146.500413
-3.784468,50,146.773489
-7.484219,50,147.050808
-8.323249,50,147.326483
-5.342886,50,147.601696
-7.092355,50,147.87384
-3.096961,50,148.151019
-3.300026,50,148.422791
-3.523514,50,148.699076
-5.35946,50,148.971097
-6.880141,50,149.248363
-2.875566,50,149.547919
-5.525394,50,149.823399
-7.439546,50,150.095489
-3.453834,50,150.371506
-6.877178,50,150.644287
-5.619611,50,150.922345
-3.594848,50,151.195387
-4.237305,50,151.468652
-4.782979,50,151.742798
-5.749898,50,152.014564
-7.518223,50,152.294449
-5.950106,50,152.580294
-4.584142,50,152.86742
-2.674548,50,153.14724
-4.05643,50,153.435554
-6.729641,50,153.716472
-4.644697,50,154.007025
-6.115702,50,154.284504
-1.964597,50,154.569232
-7.685039,50,154.849292
-7.489742,50,155.135586
-4.468131,50,155.414566
-5.842393,50,155.700914
-4.578874,50,155.977193
-2.475188,50,156.26413
-5.576671,50,156.545416
-7.466502,50,156.829562
-6.641756,50,157.111241
-9.819306,50,157.396296
-4.214958,50,157.671212
-6.427154,50,157.946729
-5.061159,50,158.221795
-3.031316,50,158.498472
-5.384348,50,158.769711
-7.836566,50,159.043133
-7.286051,50,159.317642
-7.51895,50,159.591125
-12.214206,50,159.864066
-5.827241,50,160.141516
-4.610787,50,160.41625
-4.817223,50,160.691271
-1.007344,50,160.96554
-7.592699,50,161.237501
-3.477599,50,161.514686
-5.314529,50,161.786546
-10.727889,50,162.062732
-6.123909,50,162.334436
-2.645087,50,162.616524
-5.249421,50,162.889569
-6.498465,50,163.164731
-6.469865,50,163.437734
-2.816141,50,163.715183
-2.926313,50,163.992844
-7.738114,50,164.266831
-5.788253,50,164.541026
-6.613375,50,164.818558
-4.20872,50,165.091882
-2.99237,50,165.366975
-3.783431,50,165.640687
-5.744717,50,165.914621
-5.550644,50,166.190177
-6.095203,50,166.461857
-3.741569,50,166.735062
-8.189652,50,167.009743
-4.852449,50,167.284409
-6.224851,50,167.555327
-6.513499,50,167.831433
-4.704421,50,168.104204
-4.771313,50,168.408025
-6.308041,50,168.679322
-2.990385,50,168.953168
-7.06722,50,169.229943
-6.720248,50,169.505211
-4.462961,50,169.777387
-6.165848,50,170.052402
-5.342068,50,170.327953
-4.426016,50,170.6022
-3.685015,50,170.873747
-2.742347,50,171.14818
-3.960902,50,171.422452
-2.505941,50,171.698181
-7.05882,50,171.969663
-6.176921,50,172.242612
-5.145781,50,172.520929
-4.314611,50,172.796437
-8.656372,50,173.071877
-1.45921,50,173.344868
-3.308012,50,173.621623
-6.045628,50,173.893324
-7.199665,50,174.17085
-5.066127,50,174.441303
-3.064475,50,174.719447
-4.781162,50,174.991386
-4.41214,50,175.267403
-2.964486,50,175.539097
-3.2521,50,175.817501
-5.319984,50,176.08952
-8.081084,50,176.367509
-2.945079,50,176.640337
-5.616511,50,176.916993
-3.005545,50,177.18963
-5.646343,50,177.46381
-4.275496,50,177.737164
-3.339436,50,178.01386
-4.967774,50,178.287168
-3.958347,50,178.562319
-4.461593,50,178.835363
-6.946986,50,179.111076
-6.06959,50,179.387643
-4.974985,50,179.661632
-3.478966,50,179.934793
-3.236727,50,180.209134
-2.831218,50,180.483709
-5.255991,50,180.757316
-4.096667,50,181.045307
-3.139422,50,181.340915
-5.820596,50,181.613116
-4.00779,50,181.889242
-5.570348,50,182.163369
-1.550954,50,182.44217
-4.578294,50,182.712536
-4.202469,50,182.988396
-4.239714,50,183.262169
-8.958416,50,183.563859
-6.740283,50,183.83815
-5.405343,50,184.116794
-4.834105,50,184.389281
-2.965986,50,184.668061
-4.705565,50,184.94058
-6.81897,50,185.216328
-0.724516,50,185.48833
-7.537184,50,185.76452
-5.451165,50,186.038043
-5.971659,50,186.310625
-5.424777,50,186.611243
-4.531954,50,186.888425
-1.758583,50,187.161865
-6.694864,50,187.435674
-3.261266,50,187.712287
-6.868031,50,187.985544
-5.664271,50,188.2623
-6.076351,50,188.533027
-6.263308,50,188.807981
-4.850969,50,189.099605
-4.249922,50,189.37202
-2.748509,50,189.645279
-2.129582,50,189.919797
-2.641036,50,190.195254
-7.018558,50,190.471342
-5.909319,50,190.744572
-7.502154,50,191.021365
-5.522861,50,191.325553
-1.454539,50,191.598023
-6.331685,50,191.870984
-7.751357,50,192.146681
-6.654903,50,192.421657
-7.58203,50,192.698113
-6.939255,50,192.969502
-7.377414,50,193.250139
-3.301888,50,193.524672
-3.246067,50,193.799797
-5.272581,50,194.071307
-5.28933,50,194.348795
-6.374668,50,194.623095
-2.673338,50,194.899544
-7.302226,50,195.174348
-9.30194,50,195.450421
-5.620803,50,195.725595
-4.031048,50,195.999525
-3.674195,50,196.271874
-6.525066,50,196.543288
-7.343599,50,196.823165
-6.874352,50,197.096687
-6.724236,50,197.371886
-3.162898,50,197.645551
-4.082376,50,197.922429
-4.571311,50,198.196935
-4.452373,50,198.472365
-4.387509,50,198.746492
-6.903109,50,199.024134
-3.415821,50,199.296725
-3.277735,50,199.571438
-4.934468,50,199.843543
-5.939437,50,200.12132
-4.169643,50,200.393489
-6.49771,50,200.671737
-6.872656,50,200.943985
-6.346539,50,201.221147
-2.541597,50,201.493838
-5.415979,50,201.770872
-3.451789,50,202.043361
-6.346442,50,202.31915
-3.210553,50,202.592668
-5.692505,50,202.865802
-3.648279,50,203.139975
-3.736213,50,203.414211
-10.028271,50,203.713241
-7.050337,50,203.989156
-4.798824,50,204.261851
-6.32978,50,204.536298
-3.353308,50,204.812904
-6.584102,50,205.08446
-5.922275,50,205.371881
-3.299979,50,205.644785
-1.68424,50,205.920124
-8.175379,50,206.192792
-6.991069,50,206.46848
-3.781921,50,206.753727
-5.976252,50,207.029643
-5.088222,50,207.301629
-4.070522,50,207.575669
-3.887131,50,207.854812
-4.853221,50,208.131019
-4.279491,50,208.404386
-1.486383,50,208.678633
-5.399454,50,208.952829
-3.66888,50,209.228027
-2.127379,50,209.500606
-3.749611,50,209.772465
-7.909501,50,210.052537
-8.612208,50,210.324049
-8.920378,50,210.600265
-4.989909,50,210.872724
-5.429326,50,211.150757
-4.857241,50,211.42511
-5.066251,50,211.700038
-5.618086,50,211.971851
-3.35828,50,212.275906
-11.471444,50,212.549594
-6.326069,50,212.824205
-3.29035,50,213.096748
-12.64831,50,213.374008
-3.232515,50,213.650236
-5.098407,50,213.924764
-2.084066,50,214.197979
-5.503043,50,214.474843
-5.029479,50,214.747872
-3.287903,50,215.046937
-6.788364,50,215.31965
-5.102185,50,215.599697
-12.325574,50,215.877364
-5.243128,50,216.153207
-2.657778,50,216.42441
-10.606453,50,216.703568
-9.691697,50,216.97534
-9.801588,50,217.252407
-3.151076,50,217.523289
-9.379221,50,217.827342
-11.779754,50,218.099454
-14.661543,50,218.375027
-5.144312,50,218.64817
-3.35198,50,218.922363
-7.799788,50,219.195082
-3.131984,50,219.469589
-2.123332,50,219.743757
-11.433043,50,220.021009
-4.171651,50,220.293696
-9.968879,50,220.569364
-7.240628,50,220.843193
-2.213079,50,221.16436
-3.86982,50,221.437578
-11.545643,50,221.714088
-7.761559,50,221.989274
-3.772801,50,222.278608
-11.438202,50,222.551015
-3.447517,50,222.827466
-11.464549,50,223.099075
-1.795734,50,223.40433
-3.570361,50,223.680342
-3.780525,50,223.953456
-8.749299,50,224.228446
-3.790108,50,224.527952
-4.443115,50,224.802987
-13.615187,50,225.079137
-5.481279,50,225.353952
-12.795397,50,225.628825
-4.43056,50,225.905869
-4.953556,50,226.1789
-3.599087,50,226.454376
-16.947129,50,226.726644
-19.262288,50,227.003559
-3.64849,50,227.276222
-7.365715,50,227.551286
-5.158853,50,227.824727
-4.685379,50,228.101794
-4.810671,50,228.373733
-3.717102,50,228.649572
-2.150165,50,228.931263
-6.421129,50,229.205876
-7.602614,50,229.479465
-3.230942,50,229.754133
-3.539752,50,230.027219
-9.555456,50,230.298942
-10.14093,50,230.578873
-9.924896,50,230.853319
-3.725236,50,231.130362
-5.546197,50,231.401753
-8.866322,50,231.677773
-6.370553,50,231.948973
-4.695218,50,232.246977
-8.313463,50,232.51968
-11.485374,50,232.796628
-3.661207,50,233.070744
-5.835981,50,233.342659
-7.995145,50,233.615989
-3.745471,50,233.914675
-4.120534,50,234.191552
-1.925181,50,234.468946
-1.418942,50,234.744281
-5.000758,50,235.032519
-2.877554,50,235.308609
-4.543491,50,235.582738
-8.34282,50,235.858643
-4.616721,50,236.13148
-3.888112,50,236.407467
-5.66461,50,236.68137
-7.041543,50,236.955828
-4.945723,50,237.227347
-9.655379,50,237.501158
-1.977209,50,237.788052
-5.942161,50,238.06195
-8.119201,50,238.334479
-4.069159,50,238.607128
-4.048355,50,238.884393
-4.930995,50,239.161426
-3.551943,50,239.434186
-5.465275,50,239.707202
-6.224497,50,239.9865
-1.783222,50,240.260393
-3.571184,50,240.55291
-9.400106,50,240.828274
-7.016313,50,241.100922
-2.953198,50,241.375926
-3.57386,50,241.649346
-5.064633,50,241.921957
-2.432241,50,242.199694
-8.443585,50,242.471954
-8.900437,50,242.746013
-7.757079,50,243.018475
-6.412945,50,243.32287
-2.247123,50,243.594047
-7.468388,50,243.874051
-5.001837,50,244.145064
-4.993665,50,244.422145
-6.178616,50,244.693729
-2.617481,50,244.993596
-3.054755,50,245.268708
-3.509445,50,245.543238
-3.655783,50,245.815153
-5.447265,50,246.090577
-3.88649,50,246.363708
-4.27593,50,246.640337
-8.672108,50,246.913047
-4.584489,50,247.189001
-4.699016,50,247.46265
-2.752393,50,247.7645
-5.684382,50,248.037352
-3.295097,50,248.312465
-3.951228,50,248.587524
-6.071224,50,248.864238
-3.238228,50,249.136556
-7.440455,50,249.415021
-5.777409,50,249.687421
-6.699625,50,249.966069
-1.811966,50,250.238241
-5.547505,50,250.513915
-4.213253,50,250.788522
-2.989164,50,251.067526
-3.702138,50,251.339431
-3.130626,50,251.615339
-1.838624,50,251.887067
-7.889561,50,252.164916
-4.293526,50,252.43839
-4.880452,50,252.713126
-4.462001,50,252.985925
-7.340236,50,253.266957
-3.177232,50,253.541136
-6.863455,50,253.814984
-3.531597,50,254.089402
-5.327887,50,254.363446
-6.023699,50,254.64502
-2.56192,50,254.915646
-4.096325,50,255.191294
-9.272255,50,255.467025
-6.05471,50,255.742961
-4.820669,50,256.016161
-5.492906,50,256.290666
-3.934486,50,256.5643
-7.967501,50,256.862274
-6.727021,50,257.135736
-3.86445,50,257.408928
-5.35194,50,257.683516
-3.974939,50,257.961069
-3.319654,50,258.235381
-8.74639,50,258.510181
-3.81311,50,258.785415
-8.216663,50,259.056904
-1.902898,50,259.331768
-2.523006,50,259.622773
-6.107251,50,259.897556
-3.855129,50,260.172497
-3.10725,50,260.445223
-4.699174,50,260.722894
-5.33374,50,261.005411
-3.502333,50,261.281294
-3.233795,50,261.553524
-4.579429,50,261.827341
-5.593118,50,262.104264
-4.189117,50,262.376566
-6.40781,50,262.655641
-3.112554,50,262.929688
-2.247092,50,263.205266
-4.124938,50,263.477554
-6.615852,50,263.752143
-5.443794,50,264.023403
-4.210939,50,264.306593
-3.775292,50,264.582682
-6.703509,50,264.857514
-6.27585,50,265.130251
-2.081381,50,265.409727
-8.371686,50,265.681052
-6.256462,50,265.980989
-2.977757,50,266.252635
-2.864508,50,266.538713
-2.688435,50,266.810724
-6.165891,50,267.087331
-4.150899,50,267.365671
-7.150607,50,267.640988
-5.485971,50,267.913031
-5.124798,50,268.189721
-9.128923,50,268.465212
-2.059849,50,268.748211
-4.066982,50,269.02235
-4.636429,50,269.295615
-4.278881,50,269.567928
-4.088401,50,269.843285
-4.319477,50,270.119044
-4.565019,50,270.397327
-4.482183,50,270.669398
-3.488052,50,270.946149
-6.550929,50,271.220076
-2.778941,50,271.494625
-4.665101,50,271.766768
-6.837525,50,272.067217
-6.298325,50,272.344296
-3.737428,50,272.616023
-4.776306,50,272.887587
-4.278137,50,273.165755
-7.333221,50,273.446568
-5.622239,50,273.725316
-4.218288,50,273.997904
-8.754867,50,274.278794
-6.511536,50,274.552831
-2.984869,50,274.829565
-5.879385,50,275.103913
-4.749528,50,275.37811
-5.467356,50,275.653272
-4.468014,50,275.927217
-3.212767,50,276.199011
-6.490457,50,276.474777
-3.984077,50,276.748512
-5.801567,50,277.024874
-2.381211,50,277.297257
-6.020427,50,277.574333
-5.118011,50,277.846226
-6.453855,50,278.122602
-5.38839,50,278.394218
-3.889859,50,278.671938
-2.767857,50,278.94455
-3.961681,50,279.218253
-3.400874,50,279.494556
-5.400524,50,279.771282
-5.016754,50,280.044509
-2.822589,50,280.319175
-6.363958,50,280.592114
-4.741277,50,280.869122
-5.481621,50,281.141327
-2.572038,50,281.415243
-5.714427,50,281.687398
-5.743617,50,281.988906
-2.604524,50,282.260792
-3.392162,50,282.535469
-5.203033,50,282.807109
-3.594822,50,283.084133
-3.231197,50,283.356264
-4.700993,50,283.628651
-3.231108,50,283.9291
-3.145126,50,284.207941
-6.86175,50,284.479501
-3.037814,50,284.752066
-4.690822,50,285.02985
-3.147726,50,285.311523
-5.652383,50,285.585021
-4.843956,50,285.857074
-6.55361,50,286.131876
-4.965865,50,286.432619
-3.33244,50,286.70528
-2.150868,50,286.97847
-2.737355,50,287.250722
-1.389081,50,287.526818
-6.411696,50,287.803715
-5.834943,50,288.077356
-2.915336,50,288.354822
-5.245788,50,288.630401
-2.235359,50,288.927331
-6.763886,50,289.207068
-2.96064,50,289.482576
-7.000167,50,289.757041
-3.981405,50,290.034149
-5.697527,50,290.334651
-5.45382,50,290.607481
-4.710766,50,290.884952
-6.834353,50,291.158243
-5.066615,50,291.434288
-4.094379,50,291.710031
-1.816756,50,291.986796
-5.7402,50,292.260183
-2.874543,50,292.531875
-3.621437,50,292.812398
-4.695867,50,293.101101
-2.630855,50,293.39841
-4.139243,50,293.672983
-5.010055,50,293.947772
-3.615287,50,294.228524
-6.245814,50,294.501364
-5.537884,50,294.775561
-2.662576,50,295.046982
-6.228598,50,295.325562
-6.680091,50,295.598371
-3.815166,50,295.875155
-4.68653,50,296.146841
-6.500723,50,296.42588
-2.831012,50,296.697132
-6.506201,50,296.969404
-3.886558,50,297.249733
-7.687914,50,297.523617
-2.218881,50,297.799417
-2.306099,50,298.071456
-3.937556,50,298.348024
-3.770293,50,298.623667
-3.596247,50,298.902773
-7.278279,50,299.174822
-6.201727,50,299.450199
-3.549516,50,299.724815
-3.971095,50,300.001213
-2.935231,50,300.272255
-5.714374,50,300.547175
-1.900713,50,300.821225
-6.456792,50,301.095089
-5.077243,50,301.369137
-4.309729,50,301.641862
-6.374742,50,301.917781
-5.313285,50,302.189759
-2.574875,50,302.490767
-6.542693,50,302.765489
-5.152105,50,303.045991
-4.687345,50,303.321275
-5.353556,50,303.594167
-2.535932,50,303.869219
-5.733064,50,304.14774
-3.334509,50,304.422957
-4.958883,50,304.694696
-6.337165,50,304.969384
-5.799255,50,305.273815
-4.450117,50,305.55204
-7.619256,50,305.824071
-7.831161,50,306.100191
-3.782983,50,306.372085
-5.454095,50,306.646674
-4.185339,50,306.942951
-3.76308,50,307.219509
-5.259191,50,307.492732
-2.541196,50,307.767728
-7.702471,50,308.040371
-4.905679,50,308.327885
-7.864935,50,308.601122
-5.110006,50,308.876404
-4.467254,50,309.14924
-5.137517,50,309.420221
-2.727145,50,309.704453
-6.078234,50,309.976733
-8.234276,50,310.251454
-5.792101,50,310.523115
-3.835853,50,310.810635
-2.628514,50,311.081876
-4.560201,50,311.35599
-5.185885,50,311.626951
-5.637397,50,311.905762
-3.199475,50,312.177627
-5.778582,50,312.452513
-4.998239,50,312.724546
-2.356408,50,313.002707
-2.345557,50,313.277585
-4.094123,50,313.552482
-4.136466,50,313.826123
-7.031551,50,314.104977
-2.967619,50,314.376676
-3.875483,50,314.651289
-6.058686,50,314.922733
-6.931095,50,315.19638
-6.750887,50,315.478186
-8.060506,50,315.748908
-3.192069,50,316.02639
-6.223292,50,316.298846
-4.692693,50,316.599862
-5.563018,50,316.870948
-4.74158,50,317.146051
-2.691752,50,317.419481
-6.629463,50,317.699478
-7.829264,50,317.970844
-2.694226,50,318.245666
-6.221299,50,318.539818
-5.160554,50,318.815469
-2.880577,50,319.090412
-2.660314,50,319.365248
-4.804066,50,319.638946
-3.775558,50,319.937808
-4.6655,50,320.211732
-3.169887,50,320.48554
-5.55037,50,320.761831
-3.581629,50,321.038105
-4.594584,50,321.312532
-4.441146,50,321.600291
-4.898974,50,321.874831
-8.853539,50,322.150659
-3.806619,50,322.422362
-6.535246,50,322.697959
-4.997038,50,322.972671
-3.181813,50,323.24733
-2.780707,50,323.519823
-7.952854,50,323.794601
-3.581618,50,324.071236
-5.682462,50,324.350456
-4.948277,50,324.622473
-3.695455,50,324.898248
-4.682759,50,325.174613
-3.620434,50,325.445367
-2.463946,50,325.720835
-3.051862,50,325.994458
-3.680813,50,326.277354
-5.80347,50,326.54965
-5.37766,50,326.833324
-5.093519,50,327.105977
-5.569537,50,327.383397
-4.422983,50,327.656946
-1.211864,50,327.931459
-4.824932,50,328.203793
-4.783911,50,328.504547
-4.862243,50,328.781398
-3.387346,50,329.052998
-6.76281,50,329.324343
-6.254234,50,329.60062
-2.175768,50,329.902988
-7.393177,50,330.188101
-4.298454,50,330.473171
-6.968293,50,330.759083
-6.95428,50,331.045463
-4.880017,50,331.327545
-8.356431,50,331.608307
-3.897817,50,331.937355
-4.310245,50,332.223993
-6.573069,50,332.526387
-2.867782,50,332.812556
-5.883548,50,333.093318
-3.259353,50,333.378615
-6.289431,50,333.659843
-6.122228,50,333.946667
-3.985454,50,334.235661
-3.067408,50,334.519107
-4.02536,50,334.798099
-2.144431,50,335.083809
-8.603277,50,335.363302
-3.564425,50,335.635724
-4.912862,50,335.912073
-7.317786,50,336.184422
-2.326776,50,336.464263
-5.963347,50,336.737292
-5.960958,50,337.014064
-2.34017,50,337.285891
-4.145733,50,337.589149
-5.658978,50,337.860519
-3.594392,50,338.135708
-4.356438,50,338.406527
-4.708783,50,338.683882
-4.86839,50,338.956744
-7.984326,50,339.229791
-7.38419,50,339.532225
-2.52488,50,339.808961
-5.210812,50,340.083458
-4.37808,50,340.357878
-5.04935,50,340.630977
-7.709923,50,340.909178
-1.69261,50,341.183422
-3.824119,50,341.453797
-7.725444,50,341.728978
-2.424956,50,342.004621
-3.591589,50,342.28064
-4.935902,50,342.555116
-4.019368,50,342.831124
-2.504268,50,343.107219
-4.202126,50,343.383522
-4.141636,50,343.657307
-5.072852,50,343.931725
-5.112726,50,344.239504
-2.312853,50,344.511817
-2.835005,50,344.783863
-6.122182,50,345.065941
-6.039332,50,345.376528
-5.171039,50,345.648921
-7.253003,50,345.924125
-3.789646,50,346.196964
-3.066235,50,346.470726
-5.44184,50,346.747031
-4.291536,50,347.045647
-5.138885,50,347.320358
-4.378045,50,347.595789
-2.890415,50,347.869646
-3.919495,50,348.141896
-3.695179,50,348.418275
-3.370398,50,348.718425
-8.032017,50,348.990943
-6.346811,50,349.262355
-2.666275,50,349.536947
-5.671235,50,349.810776
-7.474247,50,350.086597
-6.242042,50,350.359108
-5.735747,50,350.632588
-8.142508,50,350.909785
-2.487156,50,351.184185
-1.034521,50,351.455338
-5.854675,50,351.729671
-5.190109,50,352.006903
-7.194199,50,352.279795
-2.787048,50,352.5553
-5.37432,50,352.829449
-6.571931,50,353.107235
-3.31194,50,353.380872
-5.858691,50,353.655631
-3.45978,50,353.92719
-5.398816,50,354.205145
-5.768485,50,354.480487
-2.694171,50,354.757631
-4.238851,50,355.029281
-2.383352,50,355.332536
-4.355196,50,355.606075
-5.241353,50,355.880589
-5.994569,50,356.153295
-4.33875,50,356.428453
-5.59207,50,356.704594
-7.036275,50,356.980488
-2.842681,50,357.250989
-4.276589,50,357.530973
-5.237104,50,357.802455
-5.602654,50,358.078828
-5.627106,50,358.350607
-6.328186,50,358.627422
-3.49708,50,358.899199
-4.743148,50,359.170426
-5.643598,50,359.446346
-2.133929,50,359.740093
-1.920666,50,360.012395
-4.841622,50,360.290944
-3.757247,50,360.564493
-3.532491,50,360.841175
-6.520032,50,361.115706
-3.281687,50,361.386936
-4.798035,50,361.662743
-4.400126,50,361.936829
-4.766411,50,362.215663
-1.95106,50,362.488539
-4.149231,50,362.7633
-5.972116,50,363.039625
-2.543841,50,363.314625
-2.177608,50,363.586294
-4.272735,50,363.883343
-7.456557,50,364.161144
-5.275952,50,364.434538
-2.941815,50,364.706876
-1.375955,50,364.98105
-2.666026,50,365.284262
-4.896716,50,365.558673
-3.846145,50,365.831703
-5.138804,50,366.120031
-3.140979,50,366.394626
-3.756542,50,366.670839
-5.060812,50,366.942325
-3.434392,50,367.217503
-3.651067,50,367.495701
-3.937281,50,367.771888
-4.961263,50,368.043689
-6.099994,50,368.316527
-3.901141,50,368.598267
-6.739311,50,368.870834
-2.470007,50,369.1472
-4.27241,50,369.418638
-4.668166,50,369.72104
-5.021024,50,369.99433
-3.459875,50,370.269189
-4.391024,50,370.540563
-6.050968,50,370.817147
-6.251283,50,371.088231
-6.772857,50,371.363336
-5.869611,50,371.637384
-3.072684,50,371.91625
-5.672409,50,372.1886
-2.624626,50,372.465034
-2.925094,50,372.737636
-6.421087,50,373.015859
-3.171702,50,373.289034
-3.007717,50,373.586379
-3.401937,50,373.863549
-5.892217,50,374.138703
-6.443403,50,374.415012
-4.795709,50,374.687929
-6.953107,50,374.960199
-4.698738,50,375.239633
-3.188919,50,375.512723
-1.422017,50,375.787202
-6.167817,50,376.061927
-6.949717,50,376.368096
-2.70945,50,376.64265
-6.411315,50,376.915109
-2.199212,50,377.196043
-5.05152,50,377.493214
-6.061933,50,377.769041
-3.097004,50,378.040384
-5.552416,50,378.314835
-5.70343,50,378.603572
-6.614115,50,378.880726
-4.381042,50,379.153347
-8.234005,50,379.427781
-6.285035,50,379.705585
-8.736065,50,380.002984
-5.308175,50,380.277195
-5.116223,50,380.553078
-5.93588,50,380.828462
-5.459393,50,381.103149
-4.448424,50,381.377036
-3.717185,50,381.650964
-7.707484,50,381.923554
-6.969236,50,382.197294
-7.082025,50,382.471816
-2.849594,50,382.744693
-3.040047,50,383.047954
-6.53853,50,383.324751
-5.349866,50,383.597058
-6.403696,50,383.871296
-7.393207,50,384.167553
-3.415011,50,384.442139
-6.416573,50,384.717249
-4.031164,50,384.991528
-5.948723,50,385.292359
-13.525508,50,385.567066
-6.683547,50,385.840776
-5.434301,50,386.116092
-7.390658,50,386.390462
-7.485635,50,386.665662
-4.10474,50,386.943748
-2.530065,50,387.215105
-7.492665,50,387.491889
-9.377453,50,387.765806
-9.102875,50,388.042381
-5.542338,50,388.340662
-6.257818,50,388.615196
-3.340875,50,388.891257
-8.001163,50,389.16174
-5.979184,50,389.434493
-2.563676,50,389.726357
-7.744452,50,390.002369
-6.01499,50,390.27698
-6.476278,50,390.550014
-7.850124,50,390.826032
-4.062374,50,391.098353
-6.518579,50,391.373781
-5.41045,50,391.645832
-3.385278,50,391.925693
-6.488192,50,392.196585
-7.065392,50,392.495498
-3.517614,50,392.769907
-9.574596,50,393.046859
-8.582736,50,393.319012
-5.979721,50,393.594174
-9.204874,50,393.866064
-2.070886,50,394.156431
-3.861385,50,394.428755
-7.989307,50,394.703312
-8.187124,50,394.976027
-6.333817,50,395.252429
-4.798186,50,395.52768
-6.643482,50,395.80238
-4.418361,50,396.078196
-5.181757,50,396.354058
-4.806799,50,396.629071
-3.308688,50,396.904474
-3.701939,50,397.177068
-3.868628,50,397.454155
-5.028382,50,397.728122
-6.762665,50,398.002746
-6.845609,50,398.275215
-6.761565,50,398.551395
-6.777354,50,398.829919
-7.188267,50,399.101944
-3.626704,50,399.377376
-4.877186,50,399.684381
-5.509085,50,399.956802
-4.688298,50,400.232731
-4.943792,50,400.505057
-5.523666,50,400.783405
-4.400611,50,401.055136
-3.633601,50,401.332709
-3.426434,50,401.605457
-3.762807,50,401.880058
-2.657852,50,402.156477
-3.707082,50,402.429827
-1.314354,50,402.706378
-6.965713,50,402.98167
-5.553758,50,403.259011
-5.375898,50,403.531656
-5.470327,50,403.808056
-2.535149,50,404.08303
-6.464238,50,404.358515
-6.025852,50,404.632231
-5.744323,50,404.907289
-5.653475,50,405.202122
-5.79296,50,405.477437
-6.117781,50,405.749034
-4.853716,50,406.026092
-5.669772,50,406.301838
-6.354763,50,406.575081
-5.272919,50,406.847183
-3.899192,50,407.120618
-2.829676,50,407.396161
-3.358437,50,407.668546
-5.33467,50,407.944315
-5.248283,50,408.21849
-4.333196,50,408.496891
-5.140015,50,408.768851
-3.594194,50,409.043597
-6.812147,50,409.315318
-2.423409,50,409.603013
-4.856873,50,409.874506
-7.054139,50,410.150725
-6.619027,50,410.423546
-5.363891,50,410.700797
-5.667058,50,410.973757
-2.42563,50,411.24967
-4.278141,50,411.523792
-5.350526,50,411.798177
-5.124938,50,412.074715
-4.710278,50,412.345736
-4.070366,50,412.620573
-5.255064,50,412.893911
-4.089425,50,413.170577
-5.828233,50,413.442931
-4.057487,50,413.718576
-3.860639,50,413.992745
-4.143663,50,414.270487
-4.286352,50,414.54233
-3.955521,50,414.818336
-4.481766,50,415.097
-5.449161,50,415.373444
-5.286204,50,415.644792
-7.088425,50,415.920501
-5.488459,50,416.193278
-5.10419,50,416.475634
-3.93435,50,416.748195
-2.942461,50,417.019092
-2.557469,50,417.324997
-1.338792,50,417.599712
-5.183873,50,417.873098
-4.649326,50,418.14689
-7.50469,50,418.42218
-2.845487,50,418.695879
-7.959144,50,418.96917
-5.732096,50,419.243447
-4.236685,50,419.519898
-1.294697,50,419.834128
-5.638436,50,420.109969
-5.219129,50,420.384883
-3.973785,50,420.659268
-4.316144,50,420.935047
-3.999238,50,421.205592
-4.224947,50,421.48252
-2.916504,50,421.772581
-4.305217,50,422.048047
-6.50847,50,422.320144
-3.4776,50,422.591403
-5.16906,50,422.868008
-4.23327,50,423.140674
-4.410177,50,423.426147
-3.859149,50,423.698258
-3.204887,50,423.976349
-4.294179,50,424.248244
-4.466349,50,424.528326
-2.553032,50,424.799623
-5.685664,50,425.077122
-4.636096,50,425.350416
-3.823038,50,425.623871
-7.158019,50,425.896668
-4.213083,50,426.186498
-2.924434,50,426.460946
-6.763425,50,426.736043
-6.129775,50,427.00887
-3.414655,50,427.306733
-3.302875,50,427.582302
-6.224045,50,427.855519
-4.688858,50,428.128123
-6.87936,50,428.405455
-5.585363,50,428.677276
-6.275447,50,428.954961
-5.250868,50,429.227294
-6.073448,50,429.503642
-4.563321,50,429.775802
-4.364357,50,430.05165
-3.569221,50,430.323117
-7.453086,50,430.599941
-7.99812,50,430.872126
-6.847259,50,431.147292
-4.810541,50,431.420968
-5.277207,50,431.699039
-2.6485,50,431.972027
-3.478085,50,432.24351
-5.197888,50,432.519517
-4.003523,50,432.821783
-4.473502,50,433.095896
-1.556771,50,433.367641
-7.122925,50,433.645397
-4.604395,50,433.918367
-3.776653,50,434.216668
-3.184555,50,434.491346
-1.756534,50,434.765041
-4.864642,50,435.0437
-6.532315,50,435.316274
-3.913246,50,435.590117
-4.935083,50,435.864805
-4.378378,50,436.140117
-4.407556,50,436.416619
-2.371649,50,436.687906
-4.200541,50,436.963307
-5.054139,50,437.238828
-4.414913,50,437.513556
-6.318895,50,437.785896
-7.152801,50,438.061293
-6.458025,50,438.339274
-2.526311,50,438.616901
-6.69051,50,438.890939
-2.684998,50,439.164295
-3.887004,50,439.436979
-4.43642,50,439.738829
-3.354233,50,440.01078
-3.309692,50,440.286534
-1.618609,50,440.560595
-2.462584,50,440.83792
-4.05111,50,441.110502
-5.986642,50,441.381584
-3.479017,50,441.658717
-1.702916,50,441.933076
-4.016625,50,442.208183
-4.505133,50,442.480065
-4.187408,50,442.804482
-4.625932,50,443.08089
-3.22048,50,443.353019
-8.387119,50,443.628493
-3.886158,50,443.907931
-6.560889,50,444.183265
-6.957863,50,444.455467
-2.483746,50,444.728948
-4.6372,50,445.027143
-4.012284,50,445.304371
-1.158111,50,445.577086
-2.290878,50,445.852423
-8.019161,50,446.126625
-4.810426,50,446.427236
-6.926528,50,446.701309
-6.241888,50,446.976153
-3.700884,50,447.251453
-2.92863,50,447.526212
-6.551565,50,447.798627
-4.453403,50,448.070514
-5.46671,50,448.345946
-5.189137,50,448.618072
-2.579813,50,448.892963
-1.307656,50,449.169049
-2.450039,50,449.445744
-6.051788,50,449.720852
-4.096374,50,450.01067
-4.222835,50,450.296289
-2.698188,50,450.583333
-6.256739,50,450.85897
-5.839502,50,451.131944
-7.057995,50,451.405882
-4.678472,50,451.692413
-5.797223,50,451.968624
-6.953677,50,452.240995
-3.582777,50,452.515218
-6.613017,50,452.817001
-4.913276,50,453.092648
-4.002054,50,453.364833
-2.735695,50,453.643016
-1.641908,50,453.923365
-4.673425,50,454.203367
-5.159851,50,454.476648
-4.473992,50,454.754714
-4.984397,50,455.02998
-3.794388,50,455.301502
-4.038762,50,455.576243
-2.470021,50,455.875255
-10.216586,50,456.156104
-5.810411,50,456.476482
-3.092596,50,456.78524
-4.956385,50,457.123105
-4.138469,50,457.469523
-4.40743,50,457.798218
-4.203628,50,458.121591
-5.48528,50,458.443237
-4.112716,50,458.741419
-4.622195,50,459.037399
-6.478347,50,459.355934
-3.895464,50,459.692764
-3.365167,50,460.009968
-1.709765,50,460.331806
-3.710584,50,460.657826
-5.599645,50,460.973181
-9.13357,50,461.310941
-10.685911,50,461.612082
-6.552628,50,461.859674
-4.198708,50,462.113867
-5.191019,50,462.441102
-5.456772,50,462.875087
-4.708069,50,463.168552
-7.288818,50,463.513621
-2.008395,50,463.847872
-5.189302,50,464.165239
-4.700322,50,464.47701
-3.498847,50,464.844259
-4.846036,50,465.208617
-2.063589,50,465.575984
-5.045164,50,465.951342
-4.994369,50,466.310269
-4.290676,50,466.6341
-2.114568,50,466.949985
-6.001479,50,467.242603
-4.473798,50,467.556337
-5.110723,50,467.895827
-5.676094,50,468.184777
-4.204533,50,468.478172
-6.535456,50,468.765684
-3.064071,50,469.05855
-4.903957,50,469.352823
-7.840376,50,469.635346
-6.328107,50,469.911724
-4.414427,50,470.217483
-3.979637,50,470.502395
-2.462189,50,470.783371
-10.127148,50,471.076954
-2.837572,50,471.386131
-4.523671,50,471.673884
-5.619867,50,471.965926
-2.633301,50,472.24537
-4.775143,50,472.546061
-2.202607,50,472.825271
-4.669874,50,473.117552
-1.464393,50,473.399595
-7.481649,50,473.674273
-8.434367,50,473.972943
-4.14673,50,474.258836
-7.008201,50,474.541346
-6.689708,50,474.817886
-6.095842,50,475.098237
-6.321664,50,475.378345
-5.747793,50,475.672322
-6.107379,50,475.950567
-6.269135,50,476.238004
-4.869823,50,476.514903
-5.434831,50,476.799099
-6.068252,50,477.082701
-5.568841,50,477.365328
-2.51349,50,477.644899
-2.552606,50,477.931361
-5.911827,50,478.213508
-5.925023,50,478.495966
-5.240289,50,478.776525
-4.800708,50,479.061585
-4.464501,50,479.349578
-3.271129,50,479.658068
-6.437161,50,479.942295
-2.343708,50,480.218691
-4.525214,50,480.508223
-5.234865,50,480.788122
-2.667708,50,481.091235
-5.97183,50,481.378499
-5.088485,50,481.661386
-1.628669,50,481.942118
-4.413293,50,482.22648
-6.881685,50,482.507001
-4.717645,50,482.803387
-8.526534,50,483.086898
-1.133396,50,483.373168
-5.224784,50,483.656946
-4.132222,50,483.93614
-7.088578,50,484.225439
-7.672175,50,484.523427
-3.52028,50,484.803061
-1.765701,50,485.095208
-6.167806,50,485.377437
-3.725175,50,485.660103
-7.166886,50,485.940684
-1.252603,50,486.227007
-1.824335,50,486.51413
-9.530875,50,486.794891
-4.484653,50,487.080314
-5.859999,50,487.359482
-3.747373,50,487.668026
-5.231576,50,487.945476
-4.980523,50,488.23007
-4.557102,50,488.50751
-2.178431,50,488.791845
-2.506574,50,489.07135
-7.31477,50,489.379592
-2.733779,50,489.658749
-3.24884,50,489.945154
-6.333449,50,490.22412
-6.907736,50,490.507347
-4.711096,50,490.809927
-2.03412,50,491.098382
-3.867615,50,491.375065
-5.937297,50,491.66153
-8.14765,50,491.938689
-4.486031,50,492.226636
-6.052776,50,492.505967
-3.844414,50,492.787701
-6.667835,50,493.069815
-6.822227,50,493.352036
-5.874877,50,493.6408
-5.160192,50,493.92233
-5.230468,50,494.207724
-5.504515,50,494.49041
-4.758821,50,494.774693
-5.644798,50,495.053847
-4.102913,50,495.343506
-6.950044,50,495.628875
-6.455239,50,495.912724
-6.141115,50,496.193006
-2.560951,50,496.476526
-2.721241,50,496.756832
-6.814086,50,497.036268
-4.467343,50,497.319648
-2.008192,50,497.602634
-4.027402,50,497.882005
-2.356987,50,498.165062
-5.000698,50,498.443549
-2.574786,50,498.728548
-4.195772,50,499.007469
-2.513979,50,499.297372
-4.330461,50,499.576161
-5.20683,50,499.864881
-3.63593,50,500.15073
-3.934568,50,500.433454
-3.415097,50,500.714703
-6.328501,50,500.998061
-3.343803,50,501.274354
-5.635953,50,501.560661
-5.377402,50,501.837215
-5.679495,50,502.131151
-3.360031,50,502.417644
-3.864443,50,502.694177
-4.601303,50,502.982993
-5.507028,50,503.26965
-4.506196,50,503.558952
-4.211121,50,503.842978
-5.983644,50,504.126751
-1.565264,50,504.446008
-2.528928,50,504.724777
-2.837087,50,505.010936
-3.360609,50,505.291056
-3.279385,50,505.574595
-4.273151,50,505.869348
-3.811775,50,506.167782
-5.096824,50,506.460415
-5.039017,50,506.738699
-3.253953,50,507.024377
-2.943132,50,507.304054
-5.95364,50,507.593296
-6.224906,50,507.87499
-4.306248,50,508.155487
-4.607393,50,508.438057
-3.703223,50,508.717495
-5.24015,50,509.009062
-4.769438,50,509.291229
-2.892206,50,509.571748
-4.799652,50,509.855628
-3.793039,50,510.16291
-4.071603,50,510.444927
-2.613312,50,510.732362
-4.173793,50,511.012656
-5.974747,50,511.328637
-3.225047,50,511.605194
-5.526075,50,511.890748
-5.132327,50,512.168898
-1.666586,50,512.46072
-7.249788,50,512.735382
-3.347563,50,513.023607
-4.212261,50,513.300512
-6.34382,50,513.589061
-3.834828,50,513.870572
-3.228151,50,514.156703
-4.181468,50,514.435238
-7.227399,50,514.721869
-4.33413,50,515.005261
-5.103013,50,515.29188
-4.435917,50,515.596833
-7.844726,50,515.886884
-2.081002,50,516.165257
-5.810475,50,516.450487
-5.478979,50,516.728584
-2.844942,50,517.022427
-6.190345,50,517.302659
-2.693447,50,517.585397
-2.787755,50,517.865929
-2.342066,50,518.151143
-3.693739,50,518.458648
-2.723611,50,518.748418
-4.794641,50,519.029356
-6.253287,50,519.340989
-6.370433,50,519.631335
-4.384738,50,519.923034
-4.331394,50,520.203303
-4.207048,50,520.487165
-3.844054,50,520.77109
-5.438229,50,521.052644
-3.854861,50,521.334353
-4.608563,50,521.620725
-5.277906,50,521.89952
-2.337298,50,522.18331
-6.660624,50,522.486413
-4.123896,50,522.774981
-7.036008,50,523.053199
-3.041896,50,523.341332
-2.895919,50,523.620823
-5.615178,50,523.905987
-2.950414,50,524.186527
-6.273861,50,524.473696
-4.505812,50,524.75253
-3.029359,50,525.067143
-5.130601,50,525.345178
-5.565373,50,525.633597
-8.965331,50,525.910627
-5.018458,50,526.224871
-3.012539,50,526.501281
-4.10442,50,526.791772
-2.257298,50,527.100404
-4.406759,50,527.395712
-4.329577,50,527.677016
-5.123672,50,527.970242
-5.697597,50,528.254876
-4.87808,50,528.562862
-4.929604,50,528.847365
-2.653663,50,529.142143
-4.891887,50,529.423585
-7.892374,50,529.744913
-4.999898,50,530.030248
-6.388565,50,530.324659
-2.420956,50,530.60869
-2.579741,50,530.898601
-4.75006,50,531.185743
-3.83944,50,531.475234
-2.909606,50,531.765367
-3.832866,50,532.059972
-4.523842,50,532.342886
-6.628534,50,532.658718
-4.154674,50,532.94498
-1.690047,50,533.239558
-4.38826,50,533.524134
-4.539806,50,533.817621
-7.633276,50,534.113722
-5.007442,50,534.408378
-5.81469,50,534.692874
-2.299279,50,534.985596
-3.966923,50,535.2919
-5.922666,50,535.588093
-3.925022,50,535.872218
-2.213526,50,536.16437
-7.234911,50,536.453562
-3.78087,50,536.746648
-3.20404,50,537.033291
-4.840131,50,537.324855
-1.212651,50,537.609022
-5.255547,50,537.900501
-6.086767,50,538.211315
-7.10298,50,538.505629
-5.881661,50,538.792473
-5.64814,50,539.083238
-4.105049,50,539.372941
-4.49654,50,539.665082
-2.30111,50,539.94487
-2.642625,50,540.247163
-4.894613,50,540.513369
-6.461412,50,540.781661
-4.738577,50,541.074528
-2.311083,50,541.346268
-3.645072,50,541.624124
-3.727942,50,541.912717
-6.372302,50,542.234415
-6.521584,50,542.530419
-6.837066,50,542.802026
-3.514903,50,543.086781
-4.505247,50,543.363906
-3.336305,50,543.641005
-4.982792,50,543.927816
-4.574921,50,544.205316
-4.953689,50,544.489364
-5.461184,50,544.779315
-5.787023,50,545.063494
-1.429325,50,545.345338
-2.759332,50,545.628186
-5.348085,50,545.915861
-4.904458,50,546.197289
-3.915845,50,546.48192
-1.161838,50,546.766675
-1.255456,50,547.075182
-5.474539,50,547.354689
-2.850407,50,547.627899
-4.413071,50,547.904091
-4.153248,50,548.180619
-5.438321,50,548.457019
-3.050896,50,548.7323
-3.925739,50,549.0077
-6.266795,50,549.30574
-3.705902,50,549.581904
-3.563172,50,549.85411
-5.253677,50,550.131311
-4.279275,50,550.428286
-5.035641,50,550.705121
-5.026939,50,550.977305
-4.558638,50,551.252458
-5.306646,50,551.55107
-3.550388,50,551.830909
-4.804501,50,552.103922
-3.493752,50,552.379821
-5.101434,50,552.656192
-4.982376,50,552.956534
-1.592651,50,553.230917
-5.053775,50,553.506786
-3.323986,50,553.782979
-6.518,50,554.055346
-3.312511,50,554.355644
-2.201952,50,554.626988
-4.65018,50,554.905356
-3.816114,50,555.178369
-3.001534,50,555.453005
-3.314488,50,555.726363
-6.95797,50,556.028425
-2.191076,50,556.302418
-6.011431,50,556.577097
-2.932461,50,556.851046
-0.895195,50,557.124928
-1.847381,50,557.401017
-5.688359,50,557.676644
-6.129936,50,557.951188
-4.651012,50,558.303486
-4.287984,50,558.580113
-4.421863,50,558.8526
-5.995172,50,559.128966
-4.110392,50,559.42273
-3.340866,50,559.699843
-1.174176,50,559.971811
-2.475637,50,560.248023
-3.214755,50,560.521265
-4.208569,50,560.797485
-6.815919,50,561.070352
-1.286239,50,561.369686
-5.861082,50,561.647704
-4.83528,50,561.922838
-3.939741,50,562.196827
-6.447449,50,562.4961
-4.147922,50,562.772464
-1.950647,50,563.051523
-3.168004,50,563.325339
-5.746707,50,563.601271
-3.232414,50,563.875999
-4.968642,50,564.167252
-7.502231,50,564.440095
-4.737746,50,564.716179
-3.511699,50,564.990755
-4.30959,50,565.268549
-4.813642,50,565.542789
-2.648166,50,565.817747
-7.011037,50,566.091236
-6.198185,50,566.368153
-3.302214,50,566.64132
-2.309734,50,566.920657
-5.150189,50,567.196069
-2.501758,50,567.472459
-7.184876,50,567.745785
-6.301541,50,568.018573
-1.528563,50,568.328328
-3.834894,50,568.604947
-5.990432,50,568.879119
-1.593017,50,569.153576
-3.788287,50,569.449272
-3.641033,50,569.724364
-3.619822,50,569.998618
-2.835029,50,570.272938
-3.456752,50,570.552226
-5.477071,50,570.846094
-7.030925,50,571.11942
-4.720393,50,571.395332
-2.434986,50,571.669977
-4.293215,50,571.945418
-3.327938,50,572.217958
-6.664684,50,572.498642
-7.00454,50,572.773721
-2.23398,50,573.050945
-4.549476,50,573.324021
-5.779369,50,573.600746
-7.553693,50,573.874927
-4.550957,50,574.174255
-4.053756,50,574.450046
-1.852207,50,574.727903
-6.472524,50,575.005142
-4.66087,50,575.280271
-3.266605,50,575.556726
-5.021494,50,575.857935
-5.470358,50,576.118609
-3.57144,50,576.384184
-5.70839,50,576.662713
-4.874749,50,576.947713
-2.195184,50,577.221683
-5.952618,50,577.493056
-2.985031,50,577.764725
-3.437518,50,578.072049
-2.035453,50,578.369357
-6.267209,50,578.641508
-3.347198,50,578.912793
-5.65244,50,579.188583
-5.385418,50,579.462873
-4.61107,50,579.738071
-5.668954,50,580.035463
-3.646159,50,580.31228
-2.322924,50,580.584262
-4.247409,50,580.859494
-6.58608,50,581.134241
-3.567097,50,581.431405
-3.04463,50,581.70492
-3.171024,50,581.982742
-3.799329,50,582.253926
-3.102556,50,582.530176
-2.891839,50,582.805873
-5.567429,50,583.083635
-3.340971,50,583.356952
-3.671653,50,583.631108
-1.484292,50,583.905285
-6.745491,50,584.192171
-4.615094,50,584.465057
-4.887337,50,584.744802
-4.034537,50,585.017839
-6.829662,50,585.292382
-1.350325,50,585.56422
-1.207532,50,585.835706
-3.47354,50,586.112876
-6.812488,50,586.384334
-6.567254,50,586.662231
-5.595926,50,586.936562
-4.288251,50,587.213107
-2.844043,50,587.48565
-3.291008,50,587.760202
-3.400547,50,588.032263
-4.418485,50,588.315243
-6.534676,50,588.587885
-6.796282,50,588.863518
-2.938774,50,589.135245
-3.861426,50,589.413711
-6.569148,50,589.689315
-2.181517,50,589.964669
-3.436281,50,590.238504
-3.546486,50,590.515287
-4.603428,50,590.788317
-8.14721,50,591.086768
-5.059558,50,591.357832
-4.138018,50,591.634643
-3.950749,50,591.916781
-3.630709,50,592.201103
-3.220461,50,592.507834
-7.143963,50,592.793182
-3.821559,50,593.080914
-4.797687,50,593.364214
-3.336655,50,593.649157
-2.22571,50,593.93531
-7.672062,50,594.217948
-4.567362,50,594.500905
-3.544166,50,594.781641
-2.641019,50,595.071092
-5.446328,50,595.350957
-5.026641,50,595.646505
-6.398188,50,595.92847
-4.17262,50,596.212078
-2.277468,50,596.499046
-4.442332,50,596.777915
-4.251098,50,597.069512
-11.225391,50,597.377604
-3.777069,50,597.651507
-7.203994,50,597.927625
-4.877648,50,598.200966
-3.500371,50,598.479041
-5.027792,50,598.752377
-3.763792,50,599.027612
-7.769869,50,599.300798
-6.205632,50,599.576963
-6.899183,50,599.850329
-4.659932,50,600.124754
-5.895103,50,600.39828
-2.010704,50,600.69215
-6.19194,50,600.965714
-2.105762,50,601.240033
-6.94168,50,601.514669
-5.645266,50,601.817158
-6.345351,50,602.090229
-6.061313,50,602.366131
-3.223608,50,602.639168
-3.884562,50,602.91717
-7.81636,50,603.198215
-1.95177,50,603.475109
-6.348309,50,603.747449
-2.711937,50,604.026718
-0.980055,50,604.300403
-6.58835,50,604.57765
-6.645227,50,604.85049
-6.401959,50,605.128487
-2.514985,50,605.40055
-3.274591,50,605.69959
-6.257564,50,605.972807
-3.76334,50,606.251692
-7.101444,50,606.52403
-1.59644,50,606.801188
-5.723793,50,607.073668
-4.341423,50,607.377346
-12.072184,50,607.649744
-5.359959,50,607.924363
-6.272935,50,608.197673
-6.122904,50,608.502221
-4.231524,50,608.792277
-5.27611,50,609.074677
-6.110391,50,609.359966
-4.620153,50,609.672363
-6.202943,50,609.951134
-2.367393,50,610.23835
-7.030984,50,610.521618
-6.765493,50,610.803787
-3.098302,50,611.089035
-5.677298,50,611.366972
-7.040841,50,611.653195
-5.307009,50,611.935876
-2.549876,50,612.218468
-6.330357,50,612.503111
-6.488849,50,612.783039
-6.362001,50,613.068677
-5.054834,50,613.350997
-6.442549,50,613.631117
-1.443598,50,613.923605
-2.556549,50,614.201809
-6.380609,50,614.478238
-5.295384,50,614.750778
-1.863703,50,615.02635
-3.129167,50,615.333004
-4.292442,50,615.611767
-5.530138,50,615.88386
-6.425991,50,616.160003
-6.890548,50,616.439634
-3.442413,50,616.716297
-2.900125,50,616.988607
-4.265913,50,617.26494
-2.110712,50,617.563374
-2.78805,50,617.836264
-12.871458,50,618.111146
-5.191303,50,618.384816
-3.557037,50,618.686687
-6.852809,50,618.960361
-4.477124,50,619.242566
-4.091666,50,619.515275
-3.961043,50,619.793068
-7.042559,50,620.067022
-5.889558,50,620.364107
-5.154217,50,620.637279
-5.89941,50,620.914115
-13.921337,50,621.187163
-5.115553,50,621.462214
-3.153195,50,621.734028
-1.703067,50,622.038841
-4.33902,50,622.313794
-6.918966,50,622.586421
-2.696246,50,622.861741
-6.313053,50,623.139161
-6.773113,50,623.411588
-4.79721,50,623.688656
-2.608931,50,623.961245
-5.480347,50,624.240413
-6.410114,50,624.514138
-5.347773,50,624.78941
-3.177566,50,625.064298
-7.596656,50,625.372525
-4.630754,50,625.649504
-12.320456,50,625.921084
-3.113574,50,626.196058
-7.17056,50,626.469923
-4.8867,50,626.746124
-3.44722,50,627.01828
-4.15448,50,627.291516
-4.239733,50,627.569575
-3.997651,50,627.848568
-5.033708,50,628.122237
-7.679819,50,628.394663
-4.410633,50,628.671825
-4.923798,50,628.944629
-2.548103,50,629.222431
-12.259094,50,629.496236
-4.199273,50,629.796538
-4.574173,50,630.070932
-5.262347,50,630.344674
-7.146913,50,630.617375
-4.826889,50,630.920347
-4.825322,50,631.19509
-3.756106,50,631.473751
-5.087838,50,631.748925
-2.957039,50,632.023464
-4.973106,50,632.298585
-3.110442,50,632.571431
-3.576298,50,632.842946
-5.327868,50,633.119506
-4.321529,50,633.39067
-5.362088,50,633.666833
-3.005375,50,633.939067
-3.296168,50,634.216677
-2.837926,50,634.489338
-5.510311,50,634.792387
-2.739384,50,635.144269
-5.495777,50,635.430767
-4.84724,50,635.704932
-4.374089,50,635.980609
-4.415073,50,636.25744
-4.881458,50,636.536272
-5.94115,50,636.809947
-2.246548,50,637.08637
-3.360102,50,637.362332
-2.936681,50,637.642406
-4.267452,50,637.915602
-5.054115,50,638.192109
-3.602521,50,638.465921
-5.19786,50,638.743424
-1.105749,50,639.016119
-1.342714,50,639.292857
-5.275876,50,639.567416
-3.312752,50,639.847088
-4.368348,50,640.119787
-5.022115,50,640.397001
-5.20167,50,640.67142
-4.012066,50,640.949024
-6.272623,50,641.222773
-3.113341,50,641.499089
-5.660564,50,641.772951
-4.438917,50,642.051575
-5.094514,50,642.325059
-3.289076,50,642.601461
-5.276062,50,642.875739
-5.895535,50,643.161057
-1.287949,50,643.436511
-5.646432,50,643.712016
-5.520263,50,643.983662
-6.489844,50,644.292845
-2.574046,50,644.566781
-4.505538,50,644.870527
-5.676924,50,645.146009
-4.693459,50,645.421475
-6.587319,50,645.702169
-5.903087,50,645.97648
-4.024742,50,646.271115
-3.984026,50,646.559262
-6.160317,50,646.848229
-5.144395,50,647.12988
-5.637449,50,647.417087
-2.72656,50,647.703967
-3.143705,50,647.984644
-2.997987,50,648.278967
-4.157265,50,648.557119
-4.054986,50,648.845047
-1.743202,50,649.129489
-2.559906,50,649.413112
-5.397016,50,649.699216
-4.267808,50,649.996188
-5.921873,50,650.284731
-6.415854,50,650.56529
-5.979917,50,650.850839
-5.800981,50,651.138256
-6.846426,50,651.414699
-3.208886,50,651.691815
-3.973049,50,651.963678
-5.575385,50,652.242258
-3.919028,50,652.51529
-6.407428,50,652.788882
-2.913008,50,653.064573
-6.313149,50,653.339956
-5.55546,50,653.615173
-3.313945,50,653.888805
-9.95034,50,654.190182
-3.153749,50,654.465954
-4.870322,50,654.738292
-5.01354,50,655.015376
-6.145128,50,655.287633
-2.557942,50,655.592641
-2.822013,50,655.866047
-4.824651,50,656.142386
-4.544188,50,656.414131
-2.869908,50,656.691331
-3.945011,50,656.963661
-5.533333,50,657.240826
-6.07283,50,657.514929
-5.874367,50,657.791882
-5.051126,50,658.065835
-5.029169,50,658.340138
-2.966236,50,658.614558
-1.889875,50,658.890923
-5.114786,50,659.163936
-3.905378,50,659.43596
-2.852299,50,659.71337
-5.593345,50,660.009425
-1.667315,50,660.283279
-5.150092,50,660.555369
-6.074419,50,660.832452
-3.685442,50,661.1348
-3.473228,50,661.406692
-5.160356,50,661.679757
-6.533781,50,661.95431
-5.716181,50,662.228945
-4.34997,50,662.504698
-5.278025,50,662.776329
-6.193229,50,663.05364
-4.594205,50,663.358277
-7.002909,50,663.631361
-5.277873,50,663.90372
-3.813737,50,664.17994
-4.340303,50,664.452454
-6.139332,50,664.729277
-6.266675,50,665.004824
-6.579626,50,665.281791
-3.658223,50,665.557693
-5.500488,50,665.83374
-3.013504,50,666.107351
-4.946117,50,666.383286
-5.272564,50,666.656499
-4.486598,50,666.933144
-7.166247,50,667.207213
-2.369584,50,667.480185
-3.82043,50,667.759671
-2.729802,50,668.032562
-4.787549,50,668.308351
-2.775447,50,668.581079
-6.165409,50,668.85993
-4.210905,50,669.132311
-1.938199,50,669.408155
-5.076311,50,669.680097
-4.056065,50,670.005659
-4.479394,50,670.284668
-4.441677,50,670.556938
-6.171967,50,670.837044
-3.496731,50,671.111202
-4.75663,50,671.391067
-4.910342,50,671.663314
-3.435867,50,671.939205
-6.592581,50,672.213452
-6.408002,50,672.49297
-2.277999,50,672.766326
-2.737076,50,673.041815
-5.705574,50,673.349264
-6.661007,50,673.626638
-6.418115,50,673.900295
-4.203298,50,674.175235
-2.258913,50,674.445903
-6.435076,50,674.723051
-6.642033,50,674.996203
-3.86521,50,675.271614
-7.583363,50,675.54591
-6.858149,50,675.821984
-2.691084,50,676.096316
-3.742906,50,676.370213
-2.124165,50,676.648316
-2.997621,50,676.923976
-2.240187,50,677.197399
-7.138426,50,677.470191
-4.357239,50,677.750529
-6.310063,50,678.022006
-7.207456,50,678.298227
-2.956614,50,678.570028
-5.894184,50,678.866643
-5.779862,50,679.142319
-6.709197,50,679.415883
-4.739853,50,679.688793
-4.652105,50,679.966765
-4.425156,50,680.239948
-6.299311,50,680.514243
-4.965539,50,680.78624
-6.215076,50,681.087175
-4.586823,50,681.362529
-3.095567,50,681.635545
-2.234943,50,681.908112
-4.790624,50,682.214795
-4.882641,50,682.489706
-6.020594,50,682.762454
-2.862586,50,683.037676
-2.992119,50,683.312285
-3.798254,50,683.588999
-4.35855,50,683.861201
-5.018826,50,684.136513
-3.416346,50,684.412542
-5.059779,50,684.687587
-5.596119,50,684.962012
-4.860593,50,685.233856
-3.588561,50,685.511284
-4.628014,50,685.783459
-5.625511,50,686.059804
-4.15435,50,686.359678
-2.440152,50,686.634629
-1.524511,50,686.909442
-3.664361,50,687.184743
-3.003695,50,687.458663
-3.940026,50,687.739984
-4.945236,50,688.013326
-5.471533,50,688.290305
-5.136065,50,688.562239
-5.771545,50,688.839637
-5.820072,50,689.115973
-2.051528,50,689.392417
-7.238793,50,689.664316
-2.554347,50,689.943234
-5.389966,50,690.215508
-5.421058,50,690.491679
-3.365377,50,690.764467
-4.924007,50,691.056542
-7.22123,50,691.328365
-4.183911,50,691.607078
-3.308439,50,691.878693
-3.924023,50,692.159644
-5.675181,50,692.432999
-2.645618,50,692.70777
-4.398836,50,692.979055
-3.779858,50,693.262897
-3.094509,50,693.535096
-5.256337,50,693.811401
-5.001022,50,694.084729
-3.508981,50,694.388973
-4.249678,50,694.660268
-5.15391,50,694.935826
-5.518477,50,695.209483
-5.310741,50,695.510168
-3.543626,50,695.786015
-3.979004,50,696.062523
-12.666215,50,696.338681
-3.759416,50,696.61569
-4.087847,50,696.888943
-3.640193,50,697.164141
-5.189656,50,697.436364
-4.375871,50,697.733494
-4.703561,50,698.007754
-2.780756,50,698.283574
-2.824631,50,698.557163
-4.70104,50,698.840038
-4.685109,50,699.112706
-4.756009,50,699.387916
-4.57782,50,699.659904
-3.058026,50,699.965455
-4.027256,50,700.241294
-2.852408,50,700.51593
-3.162463,50,700.790907
-2.884458,50,701.065951
-4.106038,50,701.343898
-4.560151,50,701.61579
-3.617342,50,701.876061
-4.950373,50,702.157377
-1.860937,50,702.430431
-4.645791,50,702.717111
-2.506244,50,702.990103
-4.438243,50,703.267413
-3.51803,50,703.541464
-5.335862,50,703.817428
-4.949432,50,704.090547
-8.913416,50,704.371549
-2.630615,50,704.645398
-5.199342,50,704.922006
-5.333303,50,705.194427
-3.718385,50,705.497501
-1.853929,50,705.775826
-6.11616,50,706.049032
-3.866669,50,706.320839
-3.560232,50,706.597353
-4.509815,50,706.870323
-13.719811,50,707.146541
-3.686324,50,707.417764
-4.982412,50,707.69497
-3.817425,50,707.968742
-4.433884,50,708.245442
-11.663502,50,708.518366
-1.908606,50,708.795517
-3.823771,50,709.068694
-13.505282,50,709.345831
-3.322089,50,709.618214
-8.680042,50,709.896478
-3.93365,50,710.169206
-3.853265,50,710.466755
-4.860902,50,710.741855
-3.39555,50,711.019689
-14.308464,50,711.292615
-4.267359,50,711.568141
-7.785243,50,711.84208
-3.887549,50,712.126179
-8.022433,50,712.400262
-2.847685,50,712.676033
-5.080847,50,712.949349
-2.083619,50,713.231345
-8.029215,50,713.505206
-3.500419,50,713.781035
-6.747666,50,714.055117
-4.603685,50,714.365253
-3.65807,50,714.638364
-4.435091,50,714.913783
-4.015112,50,715.188445
-2.622649,50,715.466005
-4.110459,50,715.738627
-2.957324,50,716.014244
-11.565242,50,716.289016
-1.993355,50,716.56541
-2.243587,50,716.840948
-3.290587,50,717.117867
-2.835948,50,717.39112
-9.208269,50,717.668368
-4.851344,50,717.944801
-11.570612,50,718.221945
-7.457384,50,718.496097
-6.81151,50,718.772804
-5.97179,50,719.046631
-8.397309,50,719.321856
-3.405034,50,719.594797
-7.542729,50,719.872213
-5.301913,50,720.152196
-7.815575,50,720.428257
-6.313928,50,720.699132
-5.815363,50,720.982504
-11.541169,50,721.255306
-8.143078,50,721.530036
-4.447545,50,721.80508
-3.950056,50,722.102026
-2.638114,50,722.377225
-4.788829,50,722.653659
-3.523244,50,722.925107
-3.300939,50,723.20353
-3.653759,50,723.49943
-4.149631,50,723.775301
-5.411125,50,724.047202
-3.888418,50,724.351009
-4.962737,50,724.623685
-6.07064,50,724.898911
-8.397864,50,725.17148
-5.124211,50,725.449934
-4.494577,50,725.721608
-3.023424,50,725.997757
-3.910178,50,726.281108
-3.034932,50,726.559525
-5.517702,50,726.83318
-5.097827,50,727.111846
-4.21848,50,727.408986
-4.798251,50,727.685173
-4.390779,50,727.958729
-5.973412,50,728.233589
-4.260148,50,728.505377
-7.080908,50,728.782246
-4.917223,50,729.055596
-3.969077,50,729.32948
-3.745081,50,729.602828
-4.200044,50,729.880952
-4.437931,50,730.153074
-5.191002,50,730.429848
-5.819796,50,730.702775
-3.921511,50,730.980933
-4.518349,50,731.253872
-3.30892,50,731.531197
-4.591616,50,731.826086
-2.922078,50,732.104272
-3.209296,50,732.376611
-6.027443,50,732.653993
-4.942268,50,732.928083
-3.411975,50,733.20588
-1.664933,50,733.480162
-3.604251,50,733.756132
-3.146867,50,734.030211
-3.61415,50,734.310935
-4.887677,50,734.609477
-5.318799,50,734.883579
-5.778155,50,735.156207
-4.191312,50,735.434785
-6.42971,50,735.70797
-5.716027,50,735.995461
-1.807747,50,736.306873
-3.50385,50,736.594961
-5.001678,50,736.882076
-4.714001,50,737.161863
-4.920041,50,737.450067
-3.556074,50,737.732545
-3.609923,50,738.017196
-3.049432,50,738.30142
-4.140612,50,738.579666
-5.513661,50,738.890406
-5.289389,50,739.171407
-4.044687,50,739.458033
-6.003102,50,739.740545
-4.352187,50,740.024945
-3.826901,50,740.313026
-2.501434,50,740.593868
-5.163005,50,740.881273
-3.850189,50,741.169958
-2.374433,50,741.443554
-4.338781,50,741.719841
-4.324607,50,741.993526
-6.838544,50,742.303557
-5.264265,50,742.576843
-2.95158,50,742.877295
-7.23568,50,743.153525
-4.358286,50,743.429752
-4.677378,50,743.706632
-7.352525,50,743.97982
-3.003319,50,744.255185
-4.963429,50,744.528532
-4.467565,50,744.806242
-4.441785,50,745.079614
-4.777399,50,745.355859
-3.609903,50,745.630654
-3.289107,50,745.906335
-4.404116,50,746.179424
-5.894722,50,746.453086
-4.298678,50,746.730005
-4.931805,50,747.002754
-5.936388,50,747.278815
-6.013781,50,747.55183
-5.997656,50,747.830087
-5.544713,50,748.103483
-5.675767,50,748.378165
-4.162576,50,748.651973
-5.425703,50,748.929546
-5.779181,50,749.2028
-3.253183,50,749.477855
-4.104296,50,749.752082
-6.856964,50,750.053091
-6.527041,50,750.329058
-2.031776,50,750.603465
-5.856459,50,750.876018
-6.213986,50,751.154445
-4.175286,50,751.427682
-2.737635,50,751.704187
-4.583304,50,751.977359
-4.100246,50,752.255806
-8.388468,50,752.529601
-5.902694,50,752.805568
-5.439488,50,753.079556
-5.103149,50,753.38726
-6.647962,50,753.663849
-5.337023,50,753.937741
-6.202937,50,754.212939
-8.112983,50,754.487532
-5.002649,50,754.768337
-5.012243,50,755.041557
-2.498049,50,755.31723
-4.602857,50,755.592551
-5.174973,50,755.871106
-5.504014,50,756.14806
-5.960162,50,756.420478
-4.372982,50,756.699096
-6.034779,50,756.971731
-5.5222,50,757.247668
-3.426145,50,757.518487
-5.623249,50,757.798148
-3.138196,50,758.070967
-3.117431,50,758.347302
-3.397379,50,758.619675
-6.387301,50,758.918147
-2.650674,50,759.1918
-4.84073,50,759.468374
-5.217137,50,759.744311
-5.561087,50,760.02376
-3.906701,50,760.2969
-8.638088,50,760.572747
-4.607756,50,760.843819
-5.009661,50,761.129056
-5.092715,50,761.402218
-4.659842,50,761.677242
-4.088154,50,761.949343
-3.683542,50,762.235994
-4.430976,50,762.50915
-5.574189,50,762.784012
-5.838978,50,763.058023
-2.635837,50,763.366271
-4.205337,50,763.638905
-5.981862,50,763.915781
-1.388115,50,764.189723
-4.457271,50,764.468122
-4.008199,50,764.740819
-3.669867,50,765.023666
-5.790539,50,765.295839
-7.11414,50,765.572865
-4.960485,50,765.84657
-5.865565,50,766.122576
-7.448744,50,766.394205
-2.641677,50,766.696624
-5.762837,50,766.972384
-4.735398,50,767.246047
-4.913536,50,767.519917
-2.727075,50,767.796806
-3.657129,50,768.08892
-2.625524,50,768.361412
-5.982153,50,768.637117
-5.443487,50,768.9125
-2.612964,50,769.191036
-5.147354,50,769.46389
-2.495095,50,769.737606
-6.940971,50,770.01572
-2.58565,50,770.289322
-2.35501,50,770.563354
-4.016036,50,770.837097
-3.982786,50,771.115076
-4.917931,50,771.388783
-4.29687,50,771.667244
-4.776584,50,771.94065
-3.698091,50,772.218546
-8.68713,50,772.49108
-3.098017,50,772.767183
-5.019069,50,773.040753
-5.283637,50,773.32173
-4.046571,50,773.595514
-6.067889,50,773.871756
-4.018684,50,774.144342
-5.931919,50,774.423536
-4.773671,50,774.696205
-5.647992,50,774.995654
-4.826145,50,775.269762
-5.062331,50,775.548397
-3.660814,50,775.820466
-2.645259,50,776.096913
-4.525986,50,776.370305
-5.270178,50,776.673828
-3.878035,50,776.949563
-3.010789,50,777.223785
-4.175772,50,777.49611
-3.421445,50,777.774109
-4.13601,50,778.045894
-2.858912,50,778.347909
-3.642486,50,778.622601
-4.394063,50,778.897162
-2.455761,50,779.172019
-4.176596,50,779.445505
-4.580929,50,779.719126
-4.730037,50,779.996283
-4.832297,50,780.272162
-1.757267,50,780.548384
-3.523533,50,780.818271
-5.81976,50,781.154923
-6.65822,50,781.430928
-2.329252,50,781.707274
-11.96839,50,781.984633
-4.131423,50,782.2917
-2.600572,50,782.565323
-3.135294,50,782.841086
-8.351697,50,783.114285
-4.628399,50,783.389166
-5.702685,50,783.666425
-4.398448,50,783.938928
-2.541134,50,784.215053
-4.670078,50,784.519256
-4.684558,50,784.796149
-6.400459,50,785.073845
-6.018101,50,785.348415
-3.011777,50,785.625933
-4.413818,50,785.899676
-4.397444,50,786.173739
-4.471548,50,786.448419
-4.320132,50,786.722049
-5.908923,50,786.99765
-4.70319,50,787.270491
-6.158468,50,787.547232
-3.470624,50,787.82225
-7.793966,50,788.098609
-5.817522,50,788.371286
-2.145689,50,788.646026
-6.215789,50,788.924861
-4.834297,50,789.204009
-6.643576,50,789.47722
-4.989142,50,789.753139
-4.166295,50,790.027949
-5.342955,50,790.303897
-2.307223,50,790.577353
-4.954098,50,790.84943
-4.1566,50,791.125916
-6.73614,50,791.398043
-4.587204,50,791.67344
-1.216197,50,791.947393
-4.562696,50,792.22456
-3.138643,50,792.497893
-1.773971,50,792.772718
-5.645434,50,793.046003
-5.69752,50,793.348584
-4.214966,50,793.622299
-9.267384,50,793.897463
-7.13257,50,794.171139
-5.715977,50,794.464927
-2.841623,50,794.73828
-10.966937,50,795.014098
-1.365378,50,795.287932
-2.934609,50,795.565632
-3.360749,50,795.838247
-3.590569,50,796.115264
-3.882052,50,796.387629
-4.900909,50,796.664304
-3.984771,50,796.937969
-2.554954,50,797.214025
-5.525389,50,797.48832
-5.409783,50,797.76672
-12.119577,50,798.039306
-2.695114,50,798.317389
-3.913018,50,798.59096
-3.103102,50,798.870924
-6.565033,50,799.143673
-3.569594,50,799.419688
-7.416021,50,799.691879
-3.152557,50,799.970207
-6.566322,50,800.243564
-5.906087,50,800.518945
-10.884963,50,800.791543
-5.615695,50,801.070124
-3.660292,50,801.344506
-3.326815,50,801.620042
-11.005315,50,801.899846
-6.083359,50,802.175194
-4.200124,50,802.452734
-4.198621,50,802.740587
-5.762276,50,803.024013
-7.019201,50,803.342986
-3.815647,50,803.62802
-4.877717,50,803.910713
-3.547796,50,804.199208
-6.387063,50,804.481035
-2.837849,50,804.766759
-6.74167,50,805.051659
-4.154054,50,805.331487
-6.781257,50,805.645985
-2.678791,50,805.925838
-3.731362,50,806.210554
-4.991687,50,806.494455
-6.037168,50,806.779026
-6.862265,50,807.062888
-2.503639,50,807.343893
-9.851391,50,807.634578
-6.822295,50,807.914967
-2.992587,50,808.203479
-6.244952,50,808.480176
-1.983277,50,808.756928
-6.536275,50,809.033021
-2.769387,50,809.308629
-6.622546,50,809.58245
-4.249421,50,809.85861
-5.616264,50,810.135115
-7.424986,50,810.41191
-3.914351,50,810.685771
-4.25832,50,810.956828
-8.692138,50,811.237097
-8.41816,50,811.510292
-2.28881,50,811.786467
-3.237173,50,812.088924
-9.380319,50,812.383658
-4.427746,50,812.660334
-7.039032,50,812.932729
-6.066862,50,813.208287
-1.068312,50,813.48307
-7.469246,50,813.784396
-7.597744,50,814.057047
-6.905543,50,814.33424
-1.411104,50,814.607557
-7.653779,50,814.883573
-6.393848,50,815.15637
-5.578153,50,815.432732
-1.290644,50,815.731
-2.286721,50,816.006088
-2.158469,50,816.278843
-2.343939,50,816.555637
-4.555077,50,816.830294
-3.878659,50,817.110697
-2.28337,50,817.408804
-16.459943,50,817.68286
-8.288366,50,817.961235
-5.787498,50,818.235119
-3.069972,50,818.510551
-3.930437,50,818.783757
-5.891204,50,819.060928
-2.357409,50,819.33424
-5.362678,50,819.60952
-6.863981,50,819.897348
-3.413173,50,820.184535
-6.783218,50,820.469233
-11.22487,50,820.758154
-5.877336,50,821.063145
-3.345144,50,821.379174
-2.762636,50,821.663939
-4.988311,50,821.947096
-8.15556,50,822.235081
-6.234741,50,822.517418
-9.988596,50,822.807651
-4.600995,50,823.091259
-7.070861,50,823.373613
-3.010682,50,823.659562
-2.689342,50,823.940375
-4.705018,50,824.230637
-3.42882,50,824.508145
-4.077316,50,824.794034
-8.223209,50,825.07398
-5.830267,50,825.345862
-4.492191,50,825.622468
-4.63067,50,825.925264
-4.0701,50,826.205131
-8.679178,50,826.47881
-4.360893,50,826.756346
-2.112277,50,827.030787
-6.268526,50,827.329335
-4.75217,50,827.602658
-6.381117,50,827.878669
-5.801843,50,828.157035
-8.683368,50,828.428942
-1.860101,50,828.703567
-6.141099,50,828.980144
-5.837663,50,829.281172
-5.187968,50,829.554497
-5.179433,50,829.830808
-6.956776,50,830.10263
-2.572979,50,830.377768
-4.417397,50,830.654163
-5.18105,50,830.953074
-7.06393,50,831.226015
-5.530237,50,831.498014
-5.549257,50,831.776806
-4.705089,50,832.049335
-4.044697,50,832.325433
-4.194601,50,832.600984
-2.713854,50,832.877237
-4.301729,50,833.15065
-6.538777,50,833.425792
-2.957841,50,833.724916
-5.154104,50,834.002326
-4.910611,50,834.276289
-5.539538,50,834.553265
-8.491161,50,834.828813
-4.978868,50,835.104987
-5.365641,50,835.377359
-5.211371,50,835.684709
-2.193905,50,835.962451
-6.072377,50,836.236182
-4.070656,50,836.514067
-7.332848,50,836.799503
-7.531685,50,837.090086
-5.46919,50,837.374609
-6.190642,50,837.662497
-5.421342,50,837.9382
-2.922936,50,838.24896
-6.033804,50,838.533599
-4.038923,50,838.816351
-7.562929,50,839.157065
-7.020992,50,839.440517
-5.879608,50,839.726219
-3.926531,50,840.006382
-4.119377,50,840.292571
-4.220665,50,840.600994
-4.788751,50,840.883657
-6.468136,50,841.170178
-5.55265,50,841.449424
-5.805645,50,841.723599
-5.856395,50,842.00075
-5.287963,50,842.274379
-3.028631,50,842.574558
-3.205979,50,842.852571
-5.217984,50,843.125424
-3.245782,50,843.403608
-6.584474,50,843.676498
-4.215857,50,843.954892
-2.765605,50,844.228956
-4.605425,50,844.506333
-3.599609,50,844.779567
-2.931472,50,845.054918
-5.596391,50,845.331298
-6.099288,50,845.602687
-9.065142,50,845.881244
-3.56521,50,846.156457
-6.475109,50,846.433307
-5.002635,50,846.70602
-5.818455,50,847.007562
-5.471159,50,847.284865
-3.84608,50,847.560909
-5.028436,50,847.861551
-3.708597,50,848.135317
-7.850368,50,848.411798
-5.929895,50,848.683678
-4.342431,50,848.981799
-4.829888,50,849.256422
-2.13367,50,849.534125
-4.829891,50,849.806476
-7.509976,50,850.084743
-5.240396,50,850.357561
-4.102168,50,850.654525
-6.32228,50,850.928845
-4.894642,50,851.204045
-2.364562,50,851.477248
-5.224303,50,851.753975
-5.044342,50,852.029623
-5.136264,50,852.305819
-4.356322,50,852.579148
-6.237261,50,852.858174
-6.164976,50,853.13026
-2.488174,50,853.406395
-5.569711,50,853.678535
-3.323864,50,853.95842
-5.233895,50,854.233294
-4.206754,50,854.510373
-3.6276,50,854.784123
-5.125261,50,855.067508
-2.610029,50,855.340601
-6.908136,50,855.619724
-4.913074,50,855.892642
-4.43089,50,856.19498
-2.238179,50,856.467957
-4.722665,50,856.745475
-4.316611,50,857.018026
-3.983777,50,857.323374
-4.787556,50,857.596638
-4.196471,50,857.871501
-4.65745,50,858.143349
-4.240745,50,858.419456
-4.950189,50,858.692753
-2.594384,50,858.969435
-4.838624,50,859.265662
-4.568602,50,859.544227
-6.00745,50,859.817064
-5.756582,50,860.093398
-4.619962,50,860.365229
-4.737616,50,860.659611
-3.392364,50,860.93365
-4.343921,50,861.209565
-4.410593,50,861.485692
-3.586292,50,861.760534
-6.339141,50,862.033087
-6.814329,50,862.308206
-3.05585,50,862.580108
-4.776933,50,862.857104
-5.582299,50,863.129416
-5.601373,50,863.405023
-9.432923,50,863.677856
-5.698896,50,863.955679
-4.458429,50,864.22785
-3.649575,50,864.503385
-4.228815,50,864.776823
-4.210515,50,865.081127
-4.005976,50,865.355639
-5.581834,50,865.631016
-4.596298,50,865.904044
-8.445408,50,866.205684
-7.353511,50,866.483146
-8.261669,50,866.75695
-4.625859,50,867.029569
-5.878934,50,867.309409
-3.259047,50,867.583409
-5.320818,50,867.859415
-5.190569,50,868.13178
-6.668309,50,868.410055
-6.429566,50,868.683218
-3.426422,50,868.959985
-6.22005,50,869.232501
-4.766951,50,869.511055
-2.009377,50,869.787513
-4.159467,50,870.08234
-3.071063,50,870.357592
-8.214861,50,870.638127
-4.395569,50,870.910291
-3.109704,50,871.186265
-4.8764,50,871.460006
-3.728317,50,871.7656
-6.160956,50,872.041037
-5.309056,50,872.314184
-5.827664,50,872.589537
-3.507819,50,872.866298
-5.1656,50,873.142613
-5.725062,50,873.422283
-5.549983,50,873.694478
-6.080316,50,873.973587
-7.959934,50,874.245083
-5.544683,50,874.518472
-3.00765,50,874.79145
-4.552041,50,875.095811
-5.424892,50,875.372904
-7.502549,50,875.645327
-3.341162,50,875.921517
-6.499225,50,876.194013
-3.328682,50,876.47392
-3.506493,50,876.747043
-3.711848,50,877.018623
-2.446809,50,877.330719
-2.985858,50,877.606609
-4.980421,50,877.880601
-6.768536,50,878.156588
-8.0406,50,878.432193
-5.820147,50,878.708057
-7.004343,50,878.984449
-5.016107,50,879.258862
-6.460261,50,879.534421
-7.890005,50,879.808621
-2.182427,50,880.107432
-4.851745,50,880.384728
-7.951075,50,880.661114
-8.971787,50,880.936838
-5.765921,50,881.209631
-7.079002,50,881.484819
-6.559678,50,881.767811
-5.981729,50,882.044537
-4.607987,50,882.318109
-3.342289,50,882.598445
-7.749068,50,882.873706
-2.538661,50,883.151813
-5.325733,50,883.424952
-2.52018,50,883.700896
-3.010141,50,883.974819
-4.39012,50,884.252888
-5.578342,50,884.524573
-6.645426,50,884.797544
-3.694379,50,885.07742
-7.38474,50,885.377087
-5.791712,50,885.649193
-2.545946,50,885.9245
-7.184926,50,886.199176
-5.158611,50,886.47362
-4.938391,50,886.748672
-3.883564,50,887.021435
-5.275695,50,887.30682
-5.335935,50,887.606862
-7.192201,50,887.879224
-3.55903,50,888.154812
-3.476345,50,888.435925
-7.576889,50,888.711905
-6.794366,50,888.985388
-4.875604,50,889.261173
-4.816044,50,889.547415
-6.148057,50,889.823143
-5.187586,50,890.097741
-4.128883,50,890.374372
-3.859435,50,890.648994
-3.208501,50,890.924941
-7.285442,50,891.202428
-4.276146,50,891.477928
-6.867487,50,891.753103
-4.663848,50,892.027759
-6.815424,50,892.302601
-1.979183,50,892.57565
-2.942852,50,892.896541
-6.84379,50,893.172086
-5.709662,50,893.445518
-2.389575,50,893.742859
-6.852757,50,894.019132
-5.9216,50,894.296947
-3.713236,50,894.56929
-3.828362,50,894.845218
-4.14514,50,895.140852
-6.511268,50,895.416968
-6.61042,50,895.68925
-5.518039,50,895.964883
-2.870087,50,896.263843
-2.968811,50,896.543321
-1.206448,50,896.816227
-5.990536,50,897.093215
-4.698703,50,897.368654
-6.42673,50,897.650994
-4.493952,50,897.923557
-3.426889,50,898.198855
-4.565498,50,898.478613
-4.950184,50,898.755415
-5.675108,50,899.028226
-5.692603,50,899.303062
-4.744959,50,899.578541
-5.258447,50,899.854471
-6.415173,50,900.132037
-2.938791,50,900.406499
-4.114148,50,900.682998
-3.55748,50,900.960839
-5.653143,50,901.234172
-5.112708,50,901.506982
-1.728783,50,901.785975
-7.104573,50,902.060396
-5.634423,50,902.336688
-7.974603,50,902.622905
-5.270782,50,902.912908
-2.737131,50,903.202732
-5.499693,50,903.485156
-4.714876,50,903.769957
-10.387824,50,904.084948
-6.614948,50,904.362198
-3.81654,50,904.651215
-6.75197,50,904.931564
-5.615139,50,905.219424
-8.285899,50,905.504865
-3.906746,50,905.785968
-6.548703,50,906.074074
-7.034119,50,906.380507
-4.468884,50,906.671708
-4.561326,50,906.951465
-2.634804,50,907.236952
-5.694509,50,907.519977
-11.233522,50,907.825693
-4.662329,50,908.101236
-5.508696,50,908.37523
-4.542916,50,908.657428
-5.555596,50,908.930238
-10.714031,50,909.206822
-5.781002,50,909.479412
-3.381558,50,909.757238
-3.571038,50,910.029933
-9.866196,50,910.328698
-3.040216,50,910.601483
-2.820012,50,910.878956
-12.155324,50,911.1519
-2.426856,50,911.427253
-2.747106,50,911.70081
-5.391452,50,912.002545
-6.580763,50,912.276221
-9.214322,50,912.551008
-2.955493,50,912.825098
-4.214138,50,913.102785
-1.244373,50,913.3794
-1.947278,50,913.654786
-4.538947,50,913.928152
-3.783741,50,914.20669
-1.93126,50,914.480242
-4.879642,50,914.779813
-4.436708,50,915.054028
-9.931898,50,915.333675
-1.65567,50,915.63299
-3.320218,50,915.90657
-4.2999,50,916.180366
-5.455896,50,916.457677
-5.582467,50,916.730434
-6.082991,50,917.008607
-9.990766,50,917.283434
-3.153014,50,917.560719
-5.049572,50,917.834797
-1.188364,50,918.111388
-4.777264,50,918.385093
-6.485318,50,918.661209
-6.061074,50,918.933527
-3.283933,50,919.211137
-2.576207,50,919.49386
-8.013439,50,919.803106
-4.392186,50,920.092083
-3.743112,50,920.375791
-5.366659,50,920.66079
-5.08475,50,920.946636
-6.04208,50,921.226936
-3.690014,50,921.517747
-3.750241,50,921.790635
-3.605007,50,922.083449
-2.495948,50,922.364203
-6.558436,50,922.650242
-7.821423,50,922.9286
-8.887253,50,923.244363
-2.026467,50,923.530837
-3.447278,50,923.808559
-6.527176,50,924.148267
-4.918308,50,924.430754
-1.872054,50,924.704858
-6.490846,50,924.980372
-7.272433,50,925.254294
-4.601065,50,925.559419
-6.187151,50,925.835707
-4.94047,50,926.109365
-7.653376,50,926.386242
-6.255043,50,926.660409
-6.450211,50,926.937392
-8.083918,50,927.210895
-3.414368,50,927.487198
-5.353615,50,927.762391
-8.735186,50,928.040728
-4.939889,50,928.313991
-4.463213,50,928.591029
-7.139752,50,928.866046
-5.556911,50,929.141124
-2.550685,50,929.415133
-3.415175,50,929.687176
-7.328568,50,929.965451
-7.455802,50,930.241416
-6.03052,50,930.518562
-2.981536,50,930.791069
-8.090495,50,931.067715
-2.81768,50,931.346497
-7.95018,50,931.623223
-8.394792,50,931.89662
-5.632365,50,932.174257
-6.657156,50,932.447469
-4.118903,50,932.734152
-4.780259,50,933.006069
-3.161394,50,933.313304
-4.352391,50,933.588605
-6.665692,50,933.861803
-2.096193,50,934.136684
-7.388328,50,934.41366
-5.292193,50,934.69099
-4.748588,50,934.963472
-3.752013,50,935.239448
-2.044614,50,935.525215
-6.162143,50,935.801616
-6.136458,50,936.077801
-2.462919,50,936.352178
-6.466066,50,936.653219
-5.13807,50,936.928673
-5.093378,50,937.203001
-4.722099,50,937.47792
-7.314517,50,937.754216
-1.833883,50,938.029146
-1.492696,50,938.302083
-4.804468,50,938.574374
-4.278059,50,938.852033
-4.834481,50,939.125504
-2.786135,50,939.400829
-4.85947,50,939.680144
-8.249083,50,939.95807
-6.504515,50,940.232942
-4.86701,50,940.507865
-4.529347,50,940.780576
-7.017767,50,941.066445
-2.363787,50,941.339177
-2.804839,50,941.614029
-4.586968,50,941.889313
-4.599701,50,942.191416
-1.844574,50,942.467956
-6.27819,50,942.739398
-3.740847,50,943.011906
-4.322891,50,943.293531
-2.487569,50,943.569312
-6.600102,50,943.845247
-2.720171,50,944.117683
-2.543496,50,944.396603
-3.946651,50,944.668582
-2.998701,50,944.966465
-7.276232,50,945.241634
-2.311202,50,945.51924
-3.976326,50,945.792854
-6.693082,50,946.069429
-3.88825,50,946.369989
-2.743691,50,946.644577
-3.732037,50,946.919495
-6.179549,50,947.193917
-4.096139,50,947.46565
-6.193475,50,947.743154
-6.411547,50,948.016693
-5.573645,50,948.293219
-4.955161,50,948.564907
-7.553463,50,948.842751
-4.627825,50,949.116699
-2.370499,50,949.393536
-5.340123,50,949.665868
-4.081092,50,949.944189
-3.603419,50,950.218294
-5.298059,50,950.494385
-1.709717,50,950.76667
-4.463045,50,951.048006
-1.947403,50,951.321685
-5.44155,50,951.596825
-5.096921,50,951.870637
-3.338171,50,952.14771
-2.330449,50,952.42146
-7.679546,50,952.693736
-5.602661,50,952.994528
-4.469372,50,953.29836
-5.708304,50,953.573114
-4.975331,50,953.848502
-1.51205,50,954.122992
-4.593182,50,954.399626
-5.477969,50,954.671211
-4.962786,50,954.951725
-5.465486,50,955.225025
-7.115025,50,955.503732
-3.714893,50,955.776742
-6.314814,50,956.051603
-2.300702,50,956.326468
-6.613474,50,956.603886
-4.555169,50,956.877346
-7.161443,50,957.149844
-3.626639,50,957.426475
-6.88988,50,957.700721
-3.755868,50,957.977253
-6.144435,50,958.248388
-2.166583,50,958.529002
-2.953192,50,958.803203
-3.443238,50,959.079835
-6.437291,50,959.352053
-5.889265,50,959.628197
-3.674342,50,959.901063
-5.061414,50,960.176453
-5.752126,50,960.450387
-5.280598,50,960.724725
-4.158927,50,961.021569
-4.341266,50,961.29731
-3.353772,50,961.569803
-5.172058,50,961.843809
-6.647337,50,962.145187
-6.263272,50,962.421172
-5.408243,50,962.693175
-3.646995,50,962.968352
-5.587284,50,963.249787
-1.916756,50,963.525908
-2.90762,50,963.798717
-1.905298,50,964.073373
-2.816042,50,964.348799
-8.687561,50,964.624289
-4.113886,50,964.897337
-6.643392,50,965.171773
-6.418318,50,965.44873
-7.582041,50,965.721745
-7.322513,50,965.997815
-3.918434,50,966.270676
-4.350698,50,966.547512
-3.541557,50,966.824441
-5.600581,50,967.100757
-2.454526,50,967.373454
-7.491163,50,967.649369
-4.418976,50,967.950763
-4.290875,50,968.223184
-4.942657,50,968.498559
-4.514619,50,968.773774
-5.763455,50,969.046635
-2.503169,50,969.321263
-6.269081,50,969.595191
-2.260389,50,969.900882
-6.117057,50,970.177391
-4.28712,50,970.450304
-2.086941,50,970.725014
-1.855596,50,971.000795
-3.647734,50,971.277939
-4.933395,50,971.550631
-3.157299,50,971.825609
-5.455684,50,972.101689
-4.929654,50,972.373594
-3.75026,50,972.653963
-6.892199,50,972.926569
-4.744022,50,973.232516
-2.305419,50,973.508723
-3.869026,50,973.78275
-5.329075,50,974.057071
-4.387549,50,974.355064
-4.561668,50,974.630679
-4.040502,50,974.905003
-2.469293,50,975.178321
-4.078739,50,975.45204
-6.51578,50,975.754413
-2.968695,50,976.029822
-6.352546,50,976.305106
-6.683748,50,976.579073
-3.702072,50,976.855806
-4.263694,50,977.128579
-6.525317,50,977.403442
-3.730446,50,977.702403
-2.956172,50,977.980783
-3.960654,50,978.253892
-3.847679,50,978.528073
-2.549346,50,978.803818
-4.309305,50,979.07997
-4.453851,50,979.350828
-4.102422,50,979.630077
-3.702085,50,979.906425
-5.096537,50,980.205383
-6.229918,50,980.476526
-3.970965,50,980.75259
-6.233279,50,981.027585
-7.0102,50,981.30234
-6.082003,50,981.573767
-4.240894,50,981.853937
-2.968626,50,982.128572
-7.202159,50,982.404085
-2.214087,50,982.678821
-6.157992,50,982.952664
-3.69807,50,983.233163
-6.807802,50,983.506896
-5.002975,50,983.782908
-5.650691,50,984.056508
-1.914595,50,984.34111
-3.236044,50,984.613146
-4.025877,50,984.889067
-2.054449,50,985.160172
-6.05635,50,985.463363
-6.042618,50,985.738976
-6.327019,50,986.012886
-4.503509,50,986.284747
-4.206328,50,986.562912
-5.084842,50,986.863399
-3.753106,50,987.13714
-6.605971,50,987.412334
-5.690402,50,987.691804
-5.794989,50,987.967495
-3.862175,50,988.240733
-2.607253,50,988.525133
-3.773172,50,988.799293
-7.140921,50,989.072157
-2.876257,50,989.347295
-6.382668,50,989.620866
-4.633867,50,989.898801
-4.042785,50,990.171813
-2.780459,50,990.446827
-1.598496,50,990.718858
-5.64633,50,991.017738
-5.867076,50,991.292197
-4.819253,50,991.565209
-5.342434,50,991.83928
-3.90673,50,992.116269
-4.456974,50,992.395203
-4.283711,50,992.670163
-5.188203,50,992.941888
-5.691149,50,993.218261
-6.68608,50,993.490379
-4.384136,50,993.766691
-5.416566,50,994.039473
-4.104073,50,994.319997
-4.161125,50,994.601477
-5.874156,50,994.877229
-4.358494,50,995.148968
-5.513255,50,995.425713
-4.448967,50,995.69966
-6.424563,50,995.978165
-4.533182,50,996.267477
-4.801813,50,996.545376
-5.968847,50,996.8185
-3.53725,50,997.093138
-3.913791,50,997.36667
-3.358487,50,997.645818
-3.211879,50,997.920062
-4.605094,50,998.195297
-4.692551,50,998.468298
-4.016101,50,998.769746
-5.278024,50,999.042987
-4.9596,50,999.317857
-6.586352,50,999.592995
-4.978467,50,999.876298
-6.825768,50,1000.148709
-4.8446,50,1000.423779
-5.140333,50,1000.697151
-5.604251,50,1000.974766
-6.189984,50,1001.248004
-4.340376,50,1001.547767
-7.640907,50,1001.821991
-3.310751,50,1002.096215
-6.307385,50,1002.369245
-3.386601,50,1002.644409
-5.521146,50,1002.920965
-4.21332,50,1003.212232
-3.702048,50,1003.485182
-5.185751,50,1003.760493
-6.265757,50,1004.034591
-5.961937,50,1004.3768
-5.382866,50,1004.653733
-4.957121,50,1004.926725
-5.826235,50,1005.203822
-5.080246,50,1005.478131
-6.01656,50,1005.763343
-4.19533,50,1006.03868
-5.543392,50,1006.311137
-4.981643,50,1006.590547
-5.181575,50,1006.864281
-6.537401,50,1007.137625
-4.98175,50,1007.411807
-4.669252,50,1007.68704
-4.638261,50,1007.9615
-6.49514,50,1008.235022
-4.631535,50,1008.514486
-3.615012,50,1008.789649
-3.948066,50,1009.064693
-5.281607,50,1009.337126
-6.944576,50,1009.611974
-6.892326,50,1009.886431
-4.753665,50,1010.162447
-4.016366,50,1010.436214
-8.904976,50,1010.711473
-6.745387,50,1010.986718
-6.706138,50,1011.266607
-5.782186,50,1011.539158
-6.103775,50,1011.811904
-5.579458,50,1012.091413
-4.53542,50,1012.391717
-5.94434,50,1012.664236
-6.000584,50,1012.94035
-6.170201,50,1013.215605
-6.277328,50,1013.49013
-7.229387,50,1013.76256
-3.259587,50,1014.037893
-3.636486,50,1014.331791
-4.650133,50,1014.607976
-3.335174,50,1014.881443
-6.584644,50,1015.154925
-6.415977,50,1015.458413
-7.837074,50,1015.736065
-3.511221,50,1016.009862
-4.555744,50,1016.286213
-5.80469,50,1016.562889
-6.392303,50,1016.848599
-2.938568,50,1017.12198
-2.685021,50,1017.399148
-4.093571,50,1017.674742
-4.561189,50,1017.952077
-3.948166,50,1018.226323
-6.04999,50,1018.498939
-3.202531,50,1018.778092
-6.359562,50,1019.051227
-6.020518,50,1019.350981
-3.302588,50,1019.626996
-6.39354,50,1019.906489
-6.625699,50,1020.182103
-5.607982,50,1020.455582
-5.971279,50,1020.755446
-4.165198,50,1021.032878
-4.406808,50,1021.308478
-6.106668,50,1021.581816
-10.142274,50,1021.858545
-3.831842,50,1022.145839
-4.201996,50,1022.424202
-6.148164,50,1022.698554
-8.739345,50,1022.975018
-3.443582,50,1023.2504
-4.384933,50,1023.532923
-4.909555,50,1023.805907
-3.537302,50,1024.082647
-5.104245,50,1024.357921
-2.797584,50,1024.637467
-3.571155,50,1024.920578
-2.827657,50,1025.197851
-7.1252,50,1025.474726
-6.275137,50,1025.753213
-5.967886,50,1026.027823
-7.531257,50,1026.308347
-5.692025,50,1026.58504
-6.216816,50,1026.861599
-4.904179,50,1027.135991
-6.170202,50,1027.410809
-6.930211,50,1027.690082
-5.150942,50,1027.967085
-4.072653,50,1028.241628
-4.641416,50,1028.517632
-1.964424,50,1028.793147
-5.995062,50,1029.070039
-3.65023,50,1029.347354
-2.500386,50,1029.648395
-2.331253,50,1029.923581
-4.684123,50,1030.199672
-4.231437,50,1030.472732
-5.708101,50,1030.751137
-7.158105,50,1031.04362
-3.349848,50,1031.32228
-4.514149,50,1031.595998
-5.180206,50,1031.87409
-3.88195,50,1032.147831
-4.975511,50,1032.423861
-7.929878,50,1032.69715
-4.935899,50,1032.978175
-4.538112,50,1033.250729
-4.05223,50,1033.528449
-5.724509,50,1033.8024
-4.618364,50,1034.078779
-4.844966,50,1034.360152
-3.131466,50,1034.645846
-4.716992,50,1034.936385
-7.996965,50,1035.21376
-6.27576,50,1035.486509
-4.647124,50,1035.790203
-5.645491,50,1036.067372
-6.102501,50,1036.34318
-8.172105,50,1036.628809
-4.809302,50,1036.902871
-5.314268,50,1037.180081
-4.468216,50,1037.45493
-3.946055,50,1037.734234
-5.428066,50,1038.008369
-2.794241,50,1038.309489
-5.141692,50,1038.587902
-4.074585,50,1038.866595
-4.420768,50,1039.140897
-7.035331,50,1039.418429
-7.771108,50,1039.69253
-4.81799,50,1039.975683
-9.774849,50,1040.24896
-3.968314,50,1040.525904
-4.422107,50,1040.798886
-2.593397,50,1041.083009
-9.720381,50,1041.35674
-4.360177,50,1041.63272
-4.467383,50,1041.906407
-6.126106,50,1042.185068
-5.804992,50,1042.464813
-11.57327,50,1042.741221
-3.093131,50,1043.013054
-5.933768,50,1043.305437
-4.859309,50,1043.57932
-5.240522,50,1043.855252
-6.438148,50,1044.128795
-9.431372,50,1044.436337
-5.403334,50,1044.709642
-4.096007,50,1044.986249
-4.129784,50,1045.260308
-6.418653,50,1045.539116
-2.223568,50,1045.840276
-8.281371,50,1046.114416
-3.960232,50,1046.387133
-5.818079,50,1046.665852
-5.658228,50,1046.939158
-9.278787,50,1047.215218
-4.346455,50,1047.490623
-2.927719,50,1047.767287
-10.605043,50,1048.044649
-3.930549,50,1048.321759
-10.569886,50,1048.594513
-3.00254,50,1048.874133
-3.790153,50,1049.149111
-4.907988,50,1049.425811
-3.774822,50,1049.700194
-4.006329,50,1049.978494
-3.319115,50,1050.254112
-5.330038,50,1050.528731
-2.316079,50,1050.802888
-4.654363,50,1051.082059
-7.432518,50,1051.357047
-5.818104,50,1051.633995
-4.802631,50,1051.906382
-1.978274,50,1052.184963
-3.646152,50,1052.457378
-8.038747,50,1052.733686
-3.379626,50,1053.032341
-7.507027,50,1053.365501
-6.380781,50,1053.644668
-6.03389,50,1053.920087
-7.334682,50,1054.196007
-7.802954,50,1054.471186
-7.176421,50,1054.750392
-5.875281,50,1055.025884
-6.869829,50,1055.299138
-5.110978,50,1055.576413
-6.844223,50,1055.876001
-3.77347,50,1056.149352
-4.522683,50,1056.425164
-6.804637,50,1056.701191
-6.837291,50,1056.976831
-2.533037,50,1057.254006
-7.223158,50,1057.530255
-7.423557,50,1057.807638
-3.418164,50,1058.083745
-8.124743,50,1058.365184
-7.27184,50,1058.641589
-7.852263,50,1058.91701
-6.102095,50,1059.193514
-5.866826,50,1059.466961
-4.199447,50,1059.743878
-4.429289,50,1060.022305
-6.863247,50,1060.298856
-6.331859,50,1060.5745
-5.234625,50,1060.853727
-3.696298,50,1061.153951
-6.640113,50,1061.430808
-7.340539,50,1061.704193
-3.628057,50,1061.983118
-3.847579,50,1062.258365
-5.424733,50,1062.533445
-8.000353,50,1062.830723
-1.828009,50,1063.107187
-6.321989,50,1063.382918
-5.142722,50,1063.659288
-11.106065,50,1063.93301
-2.428462,50,1064.211662
-5.593973,50,1064.486767
-7.938092,50,1064.764455
-4.124965,50,1065.036932
-4.87994,50,1065.313764
-3.343216,50,1065.587264
-6.725082,50,1065.869201
-2.939046,50,1066.143211
-8.081283,50,1066.422896
-7.345478,50,1066.699627
-7.401287,50,1066.977513
-3.377948,50,1067.250729
-2.560212,50,1067.552921
-3.581674,50,1067.829118
-4.185396,50,1068.106024
-5.052819,50,1068.379213
-6.723569,50,1068.655416
-8.285294,50,1068.933913
-5.325843,50,1069.211138
-5.925451,50,1069.484648
-8.399065,50,1069.758406
-6.586211,50,1070.038803
-5.973769,50,1070.338789
-5.361105,50,1070.614718
-6.6692,50,1070.891432
-5.958635,50,1071.167154
-3.342344,50,1071.446096
-4.846601,50,1071.719607
-5.816964,50,1072.019491
-6.839664,50,1072.30296
-6.198018,50,1072.582401
-4.480324,50,1072.856302
-2.397277,50,1073.1339
-4.790747,50,1073.41149
-6.280009,50,1073.712792
-3.916197,50,1073.990747
-5.703632,50,1074.264113
-4.088842,50,1074.540669
-3.550007,50,1074.816586
-3.190708,50,1075.090965
-4.834479,50,1075.36705
-4.875195,50,1075.643475
-6.529138,50,1075.923832
-4.582583,50,1076.198055
-6.322471,50,1076.477804
-5.576116,50,1076.752329
-5.754522,50,1077.030515
-3.921137,50,1077.304067
-4.726031,50,1077.580267
-6.673712,50,1077.857198
-6.692881,50,1078.135024
-4.728119,50,1078.408005
-3.565406,50,1078.686307
-5.715255,50,1078.984822
-7.086531,50,1079.263375
-7.193792,50,1079.536634
-3.479061,50,1079.813076
-3.610851,50,1080.093355
-7.146438,50,1080.37043
-3.689083,50,1080.642955
-2.402028,50,1080.928606
-4.350825,50,1081.203625
-4.245696,50,1081.479822
-2.543579,50,1081.755473
-7.057765,50,1082.069511
-5.80215,50,1082.348336
-4.448834,50,1082.621218
-3.884572,50,1082.898935
-4.145272,50,1083.177904
-7.50487,50,1083.45567
-5.565532,50,1083.731679
-7.262043,50,1084.008006
-8.765209,50,1084.28062
-6.305506,50,1084.559542
-4.38503,50,1084.831981
-1.897391,50,1085.138177
-7.663291,50,1085.412392
-6.898454,50,1085.690979
-2.630329,50,1085.96425
-3.113841,50,1086.241757
-6.613615,50,1086.514658
-2.684751,50,1086.799519
-2.679839,50,1087.072839
-5.887744,50,1087.350096
-3.032856,50,1087.62333
-3.796313,50,1087.897745
-3.543425,50,1088.173977
-6.01031,50,1088.448444
-8.083586,50,1088.724991
-5.380628,50,1089.027566
-6.901117,50,1089.300906
-6.862743,50,1089.577921
-6.897209,50,1089.851087
-3.274241,50,1090.129633
-20.491395,50,1090.402316
-5.219879,50,1090.679253
-6.353961,50,1090.957205
-6.732477,50,1091.233593
-4.398027,50,1091.507919
-4.294081,50,1091.807851
-2.696002,50,1092.086353
-5.298744,50,1092.407931
-2.665678,50,1092.684362
-2.088748,50,1092.959141
-7.12393,50,1093.236542
-8.317275,50,1093.537048
-4.638614,50,1093.814019
-8.355213,50,1094.089924
-7.749885,50,1094.367116
-8.732268,50,1094.643588
-3.180129,50,1094.92137
-6.61712,50,1095.195855
-2.730266,50,1095.473899
-9.841555,50,1095.753464
-6.681295,50,1096.031386
-3.1469,50,1096.304099
-6.822812,50,1096.580585
-5.166006,50,1096.855534
-11.646972,50,1097.133347
-7.607147,50,1097.404743
-2.498666,50,1097.68266
-7.372362,50,1097.9757
-7.4253,50,1098.252706
-5.920569,50,1098.56693
-7.264107,50,1098.841483
-4.376275,50,1099.119077
-10.955246,50,1099.39669
-12.588052,50,1099.696611
-11.449392,50,1099.972672
-6.61499,50,1100.25084
-15.281086,50,1100.525909
-6.279915,50,1100.802384
-14.484843,50,1101.07695
-3.475656,50,1101.359179
-8.823327,50,1101.633753
-5.212833,50,1101.909024
-5.666035,50,1102.183685
-7.248806,50,1102.460483
-9.006046,50,1102.758832
-3.405777,50,1103.039687
-7.829782,50,1103.313884
-4.293283,50,1103.590809
-10.788942,50,1103.865599
-7.245697,50,1104.141049
-7.541012,50,1104.416612
-10.949386,50,1104.694727
-11.703981,50,1104.969562
-5.757972,50,1105.247042
-6.426686,50,1105.520476
-3.124635,50,1105.826011
-5.65017,50,1106.099725
-3.348055,50,1106.376366
-5.255127,50,1106.649557
-9.763117,50,1106.931283
-10.116339,50,1107.206016
-5.00199,50,1107.482937
-6.74492,50,1107.757872
-3.336378,50,1108.060714
-4.762603,50,1108.337499
-3.358471,50,1108.615425
-5.718331,50,1108.889994
-5.743317,50,1109.167915
-6.633555,50,1109.443856
-5.335121,50,1109.71863
-7.036487,50,1109.991369
-6.75101,50,1110.277311
-2.276531,50,1110.578468
-3.31856,50,1110.851962
-2.429024,50,1111.134505
-8.151175,50,1111.419674
-5.57272,50,1111.71664
-6.842371,50,1112.000455
-9.188768,50,1112.287456
-5.191983,50,1112.572993
-5.555855,50,1112.856533
-4.655228,50,1113.140641
-4.849686,50,1113.420993
-5.729521,50,1113.710583
-5.470898,50,1113.991961
-6.246848,50,1114.282697
-5.290299,50,1114.564534
-4.670805,50,1114.851724
-4.04884,50,1115.135745
-6.553858,50,1115.417677
-6.789788,50,1115.706208
-5.891924,50,1116.037228
-2.393489,50,1116.320535
-7.239995,50,1116.595815
-9.196033,50,1116.876947
-7.124643,50,1117.151603
-4.495593,50,1117.428941
-4.534739,50,1117.705189
-2.675745,50,1117.983013
-6.630749,50,1118.268709
-3.222739,50,1118.546957
-3.569384,50,1118.821163
-4.603852,50,1119.107803
-4.676952,50,1119.384736
-4.861149,50,1119.661788
-3.314839,50,1119.935493
-3.389038,50,1120.211002
-4.521452,50,1120.506016
-6.24089,50,1120.783964
-5.847159,50,1121.057761
-7.660245,50,1121.334416
-7.790072,50,1121.610572
-5.218492,50,1121.888107
-5.355122,50,1122.162175
-6.863394,50,1122.463288
-6.186326,50,1122.741115
-5.608452,50,1123.017349
-10.365177,50,1123.294753
-5.026444,50,1123.570871
-4.624177,50,1123.849679
-5.282474,50,1124.127644
-4.941225,50,1124.402025
-3.00517,50,1124.678878
-4.231042,50,1124.950753
-3.50064,50,1125.228987
-8.25193,50,1125.527208
-2.485611,50,1125.804494
-5.636193,50,1126.080813
-3.482252,50,1126.358123
-3.177372,50,1126.629462
-8.269052,50,1126.909226
-2.951865,50,1127.190475
-8.036572,50,1127.46904
-4.31916,50,1127.741719
-7.789983,50,1128.047978
-4.852631,50,1128.356394
-3.243188,50,1128.630435
-5.595169,50,1128.903685
-4.540511,50,1129.17707
-7.691874,50,1129.454803
-4.441456,50,1129.72916
-3.706932,50,1130.030318
-4.247502,50,1130.304526
-4.876202,50,1130.584633
-3.342326,50,1130.860349
-7.054801,50,1131.136051
-8.411913,50,1131.436915
-5.377215,50,1131.718849
-4.845395,50,1131.997053
-2.556168,50,1132.269386
-5.30098,50,1132.547654
-4.670373,50,1132.848048
-1.925448,50,1133.126643
-6.076057,50,1133.399975
-2.425656,50,1133.67701
-5.035728,50,1133.953082
-5.330891,50,1134.240669
-7.494108,50,1134.514665
-5.450918,50,1134.790979
-4.369657,50,1135.069419
-5.824216,50,1135.350228
-2.297742,50,1135.625022
-5.605168,50,1135.901623
-4.701648,50,1136.188779
-2.662898,50,1136.466757
-6.321519,50,1136.740802
-3.657083,50,1137.016797
-5.738316,50,1137.323059
-3.16432,50,1137.599322
-6.370377,50,1137.872754
-7.390185,50,1138.149499
-7.128219,50,1138.454175
-5.839384,50,1138.728614
-7.479871,50,1139.005792
-3.925456,50,1139.281493
-3.922975,50,1139.588188
-4.704584,50,1139.862772
-3.002567,50,1140.139175
-5.97075,50,1140.414306
-3.856237,50,1140.690932
-5.086432,50,1140.965561
-4.548521,50,1141.245167
-2.931259,50,1141.519558
-4.673961,50,1141.797396
-5.402123,50,1142.070485
-3.654835,50,1142.373844
-5.421599,50,1142.652443
-3.910695,50,1142.927887
-5.337887,50,1143.205559
-3.394537,50,1143.479089
-3.035278,50,1143.756424
-5.883097,50,1144.03066
-4.892357,50,1144.30715
-5.035212,50,1144.583857
-4.978391,50,1144.857185
-5.088996,50,1145.164536
-2.935569,50,1145.44201
-5.701509,50,1145.715448
-4.067261,50,1145.990322
-4.786605,50,1146.297144
-5.354475,50,1146.574066
-4.108257,50,1146.848626
-3.46798,50,1147.125348
-3.632964,50,1147.423801
-6.15538,50,1147.697688
-3.459782,50,1147.972132
-4.415443,50,1148.249761
-4.038421,50,1148.525769
-1.751675,50,1148.802508
-6.754959,50,1149.075983
-4.402406,50,1149.351616
-3.265739,50,1149.63069
-3.870347,50,1149.908144
-1.834626,50,1150.206029
-2.348958,50,1150.482853
-8.89943,50,1150.7588
-2.882511,50,1151.035618
-4.889136,50,1151.309753
-4.778399,50,1151.585974
-8.216765,50,1151.860941
-3.978628,50,1152.137783
-3.358587,50,1152.412716
-1.576642,50,1152.690147
-5.824093,50,1152.988989
-7.007369,50,1153.271892
-4.856721,50,1153.545004
-7.170025,50,1153.82223
-3.193753,50,1154.098268
-5.662222,50,1154.375511
-5.359851,50,1154.649683
-4.473805,50,1154.928149
-7.133696,50,1155.204983
-5.453972,50,1155.482911
-4.544988,50,1155.754798
-5.304059,50,1156.059464
-7.134319,50,1156.341426
-5.324428,50,1156.617327
-4.830923,50,1156.918823
-3.92779,50,1157.192147
-6.107636,50,1157.470549
-6.029332,50,1157.743359
-7.186153,50,1158.020967
-4.10419,50,1158.299628
-3.962481,50,1158.578537
-5.018799,50,1158.85308
-4.844337,50,1159.131375
-3.922879,50,1159.405672
-6.382325,50,1159.683842
-2.771913,50,1159.956547
-5.945436,50,1160.234962
-8.496858,50,1160.507674
-3.129318,50,1160.786832
-5.914593,50,1161.060621
-4.611892,50,1161.337035
-3.755636,50,1161.612537
-6.418494,50,1161.891316
-7.143483,50,1162.167387
-2.359564,50,1162.444945
-3.545769,50,1162.718328
-3.008566,50,1162.995177
-6.78863,50,1163.271811
-3.965293,50,1163.545769
-2.895786,50,1163.821587
-4.160569,50,1164.096215
-6.338638,50,1164.373017
-4.682322,50,1164.647825
-2.201754,50,1164.923468
-7.206931,50,1165.198401
-4.86169,50,1165.500381
-5.55488,50,1165.774872
-3.474064,50,1166.050902
-3.255345,50,1166.356422
-5.924209,50,1166.635145
-5.013712,50,1166.912186
-2.58838,50,1167.186409
-1.856416,50,1167.467588
-4.922624,50,1167.741264
-5.842062,50,1168.016916
-3.91521,50,1168.29166
-6.029965,50,1168.597998
-3.585394,50,1168.872745
-2.92303,50,1169.148817
-1.614382,50,1169.422839
-2.111027,50,1169.70012
-2.737533,50,1169.974679
-6.749146,50,1170.255303
-7.402358,50,1170.528702
-3.146028,50,1170.805727
-3.911942,50,1171.080185
-7.082326,50,1171.356745
-2.693402,50,1171.630422
-3.619934,50,1171.909678
-7.712741,50,1172.183915
-4.510079,50,1172.460995
-2.75767,50,1172.734055
-7.825718,50,1173.018225
-3.35879,50,1173.292927
-5.592216,50,1173.569485
-7.340667,50,1173.844632
-2.72313,50,1174.128576
-3.769565,50,1174.401861
-2.440032,50,1174.678511
-6.777978,50,1174.954002
-6.381529,50,1175.259814
-2.850176,50,1175.537338
-3.529746,50,1175.812837
-4.655174,50,1176.11363
-2.83307,50,1176.421059
-4.538256,50,1176.69927
-4.242343,50,1176.972942
-6.915728,50,1177.248507
-4.390486,50,1177.525012
-3.573083,50,1177.805089
-5.03291,50,1178.078385
-4.951298,50,1178.355423
-3.485195,50,1178.631741
-3.375271,50,1178.917758
-7.752003,50,1179.19752
-6.563374,50,1179.471793
-2.71495,50,1179.75226
-3.502914,50,1180.030186
-2.82868,50,1180.306026
-3.128329,50,1180.579232
-4.767457,50,1180.884313
-7.014422,50,1181.159287
-5.120884,50,1181.435617
-7.383753,50,1181.708561
-3.570982,50,1182.009866
-2.861462,50,1182.28555
-3.636913,50,1182.561037
-6.271276,50,1182.834659
-7.738986,50,1183.114254
-6.364008,50,1183.388214
-5.174163,50,1183.664885
-5.493297,50,1183.937432
-4.436266,50,1184.21683
-3.143433,50,1184.490571
-3.724611,50,1184.796132
-4.808273,50,1185.071055
-4.709492,50,1185.351068
-4.980526,50,1185.624368
-2.692486,50,1185.901918
-9.191486,50,1186.1764
-3.588372,50,1186.456254
-4.99829,50,1186.729595
-5.174004,50,1187.007224
-5.932891,50,1187.279842
-5.517419,50,1187.564152
-3.464503,50,1187.838521
-6.018495,50,1188.113969
-6.794303,50,1188.389016
-3.285073,50,1188.675319
-4.915624,50,1188.949313
-3.905619,50,1189.226063
-3.929067,50,1189.500128
-5.654934,50,1189.806089
-1.053718,50,1190.083925
-1.58116,50,1190.358
-6.100583,50,1190.635246
-4.115379,50,1190.911453
-2.994936,50,1191.185677
-4.918375,50,1191.461783
-6.70998,50,1191.736982
-6.771942,50,1192.013878
-5.337428,50,1192.287112
-2.393682,50,1192.56265
-3.64634,50,1192.837887
-5.067144,50,1193.121114
-4.217004,50,1193.395318
-4.060145,50,1193.672619
-2.982726,50,1193.945811
-5.218082,50,1194.25254
-5.04073,50,1194.529122
-4.122319,50,1194.803963
-1.952322,50,1195.078643
-6.475299,50,1195.406164
-7.675175,50,1195.682702
-4.915576,50,1195.956854
-4.559967,50,1196.233788
-4.038346,50,1196.510487
-3.078745,50,1196.790268
-7.321553,50,1197.062892
-6.822544,50,1197.338634
-1.988432,50,1197.616295
-6.84559,50,1197.895861
-5.119645,50,1198.168901
-2.208582,50,1198.445096
-3.90255,50,1198.721757
-5.027772,50,1198.998773
-6.843961,50,1199.298852
-5.441312,50,1199.575949
-7.662646,50,1199.851294
-5.473543,50,1200.127581
-4.373147,50,1200.40167
-2.688975,50,1200.704982
-1.579134,50,1200.983552
-7.050874,50,1201.257357
-5.749072,50,1201.535284
-2.626338,50,1201.810655
-4.535683,50,1202.086519
-5.46142,50,1202.362985
-4.039947,50,1202.636851
-5.180629,50,1202.9138
-4.512744,50,1203.216567
-7.142672,50,1203.490111
-2.659428,50,1203.764874
-2.37011,50,1204.041199
-4.803213,50,1204.34976
-3.946162,50,1204.624231
-4.942895,50,1204.902695
-3.200874,50,1205.179147
-5.151655,50,1205.457731
-2.818506,50,1205.73166
-2.648248,50,1206.008831
-4.220374,50,1206.282027
-6.647573,50,1206.560273
-3.604254,50,1206.834944
-3.408793,50,1207.108556
-4.13639,50,1207.384586
-6.807248,50,1207.659692
-6.077141,50,1207.937027
-3.371775,50,1208.209347
-6.853485,50,1208.487035
-5.785956,50,1208.767386
-4.402174,50,1209.044058
-5.015466,50,1209.341558
-4.281533,50,1209.618009
-4.575159,50,1209.897332
-6.156299,50,1210.171833
-4.630215,50,1210.447605
-7.368208,50,1210.722263
-6.130441,50,1210.998288
-5.819353,50,1211.272878
-3.983205,50,1211.547629
-5.276057,50,1211.826604
-3.687246,50,1212.102095
-4.915384,50,1212.37951
-4.124328,50,1212.652151
-6.536864,50,1212.928965
-4.698737,50,1213.204424
-3.744951,50,1213.505845
-3.796281,50,1213.782582
-4.844408,50,1214.06389
-6.820033,50,1214.371164
-2.232622,50,1214.644469
-5.435354,50,1214.919964
-8.151996,50,1215.193933
-4.842635,50,1215.477814
-3.846494,50,1215.752041
-4.415474,50,1216.028919
-4.855341,50,1216.303936
-2.728688,50,1216.609035
-4.947934,50,1216.886554
-4.415112,50,1217.160835
-6.158007,50,1217.438168
-5.643293,50,1217.714465
-5.757378,50,1217.99321
-5.094107,50,1218.267041
-3.778265,50,1218.54019
-1.568238,50,1218.817377
-3.567913,50,1219.091958
-4.926755,50,1219.368212
-4.333886,50,1219.642565
-5.875797,50,1219.920951
-5.833943,50,1220.198581
-3.561087,50,1220.474606
-5.037215,50,1220.749389
-4.108082,50,1221.054267
-4.869666,50,1221.329912
-5.528049,50,1221.603378
-2.411271,50,1221.880852
-4.66427,50,1222.154872
-2.893124,50,1222.431886
-5.624597,50,1222.708397
-3.785537,50,1222.984511
-4.776024,50,1223.269357
-2.753466,50,1223.546323
-4.391055,50,1223.821048
-3.891526,50,1224.097738
-2.730083,50,1224.373895
-3.364331,50,1224.651762
-4.769524,50,1224.92681
-5.601982,50,1225.228097
-4.496178,50,1225.506131
-4.217206,50,1225.782342
-3.493667,50,1226.055886
-4.59402,50,1226.357505
-1.169764,50,1226.638227
-5.950183,50,1226.914239
-3.122432,50,1227.188292
-7.146147,50,1227.465395
-6.849178,50,1227.814787
-3.888793,50,1228.090796
-3.184078,50,1228.36535
-2.415171,50,1228.641763
-4.14391,50,1228.916818
-9.198642,50,1229.217707
-4.525931,50,1229.492133
-6.704973,50,1229.768559
-3.68842,50,1230.044378
-4.142128,50,1230.323532
-5.302495,50,1230.597668
-6.089181,50,1230.874174
-6.903382,50,1231.151116
-6.27409,50,1231.429483
-5.778418,50,1231.703744
-5.039628,50,1231.981007
-6.968499,50,1232.280382
-8.358744,50,1232.559917
-5.733251,50,1232.833984
-4.834922,50,1233.111606
-5.370653,50,1233.385692
-6.964343,50,1233.663023
-5.291774,50,1233.960609
-3.01693,50,1234.237895
-4.365623,50,1234.512466
-6.298518,50,1234.790257
-7.697806,50,1235.066242
-2.31425,50,1235.351264
-3.222692,50,1235.630561
-2.009577,50,1235.903942
-7.837333,50,1236.181676
-3.567723,50,1236.455562
-1.977443,50,1236.759572
-7.08665,50,1237.033015
-1.972717,50,1237.310276
-4.068936,50,1237.582888
-3.913418,50,1237.861217
-2.573882,50,1238.135256
-7.726693,50,1238.435173
-5.601482,50,1238.712254
-5.508406,50,1238.991512
-5.904863,50,1239.264805
-8.512628,50,1239.542328
-4.31643,50,1239.816621
-2.847264,50,1240.09796
-4.461633,50,1240.372399
-2.538443,50,1240.647279
-4.370807,50,1240.921556
-7.484289,50,1241.199309
-3.868981,50,1241.473956
-5.706848,50,1241.749067
-4.407008,50,1242.023547
-4.573948,50,1242.304279
-8.508427,50,1242.578057
-4.427879,50,1242.849976
-5.353329,50,1243.127751
-3.255634,50,1243.401932
-6.357165,50,1243.679751
-5.067763,50,1243.952403
-6.789905,50,1244.22899
-7.819248,50,1244.506627
-3.368677,50,1244.783508
-5.388249,50,1245.056764
-3.744638,50,1245.358285
-4.416534,50,1245.633792
-7.201615,50,1245.910192
-3.89608,50,1246.184066
-2.582437,50,1246.46273
-4.303718,50,1246.764099
-5.715514,50,1247.03804
-5.259965,50,1247.314037
-3.54377,50,1247.588599
-1.919327,50,1247.870615
-3.236256,50,1248.145131
-3.869631,50,1248.422726
-7.239957,50,1248.700219
-2.077561,50,1248.976658
-6.283176,50,1249.249952
-4.120616,50,1249.526046
-6.953181,50,1249.870236
-5.376787,50,1250.147734
-4.390875,50,1250.424651
-5.191607,50,1250.698927
-3.978123,50,1250.974638
-3.158993,50,1251.253799
-5.956547,50,1251.530309
-5.155992,50,1251.804836
-5.375916,50,1252.07936
-4.844162,50,1252.379799
-3.417033,50,1252.658054
-1.229494,50,1252.931774
-5.34589,50,1253.20894
-2.423698,50,1253.485457
-6.210485,50,1253.761407
-4.356829,50,1254.033801
-4.580826,50,1254.32879
-5.829654,50,1254.604177
-5.324503,50,1254.881229
-4.80878,50,1255.154459
-7.508548,50,1255.431431
-4.407106,50,1255.729938
-4.953548,50,1256.008259
-3.210117,50,1256.281363
-6.329266,50,1256.559046
-4.93704,50,1256.834626
-4.853013,50,1257.136221
-7.131483,50,1257.409833
-4.739445,50,1257.686671
-2.561578,50,1257.969742
-5.426307,50,1258.245161
-5.743759,50,1258.520653
-3.922944,50,1258.794215
-4.102096,50,1259.097774
-7.265316,50,1259.372331
-6.361776,50,1259.648312
-5.848667,50,1259.921628
-2.302005,50,1260.225685
-6.302468,50,1260.500233
-3.879716,50,1260.775851
-4.909313,50,1261.049215
-5.265114,50,1261.358803
-5.618621,50,1261.632117
-4.998459,50,1261.91058
-7.317106,50,1262.184785
-6.035367,50,1262.462679
-7.201,50,1262.735673
-8.295561,50,1263.014324
-6.561453,50,1263.286541
-7.913599,50,1263.589197
-3.869874,50,1263.866264
-5.068525,50,1264.141409
-5.555002,50,1264.414405
-4.913197,50,1264.6918
-6.843046,50,1264.966498
-8.632853,50,1265.272132
-5.337013,50,1265.547857
-6.508798,50,1265.824683
-4.067281,50,1266.106177
-6.80378,50,1266.381752
-6.228724,50,1266.657612
-5.663538,50,1266.933983
-4.586323,50,1267.212812
-1.035189,50,1267.513031
-7.78118,50,1267.790889
-4.029658,50,1268.065927
-6.878331,50,1268.342234
-8.273914,50,1268.616174
-5.57594,50,1268.89388
-6.035255,50,1269.187869
-5.338624,50,1269.464496
-4.707803,50,1269.736239
-5.918404,50,1270.013846
-8.38443,50,1270.288371
-6.900652,50,1270.589074
-6.073714,50,1270.863551
-8.095441,50,1271.140802
-5.633479,50,1271.414435
-4.869932,50,1271.691147
-3.969268,50,1271.967966
-3.165152,50,1272.266837
-6.591539,50,1272.54337
-3.763251,50,1272.820975
-3.584624,50,1273.098117
-3.092076,50,1273.370099
-5.271267,50,1273.672987
-5.149615,50,1273.970638
-4.932117,50,1274.247615
-4.061162,50,1274.525543
-5.953993,50,1274.802978
-3.889475,50,1275.080847
-5.940921,50,1275.354962
-4.900548,50,1275.634179
-1.815209,50,1275.910924
-3.711554,50,1276.184719
-4.528966,50,1276.487842
-3.883524,50,1276.762477
-5.946136,50,1277.039103
-1.895075,50,1277.315614
-7.059453,50,1277.589077
-7.204223,50,1277.871831
-7.544736,50,1278.150803
-5.244394,50,1278.426126
-7.348971,50,1278.700875
-6.999598,50,1278.979658
-5.409485,50,1279.279088
-4.542176,50,1279.555508
-6.503498,50,1279.828466
-4.454388,50,1280.105398
-3.305142,50,1280.381181
-5.871284,50,1280.663121
-4.495486,50,1280.936665
-3.718601,50,1281.213796
-5.903872,50,1281.489329
-7.173343,50,1281.775346
-7.339777,50,1282.058033
-5.734696,50,1282.336971
-6.715865,50,1282.613557
-7.839043,50,1282.896476
-9.59039,50,1283.170015
-1.655714,50,1283.447713
-5.302431,50,1283.723942
-5.478872,50,1284.000568
-1.132906,50,1284.278307
-2.978921,50,1284.554747
-6.065903,50,1284.831359
-4.167153,50,1285.110511
-3.987882,50,1285.385659
-2.213331,50,1285.662444
-5.332548,50,1285.961628
-9.625327,50,1286.236403
-5.253302,50,1286.510572
-4.664582,50,1286.787784
-4.003177,50,1287.063319
-4.713619,50,1287.360725
-3.510695,50,1287.635468
-5.668428,50,1287.910189
-5.549719,50,1288.186069
-3.959635,50,1288.463727
-6.186339,50,1288.742415
-3.126762,50,1289.043022
-3.799737,50,1289.347633
-3.347894,50,1289.619695
-5.331427,50,1289.895417
-5.950157,50,1290.170199
-4.709421,50,1290.448843
-5.332064,50,1290.723337
-4.098004,50,1290.999837
-7.759914,50,1291.274151
-7.642615,50,1291.553351
-7.000679,50,1291.826329
-5.714499,50,1292.1015
-1.795947,50,1292.376485
-3.912889,50,1292.655757
-5.643439,50,1292.93364
-2.590859,50,1293.208968
-5.76251,50,1293.486448
-1.97583,50,1293.769449
-2.106161,50,1294.043702
-6.945781,50,1294.320384
-4.575662,50,1294.594848
-6.69076,50,1294.87643
-4.94681,50,1295.150195
-3.39104,50,1295.426911
-3.31631,50,1295.70133
-4.812457,50,1295.980787
-5.482456,50,1296.279926
-2.283572,50,1296.557657
-6.470485,50,1296.83249
-2.373835,50,1297.11201
-5.071904,50,1297.385229
-11.279169,50,1297.662242
-6.239254,50,1297.93547
-3.342668,50,1298.215632
-4.751016,50,1298.489
-2.464363,50,1298.765657
-4.550427,50,1299.039667
-4.858773,50,1299.352797
-1.982303,50,1299.62901
-8.668527,50,1299.903657
-4.080634,50,1300.176431
-5.283459,50,1300.484155
-4.716289,50,1300.760033
-5.441804,50,1301.034085
-4.410208,50,1301.31044
-1.733015,50,1301.588045
-5.172318,50,1301.865544
-6.007254,50,1302.165147
-3.160653,50,1302.441535
-5.283299,50,1302.717854
-2.496847,50,1302.993932
-9.332485,50,1303.267855
-6.450037,50,1303.562126
-2.849659,50,1303.836967
-4.434028,50,1304.115273
-6.163078,50,1304.388659
-5.646768,50,1304.665227
-4.889133,50,1304.945354
-1.319532,50,1305.222803
-6.063907,50,1305.495255
-4.517456,50,1305.770341
-6.255252,50,1306.072696
-3.906566,50,1306.363824
-5.292181,50,1306.646275
-5.502697,50,1306.930333
-7.241448,50,1307.221078
-5.252432,50,1307.504874
-5.6247,50,1307.79487
-6.087931,50,1308.074545
-6.045819,50,1308.39434
-2.390615,50,1308.678138
-6.519607,50,1308.960769
-5.268577,50,1309.244546
-5.203803,50,1309.530108
-7.592521,50,1309.819828
-2.323694,50,1310.105788
-2.46542,50,1310.388454
-3.498309,50,1310.674708
-4.855247,50,1310.959862
-3.95099,50,1311.240209
-2.786557,50,1311.525347
-3.494727,50,1311.804942
-2.588176,50,1312.079057
-3.677745,50,1312.355852
-10.882825,50,1312.629697
-5.654419,50,1312.937592
-7.960244,50,1313.213668
-7.279708,50,1313.490134
-2.171213,50,1313.766075
-4.402481,50,1314.042787
-2.231313,50,1314.320626
-5.195801,50,1314.595498
-2.161813,50,1314.872203
-5.416609,50,1315.14958
-7.129441,50,1315.426954
-6.6834,50,1315.699611
-3.403062,50,1316.001929
-8.216671,50,1316.306946
-4.578866,50,1316.58178
-8.729574,50,1316.854785
-2.800235,50,1317.132828
-7.086032,50,1317.408386
-5.668076,50,1317.695701
-10.907923,50,1317.970169
-7.6598,50,1318.251742
-3.288236,50,1318.528756
-4.629254,50,1318.805229
-11.214431,50,1319.083356
-10.725078,50,1319.360429
-7.392116,50,1319.642692
-7.461865,50,1319.920004
-5.75765,50,1320.194563
-1.915873,50,1320.471093
-8.407229,50,1320.774942
-5.455139,50,1321.049308
-8.746571,50,1321.326448
-8.635748,50,1321.599257
-4.284913,50,1321.877038
-6.233545,50,1322.153158
-3.752527,50,1322.430064
-11.534256,50,1322.703317
-7.734979,50,1322.984287
-1.396591,50,1323.257932
-3.555739,50,1323.532175
-5.782607,50,1323.83293
-3.512294,50,1324.112769
-7.731075,50,1324.385058
-10.363185,50,1324.661656
-2.551337,50,1324.931068
-6.587879,50,1325.235035
-2.170091,50,1325.507998
-9.527467,50,1325.785668
-2.466105,50,1326.06122
-13.721099,50,1326.370577
-5.645999,50,1326.647055
-6.430844,50,1326.920359
-4.294299,50,1327.19764
-6.818826,50,1327.497921
-1.677163,50,1327.777808
-4.839212,50,1328.05177
-2.335349,50,1328.327375
-8.556379,50,1328.60263
-7.047802,50,1328.879883
-4.407943,50,1329.154537
-10.854974,50,1329.431311
-5.488242,50,1329.7065
-4.572771,50,1329.983962
-5.679299,50,1330.25743
-5.366285,50,1330.544576
-5.809314,50,1330.820294
-3.383266,50,1331.097257
-4.977329,50,1331.370717
-8.091266,50,1331.647591
-2.888062,50,1331.923158
-3.578925,50,1332.203918
-5.969836,50,1332.477321
-2.876,50,1332.75279
-9.403523,50,1333.027014
-9.63778,50,1333.307647
-5.387147,50,1333.582706
-5.979004,50,1333.858984
-6.776443,50,1334.136333
-8.645304,50,1334.412642
-3.635427,50,1334.689139
-2.108598,50,1334.96537
-3.75442,50,1335.241051
-6.574256,50,1335.517983
-5.330934,50,1335.791781
-8.793865,50,1336.066853
-3.657699,50,1336.342638
-4.160184,50,1336.618926
-10.481824,50,1336.893225
-2.828865,50,1337.169675
-3.226286,50,1337.447532
-5.668523,50,1337.721416
-2.45938,50,1337.997885
-3.002653,50,1338.271662
-8.428873,50,1338.553729
-5.605701,50,1338.827382
-2.775696,50,1339.107571
-5.825683,50,1339.382771
-1.83167,50,1339.705419
-6.080499,50,1339.981232
-1.311653,50,1340.254132
-2.932319,50,1340.530836
-3.446413,50,1340.805963
-3.610513,50,1341.081998
-4.433993,50,1341.380531
-6.530279,50,1341.657171
-4.293586,50,1341.931209
-5.502619,50,1342.208445
-5.219981,50,1342.480989
-3.825984,50,1342.782671
-4.909173,50,1343.05574
-4.033782,50,1343.332041
-5.78132,50,1343.606624
-3.855016,50,1343.883235
-3.077436,50,1344.166013
-2.367503,50,1344.443524
-2.27869,50,1344.718287
-4.41093,50,1344.996386
-5.681226,50,1345.297258
-5.037832,50,1345.572234
-3.458403,50,1345.845267
-4.788297,50,1346.121606
-3.463199,50,1346.396973
-8.503931,50,1346.699255
-3.685115,50,1346.976475
-10.462203,50,1347.251471
-4.395922,50,1347.531039
-6.072006,50,1347.80486
-5.92911,50,1348.106464
-6.934199,50,1348.379409
-2.101423,50,1348.660883
-6.58621,50,1348.934912
-6.12125,50,1349.237949
-3.981677,50,1349.511182
-6.423666,50,1349.791356
-4.073153,50,1350.065199
-4.689954,50,1350.34275
-4.764433,50,1350.616974
-7.101051,50,1350.925391
-4.085125,50,1351.201486
-6.954243,50,1351.478008
-4.205654,50,1351.756204
-5.98529,50,1352.057727
-2.128045,50,1352.334701
-5.317944,50,1352.60988
-12.721308,50,1352.887185
-3.00132,50,1353.189379
-1.50313,50,1353.466827
-3.485769,50,1353.741811
-6.819899,50,1354.019702
-3.544299,50,1354.330038
-2.843811,50,1354.603236
-3.216862,50,1354.879306
-6.719219,50,1355.154325
-2.532954,50,1355.435621
-7.986516,50,1355.710034
-5.406924,50,1355.986239
-4.824237,50,1356.262916
-9.902998,50,1356.541594
-6.109925,50,1356.841238
-4.938435,50,1357.117976
-5.95978,50,1357.392057
-6.816437,50,1357.669229
-6.20517,50,1357.944593
-3.092103,50,1358.220283
-7.551223,50,1358.521664
-3.992209,50,1358.799336
-7.191126,50,1359.073357
-2.891522,50,1359.348948
-5.272695,50,1359.623703
-5.339179,50,1359.926726
-10.347127,50,1360.2036
-6.965541,50,1360.478553
-4.261294,50,1360.754302
-5.408477,50,1361.030884
-2.834704,50,1361.330873
-7.999092,50,1361.606966
-5.125207,50,1361.887042
-4.385275,50,1362.162517
-3.304746,50,1362.44103
-4.938158,50,1362.716063
-7.032376,50,1362.993143
-4.925296,50,1363.302232
-5.439037,50,1363.574749
-8.141872,50,1363.851608
-6.602359,50,1364.134445
-4.888268,50,1364.413232
-5.202221,50,1364.686759
-6.333284,50,1364.961352
-6.805751,50,1365.237406
-3.191863,50,1365.540365
-5.779927,50,1365.821245
-2.357167,50,1366.10165
-4.137986,50,1366.390393
-5.551043,50,1366.676998
-3.402177,50,1366.964119
-4.847297,50,1367.25159
-6.556373,50,1367.565587
-6.550927,50,1367.858679
-3.922704,50,1368.136466
-6.366332,50,1368.424204
-3.358199,50,1368.702553
-4.818017,50,1368.994853
-4.319219,50,1369.281392
-3.393144,50,1369.560927
-5.318576,50,1369.848419
-3.410707,50,1370.153074
-4.344841,50,1370.443858
-2.679914,50,1370.724956
-6.820478,50,1371.010682
-2.874717,50,1371.324528
-5.414454,50,1371.599473
-9.03545,50,1371.876338
-3.161109,50,1372.149316
-6.847242,50,1372.428282
-3.911104,50,1372.704542
-6.20194,50,1372.98099
-3.731324,50,1373.255433
-5.252133,50,1373.53871
-8.997789,50,1373.813128
-2.661496,50,1374.090104
-2.466044,50,1374.36504
-6.510553,50,1374.644293
-4.364157,50,1374.919387
-5.682278,50,1375.22385
-4.937734,50,1375.500462
-5.342035,50,1375.774928
-3.683122,50,1376.051409
-5.520653,50,1376.325087
-6.635483,50,1376.600264
-6.269878,50,1376.876916
-5.373788,50,1377.154097
-2.171217,50,1377.429761
-5.566556,50,1377.70584
-2.438597,50,1377.980991
-4.781409,50,1378.27522
-4.560347,50,1378.54914
-5.969811,50,1378.825661
-7.82129,50,1379.100741
-9.27097,50,1379.382784
-2.453902,50,1379.656983
-4.253384,50,1379.934912
-4.962094,50,1380.208675
-3.235689,50,1380.485114
-5.664502,50,1380.76199
-10.25022,50,1381.039596
-3.823455,50,1381.343749
-3.601847,50,1381.619533
-5.49263,50,1381.895433
-9.100744,50,1382.179456
-4.226141,50,1382.484789
-3.162838,50,1382.757893
-6.677481,50,1383.036072
-1.899736,50,1383.309722
-3.094176,50,1383.591484
-2.771616,50,1383.864748
-2.450109,50,1384.150562
-4.895142,50,1384.424442
-5.658958,50,1384.704905
-4.495571,50,1384.979465
-5.87428,50,1385.260227
-2.26745,50,1385.558349
-8.925676,50,1385.838312
-4.77601,50,1386.111732
-2.60445,50,1386.388825
-5.759238,50,1386.66672
-4.968034,50,1386.947819
-7.234966,50,1387.222732
-4.692264,50,1387.499008
-8.420274,50,1387.770975
-2.277847,50,1388.050369
-2.87532,50,1388.324207
-5.812725,50,1388.601275
-4.875177,50,1388.873645
-4.441208,50,1389.154451
-5.219679,50,1389.428678
-5.774045,50,1389.73016
-3.528348,50,1390.003777
-5.47664,50,1390.309452
-7.324531,50,1390.585803
-4.296179,50,1390.860077
-5.193586,50,1391.136588
-4.993052,50,1391.413796
-1.923429,50,1391.690732
-4.78218,50,1391.963705
-6.299459,50,1392.243671
-4.979343,50,1392.522375
-2.630201,50,1392.799901
-4.505159,50,1393.073058
-2.40991,50,1393.360684
-3.704241,50,1393.635947
-4.844604,50,1393.914526
-1.671277,50,1394.188004
-6.033113,50,1394.465512
-5.450337,50,1394.756927
-2.498461,50,1395.035187
-3.610821,50,1395.308958
-3.365103,50,1395.586402
-3.086091,50,1395.862204
-5.834675,50,1396.142071
-2.567619,50,1396.416179
-6.259067,50,1396.692259
-6.054437,50,1396.966305
-4.127736,50,1397.244643
-6.544775,50,1397.517088
-2.6629,50,1397.79373
-6.734991,50,1398.071218
-4.061808,50,1398.348039
-6.967161,50,1398.621058
-2.114555,50,1398.894003
-8.18191,50,1399.172873
-6.309463,50,1399.444864
-6.830613,50,1399.747819
-5.55304,50,1400.023596
-5.444473,50,1400.326369
-5.946797,50,1400.603097
-5.485577,50,1400.877901
-6.339354,50,1401.154088
-4.979073,50,1401.429256
-7.262965,50,1401.710027
-4.265672,50,1401.985022
-6.739113,50,1402.261498
-3.688809,50,1402.537762
-6.307303,50,1402.814951
-4.698704,50,1403.089862
-4.680915,50,1403.366738
-4.969019,50,1403.641965
-4.300605,50,1403.917778
-1.644177,50,1404.191343
-4.272513,50,1404.4678
-6.31206,50,1404.743133
-3.220009,50,1405.045518
-4.149066,50,1405.318658
-5.216586,50,1405.595089
-8.197472,50,1405.870432
-6.663378,50,1406.150108
-2.011701,50,1406.42473
-4.274391,50,1406.702297
-3.333422,50,1406.97738
-5.992958,50,1407.254726
-4.849885,50,1407.528836
-5.56451,50,1407.806326
-7.301124,50,1408.08378
-5.624073,50,1408.359865
-5.970825,50,1408.632063
-5.472842,50,1408.908628
-4.771028,50,1409.211618
-5.930716,50,1409.488814
-5.112061,50,1409.762248
-5.713678,50,1410.039455
-3.48551,50,1410.350886
-3.847619,50,1410.627627
-4.182422,50,1410.901827
-5.414064,50,1411.179164
-4.143514,50,1411.454032
-2.141047,50,1411.734345
-4.127641,50,1412.008788
-5.778765,50,1412.286206
-5.526048,50,1412.560397
-5.411312,50,1412.862078
-8.363896,50,1413.138425
-6.545046,50,1413.412401
-5.720914,50,1413.691427
-6.811478,50,1413.965231
-7.340379,50,1414.24123
-5.337036,50,1414.516099
-2.299212,50,1414.792642
-7.396617,50,1415.069613
-4.1268,50,1415.345641
-9.000578,50,1415.62199
-4.50018,50,1415.910722
-9.130396,50,1416.185139
-4.241649,50,1416.462604
-4.319845,50,1416.73637
-4.751698,50,1417.012951
-9.434346,50,1417.290294
-2.600367,50,1417.563542
-3.015538,50,1417.839678
-8.505174,50,1418.117009
-2.965831,50,1418.394102
-4.945096,50,1418.668857
-8.938826,50,1418.945734
-5.145083,50,1419.220031
-2.165817,50,1419.497628
-7.362067,50,1419.771309
-6.129157,50,1420.048541
-3.961603,50,1420.322747
-5.182087,50,1420.601991
-6.476448,50,1420.875302
-2.796292,50,1421.177356
-9.743747,50,1421.458663
-4.046961,50,1421.733831
-2.439326,50,1422.012
-4.670796,50,1422.285905
-3.389572,50,1422.591723
-5.010026,50,1422.866528
-5.333609,50,1423.142527
-2.651033,50,1423.416344
-6.296422,50,1423.694565
-4.709076,50,1423.968245
-2.553826,50,1424.244324
-4.921577,50,1424.5472
-4.026797,50,1424.822427
-6.593087,50,1425.097366
-4.225463,50,1425.370932
-5.661873,50,1425.646865
-5.226038,50,1425.922106
-4.078478,50,1426.197877
-2.796971,50,1426.474226
-2.203769,50,1426.745631
-5.130777,50,1427.028184
-4.614564,50,1427.301833
-3.497662,50,1427.577525
-4.232295,50,1427.877879
-2.115863,50,1428.154115
-5.301202,50,1428.43077
-6.388431,50,1428.703624
-6.787314,50,1428.982951
-4.714269,50,1429.283344
-5.051043,50,1429.560982
-7.854511,50,1429.832599
-2.561072,50,1430.109838
-2.477561,50,1430.383641
-6.190427,50,1430.661141
-4.322802,50,1430.934287
-7.423751,50,1431.211591
-7.551316,50,1431.487702
-4.126123,50,1431.766905
-6.09589,50,1432.041373
-3.778094,50,1432.31715
-4.492303,50,1432.598484
-5.760021,50,1432.87186
-4.609166,50,1433.175425
-4.379672,50,1433.462369
-5.066452,50,1433.748825
-6.107024,50,1434.038382
-6.336203,50,1434.339588
-6.388316,50,1434.625392
-6.438728,50,1434.911165
-5.282672,50,1435.193981
-5.293436,50,1435.502504
-4.608134,50,1435.785762
-3.543708,50,1436.073774
-5.11807,50,1436.359744
-5.585417,50,1436.649352
-3.795757,50,1436.934
-8.66246,50,1437.224841
-5.401973,50,1437.505501
-4.141281,50,1437.790308
-6.453763,50,1438.083186
-4.849519,50,1438.374378
-4.250445,50,1438.650512
-5.211517,50,1438.925338
-5.491335,50,1439.202817
-5.608417,50,1439.480468
-3.873631,50,1439.756795
-4.181905,50,1440.031106
-6.492107,50,1440.308243
-4.234372,50,1440.585657
-5.201769,50,1440.862396
-4.73582,50,1441.138219
-5.111843,50,1441.411573
-4.906532,50,1441.69048
-5.881726,50,1441.964347
-6.479058,50,1442.246487
-4.822597,50,1442.518238
-1.640537,50,1442.795146
-6.492906,50,1443.069662
-6.581847,50,1443.347788
-5.868095,50,1443.620963
-6.940548,50,1443.899532
-3.433139,50,1444.173295
-4.275486,50,1444.450974
-5.483111,50,1444.724122
-2.436238,50,1445.030054
-10.164309,50,1445.304401
-8.84878,50,1445.581003
-1.142517,50,1445.855719
-3.911962,50,1446.185796
-3.441506,50,1446.462669
-1.982229,50,1446.737109
-4.218043,50,1447.015579
-6.655398,50,1447.290202
-4.247043,50,1447.566771
-3.65988,50,1447.840167
-4.879352,50,1448.11803
-4.125267,50,1448.393699
-7.835803,50,1448.674348
-3.045022,50,1448.947256
-4.122633,50,1449.249265
-3.605258,50,1449.531965
-9.197756,50,1449.817982
-3.297324,50,1450.105079
-16.931257,50,1450.386444
-3.305589,50,1450.702671
-1.345305,50,1450.987253
-2.236377,50,1451.267666
-4.799221,50,1451.554579
-4.56547,50,1451.906171
-6.578462,50,1452.193193
-4.34964,50,1452.472455
-5.47199,50,1452.759256
-3.466656,50,1453.045297
-2.589491,50,1453.329414
-8.347418,50,1453.613924
-3.190987,50,1453.894903
-16.971499,50,1454.184898
-4.125539,50,1454.469438
-10.641436,50,1454.759894
-15.739844,50,1455.064368
-3.894648,50,1455.347253
-6.519273,50,1455.62172
-2.778148,50,1455.925031
-24.617864,50,1456.202635
-9.304996,50,1456.477742
-10.110776,50,1456.753606
-5.004234,50,1457.027815
-17.667778,50,1457.303042
-5.101529,50,1457.608094
-4.363142,50,1457.885369
-18.527209,50,1458.159063
-4.676711,50,1458.43915
-9.059233,50,1458.715655
-4.089407,50,1458.994362
-4.398395,50,1459.292134
-5.83625,50,1459.570602
-5.27538,50,1459.846316
-4.649636,50,1460.123632
-5.212082,50,1460.397396
-10.914819,50,1460.681093
-4.861842,50,1460.957118
-5.333193,50,1461.234821
-4.667417,50,1461.509374
-4.518992,50,1461.784634
-5.634169,50,1462.087326
-2.772959,50,1462.36238
-2.159262,50,1462.636263
-4.384432,50,1462.912459
-2.374473,50,1463.21737
-3.816389,50,1463.490881
-3.502837,50,1463.768178
-13.610884,50,1464.045192
-3.629891,50,1464.351158
-14.626904,50,1464.624897
-17.366996,50,1464.901974
-6.789301,50,1465.175247
-7.925511,50,1465.454733
-6.46771,50,1465.754659
-6.069965,50,1466.029213
-5.393578,50,1466.306903
-2.99479,50,1466.583685
-4.463935,50,1466.861768
-4.156969,50,1467.136604
-9.27787,50,1467.410975
-5.984074,50,1467.68912
-2.554755,50,1467.96586
-3.66624,50,1468.245386
-16.55779,50,1468.520662
-8.180037,50,1468.799191
-2.94955,50,1469.076973
-2.804174,50,1469.350248
-2.972667,50,1469.624136
-3.501149,50,1469.929954
-2.990909,50,1470.208482
-1.933448,50,1470.480574
-5.216426,50,1470.75707
-2.116838,50,1471.055699
-3.997838,50,1471.333019
-5.186773,50,1471.60811
-3.374069,50,1471.885485
-4.503744,50,1472.162305
-8.84027,50,1472.439456
-3.968337,50,1472.739325
-3.94949,50,1473.016942
-4.822514,50,1473.325573
-2.684434,50,1473.599672
-4.017936,50,1473.878034
-4.842883,50,1474.152695
-5.728016,50,1474.457733
-5.946803,50,1474.730952
-4.559623,50,1475.007597
-10.371919,50,1475.280554
-4.866712,50,1475.560267
-2.335017,50,1475.835333
-3.825074,50,1476.138014
-14.912703,50,1476.412049
-9.315539,50,1476.693737
-3.343283,50,1476.967942
-4.720941,50,1477.247274
-14.370232,50,1477.526271
-5.124785,50,1477.80617
-7.303306,50,1478.081063
-6.200993,50,1478.357626
-2.604755,50,1478.632759
-3.520813,50,1478.911071
-6.639322,50,1479.184755
-4.554137,50,1479.460413
-7.022728,50,1479.736974
-2.92326,50,1480.015417
-4.368825,50,1480.289408
-4.937461,50,1480.565067
-5.758033,50,1480.841081
-7.640096,50,1481.14021
-4.775734,50,1481.413935
-4.787311,50,1481.690438
-4.267364,50,1481.964747
-4.221972,50,1482.24518
-2.58852,50,1482.520664
-3.713019,50,1482.79902
-5.087687,50,1483.073217
-5.51733,50,1483.405036
-4.475647,50,1483.68344
-5.46131,50,1483.95709
-5.203176,50,1484.236549
-2.720612,50,1484.518913
-5.560726,50,1484.796751
-5.057381,50,1485.070466
-5.225958,50,1485.34788
-2.893014,50,1485.622319
-4.128653,50,1485.925861
-4.363084,50,1486.200016
-3.979905,50,1486.476794
-2.181077,50,1486.7504
-7.962925,50,1487.028414
-3.062618,50,1487.30252
-4.617141,50,1487.580059
-8.862974,50,1487.856499
-2.127703,50,1488.13692
-5.738368,50,1488.411824
-4.8893,50,1488.688563
-3.171451,50,1488.988566
-4.836254,50,1489.264761
-4.143153,50,1489.538202
-5.119462,50,1489.81552
-3.427392,50,1490.091207
-6.775777,50,1490.369383
-5.294009,50,1490.646675
-6.354582,50,1490.923312
-5.822418,50,1491.201369
-4.149321,50,1491.478776
-5.607662,50,1491.776982
-4.792842,50,1492.055172
-2.815518,50,1492.393649
-7.473349,50,1492.667065
-4.999064,50,1492.944891
-5.07956,50,1493.217453
-3.774904,50,1493.498571
-3.332041,50,1493.801643
-6.067776,50,1494.077644
-3.214746,50,1494.35279
-6.650418,50,1494.631233
-4.621171,50,1494.908884
-5.838876,50,1495.18264
-5.94555,50,1495.458913
-4.945606,50,1495.736144
-5.617802,50,1496.037649
-4.024603,50,1496.311506
-2.803455,50,1496.588234
-2.744871,50,1496.865389
-6.706951,50,1497.143081
-3.136469,50,1497.417357
-4.473034,50,1497.693328
-5.412091,50,1497.971079
-6.806575,50,1498.248347
-5.172357,50,1498.52305
-3.506722,50,1498.799846
-4.834816,50,1499.078203
-4.721347,50,1499.355535
-3.597827,50,1499.633712
-4.156093,50,1499.909722
-6.038075,50,1500.182924
-1.982959,50,1500.461013
-5.928609,50,1500.734894
-6.946086,50,1501.018866
-5.528457,50,1501.321449
-6.928914,50,1501.597461
-7.237995,50,1501.871486
-4.353911,50,1502.148083
-6.045839,50,1502.425118
-6.822855,50,1502.701408
-4.726874,50,1502.977228
-5.385567,50,1503.25315
-5.357574,50,1503.527994
-5.189646,50,1503.814311
-7.80539,50,1504.088751
-3.257773,50,1504.364083
-4.851634,50,1504.637669
-3.645518,50,1504.915653
-6.873416,50,1505.193279
-5.9568,50,1505.468634
-3.411107,50,1505.744864
-6.434227,50,1506.047407
-5.050799,50,1506.31972
-5.986097,50,1506.59598
-7.233147,50,1506.872333
-5.003214,50,1507.149442
-8.31436,50,1507.422618
-6.752392,50,1507.700401
-4.342685,50,1507.977006
-6.174885,50,1508.254407
-4.3321,50,1508.527832
-5.825563,50,1508.806258
-5.546367,50,1509.105027
-1.533544,50,1509.381527
-4.584559,50,1509.655884
-5.774245,50,1509.937209
-7.159599,50,1510.212469
-4.32951,50,1510.489495
-4.309516,50,1510.765528
-4.976067,50,1511.071456
-4.634306,50,1511.376053
-5.697524,50,1511.650323
-1.729139,50,1511.923792
-4.072493,50,1512.198242
-7.725787,50,1512.48289
-4.90485,50,1512.757797
-5.331908,50,1513.034276
-6.856562,50,1513.309863
-5.257618,50,1513.614154
-4.388152,50,1513.888613
-2.421438,50,1514.164906
-7.806946,50,1514.439153
-5.875861,50,1514.740709
-4.629029,50,1515.015821
-6.386278,50,1515.293352
-4.510567,50,1515.572325
-4.514525,50,1515.851269
-4.648882,50,1516.127357
-1.853,50,1516.404286
-6.215395,50,1516.678453
-5.65449,50,1516.960227
-5.931569,50,1517.23383
-3.36976,50,1517.510868
-6.888153,50,1517.785283
-4.327386,50,1518.063649
-5.369207,50,1518.337304
-5.552733,50,1518.614821
-5.312771,50,1518.887945
-5.129249,50,1519.168667
-3.117943,50,1519.442412
-3.611419,50,1519.720023
-6.142776,50,1519.994122
-6.815549,50,1520.303522
-8.480521,50,1520.578432
-5.306387,50,1520.854433
-3.809163,50,1521.128576
-3.114373,50,1521.412977
-7.028397,50,1521.687322
-4.315549,50,1521.963619
-2.23115,50,1522.237009
-4.059428,50,1522.51606
-2.297408,50,1522.792052
-2.533114,50,1523.069191
-3.761867,50,1523.342564
-7.883414,50,1523.622412
-7.474813,50,1523.898278
-2.701792,50,1524.174321
-8.103619,50,1524.449422
-5.34321,50,1524.729444
-8.600031,50,1525.002188
-3.868575,50,1525.28225
-4.584705,50,1525.556063
-4.961787,50,1525.839089
-3.827897,50,1526.11424
-5.445359,50,1526.392827
-8.252406,50,1526.666768
-6.363142,50,1526.947048
-4.629008,50,1527.221844
-6.599979,50,1527.503043
-4.072656,50,1527.776212
-7.896678,50,1528.056973
-5.970037,50,1528.338478
-7.883935,50,1528.630077
-4.721693,50,1528.906046
-6.286978,50,1529.184022
-5.765738,50,1529.464131
-4.302051,50,1529.740739
-4.881958,50,1530.020433
-6.174572,50,1530.326178
-5.819996,50,1530.603596
-5.881705,50,1530.877363
-9.634501,50,1531.155408
-9.698446,50,1531.436199
-5.212061,50,1531.712594
-4.542946,50,1531.987023
-3.24755,50,1532.263902
-4.866632,50,1532.540668
-7.379362,50,1532.818085
-4.044645,50,1533.091918
-5.537804,50,1533.371254
-3.458263,50,1533.64714
-8.082973,50,1533.924358
-4.649536,50,1534.198393
-4.043608,50,1534.475488
-5.167406,50,1534.751607
-5.21624,50,1535.0319
-8.385388,50,1535.305744
-2.422317,50,1535.58242
-4.887684,50,1535.865277
-4.814059,50,1536.143826
-6.168166,50,1536.418964
-8.617319,50,1536.691816
-5.266649,50,1536.969783
-5.242401,50,1537.245924
-5.308498,50,1537.522935
-6.2696,50,1537.796368
-4.20761,50,1538.075443
-6.671034,50,1538.349619
-5.673073,50,1538.627375
-4.223494,50,1538.900198
-3.465651,50,1539.183644
-5.551006,50,1539.458684
-3.903721,50,1539.735806
-3.145289,50,1540.010414
-4.996971,50,1540.29671
-4.592687,50,1540.571269
-3.08451,50,1540.849569
-6.249781,50,1541.12289
-4.235709,50,1541.404048
-6.679182,50,1541.679051
-4.97093,50,1541.958472
-7.283218,50,1542.233765
-6.119857,50,1542.511086
-6.193745,50,1542.78494
-4.255747,50,1543.06225
-7.090137,50,1543.362496
-2.801025,50,1543.639691
-6.754504,50,1543.916888
-2.579621,50,1544.195234
-5.74189,50,1544.49469
-6.416485,50,1544.77376
-4.078685,50,1545.05119
-4.156763,50,1545.326074
-2.947655,50,1545.601306
-3.756323,50,1545.879
-4.880376,50,1546.155155
-3.323959,50,1546.429405
-3.976893,50,1546.704771
-2.848883,50,1547.004957
-6.492416,50,1547.281604
-5.162481,50,1547.556595
-4.199023,50,1547.834447
-7.175224,50,1548.110954
-4.754971,50,1548.387727
-1.325953,50,1548.663083
-2.849532,50,1548.971177
-5.095661,50,1549.248148
-4.137681,50,1549.524877
-5.458379,50,1549.798017
-6.834933,50,1550.07564
-6.700294,50,1550.351681
-4.953864,50,1550.628916
-6.113212,50,1550.901994
-5.356556,50,1551.177993
-2.911802,50,1551.475475
-5.25836,50,1551.75401
-2.935612,50,1552.027248
-3.606442,50,1552.305826
-6.480985,50,1552.582276
-4.768074,50,1552.861106
-2.710194,50,1553.133985
-4.720941,50,1553.411728
-6.95494,50,1553.690718
-3.698443,50,1553.965585
-5.617715,50,1554.241098
-4.941808,50,1554.518639
-4.21647,50,1554.796915
-6.361417,50,1555.070744
-5.547255,50,1555.342887
-5.405404,50,1555.617787
-4.64511,50,1555.919928
-4.606516,50,1556.194751
-5.07444,50,1556.468254
-5.025297,50,1556.74609
-5.405234,50,1557.021458
-4.222523,50,1557.300085
-6.192628,50,1557.574057
-7.89391,50,1557.853077
-6.580991,50,1558.130353
-6.710679,50,1558.409045
-4.367187,50,1558.681785
-4.167028,50,1558.958257
-5.032595,50,1559.231329
-2.37411,50,1559.508107
-6.286452,50,1559.782707
-4.332505,50,1560.059346
-3.088922,50,1560.337318
-4.803544,50,1560.620117
-4.28542,50,1560.89539
-4.22373,50,1561.172127
-4.633715,50,1561.447463
-4.355911,50,1561.724327
-5.039641,50,1561.998555
-4.838082,50,1562.27125
-4.971238,50,1562.560737
-8.020278,50,1562.837799
-3.58616,50,1563.110801
-3.78053,50,1563.387104
-5.093834,50,1563.72489
-5.537681,50,1563.999794
-4.379121,50,1564.275032
-2.784784,50,1564.553885
-4.777494,50,1564.856119
-5.312258,50,1565.129785
-3.505843,50,1565.406134
-6.863488,50,1565.680602
-3.599232,50,1565.988087
-4.335991,50,1566.262241
-4.745693,50,1566.538631
-2.375804,50,1566.812831
-2.606538,50,1567.090453
-4.782522,50,1567.392347
-4.347007,50,1567.666917
-6.001309,50,1567.943248
-3.318929,50,1568.220192
-5.56502,50,1568.499551
-3.755651,50,1568.77381
-4.55085,50,1569.049441
-5.359994,50,1569.358162
-4.446796,50,1569.635543
-4.395818,50,1569.91072
-6.668084,50,1570.187099
-5.292525,50,1570.489857
-2.524595,50,1570.766458
-3.740612,50,1571.046745
-5.987168,50,1571.328781
-4.208886,50,1571.643023
-7.114298,50,1571.923786
-4.253815,50,1572.20178
-4.540596,50,1572.475869
-4.941502,50,1572.756619
-4.549538,50,1573.031091
-4.691835,50,1573.308373
-5.181135,50,1573.593224
-5.760386,50,1573.89463
-3.433012,50,1574.186298
-4.448727,50,1574.476059
-4.234445,50,1574.765876
-6.702238,50,1575.104172
-4.3256,50,1575.391665
-3.092721,50,1575.680342
-5.420937,50,1575.961121
-6.536543,50,1576.240124
-6.273602,50,1576.55008
-3.065138,50,1576.827664
-4.757206,50,1577.134134
-5.214516,50,1577.428889
-4.761811,50,1577.704683
-2.949957,50,1577.988461
-5.418542,50,1578.267488
-7.158618,50,1578.567448
-6.11599,50,1578.852781
-5.145886,50,1579.13413
-5.606196,50,1579.4206
-4.370766,50,1579.702585
-3.977416,50,1579.990989
-4.403788,50,1580.27171
-4.34435,50,1580.585105
-5.614933,50,1580.869814
-4.154656,50,1581.153705
-8.008827,50,1581.435913
-6.987076,50,1581.720531
-4.177458,50,1582.034231
-7.645608,50,1582.319106
-2.907076,50,1582.60441
-6.497806,50,1582.885996
-8.183862,50,1583.172278
-4.228511,50,1583.454449
-4.39431,50,1583.742495
-3.310868,50,1584.019807
-4.42376,50,1584.314638
-5.915928,50,1584.594159
-3.875874,50,1584.883588
-5.356764,50,1585.167936
-4.305903,50,1585.451761
-5.353703,50,1585.738455
-3.069043,50,1586.041345
-5.188908,50,1586.329182
-5.140284,50,1586.607181
-6.757873,50,1586.896603
-2.843488,50,1587.176462
-6.261943,50,1587.464875
-5.722571,50,1587.747598
-1.728724,50,1588.033899
-5.129747,50,1588.321148
-4.622516,50,1588.60186
-6.383741,50,1588.888675
-3.583821,50,1589.171947
-5.70066,50,1589.45436
-6.312398,50,1589.735922
-4.481851,50,1590.021135
-8.191314,50,1590.302005
-2.746266,50,1590.613593
-9.266178,50,1590.892544
-4.676505,50,1591.185288
-9.877948,50,1591.464163
-4.92744,50,1591.750912
-6.817668,50,1592.032057
-5.256046,50,1592.346224
-5.163961,50,1592.633463
-4.378627,50,1592.916298
-3.769944,50,1593.206949
-4.407124,50,1593.516126
-6.728443,50,1593.805522
-7.724764,50,1594.084252
-5.266987,50,1594.372971
-5.441337,50,1594.655747
-2.42479,50,1594.946401
-4.49798,50,1595.22747
-5.727227,50,1595.515505
-2.409125,50,1595.814745
-2.344316,50,1596.094653
-9.845405,50,1596.382367
-4.054168,50,1596.66255
-5.786194,50,1596.956535
-4.46696,50,1597.261841
-5.458059,50,1597.549488
-6.681481,50,1597.829397
-6.825301,50,1598.116902
-2.853457,50,1598.400901
-5.012162,50,1598.682564
-4.724735,50,1598.992126
-5.420622,50,1599.307056
-6.818229,50,1599.594955
-1.856642,50,1599.873472
-3.71823,50,1600.162272
-6.591498,50,1600.443873
-4.563164,50,1600.737489
-4.624679,50,1601.02078
-4.912659,50,1601.308457
-3.969332,50,1601.59455
-5.021777,50,1601.876589
-4.794514,50,1602.160124
-3.367837,50,1602.441762
-2.471635,50,1602.735518
-7.328925,50,1603.020801
-3.930003,50,1603.30443
-4.956551,50,1603.585469
-4.841668,50,1603.887911
-5.873863,50,1604.169583
-3.019277,50,1604.457047
-6.46768,50,1604.734219
-3.886849,50,1605.023859
-4.794196,50,1605.302345
-6.188817,50,1605.589566
-5.606962,50,1605.868248
-3.760326,50,1606.15901
-4.053943,50,1606.441859
-5.183785,50,1606.72965
-5.016976,50,1607.013884
-5.737716,50,1607.300611
-3.831941,50,1607.591463
-3.988106,50,1607.871318
-4.165094,50,1608.16052
-4.265032,50,1608.468745
-4.38596,50,1608.755274
-5.777864,50,1609.036814
-6.043996,50,1609.322022
-2.974666,50,1609.604633
-4.080602,50,1609.913221
-4.145875,50,1610.196361
-2.560322,50,1610.482498
-5.15246,50,1610.767346
-4.538115,50,1611.051557
-5.32574,50,1611.340031
-2.549472,50,1611.635363
-4.296431,50,1611.928899
-4.308273,50,1612.208378
-5.357139,50,1612.498948
-4.607514,50,1612.779285
-3.364942,50,1613.073068
-5.509817,50,1613.35631
-6.446349,50,1613.63979
-3.477209,50,1613.926272
-4.813752,50,1614.210436
-3.791146,50,1614.500661
-7.342654,50,1614.783208
-4.233696,50,1615.073039
-7.807002,50,1615.384077
-3.447175,50,1615.679207
-8.343103,50,1615.958573
-4.535149,50,1616.246521
-8.346344,50,1616.526138
-4.02002,50,1616.814972
-9.42154,50,1617.096935
-3.732534,50,1617.381997
-5.61646,50,1617.668385
-5.591247,50,1617.95216
-4.96637,50,1618.239129
-7.830877,50,1618.51823
-5.795119,50,1618.833812
-7.464561,50,1619.11506
-9.836515,50,1619.40183
-4.273533,50,1619.682183
-4.855907,50,1619.968649
-6.059998,50,1620.2549
-2.10285,50,1620.539876
-5.248577,50,1620.823462
-7.138466,50,1621.120082
-5.59532,50,1621.405438
-4.106862,50,1621.686026
-6.364426,50,1621.970454
-2.661589,50,1622.286989
-3.980828,50,1622.576832
-7.641886,50,1622.853736
-8.510095,50,1623.155296
-5.122825,50,1623.439496
-5.432796,50,1623.727285
-6.218707,50,1624.005394
-4.325966,50,1624.292757
-7.16905,50,1624.576829
-5.653612,50,1624.86429
-4.106176,50,1625.1524
-6.221604,50,1625.431805
-6.294429,50,1625.72185
-6.378772,50,1626.01733
-5.025264,50,1626.311201
-5.616582,50,1626.592416
-6.839444,50,1626.881597
-4.564821,50,1627.163274
-3.125206,50,1627.447958
-6.815751,50,1627.757554
-11.677731,50,1628.04451
-7.23308,50,1628.327507
-7.497125,50,1628.610499
-6.499795,50,1628.89349
-6.79678,50,1629.201986
-8.560797,50,1629.492062
-5.345509,50,1629.768481
-5.618735,50,1630.062035
-3.147521,50,1630.366777
-8.066263,50,1630.651806
-4.85044,50,1630.937249
-6.684563,50,1631.222278
-5.451103,50,1631.508616
-4.138154,50,1631.797767
-4.455849,50,1632.103194
-7.431438,50,1632.38998
-7.294816,50,1632.674103
-3.2442,50,1632.960414
-5.385158,50,1633.245943
-6.598955,50,1633.550027
-3.645258,50,1633.842125
-5.902043,50,1634.119321
-7.77686,50,1634.408709
-8.303985,50,1634.688577
-5.56968,50,1634.976391
-5.404942,50,1635.257696
-3.545464,50,1635.541819
-5.300126,50,1635.824308
-7.201203,50,1636.130296
-4.546767,50,1636.41464
-5.378882,50,1636.697438
-2.695341,50,1636.981617
-5.77099,50,1637.299546
-6.396299,50,1637.591171
-3.202996,50,1637.87148
-4.671044,50,1638.157938
-4.172033,50,1638.438361
-7.83452,50,1638.72723
-7.170778,50,1639.005482
-6.095176,50,1639.295699
-3.878079,50,1639.579308
-5.355157,50,1639.86484
-6.396627,50,1640.147889
-7.728441,50,1640.430702
-6.909605,50,1640.745696
-5.257844,50,1641.030925
-6.689475,50,1641.314124
-5.447497,50,1641.597712
-5.715952,50,1641.88478
-5.462334,50,1642.166089
-7.212682,50,1642.451778
-4.509146,50,1642.756359
-1.06978,50,1643.049941
-4.745736,50,1643.327661
-6.523669,50,1643.614831
-5.925365,50,1643.891492
-5.43869,50,1644.195919
-4.802495,50,1644.479083
-4.15182,50,1644.762685
-6.652863,50,1645.047981
-7.017773,50,1645.334009
-4.417207,50,1645.62241
-4.451096,50,1645.905882
-4.516813,50,1646.190114
-6.289583,50,1646.47433
-4.27266,50,1646.760708
-3.551775,50,1647.068733
-3.587676,50,1647.360522
-8.316377,50,1647.63922
-4.704634,50,1647.92883
-4.585421,50,1648.205106
-8.080953,50,1648.517052
-2.503075,50,1648.801638
-7.515189,50,1649.086841
-6.836925,50,1649.369527
-5.49992,50,1649.647096
-3.965554,50,1649.930183
-11.285808,50,1650.2052
-4.726245,50,1650.485828
-5.326882,50,1650.759621
-3.907471,50,1651.037971
-7.197582,50,1651.313234
-8.531801,50,1651.592368
-6.720455,50,1651.867111
-4.161193,50,1652.146167
-4.559012,50,1652.420803
-6.134022,50,1652.696345
-2.366699,50,1652.969381
-4.898622,50,1653.276874
-3.981226,50,1653.551538
-3.1833,50,1653.854096
-6.230022,50,1654.140267
-7.529595,50,1654.422014
-1.268559,50,1654.710403
-2.569898,50,1654.992953
-5.46833,50,1655.279725
-7.379756,50,1655.565612
-4.466506,50,1655.851683
-3.984469,50,1656.133759
-3.289404,50,1656.415594
-4.620509,50,1656.730319
-4.584876,50,1657.014825
-7.040637,50,1657.301864
-3.370324,50,1657.587083
-3.230193,50,1657.869997
-3.60248,50,1658.154062
-3.527158,50,1658.441476
-4.022088,50,1658.719481
-4.286829,50,1659.010747
-7.710881,50,1659.288114
-1.74126,50,1659.563676
-3.642178,50,1659.847885
-5.369063,50,1660.127824
-3.601042,50,1660.404018
-4.340229,50,1660.680344
-7.680711,50,1660.954182
-7.961281,50,1661.254971
-2.801473,50,1661.528295
-7.031507,50,1661.806523
-4.728394,50,1662.087845
-4.742223,50,1662.366987
-8.145693,50,1662.670873
-5.910624,50,1662.945007
-4.136475,50,1663.222387
-7.042416,50,1663.499387
-5.143516,50,1663.777202
-5.250468,50,1664.053346
-3.312053,50,1664.331772
-5.317442,50,1664.607856
-7.602824,50,1664.886185
-4.392561,50,1665.163451
-3.599805,50,1665.439334
-3.140699,50,1665.71681
-5.491279,50,1666.02052
-3.164434,50,1666.296057
-3.65265,50,1666.570667
-5.151221,50,1666.847699
-4.802132,50,1667.125202
-2.877961,50,1667.42218
-2.225527,50,1667.70495
-5.265367,50,1667.98214
-5.053675,50,1668.259992
-5.775244,50,1668.533688
-3.423042,50,1668.811547
-4.033989,50,1669.089299
-4.512356,50,1669.367726
-2.500643,50,1669.640795
-5.641431,50,1669.919411
-7.831612,50,1670.222742
-4.203319,50,1670.498677
-5.31092,50,1670.775426
-5.226733,50,1671.052589
-6.493238,50,1671.357256
-4.265827,50,1671.631954
-4.797122,50,1671.90963
-3.665873,50,1672.184554
-5.170582,50,1672.464411
-5.020108,50,1672.764752
-2.945902,50,1673.044245
-3.857507,50,1673.319165
-4.403018,50,1673.598006
-7.022401,50,1673.872518
-3.810331,50,1674.153
-5.692628,50,1674.427853
-4.472255,50,1674.70731
-4.151047,50,1674.981443
-5.740547,50,1675.260574
-4.844621,50,1675.533475
-7.930551,50,1675.837683
-4.608152,50,1676.115281
-5.571336,50,1676.389383
-3.938272,50,1676.666192
-4.186273,50,1676.941838
-6.510162,50,1677.219568
-8.771316,50,1677.493133
-5.952688,50,1677.797285
-4.336372,50,1678.125227
-5.291887,50,1678.40201
-5.823256,50,1678.677936
-4.817716,50,1678.954556
-4.842581,50,1679.246917
-4.816396,50,1679.529146
-8.426424,50,1679.80347
-4.956417,50,1680.079083
-6.650918,50,1680.358233
-4.376045,50,1680.635279
-7.519861,50,1680.909928
-3.931883,50,1681.197188
-5.850207,50,1681.474386
-8.842669,50,1681.751199
-4.862911,50,1682.026142
-4.668557,50,1682.304708
-4.24548,50,1682.616809
-5.802508,50,1682.894586
-6.743695,50,1683.171326
-4.12502,50,1683.447469
-4.894497,50,1683.752475
-3.217188,50,1684.028708
-5.246903,50,1684.307639
-5.564886,50,1684.583288
-6.965143,50,1684.888365
-3.511964,50,1685.164316
-5.748599,50,1685.446138
-5.009107,50,1685.721036
-3.456256,50,1686.025702
-6.351942,50,1686.304396
-3.569072,50,1686.577436
-5.16718,50,1686.851251
-8.423472,50,1687.13134
-5.657092,50,1687.404794
-5.48768,50,1687.693608
-3.096926,50,1687.966106
-5.51058,50,1688.252779
-6.692432,50,1688.531901
-7.069429,50,1688.808109
-7.08942,50,1689.084253
-4.839172,50,1689.383939
-5.399184,50,1689.66129
-7.454876,50,1689.936114
-6.603303,50,1690.211192
-6.626891,50,1690.488316
-3.833407,50,1690.766231
-7.872474,50,1691.06478
-7.448152,50,1691.342697
-4.574197,50,1691.620631
-5.183261,50,1691.89748
-5.571671,50,1692.174463
-3.434081,50,1692.45355
-6.245235,50,1692.730255
-5.027517,50,1693.006909
-7.806867,50,1693.280958
-4.383877,50,1693.558324
-5.055184,50,1693.858173
-7.657123,50,1694.13487
-5.120946,50,1694.413423
-3.98388,50,1694.687898
-4.670939,50,1694.968264
-5.054309,50,1695.243201
-4.51129,50,1695.521345
-6.91368,50,1695.795906
-2.818022,50,1696.074838
-2.247628,50,1696.371894
-6.259728,50,1696.648712
-4.41605,50,1696.922085
-4.847353,50,1697.228976
-4.98426,50,1697.508662
-2.274633,50,1697.785001
-5.021983,50,1698.072183
-6.460264,50,1698.39361
-6.394303,50,1698.670837
-5.487274,50,1698.945605
-2.359142,50,1699.222314
-4.785508,50,1699.527772
-5.773906,50,1699.801194
-3.036985,50,1700.078433
-5.30118,50,1700.353879
-4.512329,50,1700.629056
-5.251584,50,1700.925935
-4.324116,50,1701.202584
-5.807589,50,1701.476602
-6.737837,50,1701.756336
-5.4548,50,1702.031776
-5.254382,50,1702.305946
-5.380097,50,1702.583443
-5.298114,50,1702.859985
-4.137052,50,1703.137976
-4.805944,50,1703.414214
-1.902115,50,1703.691774
-4.128992,50,1703.968389
-5.106273,50,1704.248301
-5.673505,50,1704.524657
-6.336923,50,1704.801522
-5.241928,50,1705.077991
-4.243127,50,1705.355831
-5.653553,50,1705.631025
-4.58243,50,1705.932448
-3.557416,50,1706.211321
-4.5668,50,1706.487093
-6.550216,50,1706.760454
-7.053924,50,1707.041203
-5.799681,50,1707.349618
-3.892491,50,1707.624295
-4.286698,50,1707.901631
-3.951829,50,1708.177042
-4.638388,50,1708.456726
-5.165132,50,1708.732256
-2.194956,50,1709.033478
-6.525667,50,1709.311962
-4.991627,50,1709.587849
-5.64838,50,1709.86939
-4.390829,50,1710.141275
-5.056343,50,1710.446994
-3.612829,50,1710.725641
-4.216544,50,1711.003616
-5.140128,50,1711.278519
-5.802864,50,1711.556015
-4.700367,50,1711.843302
-5.261679,50,1712.120582
-6.738151,50,1712.39421
-3.969267,50,1712.672322
-4.507859,50,1712.947179
-2.48311,50,1713.22309
-4.600187,50,1713.504385
-9.351368,50,1713.782229
-6.557742,50,1714.058597
-4.21058,50,1714.335174
-3.720202,50,1714.634704
-2.591298,50,1714.912564
-3.039151,50,1715.192546
-4.682453,50,1715.468401
-2.878383,50,1715.74248
-8.114689,50,1716.02279
-4.616033,50,1716.358357
-5.12003,50,1716.632478
-6.769571,50,1716.910075
-4.547459,50,1717.192437
-5.620606,50,1717.472354
-3.081361,50,1717.746858
-7.293327,50,1718.024913
-2.593389,50,1718.299068
-5.059588,50,1718.602512
-2.789074,50,1718.876767
-4.154521,50,1719.153361
-1.472713,50,1719.426901
-4.686824,50,1719.706062
-6.513545,50,1719.982238
-3.507724,50,1720.267694
-4.970008,50,1720.542172
-4.578609,50,1720.816363
-5.734208,50,1721.09207
-6.270154,50,1721.378325
-5.195308,50,1721.653176
-3.207556,50,1721.929098
-2.380887,50,1722.208082
-4.497861,50,1722.484852
-2.714647,50,1722.759872
-3.996362,50,1723.039089
-2.261923,50,1723.314345
-5.695549,50,1723.591611
-4.341247,50,1723.864188
-4.785296,50,1724.144
-5.626854,50,1724.417672
-4.606092,50,1724.695246
-7.531658,50,1724.96854
-4.312574,50,1725.250695
-1.413067,50,1725.524355
-4.527759,50,1725.803189
-7.02624,50,1726.076463
-4.603651,50,1726.356352
-4.265522,50,1726.632278
-3.695511,50,1726.909629
-3.260292,50,1727.183355
-2.424299,50,1727.468289
-5.621001,50,1727.741414
-2.775648,50,1728.020635
-7.781004,50,1728.293128
-4.749915,50,1728.572126
-5.229484,50,1728.8475
-6.033598,50,1729.124062
-7.693116,50,1729.423593
-4.414571,50,1729.702848
-5.060612,50,1729.976337
-5.643647,50,1730.251412
-6.138552,50,1730.526687
-2.079475,50,1730.831856
-4.614345,50,1731.107049
-2.368197,50,1731.383799
-3.751818,50,1731.657348
-6.456724,50,1731.936674
-5.813051,50,1732.210474
-4.623709,50,1732.496725
-2.226573,50,1732.769837
-4.51286,50,1733.04989
-2.85081,50,1733.322948
-5.761841,50,1733.599692
-4.828449,50,1733.875845
-4.959238,50,1734.156876
-3.03859,50,1734.431057
-4.454714,50,1734.71075
-2.892073,50,1734.984881
-5.055308,50,1735.268891
-3.778394,50,1735.542664
-8.86746,50,1735.818661
-9.010401,50,1736.093622
-6.814089,50,1736.388413
-3.313356,50,1736.664024
-2.052731,50,1736.941397
-4.783069,50,1737.214844
-8.003709,50,1737.49877
-4.96073,50,1737.772101
-3.650746,50,1738.05057
-3.921049,50,1738.324796
-4.695488,50,1738.599349
-4.702767,50,1738.874736
-4.664182,50,1739.153781
-1.322097,50,1739.426368
-4.604132,50,1739.70485
-3.106275,50,1739.97824
-6.534981,50,1740.281092
-6.252596,50,1740.561591
-2.875028,50,1740.836664
-4.61303,50,1741.116046
-4.642025,50,1741.389502
-7.129648,50,1741.667219
-2.275603,50,1741.942918
-2.343849,50,1742.220189
-5.487645,50,1742.493955
-6.03358,50,1742.76791
-3.695132,50,1743.071615
-4.184032,50,1743.347201
-5.9971,50,1743.620244
-8.686633,50,1743.897873
-5.510641,50,1744.19755
-1.054539,50,1744.476994
-4.333746,50,1744.750818
-4.662572,50,1745.028487
-3.745991,50,1745.363523
-2.187038,50,1745.638343
-4.423503,50,1745.914996
-6.188111,50,1746.190506
-4.751267,50,1746.495972
-5.805377,50,1746.77013
-4.714568,50,1747.050028
-2.595454,50,1747.325368
-3.720881,50,1747.601508
-5.335557,50,1747.877823
-4.585609,50,1748.155994
-3.902541,50,1748.430143
-83.323294,50,1748.712159
-82.618874,50,1748.988037
-5.50792,50,1749.265457
-14.182333,50,1749.539246
-3.716765,50,1749.8214
-17.545783,50,1750.095236
-5.610844,50,1750.372371
-16.257211,50,1750.646395
-14.184967,50,1750.92723
-4.439897,50,1751.201348
-11.020944,50,1751.502812
-5.65083,50,1751.776681
-3.444943,50,1752.054708
-10.053157,50,1752.328927
-4.486042,50,1752.605127
-2.810338,50,1752.878832
-13.716222,50,1753.185364
-1.646509,50,1753.467073
-10.980398,50,1753.740242
-15.444447,50,1754.016778
-5.009673,50,1754.320595
-3.031975,50,1754.600671
-2.529173,50,1754.873421
-9.319525,50,1755.148558
-3.660576,50,1755.429903
-4.895827,50,1755.708541
-12.404855,50,1755.98248
-18.059108,50,1756.25902
-12.592125,50,1756.535719
-2.21113,50,1756.813208
-7.844784,50,1757.122031
-3.849473,50,1757.395848
-16.016036,50,1757.674695
-7.26173,50,1757.962851
-2.782736,50,1758.247481
-16.769077,50,1758.521452
-10.825164,50,1758.80226
-21.990698,50,1759.077697
-5.00404,50,1759.35585
-9.190675,50,1759.629423
-3.478628,50,1759.933786
-18.562312,50,1760.207438
-14.724543,50,1760.486326
-17.539866,50,1760.760454
-3.153633,50,1761.038512
-3.75563,50,1761.311547
-13.312691,50,1761.589496
-4.049032,50,1761.862574
-16.829251,50,1762.14172
-12.653553,50,1762.41821
-2.277097,50,1762.697182
-4.738809,50,1762.971008
-3.777954,50,1763.259336
-10.750315,50,1763.535446
-14.067425,50,1763.813114
-4.574944,50,1764.089641
-18.783714,50,1764.392783
-4.75031,50,1764.671151
-18.490946,50,1764.945104
-3.354067,50,1765.220581
-17.534398,50,1765.523861
-12.72158,50,1765.801298
-2.157844,50,1766.076484
-3.001633,50,1766.353906
-9.883108,50,1766.630052
-16.082476,50,1766.907336
-13.073667,50,1767.181157
-3.737907,50,1767.485794
-3.35164,50,1767.763397
-19.156143,50,1768.041429
-3.448578,50,1768.316503
-19.442549,50,1768.593729
-13.584949,50,1768.879929
-6.128502,50,1769.157107
-3.646122,50,1769.432623
-11.736763,50,1769.709088
-19.582012,50,1770.006397
-3.376624,50,1770.285176
-3.025548,50,1770.560162
-5.271859,50,1770.858102
-9.002408,50,1771.15023
-1.713272,50,1771.427818
-6.427642,50,1771.709252
-10.125171,50,1771.983247
-5.221415,50,1772.269557
-3.221653,50,1772.544862
-19.761267,50,1772.822907
-17.353278,50,1773.100558
-2.50292,50,1773.375766
-6.755774,50,1773.67976
-7.578058,50,1773.954795
-4.186618,50,1774.236675
-3.073994,50,1774.512097
-17.921511,50,1774.791102
-18.787563,50,1775.066687
-17.155547,50,1775.342287
-2.981869,50,1775.619021
-15.920741,50,1775.900055
-4.208488,50,1776.176219
-4.304718,50,1776.452182
-5.424674,50,1776.728809
-4.779792,50,1777.031935
-15.394203,50,1777.30519
-14.874457,50,1777.583188
-3.690187,50,1777.859676
-8.205015,50,1778.137563
-15.408093,50,1778.409892
-5.935242,50,1778.698524
-13.280348,50,1778.974929
-18.141802,50,1779.248834
-8.298586,50,1779.522262
-4.880255,50,1779.803483
-5.811818,50,1780.104633
-16.29052,50,1780.382014
-3.505586,50,1780.657044
-3.557427,50,1780.93165
-7.659888,50,1781.208714
-3.845143,50,1781.483798
-7.281419,50,1781.78666
-17.274402,50,1782.06107
-3.939697,50,1782.339416
-8.01594,50,1782.612434
-4.960534,50,1782.886629
-6.23348,50,1783.163262
-3.869589,50,1783.471283
-4.348096,50,1783.745149
-4.257651,50,1784.021282
-5.290192,50,1784.295269
-5.325519,50,1784.572412
-4.886689,50,1784.846453
-3.918907,50,1785.128748
-5.266019,50,1785.40283
-5.132812,50,1785.684246
-4.749014,50,1785.960928
-2.707643,50,1786.235156
-4.694699,50,1786.512369
-3.675285,50,1786.814538
-3.81231,50,1787.090776
-8.088309,50,1787.366695
-5.818267,50,1787.64107
-8.248642,50,1787.918349
-7.651575,50,1788.21851
-6.484461,50,1788.494002
-10.13643,50,1788.768095
-5.054743,50,1789.047837
-3.844557,50,1789.321708
-7.933042,50,1789.598663
-5.670226,50,1789.879201
-7.011231,50,1790.20094
-4.006646,50,1790.47748
-2.936624,50,1790.75377
-2.976607,50,1791.02751
-7.497408,50,1791.333667
-6.94886,50,1791.61077
-7.74611,50,1791.885152
-4.090251,50,1792.163935
-2.837671,50,1792.462248
-2.579444,50,1792.738448
-8.690215,50,1793.011882
-6.657817,50,1793.289914
-8.147699,50,1793.564468
-6.843515,50,1793.844586
-3.546816,50,1794.117793
-8.246199,50,1794.39598
-7.497476,50,1794.67086
-8.322259,50,1794.947458
-7.510794,50,1795.245239
-3.839531,50,1795.522425
-3.731108,50,1795.798387
-5.670398,50,1796.07461
-6.968284,50,1796.348937
-5.019809,50,1796.627351
-7.39938,50,1796.910164
-3.63797,50,1797.188031
-10.436902,50,1797.460652
-4.437127,50,1797.739084
-4.91863,50,1798.017116
-5.893354,50,1798.292725
-6.100289,50,1798.568083
-4.831619,50,1798.844288
-6.047749,50,1799.122406
-7.826203,50,1799.424478
-4.201484,50,1799.696962
-6.964686,50,1799.973743
-3.759407,50,1800.254738
-4.427304,50,1800.532212
-5.562653,50,1800.804354
-9.102363,50,1801.08005
-4.914402,50,1801.382096
-4.121901,50,1801.660209
-4.790497,50,1801.934526
-7.778585,50,1802.211084
-8.751873,50,1802.490026
-6.233399,50,1802.766287
-4.283517,50,1803.040957
-6.4749,50,1803.343334
-4.781337,50,1803.621677
-5.319479,50,1803.895889
-2.570559,50,1804.169249
-5.457114,50,1804.445734
-7.198592,50,1804.730646
-2.23071,50,1805.008385
-7.157514,50,1805.280788
-4.497382,50,1805.557685
-2.904161,50,1805.834472
-4.767083,50,1806.113174
-4.693525,50,1806.413
-4.893735,50,1806.688148
-3.386452,50,1806.967006
-8.618292,50,1807.239529
-2.051589,50,1807.516862
-1.956664,50,1807.791349
-5.394948,50,1808.069425
-7.655537,50,1808.345313
-6.130999,50,1808.622127
-7.618983,50,1808.897914
-6.139522,50,1809.178002
-5.935844,50,1809.451632
-5.550385,50,1809.728955
-2.608768,50,1810.002605
-2.053265,50,1810.288799
-8.394569,50,1810.564439
-4.291983,50,1810.842395
-4.878264,50,1811.115307
-5.489927,50,1811.394496
-2.820158,50,1811.692491
-4.001236,50,1811.969763
-3.407241,50,1812.243963
-5.533356,50,1812.522406
-4.046131,50,1812.798188
-6.775374,50,1813.074614
-2.968626,50,1813.349158
-4.656434,50,1813.628808
-5.440229,50,1813.906585
-8.396467,50,1814.186936
-4.016927,50,1814.462363
-4.774804,50,1814.740895
-3.793367,50,1815.014776
-6.907685,50,1815.29204
-4.192572,50,1815.565967
-4.82027,50,1815.845781
-7.940713,50,1816.120682
-5.435418,50,1816.39802
-9.609964,50,1816.671966
-6.968801,50,1816.953686
-5.267453,50,1817.228096
-6.055662,50,1817.504927
-4.385278,50,1817.777817
-8.161998,50,1818.059918
-7.285993,50,1818.335597
-4.068601,50,1818.612085
-4.463912,50,1818.886573
-5.13121,50,1819.16719
-4.484027,50,1819.445081
-4.516747,50,1819.722375
-5.184076,50,1819.996911
-4.333243,50,1820.306985
-4.243257,50,1820.580795
-3.532212,50,1820.856508
-6.973519,50,1821.14027
-8.477655,50,1821.418844
-5.002772,50,1821.692333
-5.535725,50,1821.968989
-3.932412,50,1822.243676
-4.440839,50,1822.527183
-3.729159,50,1822.802421
-2.089093,50,1823.080947
-8.017491,50,1823.357141
-4.588519,50,1823.66219
-2.254293,50,1823.9385
-4.878922,50,1824.214901
-5.699692,50,1824.491146
-6.447357,50,1824.768656
-2.26316,50,1825.069948
-4.788064,50,1825.343662
-4.772166,50,1825.619633
-6.778296,50,1825.89665
-4.211045,50,1826.174132
-4.561841,50,1826.447977
-3.936618,50,1826.725624
-5.336307,50,1827.011941
-4.579242,50,1827.287797
-4.674111,50,1827.562285
-6.450475,50,1827.838215
-7.244524,50,1828.115058
-7.179027,50,1828.416257
-4.138487,50,1828.689982
-3.564034,50,1828.968818
-4.490624,50,1829.279809
-5.527575,50,1829.555205
-5.315117,50,1829.83442
-6.735733,50,1830.129582
-5.011179,50,1830.40824
-5.222692,50,1830.683921
-5.224507,50,1830.957592
-3.012496,50,1831.231172
-4.853524,50,1831.510601
-4.524564,50,1831.78525
-8.439404,50,1832.062077
-5.06442,50,1832.336276
-4.592035,50,1832.619664
-4.594933,50,1832.894811
-4.865094,50,1833.172831
-3.344098,50,1833.445947
-4.98568,50,1833.725446
-2.007319,50,1833.999772
-2.567113,50,1834.300907
-6.145184,50,1834.576423
-8.357441,50,1834.852278
-4.720102,50,1835.127833
-6.254267,50,1835.401891
-9.125788,50,1835.677825
-4.851602,50,1835.957033
-4.710275,50,1836.231126
-5.280311,50,1836.507481
-8.052808,50,1836.786589
-5.759449,50,1837.062998
-6.004739,50,1837.340115
-5.661616,50,1837.614311
-5.99112,50,1837.903653
-3.455761,50,1838.184278
-3.931828,50,1838.461543
-4.420665,50,1838.735668
-5.582867,50,1839.010967
-3.120854,50,1839.294468
-4.214452,50,1839.572242
-3.018999,50,1839.847774
-4.359167,50,1840.125406
-5.982754,50,1840.40173
-5.51871,50,1840.679167
-3.47277,50,1840.953085
-3.57609,50,1841.226008
-4.386671,50,1841.513817
-7.382733,50,1841.791333
-1.998265,50,1842.065753
-4.585912,50,1842.339131
-1.858714,50,1842.647327
-5.166336,50,1842.923602
-8.723656,50,1843.197706
-6.808557,50,1843.472372
-6.081848,50,1843.749338
-4.56903,50,1844.030608
-7.170087,50,1844.305396
-2.804134,50,1844.580498
-3.574398,50,1844.858494
-5.009001,50,1845.135378
-2.953473,50,1845.409121
-3.177882,50,1845.681631
-9.153557,50,1845.963668
-5.738577,50,1846.238029
-4.173875,50,1846.516081
-5.787038,50,1846.792183
-4.155006,50,1847.071822
-5.436887,50,1847.349222
-4.882668,50,1847.623117
-5.424188,50,1847.895754
-4.972204,50,1848.201154
-6.648232,50,1848.477651
-2.676636,50,1848.751877
-4.775619,50,1849.028743
-6.834958,50,1849.336125
-6.329612,50,1849.615083
-5.301247,50,1849.889578
-5.805799,50,1850.166887
-4.045191,50,1850.442938
-4.884754,50,1850.718785
-4.804098,50,1850.992944
-3.000347,50,1851.271105
-5.16383,50,1851.572175
-6.231115,50,1851.851354
-4.382525,50,1852.124933
-6.048122,50,1852.403409
-4.587774,50,1852.704967
-3.04678,50,1852.982314
-6.263287,50,1853.256333
-6.360447,50,1853.533772
-6.8539,50,1853.808687
-4.272195,50,1854.086938
-4.97858,50,1854.36067
-2.772103,50,1854.637132
-2.671599,50,1854.913934
-3.931106,50,1855.213918
-6.705451,50,1855.491627
-4.173566,50,1855.764456
-6.203209,50,1856.06303
-3.58902,50,1856.336567
-4.551384,50,1856.613879
-6.021271,50,1856.887511
-1.650161,50,1857.165144
-6.717061,50,1857.438464
-4.973614,50,1857.741311
-4.022835,50,1858.016916
-4.644196,50,1858.317525
-5.742858,50,1858.595539
-7.408404,50,1858.868836
-4.520497,50,1859.147001
-3.06725,50,1859.422845
-4.850998,50,1859.699212
-3.553598,50,1859.972326
-3.75712,50,1860.250683
-5.679907,50,1860.526968
-1.952605,50,1860.805244
-2.201324,50,1861.08392
-4.314273,50,1861.359214
-5.992372,50,1861.638273
-4.720297,50,1861.914686
-2.500595,50,1862.191528
-5.704831,50,1862.465678
-5.625963,50,1862.766059
-5.437331,50,1863.043392
-5.997273,50,1863.31756
-3.68742,50,1863.593289
-5.006442,50,1863.869888
-7.286122,50,1864.147381
-5.09152,50,1864.4219
-3.707304,50,1864.723135
-4.453844,50,1865.000326
-7.323597,50,1865.277038
-3.740661,50,1865.554535
-5.161937,50,1865.832525
-5.808958,50,1866.120321
-6.85977,50,1866.397868
-2.569137,50,1866.670901
-5.02503,50,1866.947662
-4.040997,50,1867.224554
-6.090014,50,1867.537355
-5.800083,50,1867.825092
-3.193986,50,1868.115424
-7.609994,50,1868.39907
-4.887241,50,1868.680957
-2.695816,50,1868.963983
-4.505771,50,1869.250135
-5.610385,50,1869.803662
-4.441515,50,1870.123888
-6.569258,50,1870.416362
-2.247453,50,1870.728733
-2.692524,50,1871.022449
-2.183124,50,1871.335872
-3.300924,50,1871.624535
-6.754262,50,1871.91631
-5.116355,50,1872.242456
-5.191228,50,1872.587162
-7.248413,50,1872.880965
-5.542539,50,1873.235406
-4.102246,50,1873.528308
-4.812411,50,1873.812292
-4.062024,50,1874.125684
-3.687906,50,1874.447085
-4.914081,50,1874.738398
-5.040217,50,1875.024966
-6.95908,50,1875.337306
-3.055352,50,1875.658961
-4.085053,50,1875.979786
-3.671268,50,1876.277632
-6.251038,50,1876.607291
-3.942816,50,1876.898469
-3.823744,50,1877.281252
-4.802707,50,1877.575894
-5.164902,50,1877.871067
-7.317657,50,1878.227979
-3.51222,50,1878.591862
-5.268578,50,1878.944935
-5.426548,50,1879.250634
-2.210669,50,1879.594673
-3.17115,50,1879.900808
-6.849489,50,1880.236387
-1.778585,50,1880.565077
-1.351163,50,1880.916252
-6.041907,50,1881.228546
-6.298703,50,1881.56311
-6.488038,50,1881.922556
-6.354698,50,1882.267692
-3.067654,50,1882.572395
-6.055984,50,1882.893345
-5.918229,50,1883.178413
-8.242768,50,1883.466779
-8.223053,50,1883.784288
-8.12127,50,1884.07366
-5.199818,50,1884.363699
-6.525586,50,1884.70889
-4.287571,50,1885.01394
-4.908339,50,1885.297407
-3.076934,50,1885.626885
-5.129159,50,1885.95361
-3.086529,50,1886.275421
-3.280201,50,1886.564421
-5.518131,50,1886.850829
-1.97959,50,1887.142789
-3.005881,50,1887.470138
-4.838516,50,1887.76741
-4.540854,50,1888.055046
-4.04955,50,1888.377449
-3.850085,50,1888.728625
-3.15653,50,1889.033322
-1.679196,50,1889.379519
-5.630657,50,1889.706905
-5.278062,50,1890.019139
-3.357192,50,1890.322211
-4.738354,50,1890.646219
-3.756101,50,1890.93214
-4.266939,50,1891.280611
-2.273839,50,1891.576977
-3.233977,50,1891.892883
-4.141032,50,1892.20682
-4.664659,50,1892.510741
-1.522619,50,1892.802148
-7.059117,50,1893.113265
-4.432354,50,1893.430774
-7.017851,50,1893.726402
-7.543387,50,1894.015498
-5.019411,50,1894.32559
-3.811844,50,1894.613394
-5.211084,50,1894.935796
-4.920428,50,1895.223333
-7.479869,50,1895.509316
-4.163772,50,1895.797528
-8.851802,50,1896.113447
-3.295897,50,1896.400297
-3.475388,50,1896.723218
-5.859148,50,1897.076809
-4.077451,50,1897.399195
-6.503839,50,1897.693795
-6.95605,50,1898.008737
-2.796567,50,1898.325065
-4.35466,50,1898.616872
-4.294436,50,1898.903063
-2.911984,50,1899.216308
-5.466578,50,1899.533269
-7.698198,50,1899.821379
-3.95688,50,1900.143674
-4.513157,50,1900.43075
-6.262184,50,1900.748034
-2.959386,50,1901.037178
-2.153949,50,1901.321981
-4.911233,50,1901.632813
-1.866864,50,1901.955301
-2.297393,50,1902.242846
-4.618844,50,1902.557044
-5.01089,50,1902.844465
-6.243956,50,1903.160357
-4.685494,50,1903.444514
-3.050409,50,1903.731812
-4.736184,50,1904.045705
-4.843358,50,1904.36115
-4.508001,50,1904.64981
-5.691523,50,1904.93298
-7.421963,50,1905.245814
-5.317095,50,1905.534409
-5.571632,50,1905.891338
-5.179134,50,1906.203096
-7.926658,50,1906.491179
-4.933549,50,1906.809873
-7.298951,50,1907.099818
-9.174026,50,1907.382577
-2.965147,50,1907.695513
-4.914702,50,1908.009375
-4.075828,50,1908.298367
-5.105197,50,1908.586469
-5.164263,50,1908.899452
-9.461983,50,1909.184502
-2.088145,50,1909.506652
-4.748162,50,1909.793017
-1.710468,50,1910.078224
-5.802714,50,1910.423299
-4.365901,50,1910.712594
-1.325277,50,1911.024677
-6.533578,50,1911.30734
-5.662124,50,1911.596447
-6.673316,50,1911.912127
-4.806953,50,1912.199347
-5.130034,50,1912.481599
-5.110089,50,1912.830621
-5.248014,50,1913.114529
-5.846971,50,1913.425064
-5.522585,50,1913.714176
-4.709312,50,1914.027679
-2.429563,50,1914.314295
-5.476484,50,1914.598922
-5.132446,50,1914.908839
-4.484891,50,1915.225675
-4.673016,50,1915.523161
-3.767578,50,1915.812096
-4.066065,50,1916.123833
-6.246062,50,1916.438274
-5.173807,50,1916.725426
-2.221764,50,1917.036663
-3.099358,50,1917.325899
-4.001904,50,1917.64162
-6.024007,50,1917.926432
-7.096284,50,1918.212912
-2.301126,50,1918.523665
-7.314384,50,1918.836442
-5.093509,50,1919.127295
-2.568373,50,1919.410912
-4.512109,50,1919.724778
-7.048352,50,1920.039337
-5.878593,50,1920.326903
-2.836527,50,1920.639498
-2.985497,50,1920.925713
-3.670973,50,1921.212527
-3.538588,50,1921.527923
-8.836254,50,1921.816817
-4.904603,50,1922.104911
-5.270804,50,1922.450587
-4.92651,50,1922.741522
-4.487383,50,1923.027031
-5.228072,50,1923.336993
-5.007827,50,1923.660546
-5.244876,50,1923.977717
-3.894287,50,1924.264287
-4.593953,50,1924.551208
-5.956172,50,1924.866911
-3.844116,50,1925.152461
-5.548408,50,1925.438151
-2.860113,50,1925.751046
-2.994187,50,1926.04165
-3.631114,50,1926.354974
-3.816344,50,1926.639578
-4.559314,50,1926.924868
-3.26953,50,1927.265289
-3.127405,50,1927.553597
-5.16833,50,1927.841922
-3.540351,50,1928.153503
-6.427432,50,1928.440202
-1.675164,50,1928.759062
-4.369546,50,1929.054965
-5.145087,50,1929.34054
-2.484081,50,1929.657772
-4.56763,50,1929.942499
-3.793409,50,1930.230974
-6.124439,50,1930.543484
-7.40869,50,1930.86141
-5.592212,50,1931.14909
-5.608492,50,1931.432326
-3.741946,50,1931.74881
-6.400842,50,1932.064426
-5.35801,50,1932.353687
-4.947571,50,1932.641317
-3.048247,50,1932.952083
-0.926486,50,1933.235323
-7.136466,50,1933.553519
-6.365638,50,1933.839188
-5.49467,50,1934.128903
-4.735441,50,1934.47017
-4.283759,50,1934.761492
-5.304302,50,1935.045609
-2.944413,50,1935.356745
-4.019749,50,1935.647279
-2.355883,50,1935.961442
-5.712866,50,1936.250083
-5.193086,50,1936.535216
-4.724919,50,1936.883002
-4.669563,50,1937.16855
-3.747524,50,1937.455
-2.957567,50,1937.768257
-6.740319,50,1938.059543
-4.16716,50,1938.376622
-3.182045,50,1938.66503
-6.224823,50,1938.94867
-4.868583,50,1939.23772
-3.785713,50,1939.560656
-7.553109,50,1939.847472
-3.615563,50,1940.131077
-5.708198,50,1940.445987
-3.450448,50,1940.735981
-7.716886,50,1941.022074
-7.28637,50,1941.334896
-7.664799,50,1941.646453
-9.728806,50,1941.937071
-5.960583,50,1942.222026
-23.306289,50,1942.535342
-4.679034,50,1942.826445
-3.904561,50,1943.141655
-5.200553,50,1943.435631
-8.173867,50,1943.72229
-36.933007,50,1944.038462
-2.959971,50,1944.326949
-3.983573,50,1944.61551
-6.185853,50,1944.92504
-9.309248,50,1945.239705
-26.034397,50,1945.525103
-29.818358,50,1945.814353
-20.585201,50,1946.12585
-18.848024,50,1946.415437
-8.323042,50,1946.72991
-11.035339,50,1947.016119
-15.23051,50,1947.300928
-14.685832,50,1947.619181
-14.009009,50,1947.907252
-13.449589,50,1948.19439
-5.750092,50,1948.505742
-5.37595,50,1948.826097
-2.836506,50,1949.110307
-4.527229,50,1949.421384
-6.095322,50,1949.708608
-4.639115,50,1950.022884
-3.611111,50,1950.31101
-4.464981,50,1950.634055
-5.012879,50,1950.950151
-5.526023,50,1951.235764
-9.057027,50,1951.55214
-5.552214,50,1951.838468
-2.916389,50,1952.124464
-9.285686,50,1952.466197
-2.917835,50,1952.755586
-6.550357,50,1953.039862
-11.357182,50,1953.353013
-6.545462,50,1953.646201
-5.007926,50,1953.960084
-11.894385,50,1954.245601
-6.921637,50,1954.530198
-4.390212,50,1954.845151
-15.836229,50,1955.130929
-10.831355,50,1955.443679
-6.054811,50,1955.732572
-7.919868,50,1956.048639
-8.603295,50,1956.333236
-16.237854,50,1956.624039
-6.926151,50,1956.935914
-6.458995,50,1957.224558
-3.709838,50,1957.542464
-5.981461,50,1957.828503
-14.069466,50,1958.114221
-18.128329,50,1958.427447
-17.544843,50,1958.725832
-8.379104,50,1959.012196
-5.89436,50,1959.321595
-7.266503,50,1959.63817
-9.628946,50,1959.925989
-8.987069,50,1960.238495
-6.526728,50,1960.525226
-8.516687,50,1960.843828
-9.207456,50,1961.126979
-6.853148,50,1961.437373
-6.010039,50,1961.729263
-4.582716,50,1962.017066
-12.027928,50,1962.335115
-14.602297,50,1962.619947
-3.950884,50,1962.905275
-12.365921,50,1963.219009
-12.972607,50,1963.508437
-6.39579,50,1963.824645
-7.075395,50,1964.151267
-5.791583,50,1964.471443
-6.487503,50,1964.762409
-12.239118,50,1965.046187
-5.583544,50,1965.356096
-5.080209,50,1965.646519
-13.440349,50,1965.960041
-6.788749,50,1966.246483
-9.555816,50,1966.530712
-7.432699,50,1966.881438
-14.643027,50,1967.16636
-6.501792,50,1967.452704
-6.150706,50,1967.768237
-6.713939,50,1968.084618
-6.861602,50,1968.372758
-6.100189,50,1968.65895
-6.169331,50,1968.972225
-6.368637,50,1969.260345
-11.222346,50,1969.580982
-11.525446,50,1969.866793
-13.538277,50,1970.150537
-14.475678,50,1970.493085
-11.579482,50,1970.783307
-5.089964,50,1971.069281
-6.325266,50,1971.381184
-12.503672,50,1971.669774
-12.919833,50,1971.985083
-10.382344,50,1972.273067
-7.637966,50,1972.569897
-7.897288,50,1972.886302
-11.589385,50,1973.179977
-9.514407,50,1973.462291
-13.282963,50,1973.779233
-7.00402,50,1974.094835
-3.882566,50,1974.383619
-8.859943,50,1974.671777
-6.002123,50,1974.980766
-10.01661,50,1975.299214
-4.858476,50,1975.586446
-6.897094,50,1975.872182
-13.134511,50,1976.18413
-16.748324,50,1976.473197
-5.916365,50,1976.79354
-7.527977,50,1977.076281
-6.813909,50,1977.363635
-5.517055,50,1977.709618
-3.870651,50,1977.998066
-7.391059,50,1978.284049
-7.946611,50,1978.598039
-7.605136,50,1978.888251
-6.914434,50,1979.209388
-8.871108,50,1979.491748
-6.412521,50,1979.779626
-7.423314,50,1980.092634
-6.635021,50,1980.380652
-5.825252,50,1980.664521
-4.339164,50,1980.97648
-6.022765,50,1981.291834
-6.339716,50,1981.581977
-3.163504,50,1981.867172
-7.116505,50,1982.179973
-6.598052,50,1982.465758
-8.018721,50,1982.796557
-7.121788,50,1983.082982
-9.169637,50,1983.36963
-7.874259,50,1983.685477
-8.136876,50,1983.973909
-8.252021,50,1984.282551
-12.454144,50,1984.569929
-7.596573,50,1984.886416
-17.142853,50,1985.174672
-8.238755,50,1985.487509
-8.120658,50,1985.778976
-9.245165,50,1986.096463
-7.525897,50,1986.382034
-12.022713,50,1986.698223
-9.222304,50,1986.986088
-4.267958,50,1987.311516
-5.803729,50,1987.602715
-6.292423,50,1987.884637
-13.663172,50,1988.197084
-6.641109,50,1988.488096
-14.936301,50,1988.809589
-6.113747,50,1989.094343
-8.42876,50,1989.376763
-6.373414,50,1989.695429
-7.279248,50,1990.008778
-6.303415,50,1990.292903
-4.279726,50,1990.612571
-2.894484,50,1990.932668
-7.528875,50,1991.219158
-6.480296,50,1991.530754
-4.166582,50,1991.81944
-9.238045,50,1992.135973
-8.218099,50,1992.426927
-7.610882,50,1992.714813
-9.210656,50,1992.997868
-6.539392,50,1993.33827
-7.370272,50,1993.628308
-7.764247,50,1993.914982
-6.718579,50,1994.227961
-5.33689,50,1994.541471
-7.174741,50,1994.829621
-8.057453,50,1995.113764
-6.577999,50,1995.426378
-6.053398,50,1995.7433
-12.039621,50,1996.03308
-1.554423,50,1996.319244
-10.27117,50,1996.643328
-6.532383,50,1996.932786
-6.318722,50,1997.249942
-2.615505,50,1997.535023
-7.209596,50,1997.824163
-4.136921,50,1998.171519
-7.935767,50,1998.460579
-8.931077,50,1998.773441
-7.455971,50,1999.057346
-10.080666,50,1999.346199
-4.146436,50,1999.663127
-9.400477,50,1999.951183
-5.688697,50,2000.241919
-5.326811,50,2000.573173
-5.674447,50,2000.85988
-5.274208,50,2001.169414
-5.732503,50,2001.455667
-7.862024,50,2001.773699
-3.198984,50,2002.064203
-6.76063,50,2002.376012
-8.460789,50,2002.661323
-4.476151,50,2002.974293
-5.46615,50,2003.264558
-6.859819,50,2003.553044
-5.814891,50,2003.861177
-5.745167,50,2004.175212
-6.968493,50,2004.461598
-7.008709,50,2004.748478
-6.662432,50,2005.062196
-8.020682,50,2005.377929
-7.096444,50,2005.670515
-6.828505,50,2005.953538
-5.482351,50,2006.267044
-3.471608,50,2006.557719
-4.275998,50,2006.875512
-2.437314,50,2007.1621
-6.293219,50,2007.447918
-8.840095,50,2007.740833
-6.925458,50,2008.056118
-8.632824,50,2008.342412
-7.681151,50,2008.630361
-7.149825,50,2008.974586
-5.331467,50,2009.263467
-4.199427,50,2009.548242
-6.006545,50,2009.863048
-4.665607,50,2010.152159
-6.540389,50,2010.470915
-6.954675,50,2010.795434
-6.194332,50,2011.081991
-8.725136,50,2011.401926
-5.012052,50,2011.69036
-7.083609,50,2012.000287
-5.436431,50,2012.28622
-2.805844,50,2012.603195
-6.619576,50,2012.891209
-7.356768,50,2013.177893
-7.322887,50,2013.487273
-5.769734,50,2013.805777
-4.873207,50,2014.090899
-5.905299,50,2014.376451
-5.404463,50,2014.689568
-7.603478,50,2014.986731
-6.173207,50,2015.304928
-7.107064,50,2015.591354
-7.061751,50,2015.877483
-4.220478,50,2016.195293
-7.206533,50,2016.490331
-7.731168,50,2016.779979
-17.693112,50,2017.09149
-3.229378,50,2017.411874
-6.904439,50,2017.700308
-6.827216,50,2017.987258
-7.515557,50,2018.297687
-3.803711,50,2018.589619
-8.090364,50,2018.903895
-7.124482,50,2019.188203
-5.38346,50,2019.474626
-7.527758,50,2019.791663
-4.289518,50,2020.07978
-7.352795,50,2020.363016
-19.427421,50,2020.680724
-4.338588,50,2020.97001
-9.654609,50,2021.287833
-6.649228,50,2021.576438
-19.248075,50,2021.862731
-2.980936,50,2022.182826
-7.765071,50,2022.47281
-6.638506,50,2022.761538
-6.326676,50,2023.07486
-4.305249,50,2023.38978
-4.886821,50,2023.680772
-6.844817,50,2023.963449
-6.646848,50,2024.274688
-8.168806,50,2024.566748
-14.873757,50,2024.886127
-7.096193,50,2025.17173
-5.428757,50,2025.455352
-2.927977,50,2025.774503
-6.53705,50,2026.106309
-12.394681,50,2026.390755
-6.788683,50,2026.705734
-5.346612,50,2026.994249
-5.964793,50,2027.306125
-6.810127,50,2027.592176
-3.40965,50,2027.878546
-7.547896,50,2028.223822
-5.518249,50,2028.512233
-6.300007,50,2028.799204
-6.169472,50,2029.113266
-3.293334,50,2029.398763
-8.294125,50,2029.714666
-6.763416,50,2030.009107
-4.224002,50,2030.294794
-8.075505,50,2030.635879
-9.61683,50,2030.922777
-4.29292,50,2031.206379
-8.159827,50,2031.517566
-4.573837,50,2031.833604
-2.910128,50,2032.120049
-12.445972,50,2032.40624
-7.097291,50,2032.717608
-7.38652,50,2033.004739
-2.807864,50,2033.319785
-4.832994,50,2033.607463
-10.487153,50,2033.893606
-5.961669,50,2034.208713
-7.220656,50,2034.493051
-5.125029,50,2034.780958
-7.098189,50,2035.093625
-2.869313,50,2035.408398
-4.510046,50,2035.699038
-2.913212,50,2035.981008
-11.396647,50,2036.289947
-3.658914,50,2036.581848
-6.124186,50,2036.895513
-7.292257,50,2037.179784
-6.496248,50,2037.466256
-5.560073,50,2037.816783
-3.02834,50,2038.104958
-6.987883,50,2038.390301
-3.841786,50,2038.703383
-6.942126,50,2039.016997
-4.249324,50,2039.306484
-5.030109,50,2039.593401
-5.906696,50,2039.90511
-8.803067,50,2040.19313
-3.296983,50,2040.50868
-6.38642,50,2040.796171
-7.025077,50,2041.079652
-5.864336,50,2041.371007
-10.692086,50,2041.691682
-5.976643,50,2041.977941
-8.271579,50,2042.260831
-6.391908,50,2042.611389
-4.210587,50,2042.897893
-7.212498,50,2043.183517
-9.615045,50,2043.49525
-3.267668,50,2043.812515
-3.250528,50,2044.100209
-8.256926,50,2044.412325
-4.944828,50,2044.698176
-5.868178,50,2045.013751
-3.709176,50,2045.302007
-3.47369,50,2045.589849
-5.902389,50,2045.910623
-6.492414,50,2046.19522
-4.367667,50,2046.51454
-4.327468,50,2046.805625
-3.38754,50,2047.091745
-7.50353,50,2047.40863
-5.526674,50,2047.70655
-4.993617,50,2047.990559
-10.533737,50,2048.30379
-6.55484,50,2048.595253
-3.239413,50,2048.908982
-6.186035,50,2049.193551
-6.717706,50,2049.478189
-4.629957,50,2049.795358
-7.100097,50,2050.078918
-4.701379,50,2050.365948
-4.503576,50,2050.683222
-3.039366,50,2050.975746
-5.038652,50,2051.289973
-2.437602,50,2051.574461
-9.719702,50,2051.860242
-4.103986,50,2052.174819
-3.830004,50,2052.462996
-5.178677,50,2052.74794
-9.317221,50,2053.059718
-7.701469,50,2053.34816
-5.076732,50,2053.666352
-5.620037,50,2053.952494
-4.10262,50,2054.239156
-5.7767,50,2054.553602
-5.174033,50,2054.842985
-10.008248,50,2055.129401
-6.969084,50,2055.442907
-4.202453,50,2055.759505
-4.968263,50,2056.042775
-6.693849,50,2056.329562
-9.127766,50,2056.645518
-4.696518,50,2056.959217
-9.519585,50,2057.248127
-8.608651,50,2057.531323
-9.091789,50,2057.84593
-14.173307,50,2058.135535
-7.681874,50,2058.454173
-9.764702,50,2058.751441
-3.171589,50,2059.039257
-7.305812,50,2059.352491
-4.065155,50,2059.641477
-6.464099,50,2059.95234
-7.358715,50,2060.238156
-5.281015,50,2060.553987
-9.477233,50,2060.843383
-4.807166,50,2061.12546
-6.29536,50,2061.411435
-7.575809,50,2061.728698
-9.148726,50,2062.041114
-3.861254,50,2062.328023
-8.221348,50,2062.612534
-6.326522,50,2062.929392
-9.264024,50,2063.218787
-3.922463,50,2063.505745
-7.804061,50,2063.820155
-5.277248,50,2064.133527
-3.341367,50,2064.418519
-5.070761,50,2064.740495
-6.973572,50,2065.052475
-9.584791,50,2065.369947
-6.547673,50,2065.660565
-3.41946,50,2065.973437
-5.513806,50,2066.258935
-10.190387,50,2066.57652
-7.571997,50,2066.86302
-11.300843,50,2067.14872
-17.301139,50,2067.461674
-2.380029,50,2067.776126
-3.638738,50,2068.062662
-4.069946,50,2068.34607
-9.36331,50,2068.661215
-5.802291,50,2068.975751
-7.142945,50,2069.264814
-9.527397,50,2069.571578
-3.328659,50,2069.862216
-7.813001,50,2070.147611
-4.490487,50,2070.467719
-11.365439,50,2070.755619
-10.798387,50,2071.042193
-7.568085,50,2071.357549
-4.030668,50,2071.64407
-4.296111,50,2071.930425
-5.064251,50,2072.243548
-9.529683,50,2072.534833
-5.793647,50,2072.85072
-6.799955,50,2073.134551
-5.83216,50,2073.420638
-5.230162,50,2073.765129
-6.688622,50,2074.054432
-14.875845,50,2074.366068
-4.020051,50,2074.656103
-4.608163,50,2074.979441
-6.697232,50,2075.264782
-5.373941,50,2075.552955
-6.775497,50,2075.866822
-5.6286,50,2076.183687
-6.907813,50,2076.469695
-10.707099,50,2076.75844
-7.860383,50,2077.071552
-16.394234,50,2077.359371
-12.221488,50,2077.67929
-11.4347,50,2077.964919
-19.950301,50,2078.251706
-2.851322,50,2078.537563
-5.251024,50,2078.854628
-9.162433,50,2079.140857
-5.738465,50,2079.428132
-5.933978,50,2079.745761
-9.392228,50,2080.031885
-4.012467,50,2080.318475
-3.365526,50,2080.633554
-11.701822,50,2080.949701
-2.999945,50,2081.237865
-4.686414,50,2081.553286
-2.624759,50,2081.837424
-9.433734,50,2082.153992
-2.253815,50,2082.441759
-9.974846,50,2082.729852
-12.38864,50,2083.041545
-6.996487,50,2083.327287
-7.969738,50,2083.64533
-2.912288,50,2083.932793
-4.576134,50,2084.219568
-14.572348,50,2084.50561
-7.368898,50,2084.821525
-5.492081,50,2085.108016
-7.634145,50,2085.395181
-9.358962,50,2085.743798
-10.16559,50,2086.03237
-13.895421,50,2086.31452
-5.950118,50,2086.630281
-9.857128,50,2086.919256
-8.042109,50,2087.235816
-6.537359,50,2087.522643
-4.942072,50,2087.808176
-2.673943,50,2088.156048
-9.135823,50,2088.441269
-7.742539,50,2088.731268
-15.309195,50,2089.04236
-17.68068,50,2089.332042
-13.602003,50,2089.648339
-17.723708,50,2089.930361
-2.978014,50,2090.215457
-9.336149,50,2090.56195
-3.560904,50,2090.850033
-13.526656,50,2091.137334
-7.367848,50,2091.448507
-4.169722,50,2091.808453
-8.139789,50,2092.097976
-15.848203,50,2092.383796
-11.055044,50,2092.701687
-8.702211,50,2093.011108
-11.225731,50,2093.296378
-9.316938,50,2093.586646
-11.549713,50,2093.875175
-3.974836,50,2094.159315
-8.370875,50,2094.471225
-3.850586,50,2094.757885
-2.841861,50,2095.044179
-3.588843,50,2095.328198
-8.165406,50,2095.644413
-8.252991,50,2095.929842
-6.872807,50,2096.215245
-6.960205,50,2096.560261
-10.969925,50,2096.848046
-6.744095,50,2097.129886
-9.876169,50,2097.446152
-2.706866,50,2097.737715
-5.091907,50,2098.055429
-8.708561,50,2098.341545
-9.887965,50,2098.62671
-6.329135,50,2098.972251
-8.475751,50,2099.258023
-7.012286,50,2099.545556
-7.525671,50,2099.857409
-10.842719,50,2100.172078
-4.081581,50,2100.459543
-5.120833,50,2100.771874
-8.732498,50,2101.054876
-8.654164,50,2101.36863
-7.36251,50,2101.657939
-7.04558,50,2101.971021
-8.109064,50,2102.255988
-8.670808,50,2102.543196
-4.813907,50,2102.861172
-6.78579,50,2103.146702
-1.578863,50,2103.431732
-9.25446,50,2103.748783
-4.488482,50,2104.034437
-8.527549,50,2104.318753
-10.342159,50,2104.631628
-8.772163,50,2104.944291
-8.394916,50,2105.229595
-6.330091,50,2105.512146
-7.798623,50,2105.825221
-3.705119,50,2106.140045
-9.19123,50,2106.427328
-13.778807,50,2106.738293
-9.274635,50,2107.029235
-7.213003,50,2107.343156
-7.824418,50,2107.632855
-7.151592,50,2107.917281
-9.416441,50,2108.198287
-8.746318,50,2108.511984
-7.907518,50,2108.826859
-5.502504,50,2109.111939
-8.428517,50,2109.396791
-7.794703,50,2109.712256
-10.074602,50,2109.996428
-7.290967,50,2110.282801
-7.636216,50,2110.596038
-8.444837,50,2110.912073
-11.164625,50,2111.200062
-2.804306,50,2111.482466
-6.617604,50,2111.791878
-9.139807,50,2112.080777
-6.468019,50,2112.395108
-6.272048,50,2112.681837
-7.152385,50,2112.963544
-6.961676,50,2113.281112
-5.387132,50,2113.57083
-7.315045,50,2113.882513
-8.623215,50,2114.166964
-6.740601,50,2114.450749
-9.475245,50,2114.76452
-6.028708,50,2115.048134
-6.518922,50,2115.33186
-9.766014,50,2115.677616
-10.820602,50,2115.963291
-5.775939,50,2116.247674
-5.211818,50,2116.560428
-7.512627,50,2116.875864
-9.478236,50,2117.1638
-6.002496,50,2117.448648
-10.27417,50,2117.761982
-6.623687,50,2118.046888
-4.332467,50,2118.360771
-8.204806,50,2118.679671
-7.679079,50,2118.966559
-7.092689,50,2119.281651
-7.397751,50,2119.572775
-7.261266,50,2119.854973
-5.765798,50,2120.139426
-8.005444,50,2120.454207
-4.461879,50,2120.768901
-5.456786,50,2121.053497
-3.132935,50,2121.334338
-6.327379,50,2121.624278
-9.609217,50,2121.940025
-4.565574,50,2122.235247
-6.812878,50,2122.516318
-6.61848,50,2122.83295
-4.112949,50,2123.120187
-3.753079,50,2123.402944
-5.273415,50,2123.716434
-7.747733,50,2124.029345
-11.537493,50,2124.313772
-4.278512,50,2124.60082
-7.403992,50,2124.911521
-3.887734,50,2125.198406
-10.671757,50,2125.511618
-4.546538,50,2125.795994
-10.949622,50,2126.078978
-7.745597,50,2126.393198
-4.272652,50,2126.681947
-8.872008,50,2126.962813
-4.073349,50,2127.275065
-4.606257,50,2127.589912
-9.571293,50,2127.876661
-7.876294,50,2128.161753
-10.783675,50,2128.472608
-4.277838,50,2128.791519
-4.212689,50,2129.075521
-8.982454,50,2129.359529
-4.617794,50,2129.672623
-12.444772,50,2129.983189
-10.79541,50,2130.26739
-5.29822,50,2130.55479
-8.084987,50,2130.863366
-11.389801,50,2131.181153
-8.942049,50,2131.468995
-10.255794,50,2131.752562
-6.586296,50,2132.063536
-8.297397,50,2132.351621
-9.569739,50,2132.665625
-9.335425,50,2132.948065
-3.600357,50,2133.229811
-1.059304,50,2133.574548
-7.241685,50,2133.861128
-3.268154,50,2134.146815
-9.397366,50,2134.458053
-4.792844,50,2134.745801
-8.62577,50,2135.059971
-10.602393,50,2135.345757
-5.087956,50,2135.633098
-9.429758,50,2135.977645
-8.185472,50,2136.260587
-9.933209,50,2136.552316
-7.966598,50,2136.87217
-3.464134,50,2137.188982
-9.035757,50,2137.476224
-10.581543,50,2137.763154
-4.339698,50,2138.082141
-5.768099,50,2138.366798
-7.227317,50,2138.683734
-10.541409,50,2138.970349
-2.639138,50,2139.254434
-5.734337,50,2139.571235
-2.777826,50,2139.85663
-3.013592,50,2140.143021
-3.271408,50,2140.455293
-16.145573,50,2140.74699
-4.250687,50,2141.06174
-3.731239,50,2141.344747
-2.675347,50,2141.633021
-9.483016,50,2141.956969
-17.184076,50,2142.245239
-8.68491,50,2142.529685
-9.559269,50,2142.839623
-14.358553,50,2143.154081
-9.080385,50,2143.442362
-2.50997,50,2143.729223
-4.110805,50,2144.037847
-7.867973,50,2144.323436
-9.129251,50,2144.643995
-9.830864,50,2144.929011
-5.111047,50,2145.213725
-12.393187,50,2145.532726
-6.592505,50,2145.906536
-9.897265,50,2146.230869
-5.329599,50,2146.519925
-5.877847,50,2146.823796
-10.365917,50,2147.141754
-3.824974,50,2147.430114
-5.920585,50,2147.717015
-5.449832,50,2148.066643
-4.348044,50,2148.350005
-7.567099,50,2148.637059
-17.587697,50,2148.947065
-9.120441,50,2149.259965
-6.622517,50,2149.544373
-5.524463,50,2149.833893
-8.870128,50,2150.144382
-9.574141,50,2150.458516
-2.784326,50,2150.747587
-11.683409,50,2151.033157
-8.836078,50,2151.316028
-9.212949,50,2151.670226
-7.519522,50,2151.950833
-2.092759,50,2152.235772
-4.013951,50,2152.548066
-6.352484,50,2152.861504
-5.204198,50,2153.148304
-10.134121,50,2153.430359
-3.840987,50,2153.743893
-3.443682,50,2154.058542
-5.574313,50,2154.344501
-11.911196,50,2154.659989
-8.03245,50,2154.945548
-4.84513,50,2155.260145
-5.956151,50,2155.546167
-3.622055,50,2155.832652
-3.320284,50,2156.142485
-10.629347,50,2156.456324
-4.767156,50,2156.747371
-13.38135,50,2157.060008
-10.610973,50,2157.342873
-11.92039,50,2157.657144
-6.740506,50,2157.953189
-8.690289,50,2158.238839
-7.318697,50,2158.55288
-4.833215,50,2158.89703
-2.625544,50,2159.23107
-4.598357,50,2159.517061
-5.984809,50,2159.805284
-5.559783,50,2160.150556
-6.415716,50,2160.432409
-9.893282,50,2160.716108
-11.324311,50,2161.028249
-6.174494,50,2161.353118
-12.378593,50,2161.641187
-12.361346,50,2161.92762
-7.998201,50,2162.240535
-9.851141,50,2162.554925
-10.070256,50,2162.843591
-6.316407,50,2163.130033
-4.776683,50,2163.441437
-9.94937,50,2163.728438
-5.801574,50,2164.047594
-9.368563,50,2164.33044
-2.579692,50,2164.616
-7.281568,50,2164.932319
-6.183171,50,2165.219556
-6.545502,50,2165.500929
-6.648303,50,2165.812398
-12.38249,50,2166.127137
-7.671174,50,2166.413273
-5.276655,50,2166.725935
-4.235262,50,2167.013667
-3.54292,50,2167.332217
-6.167324,50,2167.614834
-8.561663,50,2167.902106
-8.441077,50,2168.212052
-5.789037,50,2168.500358
-7.266339,50,2168.819222
-9.735341,50,2169.10072
-12.633655,50,2169.386165
-6.942618,50,2169.699593
-6.428176,50,2169.992845
-8.357526,50,2170.275562
-6.76671,50,2170.586292
-6.02479,50,2170.878145
-9.902339,50,2171.191372
-8.147276,50,2171.476518
-11.770861,50,2171.758834
-5.480731,50,2172.077393
-6.277199,50,2172.363996
-11.290094,50,2172.676197
-8.40462,50,2172.964098
-7.631234,50,2173.276599
-5.587918,50,2173.560355
-4.172156,50,2173.856455
-5.892499,50,2174.142584
-6.797649,50,2174.456037
-9.600768,50,2174.767805
-8.727263,50,2175.052231
-5.492623,50,2175.336242
-6.675276,50,2175.652571
-7.17965,50,2175.941439
-7.219209,50,2176.226161
-9.499957,50,2176.536818
-7.703021,50,2176.826161
-13.916525,50,2177.138215
-9.270464,50,2177.423915
-9.387826,50,2177.704995
-4.307285,50,2178.020933
-5.98117,50,2178.309224
-6.37311,50,2178.593941
-5.757518,50,2178.906804
-8.729023,50,2179.190039
-10.070704,50,2179.507197
-7.969655,50,2179.793103
-12.729827,50,2180.07946
-4.786251,50,2180.419859
-7.419349,50,2180.706764
-3.286473,50,2180.992854
-5.618156,50,2181.301217
-9.18821,50,2181.589849
-11.178307,50,2181.909335
-9.878898,50,2182.194405
-5.832611,50,2182.478107
-8.203359,50,2182.787545
-3.010931,50,2183.077867
-8.903487,50,2183.389446
-10.677566,50,2183.673728
-9.960418,50,2183.987948
-7.687281,50,2184.271617
-8.262863,50,2184.58153
-8.012665,50,2184.898619
-6.424241,50,2185.215789
-6.826578,50,2185.50224
-9.73554,50,2185.814289
-5.47851,50,2186.098967
-15.226369,50,2186.412891
-8.320733,50,2186.696728
-11.04719,50,2187.00975
-7.013068,50,2187.298096
-6.775318,50,2187.611329
-4.741408,50,2187.908535
-4.65127,50,2188.217368
-6.496343,50,2188.497782
-5.397397,50,2188.786024
-7.217674,50,2189.102867
-5.753632,50,2189.387068
-9.391816,50,2189.66854
-5.480114,50,2189.983688
-4.902617,50,2190.269725
-4.636975,50,2190.555217
-5.247843,50,2190.866713
-8.652958,50,2191.181208
-4.365261,50,2191.465188
-5.736924,50,2191.775179
-7.00323,50,2192.06281
-6.116259,50,2192.375912
-7.34854,50,2192.662088
-5.172827,50,2192.945991
-5.058927,50,2193.260553
-6.042485,50,2193.576516
-8.015694,50,2193.865525
-6.188375,50,2194.147451
-6.752891,50,2194.459275
-8.813196,50,2194.746289
-6.727338,50,2195.066382
-6.628769,50,2195.349095
-3.250717,50,2195.633784
-5.860867,50,2195.951772
-4.437199,50,2196.239038
-7.229816,50,2196.52324
-4.711463,50,2196.839637
-10.965685,50,2197.127928
-7.454214,50,2197.446158
-7.596109,50,2197.727766
-12.346,50,2198.01443
-4.59768,50,2198.299558
-5.011312,50,2198.617057
-8.261435,50,2198.903858
-5.351571,50,2199.184482
-9.23021,50,2199.4969
-5.524774,50,2199.785169
-7.375552,50,2200.0981
-5.952336,50,2200.380925
-4.961332,50,2200.6967
-4.084185,50,2201.004203
-5.667227,50,2201.300669
-10.689978,50,2201.611353
-8.933696,50,2201.92857
-5.16772,50,2202.214118
-4.849027,50,2202.498864
-12.927519,50,2202.81129
-5.680589,50,2203.123032
-3.720824,50,2203.409336
-5.423416,50,2203.736606
-9.610354,50,2204.055702
-5.683355,50,2204.373311
-13.475294,50,2204.658405
-4.260097,50,2204.968833
-6.70765,50,2205.250937
-5.687907,50,2205.5611
-12.015732,50,2205.841086
-11.136117,50,2206.125429
-6.015036,50,2206.433575
-6.759094,50,2206.716714
-5.413821,50,2207.031021
-11.718548,50,2207.314679
-5.791147,50,2207.594648
-5.570617,50,2207.902335
-8.895623,50,2208.187591
-3.861773,50,2208.465268
-9.563872,50,2208.7727
-6.283634,50,2209.057923
-4.742528,50,2209.37155
-6.56395,50,2209.64923
-3.07001,50,2209.9307
-4.231406,50,2210.271029
-8.345523,50,2210.549596
-3.344306,50,2210.831106
-2.814718,50,2211.139336
-10.467581,50,2211.445099
-11.126156,50,2211.729666
-10.981043,50,2212.011064
-4.648076,50,2212.314021
-9.984582,50,2212.626416
-10.20273,50,2212.910073
-5.897617,50,2213.188746
-6.558898,50,2213.496542
-11.401235,50,2213.78203
-5.210165,50,2214.108862
-10.160886,50,2214.394751
-5.886454,50,2214.675525
-1.276602,50,2214.988043
-8.227916,50,2215.294219
-6.822943,50,2215.57362
-3.313449,50,2215.85504
-12.848432,50,2216.137198
-10.927742,50,2216.457362
-5.474997,50,2216.739379
-6.905252,50,2217.022499
-8.787061,50,2217.330732
-6.956786,50,2217.612268
-7.158761,50,2217.8934
-9.335025,50,2218.202222
-5.392,50,2218.484926
-4.640604,50,2218.793518
-18.44967,50,2219.075268
-11.160515,50,2219.354666
-8.446922,50,2219.695244
-6.077678,50,2219.980589
-3.792927,50,2220.262358
-12.48857,50,2220.565413
-5.137681,50,2220.876236
-6.213519,50,2221.161276
-4.353524,50,2221.439797
-10.574718,50,2221.745583
-8.511097,50,2222.052949
-11.414544,50,2222.338633
-7.119506,50,2222.617851
-9.095029,50,2222.92465
-10.773468,50,2223.207022
-7.201604,50,2223.516365
-1.862002,50,2223.798732
-5.284332,50,2224.081928
-12.443016,50,2224.388165
-3.339756,50,2224.670738
-13.303063,50,2224.953275
-6.873764,50,2225.258517
-9.756137,50,2225.5444
-8.792968,50,2225.851838
-8.408024,50,2226.13071
-5.234532,50,2226.413159
-5.637264,50,2226.696933
-5.486655,50,2227.010171
-8.065559,50,2227.288508
-8.740648,50,2227.570808
-12.245618,50,2227.844647
-4.203792,50,2228.123377
-12.556653,50,2228.395768
-11.286478,50,2228.675375
-9.118861,50,2228.949579
-10.902174,50,2229.227713
-5.683932,50,2229.501666
-9.217994,50,2229.778198
-10.997268,50,2230.051183
-8.046229,50,2230.333688
-8.142449,50,2230.624936
-5.703524,50,2230.903666
-5.725001,50,2231.182147
-5.532794,50,2231.463188
-8.181608,50,2231.736569
-8.060709,50,2232.013042
-5.050298,50,2232.304571
-6.973157,50,2232.604472
-7.322099,50,2232.880586
-10.818239,50,2233.15515
-9.90665,50,2233.431778
-4.11751,50,2233.711091
-9.140508,50,2234.013154
-6.130528,50,2234.288738
-9.283605,50,2234.564771
-7.042025,50,2234.840447
-9.328785,50,2235.116463
-15.466475,50,2235.388605
-5.927749,50,2235.676471
-8.582713,50,2235.951731
-7.472537,50,2236.228423
-7.789297,50,2236.500382
-4.217588,50,2236.777726
-8.551359,50,2237.053187
-9.154681,50,2237.329821
-6.253938,50,2237.60341
-7.55247,50,2237.879105
-7.687038,50,2238.154862
-11.659939,50,2238.431815
-8.221819,50,2238.736489
-7.048217,50,2239.009967
-4.094571,50,2239.2902
-6.250942,50,2239.569427
-6.429351,50,2239.845327
-10.820651,50,2240.118474
-5.37938,50,2240.39591
-6.778148,50,2240.672751
-10.364595,50,2240.949066
-6.553633,50,2241.221967
-3.297384,50,2241.500485
-4.11968,50,2241.775133
-8.052551,50,2242.07459
-8.594455,50,2242.351521
-5.544401,50,2242.630053
-7.344543,50,2242.903405
-6.811392,50,2243.180104
-5.398103,50,2243.454103
-4.012696,50,2243.757282
-5.508133,50,2244.030922
-10.327843,50,2244.307694
-6.047656,50,2244.581136
-6.571766,50,2244.859952
-5.385092,50,2245.132644
-5.878621,50,2245.408221
-8.677705,50,2245.682412
-5.76482,50,2245.965333
-7.440503,50,2246.238653
-7.148858,50,2246.538533
-5.072214,50,2246.814347
-5.055229,50,2247.089901
-5.138269,50,2247.3621
-4.567217,50,2247.637639
-7.350905,50,2247.910543
-5.278511,50,2248.189482
-7.250375,50,2248.46292
-3.718861,50,2248.761692
-9.11343,50,2249.034563
-5.692484,50,2249.339361
-4.646108,50,2249.616653
-4.197154,50,2249.890241
-5.497074,50,2250.165564
-5.560877,50,2250.44157
-5.145022,50,2250.727781
-6.491191,50,2251.00111
-6.50703,50,2251.274935
-4.377426,50,2251.554747
-8.661398,50,2251.828434
-6.311509,50,2252.114888
-8.115098,50,2252.38831
-3.843601,50,2252.664862
-5.70308,50,2252.937748
-9.589451,50,2253.239755
-5.447602,50,2253.515886
-8.61216,50,2253.792146
-8.388088,50,2254.067148
-4.407083,50,2254.341717
-7.562943,50,2254.64132
-9.112974,50,2254.91658
-4.044961,50,2255.196424
-4.926021,50,2255.469488
-4.031428,50,2255.744154
-6.801107,50,2256.036076
-6.824719,50,2256.312537
-5.73038,50,2256.593328
-6.397403,50,2256.868771
-4.753409,50,2257.144958
-5.910155,50,2257.42016
-5.888811,50,2257.694501
-8.254457,50,2257.967586
-6.851167,50,2258.24932
-8.222319,50,2258.523266
-6.083495,50,2258.799368
-6.894282,50,2259.072913
-7.701659,50,2259.369364
-6.420368,50,2259.650134
-5.540094,50,2259.94982
-4.299925,50,2260.227409
-6.760722,50,2260.503274
-3.460767,50,2260.784131
-6.281494,50,2261.061529
-9.914628,50,2261.33628
-6.392887,50,2261.611214
-9.332728,50,2261.889623
-6.209574,50,2262.16277
-9.981533,50,2262.465474
-2.503768,50,2262.793933
-6.588349,50,2263.070458
-4.973059,50,2263.349726
-16.749826,50,2263.624972
-5.711484,50,2263.933691
-8.786727,50,2264.212106
-6.767615,50,2264.491442
-3.359734,50,2264.768637
-2.307841,50,2265.047099
-3.119836,50,2265.350262
-8.862615,50,2265.625587
-6.486674,50,2265.902583
-4.759141,50,2266.180192
-6.353892,50,2266.458832
-4.39448,50,2266.734117
-3.966499,50,2267.011268
-8.738672,50,2267.315563
-4.445178,50,2267.595196
-3.561163,50,2267.870228
-3.945471,50,2268.147935
-6.496091,50,2268.426124
-5.917664,50,2268.706181
-9.007529,50,2268.985736
-3.507048,50,2269.284252
-3.775898,50,2269.563417
-3.635988,50,2269.838796
-3.266057,50,2270.120719
-2.61293,50,2270.395982
-10.16977,50,2270.701424
-12.742793,50,2270.977466
-4.599595,50,2271.256086
-6.139459,50,2271.53262
-7.226956,50,2271.812269
-4.941907,50,2272.087202
-5.225699,50,2272.364982
-6.048969,50,2272.667568
-6.976074,50,2272.946228
-7.687851,50,2273.227817
-6.886277,50,2273.503465
-8.237202,50,2273.784315
-4.711429,50,2274.079893
-6.143092,50,2274.358122
-6.93064,50,2274.632606
-3.83485,50,2274.911345
-6.962799,50,2275.189805
-8.938021,50,2275.492521
-2.886469,50,2275.767683
-4.669577,50,2276.046846
-3.559743,50,2276.355889
-6.339976,50,2276.631945
-6.751719,50,2276.910166
-5.6536,50,2277.185346
-6.460341,50,2277.501071
-6.913011,50,2277.95437
-6.874882,50,2278.373135
-6.878112,50,2278.709644
-8.745143,50,2279.044929
-13.40462,50,2279.36313
-8.898817,50,2279.717153
-7.950441,50,2280.057699
-6.385488,50,2280.369215
-6.374304,50,2280.718511
-4.890141,50,2281.041914
-8.773867,50,2281.384572
-7.78067,50,2281.693474
-6.294475,50,2282.054451
-2.409534,50,2282.373961
-5.199936,50,2282.697617
-6.611388,50,2283.002733
-5.064381,50,2283.319113
-4.432733,50,2283.718621
-5.432773,50,2284.052187
-5.836103,50,2284.375803
-5.275929,50,2284.693199
-8.617097,50,2285.005867
-4.845378,50,2285.331787
-4.754384,50,2285.629219
-3.012714,50,2285.968688
-5.240928,50,2286.275775
-1.944583,50,2286.653858
-4.334957,50,2286.96337
-2.19824,50,2287.319481
-8.898703,50,2287.626446
-10.105638,50,2287.964856
-7.839865,50,2288.27038
-8.749897,50,2288.613879
-1.738322,50,2288.910649
-3.802122,50,2289.266851
-5.937242,50,2289.593697
-3.041982,50,2289.946721
-3.536981,50,2290.252676
-3.409561,50,2290.640313
-2.121037,50,2290.948068
-9.501436,50,2291.267381
-5.524767,50,2291.586774
-8.213867,50,2291.923924
-6.787839,50,2292.235592
-10.119169,50,2292.536643
-3.355885,50,2292.849559
-6.830929,50,2293.168593
-4.494227,50,2293.468449
-6.415199,50,2293.794151
-5.769518,50,2294.103058
-6.267181,50,2294.446965
-5.645842,50,2294.752715
-5.857004,50,2295.072994
-5.773794,50,2295.370156
-7.654413,50,2295.699995
-3.265461,50,2296.00133
-8.92929,50,2296.325333
-6.75352,50,2296.623201
-5.321713,50,2296.950333
-2.374022,50,2297.24281
-4.960194,50,2297.53478
-4.521496,50,2297.889051
-4.126103,50,2298.216964
-8.969996,50,2298.509311
-2.490883,50,2298.826824
-8.734454,50,2299.119922
-5.601029,50,2299.410204
-4.879077,50,2299.736644
-4.14144,50,2300.032125
-5.28948,50,2300.346366
-4.539209,50,2300.7537
-5.178836,50,2301.092313
-10.53166,50,2301.41142
-7.285725,50,2301.781752
-9.47883,50,2302.15855
-5.746402,50,2302.467643
-9.443182,50,2302.794583
-9.531922,50,2303.098803
-3.61006,50,2303.43945
-7.211318,50,2303.744681
-6.070702,50,2304.067104
-3.248881,50,2304.351791
-7.077562,50,2304.674254
-10.230942,50,2304.96297
-4.975927,50,2305.347201
-3.336277,50,2305.63781
-7.090426,50,2305.954467
-6.078087,50,2306.259715
-4.219342,50,2306.582487
-5.382183,50,2306.879553
-4.832431,50,2307.20078
-2.352953,50,2307.49432
-6.285697,50,2307.808873
-2.534321,50,2308.11039
-7.13363,50,2308.409943
-4.461043,50,2308.751181
-5.166065,50,2309.055044
-7.104755,50,2309.352031
-6.016709,50,2309.673761
-6.422225,50,2309.960523
-6.21079,50,2310.260523
-4.001446,50,2310.593938
-8.142569,50,2310.891608
-3.430314,50,2311.266685
-2.602184,50,2311.555214
-3.419451,50,2311.857908
-3.202537,50,2312.191131
-5.303378,50,2312.485555
-7.262361,50,2312.781048
-6.90195,50,2313.099903
-4.193111,50,2313.429915
-2.828845,50,2313.74692
-4.004314,50,2314.083067
-4.465425,50,2314.379832
-10.073461,50,2314.707635
-4.733402,50,2315.014414
-7.187272,50,2315.315777
-4.241526,50,2315.638434
-5.76114,50,2315.965107
-7.974987,50,2316.282705
-5.751106,50,2316.606683
-6.155512,50,2316.894497
-2.349883,50,2317.242706
-4.550655,50,2317.535692
-4.309454,50,2317.8247
-7.906303,50,2318.181575
-3.482754,50,2318.508716
-4.448685,50,2318.830822
-5.516639,50,2319.137698
-4.833385,50,2319.457478
-5.968345,50,2319.797614
-7.342504,50,2320.093198
-4.165287,50,2320.380495
-5.234804,50,2320.703428
-2.401949,50,2320.997668
-6.112093,50,2321.327669
-6.613124,50,2321.628821
-4.236325,50,2321.939577
-7.02344,50,2322.304785
-5.769956,50,2322.601629
-5.941801,50,2322.937205
-4.337294,50,2323.241489
-5.993293,50,2323.5364
-5.331422,50,2323.876923
-4.406292,50,2324.173479
-5.421634,50,2324.473243
-4.930669,50,2324.859884
-4.702166,50,2325.221757
-5.569402,50,2325.548345
-5.705248,50,2325.845433
-5.694522,50,2326.175068
-9.511108,50,2326.483015
-4.034275,50,2326.778736
-7.139924,50,2327.126357
-6.51901,50,2327.459157
-4.21394,50,2327.780122
-2.96297,50,2328.105588
-7.459899,50,2328.411003
-5.444606,50,2328.750749
-11.101031,50,2329.046579
-4.926204,50,2329.373353
-5.057365,50,2329.676391
-8.215161,50,2329.985149
-4.311038,50,2330.318544
-3.598212,50,2330.633151
-8.750722,50,2330.942924
-5.234344,50,2331.274511
-5.272314,50,2331.590486
-6.497912,50,2331.932957
-4.70628,50,2332.240255
-10.967676,50,2332.567415
-8.078953,50,2332.881672
-4.705496,50,2333.210798
-5.044561,50,2333.508768
-5.324843,50,2333.83746
-4.780673,50,2334.137901
-5.043563,50,2334.465721
-4.338788,50,2334.763277
-4.721273,50,2335.099676
-4.440943,50,2335.402342
-5.024383,50,2335.736778
-4.323579,50,2336.097298
-1.960443,50,2336.46702
-5.967413,50,2336.869339
-7.274228,50,2337.159604
-5.180845,50,2337.459879
-5.033681,50,2337.872042
-8.535728,50,2338.20141
-7.579758,50,2338.521314
-5.577403,50,2338.865728
-4.78318,50,2339.364906
-7.192484,50,2339.697452
-7.949599,50,2340.038096
-4.672242,50,2340.328579
-4.351437,50,2340.788541
-4.243556,50,2341.210008
-4.731296,50,2341.669763
-2.235358,50,2342.023435
-7.457311,50,2342.325951
-2.823386,50,2342.69458
-7.263809,50,2343.137779
-4.435882,50,2343.466426
-5.37048,50,2343.810389
-1.84802,50,2344.097901
-7.22171,50,2344.419349
-6.162184,50,2344.783784
-5.873871,50,2345.122737
-8.158462,50,2345.421297
-4.557768,50,2345.736925
-2.267243,50,2346.031596
-4.424677,50,2346.387164
-5.627782,50,2346.694013
-7.731192,50,2346.99779
-4.181234,50,2347.33225
-3.776801,50,2347.668286
-2.38481,50,2347.973107
-4.295261,50,2348.278442
-4.741054,50,2348.649107
-5.031193,50,2349.006763
-3.368709,50,2349.309326
-2.677747,50,2349.642821
-3.707666,50,2349.950588
-6.242597,50,2350.315432
-3.805408,50,2350.624204
-3.617538,50,2350.960291
-5.734972,50,2351.285137
-4.939693,50,2351.64928
-4.713066,50,2351.964021
-8.467097,50,2352.335038
-12.796999,50,2352.704528
-7.133538,50,2353.078199
-7.351903,50,2353.420529
-4.54011,50,2353.758115
-5.439598,50,2354.065372
-4.987046,50,2354.400862
-3.268615,50,2354.789722
-6.911444,50,2355.115178
-7.817861,50,2355.450812
-6.147322,50,2355.794559
-4.267868,50,2356.111115
-3.962463,50,2356.456347
-5.506354,50,2356.771534
-4.45039,50,2357.192537
-4.865428,50,2357.525265
-13.671952,50,2357.952958
-8.158032,50,2358.300568
-2.938577,50,2358.678406
-6.227508,50,2359.062432
-7.541649,50,2359.443984
-5.457566,50,2359.788103
-8.427932,50,2360.122088
-4.661779,50,2360.439626
-12.486097,50,2360.788424
-9.329506,50,2361.110625
-5.806301,50,2361.460734
-8.317925,50,2361.809841
-2.46208,50,2362.153833
-6.546914,50,2362.451364
-5.250025,50,2362.829738
-5.045228,50,2363.152632
-4.614693,50,2363.500104
-8.094036,50,2363.826255
-5.293953,50,2364.191182
-4.811012,50,2364.504117
-5.9767,50,2364.845748
-6.573972,50,2365.151317
-6.397019,50,2365.493833
-6.022625,50,2365.823694
-3.338887,50,2366.159645
-3.1795,50,2366.466434
-5.870663,50,2366.828413
-4.305831,50,2367.135015
-3.050112,50,2367.485506
-5.202686,50,2367.792332
-8.514915,50,2368.160352
-4.199156,50,2368.474811
-2.056325,50,2368.831462
-8.957295,50,2369.157514
-2.305482,50,2369.57082
-4.697257,50,2369.952708
-3.034242,50,2370.260578
-7.676851,50,2370.563664
-3.395574,50,2371.000538
-6.566076,50,2371.365406
-4.491439,50,2371.713089
-5.061461,50,2372.027195
-5.600056,50,2372.389065
-6.840293,50,2372.729632
-6.316661,50,2373.130551
-5.86264,50,2373.430267
-5.863701,50,2373.794119
-6.239586,50,2374.107699
-6.588077,50,2374.430207
-3.355023,50,2374.732379
-2.645178,50,2375.183732
-10.13724,50,2375.521738
-7.117233,50,2375.905457
-5.265243,50,2376.236417
-6.914826,50,2376.574923
-5.89985,50,2376.880057
-8.190362,50,2377.180311
-6.722096,50,2377.503833
-5.016415,50,2377.830458
-4.342177,50,2378.19462
-6.272284,50,2378.563164
-7.810608,50,2378.871015
-5.205886,50,2379.202738
-4.454046,50,2379.531435
-2.17477,50,2379.895696
-5.653256,50,2380.225358
-4.303539,50,2380.571081
-3.053423,50,2380.873691
-12.436336,50,2381.196255
-3.623691,50,2381.492209
-5.696953,50,2381.828031
-3.363518,50,2382.191421
-6.638693,50,2382.561165
-6.793967,50,2382.879078
-4.264031,50,2383.218335
-7.78093,50,2383.53992
-2.873907,50,2383.863216
-6.236035,50,2384.19142
-4.502558,50,2384.553887
-4.934825,50,2384.916211
-4.8285,50,2385.250309
-3.985927,50,2385.559368
-5.605032,50,2385.898987
-12.485912,50,2386.210238
-4.218337,50,2386.532972
-15.407273,50,2386.819846
-4.327803,50,2387.17274
-7.515879,50,2387.489028
-4.272748,50,2387.808251
-3.792475,50,2388.146735
-4.514909,50,2388.505582
-4.208441,50,2388.817452
-2.811069,50,2389.145249
-6.524445,50,2389.437819
-5.664362,50,2389.755024
-12.181484,50,2390.050416
-6.128389,50,2390.351449
-5.607136,50,2390.685929
-10.037399,50,2391.018386
-3.228942,50,2391.320059
-6.199772,50,2391.643794
-2.788442,50,2391.954783
-10.552584,50,2392.281258
-10.83448,50,2392.626465
-10.356281,50,2393.034116
-5.981325,50,2393.363929
-9.87959,50,2393.698213
-6.428599,50,2394.003426
-10.852935,50,2394.336761
-13.916117,50,2394.655875
-3.887636,50,2395.008678
-13.339848,50,2395.29631
-5.847436,50,2395.598812
-7.782155,50,2395.981023
-8.443511,50,2396.307738
-5.568056,50,2396.604103
-5.639448,50,2396.927815
-5.338692,50,2397.213357
-15.67813,50,2397.540397
-4.563293,50,2397.871375
-6.548413,50,2398.205451
-5.080961,50,2398.515486
-14.147355,50,2398.856657
-16.862974,50,2399.160366
-4.638989,50,2399.489401
-23.32697,50,2399.853427
-14.036946,50,2400.209164
-3.551872,50,2400.534649
-22.396534,50,2400.887644
-5.448862,50,2401.233905
-4.248689,50,2401.631318
-15.458497,50,2401.939869
-9.77834,50,2402.286422
-19.849987,50,2402.614611
-6.976642,50,2402.972583
-4.942479,50,2403.295209
-6.926335,50,2403.631117
-6.791181,50,2403.922333
-5.301663,50,2404.249599
-6.917242,50,2404.552565
-15.215784,50,2404.837864
-24.070496,50,2405.150531
-6.996135,50,2405.470566
-4.879153,50,2405.763508
-6.405697,50,2406.079639
-5.115362,50,2406.370241
-13.78157,50,2406.689091
-7.158227,50,2406.978157
-6.266355,50,2407.302157
-6.190715,50,2407.60901
-22.636113,50,2407.933146
-5.244684,50,2408.229866
-15.264864,50,2408.5579
-6.572685,50,2408.864893
-16.474774,50,2409.189867
-4.168722,50,2409.526964
-8.723586,50,2409.855542
-5.055043,50,2410.186164
-18.972089,50,2410.519972
-17.844274,50,2410.817459
-15.359106,50,2411.143609
-8.66423,50,2411.458189
-17.463733,50,2411.800182
-7.535539,50,2412.10238
-19.084144,50,2412.468508
-19.045874,50,2412.780779
-5.610996,50,2413.108431
-15.937422,50,2413.411486
-4.237164,50,2413.745235
-3.647296,50,2414.096051
-4.289848,50,2414.441312
-7.175656,50,2414.745478
-6.818191,50,2415.056773
-6.462358,50,2415.387528
-8.339836,50,2415.769645
-6.606994,50,2416.090165
-3.683776,50,2416.420711
-7.659691,50,2416.716998
-7.992879,50,2417.050322
-3.882191,50,2417.355429
-19.186807,50,2417.732582
-20.161631,50,2418.056336
-3.945922,50,2418.401699
-4.143624,50,2418.742053
-4.825908,50,2419.112612
-5.234832,50,2419.436185
-5.126961,50,2419.788834
-6.832755,50,2420.123284
-8.520566,50,2420.466794
-6.165232,50,2420.766843
-8.764383,50,2421.082663
-8.776937,50,2421.37666
-7.668793,50,2421.696956
-4.206042,50,2421.989628
-3.496658,50,2422.290428
-4.912275,50,2422.609912
-3.627765,50,2422.899813
-12.373777,50,2423.184645
-6.396112,50,2423.537813
-16.759879,50,2423.831381
-6.738489,50,2424.145176
-7.055133,50,2424.435587
-4.66121,50,2424.753676
-5.486914,50,2425.043199
-5.070087,50,2425.331955
-3.264451,50,2425.647026
-2.940108,50,2425.933702
-6.547974,50,2426.256243
-4.735202,50,2426.543632
-6.408663,50,2426.840344
-10.002008,50,2427.199206
-8.7168,50,2427.493264
-3.405031,50,2427.840672
-6.673689,50,2428.126575
-18.392085,50,2428.448222
-7.782641,50,2428.736531
-8.004512,50,2429.050416
-21.279064,50,2429.339901
-4.948254,50,2429.658535
-3.598408,50,2429.945583
-4.573362,50,2430.234334
-21.454409,50,2430.550747
-8.2885,50,2430.866261
-3.181353,50,2431.15477
-7.18407,50,2431.471629
-9.195275,50,2431.756185
-5.012622,50,2432.075101
-6.602329,50,2432.366927
-4.004539,50,2432.655309
-4.270242,50,2432.969568
-3.940791,50,2433.261207
-6.612428,50,2433.576485
-5.167806,50,2433.861393
-5.086028,50,2434.150239
-7.907798,50,2434.471099
-7.803271,50,2434.761748
-4.504312,50,2435.07708
-6.4447,50,2435.367895
-7.602737,50,2435.681045
-7.701862,50,2435.971905
-9.649965,50,2436.290193
-8.002327,50,2436.57928
-7.078473,50,2436.895493
-17.857582,50,2437.185782
-5.84496,50,2437.473979
-4.472183,50,2437.786047
-11.6986,50,2438.077301
-9.648182,50,2438.397451
-6.808963,50,2438.685299
-8.938125,50,2438.972419
-13.944325,50,2439.2916
-9.881402,50,2439.577674
-10.105935,50,2439.866195
-8.439026,50,2440.180563
-7.026503,50,2440.4738
-8.610221,50,2440.793504
-19.718213,50,2441.078071
-8.115343,50,2441.368276
-4.8128,50,2441.719513
-13.474076,50,2442.015076
-5.368826,50,2442.330146
-7.464488,50,2442.616696
-7.440353,50,2442.932411
-8.318108,50,2443.222886
-8.514461,50,2443.509245
-6.215275,50,2443.82189
-8.068441,50,2444.138334
-7.263947,50,2444.431116
-8.03185,50,2444.717825
-5.463101,50,2445.031539
-4.698254,50,2445.378738
-8.142013,50,2445.670311
-6.027567,50,2445.983994
-7.849827,50,2446.272654
-6.795456,50,2446.587297
-6.100791,50,2446.874326
-5.534169,50,2447.161864
-15.360384,50,2447.476332
-13.658463,50,2447.766459
-7.113326,50,2448.083279
-4.252287,50,2448.369768
-6.990259,50,2448.654944
-7.908483,50,2448.998189
-14.207035,50,2449.289319
-8.189679,50,2449.576717
-14.442814,50,2449.8882
-19.693345,50,2450.201652
-7.039964,50,2450.493911
-5.521916,50,2450.807174
-4.80953,50,2451.08993
-8.597337,50,2451.383458
-3.762544,50,2451.699072
-16.782633,50,2451.984991
-12.121988,50,2452.271749
-9.444378,50,2452.619408
-28.082697,50,2452.904573
-5.449206,50,2453.192138
-9.622539,50,2453.50635
-10.94593,50,2453.820976
-14.834991,50,2454.111723
-7.150045,50,2454.401196
-15.137465,50,2454.71544
-10.331164,50,2455.028602
-10.159556,50,2455.318365
-17.342968,50,2455.602732
-4.166224,50,2455.917063
-7.54244,50,2456.207092
-9.450196,50,2456.524061
-8.198848,50,2456.808266
-5.915369,50,2457.094907
-7.084386,50,2457.41584
-10.182244,50,2457.706697
-4.830632,50,2458.004197
-6.597933,50,2458.31964
-11.468393,50,2458.639096
-13.979108,50,2458.926299
-12.649685,50,2459.213875
-14.84309,50,2459.530641
-15.554695,50,2459.844754
-7.63833,50,2460.134726
-4.662768,50,2460.450547
-8.641075,50,2460.738247
-4.887107,50,2461.026739
-11.219785,50,2461.346529
-13.156286,50,2461.635449
-11.330713,50,2461.924272
-6.152001,50,2462.272169
-18.969417,50,2462.557508
-6.891978,50,2462.869788
-15.352059,50,2463.156372
-9.076039,50,2463.483484
-5.711707,50,2463.800916
-8.046057,50,2464.087904
-4.752838,50,2464.373482
-11.215447,50,2464.690173
-6.047914,50,2464.979956
-10.546942,50,2465.296341
-5.711244,50,2465.583203
-4.886076,50,2465.901594
-9.984238,50,2466.187919
-6.12291,50,2466.504102
-4.431796,50,2466.790608
-5.199417,50,2467.107889
-7.707493,50,2467.398987
-6.468657,50,2467.718201
-6.10665,50,2468.004721
-6.748686,50,2468.315136
-5.651298,50,2468.603984
-8.290889,50,2468.891007
-4.402786,50,2469.177751
-8.431577,50,2469.464302
-7.774136,50,2469.78194
-5.542942,50,2470.06916
-4.301663,50,2470.357852
-6.741188,50,2470.677197
-5.511978,50,2470.964776
-6.295146,50,2471.280196
-4.407725,50,2471.565818
-6.479609,50,2471.883558
-2.574945,50,2472.173176
-5.505054,50,2472.488577
-10.729341,50,2472.775952
-4.077908,50,2473.092855
-4.869389,50,2473.385535
-6.746985,50,2473.670037
-5.92472,50,2473.982445
-6.944574,50,2474.281976
-6.017433,50,2474.602355
-11.626929,50,2474.889937
-8.143101,50,2475.176563
-4.262792,50,2475.526139
-5.991175,50,2475.814758
-6.842921,50,2476.130238
-6.559996,50,2476.416742
-6.939326,50,2476.710529
-4.272938,50,2477.031289
-4.654532,50,2477.321899
-6.314759,50,2477.609063
-6.606697,50,2477.924619
-5.057961,50,2478.210006
-5.41491,50,2478.52561
-4.851468,50,2478.81282
-6.001401,50,2479.104586
-7.916917,50,2479.427255
-4.870525,50,2479.715804
-6.96148,50,2479.99883
-4.2536,50,2480.319183
-5.533148,50,2480.610564
-6.668995,50,2480.922464
-6.313315,50,2481.209392
-4.065391,50,2481.533514
-8.039065,50,2481.848264
-6.584848,50,2482.134676
-6.485473,50,2482.421642
-5.34207,50,2482.738742
-6.558407,50,2483.027007
-8.956348,50,2483.341066
-5.601441,50,2483.626744
-4.11046,50,2483.94595
-6.016695,50,2484.232416
-6.161292,50,2484.521108
-8.264889,50,2484.832598
-2.831613,50,2485.12542
-5.994154,50,2485.445619
-8.641149,50,2485.733814
-4.310111,50,2486.018251
-7.46661,50,2486.373147
-3.90118,50,2486.661093
-4.687624,50,2486.977308
-7.598848,50,2487.265866
-7.048205,50,2487.58376
-7.434986,50,2487.872224
-5.972479,50,2488.188858
-4.278742,50,2488.480902
-5.108945,50,2488.798031
-10.029326,50,2489.084848
-7.456862,50,2489.374367
-8.587946,50,2489.686911
-2.832331,50,2489.988815
-3.914592,50,2490.309111
-7.402231,50,2490.595768
-3.08366,50,2490.879912
-5.437786,50,2491.194673
-4.946109,50,2491.484356
-4.806988,50,2491.771685
-8.787841,50,2492.085573
-8.415448,50,2492.378919
-8.275002,50,2492.69442
-4.178641,50,2492.982201
-10.532629,50,2493.270432
-7.276426,50,2493.611579
-3.642217,50,2493.901737
-6.802387,50,2494.216601
-5.842848,50,2494.504697
-10.457127,50,2494.815949
-7.130246,50,2495.107053
-4.99515,50,2495.419152
-4.126784,50,2495.707678
-5.000182,50,2495.996904
-1.904287,50,2496.313351
-10.782801,50,2496.603687
-4.455827,50,2496.89069
-8.809281,50,2497.209697
-8.347285,50,2497.500447
-5.89534,50,2497.815747
-9.89463,50,2498.100073
-9.220814,50,2498.418782
-3.760834,50,2498.709999
-7.344984,50,2499.02372
-6.176951,50,2499.342779
-9.266518,50,2499.664385
-4.176632,50,2499.953778
-7.632752,50,2500.268145
-4.446684,50,2500.554396
-10.38632,50,2500.872212
-5.056658,50,2501.158487
-9.250155,50,2501.471502
-5.155287,50,2501.760781
-2.326066,50,2502.081297
-1.100831,50,2502.373872
-5.704752,50,2502.660545
-4.870418,50,2502.972637
-8.787851,50,2503.285217
-3.113191,50,2503.579079
-9.01219,50,2503.866049
-4.709599,50,2504.180635
-5.706295,50,2504.473623
-5.621923,50,2504.791266
-5.314364,50,2505.073822
-4.225703,50,2505.362408
-3.89821,50,2505.651394
-6.026882,50,2505.978743
-4.083715,50,2506.267537
-5.789509,50,2506.554912
-4.607452,50,2506.902924
-6.844492,50,2507.189857
-7.891204,50,2507.478537
-5.713989,50,2507.790917
-3.463675,50,2508.105431
-5.434861,50,2508.398398
-5.638844,50,2508.712601
-9.20774,50,2508.999407
-12.786916,50,2509.286786
-9.698712,50,2509.602707
-4.088391,50,2509.890887
-9.823029,50,2510.177551
-11.186132,50,2510.523566
-11.539819,50,2510.8128
-4.599109,50,2511.096788
-9.311155,50,2511.414756
-4.511015,50,2511.705505
-11.15324,50,2512.023336
-2.812402,50,2512.314067
-8.451605,50,2512.601459
-9.300807,50,2512.942954
-4.399454,50,2513.228734
-3.637408,50,2513.542534
-10.326202,50,2513.831275
-9.340172,50,2514.145463
-9.291137,50,2514.437568
-4.608124,50,2514.748719
-5.240743,50,2515.037458
-4.117887,50,2515.360594
-4.34385,50,2515.715769
-10.673575,50,2516.016043
-4.665411,50,2516.316679
-10.29512,50,2516.60925
-13.358286,50,2516.92879
-2.89249,50,2517.21102
-9.82746,50,2517.501024
-8.55733,50,2517.791344
-11.75489,50,2518.106507
-8.36871,50,2518.395666
-6.093166,50,2518.680185
-6.08006,50,2518.995856
-6.051306,50,2519.286548
-5.964618,50,2519.574421
-11.096542,50,2519.887253
-9.851673,50,2520.174565
-9.029672,50,2520.49623
-5.301489,50,2520.784141
-5.110633,50,2521.079963
-4.559064,50,2521.401564
-4.923987,50,2521.690992
-6.048229,50,2521.983637
-5.417648,50,2522.296139
-10.867454,50,2522.614295
-6.313767,50,2522.901347
-7.058792,50,2523.18927
-5.579394,50,2523.505952
-2.106037,50,2523.827092
-4.756063,50,2524.118749
-9.555491,50,2524.409031
-8.912736,50,2524.692745
-6.253521,50,2525.038851
-5.028933,50,2525.331506
-4.807499,50,2525.645418
-6.693021,50,2525.933938
-6.420096,50,2526.225271
-5.536911,50,2526.541704
-7.245311,50,2526.829876
-7.229694,50,2527.115707
-4.407563,50,2527.409729
-3.995873,50,2527.725902
-5.335092,50,2528.014253
-8.742113,50,2528.303773
-10.435488,50,2528.592671
-5.341203,50,2528.911739
-8.045911,50,2529.200124
-5.486904,50,2529.489926
-10.473685,50,2529.803086
-10.035311,50,2530.091727
-10.279797,50,2530.409514
-10.266493,50,2530.694214
-3.589662,50,2531.009002
-7.321579,50,2531.301322
-9.701931,50,2531.588769
-2.748496,50,2531.903963
-12.495638,50,2532.194795
-5.923534,50,2532.513269
-9.18632,50,2532.796502
-6.253433,50,2533.140304
-6.001554,50,2533.490952
-10.977922,50,2533.823033
-6.824911,50,2534.218111
-5.220049,50,2534.60357
-6.008186,50,2534.990087
-5.204507,50,2535.381464
-6.649824,50,2535.733829
-2.210005,50,2536.16854
-4.369466,50,2536.501539
-5.804659,50,2536.853951
-4.284107,50,2537.154106
-8.182919,50,2537.444774
-2.555668,50,2537.880002
-6.225124,50,2538.232307
-8.458963,50,2538.632052
-5.422917,50,2538.96071
-6.722264,50,2539.291248
-4.885794,50,2539.592467
-6.849427,50,2539.930548
-3.462315,50,2540.278151
-2.290175,50,2540.642434
-5.239694,50,2540.964074
-6.064089,50,2541.313212
-5.385979,50,2541.629704
-3.266658,50,2541.978856
-5.30444,50,2542.295709
-5.831538,50,2542.581795
-3.93967,50,2542.894036
-4.839716,50,2543.217
-6.525439,50,2543.51265
-6.365009,50,2543.816749
-8.453729,50,2544.108966
-5.203276,50,2544.465405
-6.42368,50,2544.763111
-4.269364,50,2545.074014
-9.63251,50,2545.403132
-6.576703,50,2545.7262
-6.863617,50,2546.04001
-4.454028,50,2546.384432
-8.117011,50,2546.678838
-7.122346,50,2547.011892
-4.991516,50,2547.315127
-9.592691,50,2547.646709
-3.333626,50,2547.946513
-6.207831,50,2548.288898
-5.338644,50,2548.595428
-5.626022,50,2548.910379
-5.37433,50,2549.207373
-8.28414,50,2549.547137
-6.193933,50,2549.846566
-8.367097,50,2550.165908
-3.978699,50,2550.462357
-7.278829,50,2550.813125
-3.293993,50,2551.133532
-3.458626,50,2551.499648
-4.888492,50,2551.81019
-7.0168,50,2552.13286
-9.334906,50,2552.429358
-5.972085,50,2552.757267
-4.469526,50,2553.065712
-3.121871,50,2553.422475
-7.014683,50,2553.724647
-7.410859,50,2554.051437
-4.540458,50,2554.36893
-6.57671,50,2554.741594
-7.50832,50,2555.041069
-5.131569,50,2555.329829
-8.416357,50,2555.644991
-3.030073,50,2555.93643
-5.567542,50,2556.285696
-4.161553,50,2556.586161
-6.984842,50,2556.889174
-5.434077,50,2557.276591
-4.353793,50,2557.585095
-4.728405,50,2557.918085
-5.444316,50,2558.214192
-4.824081,50,2558.589553
-7.553459,50,2558.904144
-5.657639,50,2559.255287
-4.286113,50,2559.619145
-8.089528,50,2559.980613
-8.312951,50,2560.346583
-8.969828,50,2560.693569
-9.546421,50,2561.045525
-5.826899,50,2561.418878
-6.169733,50,2561.731666
-3.548736,50,2562.068337
-6.945864,50,2562.36448
-5.713256,50,2562.68478
-6.063588,50,2563.045475
-7.038468,50,2563.376978
-7.130121,50,2563.670449
-7.223005,50,2563.987854
-7.487826,50,2564.280813
-10.006669,50,2564.606629
-5.154739,50,2564.896085
-6.238699,50,2565.244895
-6.24773,50,2565.570974
-4.759665,50,2565.900208
-5.49153,50,2566.193997
-4.513801,50,2566.526829
-4.64602,50,2566.87822
-6.954679,50,2567.238843
-4.171424,50,2567.618867
-6.990315,50,2567.997317
-4.471735,50,2568.308163
-5.724398,50,2568.673332
-10.616786,50,2569.009795
-3.560055,50,2569.383462
-6.777366,50,2569.745108
-5.570163,50,2570.067544
-6.908202,50,2570.408977
-6.69465,50,2570.743073
-4.153938,50,2571.032314
-3.181699,50,2571.353361
-4.261099,50,2571.662178
-5.638126,50,2572.008816
-4.214789,50,2572.328013
-6.284874,50,2572.624021
-5.484176,50,2572.947601
-3.78444,50,2573.304942
-3.305509,50,2573.658878
-6.494165,50,2573.982096
-2.895557,50,2574.275653
-4.279805,50,2574.601285
-10.592623,50,2574.905129
-4.150416,50,2575.23129
-5.53817,50,2575.5243
-7.016279,50,2575.847354
-7.49849,50,2576.144659
-3.902554,50,2576.46039
-6.63393,50,2576.748248
-5.330498,50,2577.10138
-7.012094,50,2577.393085
-7.254333,50,2577.682051
-4.15561,50,2578.001592
-6.015523,50,2578.320412
-3.217393,50,2578.610299
-6.821317,50,2578.90836
-9.595501,50,2579.21646
-5.402467,50,2579.534364
-6.461179,50,2579.827094
-7.086947,50,2580.115275
-7.106276,50,2580.427966
-3.602388,50,2580.721544
-6.829944,50,2581.039822
-9.924561,50,2581.329127
-6.31266,50,2581.656161
-4.540451,50,2581.982938
-6.948702,50,2582.307659
-7.62533,50,2582.626005
-7.52983,50,2582.917686
-4.902525,50,2583.20798
-5.508296,50,2583.544348
-3.615503,50,2583.832807
-10.763588,50,2584.124543
-6.987882,50,2584.473738
-7.016881,50,2584.765752
-4.630428,50,2585.056592
-6.329668,50,2585.3737
-6.550628,50,2585.69317
-4.684396,50,2585.986872
-7.767424,50,2586.303111
-3.403057,50,2586.591742
-4.445537,50,2586.886605
-3.330117,50,2587.203922
-4.634542,50,2587.49275
-9.143091,50,2587.779914
-4.145657,50,2588.070148
-4.363971,50,2588.389627
-4.790745,50,2588.677778
-5.04652,50,2588.968393
-5.507756,50,2589.312834
-5.437892,50,2589.604399
-5.280862,50,2589.896133
-5.644611,50,2590.212335
-5.106464,50,2590.526128
-2.381316,50,2590.813877
-5.122883,50,2591.10453
-7.992416,50,2591.418666
-4.631026,50,2591.712059
-6.529311,50,2592.029502
-1.141301,50,2592.317305
-4.619114,50,2592.60322
-4.421001,50,2592.922638
-4.848104,50,2593.213904
-3.569244,50,2593.502232
-4.206442,50,2593.815746
-4.351766,50,2594.106639
-2.209961,50,2594.426302
-6.833418,50,2594.714998
-3.326339,50,2595.008855
-1.444303,50,2595.355905
-7.028588,50,2595.646619
-6.326101,50,2595.938915
-5.215099,50,2596.252892
-6.679126,50,2596.546135
-6.112211,50,2596.870056
-7.005026,50,2597.155799
-6.765757,50,2597.443606
-4.835337,50,2597.789868
-3.903246,50,2598.083489
-2.130221,50,2598.393483
-4.778656,50,2598.680932
-4.262377,50,2599.010731
-5.636434,50,2599.301319
-5.891263,50,2599.614502
-7.302855,50,2599.90406
-4.526749,50,2600.218616
-2.899676,50,2600.507937
-4.649186,50,2600.819749
-4.097266,50,2601.107785
-6.744106,50,2601.425948
-3.434812,50,2601.714812
-6.8569,50,2602.032824
-6.673126,50,2602.317024
-5.637464,50,2602.629987
-4.182766,50,2602.949782
-5.823715,50,2603.267239
-7.166118,50,2603.555815
-5.710018,50,2603.878283
-5.523467,50,2604.169247
-4.615231,50,2604.454917
-3.284012,50,2604.768537
-2.6855,50,2605.087904
-4.233976,50,2605.373899
-4.48888,50,2605.6868
-3.023699,50,2605.977056
-4.714027,50,2606.291498
-3.966409,50,2606.581563
-2.451177,50,2606.868981
-4.72465,50,2607.183019
-4.728654,50,2607.470134
-3.853488,50,2607.787787
-4.661281,50,2608.076096
-4.609353,50,2608.361958
-7.342352,50,2608.678691
-6.647244,50,2608.972462
-4.694103,50,2609.286165
-5.896043,50,2609.5703
-2.765456,50,2609.890097
-4.172244,50,2610.179799
-8.538175,50,2610.492131
-3.647038,50,2610.777801
-4.354587,50,2611.069823
-5.635201,50,2611.389975
-3.863677,50,2611.673023
-5.346338,50,2611.964286
-4.767794,50,2612.25353
-7.290389,50,2612.567251
-6.318466,50,2612.852784
-4.092695,50,2613.137774
-6.213245,50,2613.482021
-4.029712,50,2613.770764
-4.000778,50,2614.08467
-6.647198,50,2614.3712
-6.520293,50,2614.695132
-2.654971,50,2614.987913
-2.631891,50,2615.271209
-2.879384,50,2615.58356
-2.975906,50,2615.901525
-4.662575,50,2616.190787
-5.574199,50,2616.503212
-3.879585,50,2616.789323
-3.038217,50,2617.14103
-4.408213,50,2617.428245
-6.092966,50,2617.736806
-5.492984,50,2618.019539
-6.630303,50,2618.332906
-8.069562,50,2618.621842
-4.052146,50,2618.96185
-5.973033,50,2619.28275
-2.601272,50,2619.599082
-7.455416,50,2619.886428
-4.224041,50,2620.204188
-2.552072,50,2620.489302
-5.233057,50,2620.80603
-2.010978,50,2621.092259
-3.634804,50,2621.379439
-6.043916,50,2621.692785
-4.748327,50,2622.023778
-3.274244,50,2622.323128
-3.131217,50,2622.636886
-6.676657,50,2622.922654
-7.769377,50,2623.241798
-5.737779,50,2623.530531
-3.333836,50,2623.842128
-4.075738,50,2624.129628
-6.989854,50,2624.452736
-8.264682,50,2624.741447
-4.199514,50,2625.050752
-3.983931,50,2625.336022
-4.524304,50,2625.651499
-2.461346,50,2625.941035
-7.268259,50,2626.250129
-3.78215,50,2626.534578
-7.651093,50,2626.849303
-6.711149,50,2627.140424
-7.319222,50,2627.426671
-4.836013,50,2627.740161
-5.697362,50,2628.061219
-4.508133,50,2628.345058
-8.954341,50,2628.658641
-3.162826,50,2628.946481
-8.188361,50,2629.262727
-3.596021,50,2629.552307
-8.737956,50,2629.866637
-7.502348,50,2630.165449
-8.207204,50,2630.510178
-6.742846,50,2630.796067
-3.409176,50,2631.109202
-3.885039,50,2631.395233
-4.11082,50,2631.68514
-6.294194,50,2632.002309
-3.866626,50,2632.287607
-3.754954,50,2632.570726
-1.943402,50,2632.916775
-6.557215,50,2633.207533
-7.456762,50,2633.492631
-5.483303,50,2633.804347
-3.17337,50,2634.123418
-10.182787,50,2634.408168
-9.904809,50,2634.719216
-7.725542,50,2635.007733
-3.395337,50,2635.324236
-5.637992,50,2635.612033
-5.69952,50,2635.924219
-6.559509,50,2636.211792
-9.176721,50,2636.526018
-2.992172,50,2636.814846
-3.530813,50,2637.131839
-6.802412,50,2637.417485
-2.622965,50,2637.7313
-8.092772,50,2638.051026
-1.649666,50,2638.364971
-15.865768,50,2638.648216
-2.763953,50,2638.969554
-1.471744,50,2639.259089
-5.071358,50,2639.54453
-7.292884,50,2639.857495
-8.113934,50,2640.173602
-4.330464,50,2640.505533
-3.127748,50,2640.818413
-5.589876,50,2641.105871
-10.037294,50,2641.422476
-8.616872,50,2641.707588
-7.670964,50,2641.99549
-6.588021,50,2642.308065
-3.720948,50,2642.598049
-7.33438,50,2642.916765
-2.249917,50,2643.201915
-3.675255,50,2643.488348
-3.984526,50,2643.83057
-2.032352,50,2644.124037
-2.13242,50,2644.409996
-3.306549,50,2644.722611
-2.178278,50,2645.010874
-6.352111,50,2645.329329
-3.065971,50,2645.615249
-4.515386,50,2645.901035
-10.619861,50,2646.229514
-3.939523,50,2646.516044
-9.640069,50,2646.823902
-1.385765,50,2647.112312
-2.333739,50,2647.399463
-7.638916,50,2647.721353
-4.554614,50,2648.008738
-5.844346,50,2648.291015
-7.884192,50,2648.607362
-4.444225,50,2648.895704
-6.459175,50,2649.184708
-5.233902,50,2649.495444
-2.742794,50,2649.783122
-6.580035,50,2650.095451
-5.818317,50,2650.381416
-2.97583,50,2650.667141
-11.567641,50,2651.00916
-6.03805,50,2651.2987
-4.543417,50,2651.61119
-4.870005,50,2651.892919
-6.013063,50,2652.210887
-2.585137,50,2652.498661
-5.112152,50,2652.784321
-8.357232,50,2653.099531
-9.240492,50,2653.385349
-6.137715,50,2653.702405
-11.72204,50,2653.993001
-5.338057,50,2654.280332
-6.847832,50,2654.595961
-11.193771,50,2654.884668
-3.596189,50,2655.200674
-4.341615,50,2655.486546
-4.713155,50,2655.795578
-4.868019,50,2656.082559
-5.182128,50,2656.369715
-5.440884,50,2656.683808
-4.2353,50,2657.002434
-5.190411,50,2657.290847
-8.796578,50,2657.574579
-3.586498,50,2657.886079
-6.729893,50,2658.209169
-6.220673,50,2658.523696
-2.640164,50,2658.809177
-3.958931,50,2659.098778
-5.245665,50,2659.416604
-4.064995,50,2659.732756
-5.405657,50,2660.020406
-8.068987,50,2660.304459
-5.837209,50,2660.619688
-5.90334,50,2660.909169
-6.407829,50,2661.196903
-10.591897,50,2661.504624
-3.089219,50,2661.819967
-2.63267,50,2662.110788
-4.685085,50,2662.43392
-5.172972,50,2662.720988
-5.169406,50,2663.040179
-8.106422,50,2663.329815
-8.341575,50,2663.615187
-6.114052,50,2663.928556
-4.707543,50,2664.249631
-6.482274,50,2664.539157
-5.455968,50,2664.823013
-6.45918,50,2665.138071
-5.0866,50,2665.427187
-4.290474,50,2665.742975
-7.204756,50,2666.031797
-4.944823,50,2666.313262
-6.477401,50,2666.601402
-4.917092,50,2666.921063
-6.994102,50,2667.209649
-2.179854,50,2667.491102
-7.537089,50,2667.780991
-5.191804,50,2668.100482
-7.736739,50,2668.386283
-4.891452,50,2668.671577
-5.525295,50,2668.989195
-3.355533,50,2669.276039
-7.635697,50,2669.58324
-2.53511,50,2669.873224
-5.350927,50,2670.167736
-7.625273,50,2670.482441
-6.379161,50,2670.765139
-3.930221,50,2671.08372
-4.369188,50,2671.397433
-7.894016,50,2671.686806
-6.941749,50,2672.003822
-6.907981,50,2672.29053
-6.828221,50,2672.580687
-5.737821,50,2672.89713
-3.220083,50,2673.183238
-5.486193,50,2673.46778
-4.537123,50,2673.810761
-5.696094,50,2674.100265
-7.353914,50,2674.385654
-2.134458,50,2674.700182
-1.763092,50,2675.016394
-8.495977,50,2675.304549
-8.412485,50,2675.617062
-3.867618,50,2675.903329
-8.454616,50,2676.217927
-2.712476,50,2676.503856
-4.81513,50,2676.818382
-3.53086,50,2677.138225
-5.718428,50,2677.449126
-6.896286,50,2677.73863
-8.53203,50,2678.028312
-6.361847,50,2678.351829
-3.190487,50,2678.665843
-7.907425,50,2678.95482
-5.623546,50,2679.236858
-8.607738,50,2679.54756
-3.590985,50,2679.835739
-5.607752,50,2680.153571
-6.96899,50,2680.439564
-9.462747,50,2680.725476
-2.775411,50,2681.073203
-4.318061,50,2681.361308
-4.712841,50,2681.645047
-7.77729,50,2681.958027
-4.186473,50,2682.249099
-3.098394,50,2682.568895
-7.098158,50,2682.854995
-8.757901,50,2683.141023
-7.215682,50,2683.453126
-7.501966,50,2683.742196
-3.646678,50,2684.054484
-4.861468,50,2684.340433
-4.403718,50,2684.657593
-9.279294,50,2684.946905
-3.103467,50,2685.259027
-5.757418,50,2685.541473
-6.073222,50,2685.856246
-5.241718,50,2686.148815
-4.367604,50,2686.436468
-6.195213,50,2686.75065
-6.634607,50,2687.068765
-6.620407,50,2687.357043
-7.235951,50,2687.669727
-6.283586,50,2687.956734
-7.428622,50,2688.272508
-6.135396,50,2688.560933
-5.033109,50,2688.873856
-7.522379,50,2689.160799
-7.825541,50,2689.447311
-4.041879,50,2689.768342
-4.448341,50,2690.056993
-7.356405,50,2690.342553
-3.3775,50,2690.686988
-4.226036,50,2690.977906
-6.403042,50,2691.2597
-7.543314,50,2691.572344
-4.820101,50,2691.86072
-6.037439,50,2692.173832
-7.833602,50,2692.460801
-7.86835,50,2692.741442
-5.856432,50,2693.035954
-6.287578,50,2693.364394
-4.959468,50,2693.6491
-4.760003,50,2693.935697
-6.491069,50,2694.254456
-3.290681,50,2694.543419
-2.731946,50,2694.85594
-5.59491,50,2695.140522
-6.687004,50,2695.453594
-6.651798,50,2695.74169
-5.964838,50,2696.029358
-7.647558,50,2696.341285
-4.069849,50,2696.656643
-5.345396,50,2696.94781
-6.413746,50,2697.262031
-7.091262,50,2697.545593
-6.038537,50,2697.836536
-2.719565,50,2698.185055
-6.587636,50,2698.471727
-7.710034,50,2698.757672
-5.709288,50,2699.048782
-8.64863,50,2699.363949
-6.791321,50,2699.647003
-2.983841,50,2699.934522
-2.716205,50,2700.275018
-2.402591,50,2700.564717
-7.756624,50,2700.849925
-5.981044,50,2701.160807
-3.639125,50,2701.447379
-6.14977,50,2701.768285
-3.774581,50,2702.057881
-6.379283,50,2702.344721
-3.662091,50,2702.660194
-6.827826,50,2702.951014
-7.648137,50,2703.236918
-5.9102,50,2703.547993
-6.606925,50,2703.837083
-4.071177,50,2704.161259
-6.357339,50,2704.448275
-3.305491,50,2704.731784
-6.075892,50,2705.025965
-4.56683,50,2705.344249
-7.364409,50,2705.632213
-5.319842,50,2705.918243
-4.426666,50,2706.264265
-4.183634,50,2706.55322
-6.175988,50,2706.864173
-4.401619,50,2707.14979
-4.878017,50,2707.464958
-7.660508,50,2707.75193
-4.843954,50,2708.042296
-5.5643,50,2708.354098
-2.827404,50,2708.638267
-8.135467,50,2708.959629
-7.693398,50,2709.241155
-4.262036,50,2709.535975
-6.250786,50,2709.850057
-6.086963,50,2710.13993
-5.96236,50,2710.455197
-5.894133,50,2710.738978
-6.439704,50,2711.026637
-5.479502,50,2711.339072
-6.055084,50,2711.625371
-5.953889,50,2711.910469
-5.362552,50,2712.255529
-5.944807,50,2712.543805
-6.261102,50,2712.854432
-5.98675,50,2713.138849
-3.726624,50,2713.452288
-6.155762,50,2713.741643
-5.564818,50,2714.028855
-4.960707,50,2714.339077
-3.227685,50,2714.626236
-3.887496,50,2714.947241
-5.712381,50,2715.230805
-5.451023,50,2715.51722
-6.100743,50,2715.860866
-5.249684,50,2716.152086
-4.896902,50,2716.438402
-5.776379,50,2716.751116
-4.701287,50,2717.069408
-2.679879,50,2717.354206
-4.618694,50,2717.665914
-5.976321,50,2717.979467
-4.553353,50,2718.272333
-5.472456,50,2718.590896
-6.03953,50,2718.877449
-5.871431,50,2719.165586
-6.43968,50,2719.506734
-5.472038,50,2719.794649
-3.106443,50,2720.080279
-6.114051,50,2720.391605
-3.094937,50,2720.705938
-4.790076,50,2720.99523
-4.243007,50,2721.281937
-3.428734,50,2721.59347
-5.732603,50,2721.904173
-4.317309,50,2722.190811
-6.798918,50,2722.476383
-5.99501,50,2722.784903
-5.903998,50,2723.074534
-4.200159,50,2723.390056
-6.966296,50,2723.671518
-6.774883,50,2723.958598
-6.308775,50,2724.300891
-7.076977,50,2724.588726
-5.792233,50,2724.902084
-7.213275,50,2725.191839
-6.473818,50,2725.491399
-2.309824,50,2725.808101
-5.56032,50,2726.092529
-5.420652,50,2726.378782
-7.963675,50,2726.724906
-5.531482,50,2727.016373
-2.467017,50,2727.302986
-4.77361,50,2727.616364
-3.330362,50,2727.902141
-1.96552,50,2728.217351
-4.704695,50,2728.503707
-4.366694,50,2728.790029
-3.64325,50,2729.079148
-4.738422,50,2729.398499
-6.072759,50,2729.684277
-6.584666,50,2729.972146
-3.44433,50,2730.262821
-2.554412,50,2730.581393
-5.570675,50,2730.863853
-3.805808,50,2731.152197
-5.797639,50,2731.469078
-7.792506,50,2731.757974
-2.175252,50,2732.069009
-4.053173,50,2732.356549
-6.929726,50,2732.671802
-5.997076,50,2732.956174
-4.878776,50,2733.242547
-2.519597,50,2733.548962
-3.867112,50,2733.865538
-6.614326,50,2734.155569
-3.05044,50,2734.464379
-6.680101,50,2734.751488
-6.705487,50,2735.070532
-5.63494,50,2735.359181
-2.72676,50,2735.645576
-1.905713,50,2735.95524
-3.368221,50,2736.269137
-6.27602,50,2736.55716
-5.823575,50,2736.843322
-3.476955,50,2737.15649
-5.037752,50,2737.444705
-7.66954,50,2737.761474
-5.438257,50,2738.047528
-5.545398,50,2738.334651
-6.048596,50,2738.651365
-3.947818,50,2738.971039
-5.904195,50,2739.286487
-7.554762,50,2739.571263
-3.511315,50,2739.884662
-3.129201,50,2740.171988
-4.805622,50,2740.48349
-3.296763,50,2740.769284
-4.432791,50,2741.064853
-5.242457,50,2741.382247
-6.247698,50,2741.677428
-5.14902,50,2741.966509
-6.212783,50,2742.2795
-1.858611,50,2742.567152
-3.05299,50,2742.87183
-6.300696,50,2743.16083
-6.041604,50,2743.446273
-5.470615,50,2743.760563
-6.822319,50,2744.049511
-2.770603,50,2744.334516
-2.227894,50,2744.623484
-3.534303,50,2744.94287
-7.157569,50,2745.225543
-4.772302,50,2745.51168
-3.637936,50,2745.799638
-6.331818,50,2746.120301
-6.627795,50,2746.40483
-2.836496,50,2746.689477
-5.197782,50,2747.041223
-3.360425,50,2747.328397
-4.172736,50,2747.615865
-6.694801,50,2747.929483
-6.894916,50,2748.24588
-6.8871,50,2748.533427
-6.285592,50,2748.818
-4.343495,50,2749.131614
-2.374226,50,2749.420963
-2.800242,50,2749.735407
-4.003776,50,2750.02296
-3.517762,50,2750.303799
-6.211705,50,2750.646974
-3.82518,50,2750.937481
-4.890068,50,2751.251945
-3.315925,50,2751.537817
-7.340042,50,2751.826987
-7.45598,50,2752.147771
-3.349848,50,2752.430974
-6.788128,50,2752.71557
-1.951527,50,2753.008276
-2.432431,50,2753.326399
-7.156444,50,2753.611819
-6.504783,50,2753.893221
-4.678592,50,2754.185236
-7.341291,50,2754.503715
-6.343763,50,2754.789438
-1.976392,50,2755.07598
-5.190176,50,2755.427958
-5.360829,50,2755.715332
-6.477027,50,2756.027837
-4.660256,50,2756.310617
-5.215264,50,2756.599115
-4.626248,50,2756.916147
-4.788649,50,2757.204718
-7.587216,50,2757.489923
-3.93578,50,2757.812554
-3.575044,50,2758.100365
-2.993125,50,2758.412095
-4.289552,50,2758.698256
-1.753833,50,2759.04452
-6.421635,50,2759.337213
-5.916834,50,2759.648499
-6.119553,50,2759.936274
-6.063326,50,2760.254033
-5.596656,50,2760.584301
-4.912107,50,2760.893793
-3.883694,50,2761.180666
-4.123233,50,2761.494098
-2.329911,50,2761.77814
-3.270265,50,2762.067031
-5.970193,50,2762.378216
-4.63832,50,2762.693114
-5.032472,50,2762.982089
-4.768055,50,2763.264161
-3.638338,50,2763.577201
-3.26332,50,2763.865958
-3.326068,50,2764.183645
-7.41529,50,2764.468726
-4.352092,50,2764.751575
-3.833834,50,2765.072711
-6.058098,50,2765.361675
-4.320643,50,2765.647452
-6.821936,50,2765.961304
-6.699245,50,2766.274816
-4.188553,50,2766.560455
-3.882881,50,2766.866322
-4.000384,50,2767.153669
-3.810941,50,2767.471026
-7.561997,50,2767.761576
-3.62343,50,2768.049805
-3.326102,50,2768.359724
-7.367276,50,2768.674334
-4.144948,50,2768.963275
-3.444444,50,2769.27506
-3.43756,50,2769.561306
-5.452004,50,2769.875863
-3.339831,50,2770.16681
-4.663217,50,2770.449603
-4.173447,50,2770.762368
-2.866442,50,2771.08034
-2.781861,50,2771.369199
-3.687119,50,2771.666039
-3.975062,50,2771.964696
-4.437382,50,2772.280905
-3.075377,50,2772.567344
-4.717978,50,2772.8509
-3.482767,50,2773.165076
-6.028485,50,2773.462336
-5.879645,50,2773.780876
-6.47389,50,2774.070635
-4.245275,50,2774.356714
-4.402425,50,2774.672783
-4.92722,50,2774.959107
-4.38063,50,2775.244872
-4.754289,50,2775.557325
-7.518269,50,2775.873818
-3.61283,50,2776.164406
-3.901727,50,2776.476144
-3.326583,50,2776.762155
-9.242817,50,2777.080498
-3.390139,50,2777.368628
-3.241071,50,2777.682946
-3.785562,50,2777.971268
-3.545023,50,2778.261053
-2.414584,50,2778.574753
-6.877216,50,2778.857404
-4.401884,50,2779.178222
-6.082252,50,2779.498801
-5.060686,50,2779.813923
-3.113749,50,2780.102121
-6.465703,50,2780.388012
-6.623904,50,2780.731184
-3.83958,50,2781.021694
-2.807948,50,2781.305881
-4.255035,50,2781.622129
-5.083628,50,2781.942692
-8.685044,50,2782.2334
-5.787036,50,2782.517985
-7.925287,50,2782.830267
-6.287826,50,2783.146569
-1.983233,50,2783.436274
-4.311017,50,2783.749206
-3.99363,50,2784.035105
-4.292715,50,2784.35036
-5.157842,50,2784.639501
-6.49897,50,2784.925826
-4.711642,50,2785.237032
-8.492802,50,2785.553358
-2.936467,50,2785.839068
-4.17979,50,2786.153201
-8.172917,50,2786.438954
-4.146288,50,2786.756363
-5.02326,50,2787.045979
-6.169441,50,2787.329127
-5.818715,50,2787.633688
-5.727626,50,2787.920607
-7.094652,50,2788.233688
-2.337797,50,2788.517706
-4.615148,50,2788.798015
-8.324742,50,2789.152863
-11.806285,50,2789.44027
-7.937952,50,2789.785503
-6.884138,50,2790.10875
-4.412816,50,2790.427715
-4.266479,50,2790.714669
-6.409248,50,2791.032901
-3.607491,50,2791.318904
-5.058207,50,2791.666146
-5.161794,50,2791.959121
-1.891664,50,2792.272074
-4.671871,50,2792.557986
-8.31614,50,2792.873596
-4.755092,50,2793.162638
-3.474498,50,2793.478862
-4.769324,50,2793.763297
-7.781179,50,2794.056066
-3.802917,50,2794.373613
-5.085312,50,2794.661048
-3.870891,50,2794.960579
-5.392875,50,2795.315864
-6.326162,50,2795.614092
-4.331011,50,2795.930761
-2.734795,50,2796.218049
-5.935266,50,2796.539201
-4.215848,50,2796.825782
-4.426402,50,2797.112277
-2.978311,50,2797.425923
-3.698378,50,2797.742279
-4.525353,50,2798.032967
-5.918479,50,2798.345709
-5.090166,50,2798.63008
-3.512763,50,2798.950404
-6.240277,50,2799.238221
-1.820646,50,2799.525054
-3.688909,50,2799.838526
-7.764318,50,2800.151953
-5.058144,50,2800.436448
-5.781112,50,2800.74936
-6.392266,50,2801.039711
-3.970984,50,2801.329741
-2.47235,50,2801.641523
-5.284525,50,2801.928192
-3.396452,50,2802.215056
-5.12869,50,2802.504254
-7.267008,50,2802.826543
-3.507903,50,2803.113885
-5.642422,50,2803.396674
-6.805979,50,2803.712241
-4.77581,50,2804.002991
-6.246063,50,2804.299544
-4.661538,50,2804.610807
-6.90962,50,2804.931016
-6.975427,50,2805.218955
-4.860523,50,2805.527966
-4.555961,50,2805.81413
-4.318511,50,2806.12862
-4.476514,50,2806.421421
-3.747088,50,2806.780546
-4.885443,50,2807.125142
-5.323859,50,2807.547865
-1.774135,50,2807.959135
-4.380107,50,2808.286729
-6.941955,50,2808.671404
-5.91361,50,2809.009265
-1.873353,50,2809.336654
-3.564006,50,2809.72838
-7.094795,50,2810.027627
-4.559817,50,2810.360121
-5.965622,50,2810.677039
-4.923963,50,2811.080123
-1.991072,50,2811.40573
-6.319002,50,2811.761261
-4.122303,50,2812.083922
-5.342752,50,2812.430334
-5.755144,50,2812.723635
-5.766569,50,2813.025556
-3.340918,50,2813.369068
-5.98407,50,2813.666769
-4.59899,50,2813.963451
-3.089846,50,2814.345286
-3.105571,50,2814.64836
-7.703838,50,2815.027602
-5.921988,50,2815.353685
-4.557854,50,2815.687324
-3.34768,50,2815.983822
-3.241339,50,2816.292581
-3.824377,50,2816.590329
-5.334376,50,2816.910543
-9.858389,50,2817.199616
-4.947012,50,2817.574079
-4.864447,50,2817.894212
-4.881014,50,2818.239724
-5.033119,50,2818.572227
-4.472273,50,2818.895318
-10.857412,50,2819.195667
-6.027687,50,2819.600293
-3.397882,50,2819.921474
-4.814161,50,2820.274913
-4.553249,50,2820.620315
-1.47703,50,2821.054343
-7.841291,50,2821.403518
-5.044902,50,2821.702068
-4.992328,50,2822.000494
-3.974722,50,2822.329504
-2.974731,50,2822.672813
-4.837134,50,2823.025176
-5.457457,50,2823.325533
-3.990019,50,2823.678547
-5.69304,50,2823.973312
-6.341906,50,2824.285329
-7.230248,50,2824.572434
-3.491206,50,2824.919002
-2.732755,50,2825.212131
-6.790121,50,2825.526546
-5.878102,50,2825.81705
-2.835802,50,2826.129671
-5.845781,50,2826.419561
-5.309456,50,2826.704625
-6.091423,50,2827.01694
-6.520999,50,2827.306308
-7.158638,50,2827.627639
-6.257507,50,2827.915375
-1.043241,50,2828.202117
-2.008155,50,2828.490744
-4.791866,50,2828.820614
-4.413508,50,2829.144394
-7.132354,50,2829.427559
-7.000335,50,2829.817078
-4.632427,50,2830.107766
-3.427554,50,2830.42104
-4.816478,50,2830.708279
-2.823319,50,2831.055107
-3.189074,50,2831.342728
-5.226139,50,2831.660016
-7.321598,50,2831.948226
-3.861782,50,2832.266934
-3.827887,50,2832.559654
-3.567466,50,2832.873424
-3.603334,50,2833.15512
-6.420849,50,2833.444345
-3.268602,50,2833.767377
-5.98619,50,2834.055343
-5.060938,50,2834.341643
-3.603523,50,2834.689649
-6.514316,50,2834.977663
-2.758963,50,2835.283599
-2.815142,50,2835.571195
-2.671265,50,2835.921143
-5.752153,50,2836.208227
-4.85279,50,2836.531323
-5.15043,50,2836.821963
-3.010816,50,2837.13518
-5.332395,50,2837.422605
-4.490323,50,2837.736346
-2.775719,50,2838.019853
-4.779261,50,2838.335557
-4.22445,50,2838.62773
-7.591704,50,2838.914512
-7.064606,50,2839.227572
-6.706957,50,2839.516706
-2.920162,50,2839.832534
-3.542921,50,2840.114826
-4.714854,50,2840.402307
-3.059845,50,2840.752925
-7.081853,50,2841.042317
-3.189791,50,2841.35584
-6.517776,50,2841.644071
-5.122544,50,2841.987682
-5.943287,50,2842.27759
-2.063741,50,2842.592993
-4.687095,50,2842.876956
-5.37325,50,2843.19928
-4.525352,50,2843.487185
-4.00599,50,2843.776235
-3.58873,50,2844.086105
-3.578076,50,2844.404711
-4.33856,50,2844.69608
-4.130448,50,2845.009542
-8.548724,50,2845.291457
-4.133901,50,2845.609102
-3.811377,50,2845.897873
-3.856985,50,2846.20974
-5.881912,50,2846.49713
-4.38064,50,2846.816547
-7.043845,50,2847.102879
-2.305125,50,2847.41774
-5.816519,50,2847.706467
-3.736431,50,2848.02303
-4.652017,50,2848.311945
-6.134772,50,2848.621923
-2.951455,50,2848.907741
-4.782439,50,2849.252011
-3.85984,50,2849.53863
-5.38637,50,2849.854517
-8.011082,50,2850.1411
-6.80679,50,2850.457068
-3.897395,50,2850.750955
-3.398389,50,2851.06233
-4.663398,50,2851.345983
-4.684804,50,2851.700648
-6.617786,50,2851.987266
-8.536684,50,2852.273286
-3.891099,50,2852.58739
-3.027964,50,2852.909112
-5.470086,50,2853.196733
-3.031329,50,2853.510691
-5.209177,50,2853.799239
-2.50891,50,2854.115736
-7.7663,50,2854.400572
-6.374121,50,2854.714059
-5.530871,50,2855.000179
-4.476074,50,2855.315284
-4.666267,50,2855.607331
-4.967132,50,2855.919772
-6.101982,50,2856.202591
-4.710281,50,2856.556404
-6.139114,50,2856.842751
-5.395865,50,2857.153951
-4.313246,50,2857.439913
-3.682366,50,2857.761526
-3.882315,50,2858.049753
-5.287937,50,2858.364085
-4.430949,50,2858.648512
-4.463822,50,2858.968596
-7.043495,50,2859.253246
-3.773866,50,2859.569589
-1.255716,50,2859.857883
-3.318598,50,2860.14552
-5.027703,50,2860.45791
-4.65313,50,2860.743934
-6.165578,50,2861.030377
-4.071615,50,2861.370918
-6.113717,50,2861.663947
-7.142347,50,2861.982538
-5.529707,50,2862.268614
-2.916969,50,2862.587128
-4.904486,50,2862.876821
-5.071732,50,2863.159874
-5.578069,50,2863.473755
-4.260555,50,2863.76529
-3.167721,50,2864.079704
-5.155683,50,2864.366098
-3.516509,50,2864.650771
-4.473125,50,2864.967124
-7.182051,50,2865.254358
-6.387696,50,2865.572472
-7.125391,50,2865.860159
-3.506601,50,2866.176516
-5.778677,50,2866.46079
-5.47172,50,2866.782174
-7.76371,50,2867.06542
-3.595478,50,2867.381889
-5.296606,50,2867.67445
-6.05864,50,2867.98948
-5.1293,50,2868.276015
-7.733931,50,2868.605624
-3.908307,50,2868.894537
-4.324263,50,2869.209666
-5.197667,50,2869.49425
-4.712339,50,2869.81462
-6.728484,50,2870.099887
-6.573601,50,2870.38701
-2.875325,50,2870.701851
-5.331836,50,2871.017916
-6.016142,50,2871.307199
-4.800337,50,2871.624041
-2.677132,50,2871.907272
-2.767262,50,2872.256483
-4.385403,50,2872.54204
-8.238038,50,2872.857528
-2.886907,50,2873.143848
-3.04122,50,2873.457811
-4.138992,50,2873.781443
-4.191318,50,2874.09425
-2.988134,50,2874.380541
-3.881822,50,2874.673324
-4.783282,50,2874.990905
-6.005704,50,2875.274509
-4.475196,50,2875.561488
-7.020806,50,2875.879728
-5.170019,50,2876.168997
-5.570618,50,2876.478641
-3.730767,50,2876.76842
-5.368617,50,2877.080746
-3.12057,50,2877.370021
-3.815927,50,2877.660526
-3.228207,50,2877.973642
-7.864815,50,2878.289099
-5.735156,50,2878.578471
-9.692486,50,2878.892315
-4.61544,50,2879.175629
-4.813556,50,2879.463829
-4.408406,50,2879.785295
-1.450294,50,2880.071781
-6.021458,50,2880.357535
-7.038415,50,2880.677045
-6.571782,50,2880.967079
-5.078703,50,2881.280939
-6.144304,50,2881.56954
-2.099003,50,2881.888176
-4.927532,50,2882.185041
-4.413082,50,2882.466275
-3.95563,50,2882.781146
-5.664266,50,2883.070604
