#{"t_start": 1765911605.746395, "env_id": "Reacher-v4"}
r,l,t
-67.17052,50,0.037814
-56.447893,50,0.061204
-49.798707,50,0.084169
-65.565506,50,0.106657
-58.200041,50,0.128348
-65.403036,50,0.150819
-58.47419,50,0.172376
-70.83075,50,0.193774
-65.698448,50,0.214188
-65.364724,50,0.234026
-69.511119,50,0.258716
-60.146883,50,0.28342
-52.137078,50,0.308091
-61.892476,50,0.342848
-55.106722,50,0.375572
-59.556333,50,0.405629
-54.327273,50,0.434665
-59.331721,50,0.467634
-61.88113,50,0.504947
-57.362144,50,0.533005
-64.197029,50,0.562476
-55.833005,50,0.598991
-59.992637,50,0.621224
-62.155252,50,0.649201
-65.082288,50,0.681918
-60.54339,50,0.712161
-63.839486,50,0.74712
-60.690873,50,0.784814
-55.49333,50,0.817103
-60.638436,50,0.841421
-56.514512,50,0.878678
-62.669865,50,0.914397
-59.403815,50,0.936338
-63.826054,50,0.958616
-63.024241,50,0.981068
-67.838187,50,1.00342
-56.730829,50,1.025899
-63.446629,50,1.055648
-66.473586,50,1.097191
-58.370407,50,1.132079
-56.243451,50,1.922947
-66.770846,50,1.959517
-62.247195,50,1.99727
-53.726137,50,2.036265
-63.045987,50,2.077402
-58.203341,50,2.11624
-52.900964,50,2.154501
-63.272963,50,2.183833
-58.414752,50,2.21451
-63.021644,50,2.249304
-63.354244,50,2.274792
-62.569824,50,2.310775
-64.019731,50,2.347727
-66.187109,50,2.383433
-60.475292,50,2.4137
-63.878155,50,2.449134
-61.06937,50,2.485568
-54.980882,50,2.523236
-57.008089,50,2.550968
-60.486745,50,2.578269
-52.214321,50,2.604672
-59.184849,50,2.625838
-53.933961,50,2.666891
-63.124436,50,2.70645
-66.365258,50,2.750009
-68.221071,50,2.790158
-56.796586,50,2.822447
-53.718824,50,2.851099
-66.41802,50,2.891111
-60.866562,50,2.917942
-59.403775,50,2.959728
-61.983121,50,3.001395
-58.444706,50,3.038846
-58.072305,50,3.078114
-61.96714,50,3.118068
-57.230369,50,3.156287
-55.983672,50,3.194462
-54.193017,50,3.232484
-72.505878,50,3.26945
-57.649841,50,3.306009
-56.15073,50,3.340796
-58.046372,50,4.091122
-60.114977,50,4.128826
-58.126684,50,4.170873
-50.795207,50,4.20966
-50.036501,50,4.248059
-54.994357,50,4.288175
-63.323847,50,4.327059
-56.945887,50,4.364032
-60.667809,50,4.402583
-56.689609,50,4.443753
-45.196215,50,4.479337
-57.976645,50,4.517898
-55.511382,50,4.559594
-57.573169,50,4.590025
-57.597269,50,4.632609
-61.723663,50,4.671262
-57.720018,50,4.702309
-47.292513,50,4.735874
-60.349588,50,4.761163
-61.82323,50,4.791401
-55.073868,50,4.834709
-51.53088,50,4.871054
-57.833745,50,4.909092
-45.685775,50,4.948807
-57.158022,50,4.98615
-65.665944,50,5.012341
-58.460467,50,5.04186
-55.742598,50,5.07525
-55.723605,50,5.118256
-52.256139,50,5.155463
-65.493534,50,5.193546
-56.07325,50,5.227016
-65.975135,50,5.265429
-67.630838,50,5.291664
-60.297077,50,5.331028
-55.563466,50,5.363381
-56.909219,50,5.395401
-57.750915,50,5.43076
-51.263859,50,5.456462
-58.905733,50,5.478765
-53.157064,50,5.503694
-53.794925,50,6.343272
-53.695435,50,6.384623
-60.419979,50,6.424423
-56.980127,50,6.462341
-59.682702,50,6.50034
-42.980298,50,6.54105
-56.73563,50,6.577333
-60.043848,50,6.614588
-51.901183,50,6.65217
-56.480078,50,6.691488
-52.672954,50,6.727131
-56.995233,50,6.763086
-54.961344,50,6.790417
-64.50446,50,6.828791
-62.628495,50,6.857013
-54.707714,50,6.89821
-53.023532,50,6.936833
-56.448969,50,6.978497
-52.578465,50,7.004755
-53.318812,50,7.03025
-45.784047,50,7.068463
-64.830532,50,7.113375
-52.426293,50,7.149775
-52.963098,50,7.177354
-62.400808,50,7.20735
-54.572428,50,7.231041
-62.545558,50,7.263207
-56.97065,50,7.285239
-54.410788,50,7.314701
-61.057862,50,7.346531
-55.499564,50,7.384203
-58.613584,50,7.422729
-55.01095,50,7.464977
-59.133205,50,7.493035
-58.22201,50,7.517988
-55.646649,50,7.541489
-65.304941,50,7.577554
-59.284041,50,7.608617
-66.149288,50,7.636066
-55.454368,50,7.665607
-66.646099,50,7.692207
-65.753113,50,8.534959
-52.080034,50,8.562457
-58.849721,50,8.602306
-53.801512,50,8.635242
-47.363817,50,8.677727
-54.590662,50,8.717724
-49.213816,50,8.756233
-50.570836,50,8.795914
-59.787279,50,8.835507
-54.606506,50,8.871148
-56.113526,50,8.910067
-58.638495,50,8.950483
-52.661579,50,8.989433
-51.575357,50,9.021866
-47.790188,50,9.04619
-53.041715,50,9.06962
-53.185797,50,9.112166
-50.900205,50,9.1483
-57.767727,50,9.182795
-56.617525,50,9.216186
-54.26935,50,9.250935
-53.098672,50,9.286786
-49.815666,50,9.318689
-61.940398,50,9.349765
-49.642617,50,9.390076
-46.353944,50,9.426541
-53.003489,50,9.459285
-53.401251,50,9.483529
-63.657404,50,9.52109
-59.483127,50,9.563678
-55.074258,50,9.604589
-57.436475,50,9.639655
-56.024945,50,9.682103
-53.104194,50,9.718511
-54.515507,50,9.759198
-56.25598,50,9.797234
-57.037462,50,9.837855
-49.363273,50,9.872077
-51.281028,50,9.906329
-53.53568,50,9.937275
-50.684583,50,9.968853
-51.777357,50,10.926481
-52.168465,50,10.962729
-52.055044,50,11.003124
-58.230275,50,11.043348
-46.828171,50,11.084676
-54.304634,50,11.120893
-49.607113,50,11.159445
-55.913937,50,11.197185
-49.384176,50,11.239237
-44.311419,50,11.275396
-54.948917,50,11.307235
-45.194327,50,11.338508
-52.017516,50,11.373924
-50.35142,50,11.402
-47.496347,50,11.430188
-55.945577,50,11.463629
-52.839502,50,11.496879
-45.792468,50,11.520801
-50.413388,50,11.54582
-51.869968,50,11.57359
-52.236081,50,11.60237
-46.022677,50,11.637772
-45.806491,50,11.664573
-58.794415,50,11.692387
-47.657592,50,11.721865
-55.479349,50,11.757921
-50.093081,50,11.789728
-53.351699,50,11.818112
-58.319711,50,11.857802
-58.529044,50,11.889692
-50.604722,50,11.912355
-49.540061,50,11.95382
-56.916171,50,11.99274
-55.895919,50,12.03178
-57.203083,50,12.066434
-49.525217,50,12.104047
-51.429246,50,12.142651
-52.058095,50,12.181179
-47.541506,50,12.219248
-64.337988,50,12.255453
-56.803169,50,12.297189
-46.961163,50,13.031808
-54.132482,50,13.069295
-49.709124,50,13.102523
-57.138367,50,13.140535
-54.970278,50,13.180933
-51.739682,50,13.219919
-45.137261,50,13.259878
-48.609823,50,13.290435
-57.917127,50,13.332623
-55.260833,50,13.370803
-49.652038,50,13.40946
-46.046999,50,13.449168
-42.393302,50,13.486374
-44.577275,50,13.518583
-47.906532,50,13.548136
-46.197618,50,13.578384
-60.717902,50,13.612297
-45.333692,50,13.637286
-46.622283,50,13.665272
-53.584105,50,13.69931
-55.221987,50,13.732264
-47.99275,50,13.768548
-56.136314,50,13.790846
-43.225336,50,13.829556
-50.394234,50,13.856498
-50.849133,50,13.891932
-53.215725,50,13.925493
-46.457487,50,13.964629
-47.684488,50,13.988593
-46.747427,50,14.010775
-48.500773,50,14.044088
-53.946158,50,14.08355
-48.369351,50,14.125431
-50.967938,50,14.166136
-50.568294,50,14.205759
-47.277229,50,14.245224
-40.353495,50,14.283121
-51.777458,50,14.323863
-55.969358,50,14.364493
-47.355033,50,14.390425
-50.655724,50,14.431296
-49.551724,50,15.128164
-51.144213,50,15.168164
-46.209342,50,15.208078
-48.871517,50,15.250174
-49.741207,50,15.289954
-51.683674,50,15.328104
-57.899562,50,15.360966
-50.200727,50,15.401432
-51.592979,50,15.435048
-52.025075,50,15.470322
-56.054007,50,15.510073
-48.844004,50,15.551053
-46.288536,50,15.586768
-49.163617,50,15.617142
-45.896282,50,15.657629
-41.831624,50,15.6838
-51.612349,50,15.716773
-44.133815,50,15.743813
-50.840949,50,15.764174
-45.926764,50,15.785827
-52.690543,50,15.818199
-51.96601,50,15.841425
-43.082095,50,15.861557
-55.489247,50,15.88358
-44.428399,50,15.907444
-44.295828,50,15.930595
-57.49933,50,15.975539
-48.805535,50,16.013286
-39.132772,50,16.047375
-43.877457,50,16.072442
-47.986527,50,16.095431
-57.969206,50,16.116248
-47.887857,50,16.141834
-58.439507,50,16.165756
-45.249714,50,16.2034
-47.279972,50,16.242437
-50.616357,50,16.282413
-40.015171,50,16.322562
-52.754114,50,16.359096
-49.74832,50,16.387999
-51.115195,50,16.411095
-51.360594,50,17.100238
-47.690992,50,17.133864
-41.629643,50,17.169572
-44.460742,50,17.211409
-55.665925,50,17.251808
-35.328906,50,17.291545
-41.452944,50,17.329849
-45.583222,50,17.367363
-43.143169,50,17.407859
-38.84905,50,17.448475
-42.883167,50,17.486733
-41.967848,50,17.525584
-46.849643,50,17.567583
-41.193085,50,17.606404
-44.893273,50,17.633817
-39.798963,50,17.661981
-36.979883,50,17.689404
-46.13609,50,17.716541
-40.53774,50,17.746196
-50.887453,50,17.766136
-43.882705,50,17.790449
-50.585432,50,17.82615
-48.250168,50,17.851612
-45.294921,50,17.892277
-46.242053,50,17.920467
-48.970436,50,17.943558
-45.589922,50,17.965323
-45.640912,50,17.990118
-44.37231,50,18.015104
-43.534095,50,18.038731
-48.494488,50,18.062413
-45.799875,50,18.085528
-44.902628,50,18.10623
-41.954763,50,18.132478
-47.286137,50,18.156108
-48.697628,50,18.179777
-48.967224,50,18.203571
-45.712635,50,18.24026
-49.577028,50,18.269945
-46.255174,50,18.293643
-39.260341,50,18.325979
-51.973919,50,19.291168
-40.621169,50,19.332209
-42.643713,50,19.3702
-40.841404,50,19.410406
-40.473331,50,19.4435
-45.871652,50,19.479265
-45.575109,50,19.512215
-47.887117,50,19.549087
-52.083346,50,19.582961
-41.06661,50,19.610931
-38.502038,50,19.64442
-51.948372,50,19.668429
-48.241863,50,19.695778
-45.920911,50,19.722288
-44.247479,50,19.747962
-42.664522,50,19.773842
-44.541929,50,19.800419
-46.250568,50,19.830783
-40.811038,50,19.86403
-46.564602,50,19.898369
-50.601717,50,19.935133
-45.908062,50,19.974035
-49.427228,50,20.005436
-51.15509,50,20.040681
-40.597812,50,20.079114
-45.174865,50,20.111612
-45.233489,50,20.143439
-38.130971,50,20.181053
-45.895041,50,20.221008
-48.908087,50,20.259827
-48.783372,50,20.293706
-44.138632,50,20.325773
-44.912817,50,20.355321
-48.458796,50,20.398308
-41.744895,50,20.436138
-46.967126,50,20.471179
-49.337247,50,20.496524
-50.315928,50,20.532145
-45.154374,50,20.563887
-43.719904,50,20.601945
-37.177775,50,20.64056
-43.512418,50,21.593755
-43.243614,50,21.633863
-44.360924,50,21.669163
-47.585958,50,21.706146
-42.341413,50,21.748088
-40.021221,50,21.786422
-36.734633,50,21.821722
-39.224193,50,21.853098
-43.046521,50,21.883377
-50.788211,50,21.914579
-43.545691,50,21.952143
-41.75201,50,21.986107
-36.767912,50,22.016769
-38.182004,50,22.057346
-39.108545,50,22.087674
-53.77798,50,22.110017
-50.094313,50,22.153808
-49.605725,50,22.197438
-42.065071,50,22.23394
-41.789879,50,22.271623
-40.825056,50,22.312094
-48.777944,50,22.337072
-43.245736,50,22.375199
-41.073795,50,22.396821
-36.201041,50,22.443619
-46.945587,50,22.482599
-42.021681,50,22.512268
-40.791577,50,22.533081
-48.021699,50,22.554551
-47.349745,50,22.580537
-44.53227,50,22.625521
-35.76429,50,22.651566
-35.774114,50,22.693613
-46.946298,50,22.736158
-38.810762,50,22.772401
-46.449203,50,22.807955
-48.078282,50,22.841729
-44.383278,50,22.869896
-46.343334,50,22.89464
-41.927274,50,22.924346
-44.92812,50,22.959536
-42.83437,50,23.942978
-43.941968,50,23.982189
-35.869449,50,24.019722
-32.778446,50,24.059323
-41.684096,50,24.09669
-41.698874,50,24.136419
-38.700514,50,24.17774
-42.010678,50,24.216329
-39.234526,50,24.256379
-40.025119,50,24.29052
-34.305368,50,24.323364
-50.762625,50,24.350067
-48.47142,50,24.372524
-41.976457,50,24.394
-41.939019,50,24.419625
-39.776437,50,24.461279
-45.397196,50,24.485492
-36.220891,50,24.520267
-41.944816,50,24.552758
-49.113616,50,24.578631
-41.877468,50,24.614012
-42.843753,50,24.656138
-37.939808,50,24.697245
-41.211767,50,24.73766
-44.561106,50,24.772979
-45.093106,50,24.812951
-37.881267,50,24.851201
-44.436153,50,24.894288
-41.597085,50,24.933497
-43.757224,50,24.975564
-50.242466,50,25.006259
-43.386957,50,25.037827
-46.815345,50,25.077302
-47.829593,50,25.10993
-37.784601,50,25.143204
-44.653911,50,25.176482
-39.375757,50,25.202676
-43.800739,50,25.229255
-45.509652,50,25.25241
-50.250478,50,25.296885
-35.647978,50,25.334936
-37.917151,50,26.346205
-40.391808,50,26.386093
-41.290695,50,26.424772
-37.934456,50,26.462305
-39.865985,50,26.503362
-35.845076,50,26.543064
-43.052909,50,26.582441
-38.808,50,26.622154
-38.468068,50,26.659876
-38.649952,50,26.700684
-39.133761,50,26.739947
-35.558544,50,26.777657
-35.428317,50,26.811737
-37.23834,50,26.843009
-30.230031,50,26.867754
-35.456214,50,26.895699
-39.866985,50,26.921465
-38.839958,50,26.951541
-38.824559,50,26.983096
-39.897737,50,27.012662
-36.713119,50,27.036022
-39.08814,50,27.071354
-42.721415,50,27.112311
-41.3305,50,27.147911
-34.251796,50,27.181202
-40.079842,50,27.218892
-42.885396,50,27.247064
-36.920171,50,27.277961
-40.277551,50,27.30522
-36.746654,50,27.349035
-43.447546,50,27.391153
-35.896922,50,27.431646
-35.562975,50,27.472849
-37.840197,50,27.501757
-40.243035,50,27.527919
-38.63984,50,27.551494
-44.113517,50,27.580555
-37.165088,50,27.607251
-39.1615,50,27.651274
-36.048879,50,27.680836
-41.208494,50,27.715351
-40.268465,50,28.688229
-35.637828,50,28.72731
-36.145768,50,28.768195
-35.298366,50,28.80531
-39.050377,50,28.844226
-32.30606,50,28.886669
-33.326611,50,28.925261
-44.70822,50,28.959465
-38.584528,50,29.00006
-39.295609,50,29.035056
-43.948863,50,29.067218
-33.691301,50,29.103212
-44.493565,50,29.136704
-41.110615,50,29.16643
-37.159808,50,29.205441
-40.900881,50,29.230585
-39.60482,50,29.260721
-43.386828,50,29.297516
-34.557998,50,29.32454
-38.723453,50,29.358239
-28.942202,50,29.40355
-38.63239,50,29.442015
-34.110268,50,29.482487
-39.499611,50,29.508291
-34.787984,50,29.535078
-36.736923,50,29.575196
-39.756522,50,29.601439
-43.037666,50,29.623335
-36.402321,50,29.647125
-36.877408,50,29.684668
-44.412779,50,29.728888
-40.938146,50,29.765537
-35.807706,50,29.805551
-35.109313,50,29.846502
-36.959285,50,29.88642
-32.970572,50,29.910949
-42.424312,50,29.937097
-38.118525,50,29.967531
-40.750617,50,30.002107
-38.813789,50,30.036791
-42.856217,50,30.067502
-35.231079,50,30.7071
-38.7053,50,30.745251
-35.819717,50,30.788696
-30.238023,50,30.826151
-36.102547,50,30.866458
-27.986561,50,30.906379
-34.128243,50,30.943712
-38.795717,50,30.983367
-39.740959,50,31.008601
-29.038435,50,31.044375
-33.545935,50,31.075527
-39.363812,50,31.107357
-31.066616,50,31.135509
-45.033867,50,31.167991
-33.523725,50,31.196337
-37.545257,50,31.228691
-33.063825,50,31.26142
-33.752412,50,31.295251
-41.491963,50,31.322142
-33.137756,50,31.350406
-40.829675,50,31.392082
-35.38335,50,31.429178
-38.249189,50,31.46044
-35.203152,50,31.494188
-32.961302,50,31.527846
-37.184661,50,31.554237
-39.008481,50,31.586266
-39.252657,50,31.627834
-28.55721,50,31.667673
-39.342277,50,31.696506
-32.173832,50,31.734496
-36.973179,50,31.758479
-38.972294,50,31.784583
-38.639718,50,31.807199
-36.980432,50,31.842256
-37.078962,50,31.873417
-39.044138,50,31.899519
-37.306213,50,31.935328
-37.827749,50,31.969105
-38.814117,50,31.99727
-40.632959,50,32.034239
-36.833216,50,32.707052
-36.148625,50,32.72713
-35.439497,50,32.747926
-36.076469,50,32.768966
-34.332159,50,32.803611
-41.333883,50,32.844202
-29.115354,50,32.883836
-43.055426,50,32.919788
-35.552092,50,32.96343
-28.742389,50,32.99392
-32.646535,50,33.031762
-29.975398,50,33.061431
-28.644153,50,33.103834
-29.083875,50,33.140831
-35.607846,50,33.174435
-33.347492,50,33.219709
-33.206625,50,33.255069
-28.376541,50,33.293365
-33.811489,50,33.32249
-28.790948,50,33.347066
-33.951669,50,33.369638
-36.561535,50,33.39392
-33.983832,50,33.416622
-36.914537,50,33.439062
-32.649334,50,33.465179
-33.073166,50,33.505825
-37.090422,50,33.546918
-36.203995,50,33.586338
-35.463803,50,33.631351
-35.660909,50,33.673473
-30.675094,50,33.713116
-34.201299,50,33.754243
-35.10769,50,33.793266
-33.633917,50,33.835818
-36.103125,50,33.874879
-38.876259,50,33.90186
-37.25227,50,33.944015
-33.058493,50,33.977342
-35.034158,50,34.006271
-30.441869,50,34.03159
-32.718127,50,34.070345
-31.715219,50,34.76367
-34.075642,50,34.806453
-26.15504,50,34.845564
-34.300958,50,34.887104
-33.299669,50,34.923651
-32.3827,50,34.96527
-31.496539,50,35.005685
-30.29804,50,35.041629
-33.63033,50,35.077287
-38.332265,50,35.114534
-35.305082,50,35.14491
-26.150332,50,35.173199
-29.476101,50,35.203854
-34.381323,50,35.242745
-41.272132,50,35.282181
-29.029705,50,35.323624
-27.054817,50,35.362441
-31.016872,50,35.398116
-33.683576,50,35.422446
-34.433163,50,35.459049
-35.191928,50,35.496073
-35.941361,50,35.53604
-31.969354,50,35.576208
-35.218859,50,35.613683
-31.34846,50,35.64268
-33.68027,50,35.681824
-32.974412,50,35.709114
-34.514826,50,35.737422
-33.073251,50,35.773538
-28.717788,50,35.813467
-32.598423,50,35.854572
-29.2282,50,35.891077
-32.293378,50,35.919261
-33.786156,50,35.953376
-32.303322,50,35.992429
-31.310325,50,36.031253
-34.472475,50,36.056146
-32.937895,50,36.086933
-31.51898,50,36.115681
-32.876279,50,36.158021
-30.258063,50,36.197942
-33.743429,50,36.928291
-30.543761,50,36.968854
-33.555704,50,37.009264
-26.782365,50,37.048707
-29.189323,50,37.088387
-34.567389,50,37.12451
-27.297649,50,37.154155
-28.465422,50,37.192065
-33.066463,50,37.222819
-26.206097,50,37.251671
-29.586979,50,37.282368
-26.566189,50,37.313331
-29.544846,50,37.341702
-29.718339,50,37.379869
-28.253878,50,37.408659
-29.95371,50,37.436274
-34.788287,50,37.471393
-30.793517,50,37.493824
-26.906718,50,37.521194
-33.977324,50,37.549346
-26.389744,50,37.594739
-28.425068,50,37.624779
-32.125593,50,37.649702
-31.688206,50,37.673468
-33.675145,50,37.697225
-31.563336,50,37.729888
-31.000836,50,37.764097
-31.119597,50,37.801424
-30.658568,50,37.833777
-30.427963,50,37.870977
-32.895852,50,37.911129
-33.215029,50,37.953461
-31.3148,50,37.991589
-30.111963,50,38.030968
-32.134432,50,38.058705
-34.559804,50,38.099446
-26.561096,50,38.131491
-30.57292,50,38.16647
-27.958471,50,38.190572
-30.579131,50,38.214795
-24.83183,50,38.256739
-30.735523,50,38.891181
-27.400565,50,38.930533
-34.545865,50,38.972094
-33.238461,50,39.012489
-33.531154,50,39.049658
-23.103283,50,39.091094
-24.746732,50,39.131387
-29.046262,50,39.17319
-30.695598,50,39.21133
-24.900615,50,39.253283
-27.699358,50,39.290843
-25.465775,50,39.329029
-27.527902,50,39.367157
-24.821079,50,39.406453
-32.427799,50,39.441938
-38.094344,50,39.477409
-26.034606,50,39.514936
-28.560851,50,39.549265
-26.501581,50,39.584997
-25.352731,50,39.609196
-31.15626,50,39.631922
-30.911436,50,39.658201
-26.63244,50,39.697536
-28.665897,50,39.73283
-32.235626,50,39.76913
-27.415747,50,39.802801
-27.937899,50,39.8406
-27.320391,50,39.880246
-28.810377,50,39.905566
-32.230775,50,39.947722
-28.222081,50,39.989005
-28.495987,50,40.026312
-32.80138,50,40.064474
-28.610426,50,40.101439
-22.552053,50,40.144743
-34.557615,50,40.185006
-27.835438,50,40.222076
-27.535323,50,40.262713
-26.003637,50,40.297501
-36.174347,50,40.32526
-35.417324,50,40.350821
-25.643782,50,41.028036
-29.398134,50,41.067456
-31.344055,50,41.107825
-21.688403,50,41.146367
-21.174423,50,41.189377
-31.895637,50,41.225366
-25.063875,50,41.267649
-29.519596,50,41.309902
-29.943172,50,41.340439
-27.310393,50,41.374933
-22.949369,50,41.405113
-23.068182,50,41.44784
-24.824885,50,41.475455
-26.372467,50,41.506112
-23.209916,50,41.545356
-24.680975,50,41.584975
-35.994514,50,41.624318
-29.555339,50,41.659409
-37.682813,50,41.687314
-27.799054,50,41.710606
-27.197015,50,41.740551
-25.989353,50,41.769219
-31.157989,50,41.805639
-28.619207,50,41.82572
-25.255961,50,41.845885
-21.317663,50,41.879625
-26.524531,50,41.902833
-28.702736,50,41.922704
-23.73156,50,41.942618
-25.178595,50,41.978552
-28.892786,50,41.999006
-27.348346,50,42.040614
-25.012224,50,42.082998
-31.512849,50,42.125435
-27.562953,50,42.167351
-25.326093,50,42.193784
-23.578354,50,42.232867
-31.742498,50,42.25517
-28.928416,50,42.279321
-25.972995,50,42.319091
-29.627342,50,42.361398
-28.064662,50,43.052271
-25.549449,50,43.09323
-24.12962,50,43.134744
-25.332486,50,43.174377
-27.945871,50,43.214411
-23.773497,50,43.254097
-28.27206,50,43.289063
-19.252582,50,43.329553
-20.215763,50,43.36917
-30.894487,50,43.410507
-27.581379,50,43.446825
-20.22785,50,43.483943
-27.700182,50,43.519133
-22.011522,50,43.553335
-29.687517,50,43.589156
-29.761267,50,43.616421
-25.412619,50,43.649698
-29.835848,50,43.686436
-25.720936,50,43.714221
-30.715723,50,43.736315
-33.817089,50,43.76236
-25.379124,50,43.798642
-22.40833,50,43.837605
-24.241527,50,43.862974
-21.049745,50,43.900862
-28.337459,50,43.934301
-26.110413,50,43.959569
-28.179596,50,43.984106
-28.02902,50,44.008888
-24.968493,50,44.042943
-22.559815,50,44.082873
-22.831949,50,44.123536
-23.122988,50,44.162496
-33.434052,50,44.201073
-28.231507,50,44.242146
-25.39709,50,44.266384
-24.834545,50,44.297995
-23.44508,50,44.332306
-31.773322,50,44.372159
-27.390441,50,44.402919
-25.207645,50,44.431422
-34.499515,50,45.078677
-29.208416,50,45.120782
-25.962329,50,45.161043
-23.255446,50,45.201074
-21.233462,50,45.241583
-24.616051,50,45.284367
-23.247274,50,45.320313
-24.028282,50,45.357836
-23.428312,50,45.394912
-23.267763,50,45.428599
-27.244821,50,45.454026
-23.857384,50,45.49224
-23.081593,50,45.52938
-24.925646,50,45.55896
-24.604856,50,45.591149
-23.248643,50,45.620296
-24.140618,50,45.661132
-29.146999,50,45.699367
-28.737963,50,45.735448
-24.561029,50,45.767294
-26.239699,50,45.792306
-27.610206,50,45.829094
-24.289184,50,45.863652
-27.43404,50,45.890445
-27.176662,50,45.91861
-23.730159,50,45.95024
-19.06313,50,45.979197
-29.317326,50,46.009823
-24.874861,50,46.03905
-22.721272,50,46.078691
-24.441365,50,46.119428
-22.373491,50,46.158935
-27.266881,50,46.197991
-24.977863,50,46.238926
-26.023838,50,46.276896
-26.654142,50,46.315764
-27.068911,50,46.35415
-22.547717,50,46.39677
-25.180857,50,46.429622
-25.238199,50,46.458188
-23.74542,50,46.488623
-23.651131,50,47.144358
-20.950467,50,47.179933
-19.950752,50,47.220756
-18.164076,50,47.257344
-23.395508,50,47.296314
-24.958669,50,47.330705
-25.408873,50,47.372351
-24.4873,50,47.407205
-22.333627,50,47.444015
-25.884872,50,47.478098
-25.794064,50,47.519136
-21.864759,50,47.552132
-26.816112,50,47.595064
-29.351999,50,47.621072
-17.731415,50,47.654227
-23.501989,50,47.682732
-23.624588,50,47.716833
-30.091064,50,47.748704
-24.633657,50,47.77151
-23.358679,50,47.805311
-20.932085,50,47.837184
-21.938234,50,47.876425
-20.539161,50,47.909178
-19.583218,50,47.939924
-28.372884,50,47.966802
-29.840214,50,47.997459
-28.117806,50,48.02942
-21.52257,50,48.058291
-28.281032,50,48.094462
-22.809202,50,48.128407
-26.742657,50,48.170093
-23.754405,50,48.207661
-16.505529,50,48.247769
-23.940888,50,48.28936
-27.81386,50,48.327376
-27.370378,50,48.365965
-24.66316,50,48.404606
-26.732042,50,48.44063
-23.546521,50,48.4752
-29.131324,50,48.507555
-30.14963,50,48.531963
-24.772127,50,49.445848
-17.114468,50,49.488494
-23.145339,50,49.525356
-23.956466,50,49.567278
-23.663567,50,49.605505
-20.144694,50,49.649137
-24.937764,50,49.689875
-23.815578,50,49.725737
-23.329124,50,49.764971
-23.638729,50,49.804803
-19.730981,50,49.843478
-23.062858,50,49.884171
-19.977748,50,49.924981
-18.83592,50,49.966303
-16.233517,50,50.001063
-20.421376,50,50.033965
-26.375924,50,50.072937
-22.509366,50,50.11219
-19.341348,50,50.148481
-21.263959,50,50.188172
-23.899109,50,50.22213
-20.137739,50,50.248406
-23.910149,50,50.285222
-24.225375,50,50.318832
-16.06946,50,50.349355
-21.468593,50,50.374259
-19.542488,50,50.398145
-25.646675,50,50.423021
-22.621058,50,50.46534
-21.47857,50,50.500866
-28.415027,50,50.536011
-24.001699,50,50.578036
-22.92188,50,50.609308
-22.874613,50,50.650198
-18.20119,50,50.687117
-22.90435,50,50.727454
-19.295927,50,50.765659
-15.610393,50,50.803327
-17.135187,50,50.84572
-20.797329,50,50.881958
-23.632821,50,50.916143
-23.298589,50,51.886448
-21.673894,50,51.926316
-20.992891,50,51.963941
-21.846009,50,51.996616
-18.728632,50,52.024843
-24.393209,50,52.058057
-20.149974,50,52.083033
-25.868799,50,52.105984
-18.644456,50,52.134668
-18.131911,50,52.161382
-20.419477,50,52.193905
-19.569025,50,52.234079
-19.383322,50,52.265017
-24.489539,50,52.301938
-18.65101,50,52.337035
-25.456724,50,52.374952
-17.00642,50,52.40535
-22.981756,50,52.440695
-29.292501,50,52.473238
-16.107058,50,52.501027
-21.82992,50,52.543446
-23.681389,50,52.579458
-20.127919,50,52.614093
-19.098451,50,52.649823
-24.574977,50,52.686753
-20.753975,50,52.70937
-21.722017,50,52.734129
-20.147471,50,52.757315
-19.494597,50,52.779528
-21.546713,50,52.809141
-23.738916,50,52.835342
-18.092315,50,52.874124
-24.019865,50,52.911416
-24.597089,50,52.943573
-24.077993,50,52.976493
-22.137903,50,53.005561
-17.912989,50,53.037152
-16.717497,50,53.065846
-18.14327,50,53.088102
-23.928786,50,53.12785
-22.632015,50,53.164305
-20.350958,50,54.047217
-15.356931,50,54.085391
-18.275544,50,54.124444
-14.981248,50,54.163232
-17.261504,50,54.202399
-20.678975,50,54.242154
-17.82815,50,54.280548
-19.615494,50,54.307302
-15.795957,50,54.344513
-21.901962,50,54.379588
-15.925283,50,54.411617
-20.484522,50,54.447059
-18.616373,50,54.479205
-17.193016,50,54.516519
-17.794238,50,54.54824
-16.907338,50,54.58715
-18.626352,50,54.626263
-23.264336,50,54.65238
-23.640087,50,54.69224
-15.452989,50,54.734625
-22.069753,50,54.75738
-22.222322,50,54.794276
-20.899426,50,54.821087
-18.658914,50,54.852919
-20.064144,50,54.884915
-18.367439,50,54.922577
-23.688576,50,54.946995
-21.195162,50,54.974231
-18.591072,50,55.006905
-22.301328,50,55.049716
-17.156938,50,55.090598
-24.087831,50,55.130577
-16.841638,50,55.172099
-15.263649,50,55.20451
-17.61332,50,55.237303
-19.760187,50,55.274932
-20.672259,50,55.312257
-17.960985,50,55.345736
-18.064241,50,55.385413
-22.439287,50,55.41463
-21.949644,50,56.083975
-22.165681,50,56.124351
-20.457195,50,56.163077
-15.300508,50,56.204127
-25.611982,50,56.244149
-25.127924,50,56.284463
-21.57842,50,56.326066
-17.796064,50,56.363858
-18.918683,50,56.403968
-15.800369,50,56.443993
-22.405736,50,56.480878
-24.190058,50,56.520882
-14.344986,50,56.55724
-23.670356,50,56.597132
-20.24516,50,56.63678
-17.099326,50,56.678493
-18.712486,50,56.704017
-21.032066,50,56.72952
-15.753486,50,56.767599
-13.014695,50,56.806604
-19.527658,50,56.838284
-19.597362,50,56.86499
-21.779785,50,56.888849
-22.093171,50,56.931046
-19.301192,50,56.956359
-16.478246,50,56.97864
-18.405691,50,57.000435
-18.9265,50,57.043593
-17.894974,50,57.076589
-17.038493,50,57.120583
-20.122788,50,57.160444
-19.328027,50,57.199439
-18.436284,50,57.239896
-21.012483,50,57.282418
-23.403811,50,57.317082
-17.845779,50,57.354451
-23.836164,50,57.385233
-19.983321,50,57.426028
-24.265219,50,57.451963
-15.221484,50,57.484236
-13.827321,50,57.512115
-13.782144,50,58.270415
-19.717785,50,58.309731
-17.371079,50,58.34392
-15.99258,50,58.385399
-20.234949,50,58.425162
-16.087675,50,58.464345
-18.379743,50,58.503733
-16.837555,50,58.542096
-19.190829,50,58.571251
-20.956432,50,58.602331
-19.569514,50,58.6364
-21.142497,50,58.674051
-21.558326,50,58.706319
-20.06404,50,58.740507
-21.448856,50,58.763154
-23.16549,50,58.787086
-24.414082,50,58.819318
-14.175477,50,58.84755
-22.725892,50,58.875476
-12.187387,50,58.911037
-17.55076,50,58.94126
-15.495067,50,58.971304
-15.478116,50,59.000251
-15.744248,50,59.03853
-15.932125,50,59.070643
-20.215191,50,59.110473
-15.863899,50,59.145871
-21.997158,50,59.181083
-22.795192,50,59.220036
-15.744262,50,59.255604
-21.926258,50,59.294286
-18.622802,50,59.335382
-15.954215,50,59.376245
-21.787516,50,59.415536
-17.167798,50,59.454703
-21.878671,50,59.496912
-11.855796,50,59.533961
-15.69859,50,59.570939
-15.426194,50,59.600662
-17.141994,50,59.629425
-18.512038,50,59.663927
-19.527617,50,60.373678
-22.438326,50,60.412815
-15.34913,50,60.453033
-16.173776,50,60.489126
-20.544146,50,60.530986
-19.637159,50,60.570267
-15.698998,50,60.608812
-18.740545,50,60.651308
-19.815125,50,60.688151
-24.657954,50,60.72225
-22.714976,50,60.749555
-19.108238,50,60.776685
-19.616229,50,60.803774
-12.585429,50,60.826565
-11.170668,50,60.849244
-18.226279,50,60.871487
-23.079572,50,60.894245
-17.001041,50,60.918856
-15.132449,50,60.946258
-17.058668,50,60.980199
-14.468565,50,61.004246
-19.579543,50,61.033859
-21.203416,50,61.062632
-20.985171,50,61.089131
-20.495525,50,61.124071
-15.232268,50,61.164053
-19.622315,50,61.195435
-16.705692,50,61.217819
-19.19716,50,61.243002
-14.563916,50,61.264486
-14.20473,50,61.294522
-24.067791,50,61.324098
-16.723555,50,61.364483
-20.058195,50,61.399546
-20.920595,50,61.440539
-19.856405,50,61.480692
-19.860842,50,61.521332
-22.914188,50,61.55999
-18.27778,50,61.599162
-14.84092,50,61.635289
-24.727453,50,61.661443
-20.011994,50,62.361436
-19.798011,50,62.400387
-18.339311,50,62.440055
-19.219904,50,62.480005
-14.749821,50,62.516912
-18.925602,50,62.55711
-17.85544,50,62.595392
-13.88357,50,62.636634
-15.825694,50,62.674932
-17.676379,50,62.71133
-13.135054,50,62.752016
-20.0499,50,62.784384
-20.793828,50,62.817312
-17.771748,50,62.848794
-21.669218,50,62.88618
-15.312971,50,62.923171
-18.275595,50,62.962623
-16.246793,50,62.991207
-20.250889,50,63.033872
-20.391393,50,63.074287
-22.185391,50,63.10664
-16.52219,50,63.12992
-13.15456,50,63.154925
-17.082082,50,63.197421
-20.764903,50,63.238273
-15.448924,50,63.276978
-16.184524,50,63.319425
-21.459877,50,63.345879
-19.284038,50,63.38052
-16.902893,50,63.422028
-10.503122,50,63.462172
-17.043117,50,63.504179
-23.254092,50,63.548248
-19.83582,50,63.588245
-16.73291,50,63.628021
-14.553962,50,63.668922
-15.437819,50,63.710607
-21.282224,50,63.741557
-20.796827,50,63.775739
-20.013298,50,63.798357
-16.834964,50,63.821043
-22.029066,50,64.426608
-14.699747,50,64.468183
-20.289181,50,64.509767
-11.648886,50,64.53951
-12.694691,50,64.583743
-16.888932,50,64.617895
-13.072721,50,64.661194
-19.631693,50,64.699433
-12.645018,50,64.739069
-15.548706,50,64.781023
-17.051413,50,64.818213
-17.605998,50,64.858825
-17.319413,50,64.897224
-20.568363,50,64.933064
-19.899687,50,64.971614
-16.366525,50,65.005464
-14.863178,50,65.03275
-12.609401,50,65.066909
-21.249335,50,65.105784
-17.591978,50,65.136061
-16.288101,50,65.166806
-20.021527,50,65.19356
-15.191483,50,65.233427
-15.99539,50,65.266176
-18.984504,50,65.299161
-16.546747,50,65.335832
-15.558852,50,65.360302
-15.145117,50,65.386549
-20.792208,50,65.410925
-17.199763,50,65.446486
-15.650829,50,65.484243
-21.291856,50,65.524112
-15.347237,50,65.550558
-16.752776,50,65.58021
-13.530631,50,65.619239
-18.841024,50,65.659789
-21.454327,50,65.686391
-14.090527,50,65.728852
-15.497115,50,65.757197
-20.892458,50,65.78397
-16.29723,50,65.807029
-19.917564,50,66.630446
-16.151832,50,66.67123
-16.271545,50,66.710048
-15.7386,50,66.749593
-11.711319,50,66.786503
-19.469029,50,66.825534
-15.771815,50,66.864852
-14.44829,50,66.903716
-19.578687,50,66.945071
-15.215804,50,66.967409
-21.30765,50,67.00353
-17.602208,50,67.031472
-19.421363,50,67.054396
-19.94742,50,67.078193
-22.804066,50,67.113078
-18.792089,50,67.150086
-17.695041,50,67.177779
-11.303997,50,67.205391
-12.37496,50,67.233266
-15.313629,50,67.261371
-19.896303,50,67.293907
-19.6779,50,67.333242
-16.822695,50,67.363406
-14.148953,50,67.399276
-18.516947,50,67.426172
-20.874336,50,67.459702
-17.222068,50,67.486506
-20.611624,50,67.525176
-19.041595,50,67.556541
-17.896738,50,67.588045
-13.683669,50,67.620689
-18.703968,50,67.663894
-12.186061,50,67.701211
-17.066264,50,67.742661
-11.568309,50,67.771962
-10.560224,50,67.811951
-11.518564,50,67.843525
-17.966993,50,67.877308
-10.893863,50,67.913257
-12.655583,50,67.951531
-14.332722,50,67.988505
-13.278155,50,68.831619
-20.015812,50,68.868834
-18.611795,50,68.910437
-17.606737,50,68.946701
-19.742317,50,68.98381
-16.701624,50,69.021412
-18.794126,50,69.064934
-13.699438,50,69.106283
-13.443681,50,69.142385
-17.599038,50,69.182416
-15.016691,50,69.223053
-12.945836,50,69.260022
-15.631939,50,69.293528
-11.411969,50,69.323933
-10.125373,50,69.349766
-12.402706,50,69.376765
-20.546506,50,69.412938
-11.610185,50,69.451622
-11.199452,50,69.477161
-14.440851,50,69.502935
-15.980855,50,69.524206
-13.470361,50,69.561857
-14.685659,50,69.606751
-15.307924,50,69.632275
-16.03183,50,69.657561
-19.220436,50,69.685545
-15.582052,50,69.70846
-15.34836,50,69.733263
-14.276335,50,69.758355
-15.348493,50,69.797829
-19.152912,50,69.826399
-12.284384,50,69.869599
-14.345076,50,69.908001
-14.246324,50,69.944052
-15.322966,50,69.984086
-19.511883,50,70.022693
-14.179106,50,70.063553
-17.136825,50,70.103762
-19.19542,50,70.143207
-13.665252,50,70.184066
-20.595447,50,70.226753
-13.163418,50,71.220396
-12.944227,50,71.259536
-11.115491,50,71.298616
-19.472912,50,71.339543
-13.210058,50,71.375795
-13.262033,50,71.414705
-18.377676,50,71.456513
-12.198216,50,71.496184
-11.641146,50,71.536484
-18.126287,50,71.577536
-12.105489,50,71.615655
-12.422436,50,71.647144
-11.396441,50,71.681819
-14.156663,50,71.720932
-12.267575,50,71.744315
-16.988401,50,71.774949
-14.206478,50,71.810947
-16.793201,50,71.848359
-14.442581,50,71.882023
-15.597337,50,71.909892
-16.650085,50,71.951521
-20.082254,50,71.985043
-13.15256,50,72.01511
-14.392939,50,72.046346
-13.854756,50,72.075733
-14.953277,50,72.102676
-17.730786,50,72.128926
-15.878575,50,72.155301
-17.477961,50,72.193003
-16.73424,50,72.232514
-12.692958,50,72.272614
-12.112772,50,72.310506
-13.392715,50,72.351163
-20.322917,50,72.387913
-13.333076,50,72.414572
-15.532757,50,72.436736
-11.929024,50,72.462325
-14.876323,50,72.488672
-13.461164,50,72.523863
-18.04004,50,72.560064
-17.273563,50,72.589173
-18.546044,50,73.334178
-11.298103,50,73.369484
-11.312906,50,73.411061
-14.850261,50,73.451985
-14.083429,50,73.490425
-18.583799,50,73.530144
-14.094808,50,73.567518
-14.309972,50,73.592114
-12.803701,50,73.630318
-15.966214,50,73.671479
-12.263256,50,73.700927
-17.897147,50,73.72923
-16.757588,50,73.759206
-12.958575,50,73.786505
-17.360095,50,73.811126
-16.527887,50,73.844634
-15.217087,50,73.884882
-19.950478,50,73.923717
-11.872975,50,73.957558
-15.674125,50,73.992438
-18.053642,50,74.023477
-13.392364,50,74.046033
-15.293806,50,74.073635
-15.510254,50,74.119151
-19.313896,50,74.151623
-11.416675,50,74.182702
-17.889977,50,74.213395
-14.664737,50,74.241357
-17.298054,50,74.271533
-12.266477,50,74.298333
-16.439284,50,74.340684
-18.349899,50,74.379645
-12.920565,50,74.418481
-16.399817,50,74.459302
-16.553537,50,74.498826
-17.259212,50,74.539246
-14.361639,50,74.572032
-15.127761,50,74.593912
-13.720273,50,74.620991
-17.729316,50,74.655081
-17.933003,50,74.680888
-14.097471,50,75.337874
-16.939257,50,75.37564
-13.966929,50,75.415356
-17.117761,50,75.456469
-17.482555,50,75.493962
-18.474156,50,75.532034
-18.999141,50,75.570565
-12.014985,50,75.612182
-11.947374,50,75.649698
-16.048705,50,75.690103
-12.947014,50,75.730626
-13.249063,50,75.766218
-14.104509,50,75.807839
-13.343777,50,75.846052
-16.941733,50,75.880513
-12.57655,50,75.921894
-16.404154,50,75.951622
-9.694935,50,75.980343
-15.125569,50,76.014393
-12.570725,50,76.047209
-10.652651,50,76.085801
-14.909295,50,76.121704
-12.426369,50,76.153398
-12.644191,50,76.189467
-16.193757,50,76.218399
-17.171259,50,76.245246
-12.055655,50,76.275175
-10.580096,50,76.312936
-16.863949,50,76.339581
-14.89168,50,76.383847
-12.262475,50,76.420953
-14.39416,50,76.462338
-18.4198,50,76.502094
-20.429013,50,76.539437
-17.534486,50,76.583362
-12.59907,50,76.609953
-17.840673,50,76.640619
-12.84322,50,76.677513
-11.120365,50,76.70217
-18.30877,50,76.743039
-12.851354,50,76.773875
-11.469279,50,77.42942
-12.718934,50,77.472026
-13.125963,50,77.50938
-16.094385,50,77.549862
-12.986295,50,77.588416
-12.949948,50,77.62511
-18.073794,50,77.666253
-11.841378,50,77.703755
-15.051922,50,77.736939
-18.135661,50,77.766909
-14.402971,50,77.796785
-13.035977,50,77.821331
-12.211486,50,77.846222
-15.950284,50,77.869376
-13.600028,50,77.905901
-17.195175,50,77.949414
-12.354304,50,77.984197
-18.258548,50,78.024489
-15.591824,50,78.063892
-15.102256,50,78.086643
-12.874043,50,78.108863
-13.269273,50,78.13734
-17.490979,50,78.159622
-12.415423,50,78.186842
-15.858786,50,78.21219
-12.49253,50,78.238134
-15.171457,50,78.260114
-14.601831,50,78.288848
-17.617851,50,78.329304
-14.250286,50,78.371261
-13.48301,50,78.408744
-14.601691,50,78.447378
-15.962356,50,78.489103
-17.112897,50,78.518659
-13.229674,50,78.559807
-16.661594,50,78.598815
-19.459561,50,78.638343
-11.967478,50,78.680097
-18.291581,50,78.715077
-20.834344,50,78.756481
-15.430749,50,78.798002
-15.38039,50,79.45
-14.192901,50,79.484307
-15.288847,50,79.52593
-16.813229,50,79.564332
-16.297325,50,79.601952
-11.315754,50,79.643723
-11.766418,50,79.681977
-12.76122,50,79.711685
-13.703171,50,79.755931
-18.809658,50,79.788893
-12.594499,50,79.812618
-18.370424,50,79.848417
-11.073183,50,79.874764
-12.661089,50,79.909139
-12.658717,50,79.944933
-11.590254,50,79.970009
-19.043653,50,80.001733
-17.555061,50,80.027482
-11.82946,50,80.052314
-11.516552,50,80.084382
-15.087785,50,80.117886
-19.635901,50,80.150748
-16.238028,50,80.181203
-17.706158,50,80.21441
-14.044179,50,80.242978
-15.131157,50,80.285416
-12.010493,50,80.319952
-12.096127,50,80.359242
-16.894026,50,80.399286
-11.830241,50,80.427408
-10.933597,50,80.468184
-17.317395,50,80.508677
-17.203476,50,80.549448
-12.734882,50,80.589043
-17.186031,50,80.62748
-13.715953,50,80.669958
-13.68809,50,80.701548
-14.59908,50,80.725686
-16.919598,50,80.748627
-11.567087,50,80.78102
-15.965995,50,80.821561
-16.428348,50,81.480392
-10.783014,50,81.520015
-18.635547,50,81.556362
-14.038264,50,81.594676
-17.206178,50,81.630984
-13.039391,50,81.669995
-12.503145,50,81.710915
-19.643098,50,81.749836
-14.041574,50,81.793457
-11.666106,50,81.832484
-17.690384,50,81.875555
-11.674599,50,81.915984
-13.405408,50,81.954316
-16.889744,50,81.99592
-15.99815,50,82.031851
-12.070036,50,82.068872
-16.188826,50,82.111002
-17.347959,50,82.138011
-13.29164,50,82.17668
-12.892931,50,82.198411
-16.844121,50,82.218529
-14.76979,50,82.258524
-11.972859,50,82.293554
-12.018181,50,82.325329
-11.386749,50,82.364749
-12.810179,50,82.402931
-16.529019,50,82.425859
-11.087144,50,82.447314
-12.117131,50,82.488565
-14.942125,50,82.529956
-11.910242,50,82.568899
-16.096461,50,82.60873
-15.034054,50,82.648427
-17.912218,50,82.687492
-12.452896,50,82.725274
-11.335781,50,82.767229
-13.031418,50,82.804225
-11.951672,50,82.839661
-13.279569,50,82.874378
-12.764828,50,82.899008
-10.4901,50,82.925514
-15.389609,50,83.752959
-16.725097,50,83.788255
-15.619339,50,83.830779
-12.980959,50,83.874572
-15.802017,50,83.91161
-12.8147,50,83.952901
-16.39404,50,83.990634
-18.382531,50,84.034074
-17.157879,50,84.075429
-14.685619,50,84.115323
-14.81886,50,84.151636
-12.389159,50,84.194916
-13.890081,50,84.235572
-12.484472,50,84.278381
-12.703221,50,84.318996
-11.134263,50,84.357932
-16.253587,50,84.399736
-12.594472,50,84.440679
-13.84506,50,84.485373
-13.001674,50,84.52657
-11.506163,50,84.56777
-15.805536,50,84.612734
-12.833662,50,84.652768
-12.276863,50,84.699372
-13.279657,50,84.731619
-12.161659,50,84.768984
-11.078564,50,84.8069
-15.779007,50,84.84962
-12.913864,50,84.891082
-12.571946,50,84.928801
-18.531648,50,84.970262
-12.332055,50,85.008524
-17.43208,50,85.05095
-12.025085,50,85.092288
-11.538483,50,85.132729
-15.478139,50,85.174602
-10.506563,50,85.207668
-12.455411,50,85.229419
-12.271617,50,85.265543
-12.820516,50,85.303994
-14.937965,50,85.338501
-12.945324,50,85.9188
-18.726962,50,85.951542
-14.924822,50,85.971608
-12.835205,50,85.991637
-16.597797,50,86.029868
-11.813242,50,86.071721
-12.572727,50,86.112049
-13.454374,50,86.153236
-13.439344,50,86.192273
-15.46242,50,86.23068
-11.610285,50,86.271397
-18.074941,50,86.310944
-16.492318,50,86.350441
-13.842978,50,86.392143
-11.855362,50,86.434527
-14.33053,50,86.475605
-16.498413,50,86.513351
-12.199511,50,86.5453
-12.584804,50,86.587373
-12.436888,50,86.613554
-12.424579,50,86.648877
-17.217809,50,86.684296
-12.147199,50,86.717929
-12.877025,50,86.751253
-15.664165,50,86.792768
-14.569626,50,86.822657
-12.364704,50,86.843955
-14.638862,50,86.876952
-16.678211,50,86.900606
-14.328772,50,86.921643
-16.107362,50,86.946017
-20.472902,50,86.974085
-14.395682,50,87.002071
-15.256824,50,87.029966
-14.749428,50,87.057864
-13.084055,50,87.096936
-17.653215,50,87.138159
-15.614395,50,87.178813
-11.791372,50,87.216248
-11.808326,50,87.255519
-15.111379,50,87.29544
-11.489227,50,87.982264
-11.316352,50,88.017998
-12.018252,50,88.057342
-16.397116,50,88.097055
-14.966836,50,88.125908
-15.044752,50,88.166985
-13.073686,50,88.205397
-15.498597,50,88.242868
-15.01964,50,88.276906
-15.997195,50,88.30565
-13.109206,50,88.335352
-13.405656,50,88.363725
-10.869508,50,88.388854
-13.277428,50,88.415727
-11.938671,50,88.454575
-15.875333,50,88.481312
-15.663813,50,88.513024
-10.958069,50,88.543496
-11.934646,50,88.584046
-11.297602,50,88.619092
-15.687887,50,88.660356
-15.6806,50,88.693772
-13.64856,50,88.716112
-13.319973,50,88.745077
-15.923717,50,88.783135
-9.992359,50,88.81172
-17.797642,50,88.850022
-16.331951,50,88.87928
-11.435629,50,88.908451
-13.633897,50,88.936433
-15.238735,50,88.970261
-11.281013,50,89.011996
-11.50064,50,89.052278
-13.330697,50,89.091373
-15.115256,50,89.130327
-11.127986,50,89.168534
-19.312894,50,89.206287
-16.403971,50,89.243559
-9.943119,50,89.282932
-13.170773,50,89.322015
-10.632378,50,89.362372
-10.545472,50,90.050063
-12.303143,50,90.088876
-12.869154,50,90.126159
-13.805717,50,90.167238
-9.888101,50,90.207755
-16.349791,50,90.247062
-15.582962,50,90.285406
-11.214022,50,90.327748
-19.209873,50,90.365076
-10.464423,50,90.406195
-16.141726,50,90.435128
-15.789082,50,90.472752
-19.019906,50,90.509317
-18.282886,50,90.542326
-15.384317,50,90.575526
-14.049104,50,90.603379
-14.345543,50,90.630052
-14.587667,50,90.661278
-10.523895,50,90.698522
-19.274235,50,90.728143
-17.388535,50,90.762851
-13.474565,50,90.795478
-17.478597,50,90.831603
-18.273691,50,90.872643
-12.492543,50,90.905455
-11.691161,50,90.935196
-12.005587,50,90.968135
-11.387613,50,91.000645
-13.685803,50,91.033027
-13.196211,50,91.07601
-15.663836,50,91.111752
-17.35723,50,91.153207
-17.252685,50,91.191598
-16.282505,50,91.232319
-10.176778,50,91.263343
-16.766665,50,91.285328
-15.674693,50,91.307786
-13.757845,50,91.330247
-14.596636,50,91.352751
-15.909992,50,91.37813
-10.495408,50,91.419429
-13.800116,50,92.089341
-10.199522,50,92.127602
-12.502814,50,92.168615
-12.533255,50,92.207071
-11.418898,50,92.245347
-13.197775,50,92.284012
-16.387469,50,92.319335
-13.68879,50,92.343789
-15.849045,50,92.377529
-10.978086,50,92.402163
-11.420149,50,92.437815
-12.095336,50,92.466396
-11.24858,50,92.49181
-13.906601,50,92.520508
-14.544381,50,92.545186
-11.863345,50,92.569102
-13.356155,50,92.596364
-16.243597,50,92.617702
-11.128017,50,92.6545
-16.578415,50,92.688394
-10.608045,50,92.71092
-9.934688,50,92.73345
-10.145543,50,92.761769
-11.619319,50,92.802886
-13.890343,50,92.838395
-18.664414,50,92.867898
-11.72806,50,92.895061
-13.414047,50,92.921692
-17.850319,50,92.947959
-13.443466,50,92.977642
-13.093184,50,93.009513
-14.419788,50,93.042006
-11.344046,50,93.08302
-12.09523,50,93.125087
-14.549066,50,93.164733
-14.65653,50,93.204237
-18.067649,50,93.244357
-14.666246,50,93.276953
-17.163201,50,93.318833
-16.37818,50,93.357935
-9.787696,50,93.39502
-13.16818,50,94.102943
-14.134947,50,94.142526
-17.487428,50,94.183352
-17.921256,50,94.222319
-12.506125,50,94.264821
-15.229781,50,94.304276
-14.607592,50,94.337564
-11.921751,50,94.3809
-11.639566,50,94.414495
-9.395911,50,94.45207
-11.998642,50,94.49229
-17.246495,50,94.526242
-15.392853,50,94.553722
-17.993337,50,94.580238
-15.457656,50,94.61362
-9.705851,50,94.640754
-12.010837,50,94.668278
-9.726198,50,94.704484
-13.214614,50,94.735231
-16.11667,50,94.769893
-11.934451,50,94.812963
-15.711917,50,94.851288
-17.230237,50,94.884992
-17.671226,50,94.919035
-11.272334,50,94.941499
-15.44736,50,94.972907
-17.870519,50,95.001186
-12.335499,50,95.034646
-12.332388,50,95.070536
-14.488929,50,95.117968
-15.805006,50,95.156001
-15.691811,50,95.19447
-17.956919,50,95.221195
-14.037165,50,95.250129
-13.173149,50,95.286493
-17.588626,50,95.314641
-10.766527,50,95.33653
-11.254674,50,95.370867
-9.323075,50,95.402777
-13.096852,50,95.431895
-11.607826,50,95.461079
-17.266734,50,96.453312
-16.581313,50,96.494805
-17.858274,50,96.534589
-9.638001,50,96.565975
-12.330299,50,96.603225
-12.098567,50,96.639126
-11.819681,50,96.680263
-11.614066,50,96.720367
-11.631613,50,96.761954
-11.641053,50,96.783189
-10.463656,50,96.805299
-17.062631,50,96.837192
-13.497681,50,96.870501
-9.393551,50,96.894204
-13.8469,50,96.918872
-15.155949,50,96.943103
-11.727007,50,96.978145
-18.342339,50,97.013161
-10.290138,50,97.03935
-17.525112,50,97.069553
-10.510442,50,97.106148
-13.583515,50,97.136017
-14.936511,50,97.166412
-10.711925,50,97.199727
-19.139453,50,97.232435
-10.443306,50,97.25949
-14.92679,50,97.291496
-12.471389,50,97.322544
-10.185904,50,97.351431
-13.95095,50,97.391559
-12.155273,50,97.426558
-11.749487,50,97.465242
-14.409279,50,97.503257
-15.761455,50,97.543937
-11.054278,50,97.580685
-16.868852,50,97.621029
-10.826469,50,97.659295
-18.361743,50,97.69768
-14.405129,50,97.736379
-14.896203,50,97.776453
-10.919188,50,97.812777
-14.904931,50,98.571401
-16.465836,50,98.608452
-9.789053,50,98.649718
-10.634251,50,98.690274
-14.662119,50,98.72834
-14.433271,50,98.767839
-10.848172,50,98.809636
-15.490943,50,98.846509
-9.480503,50,98.88589
-11.214835,50,98.91543
-15.310446,50,98.94142
-10.753987,50,98.96741
-14.608296,50,98.994514
-9.250792,50,99.036149
-10.114317,50,99.068508
-16.184441,50,99.102174
-9.180963,50,99.147899
-16.513678,50,99.181563
-9.101808,50,99.216804
-13.038132,50,99.255177
-12.267056,50,99.289121
-11.362086,50,99.314512
-10.814096,50,99.342986
-14.876367,50,99.368749
-17.857041,50,99.399962
-10.48103,50,99.429038
-14.904939,50,99.467998
-12.549172,50,99.499593
-18.187989,50,99.527526
-10.776699,50,99.561031
-11.858794,50,99.601409
-12.608465,50,99.641691
-14.491776,50,99.679944
-14.448388,50,99.720371
-11.803414,50,99.752211
-14.291781,50,99.783068
-11.702376,50,99.820404
-15.007478,50,99.856719
-10.813164,50,99.883861
-9.768454,50,99.914493
-12.736404,50,99.955911
-17.43521,50,100.861755
-10.907712,50,100.903132
-9.339643,50,100.941469
-13.370179,50,100.983583
-9.861241,50,101.024401
-9.980707,50,101.063797
-14.199867,50,101.102991
-9.728315,50,101.134817
-15.027637,50,101.162224
-16.616808,50,101.196253
-12.082029,50,101.231182
-13.007845,50,101.264906
-13.022045,50,101.287399
-9.783607,50,101.314243
-12.828794,50,101.337386
-13.188498,50,101.359661
-10.136509,50,101.382555
-11.032628,50,101.405417
-14.935596,50,101.428182
-14.271099,50,101.450542
-9.643344,50,101.476834
-11.812026,50,101.507322
-13.858689,50,101.531087
-14.660595,50,101.556342
-17.380102,50,101.579325
-9.52748,50,101.605895
-12.328073,50,101.633068
-15.201621,50,101.664652
-9.878951,50,101.687283
-11.381871,50,101.711281
-13.424625,50,101.735427
-14.758215,50,101.757716
-9.771627,50,101.780467
-12.067648,50,101.80318
-16.281712,50,101.826005
-14.105424,50,101.864063
-11.109424,50,101.892179
-14.607557,50,101.935246
-10.723529,50,101.97436
-9.738114,50,102.010942
-10.959937,50,102.047053
-9.077481,50,102.947042
-12.560221,50,102.984154
-13.26783,50,103.021641
-14.185334,50,103.061333
-9.151895,50,103.097513
-11.161431,50,103.135052
-15.733909,50,103.173542
-10.428968,50,103.21423
-10.800159,50,103.256951
-9.859091,50,103.295135
-12.229113,50,103.334064
-15.827988,50,103.371159
-10.475317,50,103.39788
-10.738239,50,103.432582
-14.322113,50,103.469458
-16.111218,50,103.509956
-14.561022,50,103.545528
-14.805164,50,103.578052
-14.482141,50,103.61281
-13.158237,50,103.647635
-13.118795,50,103.681221
-16.958943,50,103.715005
-13.014443,50,103.755806
-10.516188,50,103.780484
-14.761363,50,103.816704
-11.389847,50,103.851693
-10.389945,50,103.88876
-15.031032,50,103.926866
-13.592842,50,103.954814
-10.595053,50,103.986912
-15.788064,50,104.027486
-15.84241,50,104.065965
-15.043408,50,104.107608
-13.518434,50,104.13612
-9.812858,50,104.168204
-15.181999,50,104.198274
-13.935994,50,104.226311
-14.766943,50,104.259997
-11.886526,50,104.29046
-15.837674,50,104.321412
-10.824967,50,104.35805
-10.476055,50,105.338287
-10.830202,50,105.375367
-9.869614,50,105.417943
-12.304036,50,105.458097
-9.076163,50,105.496876
-12.504704,50,105.536475
-11.882536,50,105.57232
-9.801302,50,105.602345
-14.723922,50,105.634367
-16.24748,50,105.666544
-9.229529,50,105.689046
-11.09171,50,105.709703
-12.979784,50,105.730596
-8.930147,50,105.760402
-9.635043,50,105.795462
-17.187211,50,105.819155
-11.935762,50,105.842779
-10.429434,50,105.875242
-12.093339,50,105.90346
-12.112872,50,105.929055
-16.57944,50,105.952277
-14.740599,50,105.980164
-9.120502,50,106.009748
-14.378027,50,106.036645
-13.660551,50,106.080008
-9.060016,50,106.105432
-14.163608,50,106.146448
-10.718078,50,106.18964
-9.323608,50,106.232435
-12.829539,50,106.266258
-16.50448,50,106.288745
-14.91049,50,106.31216
-12.999727,50,106.347285
-11.609672,50,106.381915
-12.867469,50,106.407154
-10.402001,50,106.435423
-13.712169,50,106.461968
-16.043681,50,106.48931
-9.437958,50,106.533856
-10.648285,50,106.570479
-8.446475,50,106.60397
-11.452187,50,107.258654
-11.645973,50,107.291366
-15.776928,50,107.323314
-12.342356,50,107.361916
-11.436192,50,107.396422
-10.582221,50,107.435914
-16.626046,50,107.465971
-10.706007,50,107.499788
-13.911466,50,107.529949
-12.051378,50,107.560265
-11.78529,50,107.603192
-14.126688,50,107.644252
-12.857983,50,107.677408
-10.072506,50,107.714553
-16.292911,50,107.752134
-15.030664,50,107.782542
-13.501649,50,107.823825
-15.895386,50,107.859155
-12.002303,50,107.895214
-12.82239,50,107.931332
-9.620521,50,107.963074
-9.446169,50,107.994214
-11.112409,50,108.029735
-9.791081,50,108.057953
-15.905065,50,108.083188
-14.479094,50,108.119516
-13.956297,50,108.154907
-11.123153,50,108.188488
-12.064329,50,108.223843
-10.30024,50,108.252887
-9.984528,50,108.289894
-17.194909,50,108.315217
-10.042496,50,108.343748
-10.758035,50,108.382101
-9.800559,50,108.42222
-9.849961,50,108.461259
-11.706633,50,108.504584
-14.274003,50,108.54253
-14.211485,50,108.564818
-8.120276,50,108.58726
-10.24813,50,109.245369
-16.206561,50,109.28383
-15.701246,50,109.319634
-9.480907,50,109.3611
-11.794643,50,109.403216
-11.268515,50,109.442154
-11.764596,50,109.483613
-17.801951,50,109.518604
-9.751574,50,109.557361
-16.089125,50,109.597955
-8.094265,50,109.624437
-15.871245,50,109.652102
-9.697694,50,109.689572
-12.074533,50,109.72538
-11.681406,50,109.759607
-8.630088,50,109.782671
-14.719857,50,109.812827
-10.526384,50,109.842411
-9.196407,50,109.874787
-12.516055,50,109.895935
-13.157278,50,109.916453
-10.067934,50,109.941942
-12.769708,50,109.970554
-10.529418,50,110.00336
-8.291551,50,110.027349
-9.055296,50,110.050689
-9.104966,50,110.089358
-10.034509,50,110.120478
-11.981671,50,110.16073
-14.889138,50,110.194667
-10.63897,50,110.217425
-11.981573,50,110.246383
-10.980944,50,110.283046
-11.859643,50,110.322702
-10.835667,50,110.365115
-13.410575,50,110.394222
-10.74833,50,110.421542
-12.001259,50,110.454108
-8.885473,50,110.481379
-12.417513,50,110.517133
-15.323146,50,110.542426
-12.973803,50,111.296308
-15.688809,50,111.329298
-13.247002,50,111.372346
-10.057042,50,111.413968
-14.508249,50,111.45251
-9.917111,50,111.496193
-15.090296,50,111.530432
-14.234165,50,111.570524
-10.591088,50,111.598705
-8.827578,50,111.623598
-12.23463,50,111.646443
-14.511907,50,111.675376
-18.062309,50,111.709011
-8.835407,50,111.735846
-10.73135,50,111.760186
-14.843935,50,111.785438
-14.849709,50,111.817379
-10.30108,50,111.842191
-10.314244,50,111.867867
-8.945243,50,111.904435
-8.981719,50,111.930162
-12.139968,50,111.95668
-13.750034,50,111.984221
-16.557495,50,112.018184
-12.982871,50,112.052531
-8.256225,50,112.083844
-9.370627,50,112.108533
-8.450601,50,112.133159
-15.742691,50,112.155867
-15.069037,50,112.184602
-16.682193,50,112.219775
-9.56264,50,112.25143
-7.638417,50,112.290395
-14.987768,50,112.314145
-10.110015,50,112.35423
-9.409475,50,112.398297
-17.687128,50,112.440209
-15.867312,50,112.47459
-9.245068,50,112.513146
-9.154041,50,112.544055
-11.992173,50,112.578607
-9.167567,50,113.40695
-10.313727,50,113.447699
-9.776552,50,113.484429
-16.410788,50,113.527063
-10.604104,50,113.564731
-11.749326,50,113.60045
-9.060661,50,113.630151
-16.398141,50,113.671453
-8.918438,50,113.702156
-15.408506,50,113.73
-8.979098,50,113.760082
-17.468219,50,113.784539
-16.352239,50,113.81868
-13.426199,50,113.851989
-13.207016,50,113.892565
-9.649997,50,113.931436
-10.343973,50,113.959878
-16.861085,50,113.987665
-8.690098,50,114.015781
-9.666479,50,114.038513
-9.440398,50,114.067041
-14.939355,50,114.100317
-10.2279,50,114.127862
-12.842775,50,114.165459
-9.384757,50,114.192131
-14.191599,50,114.220297
-17.421589,50,114.252796
-15.91028,50,114.283308
-10.591478,50,114.322952
-13.530554,50,114.358945
-9.775825,50,114.400131
-13.45037,50,114.440875
-14.487127,50,114.479702
-9.779466,50,114.516642
-12.18086,50,114.55346
-11.051475,50,114.580986
-11.968488,50,114.606327
-15.137094,50,114.641022
-11.369916,50,114.670075
-9.810813,50,114.695069
-11.272491,50,114.733119
-9.011467,50,115.384236
-11.070569,50,115.4183
-13.108835,50,115.448993
-15.21923,50,115.492058
-10.093526,50,115.525448
-9.263743,50,115.560469
-14.358993,50,115.601639
-10.0399,50,115.639673
-11.848537,50,115.679826
-15.963094,50,115.719697
-10.158552,50,115.759216
-13.881628,50,115.794961
-8.580022,50,115.835273
-12.284583,50,115.876717
-12.448946,50,115.914333
-10.844981,50,115.953315
-14.894078,50,115.979651
-17.80337,50,116.003415
-14.399083,50,116.027161
-9.069333,50,116.052531
-11.351865,50,116.092516
-12.979424,50,116.124675
-10.725968,50,116.154425
-11.641756,50,116.17967
-9.662687,50,116.204235
-12.679616,50,116.241659
-8.601647,50,116.274696
-8.713598,50,116.304721
-10.706529,50,116.330976
-11.478848,50,116.368968
-9.446461,50,116.396318
-13.471382,50,116.441857
-16.934932,50,116.478728
-14.984373,50,116.524649
-12.389551,50,116.564853
-9.648602,50,116.605196
-9.024916,50,116.643531
-9.696146,50,116.671123
-12.407122,50,116.710935
-9.109781,50,116.735612
-15.895935,50,116.761135
-10.153137,50,117.485622
-9.368332,50,117.520706
-10.3402,50,117.565198
-12.949234,50,117.603483
-10.191092,50,117.642531
-16.8188,50,117.683231
-16.775138,50,117.721885
-12.493937,50,117.763324
-15.057069,50,117.800482
-12.60599,50,117.841877
-13.584169,50,117.877965
-11.181144,50,117.909999
-15.94859,50,117.941869
-9.107577,50,117.969167
-9.811021,50,117.995121
-9.969709,50,118.020458
-16.06508,50,118.050515
-9.87458,50,118.08338
-9.552324,50,118.108558
-12.944921,50,118.153874
-10.806395,50,118.187479
-11.512993,50,118.216992
-9.621953,50,118.247072
-11.430752,50,118.277698
-13.221256,50,118.312673
-13.377057,50,118.353497
-9.820016,50,118.388628
-11.657204,50,118.417318
-9.622663,50,118.455158
-16.961974,50,118.491781
-9.692194,50,118.532362
-8.863373,50,118.574214
-11.948966,50,118.614544
-12.89557,50,118.65255
-17.482363,50,118.691022
-10.631699,50,118.728133
-12.31884,50,118.766617
-11.558135,50,118.805481
-14.830808,50,118.840708
-11.192964,50,118.87863
-12.28208,50,118.917856
-17.0964,50,119.583887
-15.237247,50,119.616262
-15.035649,50,119.64062
-15.548135,50,119.666231
-12.565476,50,119.710928
-12.748921,50,119.749356
-10.401158,50,119.790067
-10.973337,50,119.830413
-15.216873,50,119.869478
-11.823005,50,119.911372
-9.414757,50,119.947019
-12.88309,50,119.970651
-8.620819,50,120.001287
-9.040075,50,120.023327
-14.452502,50,120.045317
-12.940353,50,120.067432
-10.352707,50,120.088797
-13.702855,50,120.119781
-10.241043,50,120.142245
-10.920449,50,120.173482
-14.270429,50,120.200958
-9.044679,50,120.230607
-16.021692,50,120.268927
-10.362443,50,120.309384
-8.897803,50,120.348201
-13.615559,50,120.376954
-8.348803,50,120.410517
-9.965245,50,120.442953
-15.199169,50,120.481583
-10.543888,50,120.514405
-17.211829,50,120.544525
-11.904628,50,120.574851
-11.331835,50,120.613867
-9.97003,50,120.656279
-16.403838,50,120.696245
-10.031727,50,120.734411
-12.870233,50,120.77217
-15.343173,50,120.813234
-8.27723,50,120.851526
-10.149685,50,120.880662
-13.967176,50,120.902583
-8.850342,50,121.582584
-13.733986,50,121.62162
-9.377251,50,121.66142
-10.392069,50,121.700968
-10.137634,50,121.7407
-10.554407,50,121.771715
-16.852274,50,121.79638
-12.176086,50,121.834779
-11.259658,50,121.871116
-10.50434,50,121.899224
-16.936062,50,121.934379
-8.306545,50,121.95989
-14.714874,50,121.992331
-8.554661,50,122.025043
-13.030509,50,122.058751
-10.811616,50,122.089143
-8.097964,50,122.121132
-14.87565,50,122.157506
-11.281448,50,122.192169
-9.106012,50,122.222506
-8.650441,50,122.259084
-16.329711,50,122.281593
-17.119798,50,122.304065
-13.601687,50,122.326671
-14.385377,50,122.349529
-9.44432,50,122.387355
-15.321891,50,122.414637
-13.404283,50,122.444378
-13.235939,50,122.466264
-17.117709,50,122.495473
-11.187911,50,122.526535
-15.400355,50,122.553205
-14.681411,50,122.594935
-9.686301,50,122.626266
-14.445684,50,122.664055
-9.063133,50,122.698417
-8.556682,50,122.736627
-14.220704,50,122.771569
-11.165264,50,122.801982
-11.048999,50,122.833313
-15.206469,50,122.861483
-12.288288,50,123.416992
-13.868062,50,123.440278
-12.843317,50,123.467061
-8.900071,50,123.505426
-8.505064,50,123.54611
-12.112209,50,123.585509
-13.347793,50,123.623112
-13.404867,50,123.663399
-9.489863,50,123.703812
-14.260652,50,123.73017
-10.485038,50,123.773894
-13.974796,50,123.802135
-12.272966,50,123.827094
-14.778011,50,123.854725
-9.338235,50,123.881792
-9.318618,50,123.908793
-8.513503,50,123.936106
-8.980842,50,123.956561
-10.381249,50,123.97635
-8.85272,50,124.019552
-11.503484,50,124.056894
-15.786966,50,124.092025
-12.194838,50,124.131375
-9.322463,50,124.17189
-9.000021,50,124.207708
-13.724982,50,124.243262
-12.943086,50,124.285431
-10.104767,50,124.320796
-9.104681,50,124.363018
-14.87944,50,124.399993
-10.024363,50,124.427289
-11.739039,50,124.463901
-10.712983,50,124.497954
-15.878983,50,124.531419
-11.778832,50,124.559377
-16.117218,50,124.592964
-12.397164,50,124.614719
-8.745459,50,124.642401
-12.27485,50,124.664525
-15.67956,50,124.685883
-17.067109,50,124.716206
-7.770202,50,125.362754
-13.007145,50,125.386554
-16.92972,50,125.40799
-9.745349,50,125.429341
-8.167061,50,125.454031
-9.596972,50,125.474002
-10.329852,50,125.503783
-13.933783,50,125.526806
-9.766432,50,125.549052
-13.231497,50,125.577826
-8.270126,50,125.601645
-10.152309,50,125.635426
-10.566054,50,125.672253
-18.659448,50,125.711456
-11.850208,50,125.753275
-12.36822,50,125.793084
-15.319366,50,125.823822
-9.205759,50,125.847457
-12.389307,50,125.888611
-11.376465,50,125.916905
-8.255801,50,125.949494
-12.182235,50,125.977091
-11.227556,50,126.004876
-14.783235,50,126.032231
-11.798436,50,126.060853
-12.637211,50,126.091693
-10.538587,50,126.11968
-8.323885,50,126.146597
-8.973541,50,126.173647
-10.38955,50,126.196395
-11.993928,50,126.220183
-9.949246,50,126.264324
-14.585801,50,126.287287
-9.44455,50,126.308728
-15.954592,50,126.333875
-9.454002,50,126.360243
-15.744754,50,126.382923
-11.630857,50,126.403345
-9.385741,50,126.444991
-8.716705,50,126.48539
-10.386057,50,126.52589
-11.982971,50,127.211447
-15.500008,50,127.239903
-11.12991,50,127.264905
-7.681327,50,127.285257
-8.213615,50,127.309326
-11.365042,50,127.336218
-11.293348,50,127.373177
-8.837544,50,127.399756
-8.593054,50,127.426239
-12.55439,50,127.44873
-14.579591,50,127.473624
-11.485714,50,127.498151
-15.883755,50,127.523049
-12.286163,50,127.552357
-10.853331,50,127.573342
-9.092288,50,127.594453
-16.409587,50,127.618957
-14.836208,50,127.643186
-11.253873,50,127.671989
-8.108618,50,127.691786
-9.661211,50,127.711532
-14.619162,50,127.733139
-12.812516,50,127.764765
-15.97133,50,127.79494
-14.111909,50,127.824427
-15.964541,50,127.86225
-15.079192,50,127.890001
-12.506943,50,127.910677
-7.993604,50,127.94018
-10.606295,50,127.975036
-12.428316,50,127.995945
-10.671884,50,128.020568
-13.664711,50,128.052185
-12.896452,50,128.07587
-9.199884,50,128.098065
-12.493699,50,128.119627
-11.794386,50,128.143212
-16.604069,50,128.184057
-17.840857,50,128.208545
-13.606728,50,128.249512
-11.051327,50,128.285733
-9.090172,50,129.015575
-8.60306,50,129.049468
-12.29827,50,129.077512
-10.736251,50,129.104712
-12.523607,50,129.132076
-9.700852,50,129.158032
-12.339237,50,129.182983
-11.359287,50,129.210256
-10.391012,50,129.23897
-12.30221,50,129.269712
-11.105217,50,129.295035
-9.418685,50,129.320961
-11.483192,50,129.347513
-17.852083,50,129.374395
-13.42426,50,129.399138
-10.417265,50,129.424622
-14.654209,50,129.459045
-14.993433,50,129.482639
-16.84498,50,129.503351
-17.790045,50,129.530802
-15.67921,50,129.560078
-16.599522,50,129.589396
-9.436506,50,129.631752
-12.456792,50,129.664255
-11.835915,50,129.694412
-10.762618,50,129.719129
-10.262511,50,129.750754
-11.704315,50,129.787297
-14.96743,50,129.822778
-12.078384,50,129.855694
-11.593024,50,129.893219
-9.995248,50,129.918527
-11.380765,50,129.946395
-13.307107,50,129.987831
-8.839865,50,130.026887
-11.043429,50,130.067345
-9.963034,50,130.105788
-10.806974,50,130.145513
-12.705524,50,130.171759
-8.665742,50,130.207725
-15.618818,50,130.242378
-10.494797,50,130.942243
-9.946962,50,130.980678
-11.810025,50,131.010097
-8.765864,50,131.037256
-10.279053,50,131.062285
-15.475625,50,131.095703
-10.909172,50,131.134045
-13.214363,50,131.173266
-9.137436,50,131.213702
-16.774733,50,131.248515
-8.646216,50,131.286314
-9.341624,50,131.325315
-9.497857,50,131.362291
-10.913384,50,131.394691
-11.501063,50,131.434794
-14.104918,50,131.469387
-15.458242,50,131.512261
-16.497485,50,131.550295
-14.899367,50,131.590228
-9.36559,50,131.633787
-13.408389,50,131.66441
-9.149127,50,131.699913
-16.500896,50,131.722754
-10.14719,50,131.752064
-12.832234,50,131.778761
-15.168066,50,131.813204
-11.207553,50,131.834594
-12.308282,50,131.875345
-10.781687,50,131.909795
-14.115266,50,131.940962
-10.262091,50,131.971449
-10.326998,50,131.993966
-12.951918,50,132.017668
-15.88211,50,132.043423
-9.920986,50,132.079978
-9.386609,50,132.104756
-11.846548,50,132.127469
-8.904921,50,132.155207
-10.569806,50,132.178481
-10.75759,50,132.200068
-9.648399,50,132.222787
-12.349934,50,132.883301
-9.095724,50,132.920963
-12.652599,50,132.954093
-12.015946,50,132.983659
-10.891516,50,133.018634
-9.076905,50,133.042451
-9.481076,50,133.083803
-12.038564,50,133.119206
-11.054203,50,133.154134
-10.578374,50,133.189426
-9.696109,50,133.218852
-10.016926,50,133.262475
-10.958957,50,133.298267
-9.818367,50,133.339358
-9.557439,50,133.379114
-15.97237,50,133.416561
-10.287048,50,133.447978
-8.689687,50,133.482679
-15.068439,50,133.519204
-11.114005,50,133.554132
-9.47146,50,133.587515
-10.093751,50,133.625484
-10.453865,50,133.650234
-13.599846,50,133.675418
-16.482194,50,133.710014
-9.417255,50,133.73505
-11.52982,50,133.771702
-11.64463,50,133.812421
-11.955616,50,133.851093
-10.752026,50,133.887855
-10.15008,50,133.930308
-9.637623,50,133.956615
-9.42287,50,133.992385
-8.956898,50,134.028929
-9.091772,50,134.06077
-10.912643,50,134.085806
-9.265821,50,134.108309
-11.55334,50,134.131036
-9.072333,50,134.153864
-14.326742,50,134.182538
-12.283141,50,134.207633
-9.620688,50,134.817487
-14.828156,50,134.853816
-12.307041,50,134.889794
-17.745825,50,134.92842
-9.486753,50,134.969883
-10.317098,50,135.006282
-9.381256,50,135.044874
-11.893381,50,135.074018
-10.187754,50,135.104111
-12.525288,50,135.126457
-17.374949,50,135.163307
-12.92067,50,135.200382
-11.098119,50,135.240482
-8.250012,50,135.28049
-10.432349,50,135.320434
-9.741092,50,135.360111
-11.241417,50,135.40209
-13.805595,50,135.441002
-16.025896,50,135.480839
-13.985906,50,135.518947
-11.900292,50,135.558789
-8.762693,50,135.599108
-10.008886,50,135.629511
-9.336838,50,135.658664
-11.483526,50,135.683817
-10.795665,50,135.719342
-15.193165,50,135.751963
-9.212697,50,135.778993
-9.067057,50,135.807493
-10.496053,50,135.83728
-15.456311,50,135.878842
-11.219329,50,135.910371
-10.077548,50,135.94529
-10.328248,50,135.981215
-15.386685,50,136.015842
-15.035842,50,136.039763
-12.640868,50,136.073684
-11.619266,50,136.102315
-9.430789,50,136.132502
-10.237638,50,136.171106
-9.220946,50,136.200899
-8.536607,50,136.886728
-8.727207,50,136.919936
-8.382082,50,136.956938
-10.002699,50,136.999258
-10.537471,50,137.041202
-12.328341,50,137.076381
-14.752585,50,137.118498
-13.649638,50,137.146995
-10.507594,50,137.175543
-11.830264,50,137.214129
-10.628563,50,137.249962
-8.667272,50,137.278138
-11.619577,50,137.302881
-10.70512,50,137.325542
-14.618449,50,137.349514
-9.071623,50,137.385889
-12.112944,50,137.413312
-15.676231,50,137.439721
-12.534798,50,137.465854
-11.311182,50,137.489586
-13.535232,50,137.513889
-14.072405,50,137.552962
-9.435901,50,137.575462
-11.426226,50,137.598572
-13.952673,50,137.626345
-8.794916,50,137.665643
-10.912555,50,137.692024
-9.307166,50,137.725679
-10.485468,50,137.755523
-13.643729,50,137.792153
-15.428548,50,137.819746
-13.274617,50,137.849851
-15.742746,50,137.88148
-8.584348,50,137.920933
-12.083339,50,137.9621
-10.793706,50,137.999436
-9.447134,50,138.041469
-11.011925,50,138.076842
-9.019676,50,138.1101
-11.831938,50,138.138466
-9.290887,50,138.174142
-12.935744,50,138.839362
-12.095368,50,138.874554
-8.589146,50,138.917522
-8.365354,50,138.96084
-16.218921,50,139.000008
-11.985767,50,139.042594
-11.800268,50,139.080508
-9.447391,50,139.119844
-10.89022,50,139.15315
-14.594998,50,139.194568
-8.639286,50,139.232806
-13.557826,50,139.271899
-9.066054,50,139.299024
-12.778578,50,139.330232
-10.817416,50,139.363199
-9.420194,50,139.398966
-13.968149,50,139.428668
-13.064883,50,139.456433
-13.132974,50,139.484858
-13.826348,50,139.513365
-10.663244,50,139.540457
-10.314804,50,139.572764
-13.371351,50,139.602353
-13.620755,50,139.631394
-12.304052,50,139.667584
-8.543447,50,139.704027
-9.38288,50,139.732693
-9.19985,50,139.758295
-8.626242,50,139.798841
-16.248511,50,139.834398
-14.959381,50,139.858217
-14.133057,50,139.90295
-9.012479,50,139.94299
-12.147464,50,139.982262
-8.622815,50,140.023186
-10.131893,50,140.058842
-14.399678,50,140.099439
-9.382967,50,140.133386
-11.801652,50,140.16809
-12.147477,50,140.192429
-15.637673,50,140.219417
-12.442639,50,140.92323
-13.015918,50,140.964248
-11.32409,50,141.004847
-8.257556,50,141.043579
-12.41304,50,141.083268
-9.365233,50,141.123007
-9.780165,50,141.155048
-11.418471,50,141.19692
-9.772575,50,141.233476
-12.170753,50,141.269175
-9.870955,50,141.300795
-8.808331,50,141.32842
-8.264792,50,141.356201
-12.831485,50,141.386996
-11.676248,50,141.41935
-8.794161,50,141.449411
-13.742482,50,141.477765
-16.114929,50,141.5028
-15.065397,50,141.544183
-11.662199,50,141.583181
-10.901335,50,141.613288
-11.472218,50,141.643175
-10.384917,50,141.679596
-13.226146,50,141.70418
-8.70863,50,141.730047
-10.238567,50,141.773205
-9.775802,50,141.806786
-8.933732,50,141.841864
-12.028672,50,141.881177
-8.522108,50,141.914655
-16.552083,50,141.957993
-10.843092,50,141.991529
-8.964346,50,142.036386
-12.754716,50,142.081079
-13.636592,50,142.103373
-12.242468,50,142.140055
-9.526645,50,142.166261
-13.092943,50,142.20781
-12.565114,50,142.247987
-9.849375,50,142.287852
-12.801161,50,142.324301
-8.784151,50,143.025506
-12.780668,50,143.063225
-10.456691,50,143.101842
-8.432815,50,143.143196
-11.58473,50,143.180583
-12.852084,50,143.220303
-8.297545,50,143.260213
-12.118543,50,143.300875
-12.031441,50,143.33878
-8.84102,50,143.371943
-12.799811,50,143.406888
-11.571746,50,143.442298
-9.432413,50,143.471947
-9.298826,50,143.503232
-8.863302,50,143.537313
-9.377312,50,143.572222
-13.56755,50,143.606343
-9.393431,50,143.645537
-13.365329,50,143.676079
-12.748146,50,143.702464
-11.599588,50,143.735508
-14.292205,50,143.761776
-8.687755,50,143.792844
-12.524748,50,143.829874
-9.231959,50,143.866347
-7.801507,50,143.90768
-11.332642,50,143.947922
-13.741868,50,143.982679
-13.940288,50,144.023939
-13.847771,50,144.062351
-10.837946,50,144.098228
-13.966034,50,144.136498
-11.62175,50,144.180294
-9.985971,50,144.220245
-9.783872,50,144.253001
-10.613668,50,144.281404
-8.312754,50,144.308544
-8.367809,50,144.337139
-16.336653,50,144.359485
-8.989923,50,144.380901
-14.192287,50,144.404692
-12.008475,50,145.082238
-15.478513,50,145.112868
-12.001984,50,145.145342
-11.097055,50,145.174744
-9.603765,50,145.215819
-16.477575,50,145.253081
-11.498015,50,145.290826
-10.924648,50,145.329932
-11.746127,50,145.361185
-9.873547,50,145.40071
-13.017197,50,145.432217
-11.290424,50,145.46136
-7.943876,50,145.501981
-13.454821,50,145.52878
-8.676468,50,145.554052
-8.249406,50,145.587459
-17.868013,50,145.619603
-12.938662,50,145.643035
-9.440277,50,145.671796
-9.454724,50,145.711994
-13.21412,50,145.750224
-15.848206,50,145.785589
-11.58767,50,145.826191
-10.686982,50,145.858016
-11.216127,50,145.892998
-8.274894,50,145.931659
-13.632998,50,145.958501
-8.267041,50,145.982634
-14.500725,50,146.025281
-13.241474,50,146.062198
-12.724298,50,146.091368
-8.728699,50,146.126915
-10.843244,50,146.149608
-15.206542,50,146.178938
-13.406573,50,146.220748
-12.829031,50,146.247667
-10.564953,50,146.288534
-8.987901,50,146.327493
-12.739717,50,146.359993
-15.220564,50,146.393961
-8.348377,50,146.431063
-11.903515,50,147.147246
-8.361838,50,147.187294
-9.370096,50,147.221361
-8.989697,50,147.263111
-11.725001,50,147.302113
-12.763499,50,147.341916
-9.83912,50,147.380133
-11.546008,50,147.420144
-16.487751,50,147.459112
-13.465768,50,147.497625
-14.434137,50,147.536352
-10.023256,50,147.570314
-10.225158,50,147.596
-15.999783,50,147.636925
-16.585494,50,147.675484
-11.415611,50,147.705825
-8.21461,50,147.742515
-11.23464,50,147.766677
-9.092553,50,147.803997
-10.932728,50,147.838969
-8.845555,50,147.869129
-12.535211,50,147.895946
-12.529639,50,147.925547
-14.749911,50,147.953994
-9.541643,50,147.996435
-13.904349,50,148.035415
-12.341765,50,148.061132
-10.832756,50,148.08692
-15.291535,50,148.109733
-13.772806,50,148.150702
-8.021345,50,148.192433
-8.595306,50,148.228292
-11.234317,50,148.272609
-13.209498,50,148.309684
-14.801409,50,148.329834
-10.650947,50,148.353343
-9.415549,50,148.395558
-9.902595,50,148.432475
-8.927532,50,148.46781
-10.410194,50,148.502817
-10.468635,50,148.534247
-10.835537,50,149.157192
-10.044513,50,149.195313
-9.525333,50,149.2333
-10.289574,50,149.26922
-13.341715,50,149.309859
-12.854439,50,149.348952
-10.626678,50,149.385051
-9.555372,50,149.422235
-8.229962,50,149.459511
-15.152978,50,149.499042
-9.399708,50,149.52655
-10.044533,50,149.553478
-10.355755,50,149.598645
-9.896541,50,149.635582
-9.877247,50,149.669883
-13.438683,50,149.699939
-13.872639,50,149.731195
-8.257881,50,149.760258
-8.724955,50,149.801371
-7.873174,50,149.844316
-14.297411,50,149.886308
-9.755799,50,149.916889
-7.882911,50,149.953442
-10.181517,50,149.986103
-10.192195,50,150.008275
-10.616211,50,150.039622
-12.199477,50,150.073478
-7.892751,50,150.111388
-11.027146,50,150.151005
-12.928766,50,150.185735
-12.68026,50,150.211772
-9.365406,50,150.247787
-12.143488,50,150.293277
-9.262532,50,150.333253
-16.053412,50,150.373057
-9.069757,50,150.40987
-10.651054,50,150.450117
-14.443936,50,150.474945
-8.165634,50,150.499855
-8.377137,50,150.530476
-16.35398,50,150.560377
-10.529054,50,151.253138
-8.895632,50,151.290429
-10.918318,50,151.329378
-9.628369,50,151.368079
-10.200338,50,151.404303
-8.507431,50,151.446358
-12.52109,50,151.484421
-12.930073,50,151.52053
-14.517203,50,151.5598
-13.309847,50,151.599408
-14.534116,50,151.638789
-11.439759,50,151.678006
-8.921562,50,151.714281
-13.99827,50,151.745392
-12.439633,50,151.790494
-10.744855,50,151.827257
-9.052533,50,151.863008
-15.345482,50,151.897238
-11.347506,50,151.930952
-7.873861,50,151.963541
-8.841216,50,151.985199
-12.078856,50,152.02434
-12.578234,50,152.065418
-8.392861,50,152.103237
-7.808925,50,152.135256
-13.358382,50,152.157675
-8.771741,50,152.19522
-8.229561,50,152.227661
-8.258696,50,152.272236
-9.666189,50,152.311828
-11.068566,50,152.351278
-7.995679,50,152.391994
-10.861226,50,152.427239
-9.864907,50,152.459871
-14.078941,50,152.487789
-12.331803,50,152.521676
-12.556371,50,152.546056
-15.968187,50,152.571677
-12.73579,50,152.597806
-9.903792,50,152.638691
-12.317469,50,152.674117
-10.349145,50,153.427483
-11.815852,50,153.46844
-9.466696,50,153.507076
-9.33613,50,153.544724
-11.620109,50,153.584423
-9.695553,50,153.623534
-10.003634,50,153.664402
-10.26213,50,153.704304
-11.543055,50,153.74243
-7.903275,50,153.783412
-9.209432,50,153.826157
-12.178932,50,153.855748
-12.311972,50,153.889083
-7.959222,50,153.918094
-13.460588,50,153.953973
-13.535955,50,153.98709
-11.559014,50,154.025121
-8.782895,50,154.059061
-9.052064,50,154.091049
-7.474532,50,154.12139
-11.409017,50,154.151155
-10.179509,50,154.184676
-13.600282,50,154.218111
-13.98091,50,154.257334
-8.080952,50,154.289448
-15.218496,50,154.326443
-9.246299,50,154.36129
-12.595503,50,154.396615
-11.961205,50,154.438157
-11.103901,50,154.476647
-13.879515,50,154.516747
-8.823188,50,154.556828
-11.230113,50,154.597791
-11.811208,50,154.63652
-8.21859,50,154.675084
-8.843525,50,154.715217
-14.39379,50,154.750892
-13.418769,50,154.785321
-11.273498,50,154.817013
-15.457014,50,154.850939
-11.280498,50,154.888078
-9.524178,50,155.573065
-12.465529,50,155.613731
-11.078705,50,155.648087
-11.060803,50,155.687072
-10.654315,50,155.727323
-10.415169,50,155.768178
-14.367845,50,155.808292
-9.459859,50,155.848934
-14.430697,50,155.886779
-9.530819,50,155.913662
-12.210133,50,155.93991
-8.042207,50,155.972805
-14.258997,50,156.008546
-13.899842,50,156.039757
-9.627834,50,156.081865
-12.694334,50,156.122345
-9.44219,50,156.15133
-11.380514,50,156.193294
-9.914959,50,156.226335
-9.795318,50,156.267699
-9.10626,50,156.30353
-13.442645,50,156.342522
-16.122223,50,156.383167
-16.187774,50,156.419518
-14.782076,50,156.462724
-12.315338,50,156.493196
-11.031645,50,156.521572
-10.451193,50,156.549019
-12.356233,50,156.593652
-7.754327,50,156.630213
-8.336087,50,156.657151
-12.528601,50,156.689514
-9.634659,50,156.725307
-8.652917,50,156.766329
-9.497463,50,156.803442
-7.934365,50,156.840458
-13.937177,50,156.878185
-10.5417,50,156.918767
-12.162407,50,156.949935
-9.378908,50,156.981858
-8.280752,50,157.005759
-9.820029,50,157.679852
-14.451352,50,157.720295
-9.195075,50,157.759531
-9.027252,50,157.800009
-7.802486,50,157.836458
-17.199824,50,157.877041
-9.858051,50,157.905295
-12.084555,50,157.942433
-10.999805,50,157.969372
-8.347296,50,158.008864
-14.359458,50,158.034483
-12.263297,50,158.061987
-10.833117,50,158.091043
-8.863668,50,158.120944
-8.496504,50,158.150588
-9.870671,50,158.183966
-10.125808,50,158.210474
-15.318572,50,158.236
-8.044555,50,158.26211
-8.005138,50,158.286479
-7.876646,50,158.31123
-7.961181,50,158.348942
-13.462712,50,158.3758
-9.584649,50,158.405351
-12.553827,50,158.44319
-16.068928,50,158.482953
-8.497805,50,158.524218
-16.158323,50,158.549392
-7.847525,50,158.57861
-9.500769,50,158.604724
-12.624114,50,158.63957
-7.499754,50,158.685227
-12.396554,50,158.725242
-11.716469,50,158.76384
-12.434545,50,158.80343
-11.775358,50,158.84019
-10.359227,50,158.87916
-9.81895,50,158.916101
-13.096234,50,158.955278
-7.773266,50,158.99024
-12.633353,50,159.789813
-9.373876,50,159.830226
-10.61468,50,159.870796
-8.470952,50,159.907261
-7.977296,50,159.946851
-11.152393,50,159.989938
-15.973182,50,160.03037
-9.636243,50,160.072302
-7.933186,50,160.111055
-10.575287,50,160.148029
-9.713361,50,160.188574
-10.589766,50,160.227899
-9.209105,50,160.269148
-11.186455,50,160.307358
-9.300179,50,160.347394
-8.34189,50,160.390034
-8.348732,50,160.425274
-9.23844,50,160.466202
-12.251923,50,160.496331
-13.653973,50,160.520202
-10.011887,50,160.549382
-10.094898,50,160.580638
-15.25383,50,160.609832
-9.592066,50,160.640934
-9.291995,50,160.668249
-11.474769,50,160.696539
-8.846641,50,160.723365
-11.872688,50,160.75826
-12.592746,50,160.798605
-8.21778,50,160.837279
-7.672719,50,160.879979
-7.321906,50,160.917316
-7.605262,50,160.956925
-9.826448,50,160.997597
-11.930161,50,161.036777
-10.257901,50,161.070457
-10.257547,50,161.112837
-13.867136,50,161.152982
-10.576814,50,161.180588
-17.524272,50,161.218602
-14.558716,50,161.251755
-9.066943,50,161.883353
-10.261936,50,161.922469
-8.691501,50,161.961473
-14.878322,50,162.001082
-9.31634,50,162.042219
-8.334537,50,162.081658
-9.864074,50,162.120275
-11.633793,50,162.158475
-8.840173,50,162.190953
-8.02254,50,162.233088
-9.01316,50,162.273115
-8.509612,50,162.305372
-13.616094,50,162.333478
-7.680193,50,162.368672
-8.807409,50,162.390918
-8.719732,50,162.415033
-15.176387,50,162.453111
-12.75591,50,162.489673
-9.040365,50,162.511492
-9.427182,50,162.553586
-10.49751,50,162.592669
-8.729443,50,162.619985
-10.687876,50,162.647657
-9.52279,50,162.682444
-8.428564,50,162.710733
-10.233162,50,162.739552
-10.762667,50,162.777525
-9.254227,50,162.817728
-14.49984,50,162.856461
-7.535938,50,162.895294
-9.914847,50,162.932904
-9.608321,50,162.975037
-9.250209,50,163.014727
-10.050564,50,163.055833
-13.168803,50,163.093368
-9.485998,50,163.117897
-10.613918,50,163.139503
-9.239277,50,163.161526
-11.574144,50,163.188125
-9.165349,50,163.214336
-10.148291,50,163.250205
-11.651061,50,164.055976
-12.935232,50,164.096247
-11.740289,50,164.132615
-9.318094,50,164.173469
-11.034262,50,164.213082
-11.164774,50,164.254023
-8.121581,50,164.29336
-15.655398,50,164.330816
-11.396726,50,164.367178
-9.573592,50,164.396841
-11.725106,50,164.427358
-16.321281,50,164.454497
-8.501861,50,164.494385
-11.927556,50,164.530899
-11.153229,50,164.573029
-9.796716,50,164.610006
-7.962362,50,164.651498
-11.303655,50,164.685869
-12.204147,50,164.723903
-7.710708,50,164.757387
-8.83962,50,164.799242
-8.937146,50,164.839524
-7.606167,50,164.875663
-10.609497,50,164.916356
-9.493205,50,164.951096
-8.036691,50,164.985514
-13.209826,50,165.007573
-12.651661,50,165.028956
-8.746355,50,165.050307
-11.835878,50,165.094449
-11.365868,50,165.130742
-13.525996,50,165.174597
-10.588352,50,165.2081
-9.326311,50,165.241594
-15.796061,50,165.27642
-16.987552,50,165.309396
-10.929876,50,165.345658
-11.070557,50,165.374936
-8.506059,50,165.415563
-8.773525,50,165.448999
-13.335325,50,165.478285
-8.983171,50,166.201304
-9.757354,50,166.239344
-13.464763,50,166.280312
-13.013178,50,166.319548
-8.097183,50,166.357565
-11.330176,50,166.396938
-15.381933,50,166.434586
-12.383952,50,166.464043
-10.283984,50,166.500229
-9.199659,50,166.532207
-7.86974,50,166.553824
-10.271605,50,166.589194
-8.530646,50,166.625293
-14.331624,50,166.650512
-8.267963,50,166.681534
-8.876266,50,166.715073
-13.060245,50,166.743993
-12.946906,50,166.774846
-13.247552,50,166.806985
-11.322492,50,166.832006
-13.675667,50,166.865236
-8.780891,50,166.891284
-10.744571,50,166.913345
-9.747696,50,166.943194
-11.655815,50,166.973402
-14.86458,50,167.009238
-8.536428,50,167.041297
-7.984886,50,167.081881
-9.739525,50,167.10922
-10.404656,50,167.145576
-14.594916,50,167.17465
-7.907623,50,167.208724
-8.301318,50,167.248533
-8.644229,50,167.288646
-10.615369,50,167.328502
-8.050503,50,167.369912
-9.351589,50,167.403996
-12.241157,50,167.447913
-12.785751,50,167.486535
-14.771987,50,167.517323
-10.943288,50,167.556107
-8.144152,50,168.293883
-11.298334,50,168.329306
-11.289714,50,168.369339
-8.130411,50,168.409671
-14.192461,50,168.45208
-8.521164,50,168.489153
-13.44078,50,168.530319
-13.936336,50,168.567059
-17.178843,50,168.606493
-13.051968,50,168.647725
-10.087473,50,168.674289
-10.710181,50,168.706342
-18.15691,50,168.739565
-15.065467,50,168.771279
-15.055406,50,168.809012
-13.96083,50,168.847447
-12.289882,50,168.880565
-12.457173,50,168.920086
-8.022921,50,168.952295
-7.841868,50,168.992185
-8.639846,50,169.017548
-16.008819,50,169.043545
-11.112249,50,169.081595
-9.719415,50,169.11998
-12.530148,50,169.159096
-10.551806,50,169.192887
-11.109036,50,169.22057
-8.575343,50,169.263491
-13.330191,50,169.293347
-9.980159,50,169.327672
-15.998129,50,169.361519
-10.381338,50,169.403072
-11.814851,50,169.435929
-9.671089,50,169.466425
-10.704642,50,169.496918
-9.815054,50,169.524938
-8.831948,50,169.563505
-9.99946,50,169.603256
-7.395967,50,169.635562
-9.289756,50,169.670872
-9.134247,50,169.707856
-12.219878,50,170.426766
-8.77866,50,170.460406
-14.126697,50,170.500232
-8.459082,50,170.540509
-9.210147,50,170.578412
-7.500932,50,170.616902
-15.590586,50,170.644331
-9.839419,50,170.675932
-11.074587,50,170.708224
-13.896169,50,170.740853
-11.127407,50,170.78156
-10.678145,50,170.815343
-8.918556,50,170.844745
-11.551225,50,170.876256
-8.403855,50,170.910161
-15.652097,50,170.951436
-8.816175,50,170.990635
-13.349354,50,171.016796
-10.318125,50,171.05359
-8.608755,50,171.09249
-9.951691,50,171.124091
-16.671025,50,171.159029
-8.535173,50,171.190367
-10.757063,50,171.227103
-9.006213,50,171.253867
-10.639197,50,171.293736
-8.736932,50,171.335948
-11.474356,50,171.364414
-14.301898,50,171.401636
-11.054207,50,171.441997
-11.408559,50,171.477872
-16.586348,50,171.519155
-8.967742,50,171.559905
-9.488904,50,171.599839
-12.438496,50,171.638226
-15.495749,50,171.679357
-9.174975,50,171.716056
-8.952234,50,171.744311
-15.405129,50,171.778732
-16.558326,50,171.80756
-9.497548,50,171.83354
-17.863644,50,172.495312
-8.993513,50,172.530527
-7.467233,50,172.570891
-10.273409,50,172.61084
-13.394658,50,172.653636
-9.329325,50,172.692254
-9.432739,50,172.734215
-17.257404,50,172.775149
-16.329968,50,172.816024
-10.956755,50,172.855312
-8.853171,50,172.89431
-9.082107,50,172.93692
-12.828127,50,172.976998
-13.575405,50,173.002344
-7.219351,50,173.024221
-9.120807,50,173.045993
-11.275891,50,173.083949
-11.888424,50,173.122255
-11.388196,50,173.152362
-14.597186,50,173.18405
-8.946958,50,173.225373
-8.218038,50,173.259638
-11.294678,50,173.298703
-8.49728,50,173.326531
-9.343088,50,173.362354
-11.412029,50,173.399227
-13.485702,50,173.42714
-9.368594,50,173.449081
-12.689484,50,173.47593
-10.68599,50,173.508041
-15.021873,50,173.550237
-9.785821,50,173.586576
-17.362214,50,173.62945
-12.695194,50,173.669797
-8.196242,50,173.71237
-10.226446,50,173.75488
-11.359113,50,173.78587
-9.343423,50,173.815842
-13.611265,50,173.847582
-8.531198,50,173.883664
-8.597844,50,173.915303
-11.676296,50,174.576773
-12.180634,50,174.615498
-8.98314,50,174.653592
-13.233916,50,174.690164
-7.661753,50,174.730464
-14.846604,50,174.770607
-9.057491,50,174.809224
-15.669794,50,174.849378
-8.534489,50,174.886389
-11.960247,50,174.920581
-10.816265,50,174.95065
-8.206572,50,174.983441
-11.471715,50,175.008203
-8.238108,50,175.029668
-9.350927,50,175.05235
-11.121009,50,175.079909
-8.381603,50,175.108128
-10.898999,50,175.144097
-8.454241,50,175.178356
-12.870068,50,175.20992
-7.621132,50,175.232848
-14.362566,50,175.257088
-10.50327,50,175.282421
-9.000852,50,175.325408
-7.32799,50,175.354897
-8.560195,50,175.383189
-17.551791,50,175.412434
-9.129176,50,175.439638
-9.272685,50,175.474755
-12.864646,50,175.503031
-9.420912,50,175.542417
-14.628275,50,175.584039
-8.223372,50,175.618519
-12.099407,50,175.652561
-9.341859,50,175.677487
-8.776267,50,175.698795
-14.699917,50,175.72489
-10.658594,50,175.746768
-12.524248,50,175.772186
-10.455389,50,175.810718
-8.645874,50,175.849449
-13.317787,50,176.78191
-13.784864,50,176.819038
-7.561318,50,176.856981
-8.141258,50,176.896555
-7.76696,50,176.934091
-15.409438,50,176.977525
-8.702181,50,177.017384
-7.938106,50,177.05547
-12.72796,50,177.098059
-9.924026,50,177.131249
-11.981839,50,177.162521
-10.748592,50,177.196431
-10.228302,50,177.229863
-8.878681,50,177.256361
-8.491413,50,177.283021
-9.056324,50,177.310612
-13.255115,50,177.345439
-8.850266,50,177.383766
-8.855768,50,177.415588
-12.040921,50,177.447645
-10.959791,50,177.487101
-14.137776,50,177.514336
-9.691302,50,177.559954
-10.815051,50,177.598476
-11.206092,50,177.638835
-7.63521,50,177.67891
-11.677203,50,177.714362
-13.709839,50,177.740479
-13.846477,50,177.763502
-10.093886,50,177.806483
-10.325065,50,177.849205
-9.547989,50,177.886482
-11.073078,50,177.92602
-13.13507,50,177.969052
-7.925699,50,178.007925
-8.686185,50,178.040824
-8.729132,50,178.069677
-7.611264,50,178.102248
-15.490768,50,178.131962
-7.689512,50,178.165351
-9.820389,50,178.207044
-7.943095,50,179.210005
-14.519736,50,179.244245
-10.517076,50,179.287278
-9.116744,50,179.321579
-9.891964,50,179.361509
-12.541945,50,179.402938
-15.080937,50,179.44127
-11.084502,50,179.47967
-11.836121,50,179.520435
-10.431779,50,179.553122
-13.349794,50,179.583869
-10.224494,50,179.616859
-13.671861,50,179.644537
-15.183973,50,179.674866
-14.195067,50,179.713392
-11.248232,50,179.750901
-10.455897,50,179.784997
-12.421463,50,179.819138
-9.471138,50,179.858524
-7.239924,50,179.890067
-7.838101,50,179.923513
-9.942456,50,179.957825
-11.851731,50,179.99754
-8.529281,50,180.036022
-10.442968,50,180.060634
-11.735955,50,180.092993
-8.070368,50,180.133433
-10.842448,50,180.164283
-13.158615,50,180.193441
-9.247064,50,180.236476
-14.601715,50,180.278095
-9.391544,50,180.314122
-9.85628,50,180.355049
-9.675609,50,180.387296
-11.231273,50,180.415844
-13.192684,50,180.447048
-8.670367,50,180.470524
-11.218208,50,180.496562
-8.681487,50,180.521108
-11.322569,50,180.546297
-8.432624,50,180.577982
-11.009517,50,181.1795
-7.247729,50,181.215163
-14.766464,50,181.256732
-12.083596,50,181.295547
-7.144419,50,181.333618
-7.591468,50,181.375607
-12.15338,50,181.416049
-7.78662,50,181.442513
-16.30837,50,181.46927
-9.142016,50,181.496523
-11.310456,50,181.53625
-8.768006,50,181.56519
-7.487399,50,181.592949
-16.29329,50,181.619388
-8.455168,50,181.656273
-11.937683,50,181.687303
-15.009618,50,181.720999
-14.144171,50,181.749573
-16.193093,50,181.790967
-14.584128,50,181.815676
-10.565411,50,181.843358
-8.454408,50,181.870069
-16.27493,50,181.897345
-11.626455,50,181.939344
-13.126133,50,181.972892
-13.398733,50,182.012429
-8.80139,50,182.04858
-10.574461,50,182.07973
-14.059666,50,182.107298
-13.023031,50,182.139019
-10.867374,50,182.177036
-11.850921,50,182.21249
-9.846874,50,182.236183
-7.637932,50,182.268124
-8.562552,50,182.311445
-12.69821,50,182.349345
-15.259554,50,182.387251
-15.814961,50,182.426499
-14.784399,50,182.4595
-13.542889,50,182.499734
-11.929765,50,182.535573
-10.855888,50,183.292885
-9.637289,50,183.32835
-9.754842,50,183.368483
-7.842602,50,183.406058
-11.701485,50,183.444943
-9.304687,50,183.486946
-8.696823,50,183.526967
-7.147978,50,183.561279
-14.230815,50,183.591098
-7.934645,50,183.61808
-8.168019,50,183.655377
-8.954616,50,183.690297
-11.077886,50,183.729297
-11.258859,50,183.767548
-15.688082,50,183.794096
-11.900461,50,183.819938
-10.961924,50,183.848346
-12.45608,50,183.875267
-9.791847,50,183.904154
-11.788811,50,183.932196
-8.487327,50,183.954494
-10.189639,50,183.976799
-10.690432,50,183.999217
-14.96819,50,184.032834
-8.584271,50,184.075753
-9.032126,50,184.099212
-13.227755,50,184.129164
-11.153924,50,184.164779
-13.343115,50,184.203707
-7.230358,50,184.232887
-16.564403,50,184.256066
-9.225,50,184.286131
-9.857796,50,184.327579
-10.803363,50,184.368281
-12.276046,50,184.40742
-10.300369,50,184.447052
-9.188943,50,184.483327
-11.160264,50,184.512181
-12.59768,50,184.553392
-8.131943,50,184.587593
-8.620644,50,184.617907
-7.705737,50,185.392431
-8.091629,50,185.432813
-10.014309,50,185.468002
-13.949148,50,185.508309
-9.218612,50,185.550872
-12.013022,50,185.587241
-7.839184,50,185.627449
-8.783828,50,185.669143
-13.419536,50,185.705445
-14.316604,50,185.73676
-16.580114,50,185.770589
-8.97251,50,185.803095
-10.917166,50,185.831972
-7.487056,50,185.867962
-12.818646,50,185.897135
-15.786908,50,185.925994
-13.327674,50,185.952247
-12.34938,50,185.993581
-9.221329,50,186.034093
-8.703759,50,186.064893
-9.090035,50,186.105648
-10.476992,50,186.145999
-15.22858,50,186.170012
-9.264145,50,186.194357
-13.367976,50,186.226928
-11.55125,50,186.257827
-15.63063,50,186.28763
-18.189532,50,186.310549
-9.37273,50,186.35083
-15.908029,50,186.381366
-12.031038,50,186.423159
-9.832288,50,186.457186
-7.775572,50,186.496659
-10.514247,50,186.526083
-9.800197,50,186.556997
-8.029594,50,186.585003
-7.426463,50,186.618516
-7.932103,50,186.645285
-14.529339,50,186.669492
-11.041149,50,186.697018
-9.915876,50,186.730019
-9.450079,50,187.451902
-12.526987,50,187.492249
-10.7131,50,187.531446
-10.487944,50,187.571805
-8.872958,50,187.610681
-8.06558,50,187.648525
-9.221411,50,187.685249
-11.418867,50,187.72353
-7.972381,50,187.760891
-15.913886,50,187.800213
-10.583269,50,187.832326
-12.882077,50,187.858985
-10.167642,50,187.885351
-10.143547,50,187.917764
-16.264914,50,187.947886
-10.29955,50,187.979887
-9.764597,50,188.004633
-13.808595,50,188.030372
-11.375829,50,188.058285
-12.605149,50,188.086357
-18.375509,50,188.112536
-7.808466,50,188.144994
-8.910352,50,188.184986
-10.670628,50,188.223057
-12.4668,50,188.257629
-13.452402,50,188.280364
-10.347555,50,188.310549
-8.494367,50,188.333231
-14.672597,50,188.358078
-16.522386,50,188.382161
-11.293162,50,188.404399
-14.480833,50,188.438457
-7.617052,50,188.481786
-9.230798,50,188.518239
-14.776444,50,188.555377
-7.68017,50,188.597087
-10.59073,50,188.63525
-9.146677,50,188.673327
-9.227643,50,188.713629
-9.220384,50,188.738579
-8.106835,50,188.775268
-9.150656,50,189.532001
-9.524007,50,189.5691
-13.183372,50,189.607522
-9.270479,50,189.647804
-12.214831,50,189.686158
-12.847722,50,189.729157
-13.416374,50,189.7679
-10.18479,50,189.808468
-14.251603,50,189.846331
-10.911837,50,189.885316
-10.042819,50,189.923112
-13.020383,50,189.961768
-9.56024,50,189.99978
-14.770798,50,190.038349
-14.532906,50,190.076753
-7.677648,50,190.113233
-8.896108,50,190.151941
-9.885061,50,190.19213
-11.682257,50,190.232272
-15.978431,50,190.261477
-7.862459,50,190.285978
-9.63023,50,190.321337
-14.801356,50,190.35099
-9.629886,50,190.391993
-8.025525,50,190.423466
-6.81114,50,190.445112
-9.773352,50,190.473197
-11.831977,50,190.503953
-7.912714,50,190.537639
-10.289307,50,190.580483
-7.636234,50,190.618092
-9.898982,50,190.655708
-10.708246,50,190.697875
-10.502063,50,190.722141
-10.4625,50,190.742617
-16.777498,50,190.763052
-11.797885,50,190.797667
-12.340433,50,190.826914
-9.47406,50,190.860662
-9.905802,50,190.897383
-9.231447,50,190.935727
-10.612125,50,191.615929
-8.000822,50,191.65413
-7.628755,50,191.692844
-15.073095,50,191.730527
-15.207093,50,191.766783
-14.545712,50,191.805557
-12.742027,50,191.843953
-10.522506,50,191.882987
-10.898606,50,191.919349
-11.628291,50,191.95954
-11.777931,50,191.986776
-8.247856,50,192.015091
-8.953201,50,192.057997
-7.733832,50,192.085921
-11.046435,50,192.116553
-9.847828,50,192.155053
-11.642435,50,192.183369
-16.607997,50,192.216945
-15.312504,50,192.250782
-11.631774,50,192.2798
-10.044229,50,192.311432
-7.265994,50,192.343357
-11.00479,50,192.383744
-7.961133,50,192.409924
-11.622999,50,192.436186
-9.941098,50,192.461591
-12.553551,50,192.484082
-12.110685,50,192.51648
-9.587957,50,192.554008
-14.734522,50,192.594361
-13.010547,50,192.635688
-12.272601,50,192.675262
-8.781877,50,192.713631
-10.926002,50,192.75592
-11.381908,50,192.796203
-13.492488,50,192.826424
-10.314622,50,192.85439
-9.006065,50,192.880031
-12.379195,50,192.909564
-11.86705,50,192.938413
-9.459212,50,192.963743
-11.206207,50,193.601082
-10.341784,50,193.627801
-9.481919,50,193.671873
-7.479086,50,193.707954
-9.939063,50,193.744287
-7.811655,50,193.784007
-10.701355,50,193.821898
-7.601105,50,193.860611
-12.677542,50,193.901001
-15.747831,50,193.9314
-14.196954,50,193.955817
-13.329305,50,193.981583
-12.716454,50,194.019027
-11.378656,50,194.047483
-8.812854,50,194.086147
-16.066048,50,194.118804
-14.148171,50,194.153374
-7.561796,50,194.178771
-12.542693,50,194.202403
-13.40488,50,194.234374
-7.960483,50,194.257336
-11.292977,50,194.299414
-13.156627,50,194.332048
-10.017025,50,194.372764
-9.493136,50,194.397457
-7.610956,50,194.419546
-10.685596,50,194.464817
-11.673087,50,194.505299
-9.389383,50,194.543937
-12.720349,50,194.585043
-16.872387,50,194.623389
-13.144794,50,194.661936
-14.433908,50,194.700938
-8.848863,50,194.737852
-7.780736,50,194.778782
-17.040916,50,194.81549
-15.213871,50,194.846057
-15.563734,50,194.878506
-9.233105,50,194.909475
-13.176852,50,194.942329
-8.192931,50,194.980105
-11.197568,50,195.670819
-9.508862,50,195.698754
-9.536597,50,195.737745
-13.988906,50,195.780443
-8.743046,50,195.824601
-7.246052,50,195.863303
-7.797431,50,195.906432
-8.022087,50,195.946333
-9.17094,50,195.98997
-8.651139,50,196.030551
-13.272498,50,196.070362
-11.177552,50,196.106097
-7.982027,50,196.14372
-16.294271,50,196.183368
-7.549043,50,196.214323
-7.338947,50,196.237945
-12.676595,50,196.272372
-13.125311,50,196.311064
-10.075436,50,196.34389
-12.187249,50,196.367265
-10.356114,50,196.40846
-8.051307,50,196.448989
-12.238052,50,196.474468
-10.281827,50,196.506393
-8.070208,50,196.548418
-12.648339,50,196.5888
-7.37829,50,196.623919
-7.857368,50,196.661376
-9.933958,50,196.703666
-8.843334,50,196.741238
-9.062293,50,196.783787
-13.156244,50,196.818985
-16.771567,50,196.853453
-11.933667,50,196.887476
-15.53497,50,196.916024
-15.926899,50,196.956314
-7.470672,50,196.989048
-8.021826,50,197.027373
-8.46243,50,197.06747
-14.752478,50,197.095292
-7.887015,50,197.127876
-13.973373,50,197.812264
-7.157968,50,197.856303
-8.923565,50,197.894506
-8.054341,50,197.932498
-13.609957,50,197.973842
-8.133499,50,198.008796
-13.893975,50,198.029564
-8.890366,50,198.064637
-10.302097,50,198.108996
-9.058144,50,198.143238
-9.430283,50,198.184121
-14.911948,50,198.220225
-11.088609,50,198.251812
-15.495567,50,198.276972
-13.329174,50,198.303169
-15.817195,50,198.334317
-7.929307,50,198.373718
-11.815307,50,198.395706
-7.711104,50,198.425458
-14.856366,50,198.455897
-9.919263,50,198.48325
-10.293341,50,198.513109
-8.826828,50,198.549594
-15.241707,50,198.578552
-7.921965,50,198.605275
-8.71671,50,198.631238
-9.342866,50,198.671416
-17.290501,50,198.705098
-11.230036,50,198.738101
-10.139104,50,198.774277
-13.062155,50,198.801952
-12.787091,50,198.833449
-9.030681,50,198.872459
-9.80945,50,198.908236
-13.601204,50,198.934783
-7.822829,50,198.968899
-7.747621,50,198.997284
-8.869066,50,199.028785
-12.182001,50,199.064831
-14.57688,50,199.088491
-12.778143,50,199.114362
-9.238309,50,199.8665
-7.959357,50,199.902255
-13.917115,50,199.942992
-9.029836,50,199.981003
-8.503186,50,200.022512
-12.593014,50,200.061234
-13.155102,50,200.098511
-7.997717,50,200.136612
-7.047382,50,200.165139
-7.955842,50,200.196641
-13.013618,50,200.227193
-10.033244,50,200.26545
-7.569705,50,200.296034
-8.044366,50,200.327919
-11.557203,50,200.355766
-7.928658,50,200.38823
-7.44922,50,200.426009
-9.033091,50,200.461023
-11.184148,50,200.49271
-11.771584,50,200.531061
-7.437383,50,200.561661
-10.929906,50,200.593919
-15.763719,50,200.631454
-8.518206,50,200.67453
-10.071048,50,200.703274
-9.322441,50,200.730561
-10.678306,50,200.761224
-7.238765,50,200.79345
-12.405327,50,200.814836
-7.161845,50,200.84899
-9.007486,50,200.8908
-7.640916,50,200.931131
-8.022236,50,200.967082
-8.467873,50,201.00836
-10.810878,50,201.048664
-15.923065,50,201.082238
-7.774114,50,201.122898
-10.086682,50,201.160446
-9.929615,50,201.198907
-14.220826,50,201.240261
-11.320649,50,201.276417
-12.571126,50,202.040946
-13.459446,50,202.061559
-10.862777,50,202.095762
-10.494439,50,202.135496
-7.259654,50,202.177063
-13.332304,50,202.2172
-15.697854,50,202.257851
-11.378505,50,202.287754
-8.297263,50,202.325179
-7.915372,50,202.366031
-11.780986,50,202.398066
-7.493801,50,202.428461
-7.696768,50,202.464212
-7.430493,50,202.500439
-7.833336,50,202.541382
-16.150979,50,202.568272
-14.257002,50,202.59312
-11.380672,50,202.617108
-7.324133,50,202.638999
-7.739813,50,202.660554
-9.081107,50,202.70114
-10.892912,50,202.742251
-8.867089,50,202.773293
-10.16174,50,202.812093
-16.560659,50,202.850027
-8.08353,50,202.879326
-12.464046,50,202.910039
-12.143432,50,202.948324
-12.183365,50,202.972217
-9.252657,50,203.00094
-8.844514,50,203.033954
-11.947082,50,203.075162
-10.937281,50,203.115236
-10.374881,50,203.150197
-15.510803,50,203.189715
-7.529265,50,203.21552
-15.849255,50,203.250114
-16.001383,50,203.273479
-11.948081,50,203.308697
-9.241602,50,203.332404
-9.599588,50,203.354194
-15.500292,50,204.074643
-13.901376,50,204.113527
-7.901809,50,204.153139
-9.751063,50,204.194157
-8.150356,50,204.234488
-13.583756,50,204.274956
-7.433217,50,204.312419
-8.421546,50,204.354267
-9.679567,50,204.39342
-8.632411,50,204.431284
-15.405174,50,204.467019
-13.159896,50,204.495015
-8.580767,50,204.521436
-8.041288,50,204.546119
-8.232484,50,204.57198
-12.357149,50,204.604064
-9.634362,50,204.626364
-14.605033,50,204.652997
-9.389085,50,204.678269
-7.232437,50,204.706495
-9.743084,50,204.730534
-7.719214,50,204.753259
-8.947256,50,204.793913
-15.05929,50,204.82295
-8.469902,50,204.85292
-10.473522,50,204.894432
-9.54827,50,204.922141
-12.433917,50,204.962501
-8.427533,50,204.988213
-11.895655,50,205.013346
-11.913394,50,205.056532
-7.949823,50,205.096495
-11.792509,50,205.131497
-8.280673,50,205.168105
-13.429122,50,205.209525
-8.544681,50,205.24729
-8.180005,50,205.27628
-13.860366,50,205.304739
-9.83449,50,205.332256
-13.83736,50,205.360034
-13.725154,50,205.396484
-14.781782,50,206.012144
-7.526509,50,206.034673
-10.934689,50,206.066084
-8.51098,50,206.105783
-11.012692,50,206.147086
-11.149667,50,206.184333
-15.801428,50,206.226338
-8.726539,50,206.265772
-10.873722,50,206.295408
-8.251229,50,206.336631
-15.153896,50,206.378567
-12.509192,50,206.412326
-7.504318,50,206.445416
-7.476791,50,206.486695
-8.825821,50,206.513594
-10.64229,50,206.544526
-12.260353,50,206.584449
-8.710772,50,206.622502
-10.564805,50,206.656357
-10.848124,50,206.694339
-12.238401,50,206.726874
-8.813976,50,206.75108
-10.637881,50,206.783566
-9.866535,50,206.815959
-10.303594,50,206.858386
-11.959769,50,206.893178
-12.206291,50,206.918195
-15.705822,50,206.948527
-11.308038,50,206.993758
-9.218981,50,207.022089
-14.742026,50,207.062014
-8.010626,50,207.103181
-13.339425,50,207.141023
-10.287498,50,207.182489
-10.046621,50,207.221654
-9.930575,50,207.252543
-9.905431,50,207.289499
-10.049051,50,207.333866
-12.634199,50,207.368453
-15.070443,50,207.398697
-8.840998,50,207.430315
-12.101695,50,208.116009
-14.24679,50,208.151955
-10.477725,50,208.189498
-8.05363,50,208.2304
-10.421064,50,208.271899
-8.501337,50,208.310385
-7.978471,50,208.351163
-10.314463,50,208.389362
-11.216045,50,208.431059
-16.235661,50,208.468206
-8.562763,50,208.503982
-15.355739,50,208.538417
-14.248814,50,208.5705
-18.071816,50,208.602993
-15.448405,50,208.632757
-8.909818,50,208.661818
-8.662184,50,208.689604
-8.500255,50,208.732397
-17.337862,50,208.76889
-10.724192,50,208.798853
-8.581153,50,208.833373
-9.932889,50,208.868775
-14.01596,50,208.897363
-9.473545,50,208.922819
-15.319213,50,208.953023
-8.116322,50,208.977864
-9.344413,50,209.016209
-11.401641,50,209.05036
-9.132088,50,209.088876
-15.059423,50,209.129045
-14.553808,50,209.17174
-9.707538,50,209.211481
-14.629891,50,209.251333
-10.511746,50,209.289551
-17.933869,50,209.32949
-8.833655,50,209.366921
-9.791565,50,209.400693
-11.687228,50,209.443955
-13.003242,50,209.482823
-7.999465,50,209.524163
-11.545347,50,209.562099
-8.922506,50,210.184307
-12.303857,50,210.219895
-8.407189,50,210.254406
-7.785659,50,210.290097
-7.719326,50,210.330827
-8.445634,50,210.371526
-8.873105,50,210.410971
-11.307922,50,210.449581
-11.338364,50,210.480488
-13.881796,50,210.522242
-8.441315,50,210.561136
-7.580734,50,210.598262
-15.347476,50,210.630018
-10.421047,50,210.651723
-8.736949,50,210.680591
-8.153019,50,210.71613
-13.055038,50,210.754181
-15.794448,50,210.794693
-14.424618,50,210.825987
-10.932873,50,210.856483
-8.554851,50,210.898416
-10.011985,50,210.930711
-11.082836,50,210.957563
-14.835614,50,210.977632
-14.642619,50,211.001327
-14.909956,50,211.023293
-7.682137,50,211.051447
-11.21563,50,211.078752
-15.730719,50,211.106365
-14.516247,50,211.149427
-12.256549,50,211.188601
-14.821782,50,211.229972
-10.076481,50,211.263531
-13.455959,50,211.303586
-7.540183,50,211.330386
-10.169261,50,211.367965
-8.793451,50,211.399916
-9.535694,50,211.430097
-14.758352,50,211.457094
-12.881913,50,211.482592
-9.521959,50,212.111017
-9.143411,50,212.140168
-7.801173,50,212.172519
-8.206894,50,212.216282
-14.833008,50,212.25841
-8.559049,50,212.300615
-8.071272,50,212.344373
-14.948516,50,212.385351
-8.785603,50,212.421531
-12.8443,50,212.464427
-10.915355,50,212.506466
-8.219485,50,212.541878
-9.315989,50,212.581846
-14.717762,50,212.620375
-12.869764,50,212.661999
-13.63072,50,212.699318
-9.189721,50,212.735249
-9.127385,50,212.76208
-8.941813,50,212.795408
-13.109627,50,212.824003
-9.364889,50,212.863863
-8.68834,50,212.898156
-7.83065,50,212.935059
-9.837894,50,212.968901
-12.80513,50,213.003684
-10.587806,50,213.036107
-11.726687,50,213.073473
-7.720008,50,213.118406
-13.859451,50,213.156656
-12.122599,50,213.186566
-7.517523,50,213.219207
-7.609433,50,213.262644
-7.998048,50,213.301533
-10.401775,50,213.343781
-8.129619,50,213.38279
-13.030647,50,213.423844
-9.077675,50,213.462255
-12.434776,50,213.504056
-9.515517,50,213.528855
-9.705737,50,213.558411
-8.56543,50,213.596741
-7.819921,50,214.336357
-14.338477,50,214.375654
-12.982532,50,214.414228
-13.591729,50,214.454456
-10.488653,50,214.496478
-10.222807,50,214.534599
-13.101973,50,214.573842
-9.675972,50,214.615068
-7.95028,50,214.642893
-7.95528,50,214.68002
-8.103947,50,214.711891
-10.285347,50,214.74116
-8.663252,50,214.765209
-8.058106,50,214.792956
-10.544632,50,214.815881
-7.598734,50,214.840287
-7.935939,50,214.866803
-12.944733,50,214.895298
-8.1291,50,214.928037
-17.234197,50,214.961773
-10.140817,50,214.995146
-10.862917,50,215.032918
-8.986563,50,215.064157
-12.202816,50,215.105486
-12.223605,50,215.133767
-14.353781,50,215.155073
-7.409,50,215.184528
-10.96484,50,215.230171
-16.663248,50,215.260183
-12.992901,50,215.284443
-16.071347,50,215.323408
-12.96363,50,215.366298
-12.744016,50,215.405948
-13.532893,50,215.443246
-7.818438,50,215.480943
-10.944833,50,215.512417
-8.819889,50,215.551404
-7.763231,50,215.579162
-15.081906,50,215.602104
-8.528864,50,215.624766
-8.097284,50,215.647549
-8.33023,50,216.581805
-11.818487,50,216.622519
-9.470767,50,216.660351
-10.479395,50,216.697415
-11.410621,50,216.730998
-10.518146,50,216.765959
-13.722693,50,216.807091
-8.037196,50,216.843446
-10.397941,50,216.879266
-9.722283,50,216.918099
-11.200993,50,216.952827
-10.624709,50,216.985208
-9.684111,50,217.021643
-13.659693,50,217.045227
-10.751855,50,217.088003
-8.600329,50,217.122278
-10.18649,50,217.158317
-7.31076,50,217.185177
-10.477627,50,217.216063
-11.017421,50,217.249146
-7.809538,50,217.285022
-10.689638,50,217.319318
-7.854146,50,217.346466
-15.506489,50,217.380385
-9.497129,50,217.412314
-8.935974,50,217.443011
-9.253617,50,217.486943
-10.173277,50,217.51574
-9.944195,50,217.54914
-11.097029,50,217.585393
-10.579032,50,217.62319
-10.590162,50,217.663193
-7.50826,50,217.702216
-14.459507,50,217.742169
-8.084383,50,217.775689
-14.374117,50,217.806396
-16.90792,50,217.843423
-12.193645,50,217.876713
-15.061791,50,217.912739
-7.302887,50,217.936603
-12.39642,50,217.9733
-11.219904,50,218.714219
-7.935298,50,218.753555
-17.134416,50,218.792361
-8.356335,50,218.832901
-10.800946,50,218.871574
-14.010746,50,218.916984
-7.947282,50,218.955614
-11.821022,50,219.001043
-15.228572,50,219.042141
-9.194601,50,219.079905
-9.198162,50,219.122358
-9.205847,50,219.161218
-10.915913,50,219.196394
-13.907128,50,219.221697
-10.586802,50,219.26251
-15.16567,50,219.289428
-8.919716,50,219.324804
-10.050525,50,219.3625
-15.544706,50,219.401721
-7.798956,50,219.440206
-7.728199,50,219.478446
-12.882517,50,219.517058
-11.237318,50,219.55744
-14.401361,50,219.598619
-10.965024,50,219.63593
-11.009831,50,219.67001
-17.146967,50,219.702742
-12.280833,50,219.744354
-8.678312,50,219.789141
-11.883398,50,219.829308
-9.468221,50,219.871183
-14.97037,50,219.912962
-9.095923,50,219.950559
-8.021723,50,219.992619
-8.319413,50,220.033607
-13.603079,50,220.074543
-9.660532,50,220.101577
-12.681972,50,220.140249
-14.880026,50,220.172753
-9.826633,50,220.214053
-14.732881,50,220.252988
-13.721957,50,220.95739
-12.857699,50,220.997904
-13.630203,50,221.039358
-8.614704,50,221.076519
-8.462028,50,221.117234
-18.066496,50,221.156723
-12.031502,50,221.197192
-10.706159,50,221.229238
-8.163906,50,221.269929
-11.707835,50,221.30822
-12.21603,50,221.348264
-9.10195,50,221.390612
-10.204499,50,221.422522
-10.962779,50,221.445749
-16.955366,50,221.476462
-14.439688,50,221.50931
-15.939371,50,221.546366
-17.045733,50,221.581797
-10.984278,50,221.604587
-10.967588,50,221.626829
-8.697632,50,221.651229
-10.328896,50,221.680395
-10.213249,50,221.709615
-7.960141,50,221.746516
-7.683673,50,221.782607
-16.786901,50,221.81377
-8.48861,50,221.857968
-10.30383,50,221.889031
-13.018626,50,221.918119
-8.588815,50,221.949887
-10.733279,50,221.989797
-11.028771,50,222.032213
-12.307833,50,222.063423
-12.505607,50,222.090132
-10.71785,50,222.118593
-8.349894,50,222.157216
-8.223245,50,222.187054
-16.376915,50,222.217081
-9.070824,50,222.246704
-15.087918,50,222.270227
-8.122967,50,222.292271
-10.898443,50,223.010846
-9.740591,50,223.04896
-14.496483,50,223.087559
-9.582096,50,223.126406
-9.311972,50,223.167929
-13.641073,50,223.20661
-13.03881,50,223.248273
-9.281399,50,223.281136
-9.66989,50,223.312571
-15.803274,50,223.343658
-9.890227,50,223.375179
-11.528496,50,223.402593
-12.340935,50,223.43267
-16.439252,50,223.46422
-13.849468,50,223.501679
-14.388383,50,223.537188
-10.276994,50,223.565203
-8.079731,50,223.591542
-11.171892,50,223.626508
-7.53491,50,223.651837
-7.507294,50,223.6923
-14.926856,50,223.719063
-7.660094,50,223.752798
-9.613111,50,223.786211
-7.533007,50,223.817379
-10.191682,50,223.853378
-10.897136,50,223.88242
-11.024729,50,223.904435
-14.003134,50,223.94543
-9.742097,50,223.980153
-13.343629,50,224.019065
-9.63188,50,224.058098
-10.872569,50,224.098325
-15.180292,50,224.134528
-11.957815,50,224.176637
-8.982776,50,224.2143
-8.005302,50,224.247072
-8.468573,50,224.279922
-12.282654,50,224.308351
-16.266156,50,224.342347
-7.902833,50,224.369907
-8.069429,50,225.066093
-12.238214,50,225.106519
-12.721752,50,225.144059
-10.119901,50,225.180802
-8.564932,50,225.21857
-10.259984,50,225.254589
-12.481649,50,225.292413
-7.634448,50,225.326118
-16.474869,50,225.361557
-14.839613,50,225.387389
-8.640676,50,225.422619
-8.404967,50,225.44881
-10.354632,50,225.479396
-15.018863,50,225.512429
-14.039308,50,225.545148
-12.3326,50,225.574527
-14.372776,50,225.603437
-9.944829,50,225.639431
-9.030307,50,225.662512
-13.087666,50,225.693138
-9.889306,50,225.720262
-11.052752,50,225.755891
-9.547175,50,225.793947
-10.212423,50,225.83336
-7.973889,50,225.869518
-12.909614,50,225.891082
-7.68883,50,225.932967
-7.452302,50,225.970824
-12.961596,50,226.008507
-8.945905,50,226.03234
-11.372856,50,226.076024
-12.505005,50,226.115864
-8.215836,50,226.142114
-8.701654,50,226.175627
-14.401717,50,226.202379
-14.781036,50,226.241607
-9.960512,50,226.275205
-14.166327,50,226.314369
-7.531522,50,226.343951
-13.449573,50,226.383103
-15.187098,50,226.411349
-15.733494,50,227.154982
-8.434803,50,227.194618
-10.929429,50,227.23292
-9.827407,50,227.273832
-10.047125,50,227.312414
-7.614353,50,227.351838
-10.035883,50,227.388423
-8.681764,50,227.428014
-15.723309,50,227.455343
-11.373885,50,227.497554
-14.718926,50,227.533976
-11.61841,50,227.560225
-8.710616,50,227.595571
-17.869987,50,227.620947
-8.862714,50,227.644377
-9.32237,50,227.665996
-10.223558,50,227.696106
-9.294685,50,227.719229
-12.55854,50,227.758066
-9.717981,50,227.788438
-14.41707,50,227.811261
-7.995521,50,227.848847
-8.0883,50,227.882736
-15.789044,50,227.92479
-13.174964,50,227.962545
-8.66376,50,227.990501
-12.054229,50,228.02423
-14.798658,50,228.050432
-8.939873,50,228.071854
-8.151985,50,228.111651
-15.632313,50,228.143525
-8.210269,50,228.185291
-10.121602,50,228.224478
-15.182294,50,228.264996
-9.134764,50,228.303384
-16.192125,50,228.339815
-12.7913,50,228.374961
-7.803182,50,228.413696
-9.271351,50,228.449005
-12.157921,50,228.472293
-14.578963,50,228.50686
-7.939271,50,229.384927
-8.026601,50,229.425251
-8.962159,50,229.465091
-12.136933,50,229.507334
-10.395927,50,229.548491
-9.389258,50,229.589257
-15.106664,50,229.629939
-16.924673,50,229.671567
-8.079062,50,229.710411
-10.349812,50,229.745893
-11.051162,50,229.787456
-7.474021,50,229.826057
-9.200824,50,229.860953
-13.54614,50,229.887626
-12.377841,50,229.918111
-10.692891,50,229.957618
-14.614989,50,229.986788
-12.820192,50,230.011851
-13.597135,50,230.036802
-10.015839,50,230.058156
-10.711609,50,230.085892
-8.064808,50,230.118491
-10.184506,50,230.15018
-11.640809,50,230.178276
-7.95843,50,230.216904
-11.75164,50,230.244546
-15.090009,50,230.270587
-7.804569,50,230.303872
-15.973522,50,230.3332
-8.615448,50,230.37289
-14.10308,50,230.411038
-10.402527,50,230.450541
-15.417939,50,230.490533
-11.247365,50,230.533027
-10.662046,50,230.573977
-10.773357,50,230.613652
-8.293021,50,230.654244
-8.572376,50,230.685684
-9.583342,50,230.725663
-10.731373,50,230.763293
-11.343386,50,230.805539
-13.46571,50,231.484546
-12.446316,50,231.523721
-13.075738,50,231.559633
-10.92442,50,231.597126
-14.974241,50,231.638016
-14.595054,50,231.679195
-9.615823,50,231.719692
-9.163782,50,231.753087
-11.36995,50,231.785567
-8.253257,50,231.816195
-11.569112,50,231.849595
-10.295179,50,231.877458
-14.389612,50,231.905599
-13.412871,50,231.9342
-8.127018,50,231.964143
-9.98581,50,232.002842
-16.072548,50,232.032203
-14.281067,50,232.061384
-9.218082,50,232.101974
-8.807721,50,232.137582
-12.095503,50,232.165593
-14.986799,50,232.205617
-9.560119,50,232.244533
-9.236011,50,232.26681
-16.270902,50,232.307015
-14.494642,50,232.339659
-12.688583,50,232.372016
-7.980547,50,232.399935
-13.429508,50,232.427624
-11.497271,50,232.468717
-15.897621,50,232.50854
-12.496839,50,232.547132
-9.223374,50,232.585495
-9.352552,50,232.623271
-8.483424,50,232.665346
-9.22504,50,232.697103
-8.234485,50,232.72453
-10.734706,50,232.754782
-9.814063,50,232.781071
-8.590242,50,232.808994
-8.025904,50,232.839194
-8.27219,50,233.640549
-9.043212,50,233.673029
-8.728602,50,233.714049
-8.225303,50,233.749537
-10.744875,50,233.791716
-10.613635,50,233.822289
-12.636466,50,233.85352
-11.530386,50,233.886115
-9.674939,50,233.919369
-12.278535,50,233.957107
-8.825878,50,233.995631
-16.222084,50,234.029549
-15.470173,50,234.058843
-9.169331,50,234.09226
-8.13346,50,234.130055
-9.277371,50,234.165413
-13.580954,50,234.199361
-8.487263,50,234.232434
-12.479079,50,234.262185
-15.821332,50,234.296353
-10.325536,50,234.32848
-12.449132,50,234.361678
-12.713686,50,234.394558
-9.04779,50,234.427517
-8.863263,50,234.452224
-11.26479,50,234.479033
-7.634252,50,234.515388
-8.814684,50,234.557792
-12.624922,50,234.597832
-7.999989,50,234.630193
-8.653332,50,234.670681
-8.905929,50,234.70426
-10.224865,50,234.743564
-8.29148,50,234.773729
-8.146477,50,234.80763
-11.778267,50,234.843672
-11.524532,50,234.873719
-8.652462,50,234.909579
-12.498575,50,234.943347
-13.697693,50,234.97847
-11.330391,50,235.013157
-8.425859,50,235.911429
-8.450323,50,235.951624
-8.243117,50,235.991932
-11.598695,50,236.019728
-14.426216,50,236.060634
-10.274046,50,236.094735
-14.603805,50,236.122961
-11.084198,50,236.153003
-8.215155,50,236.189869
-8.160251,50,236.228043
-9.388717,50,236.252506
-8.010258,50,236.272557
-9.556268,50,236.2926
-11.454074,50,236.328402
-12.706002,50,236.357324
-10.215742,50,236.389313
-10.23971,50,236.419307
-7.957114,50,236.449191
-12.202059,50,236.48883
-13.494549,50,236.53185
-9.061416,50,236.559466
-8.106576,50,236.596193
-9.603934,50,236.635651
-8.812731,50,236.662408
-12.409863,50,236.684596
-10.856186,50,236.70992
-9.668981,50,236.739299
-14.093083,50,236.766383
-12.801385,50,236.795403
-7.984771,50,236.828019
-9.846808,50,236.861422
-11.493915,50,236.902885
-14.6998,50,236.944981
-8.006808,50,236.977366
-10.672584,50,237.000838
-10.217822,50,237.029814
-8.378238,50,237.049865
-10.577401,50,237.069859
-8.145845,50,237.104875
-8.247951,50,237.130904
-15.537896,50,237.158184
-11.321448,50,238.160172
-10.064691,50,238.197944
-9.20104,50,238.235215
-7.929799,50,238.275266
-9.876551,50,238.311074
-11.096635,50,238.353403
-11.741565,50,238.385988
-10.705115,50,238.422546
-11.054036,50,238.460354
-13.86241,50,238.497924
-11.554272,50,238.53023
-13.262358,50,238.562515
-11.283565,50,238.587391
-10.595342,50,238.620258
-12.865998,50,238.648494
-9.102651,50,238.675023
-7.804799,50,238.700377
-11.454169,50,238.737424
-7.607282,50,238.778747
-14.072249,50,238.818606
-11.048667,50,238.853376
-9.218863,50,238.87891
-13.192551,50,238.904129
-13.017791,50,238.925373
-8.183416,50,238.962523
-8.384931,50,239.001634
-13.508872,50,239.038964
-8.666549,50,239.077674
-9.457936,50,239.108624
-15.502602,50,239.139197
-12.651611,50,239.181319
-15.091926,50,239.219003
-10.07794,50,239.253632
-15.284029,50,239.293803
-12.355784,50,239.334354
-14.754732,50,239.374495
-13.044048,50,239.411676
-15.37296,50,239.438886
-15.965028,50,239.465951
-8.404316,50,239.498803
-16.369234,50,239.525006
-8.37067,50,240.274439
-15.618111,50,240.309573
-14.023729,50,240.34976
-9.698371,50,240.389981
-13.588945,50,240.429255
-16.725506,50,240.466977
-9.36679,50,240.507322
-11.541884,50,240.546371
-8.277476,50,240.586514
-8.931911,50,240.625972
-8.560175,50,240.664848
-8.63514,50,240.702347
-8.061278,50,240.744314
-16.703862,50,240.78353
-8.191256,50,240.818871
-8.02102,50,240.843477
-8.568954,50,240.871943
-10.461528,50,240.897868
-7.565941,50,240.920429
-11.336388,50,240.953439
-8.671282,50,240.993469
-13.940583,50,241.018904
-8.190368,50,241.043453
-9.647834,50,241.075863
-14.692208,50,241.104829
-15.680687,50,241.143614
-12.927712,50,241.16713
-12.892747,50,241.208293
-8.508884,50,241.236892
-14.735459,50,241.268516
-12.078038,50,241.309139
-15.660518,50,241.346451
-14.892454,50,241.387952
-10.285789,50,241.427997
-8.534477,50,241.466765
-7.954804,50,241.507092
-13.585941,50,241.545049
-8.078129,50,241.582107
-12.968586,50,241.620316
-15.49706,50,241.663595
-10.064919,50,241.698344
-10.238715,50,242.325883
-11.552459,50,242.36958
-7.898306,50,242.41109
-8.617701,50,242.450266
-8.105422,50,242.488562
-17.673321,50,242.530427
-8.837245,50,242.569591
-7.9369,50,242.606142
-10.609133,50,242.647148
-14.145409,50,242.686381
-8.850448,50,242.722268
-13.780499,50,242.754744
-13.661238,50,242.789251
-12.799413,50,242.824918
-7.835847,50,242.856334
-9.431298,50,242.890263
-15.023367,50,242.923276
-11.704774,50,242.964909
-9.513969,50,243.001164
-11.45838,50,243.025829
-7.630461,50,243.064942
-13.118243,50,243.094363
-14.881773,50,243.13531
-8.916606,50,243.170145
-9.728387,50,243.207277
-7.979189,50,243.229556
-13.451809,50,243.275385
-11.593423,50,243.30797
-14.824147,50,243.338474
-13.914078,50,243.381863
-16.087312,50,243.418516
-8.542845,50,243.460381
-11.049428,50,243.49937
-7.92728,50,243.527552
-8.708169,50,243.55414
-11.792716,50,243.585958
-7.724377,50,243.620445
-12.016018,50,243.647174
-14.471923,50,243.674521
-8.68507,50,243.706612
-13.654404,50,243.739616
-15.335678,50,244.428899
-14.188845,50,244.467945
-10.595939,50,244.508995
-9.775105,50,244.546393
-8.214901,50,244.587974
-8.360552,50,244.626538
-8.468663,50,244.666296
-8.359436,50,244.705914
-12.634471,50,244.743259
-13.509731,50,244.787534
-8.113545,50,244.825423
-14.443116,50,244.863182
-7.94977,50,244.900511
-7.572083,50,244.930409
-10.614018,50,244.961878
-13.026764,50,244.994198
-8.210903,50,245.025653
-9.031942,50,245.057236
-17.175977,50,245.088244
-15.815188,50,245.122089
-12.476716,50,245.16247
-7.790702,50,245.195432
-10.383834,50,245.228396
-10.541734,50,245.250751
-14.056668,50,245.290189
-10.40619,50,245.318035
-8.462182,50,245.356558
-8.273465,50,245.390064
-8.011492,50,245.431604
-8.040174,50,245.473589
-8.767031,50,245.514745
-10.497169,50,245.553201
-10.416124,50,245.591885
-9.325078,50,245.630476
-11.437887,50,245.670599
-11.366561,50,245.707683
-13.130411,50,245.752581
-14.643074,50,245.791762
-14.650844,50,245.831374
-11.738987,50,245.871193
-9.108348,50,245.91496
-9.258626,50,246.645163
-11.56819,50,246.687769
-11.085997,50,246.726083
-12.357419,50,246.763417
-11.697546,50,246.803516
-8.685233,50,246.840275
-12.165741,50,246.880886
-8.12849,50,246.919684
-8.097961,50,246.96038
-11.560654,50,246.998205
-13.065549,50,247.026733
-10.011218,50,247.054808
-9.938419,50,247.076545
-12.592819,50,247.116293
-12.01572,50,247.146969
-9.228456,50,247.172903
-9.463703,50,247.200201
-8.264709,50,247.234929
-11.018529,50,247.261749
-11.116951,50,247.288757
-14.246492,50,247.312711
-8.860098,50,247.336972
-11.785273,50,247.369177
-9.325757,50,247.397862
-11.399658,50,247.421262
-12.516571,50,247.454829
-11.0038,50,247.477518
-8.996055,50,247.499891
-8.844876,50,247.542443
-7.936572,50,247.583668
-8.219102,50,247.608091
-9.463261,50,247.640379
-15.070614,50,247.679371
-8.930582,50,247.713448
-8.31878,50,247.757087
-15.017451,50,247.793223
-17.074488,50,247.83316
-8.483667,50,247.872018
-8.749064,50,247.895118
-15.282442,50,247.926571
-14.526355,50,247.955582
-8.862355,50,248.743304
-11.445323,50,248.783522
-13.685206,50,248.824195
-9.902821,50,248.863648
-9.841858,50,248.903768
-10.391269,50,248.943632
-11.262902,50,248.98016
-11.930437,50,249.022602
-11.622829,50,249.06603
-10.619342,50,249.110072
-10.127471,50,249.148686
-8.767834,50,249.184005
-8.150348,50,249.223217
-8.242836,50,249.256366
-14.928106,50,249.290918
-8.841667,50,249.325418
-8.390669,50,249.36189
-11.148608,50,249.395998
-7.878564,50,249.432072
-9.481289,50,249.471415
-15.490183,50,249.507391
-8.878654,50,249.545402
-8.989715,50,249.57956
-10.223767,50,249.61851
-15.608568,50,249.652459
-8.118182,50,249.67531
-14.185199,50,249.698492
-9.756575,50,249.725848
-9.62776,50,249.760857
-13.838328,50,249.798406
-14.670514,50,249.837359
-8.503307,50,249.874967
-11.674376,50,249.915769
-10.683186,50,249.9576
-12.558442,50,249.992927
-10.355987,50,250.02889
-12.668783,50,250.054194
-13.194023,50,250.083236
-14.369066,50,250.120933
-14.808188,50,250.149651
-12.023342,50,250.182344
-11.808674,50,250.904245
-12.870637,50,250.94604
-9.452605,50,250.984545
-11.057899,50,251.020393
-12.87333,50,251.061301
-8.933812,50,251.098601
-11.514195,50,251.138294
-15.990222,50,251.175907
-11.4185,50,251.211078
-9.111377,50,251.253518
-14.354137,50,251.293027
-8.108056,50,251.333306
-9.839933,50,251.37462
-9.11171,50,251.401148
-13.706011,50,251.425357
-14.10041,50,251.456477
-14.89252,50,251.491205
-10.392499,50,251.52444
-14.622816,50,251.560432
-10.615455,50,251.589085
-13.871176,50,251.619519
-11.101856,50,251.6603
-14.718274,50,251.697897
-8.628214,50,251.738494
-12.828473,50,251.779211
-9.417924,50,251.804149
-8.933994,50,251.824741
-13.366393,50,251.84513
-8.488832,50,251.873774
-11.129951,50,251.904743
-8.286151,50,251.92656
-15.765498,50,251.947767
-11.136792,50,251.989143
-11.72332,50,252.020957
-7.965013,50,252.040975
-9.211449,50,252.081348
-8.015875,50,252.111846
-9.93841,50,252.131978
-11.130578,50,252.15207
-9.926171,50,252.172246
-8.576418,50,252.207235
-8.704598,50,252.918981
-16.230373,50,252.959563
-9.816904,50,252.997714
-10.316111,50,253.040984
-18.29526,50,253.077664
-16.32402,50,253.118134
-9.820462,50,253.159895
-7.686947,50,253.193324
-14.277299,50,253.223898
-9.563776,50,253.260145
-8.264319,50,253.28635
-8.063293,50,253.312417
-8.282995,50,253.338053
-15.856232,50,253.367074
-12.046162,50,253.405341
-10.190148,50,253.436905
-8.821579,50,253.471025
-8.256401,50,253.498903
-8.354564,50,253.531173
-16.215487,50,253.562446
-13.401408,50,253.592595
-10.341555,50,253.622269
-8.748294,50,253.654414
-10.858415,50,253.692022
-8.235564,50,253.72095
-11.05978,50,253.748299
-8.853869,50,253.781524
-8.757364,50,253.811433
-9.412965,50,253.833961
-8.166702,50,253.860344
-12.70421,50,253.900073
-8.798462,50,253.941889
-9.11968,50,253.98117
-11.309862,50,254.01581
-10.758249,50,254.054609
-9.161787,50,254.077518
-10.557091,50,254.101576
-14.033558,50,254.138798
-8.581469,50,254.16151
-7.860174,50,254.186263
-9.484499,50,254.214155
-8.05195,50,254.932354
-11.131659,50,254.973121
-14.196763,50,255.01297
-8.340439,50,255.051095
-15.332761,50,255.08894
-7.804768,50,255.128587
-8.673317,50,255.169233
-11.530573,50,255.209331
-14.204835,50,255.250891
-10.76591,50,255.290403
-11.268532,50,255.32622
-14.833042,50,255.363108
-14.479909,50,255.389764
-10.278335,50,255.417078
-9.911054,50,255.444757
-14.362318,50,255.475764
-8.045053,50,255.512882
-11.750572,50,255.553412
-10.289825,50,255.591215
-11.554181,50,255.618418
-10.568541,50,255.651955
-8.419894,50,255.673168
-9.922698,50,255.707399
-8.22745,50,255.741626
-14.831333,50,255.76853
-9.81688,50,255.811179
-8.510167,50,255.847075
-9.402668,50,255.87644
-8.684863,50,255.911484
-13.510047,50,255.950081
-9.635964,50,255.992526
-12.089302,50,256.03054
-10.590249,50,256.069324
-15.999842,50,256.109471
-9.628899,50,256.151205
-11.130999,50,256.1879
-10.495571,50,256.222311
-10.15457,50,256.257381
-11.078761,50,256.289949
-7.958325,50,256.31903
-15.767269,50,256.355889
-8.993298,50,257.3547
-8.122973,50,257.394491
-7.885739,50,257.430949
-12.699242,50,257.473971
-9.202281,50,257.51217
-8.631991,50,257.54898
-8.843002,50,257.58632
-12.332421,50,257.628038
-13.769808,50,257.667145
-12.274935,50,257.699353
-13.858108,50,257.735168
-8.98018,50,257.77104
-12.126707,50,257.806054
-13.052496,50,257.841288
-9.112413,50,257.872784
-7.844574,50,257.908065
-14.314789,50,257.935863
-8.632449,50,257.969433
-8.38932,50,257.995099
-9.035287,50,258.020198
-10.041134,50,258.044949
-8.161728,50,258.07939
-9.706083,50,258.116872
-10.217146,50,258.144442
-12.574037,50,258.178794
-9.48744,50,258.220257
-10.01212,50,258.265298
-12.368443,50,258.302909
-9.229097,50,258.333737
-8.952055,50,258.373898
-8.047365,50,258.404367
-8.62173,50,258.445378
-12.450279,50,258.480751
-15.887122,50,258.51113
-11.325175,50,258.549691
-8.611956,50,258.577993
-11.697572,50,258.611521
-14.520971,50,258.644561
-9.111788,50,258.68053
-14.206499,50,258.71421
-8.382596,50,258.743691
-13.097736,50,259.547382
-14.747099,50,259.587223
-10.645011,50,259.627024
-8.274886,50,259.668214
-14.316224,50,259.706433
-8.487596,50,259.746092
-11.271221,50,259.783961
-9.052174,50,259.82285
-10.707241,50,259.864973
-8.236807,50,259.901317
-11.101387,50,259.933179
-8.599765,50,259.973407
-14.220115,50,260.002379
-16.144026,50,260.037347
-11.499481,50,260.058801
-12.444485,50,260.086802
-7.759463,50,260.121321
-10.097806,50,260.152855
-15.459657,50,260.185027
-13.752157,50,260.214049
-9.860544,50,260.239403
-11.175861,50,260.273035
-12.231942,50,260.304286
-15.118392,50,260.339521
-14.404362,50,260.377116
-11.174821,50,260.402402
-14.535015,50,260.436216
-10.060857,50,260.480255
-8.280689,50,260.523426
-9.659766,50,260.562171
-10.456265,50,260.601444
-10.95692,50,260.640446
-8.782805,50,260.676413
-9.586851,50,260.712552
-10.176014,50,260.748678
-12.224586,50,260.775473
-12.996519,50,260.817699
-14.157654,50,260.853339
-8.581158,50,260.88481
-7.941571,50,260.910888
-8.544997,50,260.936187
-7.794602,50,261.653283
-10.71763,50,261.694783
-12.523108,50,261.733289
-15.901171,50,261.772465
-7.82297,50,261.8095
-14.690532,50,261.849437
-12.731546,50,261.893458
-11.656539,50,261.933963
-16.238298,50,261.961413
-8.42447,50,262.004894
-13.690638,50,262.040919
-8.010271,50,262.082549
-8.269265,50,262.120952
-12.378004,50,262.160893
-8.489653,50,262.199385
-15.73111,50,262.237421
-10.135295,50,262.278015
-16.437344,50,262.315918
-15.181973,50,262.348845
-10.202752,50,262.380922
-9.889098,50,262.414401
-10.747204,50,262.453554
-8.156982,50,262.497629
-8.266561,50,262.537215
-11.215057,50,262.574183
-12.809919,50,262.616615
-8.482856,50,262.654658
-13.551531,50,262.686694
-10.05688,50,262.719538
-8.166517,50,262.752185
-9.641036,50,262.793251
-15.990827,50,262.826917
-9.353844,50,262.868777
-8.723079,50,262.905192
-11.562385,50,262.943492
-10.12778,50,262.979641
-9.273981,50,263.006904
-14.049487,50,263.037745
-9.062391,50,263.075232
-9.387491,50,263.109007
-8.134176,50,263.130621
-7.945879,50,264.143422
-8.326762,50,264.185559
-9.16346,50,264.222418
-12.203532,50,264.264002
-16.028335,50,264.301731
-8.141801,50,264.339891
-8.433471,50,264.373396
-14.456606,50,264.396366
-7.968371,50,264.4333
-11.927789,50,264.467133
-9.975245,50,264.50062
-10.364418,50,264.531938
-12.281662,50,264.560626
-9.4116,50,264.594881
-17.032396,50,264.619713
-9.546016,50,264.648213
-12.857802,50,264.685046
-11.830588,50,264.706975
-8.382558,50,264.73798
-11.127848,50,264.766248
-11.262986,50,264.801429
-10.488854,50,264.835139
-9.634129,50,264.863507
-10.08669,50,264.899662
-12.348676,50,264.932291
-7.941129,50,264.97061
-11.43972,50,264.99255
-9.564215,50,265.01917
-11.007189,50,265.047205
-8.749514,50,265.080336
-12.006373,50,265.118945
-7.961619,50,265.157026
-7.822231,50,265.188004
-10.505091,50,265.210211
-8.675037,50,265.240629
-10.767148,50,265.277337
-9.04867,50,265.30807
-16.661562,50,265.332866
-14.16517,50,265.355221
-10.58556,50,265.397953
-11.718552,50,266.3862
-11.514664,50,266.426011
-9.026004,50,266.464072
-10.436629,50,266.50636
-8.255569,50,266.545522
-8.360438,50,266.585055
-8.428465,50,266.623098
-11.479533,50,266.660823
-9.634264,50,266.693783
-14.008822,50,266.730503
-8.975998,50,266.763875
-15.020309,50,266.801392
-15.321564,50,266.823648
-7.993468,50,266.846431
-7.943011,50,266.869088
-8.243951,50,266.907706
-8.080683,50,266.945758
-13.944327,50,266.974386
-8.950382,50,266.999456
-15.077778,50,267.028587
-15.51685,50,267.059156
-11.23949,50,267.085349
-7.977741,50,267.117509
-11.365586,50,267.145309
-8.561602,50,267.176623
-8.586736,50,267.209373
-9.191264,50,267.241074
-8.195656,50,267.282896
-11.575598,50,267.314903
-14.11194,50,267.344087
-13.405151,50,267.367772
-7.867587,50,267.404226
-10.83702,50,267.443764
-8.029126,50,267.483449
-8.131874,50,267.525004
-7.910613,50,267.566206
-11.695829,50,267.596269
-8.224102,50,267.624148
-9.49664,50,267.66517
-14.901567,50,267.702078
-12.122174,50,267.732075
-14.27168,50,268.634392
-9.939059,50,268.676032
-14.198888,50,268.715329
-15.117087,50,268.75508
-11.194082,50,268.794765
-8.000878,50,268.833323
-15.792824,50,268.870089
-15.667412,50,268.908595
-9.91994,50,268.937042
-15.25104,50,268.979161
-12.075483,50,269.018182
-9.022062,50,269.051018
-10.942408,50,269.076405
-11.221226,50,269.102793
-11.564662,50,269.129578
-10.095211,50,269.169976
-11.839424,50,269.208194
-10.777245,50,269.231421
-8.661237,50,269.257949
-15.2467,50,269.279357
-11.508954,50,269.306069
-8.624818,50,269.334215
-9.666758,50,269.372752
-15.614047,50,269.416083
-8.439622,50,269.448311
-11.910373,50,269.476631
-8.051681,50,269.518086
-14.59198,50,269.555051
-7.868547,50,269.585154
-15.439823,50,269.622334
-10.483438,50,269.663885
-8.830549,50,269.700872
-7.73265,50,269.73716
-11.150244,50,269.776593
-8.086766,50,269.816461
-8.868181,50,269.842479
-17.952324,50,269.874425
-11.686694,50,269.903703
-11.891256,50,269.942044
-7.647727,50,269.970884
-8.699016,50,270.000665
-12.660654,50,270.827855
-12.124382,50,270.864095
-17.065114,50,270.903037
-8.035078,50,270.933204
-15.202978,50,270.974358
-10.138631,50,271.011339
-11.554078,50,271.056667
-9.958551,50,271.09403
-14.564384,50,271.130455
-8.949918,50,271.167235
-15.340897,50,271.208141
-14.121367,50,271.249192
-7.929587,50,271.278545
-11.176096,50,271.305811
-9.279981,50,271.335883
-8.794161,50,271.362785
-9.415551,50,271.385879
-12.783168,50,271.41929
-9.894176,50,271.444913
-10.54728,50,271.467216
-10.150654,50,271.489101
-15.58151,50,271.510903
-10.418442,50,271.53221
-10.333995,50,271.556787
-12.39645,50,271.596967
-9.351108,50,271.639854
-14.235612,50,271.67865
-11.650602,50,271.701104
-11.461231,50,271.744324
-12.586652,50,271.783159
-11.994713,50,271.822043
-11.06383,50,271.861915
-11.279393,50,271.898421
-11.753741,50,271.943498
-12.374947,50,271.983713
-10.622152,50,272.027254
-12.556871,50,272.068635
-8.061159,50,272.111105
-14.890842,50,272.149624
-13.747698,50,272.190672
-13.371518,50,272.228191
-9.301776,50,272.943766
-9.699467,50,272.980347
-13.944413,50,273.023928
-8.02434,50,273.06043
-10.608068,50,273.098471
-14.770929,50,273.141103
-7.882344,50,273.179764
-9.592471,50,273.217693
-7.899447,50,273.25738
-9.656859,50,273.29811
-8.219505,50,273.326469
-10.306956,50,273.35999
-8.126832,50,273.402371
-11.264408,50,273.427222
-11.632505,50,273.452853
-9.66284,50,273.48474
-9.94821,50,273.51039
-14.104362,50,273.539287
-8.923775,50,273.569504
-8.130532,50,273.599425
-10.289975,50,273.63529
-12.727741,50,273.668046
-12.92038,50,273.70492
-8.133888,50,273.740577
-8.975167,50,273.769478
-15.728892,50,273.800149
-14.413481,50,273.823125
-12.069342,50,273.862983
-13.191785,50,273.892892
-12.648146,50,273.921384
-7.737901,50,273.959121
-11.155085,50,273.99518
-9.771463,50,274.035175
-10.575476,50,274.076486
-13.597094,50,274.105082
-7.601997,50,274.146959
-11.639663,50,274.185171
-8.31093,50,274.217191
-15.645193,50,274.243956
-10.037557,50,274.267352
-9.551987,50,274.30903
-13.588037,50,275.294215
-10.528391,50,275.333963
-11.571271,50,275.374376
-9.701362,50,275.41321
-11.21431,50,275.454401
-7.851651,50,275.498686
-10.716935,50,275.543357
-11.414596,50,275.580962
-7.718644,50,275.622255
-13.374588,50,275.662634
-8.134547,50,275.692377
-10.257853,50,275.724034
-12.39188,50,275.748676
-14.219942,50,275.783059
-15.426564,50,275.813392
-9.778212,50,275.845135
-10.025117,50,275.8742
-8.587973,50,275.911669
-11.419485,50,275.94396
-9.501133,50,275.966524
-8.180606,50,275.989341
-9.242528,50,276.021057
-11.645648,50,276.054302
-8.592561,50,276.091499
-17.369939,50,276.127947
-10.221128,50,276.165632
-11.631324,50,276.203075
-13.462116,50,276.244948
-13.909006,50,276.2858
-12.062526,50,276.326068
-9.30584,50,276.36152
-11.073966,50,276.404672
-8.956136,50,276.44481
-9.584967,50,276.482985
-12.412825,50,276.522686
-9.60507,50,276.558145
-10.137832,50,276.596233
-8.287854,50,276.634382
-11.989179,50,276.669214
-8.983441,50,276.702374
-10.123167,50,276.740032
-15.929073,50,277.712697
-12.070125,50,277.749915
-9.551666,50,277.789238
-9.046939,50,277.829105
-12.611789,50,277.869293
-9.015665,50,277.909111
-14.145521,50,277.947268
-7.671766,50,277.98711
-15.007525,50,278.018732
-14.220298,50,278.046698
-8.350809,50,278.08462
-9.100471,50,278.115923
-13.940786,50,278.139445
-16.4266,50,278.162855
-13.649622,50,278.194966
-12.236451,50,278.222083
-12.521663,50,278.25595
-10.31998,50,278.286268
-7.838569,50,278.320591
-14.154046,50,278.354745
-12.426085,50,278.38196
-14.488615,50,278.421812
-9.144393,50,278.460049
-10.988345,50,278.494144
-11.612748,50,278.534661
-11.020514,50,278.564379
-10.030868,50,278.603296
-14.969709,50,278.643095
-9.146542,50,278.676402
-12.551704,50,278.702851
-14.472821,50,278.744921
-11.586749,50,278.78009
-8.300833,50,278.817528
-12.83755,50,278.851534
-11.746083,50,278.886795
-8.655733,50,278.92555
-10.270203,50,278.957584
-9.940817,50,278.985501
-9.073986,50,279.024711
-14.378823,50,279.052654
-13.790572,50,279.08399
-12.635657,50,279.776678
-10.01305,50,279.816517
-8.943444,50,279.853172
-10.053726,50,279.894093
-14.029341,50,279.933086
-13.086783,50,279.969943
-9.258289,50,280.009361
-13.08482,50,280.047358
-8.079424,50,280.085891
-10.544722,50,280.123109
-11.188951,50,280.151507
-14.101517,50,280.184325
-15.847252,50,280.226435
-7.757097,50,280.262125
-8.874635,50,280.301116
-9.058801,50,280.339952
-14.939502,50,280.365918
-14.400868,50,280.394529
-10.98299,50,280.4253
-8.147611,50,280.464986
-12.469668,50,280.492955
-12.158656,50,280.514329
-9.427613,50,280.54449
-10.401557,50,280.572459
-15.392955,50,280.59308
-7.553725,50,280.626369
-9.882278,50,280.647794
-11.659488,50,280.668194
-10.900529,50,280.700461
-9.491088,50,280.726627
-9.133997,50,280.753906
-10.05095,50,280.788401
-11.89764,50,280.810396
-8.537672,50,280.845238
-10.406835,50,280.873471
-9.639936,50,280.912427
-15.144046,50,280.94874
-12.308778,50,280.97243
-13.118344,50,280.996021
-9.340876,50,281.035838
-13.526485,50,281.065487
-12.124504,50,281.732617
-15.508042,50,281.76316
-10.31732,50,281.805102
-10.178069,50,281.845372
-8.896303,50,281.8848
-8.123167,50,281.92716
-11.776969,50,281.966419
-8.14155,50,282.002524
-9.372874,50,282.037401
-10.858762,50,282.072325
-8.73879,50,282.110109
-7.839707,50,282.134117
-10.225875,50,282.1645
-7.956479,50,282.200861
-8.847722,50,282.234103
-7.941028,50,282.264031
-14.793467,50,282.307333
-10.138114,50,282.347136
-7.85464,50,282.383012
-18.131033,50,282.40815
-14.494933,50,282.4368
-9.226448,50,282.459701
-10.120733,50,282.483077
-9.500146,50,282.505777
-15.08933,50,282.53041
-13.114438,50,282.56016
-13.083738,50,282.592683
-14.387928,50,282.622294
-9.679718,50,282.65498
-14.238904,50,282.69444
-9.262502,50,282.732767
-8.032048,50,282.76633
-12.171004,50,282.80221
-11.205775,50,282.836505
-8.649493,50,282.869996
-12.76537,50,282.892614
-9.268786,50,282.931914
-14.782145,50,282.958851
-10.525638,50,282.981398
-13.099127,50,283.009029
-9.024615,50,283.042112
-11.111128,50,284.042108
-12.892307,50,284.079334
-12.606745,50,284.118315
-12.631207,50,284.158756
-9.690151,50,284.198809
-13.27996,50,284.224901
-9.804227,50,284.24922
-13.56913,50,284.273521
-9.456155,50,284.300293
-8.295781,50,284.324175
-11.117484,50,284.345366
-8.281392,50,284.377525
-8.775349,50,284.402501
-7.719295,50,284.4265
-13.846204,50,284.468538
-16.013693,50,284.494712
-7.854733,50,284.516851
-11.75061,50,284.557013
-9.709509,50,284.601735
-11.600477,50,284.638927
-11.759608,50,284.679054
-11.269087,50,284.712324
-8.698436,50,284.746106
-8.783154,50,284.779962
-10.528009,50,284.806558
-8.985074,50,284.843966
-12.080601,50,284.87022
-10.965721,50,284.903508
-14.681204,50,284.928926
-12.873074,50,284.97122
-14.055352,50,285.01
-10.698855,50,285.052781
-8.732856,50,285.094398
-15.59524,50,285.126803
-10.985179,50,285.153766
-9.927815,50,285.184937
-9.17841,50,285.221859
-11.76374,50,285.251821
-10.708603,50,285.28209
-11.993157,50,285.308535
-8.757555,50,285.337537
-11.994011,50,286.281829
-11.83743,50,286.314841
-9.886865,50,286.355313
-11.233696,50,286.396605
-16.921667,50,286.435476
-15.807413,50,286.479139
-9.605172,50,286.518005
-16.592942,50,286.550947
-9.432888,50,286.575043
-9.35229,50,286.608109
-13.869441,50,286.636279
-13.323955,50,286.658342
-12.123193,50,286.679721
-12.122221,50,286.710082
-12.915827,50,286.735453
-8.370185,50,286.761068
-12.007962,50,286.801522
-13.171863,50,286.826391
-7.738362,50,286.869122
-8.909945,50,286.900495
-11.727656,50,286.926334
-10.640751,50,286.951941
-10.091454,50,286.991922
-11.469938,50,287.031946
-9.084503,50,287.058893
-8.244508,50,287.081272
-9.870155,50,287.107351
-10.302837,50,287.144384
-11.946823,50,287.173544
-10.703983,50,287.212457
-12.044636,50,287.248575
-10.046895,50,287.292231
-13.907011,50,287.32849
-8.57736,50,287.365973
-10.226558,50,287.406976
-13.115685,50,287.431827
-8.0728,50,287.45729
-9.464134,50,287.501666
-8.916614,50,287.53289
-11.743544,50,287.562546
-10.175885,50,287.592065
-9.148219,50,288.595937
-12.427704,50,288.633308
-10.043892,50,288.673532
-13.025976,50,288.714571
-12.884222,50,288.75443
-10.199192,50,288.79425
-10.625343,50,288.832087
-11.227533,50,288.872898
-8.772296,50,288.913101
-10.179808,50,288.951373
-12.429788,50,288.984759
-12.428844,50,289.021899
-8.744391,50,289.059291
-11.811103,50,289.092201
-10.473408,50,289.114732
-9.84464,50,289.139766
-13.239801,50,289.183054
-14.123637,50,289.213651
-9.55523,50,289.237204
-8.865175,50,289.268695
-8.232193,50,289.293272
-8.100809,50,289.314916
-8.91572,50,289.336712
-10.338097,50,289.362262
-11.156154,50,289.402286
-12.321918,50,289.431249
-13.632586,50,289.46717
-11.801865,50,289.494193
-11.664898,50,289.528109
-10.675146,50,289.556047
-11.331988,50,289.596414
-8.077206,50,289.634574
-10.637302,50,289.672665
-9.928842,50,289.712154
-9.660293,50,289.751991
-8.538706,50,289.791462
-9.479792,50,289.833051
-11.688475,50,289.872071
-8.455288,50,289.910498
-10.757649,50,289.953749
-12.546956,50,289.99096
-16.720344,50,290.95982
-8.634722,50,291.00228
-8.238241,50,291.041544
-14.488743,50,291.081512
-12.440826,50,291.114865
-12.133493,50,291.153124
-13.817105,50,291.193048
-9.62757,50,291.231299
-12.677588,50,291.273141
-11.517426,50,291.309333
-9.074578,50,291.340523
-8.199783,50,291.372785
-12.733298,50,291.409052
-10.485319,50,291.443207
-9.17108,50,291.484257
-9.195808,50,291.513188
-12.523848,50,291.551811
-8.742533,50,291.588072
-10.661818,50,291.623107
-8.959951,50,291.660982
-11.314379,50,291.684433
-12.784087,50,291.704823
-11.771686,50,291.725253
-12.306527,50,291.745637
-10.06839,50,291.777872
-14.558969,50,291.806203
-9.082103,50,291.842029
-10.383696,50,291.878611
-15.731208,50,291.89912
-13.348629,50,291.926236
-8.133942,50,291.956658
-10.700793,50,292.001315
-12.498994,50,292.039337
-11.869389,50,292.079097
-9.424825,50,292.117253
-11.401219,50,292.159911
-11.726963,50,292.191488
-11.546479,50,292.22334
-9.210955,50,292.26544
-12.016106,50,292.305423
-12.893597,50,292.338041
-9.593825,50,293.012453
-11.848213,50,293.053055
-10.695161,50,293.090523
-14.855341,50,293.134856
-9.219745,50,293.175193
-12.927667,50,293.212197
-14.056416,50,293.253949
-12.941991,50,293.293572
-12.926656,50,293.33125
-10.887153,50,293.368547
-10.167954,50,293.407933
-11.976433,50,293.447908
-10.933284,50,293.475859
-9.144439,50,293.500139
-9.623435,50,293.536154
-11.728939,50,293.569893
-14.932075,50,293.600432
-12.59751,50,293.635668
-10.172754,50,293.656405
-11.106649,50,293.685483
-8.991151,50,293.724688
-16.223518,50,293.760142
-8.339746,50,293.795369
-9.960137,50,293.819101
-14.202573,50,293.856212
-11.438054,50,293.892141
-9.645787,50,293.926157
-9.584339,50,293.954884
-8.267717,50,293.988218
-14.590457,50,294.026273
-9.448217,50,294.066441
-8.331797,50,294.106455
-15.566302,50,294.148785
-7.948258,50,294.18829
-12.308528,50,294.228596
-12.070305,50,294.266058
-10.570282,50,294.300262
-10.754502,50,294.33799
-10.964414,50,294.380404
-8.23507,50,294.424279
-11.972776,50,294.460255
-10.742528,50,295.164322
-8.411206,50,295.203898
-14.800035,50,295.241571
-8.944943,50,295.279945
-10.131614,50,295.317305
-12.508926,50,295.356553
-9.790194,50,295.396525
-11.994369,50,295.436228
-15.710736,50,295.476908
-13.213528,50,295.515575
-9.395829,50,295.553804
-13.377424,50,295.592485
-8.555872,50,295.632064
-8.887688,50,295.671489
-10.084947,50,295.71112
-9.685304,50,295.740445
-9.212097,50,295.762496
-8.689923,50,295.796459
-8.277164,50,295.834849
-8.203262,50,295.873258
-11.792517,50,295.910277
-11.293267,50,295.943959
-8.928587,50,295.9721
-14.306349,50,296.012626
-10.726066,50,296.039992
-13.267222,50,296.06696
-12.929911,50,296.100993
-9.448289,50,296.138279
-9.514308,50,296.180299
-8.579546,50,296.219435
-15.86711,50,296.260209
-12.886612,50,296.282684
-15.090829,50,296.314411
-11.621389,50,296.337837
-11.214602,50,296.375362
-14.748319,50,296.415082
-16.581494,50,296.449248
-11.511628,50,296.488518
-9.258663,50,296.515421
-13.667939,50,296.550824
-9.720485,50,296.587002
-8.71248,50,297.32096
-7.92044,50,297.361202
-9.363406,50,297.400273
-10.92875,50,297.43896
-13.542437,50,297.475654
-10.522427,50,297.51727
-8.571973,50,297.549283
-11.676008,50,297.589632
-10.02146,50,297.624582
-14.581472,50,297.657425
-14.540549,50,297.694018
-8.314613,50,297.719413
-10.32767,50,297.750141
-10.555556,50,297.783651
-8.669853,50,297.823265
-13.55308,50,297.847095
-14.030607,50,297.876964
-9.174834,50,297.915651
-12.124761,50,297.951665
-11.282235,50,297.971452
-15.671962,50,298.00839
-12.923506,50,298.050965
-12.592413,50,298.073468
-15.590686,50,298.109785
-14.93442,50,298.141588
-8.117183,50,298.17168
-10.213626,50,298.202672
-8.987278,50,298.225172
-11.12514,50,298.255863
-11.549783,50,298.293152
-10.418365,50,298.333445
-8.230484,50,298.372302
-10.549199,50,298.413478
-10.824558,50,298.453221
-14.300503,50,298.493689
-8.358725,50,298.533114
-8.475779,50,298.559977
-10.94261,50,298.584098
-11.051828,50,298.608674
-8.555501,50,298.630934
-9.241114,50,298.652597
-10.650221,50,299.391436
-16.453847,50,299.433522
-9.518694,50,299.468801
-10.896378,50,299.509345
-11.916863,50,299.548566
-9.478454,50,299.590364
-12.06602,50,299.631431
-14.182222,50,299.671709
-13.593684,50,299.713386
-8.426005,50,299.748968
-8.258457,50,299.788802
-9.222688,50,299.821551
-8.83763,50,299.858085
-13.485483,50,299.893681
-10.701716,50,299.925711
-10.613182,50,299.962318
-9.140982,50,300.000629
-9.20919,50,300.037971
-13.463587,50,300.076358
-10.158868,50,300.11523
-11.168518,50,300.147709
-13.535172,50,300.176677
-15.022839,50,300.222617
-12.222094,50,300.257348
-14.852544,50,300.286668
-14.817458,50,300.313003
-10.74838,50,300.33828
-10.534676,50,300.366307
-13.261406,50,300.401153
-13.747197,50,300.443192
-8.165019,50,300.482048
-13.166637,50,300.524454
-9.326394,50,300.563374
-11.267291,50,300.601464
-15.661731,50,300.642965
-11.859883,50,300.683243
-16.495964,50,300.721117
-12.148621,50,300.751766
-12.84848,50,300.784561
-13.848547,50,300.81626
-15.41174,50,300.850391
-12.340862,50,301.845005
-13.956216,50,301.883929
-11.706937,50,301.924499
-9.63262,50,301.965334
-8.694414,50,302.001433
-10.125023,50,302.044525
-11.224283,50,302.078661
-11.157629,50,302.121526
-7.766895,50,302.160734
-13.912045,50,302.18844
-9.694145,50,302.216213
-7.283169,50,302.246416
-11.643629,50,302.280427
-14.042105,50,302.307817
-8.799083,50,302.34379
-8.135375,50,302.375818
-14.822685,50,302.402451
-9.920843,50,302.441434
-9.643459,50,302.46896
-11.033606,50,302.49279
-8.838269,50,302.51628
-12.020956,50,302.541193
-11.884414,50,302.568012
-8.25669,50,302.594467
-10.412125,50,302.622351
-9.395544,50,302.651476
-14.621003,50,302.692646
-11.559425,50,302.720155
-8.378832,50,302.749859
-14.726865,50,302.773467
-13.854934,50,302.800896
-15.041305,50,302.832819
-11.553077,50,302.87514
-11.10952,50,302.911736
-13.947425,50,302.95064
-8.786721,50,302.993748
-9.107636,50,303.033216
-10.020183,50,303.06984
-9.976774,50,303.109784
-8.313157,50,303.13655
-13.877936,50,303.16352
-8.361585,50,303.77025
-11.206481,50,303.805825
-9.444403,50,303.836158
-8.105747,50,303.878182
-11.958385,50,303.918938
-11.925806,50,303.959988
-9.948821,50,304.000615
-14.997215,50,304.038067
-11.428997,50,304.078236
-9.282347,50,304.118134
-7.838051,50,304.156018
-8.710489,50,304.200003
-14.784805,50,304.238884
-10.99242,50,304.273819
-10.774397,50,304.29909
-9.370004,50,304.326776
-8.440392,50,304.360654
-7.870288,50,304.389723
-11.480342,50,304.420861
-9.939742,50,304.448421
-8.168322,50,304.474987
-13.458343,50,304.497684
-10.388233,50,304.518909
-7.589584,50,304.547593
-13.949311,50,304.586828
-13.024971,50,304.622979
-8.699052,50,304.653336
-12.622687,50,304.686699
-14.543022,50,304.719168
-11.613955,50,304.744635
-11.661805,50,304.768574
-10.651603,50,304.801408
-9.149678,50,304.838291
-13.858403,50,304.880444
-8.211602,50,304.921921
-13.072233,50,304.962114
-15.165412,50,305.000094
-9.402411,50,305.034465
-12.560392,50,305.064371
-8.254294,50,305.105082
-11.603479,50,305.136599
-10.124115,50,305.82392
-10.559397,50,305.866373
-13.545139,50,305.902583
-13.403367,50,305.943229
-8.707744,50,305.981323
-16.340187,50,306.017806
-16.229152,50,306.058982
-11.875288,50,306.099755
-9.104546,50,306.130918
-13.150243,50,306.156013
-14.33837,50,306.195295
-8.369517,50,306.230169
-10.711854,50,306.254632
-13.680999,50,306.279439
-7.846447,50,306.307699
-10.97815,50,306.33681
-12.49581,50,306.372402
-10.784171,50,306.403738
-14.892955,50,306.429452
-8.044792,50,306.465451
-8.84651,50,306.501431
-8.28491,50,306.540888
-9.229604,50,306.573818
-12.321702,50,306.600005
-8.666707,50,306.640106
-13.019322,50,306.663334
-12.342355,50,306.696772
-11.023885,50,306.719381
-10.096586,50,306.759908
-9.109918,50,306.797988
-8.563073,50,306.834018
-10.258207,50,306.874379
-12.378968,50,306.915484
-10.473379,50,306.955054
-14.58559,50,306.992207
-13.086753,50,307.031938
-7.943659,50,307.071307
-10.618476,50,307.101228
-8.265374,50,307.129606
-15.401203,50,307.163671
-9.448992,50,307.197313
-13.422172,50,308.097736
-8.260523,50,308.137583
-9.162009,50,308.177291
-7.551457,50,308.216318
-8.632774,50,308.255587
-8.873712,50,308.294787
-12.109632,50,308.334454
-7.798688,50,308.371546
-10.849969,50,308.409275
-8.333911,50,308.447626
-14.942921,50,308.486251
-8.975708,50,308.509266
-9.519124,50,308.533854
-15.522216,50,308.567307
-15.567121,50,308.606103
-14.502618,50,308.62794
-15.44921,50,308.671051
-8.76598,50,308.706704
-9.243343,50,308.737696
-10.319333,50,308.763306
-8.474619,50,308.794693
-11.707519,50,308.829102
-10.239057,50,308.865176
-10.426013,50,308.903069
-12.382116,50,308.925908
-8.07212,50,308.950514
-9.446258,50,308.976605
-9.813985,50,309.002347
-10.486891,50,309.023875
-10.765352,50,309.046978
-8.024182,50,309.078286
-8.321182,50,309.117881
-16.270643,50,309.156917
-8.154063,50,309.189622
-10.468053,50,309.231732
-9.626381,50,309.271268
-8.151929,50,309.309018
-10.30972,50,309.344522
-9.265628,50,309.382807
-8.628375,50,309.422305
-14.689062,50,309.456463
-7.900579,50,310.174435
-9.406093,50,310.212132
-8.00747,50,310.254001
-14.376147,50,310.29215
-9.665158,50,310.332466
-7.669462,50,310.372568
-9.712241,50,310.412802
-8.869895,50,310.450324
-8.173625,50,310.488101
-7.815597,50,310.527584
-8.392058,50,310.563856
-9.700452,50,310.60336
-13.30472,50,310.64207
-9.331594,50,310.679071
-12.476068,50,310.719328
-11.237004,50,310.754904
-11.000382,50,310.794657
-10.251538,50,310.834652
-9.430608,50,310.864262
-9.093555,50,310.904044
-8.355687,50,310.942006
-16.262763,50,310.975443
-10.403538,50,311.015971
-8.146569,50,311.051878
-15.971126,50,311.08265
-8.520666,50,311.119405
-11.036893,50,311.149552
-12.384764,50,311.191235
-12.079026,50,311.233384
-8.546971,50,311.27258
-9.571914,50,311.30855
-11.281293,50,311.346094
-16.070944,50,311.380082
-10.113846,50,311.41855
-11.011633,50,311.455939
-8.276454,50,311.481431
-9.397636,50,311.511264
-8.642821,50,311.548176
-8.677499,50,311.576446
-9.509758,50,311.608264
-11.958505,50,311.644549
-9.670958,50,312.294093
-11.97629,50,312.334502
-14.486677,50,312.375365
-8.833675,50,312.414002
-15.288291,50,312.451082
-10.097421,50,312.476399
-14.775517,50,312.49898
-11.887832,50,312.529528
-8.489302,50,312.569184
-13.703799,50,312.594658
-11.339459,50,312.619362
-9.214594,50,312.658616
-14.352531,50,312.691183
-10.579342,50,312.718285
-15.614403,50,312.740223
-8.826039,50,312.774224
-10.363371,50,312.804837
-14.391579,50,312.836921
-10.599096,50,312.869971
-11.841552,50,312.911153
-8.067865,50,312.9516
-13.351551,50,312.981514
-9.735354,50,313.009564
-16.80277,50,313.054237
-8.677107,50,313.094807
-12.317968,50,313.12968
-7.917121,50,313.161393
-10.458393,50,313.205047
-14.524318,50,313.241308
-12.927821,50,313.271355
-8.7283,50,313.309436
-10.991863,50,313.348458
-11.333153,50,313.387058
-10.33609,50,313.426037
-8.645416,50,313.463364
-8.515091,50,313.498792
-8.756679,50,313.541226
-11.325596,50,313.576368
-15.395042,50,313.615988
-11.225299,50,313.64552
-8.913971,50,313.675582
-9.308143,50,314.372284
-10.227768,50,314.411958
-7.910319,50,314.451164
-8.316923,50,314.492655
-14.400575,50,314.52996
-11.097415,50,314.567796
-9.959056,50,314.609478
-14.920207,50,314.644219
-16.712281,50,314.668913
-12.295205,50,314.697058
-14.314747,50,314.72521
-8.548126,50,314.762725
-7.996903,50,314.79845
-8.108779,50,314.82382
-11.727378,50,314.846058
-10.107643,50,314.870313
-8.170026,50,314.89465
-9.243886,50,314.916151
-10.69161,50,314.940256
-14.812993,50,314.967314
-13.474454,50,315.00598
-8.092181,50,315.044067
-11.25405,50,315.066391
-15.218154,50,315.106082
-11.827332,50,315.144919
-8.056406,50,315.176451
-10.577234,50,315.216347
-13.009684,50,315.24519
-9.082792,50,315.289389
-11.779455,50,315.312513
-13.133239,50,315.357057
-8.343123,50,315.399494
-10.445042,50,315.437317
-9.519588,50,315.471636
-9.025228,50,315.510088
-12.983961,50,315.551039
-12.401146,50,315.588212
-9.93053,50,315.627164
-14.829972,50,315.667297
-9.211601,50,315.700343
-7.74246,50,315.737571
-9.354125,50,316.42748
-12.925816,50,316.467571
-15.19088,50,316.504762
-11.248862,50,316.529559
-7.976415,50,316.568387
-12.679438,50,316.608075
-11.637362,50,316.645475
-10.497819,50,316.685746
-8.745036,50,316.724288
-9.524206,50,316.76266
-11.300585,50,316.802508
-11.25047,50,316.839014
-10.783251,50,316.877415
-9.550423,50,316.914695
-11.669352,50,316.948026
-15.111966,50,316.979788
-9.030079,50,317.014504
-7.987995,50,317.051918
-8.968169,50,317.088572
-14.567143,50,317.129279
-8.408824,50,317.163563
-9.151454,50,317.204883
-8.88964,50,317.236502
-9.594474,50,317.272041
-16.228607,50,317.310075
-13.106135,50,317.344069
-14.48466,50,317.382152
-8.625963,50,317.425731
-15.165385,50,317.465766
-14.70909,50,317.503982
-8.086264,50,317.542475
-14.060851,50,317.581615
-12.69417,50,317.612158
-12.4102,50,317.646456
-10.245431,50,317.675747
-10.681724,50,317.70659
-10.363987,50,317.741685
-11.513521,50,317.772504
-11.017114,50,317.809501
-9.517276,50,317.843371
-14.036693,50,317.874472
-7.91083,50,318.546119
-8.953238,50,318.587661
-11.14812,50,318.627201
-12.331318,50,318.661603
-14.724829,50,318.699126
-8.598213,50,318.724758
-11.883255,50,318.758456
-8.599633,50,318.797343
-9.596195,50,318.824956
-12.722327,50,318.847507
-7.930749,50,318.87734
-10.856217,50,318.905771
-9.90597,50,318.933123
-9.713335,50,318.971296
-9.891491,50,319.002128
-10.921009,50,319.031928
-11.751175,50,319.059356
-14.808919,50,319.081955
-10.285232,50,319.104536
-11.60119,50,319.145157
-13.12403,50,319.177828
-12.066419,50,319.207411
-10.291616,50,319.243992
-14.721131,50,319.279422
-15.614725,50,319.315873
-12.402908,50,319.338835
-12.059034,50,319.372952
-12.828359,50,319.409235
-7.447532,50,319.440833
-15.122613,50,319.470728
-13.684203,50,319.498549
-9.653926,50,319.534086
-16.191812,50,319.570618
-12.576192,50,319.611938
-10.208222,50,319.651338
-13.134289,50,319.690695
-14.185248,50,319.720541
-12.177648,50,319.743578
-14.082926,50,319.776448
-11.51968,50,319.812438
-8.101665,50,320.601487
-11.865494,50,320.6411
-13.576017,50,320.679209
-9.78195,50,320.719382
-14.316383,50,320.761582
-12.680101,50,320.802957
-12.806171,50,320.838526
-14.920129,50,320.874656
-12.696415,50,320.910933
-12.655289,50,320.952737
-16.507041,50,320.993537
-11.290753,50,321.025028
-8.19618,50,321.055338
-9.872177,50,321.094922
-9.817209,50,321.136289
-11.515709,50,321.171526
-8.697928,50,321.200332
-10.392232,50,321.238223
-13.957044,50,321.27138
-10.972997,50,321.301681
-9.287725,50,321.343359
-10.25643,50,321.36504
-11.403555,50,321.402996
-10.230168,50,321.425722
-8.34183,50,321.450352
-7.878346,50,321.475323
-13.436719,50,321.514534
-7.938851,50,321.551284
-11.567411,50,321.575175
-7.637524,50,321.597682
-8.869378,50,321.630358
-8.727944,50,321.671611
-15.771519,50,321.701161
-8.297452,50,321.725275
-14.119278,50,321.758133
-10.276955,50,321.799998
-10.118288,50,321.830227
-12.695177,50,321.854264
-10.297933,50,321.890524
-10.939977,50,321.932288
-14.587059,50,321.971714
-16.101077,50,322.597749
-10.168253,50,322.636847
-10.914616,50,322.673598
-8.23345,50,322.717424
-9.76581,50,322.742164
-8.109223,50,322.764797
-8.517795,50,322.797013
-11.732246,50,322.830873
-7.831558,50,322.873483
-8.851518,50,322.909059
-9.600369,50,322.948573
-9.333359,50,322.982055
-8.780839,50,323.015056
-12.538266,50,323.050879
-16.769567,50,323.080289
-8.477037,50,323.104994
-8.575296,50,323.141176
-8.746935,50,323.178601
-13.137335,50,323.213083
-15.234782,50,323.248535
-13.00911,50,323.289194
-10.402439,50,323.322592
-8.617348,50,323.359422
-11.666599,50,323.401458
-10.276626,50,323.435163
-14.501051,50,323.470461
-12.513181,50,323.50215
-13.727619,50,323.54768
-13.843246,50,323.586294
-9.554466,50,323.622411
-11.943449,50,323.662061
-10.104299,50,323.690828
-9.076784,50,323.717035
-12.151404,50,323.746269
-11.603189,50,323.785423
-9.287872,50,323.824396
-11.163798,50,323.855589
-9.189299,50,323.879125
-14.969748,50,323.901724
-10.693253,50,323.933016
-7.747802,50,323.973859
-13.48014,50,324.819518
-12.513381,50,324.858568
-11.478292,50,324.90028
-8.313113,50,324.938066
-10.215862,50,324.966235
-8.911023,50,324.989119
-11.53092,50,325.018531
-13.063659,50,325.061006
-10.656029,50,325.098738
-9.760114,50,325.137408
-10.612501,50,325.174276
-10.147572,50,325.206649
-9.951533,50,325.242022
-10.042154,50,325.276426
-11.793655,50,325.309636
-12.81175,50,325.33476
-12.628594,50,325.370113
-11.449952,50,325.409118
-10.778693,50,325.440595
-8.210386,50,325.469956
-8.345953,50,325.496205
-13.052151,50,325.520807
-12.624719,50,325.559142
-12.240344,50,325.588213
-10.965414,50,325.630616
-11.571514,50,325.666715
-8.896389,50,325.70018
-9.016176,50,325.735394
-9.422381,50,325.770449
-8.582206,50,325.808243
-10.206868,50,325.848508
-10.999417,50,325.875253
-9.533457,50,325.91442
-12.901063,50,325.952405
-13.294789,50,325.988631
-14.168667,50,326.011809
-12.521611,50,326.044347
-8.689929,50,326.078633
-9.65991,50,326.107341
-11.777808,50,326.14169
-14.776233,50,326.171783
-10.835971,50,327.150506
-9.706267,50,327.190258
-8.643741,50,327.226415
-11.43081,50,327.266041
-8.415295,50,327.30421
-10.950383,50,327.343623
-14.492336,50,327.384132
-9.416293,50,327.423403
-16.400537,50,327.457522
-8.371272,50,327.487999
-14.803537,50,327.521108
-9.908286,50,327.554813
-7.997517,50,327.595616
-10.534302,50,327.621585
-12.459381,50,327.646013
-8.597814,50,327.677466
-7.925226,50,327.704668
-11.520636,50,327.730273
-11.665363,50,327.775923
-12.652067,50,327.799399
-14.031867,50,327.823959
-11.379569,50,327.850456
-11.414824,50,327.883443
-8.223973,50,327.910795
-15.219045,50,327.942055
-9.732544,50,327.968088
-8.72452,50,327.991291
-9.46801,50,328.022301
-10.822192,50,328.049314
-10.456637,50,328.078415
-9.622974,50,328.111414
-9.453784,50,328.148207
-11.335054,50,328.188967
-8.364246,50,328.229054
-8.182961,50,328.267684
-9.414834,50,328.306811
-11.987363,50,328.341478
-15.449332,50,328.364407
-10.692446,50,328.405184
-9.666276,50,328.445948
-15.101065,50,328.482152
-12.450532,50,329.448202
-8.665473,50,329.487956
-12.172818,50,329.526315
-9.938494,50,329.564055
-11.756793,50,329.602376
-13.680003,50,329.634956
-11.3829,50,329.674411
-9.806611,50,329.711874
-9.484971,50,329.737974
-8.686266,50,329.768113
-10.902477,50,329.801758
-16.003752,50,329.83155
-11.586365,50,329.86628
-12.107128,50,329.891575
-9.491301,50,329.9159
-10.584067,50,329.951836
-15.257949,50,329.993807
-8.664751,50,330.032528
-10.521104,50,330.057395
-8.35542,50,330.08028
-8.960541,50,330.105846
-8.334224,50,330.146516
-11.02321,50,330.180163
-14.969728,50,330.217402
-9.247246,50,330.252901
-14.742742,50,330.285029
-12.01093,50,330.311546
-7.85337,50,330.336656
-10.834626,50,330.365724
-15.527728,50,330.396297
-8.271643,50,330.438576
-9.144222,50,330.477448
-11.352405,50,330.517404
-10.331293,50,330.558341
-11.999834,50,330.593172
-8.954507,50,330.630859
-7.889772,50,330.656858
-10.545664,50,330.694232
-9.329722,50,330.73664
-8.892188,50,330.759304
-8.979743,50,330.790561
-11.627763,50,331.718039
-12.529377,50,331.757446
-10.169267,50,331.796184
-8.58268,50,331.838705
-11.545072,50,331.873786
-16.757778,50,331.912888
-13.703806,50,331.95133
-8.160713,50,331.987027
-10.991663,50,332.020203
-8.423512,50,332.061443
-14.855912,50,332.090302
-8.296985,50,332.115217
-14.496994,50,332.147017
-10.274083,50,332.170346
-10.129448,50,332.193866
-12.298611,50,332.229026
-12.456866,50,332.266882
-12.781561,50,332.309947
-9.360464,50,332.340109
-11.202317,50,332.378397
-9.434348,50,332.410845
-11.673034,50,332.437742
-12.021289,50,332.470214
-12.489115,50,332.509334
-8.147127,50,332.541303
-12.113107,50,332.563351
-9.495195,50,332.589638
-10.485536,50,332.622341
-8.627898,50,332.657255
-11.588064,50,332.681824
-10.061791,50,332.704609
-8.600159,50,332.744272
-8.130202,50,332.779786
-7.500971,50,332.813097
-13.237724,50,332.841892
-14.056549,50,332.86802
-11.181523,50,332.893943
-14.666237,50,332.917779
-7.99611,50,332.950738
-11.762743,50,332.990309
-11.451322,50,333.027037
-15.060977,50,333.995875
-10.558445,50,334.032935
-10.572274,50,334.065175
-8.20675,50,334.107594
-10.672146,50,334.149526
-11.225384,50,334.190299
-14.123094,50,334.230837
-13.216406,50,334.269345
-7.82677,50,334.311498
-8.369801,50,334.350604
-12.96712,50,334.387666
-10.990032,50,334.414111
-9.067231,50,334.437302
-12.528701,50,334.475073
-9.228137,50,334.51303
-8.561972,50,334.541839
-9.469173,50,334.570016
-10.916946,50,334.609934
-13.748267,50,334.64768
-11.605652,50,334.678671
-9.002555,50,334.713984
-8.918703,50,334.73654
-15.446029,50,334.773271
-8.812386,50,334.803083
-13.686825,50,334.834815
-13.182879,50,334.864983
-11.0605,50,334.893731
-8.778732,50,334.917672
-7.763605,50,334.949116
-9.11275,50,334.990635
-9.086636,50,335.03089
-9.477719,50,335.065496
-13.822873,50,335.105385
-12.81604,50,335.146255
-8.69159,50,335.173586
-8.597614,50,335.213858
-12.433209,50,335.256729
-11.63489,50,335.292319
-8.584992,50,335.322044
-15.737865,50,335.359513
-8.23716,50,335.392443
-11.553076,50,336.113389
-10.168356,50,336.152385
-9.63557,50,336.193887
-9.45075,50,336.236758
-13.381784,50,336.278359
-8.493145,50,336.316058
-11.28181,50,336.355384
-12.248381,50,336.390524
-14.325192,50,336.428861
-8.223977,50,336.45654
-11.157006,50,336.485578
-7.95475,50,336.529076
-13.327438,50,336.554229
-8.080398,50,336.585474
-11.755492,50,336.628916
-8.493748,50,336.669389
-13.113655,50,336.708932
-12.659304,50,336.736778
-9.094125,50,336.760228
-12.224243,50,336.782483
-8.131045,50,336.808366
-14.062015,50,336.838185
-9.274231,50,336.878769
-9.930454,50,336.90645
-12.416528,50,336.936996
-11.023176,50,336.977007
-11.235348,50,337.01016
-10.591473,50,337.03371
-14.472022,50,337.055997
-12.673381,50,337.088648
-8.361832,50,337.128141
-10.168276,50,337.157321
-8.316461,50,337.187982
-13.96517,50,337.227373
-14.191879,50,337.25352
-10.477197,50,337.295154
-10.691423,50,337.324264
-11.051465,50,337.367245
-12.184615,50,337.401394
-12.963694,50,337.437948
-13.687441,50,337.465458
-8.63774,50,338.189604
-12.204131,50,338.21499
-14.588153,50,338.254217
-8.790093,50,338.293936
-14.26626,50,338.331121
-8.130001,50,338.371579
-11.151965,50,338.412143
-10.842591,50,338.445353
-15.508513,50,338.480554
-10.71858,50,338.50341
-15.890528,50,338.541286
-11.898333,50,338.56702
-10.973933,50,338.591393
-10.456318,50,338.625007
-11.827829,50,338.650023
-11.653466,50,338.68131
-8.909104,50,338.725009
-12.022645,50,338.756314
-15.854475,50,338.78315
-12.501969,50,338.820688
-9.81817,50,338.861805
-10.312434,50,338.895077
-9.716698,50,338.9181
-13.889589,50,338.94945
-14.65908,50,338.977611
-11.989459,50,339.003665
-13.329106,50,339.029681
-10.146956,50,339.058652
-13.759574,50,339.087909
-13.456592,50,339.122344
-13.429925,50,339.145948
-10.098847,50,339.187577
-10.221529,50,339.228296
-13.27285,50,339.26525
-11.552483,50,339.305689
-10.445814,50,339.34294
-9.157211,50,339.385648
-13.597779,50,339.426262
-9.627059,50,339.467063
-13.922825,50,339.507366
-8.461316,50,339.545172
-11.659716,50,340.237921
-10.813143,50,340.277732
-10.630556,50,340.316103
-11.828545,50,340.357238
-12.44822,50,340.387649
-10.111536,50,340.430915
-8.662847,50,340.467488
-11.8215,50,340.511578
-13.530367,50,340.548366
-13.901647,50,340.590566
-8.313279,50,340.6333
-11.908429,50,340.668458
-14.376847,50,340.707257
-9.612443,50,340.737329
-9.978159,50,340.759527
-9.052668,50,340.786422
-8.539136,50,340.825443
-9.957206,50,340.862894
-13.265704,50,340.895151
-11.417298,50,340.929886
-12.270023,50,340.952455
-12.96179,50,340.992991
-10.709001,50,341.021159
-16.671657,50,341.048091
-8.881993,50,341.085021
-16.289092,50,341.117976
-10.611077,50,341.14493
-10.519887,50,341.171785
-9.281031,50,341.198525
-9.77953,50,341.233622
-14.588308,50,341.278053
-8.133801,50,341.31783
-10.28786,50,341.354425
-12.026093,50,341.395442
-10.97525,50,341.432317
-10.540922,50,341.47038
-10.080164,50,341.510082
-11.300127,50,341.534869
-8.442135,50,341.5655
-11.4972,50,341.603873
-13.875727,50,341.644497
-16.123036,50,342.307492
-9.083759,50,342.346376
-12.297925,50,342.388494
-8.157206,50,342.42827
-8.477725,50,342.463452
-10.480513,50,342.506738
-9.125605,50,342.536534
-9.101268,50,342.572261
-7.755283,50,342.609558
-13.144145,50,342.647868
-8.133824,50,342.676082
-8.840536,50,342.707267
-9.52401,50,342.73717
-8.421,50,342.778839
-10.929421,50,342.819296
-13.261527,50,342.857126
-8.661321,50,342.897849
-13.303509,50,342.938103
-8.620727,50,342.9751
-10.722606,50,343.004217
-12.21477,50,343.049617
-10.349573,50,343.084785
-8.551825,50,343.119466
-14.752965,50,343.163277
-14.359803,50,343.196662
-8.790391,50,343.237476
-14.1562,50,343.272356
-7.884091,50,343.313489
-9.554019,50,343.355712
-10.631218,50,343.392041
-8.976002,50,343.434484
-9.143617,50,343.472813
-9.284712,50,343.503342
-9.711419,50,343.535073
-12.713648,50,343.574612
-13.201809,50,343.607289
-8.568961,50,343.640631
-9.0581,50,343.669014
-10.757305,50,343.692824
-16.454807,50,343.717963
-11.183082,50,343.743158
-10.871007,50,344.489546
-10.323384,50,344.527432
-12.147137,50,344.56737
-9.732591,50,344.609441
-9.784594,50,344.650579
-9.607556,50,344.686597
-10.971214,50,344.717458
-9.848355,50,344.748594
-9.956955,50,344.783902
-14.584219,50,344.816057
-10.650847,50,344.854497
-14.234107,50,344.883327
-8.59928,50,344.926449
-12.168006,50,344.957396
-14.947097,50,344.9955
-8.419623,50,345.024435
-15.890884,50,345.054006
-8.997303,50,345.080442
-10.759215,50,345.107489
-10.861653,50,345.129492
-12.652412,50,345.160716
-8.157497,50,345.198451
-8.971256,50,345.229439
-8.531487,50,345.270598
-11.931085,50,345.301062
-8.410877,50,345.340311
-8.637499,50,345.368477
-11.973762,50,345.400579
-10.910793,50,345.440073
-11.819703,50,345.472391
-16.773359,50,345.511842
-9.466834,50,345.552791
-11.598733,50,345.592454
-13.07267,50,345.622304
-10.735075,50,345.643637
-9.838754,50,345.684028
-13.897842,50,345.716606
-11.813152,50,345.745939
-14.894629,50,345.774081
-10.583728,50,345.802815
-10.594609,50,345.829147
-8.879619,50,346.518636
-11.372637,50,346.556503
-10.053336,50,346.597213
-9.835373,50,346.637075
-9.431739,50,346.674606
-12.537887,50,346.711438
-11.795748,50,346.752234
-14.273458,50,346.791936
-11.084947,50,346.830235
-10.11765,50,346.860384
-15.501463,50,346.884769
-14.820171,50,346.92036
-10.835,50,346.958296
-13.730519,50,346.994455
-8.187215,50,347.038218
-8.610545,50,347.075575
-8.7117,50,347.110545
-10.203649,50,347.139386
-12.049601,50,347.16345
-10.918667,50,347.187792
-12.352319,50,347.230522
-11.05712,50,347.256735
-14.651203,50,347.279392
-9.223627,50,347.31694
-12.349635,50,347.345937
-8.892528,50,347.377944
-10.985993,50,347.405018
-14.753772,50,347.446724
-11.859171,50,347.485802
-13.079102,50,347.528151
-8.257286,50,347.572435
-9.767342,50,347.611912
-9.256562,50,347.649365
-8.142077,50,347.692487
-8.887876,50,347.729289
-12.828849,50,347.768968
-12.961809,50,347.810143
-15.228702,50,347.842277
-8.47049,50,347.867782
-10.836468,50,347.890536
-8.172986,50,347.923454
-9.937801,50,348.685477
-10.78325,50,348.722669
-9.139476,50,348.763237
-8.718551,50,348.800173
-7.760822,50,348.841058
-9.129729,50,348.878034
-7.947013,50,348.919935
-9.179785,50,348.959118
-15.112701,50,348.996005
-9.654324,50,349.03536
-8.949352,50,349.074932
-13.028367,50,349.111211
-9.825734,50,349.139987
-12.215173,50,349.166177
-12.419084,50,349.20521
-8.499177,50,349.236418
-8.413083,50,349.277184
-8.858258,50,349.316401
-13.549694,50,349.338923
-9.348295,50,349.367366
-7.873309,50,349.400142
-10.514765,50,349.423842
-9.184037,50,349.462435
-11.557755,50,349.489498
-15.243588,50,349.524761
-12.072682,50,349.56302
-10.113097,50,349.592652
-12.504772,50,349.622779
-13.617615,50,349.65908
-11.51885,50,349.692611
-9.605913,50,349.732764
-9.683822,50,349.769822
-13.628045,50,349.811963
-12.65172,50,349.849442
-9.480537,50,349.876829
-11.622681,50,349.906952
-12.418782,50,349.945242
-8.200058,50,349.983559
-14.481629,50,350.024846
-12.767593,50,350.052201
-15.865664,50,350.076995
-10.81063,50,350.706391
-8.749798,50,350.748217
-9.075673,50,350.784796
-11.897387,50,350.823908
-13.386692,50,350.863954
-8.729884,50,350.900044
-10.593034,50,350.937361
-10.253214,50,350.980683
-8.54685,50,351.021108
-14.928941,50,351.057145
-10.371426,50,351.094815
-9.591219,50,351.132044
-11.137749,50,351.161851
-11.306256,50,351.191701
-9.305631,50,351.218112
-8.808603,50,351.254763
-14.366492,50,351.287663
-15.554215,50,351.328026
-10.090599,50,351.363835
-9.012768,50,351.392344
-11.907178,50,351.438303
-12.85666,50,351.474968
-10.318502,50,351.515205
-12.356909,50,351.5484
-12.658897,50,351.57553
-8.171223,50,351.613755
-8.856904,50,351.640797
-11.296254,50,351.666263
-9.45934,50,351.686737
-9.074545,50,351.706788
-8.849681,50,351.728226
-14.793211,50,351.762056
-11.167565,50,351.796124
-12.052443,50,351.825834
-9.945262,50,351.866298
-13.416714,50,351.899567
-8.762131,50,351.942085
-10.232685,50,351.969017
-12.074322,50,351.993965
-8.8812,50,352.026086
-13.207448,50,352.069471
-10.026778,50,352.703831
-7.718685,50,352.743047
-10.326733,50,352.783507
-8.651766,50,352.823219
-12.939321,50,352.865998
-12.986613,50,352.90425
-9.986183,50,352.939674
-14.132788,50,352.972113
-8.461335,50,353.000152
-8.66464,50,353.025074
-8.664232,50,353.057556
-12.764655,50,353.08964
-11.679196,50,353.111743
-12.387911,50,353.133619
-11.190384,50,353.160663
-8.144373,50,353.185462
-9.887073,50,353.216949
-11.229126,50,353.242097
-10.410713,50,353.268834
-9.781575,50,353.292846
-9.714663,50,353.320763
-14.921726,50,353.352527
-12.024835,50,353.379969
-15.275562,50,353.417801
-10.192908,50,353.445219
-12.246366,50,353.485439
-8.502463,50,353.52391
-10.971963,50,353.562436
-8.773797,50,353.589265
-8.175185,50,353.614774
-14.23927,50,353.638498
-9.518688,50,353.678389
-7.528863,50,353.715217
-12.019488,50,353.758747
-10.85132,50,353.798573
-8.278883,50,353.839021
-8.246505,50,353.873161
-7.765966,50,353.905521
-16.473117,50,353.943354
-12.763786,50,353.981623
-13.604049,50,354.003514
-10.306564,50,354.618131
-9.003861,50,354.647867
-11.279777,50,354.676857
-15.987554,50,354.712204
-11.222689,50,354.754191
-8.999696,50,354.795187
-8.925422,50,354.832041
-8.760124,50,354.873145
-10.296567,50,354.911492
-11.935254,50,354.952018
-11.857218,50,354.989789
-11.076157,50,355.0256
-13.155401,50,355.053625
-9.583257,50,355.083644
-8.75905,50,355.124088
-12.957526,50,355.156901
-8.534355,50,355.190326
-8.15996,50,355.224471
-13.981897,50,355.250223
-9.272242,50,355.273935
-13.006963,50,355.295188
-11.748941,50,355.32431
-13.974882,50,355.353341
-10.021353,50,355.381677
-10.301578,50,355.414243
-11.046008,50,355.445049
-15.143571,50,355.473186
-10.786969,50,355.50053
-12.583574,50,355.529602
-9.283559,50,355.558129
-8.769314,50,355.589534
-8.022531,50,355.611135
-8.962216,50,355.643368
-12.591005,50,355.685093
-10.875136,50,355.706779
-8.720791,50,355.742259
-15.632189,50,355.784628
-8.451979,50,355.822357
-8.97795,50,355.851145
-15.085264,50,355.884452
-15.149816,50,355.915262
-8.898087,50,356.593386
-8.673946,50,356.623209
-8.494991,50,356.665579
-13.212112,50,356.69471
-10.098567,50,356.730007
-11.877194,50,356.770609
-15.716824,50,356.810296
-14.149897,50,356.848951
-10.592521,50,356.889939
-11.753633,50,356.928438
-9.516095,50,356.972114
-8.904095,50,357.005318
-8.409155,50,357.037023
-13.824362,50,357.066818
-13.198314,50,357.097478
-10.027824,50,357.128664
-10.159029,50,357.159498
-8.397465,50,357.195524
-13.68408,50,357.221596
-12.489085,50,357.262326
-9.840837,50,357.290448
-12.738645,50,357.316801
-8.567592,50,357.344622
-12.989629,50,357.378127
-8.59815,50,357.402316
-7.899203,50,357.439965
-13.947792,50,357.468597
-9.629627,50,357.502426
-11.143749,50,357.537388
-9.162434,50,357.572028
-11.372512,50,357.602439
-10.166496,50,357.638238
-11.566155,50,357.664475
-13.295208,50,357.696358
-12.3048,50,357.739951
-11.510577,50,357.778151
-8.368075,50,357.816774
-8.730004,50,357.858251
-8.083207,50,357.896217
-11.80505,50,357.935081
-13.741264,50,357.975583
-9.841669,50,358.715302
-10.05405,50,358.750641
-11.784799,50,358.790333
-11.565527,50,358.82853
-13.627232,50,358.870411
-8.783851,50,358.907468
-10.699694,50,358.948088
-8.506061,50,358.987579
-8.219893,50,359.024573
-8.119823,50,359.062366
-8.440299,50,359.101306
-8.635282,50,359.141775
-12.36275,50,359.180981
-11.912965,50,359.218873
-8.731726,50,359.257863
-9.310125,50,359.29332
-9.204534,50,359.326087
-9.768961,50,359.358429
-12.526519,50,359.393734
-13.961693,50,359.429432
-11.03861,50,359.459349
-10.986582,50,359.482571
-9.058008,50,359.519466
-16.043531,50,359.549911
-8.306846,50,359.57988
-10.208187,50,359.606753
-9.160357,50,359.628445
-10.057373,50,359.652061
-11.029198,50,359.676227
-14.452399,50,359.702119
-11.109631,50,359.724082
-12.788886,50,359.765425
-9.283198,50,359.809424
-8.862508,50,359.852109
-11.961177,50,359.891021
-14.575353,50,359.929057
-11.116142,50,359.970783
-14.56675,50,360.012982
-8.545753,50,360.051294
-10.775777,50,360.088814
-9.674598,50,360.113957
-10.070744,50,360.884214
-12.936275,50,360.927623
-12.1168,50,360.967648
-11.177266,50,361.001346
-12.878701,50,361.044519
-7.877028,50,361.086478
-10.32642,50,361.130287
-9.593729,50,361.168967
-8.94377,50,361.211767
-12.49307,50,361.250442
-11.652983,50,361.290421
-13.115572,50,361.328191
-8.318428,50,361.367985
-8.214382,50,361.406861
-10.283336,50,361.447425
-14.151993,50,361.473117
-13.983479,50,361.497962
-8.657368,50,361.523239
-12.691183,50,361.554559
-12.253374,50,361.592545
-13.761571,50,361.619522
-8.881341,50,361.642913
-13.458308,50,361.668012
-8.776086,50,361.691468
-8.894872,50,361.718219
-9.03248,50,361.752506
-8.656252,50,361.793043
-12.044214,50,361.815844
-11.596777,50,361.835836
-13.09106,50,361.856232
-9.930281,50,361.90155
-13.093134,50,361.939945
-15.984505,50,361.982666
-13.667081,50,362.021201
-11.50686,50,362.058553
-13.539124,50,362.096441
-12.104312,50,362.133132
-8.82019,50,362.17044
-8.141196,50,362.211619
-10.706414,50,362.250135
-8.268183,50,362.289336
-9.680279,50,362.934772
-9.163726,50,362.97279
-8.057829,50,363.013526
-9.989713,50,363.053636
-11.706448,50,363.091042
-9.529926,50,363.130448
-7.785019,50,363.168612
-9.780248,50,363.205484
-14.956622,50,363.238532
-12.507106,50,363.271427
-9.782951,50,363.300487
-12.806484,50,363.337605
-8.312027,50,363.373049
-9.85309,50,363.395852
-12.93166,50,363.423018
-14.257921,50,363.447559
-11.745214,50,363.48484
-9.869059,50,363.511955
-11.919614,50,363.540173
-8.541716,50,363.571385
-9.578085,50,363.595873
-9.90987,50,363.631684
-12.040515,50,363.661588
-11.499697,50,363.69254
-11.96461,50,363.716603
-15.673477,50,363.738212
-14.493201,50,363.769363
-13.328661,50,363.807533
-8.832524,50,363.845247
-11.968201,50,363.881036
-11.062558,50,363.924071
-11.573744,50,363.963401
-10.79043,50,364.002363
-12.080119,50,364.040201
-9.433194,50,364.075283
-13.548196,50,364.118922
-16.283588,50,364.158099
-8.507837,50,364.197208
-16.779964,50,364.237581
-12.121214,50,364.277368
-13.323359,50,364.31928
-9.34604,50,364.991611
-16.133993,50,365.031607
-11.145502,50,365.065413
-16.367911,50,365.108534
-13.47094,50,365.147848
-11.319993,50,365.186801
-13.782615,50,365.227342
-13.915476,50,365.257431
-8.119841,50,365.291408
-11.678175,50,365.317216
-10.52687,50,365.354535
-9.969327,50,365.380701
-8.480417,50,365.423233
-9.462117,50,365.451754
-13.023527,50,365.482648
-11.312016,50,365.52255
-13.986288,50,365.558239
-15.26729,50,365.584432
-8.787937,50,365.62653
-10.533541,50,365.659698
-11.087778,50,365.68594
-12.658137,50,365.713845
-14.398737,50,365.745358
-9.508581,50,365.779011
-12.763203,50,365.801845
-11.533894,50,365.845779
-12.172844,50,365.880207
-16.173791,50,365.915537
-9.744822,50,365.943962
-11.67606,50,365.984356
-9.387314,50,366.028444
-11.511722,50,366.069124
-16.535741,50,366.106786
-14.13919,50,366.133071
-15.411845,50,366.169789
-13.060961,50,366.193241
-8.660192,50,366.218441
-14.971948,50,366.248459
-8.700548,50,366.277597
-14.346287,50,366.303227
-9.162232,50,366.343992
-14.061221,50,367.349634
-10.019095,50,367.387871
-9.415605,50,367.417973
-8.674924,50,367.456377
-10.230603,50,367.496189
-10.832079,50,367.537115
-13.517293,50,367.575882
-11.429496,50,367.617746
-12.403365,50,367.64556
-10.648906,50,367.681345
-14.763496,50,367.722887
-7.31909,50,367.752004
-9.16663,50,367.7817
-10.871547,50,367.813376
-8.789877,50,367.839283
-9.540119,50,367.86219
-12.35677,50,367.884866
-9.41888,50,367.906527
-14.338034,50,367.934407
-11.983901,50,367.962369
-15.664153,50,367.985548
-15.525527,50,368.008231
-9.27898,50,368.04289
-9.398226,50,368.06549
-12.46494,50,368.088614
-15.632198,50,368.11608
-7.882701,50,368.141591
-9.900207,50,368.166305
-12.273857,50,368.190375
-12.058127,50,368.235814
-15.243848,50,368.268843
-11.375979,50,368.306415
-12.1657,50,368.347503
-14.327591,50,368.388732
-9.996908,50,368.430106
-8.305422,50,368.470604
-12.02938,50,368.509932
-9.097975,50,368.543601
-12.582127,50,368.569262
-11.209264,50,368.600376
-14.241088,50,368.633027
-11.670235,50,369.248792
-10.459942,50,369.274623
-9.423093,50,369.305474
-15.010218,50,369.331515
-13.196471,50,369.368416
-9.378194,50,369.410328
-9.284414,50,369.447828
-8.448496,50,369.488532
-8.104184,50,369.524786
-13.302322,50,369.561337
-10.878785,50,369.593448
-8.983906,50,369.62126
-8.849013,50,369.6508
-12.79859,50,369.679151
-16.010778,50,369.707283
-14.240661,50,369.735106
-11.789996,50,369.76373
-8.444888,50,369.808103
-11.11452,50,369.8393
-11.424358,50,369.876259
-11.744021,50,369.905983
-9.303551,50,369.927652
-11.139456,50,369.948041
-8.475849,50,369.971625
-10.795833,50,370.006794
-10.340175,50,370.036326
-14.334984,50,370.065859
-16.113217,50,370.099343
-14.627149,50,370.130736
-10.459256,50,370.157127
-13.802096,50,370.18953
-11.791958,50,370.214719
-15.176392,50,370.237435
-10.113167,50,370.264631
-11.668407,50,370.298721
-9.34404,50,370.323771
-8.911434,50,370.359821
-10.59766,50,370.400379
-9.138213,50,370.440434
-14.223664,50,370.478709
-8.091198,50,370.519317
-9.281149,50,371.386766
-15.232449,50,371.425114
-8.866453,50,371.46662
-9.074911,50,371.506196
-11.371211,50,371.547217
-9.246543,50,371.585443
-9.691623,50,371.626168
-11.862773,50,371.6636
-14.064108,50,371.701209
-12.467915,50,371.743333
-10.365315,50,371.780337
-15.252341,50,371.8219
-11.514276,50,371.863018
-9.03755,50,371.901304
-10.527538,50,371.929333
-13.569773,50,371.953842
-10.905299,50,371.990907
-8.966548,50,372.028888
-13.739281,50,372.061475
-11.665141,50,372.083784
-13.83424,50,372.123419
-15.44952,50,372.160543
-8.6006,50,372.190217
-9.191008,50,372.21418
-11.363455,50,372.244691
-8.390066,50,372.274457
-12.311612,50,372.30367
-8.915746,50,372.330721
-13.623076,50,372.37059
-10.355508,50,372.411568
-9.824435,50,372.449004
-8.498266,50,372.486439
-12.601999,50,372.528134
-13.832253,50,372.566032
-11.899372,50,372.599457
-8.627798,50,372.640247
-12.42674,50,372.68255
-8.53818,50,372.721615
-9.593819,50,372.75885
-16.454006,50,372.785758
-11.732799,50,373.775188
-13.453048,50,373.812389
-12.152075,50,373.852369
-10.334855,50,373.891611
-10.621918,50,373.9284
-10.179107,50,373.964969
-14.584075,50,374.005638
-8.072069,50,374.046312
-11.418592,50,374.087553
-11.748823,50,374.125036
-12.069879,50,374.156932
-14.718805,50,374.195536
-9.286673,50,374.222282
-11.332575,50,374.258435
-9.264679,50,374.297466
-8.6445,50,374.33718
-11.832407,50,374.370872
-9.002697,50,374.410553
-10.11195,50,374.432387
-10.285326,50,374.471841
-9.9829,50,374.496531
-9.687802,50,374.518486
-11.908252,50,374.554333
-11.130553,50,374.578418
-14.719807,50,374.599803
-8.970724,50,374.63736
-9.200664,50,374.679241
-16.670637,50,374.716811
-8.323561,50,374.756184
-8.974862,50,374.788385
-11.039797,50,374.826503
-12.151083,50,374.866934
-8.578987,50,374.907066
-8.314575,50,374.948035
-7.95944,50,374.990063
-11.657613,50,375.031838
-12.239669,50,375.070042
-10.625036,50,375.105466
-11.005302,50,375.136538
-9.296344,50,375.171354
-11.150424,50,375.209499
-15.568409,50,375.897975
-14.936577,50,375.93747
-8.676623,50,375.978235
-13.87577,50,376.019357
-14.925522,50,376.059509
-8.88855,50,376.098112
-16.705996,50,376.138019
-11.144038,50,376.174276
-10.156445,50,376.213825
-11.083718,50,376.25313
-9.524122,50,376.287391
-11.95673,50,376.317569
-11.24978,50,376.352013
-14.91161,50,376.384295
-12.113194,50,376.421651
-9.325863,50,376.454321
-12.912681,50,376.480401
-9.948761,50,376.520397
-11.523998,50,376.553701
-15.213892,50,376.589069
-11.572417,50,376.62255
-10.622078,50,376.648225
-13.525598,50,376.670991
-9.08262,50,376.699847
-10.714874,50,376.722843
-10.105288,50,376.746035
-10.157887,50,376.783933
-10.137571,50,376.805646
-10.498051,50,376.842731
-11.651217,50,376.87711
-11.594328,50,376.918833
-8.975899,50,376.9585
-10.397777,50,376.997613
-11.049553,50,377.038475
-7.987386,50,377.07449
-11.938823,50,377.117469
-8.128595,50,377.15823
-8.551306,50,377.19724
-9.873759,50,377.239311
-14.607167,50,377.279571
-9.395528,50,377.315834
-14.830431,50,378.016784
-10.093177,50,378.057026
-10.973502,50,378.096575
-11.285798,50,378.140993
-9.071805,50,378.18139
-8.573476,50,378.220713
-9.992377,50,378.26231
-10.792972,50,378.303199
-8.474422,50,378.343359
-10.744128,50,378.380867
-10.536988,50,378.421339
-12.224056,50,378.461887
-8.959115,50,378.497054
-9.32547,50,378.533734
-10.059693,50,378.56842
-10.339967,50,378.606621
-13.276649,50,378.642033
-11.115251,50,378.682006
-10.700006,50,378.708175
-16.192693,50,378.739482
-15.631149,50,378.764405
-12.818096,50,378.799396
-8.766083,50,378.826406
-8.418805,50,378.856224
-8.447092,50,378.879125
-8.803256,50,378.918175
-11.085,50,378.957295
-9.586591,50,378.986209
-9.601703,50,379.020494
-10.683422,50,379.059821
-13.452753,50,379.101123
-13.837248,50,379.139786
-12.949257,50,379.17884
-10.020684,50,379.217484
-9.873203,50,379.261857
-13.950433,50,379.300421
-8.517887,50,379.339495
-12.068603,50,379.377074
-7.875253,50,379.418929
-16.20324,50,379.452352
-15.711751,50,379.475617
-10.555859,50,380.216816
-12.308608,50,380.254564
-8.479576,50,380.296859
-12.418729,50,380.332423
-13.322007,50,380.369515
-14.919729,50,380.409363
-10.960392,50,380.450918
-11.556848,50,380.483246
-10.294056,50,380.519302
-10.864927,50,380.557704
-9.253681,50,380.586095
-9.276492,50,380.615423
-8.153854,50,380.655584
-9.527293,50,380.692801
-13.639907,50,380.72667
-13.686557,50,380.752591
-15.882675,50,380.781954
-14.268944,50,380.804432
-10.485286,50,380.830927
-8.919338,50,380.86362
-13.034835,50,380.899269
-8.101909,50,380.937341
-14.789869,50,380.97979
-9.159441,50,381.010394
-8.950221,50,381.048795
-9.385964,50,381.088899
-13.128124,50,381.116899
-9.952757,50,381.159392
-9.41838,50,381.197453
-15.06497,50,381.238045
-10.022693,50,381.27713
-9.183418,50,381.320172
-8.67081,50,381.356515
-8.854521,50,381.394289
-8.258869,50,381.434968
-12.936432,50,381.473381
-8.999095,50,381.50451
-7.91518,50,381.538462
-8.227597,50,381.566149
-10.041603,50,381.603383
-12.771779,50,381.632399
-10.852971,50,382.355813
-9.093544,50,382.380144
-12.136989,50,382.403924
-10.727926,50,382.429007
-12.354423,50,382.469821
-9.154636,50,382.509978
-15.062602,50,382.549334
-9.124836,50,382.589143
-8.23918,50,382.627145
-9.83991,50,382.658632
-10.600565,50,382.693699
-14.512121,50,382.733181
-10.293433,50,382.761307
-13.36349,50,382.792447
-10.595358,50,382.828819
-8.901871,50,382.855687
-9.050556,50,382.883957
-10.767784,50,382.913668
-12.518001,50,382.942378
-9.726648,50,382.985769
-13.607285,50,383.011073
-10.368739,50,383.039061
-8.147585,50,383.071542
-9.015347,50,383.113131
-12.716741,50,383.151065
-15.332076,50,383.189409
-9.198085,50,383.216273
-10.369687,50,383.252315
-8.581386,50,383.285898
-14.895902,50,383.312131
-14.288871,50,383.34544
-11.18222,50,383.385372
-10.256276,50,383.423014
-10.628138,50,383.463523
-14.967416,50,383.501095
-9.130676,50,383.540582
-8.061493,50,383.573353
-8.131621,50,383.605111
-11.709906,50,383.646008
-9.430137,50,383.670227
-14.470899,50,383.707309
-11.64617,50,384.442855
-10.578058,50,384.480589
-10.751585,50,384.519056
-9.842618,50,384.558841
-13.473179,50,384.597603
-14.844278,50,384.633267
-8.906968,50,384.672437
-14.751715,50,384.704082
-13.787469,50,384.725585
-12.043816,50,384.764065
-13.818584,50,384.800639
-11.908434,50,384.841323
-15.540543,50,384.881733
-8.474713,50,384.921095
-10.382546,50,384.954967
-13.152796,50,384.984216
-11.49361,50,385.011838
-15.641899,50,385.043898
-11.055704,50,385.066525
-11.222671,50,385.08684
-12.555815,50,385.115236
-8.360604,50,385.137897
-10.042285,50,385.170005
-8.560669,50,385.192468
-11.868175,50,385.218395
-14.671151,50,385.240792
-12.342979,50,385.262767
-11.39945,50,385.293012
-7.720349,50,385.336012
-9.645282,50,385.372828
-9.797449,50,385.405282
-9.815722,50,385.44305
-14.468402,50,385.484144
-7.969353,50,385.522912
-9.226181,50,385.562322
-12.534694,50,385.599998
-9.308381,50,385.641736
-11.844639,50,385.683797
-15.050468,50,385.723461
-15.350592,50,385.765054
-13.438576,50,385.800537
-9.024085,50,386.534607
-9.483655,50,386.570913
-14.698345,50,386.608164
-9.868408,50,386.65074
-9.838093,50,386.689972
-12.943211,50,386.729129
-10.565312,50,386.769466
-9.984764,50,386.811805
-10.465303,50,386.84947
-9.203902,50,386.886282
-10.115864,50,386.913363
-8.629838,50,386.94909
-10.686804,50,386.983944
-11.637334,50,387.020675
-13.921298,50,387.049545
-11.908687,50,387.082478
-8.638763,50,387.12512
-12.734409,50,387.151922
-14.76579,50,387.188551
-12.28059,50,387.221953
-8.771496,50,387.25419
-9.756851,50,387.29206
-9.832778,50,387.324845
-11.867005,50,387.362175
-12.322484,50,387.392246
-13.592144,50,387.425519
-10.993044,50,387.462868
-14.326342,50,387.489737
-12.186525,50,387.526798
-8.630764,50,387.560412
-8.651518,50,387.600399
-13.737803,50,387.633008
-7.913345,50,387.673828
-13.601321,50,387.708478
-12.036683,50,387.747671
-12.338001,50,387.778656
-9.10498,50,387.808183
-15.070611,50,387.836603
-11.281477,50,387.876331
-13.932728,50,387.910567
-10.606779,50,387.942881
-11.823313,50,388.603951
-8.329271,50,388.642518
-9.484502,50,388.680535
-8.000809,50,388.720207
-10.799378,50,388.75705
-12.763781,50,388.802426
-9.339067,50,388.840156
-14.334841,50,388.880729
-12.252209,50,388.909237
-10.30926,50,388.942036
-15.307015,50,388.981692
-14.284786,50,389.017275
-8.840637,50,389.05526
-11.076022,50,389.091788
-11.808647,50,389.12613
-9.351352,50,389.157451
-16.42391,50,389.177799
-10.182653,50,389.221695
-11.862554,50,389.258519
-11.727044,50,389.292355
-13.921936,50,389.326331
-9.047867,50,389.36223
-15.05611,50,389.396616
-9.715208,50,389.430431
-11.742169,50,389.46856
-11.764255,50,389.512142
-8.747813,50,389.543067
-13.561483,50,389.571429
-11.658425,50,389.599017
-12.883556,50,389.636396
-12.52366,50,389.680591
-15.097201,50,389.717269
-9.771963,50,389.758139
-9.237988,50,389.791379
-9.961845,50,389.826601
-8.602842,50,389.855646
-11.329804,50,389.893662
-9.780391,50,389.926813
-8.387013,50,389.955007
-8.826159,50,389.991251
-10.41679,50,390.01822
