#{"t_start": 1765911605.7364988, "env_id": "Reacher-v4"}
r,l,t
-64.631466,50,0.047739
-59.608674,50,0.071112
-58.738627,50,0.094096
-68.202816,50,0.116583
-68.774933,50,0.138267
-54.597245,50,0.160722
-55.526572,50,0.182282
-58.827795,50,0.203681
-63.628385,50,0.224086
-61.129693,50,0.24393
-61.106975,50,0.268614
-61.499671,50,0.29332
-56.946568,50,0.31799
-59.940944,50,0.352748
-68.314826,50,0.385474
-60.387725,50,0.415442
-63.938347,50,0.44446
-61.299437,50,0.477541
-60.969212,50,0.514809
-55.947759,50,0.54287
-62.145358,50,0.57238
-56.874001,50,0.609046
-55.666127,50,0.631127
-62.630887,50,0.659065
-71.189383,50,0.691786
-57.861165,50,0.722081
-62.476395,50,0.756934
-63.293664,50,0.794768
-50.076981,50,0.82695
-59.208817,50,0.851273
-57.271281,50,0.888578
-62.257411,50,0.924262
-63.862179,50,0.946205
-57.050305,50,0.968469
-53.409041,50,0.99092
-63.328034,50,1.013286
-62.524224,50,1.035765
-48.761939,50,1.065517
-64.283419,50,1.10711
-60.47467,50,1.141933
-58.780657,50,1.93284
-64.137961,50,1.969428
-59.085271,50,2.007226
-54.152142,50,2.046183
-55.512925,50,2.087238
-62.458003,50,2.126107
-55.249498,50,2.164361
-51.701895,50,2.193778
-63.218106,50,2.224445
-64.943598,50,2.259215
-58.655429,50,2.284659
-68.414025,50,2.320688
-72.411029,50,2.35759
-62.466255,50,2.393276
-62.509659,50,2.423566
-61.64707,50,2.459046
-65.581718,50,2.495442
-57.367602,50,2.533108
-56.51168,50,2.560834
-58.638032,50,2.588131
-51.930393,50,2.614539
-62.14622,50,2.635704
-63.620076,50,2.6768
-60.356856,50,2.716325
-61.914639,50,2.759887
-66.332817,50,2.800079
-55.225939,50,2.832312
-64.061706,50,2.860965
-59.783748,50,2.901049
-57.588496,50,2.927859
-53.721709,50,2.969642
-61.735324,50,3.011318
-60.465012,50,3.048758
-58.944849,50,3.088024
-67.440399,50,3.127978
-65.40187,50,3.166194
-67.887776,50,3.204366
-65.039856,50,3.242401
-61.598503,50,3.27935
-67.688111,50,3.31604
-63.363978,50,3.350661
-49.991491,50,4.101024
-59.6859,50,4.138731
-51.817937,50,4.180795
-63.404901,50,4.219573
-54.058785,50,4.257965
-57.667519,50,4.298038
-53.283933,50,4.337045
-61.886185,50,4.373939
-61.501325,50,4.412507
-52.563945,50,4.453649
-59.897481,50,4.489321
-60.70063,50,4.527862
-66.467551,50,4.569499
-55.812947,50,4.599892
-54.5971,50,4.642595
-52.506358,50,4.681227
-51.840535,50,4.712216
-50.940536,50,4.745734
-63.417336,50,4.771056
-64.995234,50,4.801297
-57.208798,50,4.844692
-54.535996,50,4.881085
-56.741255,50,4.919086
-59.744336,50,4.958674
-61.849376,50,4.996188
-62.364249,50,5.022206
-54.871518,50,5.051761
-57.439041,50,5.085285
-48.373335,50,5.128153
-54.709794,50,5.165386
-66.234642,50,5.203464
-58.786092,50,5.236879
-58.431957,50,5.275297
-53.591741,50,5.301598
-57.268195,50,5.340894
-56.87515,50,5.373354
-52.463794,50,5.405267
-61.43145,50,5.440626
-56.962002,50,5.466344
-54.218313,50,5.488633
-48.625784,50,5.5136
-53.12526,50,6.353154
-50.140344,50,6.394536
-62.052638,50,6.43433
-52.340287,50,6.472266
-60.436355,50,6.510245
-54.2516,50,6.550976
-47.053243,50,6.587271
-55.941372,50,6.624508
-53.971582,50,6.662081
-48.012404,50,6.701392
-52.132026,50,6.737112
-50.024656,50,6.773012
-63.519785,50,6.800284
-55.873296,50,6.838658
-50.876783,50,6.866978
-55.505318,50,6.908084
-52.652514,50,6.946793
-57.290696,50,6.988494
-53.53756,50,7.014623
-58.865929,50,7.040116
-49.448248,50,7.078462
-54.539126,50,7.123295
-60.071212,50,7.159738
-56.242993,50,7.187272
-61.447362,50,7.217291
-50.846694,50,7.240986
-51.404441,50,7.273074
-43.182262,50,7.295107
-56.304416,50,7.324555
-58.295358,50,7.356384
-50.989667,50,7.394109
-50.396837,50,7.432632
-54.015417,50,7.474899
-46.888893,50,7.502846
-59.663535,50,7.528013
-55.129833,50,7.551482
-55.514792,50,7.58743
-50.904197,50,7.618516
-51.335668,50,7.645937
-56.535656,50,7.675532
-54.140583,50,7.702076
-65.517189,50,8.544824
-57.51707,50,8.572386
-49.401941,50,8.612212
-58.792285,50,8.645116
-45.105255,50,8.687632
-50.331109,50,8.727629
-57.386384,50,8.766189
-54.240666,50,8.805839
-50.788753,50,8.845427
-53.948476,50,8.881143
-48.932881,50,8.919981
-47.426812,50,8.960407
-49.266835,50,8.999395
-54.602355,50,9.03172
-53.614314,50,9.056038
-55.645108,50,9.079492
-62.502873,50,9.122134
-59.527002,50,9.158223
-56.061696,50,9.192772
-50.195325,50,9.226213
-46.993386,50,9.260896
-47.091922,50,9.29665
-54.101027,50,9.328489
-55.496035,50,9.359616
-47.562011,50,9.399986
-53.603945,50,9.436406
-55.705867,50,9.469091
-51.405387,50,9.493397
-60.079648,50,9.530854
-57.362689,50,9.573538
-54.633254,50,9.614555
-54.387757,50,9.649559
-61.19652,50,9.692039
-52.488525,50,9.728345
-61.596356,50,9.769101
-50.202229,50,9.807123
-57.723719,50,9.847759
-64.650816,50,9.881945
-47.085853,50,9.916231
-51.881954,50,9.947292
-55.641177,50,9.978716
-56.688419,50,10.936407
-50.244128,50,10.972633
-42.969098,50,11.013075
-55.723225,50,11.053258
-48.09217,50,11.094574
-54.992921,50,11.130805
-47.776739,50,11.169311
-49.906289,50,11.207147
-49.918495,50,11.249192
-50.75172,50,11.285361
-52.757214,50,11.317101
-52.078481,50,11.348364
-50.442179,50,11.383832
-49.685532,50,11.411907
-54.039565,50,11.440193
-53.662717,50,11.473499
-46.006292,50,11.506732
-45.554723,50,11.530666
-49.665813,50,11.555764
-55.612293,50,11.583454
-46.936901,50,11.612176
-63.630563,50,11.647641
-57.562563,50,11.674439
-52.61032,50,11.702253
-54.999947,50,11.731726
-55.142747,50,11.767776
-59.343909,50,11.799676
-41.302362,50,11.828031
-46.522917,50,11.867722
-55.579703,50,11.899558
-51.832657,50,11.922221
-48.64735,50,11.963726
-52.012792,50,12.002658
-55.388772,50,12.041687
-51.903585,50,12.076347
-54.4849,50,12.113961
-52.960504,50,12.152551
-52.343039,50,12.191101
-49.180722,50,12.229107
-48.138676,50,12.265287
-55.721383,50,12.307052
-49.34892,50,13.041768
-50.310292,50,13.079215
-51.188417,50,13.112404
-48.199544,50,13.150443
-54.449624,50,13.190847
-55.364371,50,13.229892
-52.615076,50,13.269785
-49.998572,50,13.300342
-50.686879,50,13.342533
-44.526476,50,13.380708
-48.741701,50,13.419352
-45.796057,50,13.459075
-45.415546,50,13.496284
-46.559561,50,13.528443
-53.311207,50,13.558002
-57.37454,50,13.588375
-47.155967,50,13.62221
-51.601005,50,13.647185
-53.281894,50,13.675233
-44.988694,50,13.709178
-44.210658,50,13.742189
-43.954559,50,13.778402
-48.017731,50,13.800714
-47.231833,50,13.839419
-57.740935,50,13.86642
-46.605726,50,13.901799
-49.816609,50,13.935401
-58.083001,50,13.974569
-51.25709,50,13.998536
-49.415149,50,14.020681
-49.672846,50,14.053957
-52.649922,50,14.093431
-51.618753,50,14.135342
-49.104298,50,14.176041
-50.176481,50,14.215658
-49.386553,50,14.255176
-45.956855,50,14.293055
-51.763903,50,14.333857
-49.966972,50,14.374354
-48.988265,50,14.40046
-47.333428,50,14.441291
-40.088824,50,15.1381
-48.516706,50,15.178067
-48.397582,50,15.217991
-46.582617,50,15.260104
-45.369736,50,15.299863
-43.976846,50,15.338023
-42.568717,50,15.370888
-52.108968,50,15.411334
-44.43017,50,15.444956
-49.29308,50,15.480229
-45.326655,50,15.519982
-50.057649,50,15.56096
-48.232637,50,15.596634
-56.051553,50,15.626986
-51.461641,50,15.6675
-44.344557,50,15.693673
-41.334554,50,15.726645
-47.974342,50,15.753706
-51.680616,50,15.774077
-45.549273,50,15.795729
-48.796186,50,15.8281
-52.63504,50,15.851325
-59.481523,50,15.871416
-46.722679,50,15.893477
-44.602399,50,15.917344
-50.397066,50,15.940452
-43.435703,50,15.985441
-41.26812,50,16.023206
-45.230998,50,16.057272
-39.83932,50,16.082346
-45.621204,50,16.10533
-53.597735,50,16.126147
-47.884078,50,16.151674
-46.973914,50,16.175659
-56.369274,50,16.213306
-51.037617,50,16.252355
-48.541495,50,16.292398
-48.806386,50,16.332418
-45.06211,50,16.368904
-42.537196,50,16.397868
-48.716223,50,16.421011
-53.126091,50,17.110143
-55.640099,50,17.143785
-54.571205,50,17.179476
-45.70432,50,17.2213
-38.188683,50,17.261717
-46.616332,50,17.301449
-45.352689,50,17.33978
-45.561577,50,17.377233
-45.611819,50,17.417763
-48.439897,50,17.458375
-49.945209,50,17.496645
-45.276137,50,17.535508
-52.567569,50,17.577574
-40.700417,50,17.616332
-43.015157,50,17.643838
-41.168588,50,17.671792
-49.743677,50,17.699262
-45.509023,50,17.726489
-41.220867,50,17.756099
-49.822127,50,17.776042
-44.07796,50,17.800344
-45.587309,50,17.836133
-43.170066,50,17.861512
-52.180674,50,17.902261
-40.536258,50,17.930369
-52.57821,50,17.953582
-49.972262,50,17.975223
-43.764919,50,18.000021
-50.70842,50,18.025009
-39.664901,50,18.048636
-50.856997,50,18.072314
-47.311387,50,18.095551
-44.019222,50,18.116129
-45.772745,50,18.142372
-50.041267,50,18.166008
-46.583323,50,18.189678
-47.315383,50,18.213469
-42.363785,50,18.250165
-52.169009,50,18.279844
-47.059123,50,18.303545
-45.751216,50,18.335933
-52.897389,50,19.301075
-42.329451,50,19.342203
-46.866288,50,19.380099
-42.573533,50,19.420358
-47.075633,50,19.453367
-44.800661,50,19.489228
-35.941228,50,19.522103
-35.073508,50,19.558958
-49.943991,50,19.59292
-47.203741,50,19.620977
-46.137758,50,19.654317
-45.618451,50,19.678301
-42.291852,50,19.705675
-41.24114,50,19.732143
-46.776363,50,19.757812
-38.259639,50,19.78369
-39.488379,50,19.810261
-48.650519,50,19.84063
-44.647338,50,19.873993
-43.431794,50,19.908263
-45.696267,50,19.945047
-49.953349,50,19.983977
-45.566182,50,20.015284
-45.246898,50,20.050594
-44.229721,50,20.089029
-42.213444,50,20.121512
-49.733948,50,20.15329
-40.363977,50,20.190932
-40.074925,50,20.230922
-50.059667,50,20.269746
-43.672389,50,20.303566
-46.575093,50,20.335673
-47.573478,50,20.365186
-48.669905,50,20.408273
-48.628152,50,20.446009
-43.442977,50,20.481043
-42.579809,50,20.506487
-46.617704,50,20.54206
-42.006065,50,20.573755
-42.345093,50,20.611777
-51.392556,50,20.650397
-39.012975,50,21.603743
-45.361646,50,21.643775
-43.958089,50,21.679072
-37.920628,50,21.716042
-47.701582,50,21.757905
-42.423971,50,21.796388
-41.306147,50,21.83159
-42.478394,50,21.863058
-48.48161,50,21.893237
-36.083078,50,21.924561
-39.614856,50,21.962069
-39.376476,50,21.995975
-44.861428,50,22.026765
-44.293889,50,22.067344
-37.353511,50,22.097527
-44.54031,50,22.11989
-36.488045,50,22.163782
-45.094224,50,22.207436
-44.730542,50,22.243802
-48.187424,50,22.28156
-40.176062,50,22.321986
-40.054198,50,22.346919
-53.518337,50,22.385097
-46.362867,50,22.406674
-40.675285,50,22.453536
-42.847457,50,22.492493
-40.885576,50,22.522167
-44.721152,50,22.542981
-46.628509,50,22.564456
-43.662583,50,22.590451
-38.989019,50,22.635421
-46.129044,50,22.661471
-43.711188,50,22.703478
-36.498355,50,22.746078
-47.080452,50,22.782269
-48.135823,50,22.817975
-41.183013,50,22.851594
-41.420415,50,22.879762
-47.051045,50,22.904506
-43.766128,50,22.934206
-44.677241,50,22.969404
-39.010345,50,23.952882
-43.103393,50,23.992102
-43.940332,50,24.029636
-40.239098,50,24.069228
-45.416019,50,24.106606
-37.138737,50,24.146329
-39.987623,50,24.187662
-38.176547,50,24.226242
-44.893467,50,24.266288
-43.240387,50,24.300504
-42.963893,50,24.333346
-39.622709,50,24.359919
-38.724825,50,24.382389
-36.49886,50,24.403855
-39.415664,50,24.429582
-30.659168,50,24.471105
-40.267669,50,24.495256
-43.562613,50,24.530124
-41.926706,50,24.562612
-43.858498,50,24.588497
-36.338682,50,24.623927
-41.320079,50,24.666008
-38.814628,50,24.707097
-38.794768,50,24.747578
-47.670723,50,24.782846
-38.84526,50,24.822872
-39.673635,50,24.861059
-45.565237,50,24.904154
-40.296691,50,24.94334
-40.220813,50,24.985474
-45.01849,50,25.016113
-36.324711,50,25.047779
-39.647251,50,25.087219
-36.157509,50,25.119802
-46.370646,50,25.153053
-47.841989,50,25.18635
-41.024558,50,25.212543
-41.267962,50,25.239122
-41.046331,50,25.262266
-43.500764,50,25.306893
-36.606395,50,25.344854
-41.716128,50,26.356053
-37.187429,50,26.396008
-35.942499,50,26.434669
-35.972826,50,26.47223
-44.916356,50,26.513268
-46.749577,50,26.55296
-39.550905,50,26.592352
-41.665167,50,26.632044
-37.827819,50,26.669781
-36.733023,50,26.71059
-40.970514,50,26.74986
-38.20108,50,26.787558
-48.785523,50,26.821712
-42.494043,50,26.852877
-39.850125,50,26.877621
-38.573513,50,26.905571
-40.573838,50,26.931333
-36.639655,50,26.961469
-41.919583,50,26.993002
-43.667801,50,27.022529
-35.386391,50,27.045896
-32.658971,50,27.081228
-37.405535,50,27.122227
-39.770626,50,27.157829
-43.190101,50,27.191067
-43.13931,50,27.228787
-41.575431,50,27.256939
-43.795085,50,27.287833
-40.327664,50,27.315078
-41.67618,50,27.358942
-44.628823,50,27.401057
-37.395687,50,27.441562
-36.399866,50,27.482831
-36.143333,50,27.511629
-36.525481,50,27.53779
-38.09065,50,27.561493
-42.717716,50,27.590348
-38.758008,50,27.617231
-38.713495,50,27.661259
-39.209574,50,27.690702
-41.637771,50,27.725383
-44.137267,50,28.698132
-35.990772,50,28.737236
-39.90777,50,28.778171
-35.221718,50,28.815209
-38.204757,50,28.854157
-42.135511,50,28.896591
-43.923427,50,28.935195
-41.480565,50,28.969444
-33.908108,50,29.009914
-35.827872,50,29.044923
-39.600054,50,29.077179
-32.615874,50,29.113152
-40.210389,50,29.146675
-38.348164,50,29.176337
-35.021068,50,29.215399
-38.89513,50,29.240499
-37.614621,50,29.270589
-41.264871,50,29.307381
-44.012611,50,29.334412
-34.23559,50,29.368156
-31.813964,50,29.413406
-36.985636,50,29.451927
-45.285722,50,29.492352
-37.11579,50,29.518251
-38.113829,50,29.544923
-29.648224,50,29.585093
-43.456967,50,29.611311
-34.276505,50,29.633201
-41.630771,50,29.656972
-33.575563,50,29.694586
-32.958309,50,29.738794
-41.354667,50,29.775467
-41.347483,50,29.81547
-36.655639,50,29.856369
-34.097338,50,29.896335
-35.85233,50,29.9208
-38.90874,50,29.946964
-41.562101,50,29.977446
-39.217093,50,30.012085
-41.829675,50,30.046754
-39.719678,50,30.077354
-37.728702,50,30.717076
-36.279511,50,30.755156
-35.377417,50,30.798544
-34.988981,50,30.836056
-33.274819,50,30.876384
-31.639011,50,30.916287
-31.818118,50,30.95361
-34.533897,50,30.993272
-38.248316,50,31.018529
-39.726554,50,31.054236
-35.283639,50,31.085392
-40.789121,50,31.117226
-37.617132,50,31.145377
-28.079513,50,31.177859
-31.865491,50,31.20637
-31.385542,50,31.23861
-34.04341,50,31.271339
-33.911941,50,31.305007
-33.091608,50,31.332012
-31.731288,50,31.360321
-38.588069,50,31.401935
-41.229489,50,31.439026
-37.395997,50,31.47018
-38.875428,50,31.504051
-32.804731,50,31.537793
-36.088357,50,31.564182
-38.514043,50,31.59621
-41.67631,50,31.637765
-40.80257,50,31.677541
-37.552998,50,31.706369
-40.679885,50,31.744398
-31.379819,50,31.768347
-38.232737,50,31.794445
-32.214139,50,31.817067
-36.073741,50,31.852129
-38.962637,50,31.88334
-35.869363,50,31.909387
-35.0118,50,31.945179
-35.147436,50,31.979067
-39.598918,50,32.007024
-34.499061,50,32.044156
-41.454541,50,32.716954
-31.186097,50,32.73703
-37.118197,50,32.757826
-37.601792,50,32.77887
-34.274025,50,32.8136
-31.102438,50,32.854123
-34.035986,50,32.893743
-35.850524,50,32.929693
-34.490228,50,32.973388
-31.138592,50,33.003778
-36.229608,50,33.041609
-36.905037,50,33.071418
-30.940042,50,33.113801
-37.728566,50,33.150691
-44.124212,50,33.184352
-37.450739,50,33.22958
-25.871122,50,33.264986
-34.775337,50,33.303234
-34.982686,50,33.332346
-36.127726,50,33.356971
-35.484495,50,33.379545
-32.046642,50,33.403878
-32.537847,50,33.426527
-33.236309,50,33.448957
-35.703672,50,33.475107
-33.568931,50,33.515691
-36.7931,50,33.556775
-37.132838,50,33.596236
-32.754559,50,33.641271
-32.219524,50,33.683388
-34.673471,50,33.722926
-41.846196,50,33.764184
-34.847206,50,33.803171
-36.509724,50,33.845815
-26.619646,50,33.88483
-42.276565,50,33.911774
-38.428235,50,33.953979
-33.723389,50,33.987208
-34.515294,50,34.016124
-33.208568,50,34.041454
-33.71384,50,34.080248
-30.093333,50,34.77358
-30.779101,50,34.816394
-31.225257,50,34.85552
-27.326109,50,34.89709
-30.881707,50,34.933587
-37.244388,50,34.975181
-32.423071,50,35.015591
-36.46184,50,35.051555
-31.447155,50,35.087281
-32.794371,50,35.1244
-28.184299,50,35.154778
-28.82603,50,35.18305
-34.653527,50,35.213721
-32.708369,50,35.25267
-31.418572,50,35.292117
-36.056393,50,35.333551
-31.195401,50,35.372325
-32.852291,50,35.407983
-35.140857,50,35.43234
-33.215136,50,35.468968
-31.715853,50,35.505986
-37.592782,50,35.545944
-35.792818,50,35.586072
-28.50721,50,35.623548
-29.329258,50,35.6526
-35.907325,50,35.691772
-30.247354,50,35.719032
-30.951751,50,35.747337
-37.981867,50,35.783441
-35.677165,50,35.823373
-35.891804,50,35.86451
-31.508815,50,35.900973
-29.870993,50,35.929127
-27.436265,50,35.963224
-29.521793,50,36.002433
-35.212866,50,36.041114
-34.494456,50,36.066187
-34.279167,50,36.096787
-31.21601,50,36.125547
-30.419738,50,36.167941
-37.952437,50,36.207905
-28.058479,50,36.9382
-30.115027,50,36.978763
-32.853485,50,37.01916
-34.343263,50,37.05862
-36.292151,50,37.098309
-28.936023,50,37.134413
-31.116274,50,37.164194
-30.421242,50,37.201937
-28.827656,50,37.232685
-27.768648,50,37.261535
-35.600926,50,37.292277
-26.523092,50,37.323198
-30.136861,50,37.351563
-33.8911,50,37.389802
-30.852071,50,37.418516
-31.95124,50,37.44623
-28.504936,50,37.481334
-32.998082,50,37.503726
-29.270046,50,37.531156
-29.440553,50,37.55914
-32.349249,50,37.60464
-30.047506,50,37.634645
-24.666132,50,37.659568
-36.728163,50,37.683325
-27.031278,50,37.707109
-37.99428,50,37.739749
-29.768165,50,37.774014
-32.384922,50,37.811186
-25.096651,50,37.843647
-28.625036,50,37.880745
-29.219694,50,37.921036
-26.770213,50,37.963365
-26.888255,50,38.001505
-30.937657,50,38.040869
-24.7681,50,38.068722
-25.306918,50,38.109315
-32.989204,50,38.141346
-30.238186,50,38.17633
-29.546106,50,38.20044
-32.29082,50,38.224703
-36.755981,50,38.266606
-25.649706,50,38.901085
-25.47899,50,38.940439
-26.681106,50,38.982029
-31.271299,50,39.022392
-29.752442,50,39.059555
-28.188685,50,39.101004
-25.906444,50,39.141295
-28.701967,50,39.183087
-32.171346,50,39.221321
-24.571624,50,39.263206
-30.759232,50,39.300765
-22.695189,50,39.338959
-31.15266,50,39.377077
-28.425717,50,39.416445
-33.485135,50,39.451954
-30.506397,50,39.487268
-30.095019,50,39.524919
-32.840187,50,39.559233
-24.510397,50,39.594846
-30.473105,50,39.618959
-31.365535,50,39.641787
-30.180049,50,39.668067
-27.433541,50,39.707533
-30.971518,50,39.742696
-34.284611,50,39.778988
-31.301021,50,39.812662
-29.018734,50,39.850517
-29.776171,50,39.890159
-30.14819,50,39.91542
-25.70291,50,39.95754
-25.098166,50,39.99892
-29.423749,50,40.036232
-24.631842,50,40.074378
-31.486316,50,40.111355
-32.759937,50,40.154682
-25.839296,50,40.194928
-33.074673,50,40.231985
-28.150389,50,40.272617
-31.818753,50,40.30737
-27.223478,50,40.335131
-24.08894,50,40.360676
-31.483886,50,41.037996
-30.660949,50,41.077434
-25.655266,50,41.117732
-25.355574,50,41.156268
-29.250942,50,41.199311
-29.445841,50,41.235329
-30.491373,50,41.277582
-28.095498,50,41.319825
-25.328956,50,41.350305
-27.786495,50,41.384791
-34.034005,50,41.414955
-27.887768,50,41.457792
-26.551265,50,41.485351
-28.253978,50,41.516065
-29.854316,50,41.555397
-20.94505,50,41.594947
-24.43814,50,41.634292
-31.807297,50,41.66944
-31.054782,50,41.697346
-32.796246,50,41.720519
-28.097226,50,41.750431
-24.65404,50,41.779052
-30.089323,50,41.815543
-23.878011,50,41.835611
-24.077859,50,41.855776
-25.183453,50,41.889525
-23.717814,50,41.912733
-24.408645,50,41.932604
-25.400546,50,41.952518
-28.771215,50,41.988463
-26.070593,50,42.008904
-24.771309,50,42.05051
-25.011917,50,42.092892
-26.826373,50,42.135343
-27.519161,50,42.177252
-24.858291,50,42.203655
-27.665525,50,42.242732
-30.682582,50,42.265033
-17.670139,50,42.28919
-23.050604,50,42.329117
-29.346561,50,42.371245
-23.675567,50,43.062239
-23.936131,50,43.103129
-23.094426,50,43.144691
-28.5858,50,43.184287
-23.321823,50,43.224315
-30.133199,50,43.264002
-27.600886,50,43.29897
-26.221564,50,43.339468
-28.122717,50,43.379131
-23.184831,50,43.420436
-23.903934,50,43.456737
-23.059425,50,43.493852
-23.374557,50,43.529037
-30.312463,50,43.563305
-25.307269,50,43.599177
-24.655586,50,43.626294
-28.986256,50,43.65967
-28.44543,50,43.696304
-20.744349,50,43.724083
-21.861367,50,43.746182
-25.074152,50,43.772281
-20.281524,50,43.808622
-20.358761,50,43.847461
-26.779116,50,43.872832
-25.139607,50,43.910786
-24.042942,50,43.944188
-34.429593,50,43.969515
-25.137313,50,43.994051
-29.625289,50,44.018829
-22.716808,50,44.052862
-26.000127,50,44.092778
-29.48846,50,44.133457
-22.160163,50,44.172473
-23.770798,50,44.211037
-28.31886,50,44.252049
-23.727542,50,44.276251
-29.621177,50,44.307893
-30.455493,50,44.342278
-23.244021,50,44.382108
-24.467163,50,44.412824
-31.973217,50,44.441288
-21.855607,50,45.088651
-25.051914,50,45.130772
-22.409991,50,45.170963
-24.541585,50,45.210981
-29.095854,50,45.251504
-28.317677,50,45.294256
-24.697032,50,45.330217
-23.579639,50,45.367757
-23.13454,50,45.404927
-22.205584,50,45.438632
-19.012174,50,45.463881
-26.798354,50,45.502198
-23.370352,50,45.539247
-23.570913,50,45.568821
-24.212677,50,45.601109
-22.051438,50,45.630168
-26.062025,50,45.67097
-24.772387,50,45.709242
-21.317828,50,45.745369
-26.634325,50,45.777211
-27.122758,50,45.802176
-26.076215,50,45.838972
-22.48935,50,45.873558
-24.077285,50,45.900316
-26.853885,50,45.928458
-22.667946,50,45.960091
-25.509512,50,45.98906
-24.882231,50,46.019694
-20.907775,50,46.048917
-23.654335,50,46.088557
-22.893253,50,46.129343
-23.497476,50,46.168899
-24.845133,50,46.207815
-20.585577,50,46.248833
-19.281449,50,46.286819
-24.539879,50,46.32567
-18.219718,50,46.364058
-23.117728,50,46.406674
-28.501592,50,46.43949
-22.609906,50,46.468152
-29.376147,50,46.498477
-22.678345,50,47.154272
-17.509324,50,47.189844
-19.779447,50,47.23066
-26.600122,50,47.267249
-21.233165,50,47.306311
-26.220167,50,47.340616
-24.424017,50,47.382258
-24.823683,50,47.417156
-22.5325,50,47.453923
-22.954262,50,47.488005
-19.772744,50,47.529044
-27.564801,50,47.5621
-29.024292,50,47.604918
-21.57445,50,47.631099
-22.828838,50,47.664147
-22.956181,50,47.692615
-22.443212,50,47.726822
-16.893779,50,47.758569
-24.648379,50,47.781379
-22.994369,50,47.815256
-22.655463,50,47.846944
-21.440571,50,47.886382
-22.880943,50,47.91918
-21.274469,50,47.949911
-20.994234,50,47.976669
-21.39247,50,48.007327
-21.029751,50,48.039286
-20.399984,50,48.068164
-24.770114,50,48.104328
-25.864711,50,48.138301
-20.522868,50,48.180018
-18.169819,50,48.217563
-27.984756,50,48.257688
-24.667461,50,48.299256
-21.902952,50,48.337291
-21.189598,50,48.375873
-21.669782,50,48.414531
-22.105594,50,48.450615
-20.28864,50,48.485155
-17.546917,50,48.517454
-25.065089,50,48.541867
-22.808925,50,49.455754
-23.875356,50,49.498423
-21.088572,50,49.535283
-20.473873,50,49.577196
-23.51702,50,49.615323
-18.148869,50,49.659056
-23.026125,50,49.699705
-18.142248,50,49.735643
-19.882864,50,49.774916
-22.042904,50,49.814704
-17.645308,50,49.853397
-17.500367,50,49.894067
-13.956495,50,49.934934
-24.944718,50,49.97627
-24.980488,50,50.011097
-23.004952,50,50.043818
-26.606713,50,50.082803
-23.531948,50,50.122146
-22.222474,50,50.158368
-24.099896,50,50.198187
-23.624677,50,50.232049
-21.736737,50,50.258331
-20.242537,50,50.295196
-23.772299,50,50.328836
-18.059925,50,50.359208
-19.745038,50,50.384129
-17.984703,50,50.408012
-22.713928,50,50.432874
-14.332822,50,50.475236
-18.537583,50,50.510769
-19.293611,50,50.545922
-26.146747,50,50.588037
-25.520533,50,50.619215
-25.332398,50,50.660177
-23.910966,50,50.697036
-24.280555,50,50.737413
-25.627196,50,50.775625
-21.175403,50,50.813234
-21.494771,50,50.855712
-26.510464,50,50.891719
-17.579054,50,50.926013
-22.701319,50,51.896356
-19.364288,50,51.936226
-20.495162,50,51.973848
-17.362812,50,52.006484
-16.281817,50,52.034696
-20.943212,50,52.067981
-21.394321,50,52.0929
-21.826874,50,52.115885
-17.64559,50,52.144516
-18.840111,50,52.171232
-25.131952,50,52.203773
-20.595146,50,52.243949
-20.266515,50,52.275002
-14.478065,50,52.31179
-16.075355,50,52.346948
-21.397111,50,52.384862
-19.913453,50,52.415263
-17.560772,50,52.450609
-20.856159,50,52.483104
-19.782902,50,52.510893
-18.655701,50,52.553305
-16.378009,50,52.589367
-24.669314,50,52.623959
-17.931223,50,52.659733
-15.634543,50,52.696716
-22.824796,50,52.719264
-14.501555,50,52.744035
-19.44369,50,52.76722
-18.191893,50,52.789433
-25.552689,50,52.819093
-24.595265,50,52.845203
-16.657947,50,52.884048
-17.816247,50,52.921287
-19.838051,50,52.953487
-23.957399,50,52.986481
-24.365336,50,53.015423
-25.548996,50,53.047021
-24.412684,50,53.075792
-20.853517,50,53.097967
-17.720286,50,53.137669
-21.804375,50,53.174175
-19.156177,50,54.057139
-13.946774,50,54.095303
-22.506048,50,54.134358
-15.547643,50,54.173142
-23.857083,50,54.212313
-18.427306,50,54.252072
-22.063129,50,54.290449
-23.963142,50,54.317169
-18.128371,50,54.354372
-22.766118,50,54.38955
-14.846659,50,54.421471
-20.88285,50,54.456937
-18.258893,50,54.489074
-15.984589,50,54.526386
-15.392878,50,54.558144
-21.97315,50,54.597006
-21.02017,50,54.63623
-18.098987,50,54.662247
-12.611873,50,54.702154
-21.265497,50,54.744495
-22.217149,50,54.767253
-17.7362,50,54.804085
-16.911757,50,54.830953
-21.57068,50,54.862784
-19.759191,50,54.894776
-16.110031,50,54.932469
-19.985826,50,54.956855
-19.722126,50,54.98406
-15.920931,50,55.01668
-25.958917,50,55.059605
-15.737121,50,55.100508
-18.007889,50,55.140481
-11.713266,50,55.182007
-17.145694,50,55.214434
-15.707592,50,55.24717
-16.199756,50,55.284899
-18.359643,50,55.32222
-22.999584,50,55.355691
-21.26454,50,55.395278
-15.731432,50,55.424496
-24.471518,50,56.093884
-14.419641,50,56.134279
-22.108834,50,56.172982
-26.604887,50,56.214014
-19.233456,50,56.254017
-17.067257,50,56.294376
-19.567409,50,56.336054
-21.788555,50,56.373766
-17.50351,50,56.413798
-19.908243,50,56.453872
-16.699907,50,56.490789
-17.742254,50,56.530853
-17.539551,50,56.567168
-16.566115,50,56.607056
-16.353898,50,56.646754
-15.592613,50,56.688504
-18.808599,50,56.713883
-19.799078,50,56.739391
-22.063642,50,56.777515
-20.000104,50,56.816474
-21.114992,50,56.848224
-13.111908,50,56.874864
-23.745993,50,56.898801
-16.162377,50,56.940987
-23.602966,50,56.966264
-14.78035,50,56.988545
-23.716586,50,57.010357
-21.883685,50,57.053459
-15.249956,50,57.086502
-17.229156,50,57.130419
-20.537522,50,57.170354
-14.625998,50,57.20934
-20.716259,50,57.249789
-20.019966,50,57.292335
-21.282636,50,57.326987
-21.255649,50,57.3643
-18.488217,50,57.395133
-18.42172,50,57.435897
-21.975222,50,57.461768
-16.767561,50,57.494206
-19.602369,50,57.521987
-12.561351,50,58.280318
-19.015756,50,58.319643
-20.902265,50,58.353824
-17.225305,50,58.395323
-17.693099,50,58.435132
-18.916764,50,58.474253
-21.139037,50,58.513629
-20.472577,50,58.55202
-16.698703,50,58.58111
-18.339461,50,58.612235
-17.469295,50,58.646272
-23.542569,50,58.683949
-15.268726,50,58.716181
-15.871716,50,58.750358
-21.574571,50,58.773021
-21.136771,50,58.796935
-18.274208,50,58.829179
-15.144249,50,58.857415
-17.769862,50,58.885337
-19.655566,50,58.920844
-18.062597,50,58.951125
-15.610681,50,58.981122
-16.410228,50,59.010008
-16.060766,50,59.048352
-19.576237,50,59.080495
-23.36326,50,59.120386
-17.145651,50,59.155783
-24.173554,50,59.190954
-17.019106,50,59.229984
-17.045743,50,59.265367
-20.587669,50,59.304189
-17.100979,50,59.345271
-18.874579,50,59.386205
-15.147715,50,59.425436
-20.071751,50,59.46464
-16.790132,50,59.506894
-24.578526,50,59.543833
-22.112783,50,59.580876
-23.165911,50,59.610508
-19.472267,50,59.639282
-19.113205,50,59.673792
-15.271397,50,60.383575
-15.864163,50,60.422731
-19.648842,50,60.46293
-14.695258,50,60.499034
-20.376292,50,60.540894
-18.385217,50,60.580169
-15.265955,50,60.618727
-17.352975,50,60.661209
-18.006753,50,60.698061
-22.261678,50,60.732116
-14.364179,50,60.759427
-15.152351,50,60.786604
-19.27527,50,60.813647
-21.279868,50,60.83643
-20.471883,50,60.859114
-17.209719,50,60.881351
-18.026081,50,60.904113
-13.828044,50,60.928723
-21.618296,50,60.956131
-18.380344,50,60.990134
-17.372208,50,61.014101
-16.083133,50,61.043811
-20.584743,50,61.072588
-17.262074,50,61.098997
-15.672341,50,61.133984
-14.063366,50,61.173975
-20.959316,50,61.205387
-21.101045,50,61.227779
-24.873291,50,61.252871
-18.582541,50,61.274354
-16.084605,50,61.304381
-13.457252,50,61.333973
-23.942763,50,61.374337
-17.976612,50,61.409526
-19.198225,50,61.450438
-21.052966,50,61.490589
-20.600235,50,61.531235
-12.488028,50,61.569898
-12.511639,50,61.609073
-15.349535,50,61.645284
-16.172952,50,61.671371
-22.162883,50,62.371391
-16.195354,50,62.410286
-17.656458,50,62.449976
-22.003638,50,62.489901
-21.169043,50,62.526819
-23.778996,50,62.567034
-22.01858,50,62.605318
-14.740911,50,62.646522
-12.649642,50,62.684838
-16.446906,50,62.721251
-20.156728,50,62.761926
-19.598629,50,62.794289
-19.44213,50,62.827068
-17.114548,50,62.858657
-16.943262,50,62.896196
-20.106919,50,62.933021
-21.904749,50,62.972589
-20.075306,50,63.001083
-17.603244,50,63.043832
-15.878886,50,63.084211
-19.323104,50,63.116506
-16.956753,50,63.13979
-13.432105,50,63.16483
-18.557593,50,63.207386
-12.919159,50,63.248153
-15.591905,50,63.28694
-14.118284,50,63.329245
-14.314249,50,63.355734
-17.296807,50,63.390484
-18.423892,50,63.431946
-19.036617,50,63.47206
-16.729003,50,63.514095
-14.265979,50,63.558231
-14.710572,50,63.598154
-18.66855,50,63.637968
-22.41435,50,63.678899
-13.8286,50,63.720603
-15.820892,50,63.751431
-13.860183,50,63.785617
-18.123336,50,63.808225
-17.75797,50,63.830911
-13.807402,50,64.436568
-16.484283,50,64.478095
-11.123374,50,64.519675
-16.969925,50,64.54942
-14.9879,50,64.593708
-17.2225,50,64.627866
-20.004573,50,64.671028
-15.622444,50,64.709351
-18.167894,50,64.748976
-20.294029,50,64.790936
-21.87133,50,64.828072
-21.100111,50,64.868739
-12.520801,50,64.907132
-11.779632,50,64.943084
-13.518603,50,64.981541
-14.4975,50,65.015325
-14.014518,50,65.042602
-15.937382,50,65.076795
-18.544455,50,65.115741
-17.92262,50,65.145981
-11.639137,50,65.176783
-21.94301,50,65.203482
-19.060983,50,65.243433
-15.560431,50,65.276029
-14.363256,50,65.309155
-15.444828,50,65.345689
-15.740101,50,65.370209
-18.78707,50,65.396371
-15.50523,50,65.420785
-14.586817,50,65.45629
-17.651243,50,65.494148
-19.023186,50,65.534023
-18.39109,50,65.560416
-21.781761,50,65.590096
-14.477693,50,65.629005
-16.164002,50,65.669553
-19.675782,50,65.696461
-19.268499,50,65.738708
-21.296281,50,65.767061
-20.439392,50,65.793899
-19.459541,50,65.816891
-13.848002,50,66.640374
-14.34459,50,66.681143
-14.756041,50,66.719955
-15.533248,50,66.759418
-13.466991,50,66.79643
-17.546268,50,66.835439
-19.893401,50,66.874765
-16.682788,50,66.913634
-19.098016,50,66.95492
-12.539697,50,66.977268
-15.858163,50,67.013557
-14.394478,50,67.041501
-16.450518,50,67.06425
-12.364612,50,67.088128
-13.254321,50,67.123103
-19.320043,50,67.159954
-16.950292,50,67.187638
-22.022299,50,67.215255
-14.096066,50,67.243126
-21.244168,50,67.271237
-15.82547,50,67.303823
-16.125965,50,67.343158
-14.001654,50,67.373268
-20.806494,50,67.409118
-15.4035,50,67.43592
-23.290313,50,67.469566
-14.384771,50,67.496366
-12.668853,50,67.535038
-11.714625,50,67.56644
-15.23371,50,67.597898
-15.67472,50,67.630604
-15.50179,50,67.67381
-14.223228,50,67.711121
-17.322511,50,67.752579
-14.767798,50,67.781817
-14.336657,50,67.821819
-13.862598,50,67.853391
-14.635177,50,67.887227
-16.255206,50,67.92312
-14.189281,50,67.961435
-15.177595,50,67.998279
-13.174102,50,68.841545
-13.249181,50,68.878733
-16.334377,50,68.920344
-12.524398,50,68.956617
-17.825464,50,68.993717
-10.497118,50,69.031364
-14.615292,50,69.074852
-14.330817,50,69.116203
-14.742999,50,69.152296
-12.494314,50,69.192308
-19.630522,50,69.232967
-15.589606,50,69.269928
-14.732144,50,69.303395
-13.690954,50,69.333802
-20.930873,50,69.359635
-16.843898,50,69.386635
-15.431279,50,69.422851
-12.050355,50,69.461474
-19.652315,50,69.487025
-18.502461,50,69.512791
-14.004822,50,69.534073
-12.961721,50,69.571772
-18.551292,50,69.616671
-13.908156,50,69.642137
-16.65772,50,69.667433
-20.574248,50,69.695411
-15.156154,50,69.718331
-15.366073,50,69.743068
-16.805592,50,69.768307
-11.456426,50,69.807798
-21.578745,50,69.836418
-14.148785,50,69.879514
-16.769311,50,69.917909
-17.530717,50,69.953987
-10.880316,50,69.993995
-19.369003,50,70.03261
-13.760134,50,70.073468
-13.952949,50,70.113674
-13.148745,50,70.152965
-14.926665,50,70.194012
-16.678559,50,70.236723
-18.00366,50,71.230395
-18.472782,50,71.2695
-15.363097,50,71.308593
-12.667098,50,71.349447
-14.190091,50,71.38571
-14.075351,50,71.424612
-12.578863,50,71.466383
-19.702183,50,71.506091
-13.127325,50,71.546388
-16.302238,50,71.587448
-11.888525,50,71.625623
-20.831371,50,71.657014
-16.533,50,71.691691
-17.757678,50,71.730785
-14.767933,50,71.754186
-19.851222,50,71.784978
-15.482798,50,71.820856
-15.561645,50,71.858281
-12.433295,50,71.891986
-13.949003,50,71.919868
-19.117787,50,71.961485
-17.849342,50,71.995015
-13.670434,50,72.024976
-19.043077,50,72.056238
-9.920322,50,72.085639
-11.098071,50,72.112527
-14.968379,50,72.13878
-11.112269,50,72.165166
-16.032061,50,72.202868
-19.95652,50,72.242416
-14.832478,50,72.282527
-13.322494,50,72.320373
-17.818855,50,72.361088
-17.892977,50,72.397765
-13.066203,50,72.424369
-10.945155,50,72.446605
-12.13291,50,72.472116
-16.951033,50,72.498523
-13.105582,50,72.533723
-13.903088,50,72.569964
-13.538522,50,72.599126
-19.91348,50,73.344164
-11.70865,50,73.379411
-15.923421,50,73.420972
-11.642295,50,73.461887
-15.035652,50,73.500341
-16.572538,50,73.540131
-13.651258,50,73.577429
-16.530876,50,73.601968
-20.176984,50,73.640152
-18.009938,50,73.681339
-13.315132,50,73.710787
-16.284421,50,73.739088
-12.79917,50,73.76907
-14.977406,50,73.796375
-18.896576,50,73.820986
-18.20465,50,73.854552
-18.394829,50,73.894791
-14.035329,50,73.933583
-14.277167,50,73.967429
-12.975792,50,74.002253
-12.004788,50,74.033342
-19.976309,50,74.055902
-12.362121,50,74.083496
-12.41053,50,74.128967
-19.251834,50,74.161489
-17.504548,50,74.192566
-11.753117,50,74.223248
-17.144803,50,74.251225
-11.915526,50,74.2814
-12.332575,50,74.308201
-16.502412,50,74.350534
-13.653839,50,74.389579
-13.0234,50,74.428387
-17.496079,50,74.469205
-20.141734,50,74.508727
-18.085769,50,74.549172
-19.009496,50,74.581901
-19.394142,50,74.603779
-12.584101,50,74.630904
-18.715893,50,74.664933
-18.526693,50,74.690762
-18.674104,50,75.34779
-19.861162,50,75.385545
-16.894654,50,75.425269
-11.238969,50,75.466391
-18.656603,50,75.503874
-12.146029,50,75.541942
-12.84656,50,75.58047
-14.927627,50,75.622109
-18.453138,50,75.6596
-14.621606,50,75.700004
-13.075796,50,75.74045
-17.212815,50,75.776147
-13.02334,50,75.817746
-16.409305,50,75.85602
-12.555051,50,75.890366
-11.643212,50,75.931816
-11.691791,50,75.961492
-13.925744,50,75.990211
-16.170842,50,76.024413
-12.556362,50,76.057095
-15.757279,50,76.095668
-12.895323,50,76.13155
-15.504695,50,76.163144
-13.076615,50,76.19938
-13.525691,50,76.228305
-14.57651,50,76.255096
-18.632013,50,76.285092
-11.977534,50,76.322884
-15.903297,50,76.349499
-15.775169,50,76.393764
-18.109746,50,76.430856
-12.307256,50,76.472246
-16.342894,50,76.511998
-15.187217,50,76.549331
-15.748685,50,76.593341
-15.913083,50,76.619823
-14.577338,50,76.650652
-15.345012,50,76.687371
-17.301563,50,76.712032
-18.407502,50,76.75291
-15.752932,50,76.783859
-15.499159,50,77.439339
-10.372971,50,77.482022
-19.25781,50,77.5193
-19.108234,50,77.559826
-13.904973,50,77.598319
-11.756947,50,77.635024
-14.15085,50,77.676125
-12.993257,50,77.71371
-13.736134,50,77.746812
-13.250289,50,77.776767
-13.219287,50,77.806658
-18.075187,50,77.831184
-13.033272,50,77.855971
-18.579387,50,77.879251
-14.307353,50,77.915769
-15.799897,50,77.959238
-11.686307,50,77.994066
-17.519341,50,78.034318
-15.495932,50,78.073815
-14.726324,50,78.096549
-14.606565,50,78.11878
-16.813382,50,78.14721
-17.997839,50,78.169491
-15.761362,50,78.196708
-15.354428,50,78.222032
-10.568205,50,78.247987
-16.829046,50,78.269989
-15.08316,50,78.298714
-12.134864,50,78.339305
-17.886082,50,78.38118
-10.829471,50,78.418599
-17.835337,50,78.457273
-14.80995,50,78.498995
-12.587911,50,78.528595
-15.639259,50,78.569724
-12.53825,50,78.608722
-17.567495,50,78.648248
-12.204548,50,78.690028
-14.357057,50,78.725021
-19.39091,50,78.766382
-11.974043,50,78.807906
-19.251988,50,79.459995
-17.294981,50,79.494183
-18.56749,50,79.535836
-13.831756,50,79.574274
-13.262165,50,79.611776
-13.391628,50,79.653637
-10.631585,50,79.691881
-12.992943,50,79.721579
-12.589507,50,79.765843
-11.970351,50,79.79876
-15.692309,50,79.822593
-14.161879,50,79.858273
-12.888871,50,79.884638
-12.900347,50,79.91901
-16.441647,50,79.95479
-18.198404,50,79.979878
-14.014535,50,80.011644
-12.521091,50,80.037336
-14.483747,50,80.062076
-14.37873,50,80.094232
-20.806615,50,80.127745
-15.352021,50,80.160666
-12.254472,50,80.191028
-10.918889,50,80.224282
-12.866506,50,80.252834
-15.801524,50,80.295285
-14.828968,50,80.32987
-11.908604,50,80.369096
-11.748554,50,80.4092
-16.458502,50,80.437286
-13.039926,50,80.47808
-11.26173,50,80.518591
-16.564652,50,80.559266
-13.566121,50,80.598962
-12.943742,50,80.637392
-15.376555,50,80.679926
-12.215617,50,80.711414
-17.129698,50,80.735548
-13.111592,50,80.758493
-14.153952,50,80.790786
-13.117343,50,80.831468
-10.912531,50,81.490308
-18.725716,50,81.529935
-11.826423,50,81.566263
-14.247904,50,81.604572
-16.552075,50,81.640876
-11.208942,50,81.679888
-17.699224,50,81.720815
-17.977817,50,81.759747
-15.073766,50,81.803375
-13.486602,50,81.842412
-12.132325,50,81.885534
-11.77485,50,81.925808
-12.700767,50,81.96422
-11.503541,50,82.0058
-14.369871,50,82.041831
-11.417853,50,82.078866
-10.41815,50,82.12087
-12.284815,50,82.147863
-16.39419,50,82.18643
-14.59487,50,82.208277
-14.134237,50,82.228427
-12.262739,50,82.268445
-12.859126,50,82.303403
-16.078011,50,82.335202
-15.443314,50,82.374655
-15.543898,50,82.412875
-14.32372,50,82.435774
-11.591614,50,82.457234
-13.799966,50,82.49847
-17.166036,50,82.539902
-17.880062,50,82.578806
-11.056295,50,82.618614
-17.828574,50,82.658334
-12.346636,50,82.6974
-14.57593,50,82.735188
-12.249606,50,82.777191
-11.523527,50,82.814177
-13.376867,50,82.849534
-13.215856,50,82.884418
-13.626787,50,82.908879
-16.643838,50,82.935366
-17.851765,50,83.762774
-12.8889,50,83.798173
-12.030686,50,83.840706
-18.514278,50,83.884504
-11.435041,50,83.921517
-17.458113,50,83.962803
-9.862441,50,84.000553
-12.941114,50,84.043983
-12.22533,50,84.085353
-11.231871,50,84.12522
-14.068372,50,84.16154
-15.54397,50,84.204835
-12.52769,50,84.245494
-11.387736,50,84.288292
-16.489653,50,84.328915
-13.259214,50,84.367856
-13.308203,50,84.409657
-14.622668,50,84.450659
-15.572198,50,84.495297
-17.192605,50,84.536558
-12.943725,50,84.577678
-15.075869,50,84.622652
-17.29786,50,84.6627
-11.60663,50,84.709316
-14.475858,50,84.741478
-11.926974,50,84.778891
-11.419352,50,84.816814
-15.616559,50,84.859587
-11.675263,50,84.900994
-10.217142,50,84.938706
-11.108863,50,84.980162
-12.628054,50,85.018449
-10.594839,50,85.060887
-11.431981,50,85.102253
-16.309626,50,85.142647
-12.611628,50,85.184602
-10.96304,50,85.217568
-13.123296,50,85.23932
-13.79483,50,85.275482
-10.704913,50,85.313983
-15.368526,50,85.3484
-12.01421,50,85.928768
-13.751331,50,85.96144
-16.395715,50,85.981508
-13.043824,50,86.001529
-14.042298,50,86.039782
-12.60113,50,86.081637
-11.353238,50,86.121912
-17.393711,50,86.163132
-16.390662,50,86.20217
-12.857155,50,86.240497
-17.515628,50,86.281299
-14.600362,50,86.320846
-9.803015,50,86.36035
-14.590386,50,86.402054
-14.815135,50,86.444484
-13.187646,50,86.485432
-15.025271,50,86.523271
-18.359463,50,86.555228
-14.660871,50,86.59714
-14.207019,50,86.623416
-15.02351,50,86.65873
-14.859615,50,86.694148
-11.085163,50,86.727795
-14.203659,50,86.761164
-15.663049,50,86.802729
-16.351067,50,86.832595
-15.278398,50,86.853893
-12.273008,50,86.886873
-11.317841,50,86.910493
-14.571432,50,86.931538
-11.268135,50,86.955861
-18.882132,50,86.983935
-14.886737,50,87.011916
-12.294128,50,87.039809
-16.238146,50,87.067715
-15.147813,50,87.106833
-15.042902,50,87.148066
-13.025267,50,87.188726
-10.936486,50,87.226178
-11.76943,50,87.265423
-12.959078,50,87.305353
-17.496386,50,87.992254
-12.620573,50,88.027907
-12.794648,50,88.06726
-12.760755,50,88.106961
-16.174622,50,88.135817
-16.711188,50,88.176903
-11.445458,50,88.215381
-10.4373,50,88.252771
-12.158788,50,88.286772
-11.441729,50,88.315504
-12.678373,50,88.345216
-17.278093,50,88.373592
-17.119244,50,88.398711
-14.275962,50,88.425751
-10.880576,50,88.464534
-11.519921,50,88.491166
-15.783765,50,88.52289
-10.433836,50,88.553353
-16.551095,50,88.594044
-19.180615,50,88.629083
-12.938011,50,88.67022
-11.450041,50,88.703717
-17.377594,50,88.725913
-14.832291,50,88.754888
-13.552256,50,88.792889
-12.091109,50,88.821584
-14.442212,50,88.859893
-15.561383,50,88.889176
-10.669674,50,88.918326
-15.997865,50,88.946351
-18.377883,50,88.980179
-9.537396,50,89.0219
-12.816791,50,89.062111
-13.621647,50,89.101305
-9.976897,50,89.140228
-10.80965,50,89.178439
-18.02758,50,89.216192
-17.073482,50,89.253522
-15.52996,50,89.292816
-18.861389,50,89.331832
-11.025309,50,89.372371
-12.723982,50,90.059999
-14.892974,50,90.098798
-10.070469,50,90.136087
-14.544926,50,90.177166
-9.89217,50,90.21766
-11.579542,50,90.257065
-17.222854,50,90.295394
-11.49542,50,90.337657
-18.141253,50,90.374988
-14.582869,50,90.416128
-14.156195,50,90.444991
-10.510796,50,90.482688
-9.456202,50,90.519171
-15.18319,50,90.552193
-14.986148,50,90.585494
-18.835056,50,90.613249
-16.130886,50,90.639918
-15.639342,50,90.671145
-12.26015,50,90.708384
-16.344887,50,90.738115
-11.774933,50,90.772884
-16.687047,50,90.805343
-13.665331,50,90.841451
-12.047189,50,90.882562
-13.085857,50,90.915309
-10.155981,50,90.944956
-17.446623,50,90.978002
-12.864861,50,91.010497
-12.830482,50,91.042891
-14.091868,50,91.085919
-14.4773,50,91.121654
-9.83623,50,91.163171
-16.82228,50,91.201539
-15.190219,50,91.242232
-12.240685,50,91.273198
-15.406619,50,91.2952
-16.137367,50,91.317653
-9.56342,50,91.340105
-14.606319,50,91.362606
-15.597409,50,91.388142
-15.436838,50,91.429353
-12.281735,50,92.099238
-14.121571,50,92.137506
-16.475721,50,92.178517
-14.033303,50,92.216973
-14.340707,50,92.255259
-15.662531,50,92.293925
-10.305858,50,92.32929
-10.527377,50,92.353653
-15.808547,50,92.387398
-10.181502,50,92.412148
-10.319041,50,92.44768
-14.485238,50,92.476264
-13.134881,50,92.501671
-10.87122,50,92.530361
-9.701705,50,92.555051
-15.584647,50,92.578969
-15.173575,50,92.60627
-12.913739,50,92.627608
-14.461409,50,92.664368
-12.100828,50,92.698251
-19.054165,50,92.720786
-12.212792,50,92.743321
-15.903837,50,92.771686
-10.477347,50,92.812797
-13.033387,50,92.848259
-13.658584,50,92.877769
-13.820398,50,92.904929
-12.7174,50,92.931552
-11.016886,50,92.957764
-11.076637,50,92.987437
-15.266289,50,93.019322
-16.363659,50,93.051916
-11.445139,50,93.092878
-11.857518,50,93.134997
-12.338812,50,93.174646
-10.449175,50,93.214125
-17.426559,50,93.254338
-14.189647,50,93.286912
-15.961222,50,93.328731
-13.267609,50,93.367841
-10.890305,50,93.404953
-11.726363,50,94.112828
-14.655461,50,94.152445
-9.649839,50,94.193255
-14.340435,50,94.232231
-16.072512,50,94.274736
-10.264053,50,94.314266
-17.479699,50,94.347465
-13.212679,50,94.390825
-10.27986,50,94.424465
-15.363558,50,94.461983
-16.890143,50,94.502154
-10.467493,50,94.536119
-12.298628,50,94.563577
-19.480282,50,94.59015
-14.652654,50,94.623479
-11.835516,50,94.650622
-13.077744,50,94.678145
-13.170484,50,94.714346
-13.805218,50,94.745267
-11.233809,50,94.779876
-16.870372,50,94.822939
-13.839962,50,94.861211
-10.307132,50,94.894964
-10.129528,50,94.928904
-13.130716,50,94.951543
-11.848387,50,94.982777
-9.876506,50,95.011164
-11.158791,50,95.044534
-15.712247,50,95.080405
-10.441914,50,95.127844
-15.912326,50,95.165912
-13.198882,50,95.20439
-11.338387,50,95.23105
-15.622814,50,95.259996
-9.920982,50,95.296356
-12.071043,50,95.324507
-17.389535,50,95.346401
-11.302943,50,95.380733
-9.454466,50,95.412703
-11.402838,50,95.441685
-11.450748,50,95.470933
-13.73378,50,96.463221
-12.074513,50,96.504713
-11.032522,50,96.544517
-9.224116,50,96.575887
-15.15504,50,96.613129
-11.578605,50,96.649029
-10.247038,50,96.690174
-14.291959,50,96.730292
-16.447134,50,96.771861
-10.031141,50,96.792965
-13.966012,50,96.815178
-10.873687,50,96.847153
-12.133288,50,96.880367
-9.966976,50,96.904071
-14.708337,50,96.928738
-11.157517,50,96.952957
-17.319313,50,96.988105
-10.440199,50,97.023028
-10.899664,50,97.049205
-8.863018,50,97.079511
-11.474371,50,97.116109
-17.820445,50,97.145937
-14.876365,50,97.176279
-9.942074,50,97.209581
-9.832601,50,97.242288
-15.687263,50,97.26936
-10.830787,50,97.301261
-12.773509,50,97.332396
-15.862542,50,97.361303
-12.739317,50,97.401473
-13.229762,50,97.43637
-15.057281,50,97.475107
-11.042826,50,97.513108
-9.756024,50,97.553855
-11.390459,50,97.59059
-17.725147,50,97.630927
-16.865222,50,97.669113
-17.339707,50,97.707585
-15.691984,50,97.746302
-15.550257,50,97.786361
-17.065349,50,97.822648
-10.474431,50,98.581322
-11.662413,50,98.618361
-10.264822,50,98.659649
-14.315128,50,98.700234
-9.954375,50,98.738246
-16.697501,50,98.777745
-18.117909,50,98.819599
-12.53473,50,98.856418
-12.774044,50,98.89589
-16.091211,50,98.925393
-15.509543,50,98.951273
-15.217049,50,98.977267
-9.759829,50,99.004416
-10.602354,50,99.046
-9.464062,50,99.078492
-13.414333,50,99.112144
-15.642644,50,99.15787
-15.885712,50,99.191458
-10.808529,50,99.226837
-13.999706,50,99.265163
-16.674138,50,99.299088
-9.785806,50,99.324364
-10.211294,50,99.352852
-11.688668,50,99.378605
-10.353332,50,99.409831
-16.222385,50,99.439008
-11.941745,50,99.477869
-9.537581,50,99.509445
-15.435815,50,99.537388
-9.143914,50,99.570931
-12.189722,50,99.611383
-15.251209,50,99.651598
-18.663976,50,99.689856
-14.29351,50,99.730221
-10.494348,50,99.762196
-14.974151,50,99.79292
-11.303786,50,99.830267
-9.84137,50,99.866584
-13.250062,50,99.893727
-12.666283,50,99.924485
-14.196053,50,99.965758
-14.326416,50,100.871735
-9.345375,50,100.91309
-13.73819,50,100.951457
-13.188104,50,100.993495
-16.486566,50,101.034312
-13.554022,50,101.07376
-10.950695,50,101.112955
-9.99393,50,101.144676
-18.162191,50,101.172075
-9.237909,50,101.20624
-8.43884,50,101.241155
-9.343528,50,101.274884
-12.153672,50,101.297266
-17.498474,50,101.3241
-12.395282,50,101.347257
-10.159066,50,101.369519
-8.7092,50,101.392428
-12.713243,50,101.415284
-14.086595,50,101.438044
-15.353067,50,101.460395
-11.57451,50,101.486705
-12.637562,50,101.517239
-10.533917,50,101.541002
-14.672161,50,101.566209
-12.15572,50,101.589183
-14.998913,50,101.615751
-14.14425,50,101.642989
-10.28499,50,101.674517
-11.736852,50,101.697149
-15.703616,50,101.721157
-10.236242,50,101.745295
-15.266903,50,101.767576
-10.213385,50,101.790334
-11.772717,50,101.813043
-9.165275,50,101.835872
-10.151161,50,101.873924
-11.519924,50,101.902107
-9.799418,50,101.945249
-10.835401,50,101.984321
-15.62775,50,102.020858
-13.453035,50,102.056958
-14.431394,50,102.956948
-15.874787,50,102.994125
-15.276081,50,103.031541
-9.414945,50,103.071234
-11.436475,50,103.1075
-16.894521,50,103.14497
-10.154454,50,103.183444
-10.191942,50,103.224157
-12.012291,50,103.266945
-11.113786,50,103.305115
-15.640858,50,103.343919
-13.138183,50,103.381135
-15.779722,50,103.407743
-13.053414,50,103.442609
-12.288575,50,103.47933
-18.512864,50,103.519823
-9.120706,50,103.555518
-17.258615,50,103.58802
-14.433325,50,103.622666
-14.622272,50,103.657476
-11.491649,50,103.691114
-14.425934,50,103.72487
-13.0002,50,103.765722
-10.716966,50,103.790344
-10.858923,50,103.826618
-9.605015,50,103.861562
-12.464607,50,103.898619
-16.456668,50,103.93673
-11.347396,50,103.964722
-11.667783,50,103.996819
-17.371941,50,104.037405
-12.913191,50,104.075894
-10.916914,50,104.117522
-11.674014,50,104.145996
-9.541952,50,104.178184
-9.306609,50,104.208199
-11.611694,50,104.236218
-12.491369,50,104.269865
-13.496957,50,104.300314
-14.378014,50,104.331379
-9.570957,50,104.367909
-11.245493,50,105.348221
-13.623339,50,105.385247
-15.658174,50,105.427849
-9.891168,50,105.468054
-11.065885,50,105.506801
-13.912463,50,105.546384
-15.211403,50,105.58222
-12.540815,50,105.612212
-8.823099,50,105.644383
-10.578446,50,105.676577
-9.026151,50,105.698947
-9.640461,50,105.719603
-17.51678,50,105.740501
-9.126438,50,105.770303
-12.383761,50,105.8055
-12.392009,50,105.82905
-15.035129,50,105.852677
-17.190385,50,105.885207
-11.523829,50,105.913302
-10.711951,50,105.938995
-14.384648,50,105.962213
-17.146063,50,105.99009
-11.881936,50,106.019642
-16.607064,50,106.046558
-11.763413,50,106.089916
-11.889655,50,106.11527
-11.191683,50,106.156368
-8.926634,50,106.199548
-9.116023,50,106.24235
-14.573723,50,106.276197
-16.698935,50,106.298648
-17.978882,50,106.322077
-13.033489,50,106.357214
-16.192078,50,106.391932
-9.543404,50,106.417021
-13.587456,50,106.445276
-12.731765,50,106.471823
-11.334756,50,106.499228
-15.939515,50,106.543733
-8.944223,50,106.580471
-10.176464,50,106.613834
-16.72007,50,107.268617
-9.657442,50,107.301292
-10.035105,50,107.333183
-10.669423,50,107.371779
-13.858031,50,107.406352
-16.196307,50,107.445783
-12.351861,50,107.47584
-14.094798,50,107.509663
-9.302526,50,107.539821
-10.774712,50,107.570179
-10.833639,50,107.613012
-12.360142,50,107.654165
-11.498439,50,107.687261
-10.387931,50,107.724406
-12.601748,50,107.761924
-10.944323,50,107.79241
-13.249248,50,107.833745
-10.578228,50,107.869028
-9.328071,50,107.905143
-15.830666,50,107.941287
-11.991101,50,107.972998
-13.286958,50,108.003973
-11.336029,50,108.039608
-10.711983,50,108.067825
-16.067983,50,108.093038
-11.566917,50,108.12943
-14.443886,50,108.164773
-10.868351,50,108.198406
-10.909661,50,108.233688
-11.549101,50,108.262689
-8.975628,50,108.299735
-14.471956,50,108.325157
-16.217658,50,108.353641
-9.727388,50,108.392008
-12.254702,50,108.432137
-8.641135,50,108.471187
-9.065116,50,108.514493
-9.426099,50,108.552454
-13.910863,50,108.574679
-13.26611,50,108.597126
-11.69725,50,109.255276
-9.523119,50,109.293688
-17.716994,50,109.329548
-11.658075,50,109.371003
-13.142181,50,109.413079
-11.214756,50,109.452086
-13.328405,50,109.493527
-9.171577,50,109.528529
-9.515801,50,109.567303
-10.146871,50,109.607859
-15.306269,50,109.634345
-15.572799,50,109.662122
-11.375742,50,109.699603
-14.587256,50,109.73528
-9.113199,50,109.769516
-13.444584,50,109.792576
-12.560809,50,109.822729
-9.914568,50,109.85238
-9.89849,50,109.884688
-10.128635,50,109.905838
-15.72975,50,109.926344
-14.202627,50,109.95179
-9.130703,50,109.980543
-14.628187,50,110.013213
-10.310198,50,110.037199
-10.996995,50,110.060609
-14.625386,50,110.099163
-12.497677,50,110.130389
-16.665725,50,110.170538
-10.103786,50,110.204609
-9.898164,50,110.227283
-12.61807,50,110.25625
-12.576582,50,110.292942
-10.697703,50,110.332577
-12.65974,50,110.374977
-10.467085,50,110.404082
-10.878212,50,110.431284
-16.012618,50,110.464018
-10.112685,50,110.491362
-10.091637,50,110.527002
-10.804726,50,110.552421
-11.749358,50,111.306284
-10.094363,50,111.339206
-13.957714,50,111.382289
-15.713055,50,111.423861
-9.122054,50,111.462434
-9.237518,50,111.506088
-8.816307,50,111.540341
-10.463904,50,111.580429
-9.451916,50,111.608571
-14.90873,50,111.633376
-9.15323,50,111.65631
-8.918526,50,111.685338
-9.559839,50,111.718882
-12.899514,50,111.7457
-10.624269,50,111.770053
-10.388844,50,111.795296
-15.385438,50,111.827232
-9.670429,50,111.852102
-11.604431,50,111.877728
-13.22196,50,111.914359
-11.106432,50,111.940022
-10.527431,50,111.96654
-9.071337,50,111.994092
-9.778869,50,112.028052
-12.730875,50,112.062397
-15.44686,50,112.093786
-15.966523,50,112.118493
-10.600491,50,112.143119
-12.292802,50,112.165774
-13.593965,50,112.194525
-16.341999,50,112.22964
-13.107246,50,112.261295
-15.794605,50,112.300267
-11.321642,50,112.323905
-16.001167,50,112.364135
-15.047007,50,112.408206
-10.32207,50,112.450105
-11.639374,50,112.484576
-15.22589,50,112.523125
-15.070539,50,112.554105
-10.093939,50,112.588466
-14.343278,50,113.416876
-12.207291,50,113.457568
-14.807897,50,113.494421
-9.884987,50,113.537032
-10.785368,50,113.57464
-8.98425,50,113.610357
-10.515558,50,113.640059
-11.795977,50,113.681377
-14.530406,50,113.712022
-9.96487,50,113.73987
-11.779242,50,113.770011
-15.727953,50,113.794465
-12.097765,50,113.828443
-9.082326,50,113.861859
-8.174934,50,113.902539
-14.572864,50,113.941339
-11.594802,50,113.969645
-9.906348,50,113.997457
-13.086924,50,114.025727
-10.372102,50,114.04842
-11.989212,50,114.076952
-8.745259,50,114.110126
-10.383463,50,114.137726
-9.722668,50,114.175324
-16.435633,50,114.201982
-11.044893,50,114.230119
-9.398918,50,114.262663
-15.693483,50,114.293225
-10.647982,50,114.332829
-13.376773,50,114.368859
-10.657496,50,114.409982
-8.0386,50,114.450726
-13.726946,50,114.489632
-15.38791,50,114.526546
-9.381812,50,114.563326
-9.555499,50,114.590855
-15.113596,50,114.616308
-16.62259,50,114.65089
-16.703788,50,114.679928
-16.531653,50,114.704935
-11.962784,50,114.74306
-13.587182,50,115.394154
-8.724662,50,115.428152
-13.024129,50,115.458908
-13.039651,50,115.50198
-10.638362,50,115.535371
-11.371289,50,115.570436
-16.394043,50,115.611555
-10.16179,50,115.649622
-12.178253,50,115.68974
-8.683675,50,115.729522
-8.726559,50,115.76914
-15.554603,50,115.804857
-14.731086,50,115.845212
-13.324711,50,115.886622
-13.14005,50,115.92428
-12.416304,50,115.963274
-10.734715,50,115.989413
-8.887422,50,116.013406
-15.236439,50,116.037027
-9.930611,50,116.062397
-14.231566,50,116.102464
-12.254209,50,116.134536
-9.578396,50,116.16429
-13.705712,50,116.189581
-10.004742,50,116.214149
-10.688927,50,116.251525
-10.514798,50,116.284614
-13.064519,50,116.314574
-13.743099,50,116.340845
-11.180174,50,116.378868
-12.515993,50,116.406238
-9.354779,50,116.451677
-9.823156,50,116.488635
-8.52913,50,116.534594
-12.45011,50,116.574773
-16.087872,50,116.61512
-10.376531,50,116.653449
-10.321297,50,116.68099
-12.825035,50,116.720791
-12.865827,50,116.745411
-9.118018,50,116.770987
-15.241076,50,117.495558
-9.704049,50,117.530648
-15.124842,50,117.575135
-13.422547,50,117.613387
-12.416653,50,117.652434
-13.259672,50,117.693096
-11.992663,50,117.731784
-10.873521,50,117.773306
-14.860822,50,117.8104
-11.83676,50,117.851792
-10.940019,50,117.887876
-11.52618,50,117.919869
-13.976218,50,117.951742
-9.274028,50,117.979032
-9.055064,50,118.004994
-12.92743,50,118.030325
-11.340517,50,118.060388
-11.035448,50,118.093257
-11.460413,50,118.118417
-12.726963,50,118.163785
-14.20721,50,118.197347
-15.524427,50,118.226858
-14.237039,50,118.25694
-14.163251,50,118.287559
-13.531034,50,118.322591
-9.890422,50,118.363369
-9.092625,50,118.398481
-8.593618,50,118.427186
-15.529404,50,118.465174
-13.024588,50,118.501631
-18.131286,50,118.542266
-16.701838,50,118.584176
-14.381523,50,118.624458
-9.115086,50,118.662484
-10.478173,50,118.700918
-12.000745,50,118.738052
-12.395627,50,118.776525
-12.854638,50,118.815394
-9.889339,50,118.850567
-8.789744,50,118.888533
-10.138543,50,118.927755
-11.29068,50,119.59379
-11.944832,50,119.626237
-11.502507,50,119.650529
-13.799165,50,119.676143
-11.427927,50,119.720874
-13.875384,50,119.759288
-11.040108,50,119.799987
-11.330448,50,119.840335
-8.105668,50,119.879392
-16.167694,50,119.921332
-11.602396,50,119.956891
-14.620986,50,119.980519
-12.412767,50,120.011161
-16.446798,50,120.033196
-11.223748,50,120.055182
-15.487507,50,120.077283
-10.884926,50,120.098669
-13.373826,50,120.129551
-8.487264,50,120.152112
-13.562735,50,120.183414
-17.454614,50,120.21081
-16.239301,50,120.240559
-15.983418,50,120.278878
-13.124491,50,120.319341
-13.621435,50,120.35822
-11.501923,50,120.386821
-9.227898,50,120.420448
-10.088213,50,120.452821
-15.843769,50,120.491493
-9.90125,50,120.524276
-13.856224,50,120.554443
-13.474776,50,120.584719
-16.349144,50,120.623786
-8.513209,50,120.666145
-13.102612,50,120.706154
-14.831543,50,120.744307
-12.757582,50,120.782085
-11.905316,50,120.82321
-14.197319,50,120.86143
-10.56449,50,120.890531
-16.994451,50,120.912489
-12.380106,50,121.592506
-9.675863,50,121.631544
-16.997002,50,121.671413
-11.243774,50,121.710865
-14.202521,50,121.750625
-12.569875,50,121.781627
-10.030345,50,121.80629
-11.049691,50,121.844697
-16.940389,50,121.88096
-15.570063,50,121.909078
-15.42088,50,121.94425
-14.310981,50,121.96975
-15.083626,50,122.002367
-10.352533,50,122.034909
-9.022382,50,122.06878
-9.577753,50,122.099077
-15.251339,50,122.131157
-8.951767,50,122.167371
-9.443583,50,122.202142
-10.211044,50,122.232374
-9.650154,50,122.269029
-11.678029,50,122.291466
-13.828215,50,122.313934
-11.752283,50,122.336531
-17.037681,50,122.359377
-14.679311,50,122.397278
-12.376269,50,122.424492
-11.7316,50,122.454249
-13.104335,50,122.476126
-8.606919,50,122.505338
-14.628019,50,122.536352
-10.041415,50,122.563121
-11.683297,50,122.604837
-16.780496,50,122.636175
-10.983907,50,122.673966
-9.564006,50,122.708338
-15.948576,50,122.746657
-12.150733,50,122.781496
-8.660731,50,122.811787
-12.216975,50,122.843223
-9.370299,50,122.871352
-17.444429,50,123.42685
-11.868046,50,123.450144
-12.597803,50,123.476928
-15.050438,50,123.515337
-10.295347,50,123.556076
-11.1903,50,123.595366
-11.406524,50,123.632962
-11.351871,50,123.673306
-10.856834,50,123.713718
-16.436687,50,123.740149
-17.641801,50,123.783845
-16.066025,50,123.812007
-9.858346,50,123.836943
-10.907246,50,123.864625
-9.282533,50,123.89169
-13.385561,50,123.918635
-8.149566,50,123.945998
-8.829996,50,123.966453
-15.020157,50,123.986245
-11.108195,50,124.029494
-11.988974,50,124.066801
-9.076064,50,124.101923
-9.892441,50,124.141283
-8.69368,50,124.181797
-11.557787,50,124.217616
-9.410524,50,124.253169
-14.504386,50,124.295338
-11.914183,50,124.330708
-11.344357,50,124.372928
-9.644469,50,124.409933
-11.085977,50,124.437201
-14.963127,50,124.473816
-14.386994,50,124.507805
-8.309042,50,124.541366
-12.346771,50,124.569288
-9.576453,50,124.602904
-13.384645,50,124.624654
-8.968827,50,124.652301
-10.948732,50,124.674418
-17.036221,50,124.695779
-11.832937,50,124.726056
-16.928985,50,125.372655
-8.105887,50,125.396456
-17.532963,50,125.417895
-10.419642,50,125.439246
-14.812857,50,125.463933
-11.710908,50,125.483898
-8.64237,50,125.513632
-8.77258,50,125.536711
-9.251192,50,125.55895
-14.057794,50,125.587713
-13.006086,50,125.611588
-9.82849,50,125.645293
-9.021978,50,125.68218
-10.054361,50,125.721357
-8.372391,50,125.763137
-17.546843,50,125.803035
-11.121794,50,125.833723
-12.428264,50,125.85749
-12.785578,50,125.898511
-15.163298,50,125.926804
-10.984826,50,125.95939
-15.634705,50,125.986989
-12.480763,50,126.014783
-12.718753,50,126.04213
-10.10972,50,126.070755
-11.185433,50,126.101595
-13.962419,50,126.129581
-10.803383,50,126.156498
-8.896821,50,126.183546
-11.079027,50,126.206296
-14.76197,50,126.230186
-16.868359,50,126.274357
-9.511909,50,126.297178
-13.018656,50,126.318626
-15.409628,50,126.3439
-11.368866,50,126.370148
-12.006579,50,126.392824
-16.123931,50,126.413244
-8.954207,50,126.454908
-16.153637,50,126.495231
-8.231537,50,126.535804
-9.554577,50,127.221458
-9.975722,50,127.249799
-8.5065,50,127.274805
-9.377944,50,127.295285
-15.243207,50,127.319226
-15.1131,50,127.346121
-10.370073,50,127.383085
-10.363951,50,127.409658
-9.710975,50,127.436145
-9.904014,50,127.458636
-13.152654,50,127.483529
-15.061945,50,127.508051
-16.550605,50,127.53295
-8.097423,50,127.562261
-12.198543,50,127.583242
-8.243107,50,127.604486
-8.598179,50,127.628853
-14.674546,50,127.653087
-9.607804,50,127.68189
-9.217104,50,127.70168
-11.482633,50,127.721433
-9.084471,50,127.743035
-10.982364,50,127.774663
-9.44679,50,127.80484
-15.672601,50,127.834328
-9.621621,50,127.872181
-9.85569,50,127.8999
-13.606388,50,127.920585
-9.038683,50,127.950081
-11.881653,50,127.984936
-17.329397,50,128.005847
-8.54504,50,128.030467
-9.255081,50,128.06211
-13.889379,50,128.08577
-15.69649,50,128.107999
-8.749732,50,128.129562
-10.729111,50,128.153118
-12.768546,50,128.193953
-14.584598,50,128.218462
-15.425671,50,128.259434
-12.438683,50,128.295633
-12.231288,50,129.025473
-9.202309,50,129.059434
-8.852002,50,129.087411
-10.781704,50,129.114611
-14.015635,50,129.141978
-9.024722,50,129.167932
-10.096046,50,129.193014
-10.183565,50,129.220151
-15.076768,50,129.248871
-13.520004,50,129.279617
-14.173238,50,129.304937
-9.578579,50,129.330861
-16.365848,50,129.357541
-10.343492,50,129.384423
-12.981011,50,129.409044
-11.149627,50,129.434652
-14.440908,50,129.468946
-15.61803,50,129.492541
-8.756296,50,129.513251
-9.363634,50,129.540702
-11.874224,50,129.570116
-12.663162,50,129.599295
-11.083209,50,129.641716
-11.645173,50,129.674164
-16.156112,50,129.704317
-9.245161,50,129.729029
-13.214287,50,129.760525
-8.426587,50,129.797315
-12.97133,50,129.83264
-11.218612,50,129.865654
-11.689899,50,129.903077
-8.992644,50,129.928393
-10.526465,50,129.956221
-9.209214,50,129.997808
-8.608037,50,130.036822
-15.026646,50,130.077322
-9.633518,50,130.115751
-16.52318,50,130.155493
-15.510958,50,130.181626
-13.277412,50,130.217636
-7.985627,50,130.252316
-9.384218,50,130.95206
-11.328941,50,130.990545
-11.19285,50,131.019964
-10.945383,50,131.04712
-10.181837,50,131.072154
-11.748671,50,131.105557
-15.518248,50,131.144001
-9.458042,50,131.183185
-13.344015,50,131.223608
-8.2531,50,131.258473
-8.221416,50,131.29618
-10.956965,50,131.335218
-13.471224,50,131.372143
-10.142536,50,131.404609
-10.030122,50,131.444788
-12.094008,50,131.479255
-9.575513,50,131.522176
-9.548595,50,131.560168
-8.838045,50,131.600095
-16.334811,50,131.643698
-11.252077,50,131.67436
-11.756301,50,131.709913
-13.612029,50,131.732563
-11.083062,50,131.761973
-11.542596,50,131.788619
-12.398523,50,131.823057
-12.670308,50,131.84446
-17.110716,50,131.885271
-10.350674,50,131.919667
-14.285843,50,131.950924
-9.98323,50,131.981301
-8.836973,50,132.003833
-13.525042,50,132.027534
-14.455906,50,132.053348
-18.525256,50,132.08985
-12.700408,50,132.114608
-10.343476,50,132.137341
-11.315447,50,132.165015
-9.359521,50,132.188388
-14.849317,50,132.209979
-12.017696,50,132.232735
-16.361527,50,132.893214
-11.22215,50,132.930875
-8.822347,50,132.964137
-15.752557,50,132.993468
-14.501454,50,133.028508
-11.120835,50,133.052313
-8.462185,50,133.093776
-13.780298,50,133.129071
-10.786901,50,133.164136
-14.196935,50,133.199293
-15.487295,50,133.228751
-12.967097,50,133.272382
-9.582185,50,133.308171
-10.458233,50,133.349257
-12.802491,50,133.389021
-10.422291,50,133.426464
-9.077445,50,133.457835
-13.49828,50,133.492538
-11.553663,50,133.529078
-15.606517,50,133.564
-12.913856,50,133.597418
-12.208468,50,133.635334
-14.645638,50,133.6601
-10.696194,50,133.685285
-11.471281,50,133.719885
-9.743299,50,133.744918
-9.380344,50,133.781605
-11.306329,50,133.822339
-8.455614,50,133.86096
-11.387469,50,133.897714
-9.940599,50,133.94022
-12.260941,50,133.966469
-11.133319,50,134.002392
-10.11737,50,134.038874
-10.010304,50,134.070644
-13.702977,50,134.095672
-12.951087,50,134.118072
-10.776678,50,134.140907
-15.911049,50,134.163735
-11.632744,50,134.192498
-11.216927,50,134.217499
-10.055938,50,134.827394
-15.093834,50,134.863721
-13.158561,50,134.899697
-10.142137,50,134.938327
-9.857987,50,134.979873
-8.999262,50,135.016182
-10.412265,50,135.054741
-8.953913,50,135.08389
-9.519925,50,135.113963
-11.461993,50,135.136327
-11.123657,50,135.173048
-10.213518,50,135.210262
-9.115267,50,135.250401
-9.341119,50,135.290325
-17.471998,50,135.330371
-8.92201,50,135.370017
-9.322856,50,135.412003
-8.115056,50,135.450909
-8.797499,50,135.490744
-11.885579,50,135.52884
-8.514097,50,135.568707
-11.829858,50,135.608968
-13.147963,50,135.639359
-7.788968,50,135.668615
-9.842977,50,135.693628
-11.50574,50,135.72926
-8.525561,50,135.761828
-10.81746,50,135.788858
-13.531936,50,135.81736
-10.436086,50,135.84716
-13.463542,50,135.888708
-11.928805,50,135.920238
-15.053113,50,135.95507
-8.863479,50,135.991073
-9.346494,50,136.025708
-9.219455,50,136.049569
-11.359474,50,136.083551
-10.633787,50,136.112185
-11.652317,50,136.142369
-13.556212,50,136.181017
-11.059381,50,136.210703
-17.368761,50,136.896682
-12.66509,50,136.929785
-14.939982,50,136.966842
-11.093296,50,137.009159
-14.957956,50,137.051111
-12.141029,50,137.086305
-13.036498,50,137.128437
-8.118432,50,137.157037
-9.645195,50,137.185542
-11.651322,50,137.224085
-9.337486,50,137.259829
-13.924791,50,137.288009
-10.983065,50,137.312746
-13.721627,50,137.335392
-14.795165,50,137.359303
-12.265411,50,137.39575
-11.07392,50,137.42313
-9.898405,50,137.449569
-9.786467,50,137.475661
-10.28395,50,137.499459
-16.155889,50,137.523756
-11.887179,50,137.562827
-12.327226,50,137.585314
-10.210361,50,137.608439
-11.840931,50,137.636227
-14.899752,50,137.675495
-13.598007,50,137.701888
-10.970868,50,137.735587
-9.286468,50,137.76544
-9.068949,50,137.802001
-9.414933,50,137.829709
-10.138407,50,137.859797
-13.033423,50,137.891391
-9.214281,50,137.93079
-10.037566,50,137.972001
-15.314017,50,138.009437
-9.482123,50,138.051335
-13.048111,50,138.086708
-14.336965,50,138.119967
-10.810954,50,138.148331
-14.859295,50,138.184124
-12.658401,50,138.849309
-10.17442,50,138.884466
-10.755336,50,138.927379
-11.058685,50,138.970732
-11.149907,50,139.009913
-9.95135,50,139.052519
-9.040442,50,139.090441
-7.991113,50,139.129748
-13.857256,50,139.163049
-9.896952,50,139.204468
-10.362819,50,139.242719
-15.180048,50,139.2818
-9.067531,50,139.308887
-10.224999,50,139.340224
-11.825497,50,139.373161
-15.556798,50,139.408834
-15.689567,50,139.438521
-9.305101,50,139.466299
-10.880603,50,139.494725
-8.702586,50,139.523232
-8.574807,50,139.550323
-9.33515,50,139.582629
-13.306301,50,139.61222
-10.401452,50,139.641261
-12.488713,50,139.677497
-15.537604,50,139.713879
-10.485815,50,139.742558
-9.635211,50,139.768212
-10.178105,50,139.808705
-8.033565,50,139.844352
-16.046498,50,139.867995
-9.091143,50,139.912815
-9.823337,50,139.952858
-12.371466,50,139.992132
-13.729725,50,140.033103
-12.547041,50,140.068809
-10.505682,50,140.109432
-8.654523,50,140.143305
-14.894786,50,140.177999
-10.610645,50,140.20234
-15.89091,50,140.22941
-9.861872,50,140.933136
-10.019051,50,140.974163
-10.504706,50,141.014798
-16.305187,50,141.053477
-10.436945,50,141.093184
-11.040463,50,141.132959
-15.984728,50,141.164916
-8.128743,50,141.20691
-11.022042,50,141.243455
-13.129713,50,141.279039
-17.219292,50,141.310663
-8.276162,50,141.338286
-10.454295,50,141.366069
-13.369209,50,141.396858
-8.942451,50,141.429317
-13.493439,50,141.459265
-9.499106,50,141.487631
-8.890865,50,141.512672
-17.18438,50,141.554101
-11.916272,50,141.593047
-14.540821,50,141.623155
-10.944258,50,141.653038
-11.824986,50,141.689416
-10.859321,50,141.714046
-9.616575,50,141.739915
-14.219509,50,141.783075
-12.618381,50,141.8167
-9.076155,50,141.851668
-12.941503,50,141.891093
-7.862223,50,141.924643
-8.23166,50,141.967904
-17.255311,50,142.001437
-12.552883,50,142.046297
-10.497361,50,142.090931
-8.243174,50,142.113254
-8.097559,50,142.149915
-12.408807,50,142.176142
-11.170507,50,142.217774
-11.276963,50,142.257979
-8.886692,50,142.297817
-9.068653,50,142.334218
-12.764666,50,143.0353
-10.397356,50,143.073131
-11.229115,50,143.111729
-8.527132,50,143.153049
-9.394438,50,143.190574
-8.030959,50,143.230138
-12.660093,50,143.270128
-8.586411,50,143.310788
-11.254874,50,143.348689
-8.352296,50,143.381814
-13.857407,50,143.41684
-15.483039,50,143.452319
-8.564582,50,143.4818
-15.881605,50,143.513195
-12.462144,50,143.547219
-9.915615,50,143.58213
-9.214892,50,143.616217
-13.163363,50,143.65541
-10.736912,50,143.685944
-13.918264,50,143.712331
-12.822575,50,143.745376
-8.823739,50,143.771643
-11.104074,50,143.802748
-10.646723,50,143.83973
-13.51328,50,143.876239
-12.368805,50,143.917488
-9.036085,50,143.957836
-9.879111,50,143.992598
-9.642469,50,144.033843
-13.656307,50,144.072366
-13.643691,50,144.108095
-10.554601,50,144.146403
-9.793112,50,144.190202
-10.913355,50,144.230113
-10.228314,50,144.262918
-9.115726,50,144.291271
-8.519833,50,144.318411
-7.880101,50,144.347045
-11.618956,50,144.369347
-12.981762,50,144.390769
-10.841922,50,144.414638
-10.535673,50,145.092044
-13.994251,50,145.122791
-9.380364,50,145.155288
-12.237446,50,145.184705
-8.331843,50,145.22581
-9.864874,50,145.262976
-10.501006,50,145.30076
-9.177216,50,145.339835
-8.846895,50,145.3712
-15.421841,50,145.410575
-8.7827,50,145.442109
-9.701065,50,145.471344
-9.763944,50,145.511826
-13.719221,50,145.538645
-10.184561,50,145.56403
-16.371784,50,145.597325
-7.851958,50,145.629586
-16.188733,50,145.652941
-10.98529,50,145.68167
-10.147638,50,145.721912
-9.738104,50,145.760166
-16.770507,50,145.795502
-14.43808,50,145.836064
-9.949647,50,145.867883
-8.134332,50,145.902875
-8.816089,50,145.941528
-12.253127,50,145.968369
-12.355975,50,145.992552
-13.290572,50,146.035187
-16.573857,50,146.07211
-16.443997,50,146.101274
-8.550212,50,146.136789
-12.473302,50,146.159475
-12.303118,50,146.188852
-10.747252,50,146.230555
-11.429182,50,146.257523
-10.162432,50,146.298469
-14.380526,50,146.337476
-9.970342,50,146.369872
-9.264946,50,146.403833
-12.912959,50,146.440929
-10.716027,50,147.157215
-9.245434,50,147.1972
-16.794944,50,147.231343
-11.175411,50,147.273028
-11.864032,50,147.312031
-11.281716,50,147.351842
-10.805498,50,147.390046
-16.203303,50,147.430054
-8.379559,50,147.469015
-15.13925,50,147.507529
-10.278003,50,147.546303
-8.559143,50,147.580224
-14.816403,50,147.605867
-13.603583,50,147.646893
-8.436058,50,147.685351
-8.251444,50,147.715694
-15.334292,50,147.752438
-10.589337,50,147.776529
-9.484764,50,147.813961
-13.449588,50,147.848836
-9.530689,50,147.878998
-9.88355,50,147.905809
-15.281781,50,147.935407
-10.07454,50,147.963912
-10.291331,50,148.006391
-12.982,50,148.045275
-11.037307,50,148.070993
-11.609722,50,148.096787
-13.874422,50,148.1196
-16.230852,50,148.160566
-11.954506,50,148.202417
-13.320535,50,148.238196
-9.16186,50,148.282573
-10.351917,50,148.319652
-11.154705,50,148.339726
-11.142789,50,148.363256
-9.66567,50,148.405505
-9.477564,50,148.442378
-16.147614,50,148.477719
-10.324796,50,148.512783
-11.67545,50,148.54412
-14.202745,50,149.167103
-13.41952,50,149.205153
-11.724939,50,149.243211
-8.586585,50,149.279124
-16.810588,50,149.319837
-9.831003,50,149.358865
-9.525244,50,149.394959
-16.275099,50,149.432148
-14.945701,50,149.469414
-8.584284,50,149.508955
-9.726445,50,149.536322
-8.73873,50,149.563465
-12.435353,50,149.608609
-14.579379,50,149.645536
-8.401218,50,149.679731
-10.467218,50,149.709809
-7.89525,50,149.741122
-13.114764,50,149.770296
-8.833617,50,149.811236
-10.166788,50,149.854285
-12.772291,50,149.896298
-7.60071,50,149.926755
-13.524319,50,149.963306
-10.088259,50,149.995969
-9.940336,50,150.018142
-12.598301,50,150.049488
-9.909546,50,150.083393
-14.089708,50,150.121216
-13.866423,50,150.160824
-8.709988,50,150.195678
-11.075002,50,150.221719
-12.166077,50,150.2577
-13.917714,50,150.303139
-14.439003,50,150.343071
-10.574476,50,150.382951
-10.105159,50,150.41978
-9.548807,50,150.460099
-10.120659,50,150.484811
-11.187828,50,150.509759
-10.672629,50,150.540327
-15.233038,50,150.570275
-13.722128,50,151.263053
-13.23219,50,151.300342
-7.800423,50,151.339295
-15.679878,50,151.378
-8.807562,50,151.414206
-14.122977,50,151.456187
-13.724127,50,151.494323
-8.64347,50,151.530403
-17.898977,50,151.569797
-8.270588,50,151.609229
-9.101697,50,151.648696
-11.472243,50,151.68792
-11.744004,50,151.724148
-10.959677,50,151.75526
-7.477872,50,151.800512
-10.487459,50,151.837125
-7.783729,50,151.872982
-9.70049,50,151.907261
-11.942961,50,151.940923
-10.330265,50,151.973407
-11.714674,50,151.995048
-11.497722,50,152.034193
-11.182853,50,152.075332
-14.473909,50,152.11315
-12.577498,50,152.145121
-14.001299,50,152.167649
-9.088573,50,152.205092
-8.772647,50,152.237497
-11.248672,50,152.282132
-9.910832,50,152.321732
-9.713303,50,152.361189
-10.988332,50,152.40198
-15.549425,50,152.437114
-9.459519,50,152.469838
-16.936553,50,152.497654
-10.299013,50,152.531589
-9.446594,50,152.555922
-10.018651,50,152.581554
-13.071409,50,152.607673
-15.086719,50,152.648498
-7.930298,50,152.684047
-11.55992,50,153.437376
-18.435639,50,153.47836
-10.038927,50,153.516943
-9.528605,50,153.554691
-10.602547,50,153.594329
-10.91194,50,153.633442
-9.868442,50,153.674364
-10.601501,50,153.714225
-9.633859,50,153.752353
-15.451744,50,153.793319
-8.632665,50,153.836074
-11.362083,50,153.865615
-11.705822,50,153.899049
-8.774814,50,153.927959
-9.398318,50,153.963943
-9.013941,50,153.996958
-8.617141,50,154.03504
-9.046206,50,154.068916
-9.021644,50,154.100984
-12.954176,50,154.131255
-12.776201,50,154.160981
-8.195436,50,154.194489
-12.027117,50,154.228029
-10.465555,50,154.267138
-9.920874,50,154.299365
-10.555444,50,154.33623
-9.553985,50,154.371155
-15.239418,50,154.406427
-7.581988,50,154.448087
-12.00327,50,154.486556
-9.292653,50,154.526653
-9.54736,50,154.566734
-8.395055,50,154.607703
-11.303069,50,154.646508
-8.947262,50,154.684989
-11.418851,50,154.725186
-9.594264,50,154.760883
-8.142821,50,154.795228
-8.747292,50,154.826878
-13.41398,50,154.860799
-8.587976,50,154.898043
-8.647,50,155.583029
-11.142595,50,155.623639
-9.624418,50,155.657996
-11.606381,50,155.696981
-9.070042,50,155.737266
-10.456074,50,155.7781
-10.640529,50,155.818255
-9.024042,50,155.858773
-12.5856,50,155.896738
-10.966379,50,155.92356
-16.00195,50,155.949757
-12.055829,50,155.982655
-7.72481,50,156.018452
-13.03962,50,156.049732
-13.129798,50,156.091821
-12.368516,50,156.132323
-8.054709,50,156.161226
-8.545032,50,156.203264
-11.480663,50,156.236285
-10.820336,50,156.277647
-14.601517,50,156.313404
-11.263501,50,156.352442
-13.166784,50,156.393072
-9.396075,50,156.429334
-8.100229,50,156.472638
-15.518023,50,156.503066
-8.867924,50,156.531451
-9.63975,50,156.558936
-11.122826,50,156.603603
-9.382622,50,156.64018
-10.917132,50,156.667019
-10.885354,50,156.699435
-13.270797,50,156.735174
-8.174239,50,156.776358
-10.37348,50,156.813359
-12.002835,50,156.850325
-10.816241,50,156.888217
-16.276426,50,156.928635
-14.074419,50,156.959804
-8.241487,50,156.991706
-10.244062,50,157.015584
-9.496084,50,157.689758
-10.242363,50,157.730125
-10.185985,50,157.76944
-9.939761,50,157.809872
-8.83873,50,157.846426
-9.562871,50,157.88694
-8.688018,50,157.91516
-10.527579,50,157.952375
-16.141058,50,157.979371
-9.344813,50,158.01873
-10.37743,50,158.04434
-13.588631,50,158.071853
-11.1271,50,158.101005
-11.675892,50,158.130811
-10.465133,50,158.160541
-14.197524,50,158.193829
-9.82593,50,158.22034
-11.853637,50,158.245865
-14.213584,50,158.271977
-14.144856,50,158.296346
-11.735185,50,158.320989
-15.032659,50,158.358809
-11.123028,50,158.385667
-8.85059,50,158.415224
-11.19741,50,158.453113
-13.030809,50,158.492871
-9.805386,50,158.534086
-14.298961,50,158.559259
-7.955478,50,158.588475
-10.885284,50,158.61459
-11.642005,50,158.649485
-9.894066,50,158.695027
-15.736073,50,158.735104
-8.383645,50,158.773766
-9.256098,50,158.813337
-7.329593,50,158.850135
-13.145016,50,158.889078
-8.712667,50,158.926018
-13.1794,50,158.965149
-15.82011,50,159.000246
-13.625836,50,159.79967
-15.713574,50,159.840186
-14.950873,50,159.880706
-9.285676,50,159.917169
-14.558633,50,159.956772
-10.08773,50,159.999856
-11.372239,50,160.040272
-9.417648,50,160.082193
-12.036697,50,160.12097
-10.091427,50,160.157944
-10.308688,50,160.198495
-11.868906,50,160.237812
-9.18106,50,160.279051
-9.922034,50,160.317272
-10.026299,50,160.357311
-12.622623,50,160.399939
-12.611342,50,160.435172
-9.54453,50,160.475997
-10.886779,50,160.506196
-15.456063,50,160.530066
-8.05615,50,160.55935
-10.60019,50,160.590535
-13.170939,50,160.619733
-8.806465,50,160.650832
-8.70577,50,160.678149
-9.773468,50,160.70639
-12.592953,50,160.733261
-9.057294,50,160.768176
-10.225559,50,160.808498
-8.226068,50,160.847193
-13.72376,50,160.889849
-8.772455,50,160.927222
-8.587638,50,160.966834
-8.990292,50,161.007498
-8.168841,50,161.046685
-14.266448,50,161.080364
-11.004433,50,161.122742
-8.818524,50,161.162887
-9.966172,50,161.190454
-14.989847,50,161.228524
-12.905656,50,161.261625
-11.696725,50,161.893223
-16.167105,50,161.932382
-10.865327,50,161.971466
-14.437479,50,162.011016
-8.267818,50,162.052144
-12.210206,50,162.091563
-9.124762,50,162.13015
-10.256618,50,162.168389
-8.92794,50,162.200857
-15.737563,50,162.243082
-15.839656,50,162.283022
-14.97327,50,162.31524
-8.297172,50,162.343344
-9.950974,50,162.378626
-7.426436,50,162.400785
-10.091367,50,162.425024
-8.806894,50,162.462965
-9.283698,50,162.499549
-16.181375,50,162.521359
-9.080004,50,162.563498
-15.361642,50,162.602587
-10.360237,50,162.629856
-14.448525,50,162.657521
-12.456723,50,162.69235
-10.593168,50,162.720601
-8.892788,50,162.749418
-12.954116,50,162.787432
-11.252636,50,162.827682
-12.526906,50,162.866325
-13.890303,50,162.905221
-9.974077,50,162.942815
-11.702368,50,162.984943
-8.287079,50,163.024631
-10.765821,50,163.065733
-8.715701,50,163.103237
-15.363207,50,163.127765
-18.078069,50,163.149375
-12.218614,50,163.171392
-11.745755,50,163.19808
-9.921216,50,163.224203
-13.625409,50,163.260288
-11.320009,50,164.065866
-12.195835,50,164.106163
-8.454968,50,164.142572
-9.353017,50,164.183375
-8.212158,50,164.223023
-11.197381,50,164.263935
-9.300111,50,164.303266
-9.905273,50,164.34073
-14.852401,50,164.377101
-15.648925,50,164.406708
-14.528421,50,164.437385
-11.205835,50,164.464386
-7.869197,50,164.504363
-8.233052,50,164.540919
-13.101428,50,164.582993
-11.558133,50,164.619901
-10.526375,50,164.661448
-9.369223,50,164.695765
-11.050545,50,164.733754
-9.969206,50,164.767303
-7.456162,50,164.809158
-8.714346,50,164.849438
-13.94385,50,164.885578
-16.097868,50,164.926265
-11.019415,50,164.960945
-10.565258,50,164.995382
-9.350289,50,165.017433
-9.019819,50,165.038823
-8.400757,50,165.060179
-12.356244,50,165.104334
-12.103316,50,165.140662
-14.49359,50,165.184507
-14.699936,50,165.217967
-11.395568,50,165.251459
-16.167505,50,165.286272
-18.008337,50,165.319384
-12.00064,50,165.355464
-10.050763,50,165.384894
-8.727869,50,165.42547
-11.221595,50,165.458944
-12.064108,50,165.488125
-15.681958,50,166.211214
-8.545492,50,166.249252
-13.535958,50,166.290281
-8.397831,50,166.329462
-10.727579,50,166.367469
-10.375563,50,166.406842
-9.485462,50,166.444479
-8.926865,50,166.473909
-10.193897,50,166.510177
-14.805455,50,166.542057
-13.199964,50,166.563695
-12.756821,50,166.599053
-9.241673,50,166.635061
-15.620451,50,166.660401
-16.667009,50,166.691519
-8.202019,50,166.724938
-11.903987,50,166.753866
-9.439138,50,166.78481
-8.157724,50,166.816839
-10.167439,50,166.841873
-10.784476,50,166.875086
-7.652373,50,166.901149
-12.984695,50,166.923217
-8.212856,50,166.952999
-16.506293,50,166.983274
-12.768789,50,167.019155
-9.792043,50,167.051122
-15.914825,50,167.091843
-8.457537,50,167.119072
-12.453038,50,167.155396
-11.690303,50,167.184456
-11.351568,50,167.218587
-12.263139,50,167.258443
-9.733111,50,167.298468
-7.796665,50,167.33846
-9.571328,50,167.379735
-8.108769,50,167.413904
-9.418217,50,167.457821
-15.436188,50,167.496449
-8.536651,50,167.527181
-16.224598,50,167.56614
-15.110659,50,168.303849
-8.146071,50,168.339182
-9.210938,50,168.379247
-7.249541,50,168.419634
-7.732999,50,168.462067
-16.688891,50,168.499092
-14.476238,50,168.540276
-10.048131,50,168.576965
-11.202875,50,168.616449
-12.872957,50,168.657559
-11.496593,50,168.684156
-15.078329,50,168.716195
-8.308509,50,168.74942
-10.652407,50,168.781205
-16.816739,50,168.818987
-8.132339,50,168.857368
-11.347226,50,168.89043
-8.633287,50,168.930058
-8.608674,50,168.96221
-9.803121,50,169.002037
-10.905216,50,169.027496
-8.619176,50,169.0534
-11.460895,50,169.091503
-7.21985,50,169.129897
-15.536698,50,169.169038
-10.45007,50,169.202835
-15.271243,50,169.230366
-16.623249,50,169.273363
-8.607963,50,169.303245
-15.450486,50,169.33754
-12.675656,50,169.371402
-7.38665,50,169.412966
-13.239161,50,169.445796
-9.576926,50,169.476291
-8.512498,50,169.506786
-10.917514,50,169.534889
-12.027901,50,169.57343
-8.066247,50,169.61322
-9.387988,50,169.645429
-13.479161,50,169.68074
-11.092718,50,169.717726
-10.210622,50,170.436707
-9.460842,50,170.470313
-10.502723,50,170.510134
-9.938857,50,170.550412
-9.921258,50,170.588323
-7.945136,50,170.626874
-11.969152,50,170.6542
-10.524045,50,170.685798
-7.375535,50,170.718087
-9.116327,50,170.750845
-8.39235,50,170.791531
-10.536475,50,170.825209
-9.274418,50,170.854599
-11.962255,50,170.886122
-12.482417,50,170.920035
-9.868004,50,170.96135
-15.389968,50,171.000504
-10.660018,50,171.026662
-13.431309,50,171.063607
-8.395742,50,171.102437
-9.918346,50,171.134005
-15.751272,50,171.168896
-8.401924,50,171.200281
-8.136402,50,171.23697
-10.527818,50,171.263733
-8.968323,50,171.303641
-8.82838,50,171.345796
-7.743494,50,171.374293
-12.830765,50,171.411489
-7.970572,50,171.451942
-14.220367,50,171.487781
-8.668356,50,171.529111
-10.838139,50,171.569801
-8.027842,50,171.609742
-10.400782,50,171.64813
-16.998492,50,171.689272
-11.076137,50,171.725991
-10.471778,50,171.754232
-15.923395,50,171.788603
-11.327441,50,171.817421
-8.174737,50,171.843402
-10.972926,50,172.505136
-10.236834,50,172.540436
-7.438347,50,172.580807
-12.566625,50,172.620838
-10.062688,50,172.663547
-9.836112,50,172.702155
-11.520683,50,172.744145
-10.239292,50,172.785033
-12.756201,50,172.825933
-10.673351,50,172.865224
-10.123324,50,172.904256
-8.88677,50,172.946751
-8.184529,50,172.986864
-11.912026,50,173.012209
-14.858315,50,173.03409
-11.046646,50,173.055862
-9.633561,50,173.093968
-10.742792,50,173.132123
-11.755747,50,173.162228
-14.49746,50,173.193966
-11.381916,50,173.235235
-11.966507,50,173.269557
-13.027048,50,173.308558
-8.725272,50,173.336439
-8.073929,50,173.372257
-11.229191,50,173.409078
-9.353527,50,173.437011
-12.338533,50,173.458996
-11.503983,50,173.485797
-12.167266,50,173.517949
-16.002885,50,173.560106
-8.105329,50,173.596506
-9.40447,50,173.639358
-8.445628,50,173.679707
-9.061144,50,173.722289
-10.669035,50,173.764868
-11.039578,50,173.795738
-7.896436,50,173.82575
-11.122256,50,173.857446
-8.310601,50,173.893624
-7.720959,50,173.925172
-8.127828,50,174.586678
-16.346166,50,174.625389
-10.616639,50,174.663492
-9.002202,50,174.700028
-10.92894,50,174.740384
-13.019424,50,174.780565
-9.906455,50,174.819136
-12.17513,50,174.85925
-7.864006,50,174.896341
-8.103235,50,174.930505
-8.154258,50,174.960514
-8.273611,50,174.993311
-7.509682,50,175.018111
-13.19737,50,175.039577
-8.731305,50,175.062215
-14.679544,50,175.089775
-8.466059,50,175.117982
-9.147357,50,175.153951
-10.014431,50,175.188268
-11.348622,50,175.219785
-10.82495,50,175.242721
-8.574745,50,175.266851
-11.561787,50,175.292327
-9.677173,50,175.335321
-10.381554,50,175.364844
-11.725893,50,175.393136
-10.732432,50,175.42226
-9.646251,50,175.449505
-9.797348,50,175.48467
-9.358715,50,175.5129
-12.277609,50,175.552324
-8.366361,50,175.593902
-8.556208,50,175.628408
-12.963502,50,175.662408
-15.147343,50,175.687353
-8.393608,50,175.708662
-8.647454,50,175.734756
-15.02106,50,175.756639
-10.468651,50,175.782163
-8.058026,50,175.820683
-8.215617,50,175.859375
-13.042136,50,176.791815
-11.59703,50,176.828951
-8.663327,50,176.866877
-13.284618,50,176.906458
-17.342606,50,176.944003
-13.745744,50,176.987444
-12.157598,50,177.0273
-9.278603,50,177.065375
-14.445725,50,177.107958
-11.615721,50,177.141116
-10.318769,50,177.172483
-8.925071,50,177.206298
-15.575845,50,177.239729
-7.885669,50,177.266239
-9.390004,50,177.292889
-13.754192,50,177.320485
-7.416452,50,177.355366
-13.548449,50,177.393632
-12.944382,50,177.425493
-10.675719,50,177.457517
-10.178225,50,177.497021
-8.967831,50,177.524244
-11.970864,50,177.569819
-8.549279,50,177.608385
-7.836853,50,177.648747
-10.021004,50,177.688829
-8.44134,50,177.724207
-8.195208,50,177.750357
-10.417376,50,177.773355
-10.991419,50,177.816382
-8.37571,50,177.85914
-7.279647,50,177.896392
-10.660587,50,177.935942
-8.504295,50,177.978961
-11.419991,50,178.017841
-11.271495,50,178.050687
-9.527271,50,178.079543
-13.421741,50,178.112114
-15.078332,50,178.14182
-11.835332,50,178.175299
-9.172412,50,178.217075
-11.003433,50,179.219918
-8.592604,50,179.254151
-15.729804,50,179.297275
-16.102133,50,179.331475
-14.961673,50,179.371495
-13.201897,50,179.412834
-13.269792,50,179.451188
-12.279259,50,179.489597
-11.2004,50,179.530346
-9.675607,50,179.562996
-9.017474,50,179.593736
-10.777418,50,179.626726
-9.124137,50,179.654405
-8.839647,50,179.684724
-7.737237,50,179.723288
-16.8803,50,179.760743
-12.209796,50,179.794868
-8.884263,50,179.829055
-9.451399,50,179.868391
-10.261947,50,179.899929
-8.183388,50,179.93338
-14.865105,50,179.967743
-13.263451,50,180.007406
-7.5047,50,180.045872
-9.967109,50,180.07055
-7.857106,50,180.102854
-9.43906,50,180.143349
-10.714169,50,180.174165
-15.813932,50,180.203249
-15.935852,50,180.246459
-12.210368,50,180.288012
-8.061232,50,180.324049
-9.290407,50,180.36496
-10.512262,50,180.397327
-15.431792,50,180.425771
-15.358976,50,180.456852
-9.376492,50,180.480425
-10.758459,50,180.506475
-8.009538,50,180.530968
-7.458356,50,180.556164
-17.151007,50,180.587942
-9.058543,50,181.189444
-14.965286,50,181.225018
-11.339873,50,181.266744
-11.081275,50,181.305459
-10.4294,50,181.343526
-9.735831,50,181.385556
-12.604255,50,181.425952
-11.269073,50,181.452431
-8.763901,50,181.479248
-9.782589,50,181.506348
-8.34049,50,181.546203
-8.533068,50,181.574979
-13.381484,50,181.602813
-10.201154,50,181.629242
-8.553504,50,181.666258
-15.743135,50,181.69717
-12.299987,50,181.730844
-9.846498,50,181.759334
-10.621189,50,181.800814
-7.766922,50,181.825541
-15.363034,50,181.853237
-8.930297,50,181.879936
-7.780091,50,181.907149
-8.94831,50,181.949154
-9.644268,50,181.982804
-8.079582,50,182.022254
-13.838793,50,182.058431
-8.566488,50,182.089597
-9.220965,50,182.117197
-8.457687,50,182.148955
-9.827665,50,182.186909
-12.004369,50,182.222446
-10.212477,50,182.246137
-13.238832,50,182.278102
-10.132764,50,182.321379
-7.80809,50,182.359262
-8.083234,50,182.39716
-12.449726,50,182.436461
-15.910862,50,182.469354
-8.415196,50,182.509691
-9.363393,50,182.545557
-16.412561,50,183.3028
-12.715525,50,183.33826
-16.320006,50,183.378402
-11.681124,50,183.415978
-11.686979,50,183.454917
-10.923531,50,183.49691
-9.316958,50,183.536969
-11.045756,50,183.571191
-10.378797,50,183.600966
-9.06427,50,183.628109
-12.749625,50,183.665244
-12.228618,50,183.700332
-12.697808,50,183.739146
-12.825288,50,183.777512
-10.8112,50,183.803965
-13.817517,50,183.829705
-13.432572,50,183.858213
-10.815913,50,183.885074
-7.371158,50,183.914065
-8.914713,50,183.941936
-10.755502,50,183.96436
-7.388135,50,183.986666
-9.214504,50,184.009081
-8.783104,50,184.042744
-10.279876,50,184.08568
-7.465832,50,184.109058
-9.857828,50,184.138976
-8.451527,50,184.174694
-9.688452,50,184.21356
-15.380038,50,184.242759
-10.226009,50,184.265932
-16.813364,50,184.296041
-12.234623,50,184.33748
-10.355068,50,184.378146
-8.997417,50,184.417334
-8.94501,50,184.45696
-16.026527,50,184.493236
-7.82145,50,184.52203
-11.991262,50,184.563422
-7.709489,50,184.597501
-7.71625,50,184.627884
-10.400099,50,185.402338
-8.438321,50,185.442779
-12.700099,50,185.477922
-9.163127,50,185.51821
-9.450792,50,185.560745
-7.091615,50,185.597136
-8.827108,50,185.637442
-9.134268,50,185.679117
-13.679838,50,185.715369
-16.163732,50,185.746619
-11.981824,50,185.780349
-7.860507,50,185.81296
-8.393313,50,185.841838
-8.110342,50,185.877954
-16.445055,50,185.907173
-7.065495,50,185.935796
-16.564015,50,185.962234
-11.340526,50,186.003491
-14.473221,50,186.04411
-14.666617,50,186.07476
-9.599957,50,186.115511
-8.735172,50,186.155879
-10.560954,50,186.179871
-14.540343,50,186.204222
-10.522418,50,186.236736
-11.267332,50,186.267694
-9.396913,50,186.297573
-10.259164,50,186.320465
-11.675219,50,186.360691
-8.711182,50,186.391214
-9.534738,50,186.433078
-11.677684,50,186.467095
-9.381699,50,186.506639
-17.369385,50,186.535956
-13.904173,50,186.566878
-6.852372,50,186.594871
-15.429927,50,186.62848
-11.571368,50,186.655132
-10.656848,50,186.679341
-7.874723,50,186.706886
-11.516635,50,186.740038
-9.388244,50,187.46184
-9.09512,50,187.502157
-13.849372,50,187.541354
-12.329143,50,187.581741
-10.126581,50,187.620595
-7.175051,50,187.658425
-12.915073,50,187.695189
-17.695929,50,187.733436
-12.002169,50,187.770803
-15.137388,50,187.810186
-15.850666,50,187.842377
-8.673634,50,187.868854
-7.932046,50,187.895205
-13.571811,50,187.927628
-18.058466,50,187.957861
-8.930741,50,187.989754
-9.302245,50,188.014502
-7.185073,50,188.040224
-7.776865,50,188.068318
-8.357514,50,188.096224
-8.905708,50,188.12239
-7.788715,50,188.154913
-7.393526,50,188.194889
-8.967547,50,188.232923
-10.674745,50,188.267498
-11.548555,50,188.290223
-10.145617,50,188.320398
-10.125485,50,188.343096
-15.921173,50,188.367949
-9.139579,50,188.392027
-12.036047,50,188.414273
-11.881095,50,188.448241
-12.791986,50,188.491762
-10.646916,50,188.528147
-8.139278,50,188.565281
-7.511678,50,188.606995
-9.471691,50,188.645154
-10.367464,50,188.6832
-16.283868,50,188.723628
-8.774025,50,188.748445
-13.211073,50,188.785242
-9.50711,50,189.541909
-11.222242,50,189.579015
-13.706155,50,189.617429
-11.399114,50,189.657725
-12.746434,50,189.696103
-17.217293,50,189.739086
-7.692719,50,189.777806
-12.07667,50,189.818373
-16.226719,50,189.856245
-9.942591,50,189.89523
-8.884344,50,189.933031
-7.916316,50,189.971671
-9.029931,50,190.009687
-9.001617,50,190.048337
-10.934695,50,190.086648
-15.240129,50,190.123157
-10.082438,50,190.161846
-17.935507,50,190.202045
-13.101359,50,190.242256
-10.283165,50,190.271274
-8.752725,50,190.295845
-9.265755,50,190.33132
-6.928669,50,190.360844
-16.683572,50,190.401967
-9.814123,50,190.433367
-8.47209,50,190.455019
-13.135624,50,190.483132
-7.865444,50,190.51382
-10.080159,50,190.547552
-14.554637,50,190.590364
-10.529295,50,190.628009
-15.353908,50,190.665626
-8.293522,50,190.707771
-16.172731,50,190.732078
-11.39812,50,190.752543
-8.795869,50,190.772979
-8.565999,50,190.807534
-11.194839,50,190.836763
-8.495362,50,190.87053
-7.971689,50,190.907299
-8.547405,50,190.945635
-12.523159,50,191.625834
-14.848289,50,191.664042
-13.146019,50,191.702841
-7.831896,50,191.740508
-8.290773,50,191.77669
-10.211622,50,191.815479
-14.85963,50,191.853932
-9.075669,50,191.892894
-11.895956,50,191.929261
-10.26351,50,191.969446
-8.128694,50,191.996644
-9.613199,50,192.025112
-8.507365,50,192.067965
-10.772162,50,192.095788
-8.860867,50,192.126421
-11.051603,50,192.16497
-15.52788,50,192.193229
-9.359626,50,192.226928
-7.919079,50,192.260651
-14.144923,50,192.289648
-10.105816,50,192.321402
-8.382692,50,192.353404
-9.409426,50,192.393653
-7.414499,50,192.419791
-11.12138,50,192.446092
-10.061767,50,192.471511
-16.424291,50,192.494003
-7.374259,50,192.526353
-7.300469,50,192.563876
-8.399849,50,192.604276
-7.213806,50,192.645595
-9.814951,50,192.685152
-7.182911,50,192.723581
-8.61059,50,192.765737
-16.228051,50,192.806128
-9.339188,50,192.836278
-15.258274,50,192.864256
-10.122206,50,192.889898
-11.032895,50,192.919523
-7.798176,50,192.948265
-15.770359,50,192.973663
-8.049091,50,193.610998
-10.859245,50,193.637728
-12.550738,50,193.681782
-8.680806,50,193.717863
-13.055843,50,193.754113
-13.815493,50,193.793912
-9.282195,50,193.831817
-10.190507,50,193.870518
-8.67572,50,193.910975
-13.282975,50,193.941347
-11.595485,50,193.965676
-16.113632,50,193.991448
-12.209399,50,194.028867
-8.212754,50,194.057454
-7.673516,50,194.096128
-12.488078,50,194.128678
-12.222081,50,194.163242
-9.720911,50,194.188678
-12.155887,50,194.21226
-13.008093,50,194.244242
-7.255735,50,194.267207
-11.089516,50,194.309315
-12.168489,50,194.341905
-14.787182,50,194.382614
-8.332484,50,194.407323
-15.741514,50,194.429415
-15.108602,50,194.474669
-16.682365,50,194.51521
-7.107303,50,194.553852
-7.333474,50,194.594957
-7.159778,50,194.633232
-16.096787,50,194.671845
-9.435983,50,194.71085
-8.153723,50,194.747766
-12.084477,50,194.788593
-7.422126,50,194.825309
-7.82553,50,194.855925
-10.009187,50,194.888465
-15.237992,50,194.919369
-9.372863,50,194.95226
-13.232302,50,194.990018
-9.274747,50,195.680718
-9.78972,50,195.708663
-8.525505,50,195.74765
-13.025868,50,195.790336
-10.020198,50,195.834529
-8.644493,50,195.873167
-8.057445,50,195.916483
-10.88224,50,195.956274
-10.016055,50,195.999877
-14.235801,50,196.040424
-8.08128,50,196.080264
-11.196467,50,196.116003
-9.782995,50,196.153629
-15.979985,50,196.193405
-9.336992,50,196.22419
-9.260404,50,196.247813
-8.718597,50,196.282286
-8.480238,50,196.320928
-11.11507,50,196.353757
-6.946414,50,196.377175
-10.38336,50,196.418339
-10.486749,50,196.458865
-11.925147,50,196.484337
-8.947564,50,196.516267
-7.375076,50,196.558276
-9.678974,50,196.59871
-8.082236,50,196.633793
-11.459679,50,196.671368
-14.58326,50,196.713579
-11.00167,50,196.751156
-12.469612,50,196.793768
-11.612379,50,196.828839
-7.792721,50,196.863411
-14.614837,50,196.897341
-14.130068,50,196.926057
-12.697973,50,196.966247
-7.282162,50,196.998894
-11.982605,50,197.037403
-12.699445,50,197.077427
-7.565762,50,197.105159
-10.649802,50,197.137851
-12.906507,50,197.822169
-16.146281,50,197.866221
-10.316845,50,197.904415
-8.45137,50,197.942456
-8.732834,50,197.983746
-9.772982,50,198.018678
-10.133284,50,198.039458
-17.15563,50,198.074564
-13.133986,50,198.118902
-7.616669,50,198.153211
-12.040681,50,198.194053
-8.235473,50,198.230075
-12.329855,50,198.261671
-14.746019,50,198.286831
-12.86889,50,198.313202
-8.49316,50,198.344182
-10.475872,50,198.383588
-16.284673,50,198.405574
-11.525541,50,198.435335
-11.587568,50,198.465751
-7.988016,50,198.49312
-9.03326,50,198.522963
-7.10383,50,198.559463
-15.119404,50,198.588422
-16.764099,50,198.615149
-8.734869,50,198.641114
-9.64169,50,198.681385
-15.40954,50,198.715059
-7.974707,50,198.748021
-7.897209,50,198.784241
-12.494873,50,198.811917
-8.452305,50,198.843369
-16.5057,50,198.882365
-9.808297,50,198.918003
-13.445345,50,198.944653
-10.909983,50,198.978768
-15.955564,50,199.007154
-11.640368,50,199.038652
-15.646132,50,199.074818
-10.162988,50,199.098472
-8.383636,50,199.124125
-10.664931,50,199.876405
-10.689414,50,199.912121
-9.37993,50,199.952841
-7.822522,50,199.990915
-12.589205,50,200.032434
-7.383092,50,200.0712
-14.366299,50,200.108415
-8.512823,50,200.146519
-10.387514,50,200.175007
-8.731247,50,200.206605
-12.327938,50,200.237056
-7.982406,50,200.275443
-7.003725,50,200.305997
-10.221461,50,200.337789
-11.760616,50,200.365796
-12.364844,50,200.398069
-12.668303,50,200.435881
-11.424575,50,200.470889
-10.261341,50,200.502577
-16.425614,50,200.540931
-14.323382,50,200.571529
-12.379069,50,200.603711
-9.306043,50,200.641308
-9.999488,50,200.684483
-8.383843,50,200.71322
-11.463515,50,200.740426
-9.263057,50,200.77107
-11.227542,50,200.803319
-10.904643,50,200.824708
-8.783947,50,200.858904
-13.627697,50,200.900726
-9.144487,50,200.941042
-8.148202,50,200.977076
-13.540742,50,201.018281
-8.126725,50,201.058703
-13.43172,50,201.092107
-9.990676,50,201.132859
-7.692531,50,201.170312
-7.384381,50,201.208867
-13.809178,50,201.250177
-7.603172,50,201.286272
-10.570806,50,202.050863
-7.420221,50,202.071473
-9.469432,50,202.105675
-10.314143,50,202.14549
-12.225634,50,202.186985
-9.28539,50,202.227112
-9.555419,50,202.267828
-9.483659,50,202.297619
-14.684361,50,202.335216
-10.628917,50,202.375899
-10.321182,50,202.408041
-10.823154,50,202.438318
-12.101348,50,202.474082
-12.662919,50,202.510307
-10.515767,50,202.551346
-13.387003,50,202.578143
-9.412675,50,202.603039
-11.564131,50,202.627066
-10.013931,50,202.648859
-12.601969,50,202.670437
-15.544856,50,202.711056
-8.191607,50,202.752119
-11.521382,50,202.783085
-13.568927,50,202.822009
-12.689917,50,202.859862
-8.47788,50,202.889189
-11.395063,50,202.919893
-14.029768,50,202.958283
-7.441245,50,202.982105
-9.200782,50,203.0108
-7.951782,50,203.043873
-10.771711,50,203.085074
-10.422545,50,203.125145
-8.868536,50,203.160222
-11.930621,50,203.199569
-14.982689,50,203.225391
-10.547949,50,203.260087
-8.331151,50,203.283332
-14.651104,50,203.318617
-15.200428,50,203.342258
-7.96473,50,203.364061
-13.130028,50,204.084548
-10.57761,50,204.12343
-8.531979,50,204.16309
-16.87281,50,204.204077
-11.739079,50,204.244391
-12.456692,50,204.284859
-7.677022,50,204.322342
-12.066932,50,204.364236
-10.293271,50,204.403338
-12.539305,50,204.44119
-9.289129,50,204.477006
-10.63987,50,204.504882
-9.132635,50,204.531303
-11.142562,50,204.555972
-13.554003,50,204.581847
-12.205814,50,204.613971
-14.701153,50,204.636235
-14.418122,50,204.662959
-9.447632,50,204.688307
-11.281671,50,204.716362
-10.469201,50,204.740507
-14.413936,50,204.76313
-15.718133,50,204.803877
-7.478316,50,204.832946
-10.960137,50,204.862836
-8.40485,50,204.904235
-10.289909,50,204.932008
-8.37483,50,204.972359
-12.430428,50,204.998015
-13.216609,50,205.023211
-7.692121,50,205.066371
-8.800032,50,205.106413
-8.037032,50,205.14142
-15.721776,50,205.178015
-10.380491,50,205.219424
-14.321492,50,205.257157
-9.423734,50,205.286015
-10.498116,50,205.314592
-7.309044,50,205.342122
-15.006667,50,205.370067
-7.223821,50,205.406338
-8.440457,50,206.02205
-10.285685,50,206.044633
-9.626484,50,206.075921
-15.006166,50,206.115733
-10.861784,50,206.156993
-9.515667,50,206.19424
-13.675234,50,206.23629
-9.386217,50,206.275676
-13.153584,50,206.305313
-13.597897,50,206.346544
-9.175247,50,206.388489
-15.191785,50,206.422179
-11.708686,50,206.455441
-8.179469,50,206.496659
-10.228611,50,206.523461
-16.395275,50,206.55453
-9.741024,50,206.594372
-10.325238,50,206.632462
-14.491659,50,206.666263
-11.871416,50,206.704205
-8.150938,50,206.736727
-10.314287,50,206.760947
-10.970773,50,206.793434
-7.941761,50,206.825878
-11.29123,50,206.868296
-8.019706,50,206.903049
-10.98791,50,206.928056
-10.949615,50,206.958433
-12.080311,50,207.003674
-8.346671,50,207.031909
-12.288426,50,207.071899
-14.864606,50,207.113108
-11.084187,50,207.150925
-13.573195,50,207.192399
-9.568325,50,207.231569
-11.778684,50,207.262411
-13.875603,50,207.299401
-10.738132,50,207.343829
-10.349121,50,207.37832
-7.771327,50,207.408551
-9.329034,50,207.440182
-14.778603,50,208.125894
-10.97703,50,208.161877
-11.225001,50,208.199423
-11.463068,50,208.240309
-16.706085,50,208.281818
-16.966262,50,208.320298
-11.220076,50,208.361085
-10.582727,50,208.399268
-16.102445,50,208.441021
-7.436006,50,208.47811
-9.689401,50,208.513855
-7.900072,50,208.548392
-11.490799,50,208.580367
-9.719763,50,208.612755
-9.930316,50,208.64261
-8.71222,50,208.671686
-8.147751,50,208.699518
-9.110611,50,208.742316
-16.175281,50,208.778742
-10.40803,50,208.80883
-11.115581,50,208.843247
-16.1977,50,208.878638
-16.052299,50,208.907313
-17.45734,50,208.932667
-7.251504,50,208.962883
-15.038336,50,208.987736
-8.938724,50,209.026122
-10.169422,50,209.060277
-13.573316,50,209.098789
-11.346208,50,209.138892
-15.049043,50,209.181674
-9.954706,50,209.221346
-14.59166,50,209.261252
-7.63032,50,209.299453
-10.798143,50,209.339381
-12.061534,50,209.376902
-10.867887,50,209.410615
-13.747339,50,209.453882
-9.093026,50,209.492735
-7.411442,50,209.534137
-13.110667,50,209.572002
-14.964889,50,210.194226
-12.599676,50,210.229803
-14.028074,50,210.264274
-10.815227,50,210.300001
-8.475246,50,210.3408
-8.355222,50,210.381423
-8.18523,50,210.420889
-9.342773,50,210.459503
-15.665432,50,210.490396
-9.169081,50,210.532141
-8.283042,50,210.571047
-9.732274,50,210.608229
-7.775749,50,210.639828
-13.17504,50,210.661577
-10.954757,50,210.690574
-8.581149,50,210.725996
-9.169502,50,210.764202
-10.271796,50,210.804633
-7.977382,50,210.835876
-10.892561,50,210.866378
-8.715891,50,210.908369
-12.829784,50,210.940605
-7.986364,50,210.967456
-9.515376,50,210.987523
-10.691918,50,211.011197
-13.758447,50,211.033146
-12.18449,50,211.06137
-14.062182,50,211.08866
-10.328294,50,211.116279
-13.474412,50,211.159274
-14.332261,50,211.198509
-9.389324,50,211.239959
-10.416081,50,211.273443
-7.373118,50,211.31339
-8.585751,50,211.340294
-12.113593,50,211.377829
-11.208519,50,211.409871
-9.412296,50,211.439964
-11.404551,50,211.466961
-10.113216,50,211.492462
-17.200882,50,212.120926
-12.210236,50,212.150033
-9.773502,50,212.182468
-9.757808,50,212.226199
-11.746989,50,212.268341
-10.306623,50,212.310529
-9.724801,50,212.354293
-8.690009,50,212.395175
-10.050598,50,212.431441
-13.845212,50,212.474358
-14.806566,50,212.516395
-13.085451,50,212.551786
-8.226857,50,212.591753
-8.46578,50,212.630275
-11.737843,50,212.67192
-9.532593,50,212.709231
-12.716989,50,212.745125
-11.345255,50,212.772113
-11.830011,50,212.805276
-11.866159,50,212.833921
-8.347102,50,212.873808
-11.152187,50,212.908023
-14.7885,50,212.945042
-11.189944,50,212.978773
-12.856033,50,213.013589
-11.682735,50,213.046028
-9.929575,50,213.083388
-8.088645,50,213.128429
-8.093289,50,213.166571
-16.03747,50,213.19645
-13.215544,50,213.229137
-8.083445,50,213.272629
-15.501555,50,213.311458
-17.151216,50,213.353776
-7.840445,50,213.392702
-11.781972,50,213.433758
-9.475427,50,213.472179
-12.903706,50,213.513968
-13.033654,50,213.538714
-15.243636,50,213.568279
-15.952262,50,213.606676
-9.73661,50,214.346189
-13.554337,50,214.385566
-10.888835,50,214.424137
-8.409025,50,214.464358
-9.009733,50,214.506386
-10.543474,50,214.5445
-8.822201,50,214.583744
-13.074187,50,214.625053
-8.147291,50,214.652758
-8.419945,50,214.689886
-8.4278,50,214.721758
-8.054953,50,214.750966
-8.939755,50,214.77506
-16.047804,50,214.802856
-14.56341,50,214.825736
-7.414812,50,214.850137
-11.496974,50,214.87667
-15.072751,50,214.905164
-14.374257,50,214.937999
-14.371605,50,214.97173
-12.064632,50,215.005013
-9.221268,50,215.042782
-9.0338,50,215.074079
-7.421134,50,215.11535
-9.974752,50,215.143633
-10.031756,50,215.164925
-8.684885,50,215.194403
-10.353507,50,215.24002
-13.824286,50,215.270039
-11.055449,50,215.294239
-10.340732,50,215.333325
-10.244661,50,215.376165
-8.367587,50,215.415861
-13.374453,50,215.453144
-15.341438,50,215.490913
-14.250537,50,215.522321
-9.8631,50,215.561307
-10.103959,50,215.58903
-9.561909,50,215.611958
-9.961937,50,215.634634
-7.393811,50,215.657417
-10.75134,50,216.591735
-10.694001,50,216.632442
-13.454644,50,216.670313
-9.499798,50,216.707324
-10.186995,50,216.740903
-14.887467,50,216.775868
-16.129323,50,216.817012
-11.367644,50,216.85335
-15.531082,50,216.889132
-8.158584,50,216.928099
-16.446558,50,216.962764
-9.210617,50,216.995189
-14.844609,50,217.031481
-10.441096,50,217.055209
-9.703159,50,217.097963
-11.370374,50,217.132219
-9.975399,50,217.16819
-9.291877,50,217.194942
-8.448785,50,217.225921
-11.495496,50,217.259068
-12.92765,50,217.294883
-9.367784,50,217.329224
-7.743596,50,217.356355
-10.010878,50,217.390302
-8.402656,50,217.422181
-8.419888,50,217.452929
-7.744554,50,217.496777
-10.238333,50,217.525591
-11.12191,50,217.559023
-7.716383,50,217.595199
-11.424685,50,217.633083
-11.867963,50,217.673118
-10.482909,50,217.712164
-10.46365,50,217.75207
-9.162454,50,217.785553
-10.749482,50,217.816268
-14.731768,50,217.853351
-14.550081,50,217.886627
-13.418586,50,217.922589
-7.74962,50,217.946524
-8.390234,50,217.983225
-11.983471,50,218.724149
-15.463872,50,218.763486
-12.995936,50,218.80235
-8.805161,50,218.842807
-11.001359,50,218.881492
-9.094524,50,218.926898
-7.992724,50,218.965552
-10.616571,50,219.010939
-14.003515,50,219.052011
-10.993144,50,219.08982
-7.885806,50,219.132319
-13.072568,50,219.171111
-18.553062,50,219.206252
-9.896745,50,219.23159
-15.339355,50,219.272431
-11.395414,50,219.29928
-9.534817,50,219.334656
-10.960503,50,219.372415
-12.746214,50,219.411682
-8.156086,50,219.45017
-8.186363,50,219.488342
-8.513739,50,219.527038
-8.9411,50,219.56736
-8.631879,50,219.608541
-9.710924,50,219.645803
-12.91909,50,219.679859
-11.288739,50,219.712619
-8.306642,50,219.754339
-11.737996,50,219.799049
-15.248702,50,219.839217
-9.572976,50,219.881091
-12.001895,50,219.922868
-7.914668,50,219.96049
-8.575164,50,220.002523
-9.636367,50,220.043532
-7.933573,50,220.084466
-8.246433,50,220.111442
-9.91394,50,220.14999
-14.265931,50,220.182624
-11.16065,50,220.224031
-9.767594,50,220.262854
-8.416489,50,220.967291
-12.421833,50,221.007837
-10.223465,50,221.049345
-10.936094,50,221.086436
-13.688975,50,221.127154
-10.67519,50,221.16671
-13.575357,50,221.207156
-9.394959,50,221.23911
-10.477899,50,221.27983
-13.02447,50,221.318138
-15.87091,50,221.358268
-7.796578,50,221.400496
-16.047589,50,221.432388
-10.006877,50,221.455617
-8.941965,50,221.486358
-13.709498,50,221.519167
-7.743944,50,221.556394
-12.453929,50,221.59166
-9.442195,50,221.614452
-16.903515,50,221.6367
-10.272654,50,221.661094
-11.377293,50,221.690262
-8.001477,50,221.719523
-16.793456,50,221.756381
-8.15978,50,221.792447
-9.149713,50,221.823682
-12.346403,50,221.867887
-14.931648,50,221.898821
-11.929602,50,221.927933
-10.304699,50,221.959799
-10.140746,50,221.999761
-8.041442,50,222.042126
-7.756726,50,222.073278
-12.458613,50,222.100004
-10.625403,50,222.12855
-10.421343,50,222.167089
-15.381053,50,222.196924
-9.235405,50,222.226933
-15.20221,50,222.256576
-10.296806,50,222.280078
-9.004849,50,222.302141
-8.254732,50,223.020789
-7.708832,50,223.058867
-10.603097,50,223.097461
-9.683852,50,223.136328
-12.356451,50,223.177839
-8.439156,50,223.216509
-10.854175,50,223.258168
-9.173453,50,223.290931
-15.865989,50,223.322442
-8.13302,50,223.353505
-12.207193,50,223.385042
-14.221654,50,223.412626
-16.473688,50,223.442525
-12.110906,50,223.474083
-13.832097,50,223.511547
-8.796748,50,223.546995
-8.273038,50,223.575068
-9.601621,50,223.6014
-8.220706,50,223.636322
-9.659445,50,223.661695
-16.439775,50,223.702212
-14.631468,50,223.728873
-10.42803,50,223.762669
-12.04289,50,223.796081
-10.825138,50,223.827245
-8.787009,50,223.863244
-12.83246,50,223.892273
-11.634017,50,223.914288
-9.742632,50,223.955381
-16.095602,50,223.990008
-8.357357,50,224.02897
-9.813149,50,224.067965
-9.324196,50,224.108227
-13.121624,50,224.144366
-10.038111,50,224.186552
-9.465712,50,224.224234
-8.267771,50,224.257015
-12.615491,50,224.289793
-8.04384,50,224.318309
-11.104629,50,224.352256
-8.881551,50,224.379826
-14.18327,50,225.075992
-7.650465,50,225.116437
-7.660762,50,225.154056
-10.445863,50,225.190732
-11.418694,50,225.228483
-10.396848,50,225.264532
-11.920126,50,225.302387
-9.732428,50,225.336121
-15.098694,50,225.371417
-11.525922,50,225.397365
-13.352217,50,225.43249
-8.468994,50,225.458682
-15.561722,50,225.489249
-8.14881,50,225.522376
-11.041766,50,225.555125
-14.251974,50,225.584453
-14.301703,50,225.613436
-7.983436,50,225.649298
-12.802281,50,225.672375
-15.57818,50,225.703114
-8.246273,50,225.730129
-14.859589,50,225.765744
-8.087324,50,225.803812
-11.681289,50,225.84326
-8.955644,50,225.879385
-11.403684,50,225.900939
-14.523148,50,225.942891
-8.608998,50,225.980767
-10.331026,50,226.018311
-10.137216,50,226.042205
-8.6801,50,226.08593
-8.813469,50,226.125799
-10.07839,50,226.151981
-16.101829,50,226.185566
-9.426434,50,226.212247
-11.897449,50,226.251521
-17.829564,50,226.285187
-9.055174,50,226.324328
-7.896551,50,226.353818
-16.818444,50,226.393012
-9.274502,50,226.421269
-8.749027,50,227.164923
-10.414318,50,227.204526
-17.029165,50,227.24283
-14.52976,50,227.283749
-11.167268,50,227.322391
-12.944917,50,227.361768
-9.711764,50,227.398296
-10.520323,50,227.437996
-15.909224,50,227.465272
-8.025639,50,227.507571
-11.579278,50,227.543843
-13.281229,50,227.570211
-9.186014,50,227.605436
-8.878743,50,227.630806
-13.707261,50,227.654236
-11.218725,50,227.675861
-12.871965,50,227.705872
-10.705566,50,227.729092
-7.958674,50,227.768021
-10.672311,50,227.798309
-7.904867,50,227.82113
-12.414533,50,227.858712
-8.724454,50,227.892703
-15.270782,50,227.934704
-8.412811,50,227.972407
-8.825748,50,228.00037
-8.483107,50,228.034097
-7.929448,50,228.060299
-8.149325,50,228.081721
-9.307846,50,228.121424
-16.515909,50,228.153445
-8.735318,50,228.195292
-8.959533,50,228.234383
-7.601647,50,228.274855
-15.480547,50,228.313309
-8.753871,50,228.349665
-7.91581,50,228.384898
-7.885771,50,228.423614
-11.480693,50,228.45896
-13.061383,50,228.482147
-14.637728,50,228.516794
-9.345365,50,229.394842
-7.98022,50,229.435158
-12.513855,50,229.474989
-8.807439,50,229.517262
-12.667608,50,229.558412
-10.294444,50,229.599154
-8.956649,50,229.639841
-8.097824,50,229.681464
-9.703081,50,229.720281
-10.713991,50,229.755786
-16.705048,50,229.79736
-9.67373,50,229.835967
-10.143385,50,229.870825
-10.60459,50,229.897491
-11.503698,50,229.92804
-8.93444,50,229.967481
-8.047581,50,229.996653
-10.321678,50,230.021709
-8.551452,50,230.046669
-12.568415,50,230.068024
-7.417045,50,230.095751
-8.841374,50,230.128457
-11.124642,50,230.16005
-12.176486,50,230.188187
-9.399912,50,230.226771
-14.066736,50,230.254418
-15.607869,50,230.28044
-17.140515,50,230.313743
-15.724052,50,230.343054
-18.000407,50,230.382813
-10.168288,50,230.420857
-14.407482,50,230.460466
-8.207835,50,230.500451
-8.609249,50,230.542947
-15.490521,50,230.583946
-8.211885,50,230.623577
-7.965968,50,230.664147
-15.736795,50,230.69566
-11.617815,50,230.735686
-7.857097,50,230.773324
-14.287992,50,230.815514
-17.465956,50,231.494465
-9.039735,50,231.533627
-14.716592,50,231.569542
-12.537055,50,231.607034
-12.693091,50,231.647923
-10.721706,50,231.689068
-12.872369,50,231.729626
-8.002406,50,231.762995
-10.827837,50,231.795553
-12.78789,50,231.826159
-15.265692,50,231.859446
-9.599807,50,231.887331
-17.113496,50,231.915464
-9.023225,50,231.944223
-9.332878,50,231.97417
-8.356942,50,232.012709
-9.194271,50,232.041996
-12.327006,50,232.071256
-8.732801,50,232.111877
-8.989359,50,232.147451
-10.52702,50,232.175465
-14.025256,50,232.215415
-13.717763,50,232.254454
-9.735083,50,232.276714
-7.982107,50,232.316864
-14.476946,50,232.349532
-10.692538,50,232.381866
-9.238086,50,232.4098
-8.559228,50,232.437432
-9.665494,50,232.478641
-8.010812,50,232.518455
-9.387848,50,232.557044
-8.03356,50,232.595509
-14.073569,50,232.633174
-8.204569,50,232.675289
-8.389801,50,232.707077
-14.980787,50,232.734429
-12.241236,50,232.764638
-10.284158,50,232.791101
-8.915083,50,232.81886
-8.906554,50,232.849221
-15.463629,50,233.650551
-16.273674,50,233.68294
-12.059118,50,233.723981
-14.86526,50,233.759446
-11.386629,50,233.801618
-10.065591,50,233.832156
-13.614274,50,233.863504
-7.71947,50,233.895923
-7.523119,50,233.929233
-16.308592,50,233.967077
-10.117876,50,234.005553
-13.607306,50,234.039415
-11.643921,50,234.068701
-17.763653,50,234.102263
-10.432459,50,234.140032
-11.727416,50,234.175378
-8.49042,50,234.209284
-9.809889,50,234.242304
-11.274419,50,234.27206
-8.85445,50,234.3063
-11.713697,50,234.338305
-12.456437,50,234.371531
-13.025717,50,234.404402
-9.789853,50,234.437378
-10.222934,50,234.462086
-8.825797,50,234.488899
-14.056804,50,234.525304
-7.852711,50,234.567664
-10.819154,50,234.607692
-13.680074,50,234.640107
-9.407862,50,234.680548
-15.529939,50,234.714164
-11.267521,50,234.753478
-8.578033,50,234.783528
-9.161861,50,234.81756
-13.682106,50,234.853519
-13.11806,50,234.88359
-10.077138,50,234.919561
-15.913501,50,234.953323
-11.867943,50,234.988317
-10.123046,50,235.023059
-15.181319,50,235.921243
-10.239746,50,235.961552
-9.427633,50,236.001849
-9.920931,50,236.029633
-16.691281,50,236.070622
-14.136131,50,236.104651
-12.042089,50,236.132869
-9.715727,50,236.162875
-13.213397,50,236.199743
-7.684735,50,236.237938
-8.601179,50,236.262392
-11.677724,50,236.282444
-9.024618,50,236.302495
-7.884642,50,236.338292
-7.913021,50,236.367345
-17.84512,50,236.399235
-7.857402,50,236.429224
-9.429221,50,236.459093
-8.00166,50,236.498733
-9.283087,50,236.541761
-9.381778,50,236.569385
-10.682161,50,236.606055
-10.346847,50,236.645647
-7.759542,50,236.672355
-13.599089,50,236.694451
-8.729392,50,236.719815
-10.772387,50,236.749166
-8.693648,50,236.776224
-16.044852,50,236.805269
-15.474435,50,236.837926
-7.814113,50,236.871287
-13.660543,50,236.912789
-9.057219,50,236.95488
-8.50882,50,236.987234
-16.552336,50,237.010704
-12.205994,50,237.039714
-7.967616,50,237.059764
-11.86935,50,237.079764
-9.843932,50,237.114841
-9.194271,50,237.140804
-13.309404,50,237.168078
-7.94734,50,238.170091
-15.753352,50,238.20786
-8.2292,50,238.245177
-7.426952,50,238.285173
-8.391549,50,238.321021
-12.640987,50,238.3633
-8.571072,50,238.395893
-10.884313,50,238.432458
-8.99823,50,238.470368
-7.754287,50,238.507795
-16.291103,50,238.540098
-11.184082,50,238.572368
-16.939343,50,238.597417
-15.484496,50,238.630129
-13.116822,50,238.65848
-10.751437,50,238.68488
-7.955353,50,238.710338
-10.682827,50,238.747265
-7.736243,50,238.788649
-8.00883,50,238.828473
-8.126607,50,238.863278
-17.682672,50,238.888829
-14.112624,50,238.914035
-8.988183,50,238.935278
-13.949024,50,238.972423
-11.576726,50,239.011507
-13.709269,50,239.048832
-11.823633,50,239.087437
-12.955481,50,239.118491
-7.87228,50,239.149117
-15.320061,50,239.191225
-8.28376,50,239.228907
-14.11003,50,239.263583
-11.13026,50,239.303704
-15.043834,50,239.344328
-9.117502,50,239.384325
-9.119941,50,239.421575
-12.487508,50,239.448749
-13.300207,50,239.475825
-9.24687,50,239.50867
-8.094245,50,239.534872
-10.648826,50,240.284335
-12.218931,50,240.319494
-11.552266,50,240.359686
-13.344308,50,240.399905
-11.601614,50,240.439143
-8.46682,50,240.476882
-14.835914,50,240.517236
-10.934248,50,240.556292
-9.072305,50,240.596439
-9.612687,50,240.635887
-12.248157,50,240.674779
-16.189046,50,240.712261
-15.08647,50,240.754307
-8.092643,50,240.793434
-12.610083,50,240.828739
-10.989752,50,240.853341
-12.168597,50,240.881814
-15.49619,50,240.907734
-12.114786,50,240.930275
-8.744375,50,240.963293
-8.709191,50,241.003335
-9.640077,50,241.02878
-9.089045,50,241.053325
-9.216664,50,241.085709
-12.047158,50,241.114683
-8.012304,50,241.153381
-9.388344,50,241.177041
-9.0364,50,241.218206
-11.524634,50,241.246757
-7.361984,50,241.278387
-10.600182,50,241.319045
-8.809924,50,241.35635
-11.517458,50,241.397918
-16.012817,50,241.437904
-14.636958,50,241.476671
-8.752413,50,241.517002
-8.353234,50,241.554967
-14.850838,50,241.592028
-8.356072,50,241.630272
-8.748537,50,241.673579
-7.925086,50,241.708326
-8.147643,50,242.335765
-9.164162,50,242.379488
-14.515548,50,242.421012
-14.060106,50,242.460169
-17.067543,50,242.4985
-15.632568,50,242.540332
-10.542783,50,242.579509
-10.286165,50,242.616067
-9.983607,50,242.657065
-9.547894,50,242.696409
-7.821668,50,242.732308
-8.474555,50,242.764585
-11.182101,50,242.799223
-8.04399,50,242.834816
-7.880291,50,242.866234
-13.116386,50,242.900285
-9.570557,50,242.933133
-8.672767,50,242.974817
-10.300719,50,243.011158
-8.383234,50,243.035731
-12.112793,50,243.074856
-16.032538,50,243.104275
-12.701911,50,243.145211
-7.85896,50,243.180004
-10.680432,50,243.217181
-8.401299,50,243.239444
-11.490376,50,243.285305
-8.515791,50,243.31787
-10.998163,50,243.348315
-8.243491,50,243.39177
-8.022047,50,243.428484
-10.153773,50,243.470347
-13.388224,50,243.509224
-9.80507,50,243.537412
-11.822113,50,243.564012
-17.364441,50,243.595929
-8.488825,50,243.630373
-8.0382,50,243.657023
-8.017347,50,243.684415
-12.530147,50,243.71652
-8.993366,50,243.749529
-9.111579,50,244.438889
-10.456069,50,244.47784
-9.13281,50,244.518917
-9.098511,50,244.556311
-15.964654,50,244.597943
-14.553286,50,244.636494
-12.893293,50,244.676216
-11.817107,50,244.715843
-11.072895,50,244.753159
-12.333492,50,244.797397
-9.469775,50,244.835416
-8.528324,50,244.873078
-10.654922,50,244.910367
-11.844852,50,244.940263
-8.043179,50,244.971737
-10.507038,50,245.004046
-11.38351,50,245.035517
-7.849953,50,245.067119
-15.301725,50,245.098053
-9.539515,50,245.132012
-9.347283,50,245.172386
-14.885789,50,245.205298
-8.712539,50,245.238263
-8.552464,50,245.260618
-10.201039,50,245.300049
-11.521498,50,245.327893
-9.156392,50,245.366312
-13.96381,50,245.399988
-8.505018,50,245.441462
-10.579273,50,245.483509
-7.834477,50,245.524654
-11.502266,50,245.563121
-11.471415,50,245.60179
-12.292557,50,245.64037
-13.564559,50,245.680511
-10.152346,50,245.717592
-8.46479,50,245.762483
-9.905843,50,245.80167
-14.678471,50,245.841309
-13.533858,50,245.881136
-9.29411,50,245.92488
-11.882514,50,246.655068
-10.660183,50,246.697687
-8.904355,50,246.736045
-13.49383,50,246.773325
-13.55913,50,246.813428
-11.468778,50,246.85019
-7.87465,50,246.890758
-13.723724,50,246.929592
-9.547765,50,246.970295
-12.401753,50,247.008127
-12.986956,50,247.036641
-8.053734,50,247.064678
-16.403283,50,247.086416
-9.32732,50,247.126033
-9.373787,50,247.156822
-15.374098,50,247.182757
-16.071714,50,247.210151
-14.282132,50,247.244803
-11.800383,50,247.271621
-10.632376,50,247.298611
-18.505089,50,247.322578
-8.315741,50,247.346839
-15.020616,50,247.379043
-9.345562,50,247.407766
-8.596104,50,247.431268
-13.493907,50,247.464701
-10.120673,50,247.487384
-11.081569,50,247.509746
-8.710644,50,247.55239
-11.55147,50,247.593629
-8.00147,50,247.617965
-11.35151,50,247.650292
-12.253314,50,247.689284
-11.395216,50,247.723369
-16.73546,50,247.76701
-10.899676,50,247.803114
-9.736053,50,247.843136
-8.374529,50,247.881926
-8.799602,50,247.904983
-7.804205,50,247.936457
-8.147488,50,247.965342
-10.326917,50,248.753205
-8.265045,50,248.793434
-11.665654,50,248.834098
-16.256609,50,248.873552
-9.058076,50,248.913679
-15.529958,50,248.953542
-12.056735,50,248.990073
-14.289516,50,249.032509
-8.847261,50,249.075935
-8.817636,50,249.119983
-9.568636,50,249.158517
-11.582628,50,249.193931
-12.260983,50,249.233161
-15.101724,50,249.266413
-8.868992,50,249.300886
-9.458221,50,249.335285
-12.216194,50,249.371763
-9.186391,50,249.405972
-7.29382,50,249.441945
-9.288959,50,249.4813
-16.971656,50,249.517265
-13.035092,50,249.555283
-11.523011,50,249.589433
-8.530904,50,249.628369
-12.856706,50,249.662313
-13.077822,50,249.685181
-8.460926,50,249.708358
-11.518072,50,249.735698
-10.484475,50,249.770773
-13.868761,50,249.80839
-13.0979,50,249.847348
-13.468075,50,249.88489
-11.167729,50,249.925689
-9.526498,50,249.967507
-10.258085,50,250.002824
-14.785034,50,250.038749
-12.341533,50,250.064108
-11.486503,50,250.09317
-13.106391,50,250.130803
-12.696555,50,250.159508
-8.601174,50,250.19231
-12.212094,50,250.914156
-8.09355,50,250.95594
-9.317185,50,250.994464
-8.761998,50,251.030298
-8.668367,50,251.071223
-9.470663,50,251.108508
-7.538714,50,251.148152
-10.552003,50,251.185877
-7.866768,50,251.22111
-14.346135,50,251.263514
-8.714352,50,251.302991
-8.00476,50,251.343183
-16.647348,50,251.384553
-10.742979,50,251.411016
-8.600768,50,251.435399
-10.555069,50,251.466397
-14.038793,50,251.501119
-15.221848,50,251.534311
-13.242178,50,251.570297
-14.072616,50,251.598881
-9.786938,50,251.629384
-8.114299,50,251.670148
-11.010772,50,251.707747
-14.623568,50,251.748413
-8.243669,50,251.789131
-11.825404,50,251.814049
-10.187529,50,251.834632
-8.021708,50,251.855028
-8.498682,50,251.883711
-10.790905,50,251.914643
-16.487774,50,251.936419
-9.279952,50,251.957665
-7.857545,50,251.999117
-9.173137,50,252.030842
-13.762971,50,252.050864
-13.243377,50,252.091313
-14.530305,50,252.121749
-17.119379,50,252.141878
-12.911603,50,252.161975
-12.012498,50,252.18214
-12.341855,50,252.217152
-8.564684,50,252.928885
-11.991636,50,252.969475
-9.300495,50,253.007633
-9.375455,50,253.050905
-13.63654,50,253.08756
-10.450792,50,253.128103
-8.470118,50,253.169796
-8.450043,50,253.203227
-7.903569,50,253.233752
-9.338748,50,253.270021
-10.990648,50,253.296301
-8.014509,50,253.322394
-14.566996,50,253.347921
-8.111192,50,253.376942
-11.567088,50,253.415286
-8.618198,50,253.446768
-10.282218,50,253.48089
-10.287511,50,253.508808
-10.430859,50,253.541077
-8.68126,50,253.572339
-18.137826,50,253.602456
-14.694417,50,253.632181
-14.647528,50,253.664287
-11.378627,50,253.701884
-11.852049,50,253.730817
-13.43267,50,253.758204
-8.192102,50,253.791422
-8.620817,50,253.821379
-8.494566,50,253.843827
-16.703281,50,253.870206
-11.24664,50,253.910069
-8.399959,50,253.951803
-16.390319,50,253.991078
-11.070719,50,254.025664
-13.710226,50,254.064471
-11.828996,50,254.087486
-8.247178,50,254.11143
-10.737257,50,254.148768
-15.926048,50,254.171382
-8.961305,50,254.19613
-8.667339,50,254.224022
-9.401761,50,254.942251
-9.840951,50,254.983059
-11.548689,50,255.022882
-15.005122,50,255.06101
-8.21711,50,255.098897
-8.471577,50,255.138461
-16.831429,50,255.179209
-8.61676,50,255.219238
-8.043928,50,255.260866
-11.234221,50,255.300384
-8.096423,50,255.336136
-14.71925,50,255.372977
-14.035136,50,255.399629
-7.523226,50,255.427057
-10.99625,50,255.454625
-8.058223,50,255.485726
-10.020002,50,255.522844
-10.626241,50,255.563321
-8.261629,50,255.601132
-11.08224,50,255.628284
-9.760802,50,255.661805
-11.770439,50,255.683032
-11.352048,50,255.717312
-8.901374,50,255.75148
-9.510784,50,255.778397
-7.871575,50,255.821012
-8.612388,50,255.856942
-13.265409,50,255.886312
-8.34308,50,255.921347
-7.575732,50,255.959993
-10.93125,50,256.002434
-10.660082,50,256.040413
-7.874204,50,256.079225
-9.469037,50,256.119366
-7.91067,50,256.161166
-8.589335,50,256.197805
-13.282226,50,256.232165
-8.67595,50,256.267355
-8.108253,50,256.299801
-10.778006,50,256.328952
-11.827645,50,256.365749
-11.088694,50,257.364623
-13.118222,50,257.404482
-10.123189,50,257.440855
-10.941327,50,257.483891
-13.563816,50,257.522096
-8.997173,50,257.558884
-16.668312,50,257.59623
-14.635198,50,257.637944
-12.707658,50,257.677079
-9.181563,50,257.709223
-13.182298,50,257.745021
-8.510931,50,257.781011
-12.10556,50,257.816024
-12.103768,50,257.851154
-8.734202,50,257.88274
-8.690456,50,257.917932
-9.25302,50,257.945731
-12.809226,50,257.979458
-11.46532,50,258.004954
-10.506938,50,258.030063
-8.067136,50,258.054805
-9.559863,50,258.089199
-7.661268,50,258.126729
-13.028751,50,258.154204
-10.717687,50,258.188611
-11.249582,50,258.230081
-8.17099,50,258.275148
-11.58439,50,258.312702
-14.523567,50,258.343642
-12.626583,50,258.383826
-8.209082,50,258.414309
-9.076177,50,258.455285
-9.772083,50,258.490625
-8.208086,50,258.521119
-9.107648,50,258.559609
-8.265088,50,258.587965
-9.915995,50,258.621441
-8.578175,50,258.654417
-7.991274,50,258.690445
-11.232569,50,258.7242
-14.135572,50,258.753665
-7.858838,50,259.55736
-8.196418,50,259.597119
-7.898293,50,259.637014
-9.462688,50,259.678092
-8.268609,50,259.716341
-9.792875,50,259.756003
-11.084629,50,259.793899
-8.109669,50,259.832763
-12.07383,50,259.874849
-14.473294,50,259.911183
-8.526706,50,259.943045
-8.068708,50,259.983402
-9.518176,50,260.01225
-9.018269,50,260.047215
-8.196058,50,260.068656
-11.534784,50,260.09672
-15.533783,50,260.131173
-8.864347,50,260.162719
-11.332983,50,260.194893
-13.994837,50,260.223921
-8.918466,50,260.249307
-9.198361,50,260.282948
-11.405816,50,260.314163
-7.92718,50,260.349416
-7.914073,50,260.387033
-11.397231,50,260.412309
-9.593539,50,260.446033
-9.355549,50,260.490163
-8.431108,50,260.533246
-12.126018,50,260.572078
-12.391198,50,260.611353
-11.756629,50,260.650432
-8.621325,50,260.686385
-10.816487,50,260.722581
-12.764421,50,260.758524
-8.527851,50,260.785319
-14.020154,50,260.827618
-9.623794,50,260.863211
-8.273861,50,260.894662
-8.203952,50,260.920833
-11.233314,50,260.946059
-11.351605,50,261.663159
-8.420192,50,261.704696
-12.189135,50,261.743212
-11.5967,50,261.78237
-14.764099,50,261.819415
-11.739266,50,261.859364
-15.644418,50,261.903407
-13.524767,50,261.943916
-8.868934,50,261.971343
-8.837977,50,262.014879
-8.811434,50,262.050889
-15.404251,50,262.092456
-11.157014,50,262.130943
-10.522977,50,262.170878
-12.17624,50,262.20931
-11.890045,50,262.247328
-15.76603,50,262.287976
-10.266746,50,262.325887
-8.829872,50,262.358696
-9.278374,50,262.390772
-10.250881,50,262.424318
-10.721328,50,262.463418
-15.988616,50,262.50755
-13.226887,50,262.547089
-14.367046,50,262.584052
-13.317065,50,262.626518
-12.401088,50,262.664511
-11.700477,50,262.696568
-12.161386,50,262.72939
-10.308967,50,262.762155
-9.458399,50,262.803018
-8.478803,50,262.836943
-8.219932,50,262.878738
-10.976425,50,262.914999
-12.110825,50,262.953361
-12.931478,50,262.989505
-11.600944,50,263.016771
-15.475351,50,263.047618
-11.547982,50,263.085099
-13.579852,50,263.11885
-12.624275,50,263.140479
-11.798602,50,264.153347
-12.752928,50,264.195459
-8.39588,50,264.232321
-12.610381,50,264.273982
-10.199332,50,264.31164
-9.501125,50,264.349765
-16.5987,50,264.383362
-8.218491,50,264.406237
-9.600883,50,264.443267
-13.784285,50,264.477005
-15.208673,50,264.51058
-8.257954,50,264.541874
-9.342378,50,264.570498
-8.128713,50,264.604853
-11.940814,50,264.629608
-11.358128,50,264.658079
-11.289343,50,264.69491
-11.174823,50,264.716834
-12.176562,50,264.747928
-9.872191,50,264.776163
-9.41214,50,264.811191
-10.916077,50,264.845001
-8.42225,50,264.873378
-14.814001,50,264.909575
-12.403468,50,264.942156
-9.820471,50,264.980474
-10.788263,50,265.002418
-13.849182,50,265.029026
-10.969491,50,265.057071
-12.50359,50,265.090247
-9.888935,50,265.128856
-11.294071,50,265.166935
-13.603008,50,265.19787
-10.803208,50,265.220076
-7.917547,50,265.250496
-11.93101,50,265.28739
-14.14867,50,265.317947
-14.089319,50,265.342737
-13.119157,50,265.36509
-8.159995,50,265.407866
-9.58463,50,266.39605
-9.650313,50,266.435921
-9.864687,50,266.474027
-15.13115,50,266.516227
-8.265854,50,266.555432
-10.857309,50,266.594964
-14.739811,50,266.633008
-10.09044,50,266.670733
-7.812403,50,266.703729
-13.052467,50,266.740368
-10.75861,50,266.773741
-13.422846,50,266.811246
-8.631198,50,266.833518
-9.086011,50,266.856297
-11.549043,50,266.878954
-10.095583,50,266.917678
-7.820599,50,266.955624
-15.027648,50,266.984258
-7.902772,50,267.009322
-12.255051,50,267.038453
-15.823204,50,267.069024
-8.655821,50,267.095207
-8.598715,50,267.127367
-16.799869,50,267.155177
-10.115684,50,267.186538
-13.808068,50,267.219241
-14.12105,50,267.250991
-9.194037,50,267.292852
-8.977985,50,267.324762
-8.377194,50,267.353954
-13.03464,50,267.377679
-8.180817,50,267.414137
-8.27811,50,267.453745
-13.263351,50,267.493376
-9.442481,50,267.534902
-8.630491,50,267.576119
-7.894603,50,267.606141
-8.347813,50,267.634005
-11.587898,50,267.675107
-13.464973,50,267.711929
-7.964372,50,267.742046
-8.419238,50,268.644305
-8.030833,50,268.685985
-15.021481,50,268.725293
-15.324325,50,268.764989
-13.971317,50,268.80472
-9.459805,50,268.84324
-13.911553,50,268.880029
-11.60077,50,268.918491
-10.818019,50,268.946895
-14.053152,50,268.989025
-10.081616,50,269.028198
-15.520555,50,269.06087
-9.905207,50,269.086272
-10.015712,50,269.11266
-15.409148,50,269.139616
-14.08259,50,269.179748
-10.268137,50,269.217991
-12.287967,50,269.241326
-8.058845,50,269.267844
-15.562924,50,269.289263
-8.436318,50,269.315937
-9.041357,50,269.344087
-8.510216,50,269.382667
-9.787713,50,269.425994
-8.207845,50,269.458162
-10.678262,50,269.486498
-8.965342,50,269.528003
-13.298759,50,269.564963
-12.426213,50,269.595025
-10.91309,50,269.632236
-8.45116,50,269.673852
-9.421428,50,269.710779
-10.180824,50,269.747042
-8.153313,50,269.786502
-9.253158,50,269.826371
-11.722549,50,269.852461
-11.265325,50,269.884341
-9.61795,50,269.913453
-9.957971,50,269.951807
-10.31113,50,269.980749
-13.313247,50,270.010536
-8.738694,50,270.837738
-10.917408,50,270.874007
-11.040168,50,270.913025
-15.391027,50,270.94312
-9.000332,50,270.984276
-8.861614,50,271.021238
-9.730607,50,271.066564
-13.400804,50,271.103935
-11.689179,50,271.140359
-9.904058,50,271.177149
-10.513932,50,271.218092
-7.333135,50,271.25912
-14.446345,50,271.288412
-14.129449,50,271.315665
-12.339438,50,271.345733
-13.581253,50,271.372656
-9.435612,50,271.395751
-13.199838,50,271.429148
-9.335134,50,271.454771
-8.093878,50,271.477079
-12.533041,50,271.498967
-11.20175,50,271.520768
-15.652145,50,271.54208
-8.086567,50,271.566649
-8.770041,50,271.606822
-8.611117,50,271.649811
-8.095147,50,271.68861
-11.99149,50,271.711049
-10.509501,50,271.754236
-12.382917,50,271.793027
-14.577945,50,271.831964
-8.945875,50,271.871814
-8.944063,50,271.908344
-11.776144,50,271.953377
-10.910439,50,271.99362
-10.416742,50,272.037237
-9.383787,50,272.078546
-10.05198,50,272.121026
-8.660952,50,272.159513
-13.241013,50,272.200573
-8.863105,50,272.238042
-9.696964,50,272.953669
-11.577347,50,272.990254
-12.049517,50,273.033751
-8.734554,50,273.070352
-14.167579,50,273.108397
-16.082588,50,273.150996
-9.103863,50,273.189754
-13.237128,50,273.227602
-9.938858,50,273.267294
-8.26668,50,273.308055
-8.780164,50,273.336374
-12.931937,50,273.370023
-8.359809,50,273.412277
-14.968867,50,273.437094
-11.715536,50,273.46272
-15.960939,50,273.494612
-10.12595,50,273.520247
-10.6751,50,273.549309
-7.93034,50,273.579365
-9.694356,50,273.609293
-10.614555,50,273.645208
-13.434242,50,273.67796
-9.024685,50,273.714772
-10.731938,50,273.750374
-7.631148,50,273.779356
-9.956165,50,273.810003
-9.574031,50,273.832981
-12.913814,50,273.872846
-10.357784,50,273.902757
-8.376859,50,273.93125
-9.644893,50,273.969039
-10.666824,50,274.005109
-12.354391,50,274.045099
-7.908282,50,274.086478
-12.658782,50,274.114988
-8.595122,50,274.156854
-15.817346,50,274.195075
-13.396353,50,274.227051
-13.617693,50,274.253823
-11.552886,50,274.277375
-12.664884,50,274.318998
-10.229629,50,275.304153
-7.968265,50,275.343888
-9.860136,50,275.384362
-9.967287,50,275.423137
-15.32811,50,275.464331
-11.020767,50,275.508592
-9.415085,50,275.553255
-8.284394,50,275.590863
-9.660928,50,275.632169
-11.960277,50,275.672623
-8.245048,50,275.702259
-13.257884,50,275.733929
-8.530707,50,275.75843
-9.041289,50,275.792912
-10.005827,50,275.823256
-7.863574,50,275.854991
-10.686009,50,275.884066
-15.086938,50,275.921642
-9.622704,50,275.953928
-14.312949,50,275.976389
-8.190585,50,275.999206
-15.433249,50,276.030925
-9.631852,50,276.064229
-14.801828,50,276.1013
-14.602953,50,276.137865
-10.045694,50,276.175498
-12.387059,50,276.212997
-11.326875,50,276.254876
-11.989037,50,276.295709
-8.876845,50,276.335982
-14.990789,50,276.371437
-9.019167,50,276.41457
-8.721215,50,276.454719
-9.061602,50,276.492942
-14.069266,50,276.53261
-12.285195,50,276.568048
-9.28851,50,276.606163
-11.998312,50,276.644346
-9.155017,50,276.679076
-9.394188,50,276.71224
-8.090425,50,276.749991
-16.345149,50,277.722614
-14.058953,50,277.759779
-14.514796,50,277.799228
-15.964327,50,277.839014
-9.44487,50,277.879223
-15.571525,50,277.919029
-8.81546,50,277.957172
-13.487606,50,277.997036
-15.674448,50,278.0286
-9.695684,50,278.056565
-9.271967,50,278.094488
-13.229411,50,278.125792
-15.515121,50,278.149303
-8.159999,50,278.172707
-13.237132,50,278.204822
-14.51938,50,278.232112
-8.849426,50,278.265817
-14.185199,50,278.296186
-10.409095,50,278.330544
-14.614337,50,278.364614
-12.15559,50,278.391828
-8.974819,50,278.431665
-12.351232,50,278.469961
-16.405336,50,278.504015
-13.928719,50,278.544578
-12.909284,50,278.57426
-8.62333,50,278.613209
-11.521805,50,278.652966
-9.295683,50,278.68627
-11.33581,50,278.712706
-12.862364,50,278.754828
-13.332507,50,278.790037
-10.227847,50,278.827431
-12.03271,50,278.861426
-8.112462,50,278.896758
-12.78026,50,278.935444
-8.726931,50,278.967432
-8.640151,50,278.995423
-7.544752,50,279.034571
-10.004642,50,279.062507
-12.394466,50,279.093938
-10.82767,50,279.786684
-16.022289,50,279.826416
-13.767061,50,279.863101
-8.536334,50,279.904005
-7.916819,50,279.942946
-11.597423,50,279.979861
-8.967662,50,280.01927
-8.013385,50,280.057286
-10.946093,50,280.095887
-12.109071,50,280.132976
-15.287436,50,280.161359
-11.99669,50,280.194235
-9.436032,50,280.236383
-12.670648,50,280.272022
-10.068223,50,280.31109
-15.127776,50,280.349907
-11.534058,50,280.375787
-9.965049,50,280.404383
-8.291991,50,280.435201
-10.421068,50,280.474884
-8.00112,50,280.502897
-14.967837,50,280.524269
-13.103782,50,280.55438
-10.408187,50,280.582364
-15.203656,50,280.603033
-10.966021,50,280.636264
-11.016451,50,280.657697
-7.926183,50,280.678093
-12.61076,50,280.710311
-8.033528,50,280.736474
-9.855511,50,280.763807
-7.978462,50,280.7983
-13.651435,50,280.820451
-7.978956,50,280.855143
-9.19588,50,280.883367
-9.1276,50,280.922323
-9.157126,50,280.958646
-13.712809,50,280.982326
-8.469972,50,281.005921
-15.688588,50,281.045826
-8.223409,50,281.075503
-14.828697,50,281.742495
-11.227059,50,281.772936
-9.511045,50,281.815078
-7.614277,50,281.855288
-8.871951,50,281.894691
-13.748945,50,281.937154
-13.558009,50,281.976322
-11.910155,50,282.012428
-9.397499,50,282.047259
-9.4626,50,282.082343
-10.024571,50,282.120107
-8.078255,50,282.143969
-10.267201,50,282.17449
-11.02758,50,282.210831
-7.769388,50,282.244144
-9.754353,50,282.27389
-12.319227,50,282.317238
-9.073639,50,282.357053
-9.21242,50,282.392872
-9.540408,50,282.417911
-9.290763,50,282.446656
-8.417952,50,282.469756
-11.636116,50,282.493023
-8.555205,50,282.515724
-13.353332,50,282.540338
-14.543805,50,282.570115
-7.80693,50,282.602638
-14.855945,50,282.63224
-15.912365,50,282.664925
-15.019138,50,282.704343
-10.095351,50,282.742713
-13.08622,50,282.776241
-11.23737,50,282.811965
-8.015815,50,282.846486
-8.722917,50,282.879863
-9.439763,50,282.902486
-9.790148,50,282.941783
-8.41199,50,282.968717
-12.044919,50,282.991267
-9.692777,50,283.018883
-8.771138,50,283.05203
-14.563104,50,284.052015
-8.861627,50,284.08924
-9.545613,50,284.128252
-15.361028,50,284.168675
-12.354232,50,284.208717
-10.269455,50,284.234767
-10.621214,50,284.259085
-8.998742,50,284.283562
-9.975856,50,284.310148
-8.367245,50,284.334037
-9.719854,50,284.355234
-11.091513,50,284.387483
-11.101517,50,284.412443
-10.350167,50,284.436438
-11.201609,50,284.478405
-12.233925,50,284.504618
-12.79249,50,284.526757
-10.261002,50,284.566913
-14.056618,50,284.611655
-8.050506,50,284.64893
-10.908168,50,284.688968
-10.165659,50,284.722134
-13.384436,50,284.756003
-11.783889,50,284.789914
-7.776955,50,284.816458
-11.345407,50,284.853852
-8.877246,50,284.880152
-14.235753,50,284.913429
-10.648208,50,284.938792
-10.322269,50,284.981134
-9.822716,50,285.019925
-16.300917,50,285.062689
-8.902528,50,285.104348
-8.783058,50,285.136673
-14.910922,50,285.163627
-7.87109,50,285.194942
-10.683757,50,285.231726
-7.807277,50,285.26168
-16.179628,50,285.292052
-13.806225,50,285.318386
-8.323592,50,285.347397
-9.861503,50,286.291773
-8.428768,50,286.324747
-8.129877,50,286.365221
-16.500173,50,286.406518
-14.327915,50,286.445382
-11.570706,50,286.489057
-11.793725,50,286.52794
-10.804071,50,286.560807
-13.677144,50,286.58509
-11.315229,50,286.617975
-8.005761,50,286.646137
-9.385871,50,286.668215
-16.91861,50,286.689594
-9.937597,50,286.720053
-8.516463,50,286.74532
-9.355125,50,286.770939
-12.609559,50,286.811376
-14.929653,50,286.836429
-16.162431,50,286.879096
-12.178711,50,286.910363
-11.002444,50,286.936193
-13.472086,50,286.961799
-8.799233,50,287.00184
-9.221606,50,287.041813
-15.191771,50,287.068763
-10.188603,50,287.091125
-10.242317,50,287.117218
-9.666311,50,287.154241
-11.59009,50,287.183412
-7.976661,50,287.222277
-15.583659,50,287.258482
-8.311501,50,287.302037
-15.567076,50,287.338394
-13.02375,50,287.375847
-8.399983,50,287.41696
-13.051209,50,287.441694
-13.243549,50,287.467254
-13.957575,50,287.51154
-15.887548,50,287.542743
-8.420396,50,287.572413
-16.296816,50,287.60198
-8.918357,50,288.605842
-12.664331,50,288.643302
-10.588091,50,288.683424
-9.268317,50,288.724505
-11.014953,50,288.764354
-10.972397,50,288.804119
-12.557948,50,288.842008
-16.091883,50,288.882888
-8.820704,50,288.923016
-11.823638,50,288.961278
-17.148616,50,288.994621
-12.729988,50,289.031888
-14.148861,50,289.069157
-10.585668,50,289.102069
-11.3702,50,289.124608
-13.122986,50,289.149746
-11.447429,50,289.193052
-9.077147,50,289.223598
-16.104846,50,289.247074
-9.241039,50,289.278565
-13.808393,50,289.303188
-15.899641,50,289.324806
-14.150263,50,289.346616
-14.961989,50,289.372134
-10.93588,50,289.412052
-9.056816,50,289.441167
-15.334008,50,289.47704
-9.946557,50,289.504056
-12.298631,50,289.538023
-16.031612,50,289.565914
-14.87391,50,289.606285
-13.96147,50,289.644467
-9.643885,50,289.682584
-10.84227,50,289.722068
-9.984351,50,289.761899
-9.586697,50,289.801381
-11.484417,50,289.842953
-13.313308,50,289.881982
-16.415061,50,289.920403
-13.33023,50,289.963667
-13.28468,50,290.000863
-10.808102,50,290.969733
-8.464174,50,291.012239
-13.550847,50,291.051453
-9.340855,50,291.09141
-7.931589,50,291.124774
-9.491952,50,291.163033
-10.127643,50,291.202981
-9.066578,50,291.241219
-9.429853,50,291.28306
-12.698079,50,291.319232
-10.036677,50,291.350389
-8.461227,50,291.382642
-12.328149,50,291.418904
-8.712587,50,291.453148
-9.215716,50,291.494184
-11.348243,50,291.523238
-12.247715,50,291.56168
-12.615004,50,291.598065
-13.495814,50,291.632992
-9.603679,50,291.671025
-9.090575,50,291.694337
-7.866626,50,291.714722
-8.140516,50,291.735141
-8.370547,50,291.75554
-11.870673,50,291.78783
-10.171909,50,291.816094
-12.289639,50,291.852012
-11.175559,50,291.888529
-10.54237,50,291.909037
-13.174391,50,291.936127
-13.255175,50,291.966449
-9.080602,50,292.011221
-7.882594,50,292.049248
-12.332317,50,292.089
-10.440207,50,292.127155
-9.761369,50,292.16984
-12.360019,50,292.201357
-10.779644,50,292.233315
-12.075284,50,292.275422
-8.573951,50,292.315356
-10.5324,50,292.347907
-12.48211,50,293.022354
-8.026777,50,293.063025
-15.741612,50,293.100418
-10.850379,50,293.144784
-11.630862,50,293.18508
-9.271266,50,293.222098
-10.606113,50,293.263849
-11.315274,50,293.30349
-9.518837,50,293.341184
-12.337394,50,293.37836
-11.390767,50,293.417836
-9.773802,50,293.457832
-14.284587,50,293.485724
-8.53139,50,293.510161
-8.921049,50,293.546018
-8.237299,50,293.579769
-8.586122,50,293.610475
-8.741704,50,293.645565
-11.298687,50,293.6663
-8.212583,50,293.695379
-9.286491,50,293.734547
-8.367011,50,293.770069
-16.273693,50,293.805236
-13.047362,50,293.829013
-9.729846,50,293.866133
-10.062647,50,293.901999
-11.020793,50,293.936076
-8.309502,50,293.964739
-14.017644,50,293.998069
-13.081078,50,294.036196
-12.418348,50,294.076345
-12.663937,50,294.116351
-7.770768,50,294.158709
-11.710355,50,294.198198
-9.765832,50,294.238591
-9.703721,50,294.275882
-11.584273,50,294.310166
-7.799322,50,294.347895
-15.176392,50,294.390227
-15.92493,50,294.434191
-9.859384,50,294.470107
-12.874313,50,295.174218
-12.05588,50,295.213794
-8.705762,50,295.251527
-12.990068,50,295.289865
-10.018159,50,295.327231
-11.490104,50,295.366469
-15.589796,50,295.406444
-15.476335,50,295.446153
-8.500112,50,295.486822
-11.958229,50,295.525486
-8.624724,50,295.563703
-15.12427,50,295.602354
-9.040404,50,295.641957
-11.880794,50,295.681397
-7.346517,50,295.721039
-8.513068,50,295.750299
-13.731608,50,295.772363
-8.454299,50,295.806496
-8.359057,50,295.844811
-8.940741,50,295.883291
-9.643452,50,295.920242
-11.958426,50,295.953876
-9.618369,50,295.982085
-10.171955,50,296.022485
-7.806959,50,296.049848
-10.551382,50,296.076832
-8.864969,50,296.110915
-8.461295,50,296.14814
-11.333797,50,296.19021
-11.214118,50,296.229352
-13.846463,50,296.270198
-14.952344,50,296.292556
-10.075627,50,296.324277
-10.212799,50,296.34769
-7.747033,50,296.385343
-9.370481,50,296.425056
-8.021252,50,296.459116
-12.112623,50,296.498382
-10.690847,50,296.525457
-11.339421,50,296.560729
-12.755018,50,296.597034
-7.829705,50,297.330884
-13.670278,50,297.371124
-10.224526,50,297.410178
-12.804107,50,297.448779
-12.384965,50,297.485576
-11.781993,50,297.527193
-12.11841,50,297.559227
-11.755059,50,297.599553
-14.426331,50,297.634584
-14.925762,50,297.667295
-13.648328,50,297.703854
-10.694807,50,297.729281
-10.99033,50,297.760093
-9.632037,50,297.793624
-9.391239,50,297.833218
-10.401154,50,297.856962
-8.524019,50,297.886932
-14.060131,50,297.925517
-10.657699,50,297.961569
-10.695664,50,297.981349
-13.345606,50,298.018284
-13.611702,50,298.06088
-12.42986,50,298.083367
-12.372139,50,298.11955
-14.6837,50,298.151455
-12.045392,50,298.181539
-12.304652,50,298.212587
-9.317411,50,298.235042
-9.660548,50,298.265729
-8.798607,50,298.303016
-12.886387,50,298.343355
-8.588063,50,298.382128
-13.57644,50,298.423374
-12.870411,50,298.463137
-16.442702,50,298.503584
-13.482914,50,298.543041
-8.591843,50,298.569876
-10.625513,50,298.593964
-8.670157,50,298.618571
-10.792527,50,298.640878
-11.233118,50,298.662554
-12.293864,50,299.401394
-12.457624,50,299.44344
-12.261478,50,299.478761
-10.339678,50,299.519254
-12.639465,50,299.558474
-9.192787,50,299.60027
-17.193387,50,299.641356
-8.645706,50,299.681612
-7.93206,50,299.7233
-9.538869,50,299.758873
-11.527986,50,299.798775
-9.645124,50,299.831417
-13.034924,50,299.867952
-13.518721,50,299.903541
-10.020818,50,299.935693
-8.252848,50,299.972191
-11.044919,50,300.010493
-8.809289,50,300.047884
-10.428678,50,300.086235
-12.461802,50,300.125048
-11.299716,50,300.157576
-11.20051,50,300.186588
-8.201725,50,300.232527
-10.977426,50,300.267206
-7.966744,50,300.29654
-8.74231,50,300.32287
-10.976235,50,300.348137
-9.600592,50,300.376172
-8.292317,50,300.411005
-13.935931,50,300.453101
-12.916497,50,300.491927
-12.423512,50,300.534385
-15.124376,50,300.573345
-11.428895,50,300.611372
-8.056971,50,300.652828
-10.476139,50,300.693155
-9.342933,50,300.731114
-8.597091,50,300.761621
-11.622534,50,300.794429
-12.541717,50,300.826234
-7.802509,50,300.860257
-7.815251,50,301.85491
-8.900717,50,301.893836
-15.676687,50,301.934415
-8.321904,50,301.975242
-8.641788,50,302.011337
-8.292793,50,302.054452
-8.676583,50,302.088568
-9.97705,50,302.131443
-9.058257,50,302.170593
-9.41428,50,302.198311
-9.781908,50,302.226065
-9.106392,50,302.256396
-9.385713,50,302.290295
-16.748456,50,302.317683
-9.160415,50,302.353751
-8.939002,50,302.385664
-10.464211,50,302.412452
-13.101176,50,302.451292
-12.589544,50,302.478828
-8.169486,50,302.50269
-14.215254,50,302.526242
-14.062553,50,302.551157
-12.335867,50,302.577872
-8.428454,50,302.604373
-7.94101,50,302.632262
-12.214798,50,302.661338
-9.623911,50,302.70251
-8.139786,50,302.730032
-11.175576,50,302.759725
-12.644761,50,302.783338
-12.068584,50,302.810754
-15.313646,50,302.842674
-7.575595,50,302.885067
-10.156981,50,302.92166
-8.498839,50,302.960553
-13.687412,50,303.003662
-8.371454,50,303.043115
-10.903706,50,303.079733
-9.461694,50,303.119716
-14.711401,50,303.146415
-10.057358,50,303.17356
-8.959409,50,303.780103
-13.855714,50,303.815707
-10.875765,50,303.846065
-13.016266,50,303.888073
-14.529136,50,303.928935
-10.564302,50,303.969969
-12.556384,50,304.010485
-11.905938,50,304.047975
-8.437347,50,304.088141
-8.943949,50,304.12809
-14.1703,50,304.16592
-12.191995,50,304.209903
-10.096934,50,304.248871
-13.181549,50,304.283691
-8.771595,50,304.308958
-12.026556,50,304.336738
-9.212096,50,304.370507
-10.763289,50,304.399686
-14.072713,50,304.430726
-12.263884,50,304.458297
-10.954607,50,304.484853
-11.019888,50,304.50755
-8.956827,50,304.528778
-13.696377,50,304.557452
-9.163935,50,304.596675
-9.618438,50,304.632852
-8.437023,50,304.663207
-8.627264,50,304.696582
-10.368936,50,304.729082
-15.640525,50,304.754495
-8.488937,50,304.778427
-14.138031,50,304.811278
-15.40579,50,304.848194
-11.302494,50,304.890403
-12.338099,50,304.931822
-13.388321,50,304.972035
-15.087975,50,305.010053
-15.887983,50,305.044379
-8.694723,50,305.074317
-8.125263,50,305.114948
-10.765349,50,305.146457
-9.415895,50,305.833952
-11.219798,50,305.8763
-10.235111,50,305.912485
-8.279174,50,305.95315
-14.394891,50,305.991236
-14.628673,50,306.027731
-10.592893,50,306.068905
-12.92556,50,306.109681
-11.220915,50,306.140835
-12.808142,50,306.165879
-14.771912,50,306.205156
-15.279641,50,306.240033
-8.137444,50,306.2645
-8.22978,50,306.289287
-15.815038,50,306.317562
-9.204554,50,306.346678
-13.073665,50,306.382265
-8.209947,50,306.413595
-9.860307,50,306.439311
-16.096681,50,306.475248
-11.960509,50,306.511302
-10.499813,50,306.550786
-12.155439,50,306.583564
-15.312888,50,306.609875
-13.159251,50,306.650023
-11.186162,50,306.673276
-12.961618,50,306.706676
-10.221009,50,306.729301
-12.332559,50,306.769778
-11.26219,50,306.807899
-8.213274,50,306.843869
-8.766651,50,306.884282
-7.566889,50,306.925423
-9.992852,50,306.964961
-7.757773,50,307.002203
-11.699804,50,307.041835
-12.618071,50,307.081216
-12.45868,50,307.111209
-15.404843,50,307.139616
-9.935104,50,307.173526
-13.480869,50,307.207245
-11.248141,50,308.107652
-10.079658,50,308.147503
-11.971858,50,308.187113
-8.582993,50,308.226223
-10.322444,50,308.265492
-9.440198,50,308.304605
-9.184897,50,308.344394
-10.349149,50,308.381451
-8.13492,50,308.419183
-14.432852,50,308.457531
-16.662233,50,308.496172
-13.663214,50,308.519133
-13.553685,50,308.543712
-8.175968,50,308.577223
-9.41828,50,308.615967
-11.335666,50,308.637811
-16.59825,50,308.681013
-10.457236,50,308.716554
-11.041629,50,308.74755
-12.686131,50,308.773174
-8.029351,50,308.804558
-8.093214,50,308.83902
-9.675805,50,308.875038
-10.699494,50,308.912938
-16.127253,50,308.935779
-8.891644,50,308.960423
-8.384614,50,308.986568
-8.638348,50,309.012252
-13.207688,50,309.033729
-8.523702,50,309.056844
-13.342266,50,309.088137
-16.685586,50,309.127783
-10.066658,50,309.166836
-12.131438,50,309.199526
-8.473483,50,309.241641
-7.912879,50,309.281188
-16.273744,50,309.318974
-14.549119,50,309.35443
-10.471802,50,309.392697
-10.152954,50,309.432226
-8.688829,50,309.466372
-8.25739,50,310.18436
-9.848067,50,310.222091
-10.119998,50,310.263997
-11.298771,50,310.302059
-7.897196,50,310.342468
-14.97429,50,310.382462
-13.676073,50,310.42271
-11.851051,50,310.460243
-15.292247,50,310.498012
-7.914254,50,310.537514
-12.822304,50,310.573764
-16.319499,50,310.613279
-8.457531,50,310.651963
-13.63061,50,310.689
-10.943475,50,310.72924
-15.751029,50,310.764818
-13.602427,50,310.80456
-10.096926,50,310.844552
-7.58398,50,310.874118
-14.408374,50,310.913953
-8.176593,50,310.951851
-13.461326,50,310.985375
-10.271046,50,311.025881
-9.757816,50,311.061866
-8.236074,50,311.092521
-8.165315,50,311.129326
-11.965399,50,311.159457
-10.022354,50,311.201162
-10.83852,50,311.243302
-8.690186,50,311.282487
-8.54104,50,311.318477
-12.47304,50,311.356024
-10.187689,50,311.390044
-8.261273,50,311.42848
-11.42835,50,311.465804
-8.842732,50,311.4913
-7.885827,50,311.521187
-8.966098,50,311.558157
-15.746985,50,311.586315
-8.887951,50,311.618238
-9.850309,50,311.654414
-13.266571,50,312.304022
-13.231601,50,312.344409
-8.98968,50,312.385277
-8.751794,50,312.423984
-7.767565,50,312.461015
-14.541124,50,312.486258
-7.640723,50,312.508852
-15.297033,50,312.539505
-13.039478,50,312.579081
-10.210898,50,312.604456
-10.544462,50,312.629286
-13.434851,50,312.668583
-10.123872,50,312.701054
-7.946995,50,312.728155
-9.255667,50,312.750215
-10.061782,50,312.784179
-11.854681,50,312.814857
-9.642446,50,312.846784
-8.634254,50,312.87991
-9.43163,50,312.921191
-8.603907,50,312.961457
-9.674314,50,312.991495
-11.946079,50,313.019481
-8.328939,50,313.064152
-7.79786,50,313.104681
-8.917982,50,313.139546
-8.12522,50,313.171223
-11.175163,50,313.214965
-10.550016,50,313.251227
-15.17872,50,313.281272
-8.666786,50,313.319397
-10.47831,50,313.358352
-11.363399,50,313.396961
-10.526052,50,313.435945
-8.596356,50,313.473166
-10.358482,50,313.508796
-7.842997,50,313.551195
-8.570121,50,313.586201
-8.253121,50,313.625952
-13.367504,50,313.655387
-8.810906,50,313.685493
-8.8948,50,314.382203
-10.168495,50,314.421939
-9.183959,50,314.461069
-14.050806,50,314.502556
-9.188788,50,314.539867
-9.746899,50,314.577726
-9.537267,50,314.619407
-10.585989,50,314.654092
-9.606993,50,314.67878
-9.519175,50,314.706929
-14.699862,50,314.735104
-8.48255,50,314.7727
-8.480749,50,314.808305
-7.986562,50,314.833674
-8.391261,50,314.855911
-11.802033,50,314.880164
-13.042536,50,314.904521
-9.772862,50,314.926024
-10.772062,50,314.950116
-14.610544,50,314.977181
-9.147036,50,315.015898
-9.738131,50,315.053916
-8.807724,50,315.076332
-11.307948,50,315.115955
-8.841848,50,315.154744
-10.124193,50,315.186309
-16.296437,50,315.226217
-11.484921,50,315.255125
-11.207561,50,315.299246
-9.208715,50,315.322431
-12.747928,50,315.366929
-9.302863,50,315.409396
-13.96629,50,315.447178
-16.716892,50,315.481536
-8.460158,50,315.519994
-14.595525,50,315.56094
-8.600428,50,315.598125
-13.843296,50,315.637092
-11.061904,50,315.677283
-8.619885,50,315.710209
-9.344489,50,315.747422
-10.115311,50,316.437318
-8.241453,50,316.477404
-9.62521,50,316.514662
-9.17117,50,316.53947
-8.034196,50,316.578311
-7.708528,50,316.618045
-8.139166,50,316.655468
-8.55324,50,316.695666
-11.956481,50,316.734197
-14.461106,50,316.77257
-13.43962,50,316.812459
-8.422143,50,316.848913
-10.948526,50,316.887351
-14.367029,50,316.924561
-11.238692,50,316.957922
-10.565171,50,316.989663
-8.377023,50,317.024372
-8.630398,50,317.061774
-8.287657,50,317.098544
-14.178629,50,317.139263
-16.775558,50,317.17346
-11.660819,50,317.214806
-13.439956,50,317.246358
-13.55232,50,317.281988
-9.640126,50,317.320001
-9.337702,50,317.353934
-7.845311,50,317.39206
-12.717931,50,317.435547
-9.849975,50,317.475674
-9.812046,50,317.513904
-11.182925,50,317.552406
-13.238007,50,317.591519
-16.298508,50,317.622198
-11.215302,50,317.656443
-13.77408,50,317.685615
-13.685355,50,317.716572
-11.752832,50,317.751596
-10.334541,50,317.782378
-10.55432,50,317.819414
-7.76758,50,317.853227
-8.519676,50,317.884338
-15.689985,50,318.55603
-11.243103,50,318.597548
-11.177714,50,318.6371
-10.402925,50,318.671511
-10.750655,50,318.709067
-11.673973,50,318.734669
-14.160624,50,318.768389
-14.129069,50,318.807236
-9.296821,50,318.834813
-8.688889,50,318.857363
-11.599621,50,318.887199
-10.187609,50,318.915629
-8.270501,50,318.942991
-8.373736,50,318.98126
-15.568635,50,319.012023
-9.720207,50,319.041781
-11.42258,50,319.069325
-12.734032,50,319.091819
-9.303601,50,319.114394
-12.892588,50,319.154974
-9.057071,50,319.187694
-8.388556,50,319.217282
-12.737372,50,319.25399
-10.662996,50,319.289314
-11.080756,50,319.325834
-11.057985,50,319.348754
-9.320803,50,319.382921
-10.736762,50,319.419026
-15.60063,50,319.450687
-9.339415,50,319.480595
-8.100227,50,319.508418
-15.692174,50,319.543999
-9.944261,50,319.580521
-11.883733,50,319.621853
-11.670773,50,319.661299
-11.059318,50,319.700614
-8.692512,50,319.730428
-8.691189,50,319.753451
-12.073047,50,319.786368
-10.45444,50,319.82236
-11.662426,50,320.611352
-13.896762,50,320.650971
-11.792768,50,320.689029
-8.347084,50,320.729375
-7.924159,50,320.771498
-13.895683,50,320.812894
-9.790544,50,320.848433
-9.766036,50,320.884564
-8.855042,50,320.920894
-8.675009,50,320.962701
-9.046445,50,321.003499
-13.416344,50,321.034877
-14.005961,50,321.065191
-14.572378,50,321.104904
-9.961485,50,321.146219
-7.917568,50,321.181561
-10.56205,50,321.210281
-11.428381,50,321.248168
-16.043888,50,321.281236
-9.457257,50,321.311597
-11.680488,50,321.353217
-10.469342,50,321.374908
-9.697089,50,321.412806
-9.518325,50,321.435579
-9.758437,50,321.460205
-9.873507,50,321.485182
-10.98827,50,321.524453
-9.701951,50,321.561137
-10.567972,50,321.584921
-13.792921,50,321.607535
-9.575,50,321.640226
-11.890787,50,321.681525
-9.758674,50,321.711196
-8.132364,50,321.735134
-12.57224,50,321.768082
-13.832033,50,321.809904
-11.003503,50,321.840149
-12.581075,50,321.864249
-8.033211,50,321.900379
-8.333985,50,321.942272
-8.18729,50,321.981746
-12.533105,50,322.607644
-9.171124,50,322.646755
-10.898407,50,322.683501
-8.073195,50,322.727321
-10.607239,50,322.752031
-15.659651,50,322.774659
-10.754986,50,322.807004
-8.811858,50,322.840748
-10.76299,50,322.883459
-8.077003,50,322.919048
-8.567798,50,322.958605
-9.201929,50,322.99192
-10.563457,50,323.024907
-11.781164,50,323.060872
-13.193882,50,323.090159
-9.03756,50,323.114934
-13.487397,50,323.151028
-10.350138,50,323.188474
-12.776774,50,323.222944
-10.426009,50,323.258453
-15.314345,50,323.29911
-8.384194,50,323.332553
-8.205817,50,323.369433
-12.413649,50,323.411354
-11.556672,50,323.445019
-11.61611,50,323.480463
-16.147462,50,323.512057
-10.774479,50,323.5576
-15.456666,50,323.596186
-8.582544,50,323.632425
-8.384871,50,323.672023
-9.557007,50,323.700682
-10.579196,50,323.726895
-12.246206,50,323.756231
-13.125166,50,323.795331
-10.679605,50,323.834324
-12.001821,50,323.865444
-8.521783,50,323.888982
-10.223717,50,323.911626
-11.531463,50,323.942883
-11.586275,50,323.983806
-12.002969,50,324.829342
-9.367189,50,324.868494
-12.627188,50,324.91019
-10.268909,50,324.947848
-11.233987,50,324.97609
-13.997345,50,324.998982
-10.321425,50,325.028385
-9.523703,50,325.070982
-13.416478,50,325.108696
-12.009618,50,325.14732
-10.083858,50,325.184149
-8.198323,50,325.216511
-9.144672,50,325.251943
-10.014319,50,325.286189
-15.475157,50,325.3195
-9.389514,50,325.34456
-9.046577,50,325.38003
-8.983324,50,325.418964
-9.223989,50,325.450449
-14.054138,50,325.479815
-9.768318,50,325.506112
-8.463403,50,325.530712
-12.087494,50,325.56907
-11.217349,50,325.598134
-9.518034,50,325.640536
-14.428715,50,325.676584
-11.270028,50,325.710098
-10.700114,50,325.745247
-10.555325,50,325.780314
-8.998861,50,325.818097
-12.770399,50,325.858417
-11.575681,50,325.885297
-12.875025,50,325.924337
-9.765263,50,325.962274
-10.194462,50,325.998498
-11.61254,50,326.021662
-12.666854,50,326.054312
-9.260488,50,326.088514
-11.965447,50,326.117193
-8.977443,50,326.151599
-9.407689,50,326.181656
-8.749304,50,327.160416
-12.276005,50,327.200162
-13.326495,50,327.236317
-9.070775,50,327.27595
-13.743198,50,327.314147
-10.77198,50,327.353623
-9.189912,50,327.394127
-10.857151,50,327.433268
-8.246366,50,327.467495
-11.698088,50,327.497794
-9.978691,50,327.53098
-9.913758,50,327.564774
-8.127126,50,327.60562
-11.742842,50,327.631452
-12.517746,50,327.655887
-11.300919,50,327.68732
-10.561554,50,327.714608
-10.068923,50,327.740173
-8.531085,50,327.78584
-16.425631,50,327.809255
-8.964036,50,327.83383
-8.309243,50,327.860414
-10.719257,50,327.893297
-12.446915,50,327.920656
-11.585629,50,327.951924
-8.671161,50,327.97784
-9.583786,50,328.001157
-13.738901,50,328.032162
-10.910582,50,328.059082
-9.268749,50,328.088279
-11.983466,50,328.121272
-15.998358,50,328.158021
-10.004161,50,328.198874
-14.695639,50,328.238949
-14.433427,50,328.277602
-8.15362,50,328.316772
-9.13908,50,328.351406
-7.948377,50,328.374279
-11.458999,50,328.415151
-8.421074,50,328.455902
-9.583978,50,328.492145
-10.941571,50,329.458174
-13.153456,50,329.497866
-12.766236,50,329.53622
-11.946609,50,329.573966
-12.896087,50,329.612325
-10.244673,50,329.644828
-9.359769,50,329.684438
-12.845453,50,329.72174
-10.24096,50,329.747721
-12.20943,50,329.77809
-15.394656,50,329.811626
-13.955173,50,329.841415
-12.8179,50,329.876264
-13.089522,50,329.901515
-11.389474,50,329.925757
-10.501915,50,329.961597
-14.884877,50,330.003779
-15.377893,50,330.042476
-12.549151,50,330.06734
-11.288371,50,330.090185
-8.60299,50,330.115714
-9.317282,50,330.156382
-11.994116,50,330.190025
-12.14479,50,330.22732
-16.636218,50,330.262753
-8.221647,50,330.294882
-9.430549,50,330.321414
-8.376306,50,330.346509
-13.426491,50,330.37559
-9.343164,50,330.406159
-14.859591,50,330.448434
-8.965409,50,330.487353
-9.673342,50,330.527305
-9.515487,50,330.568375
-8.804723,50,330.603154
-12.194971,50,330.640715
-9.336118,50,330.666718
-8.749267,50,330.704162
-10.935592,50,330.746547
-10.957752,50,330.769177
-12.784933,50,330.800516
-11.833544,50,331.727942
-13.528791,50,331.767352
-11.874671,50,331.806094
-11.203801,50,331.848613
-9.112266,50,331.883702
-10.161505,50,331.922791
-12.024822,50,331.961259
-8.908528,50,331.997
-11.462245,50,332.030068
-12.501876,50,332.071471
-13.064163,50,332.100173
-12.787326,50,332.125087
-10.336148,50,332.156934
-12.957991,50,332.180204
-9.435735,50,332.203732
-15.434732,50,332.238946
-13.899566,50,332.276753
-10.517324,50,332.319818
-12.548434,50,332.349854
-8.751254,50,332.388248
-12.432566,50,332.420753
-11.565146,50,332.447596
-10.199201,50,332.480133
-13.903178,50,332.519272
-10.456691,50,332.551164
-11.422044,50,332.57323
-11.067054,50,332.599505
-8.682919,50,332.632245
-11.715977,50,332.667176
-11.424692,50,332.691766
-10.713943,50,332.714563
-15.182083,50,332.754179
-9.570839,50,332.78969
-10.793633,50,332.82296
-11.299551,50,332.851764
-8.197029,50,332.87789
-11.322791,50,332.903802
-14.115741,50,332.927733
-9.415727,50,332.960693
-12.579636,50,333.000228
-14.698995,50,333.036906
-12.283505,50,334.005689
-11.908191,50,334.042863
-12.070502,50,334.075127
-12.295741,50,334.117486
-12.414959,50,334.159434
-8.263213,50,334.200209
-8.037889,50,334.240745
-10.063251,50,334.279263
-14.977752,50,334.321412
-14.614646,50,334.360497
-8.566942,50,334.397585
-10.460268,50,334.424014
-8.466701,50,334.447169
-13.690199,50,334.48502
-12.451126,50,334.522995
-11.554117,50,334.551695
-11.281853,50,334.579882
-14.904332,50,334.619792
-8.867307,50,334.657546
-10.699665,50,334.688586
-15.53696,50,334.723836
-8.878128,50,334.746406
-7.880884,50,334.783188
-11.61969,50,334.81293
-10.682884,50,334.844669
-9.444811,50,334.874856
-14.675456,50,334.903591
-11.784941,50,334.927582
-8.602417,50,334.958915
-14.747348,50,335.000547
-10.369897,50,335.040804
-15.506207,50,335.075422
-9.452586,50,335.115378
-11.409082,50,335.156169
-7.914277,50,335.183455
-9.861583,50,335.223831
-11.889671,50,335.266707
-10.194069,50,335.302194
-8.637387,50,335.332081
-9.565033,50,335.369449
-15.675279,50,335.40246
-8.324091,50,336.12322
-11.841068,50,336.16229
-9.521488,50,336.20379
-14.25249,50,336.246675
-10.761596,50,336.288278
-10.895923,50,336.325988
-16.29681,50,336.365299
-13.095205,50,336.400433
-8.809497,50,336.438837
-10.826373,50,336.466386
-8.374352,50,336.49543
-12.558396,50,336.539037
-9.107341,50,336.564297
-7.871273,50,336.59539
-15.477536,50,336.638883
-8.514768,50,336.679307
-12.545947,50,336.718917
-10.534821,50,336.746706
-8.999543,50,336.770087
-12.814221,50,336.792442
-10.12211,50,336.818281
-12.427997,50,336.848174
-8.572019,50,336.888749
-9.316223,50,336.916309
-10.023572,50,336.946911
-9.329482,50,336.986872
-12.89951,50,337.020023
-14.649426,50,337.04356
-11.354179,50,337.065853
-11.169381,50,337.098607
-11.281525,50,337.138134
-12.245158,50,337.16718
-13.847667,50,337.197942
-15.344332,50,337.23729
-16.370957,50,337.263386
-15.375191,50,337.305059
-10.88589,50,337.334172
-10.543315,50,337.377186
-9.215158,50,337.411285
-14.961777,50,337.447814
-9.541149,50,337.475311
-9.919633,50,338.199446
-8.753373,50,338.224837
-8.387365,50,338.264136
-14.251357,50,338.303851
-13.478651,50,338.341029
-9.718674,50,338.381485
-15.232292,50,338.422143
-15.226928,50,338.455206
-11.516578,50,338.490421
-8.851824,50,338.51327
-10.139574,50,338.551148
-11.026823,50,338.576879
-8.332096,50,338.601386
-10.699336,50,338.634871
-8.894571,50,338.659827
-14.234834,50,338.691269
-13.44169,50,338.734909
-8.426386,50,338.766185
-9.086262,50,338.792958
-10.779469,50,338.830549
-16.217133,50,338.871718
-8.682793,50,338.904949
-10.990731,50,338.927954
-12.272036,50,338.959356
-8.406073,50,338.987457
-15.105122,50,339.013513
-10.747745,50,339.039538
-8.163899,50,339.068574
-11.473264,50,339.097758
-11.396474,50,339.132202
-11.2668,50,339.155802
-10.880824,50,339.197635
-12.825292,50,339.238166
-8.51951,50,339.275183
-9.731352,50,339.315599
-9.559944,50,339.352852
-8.631264,50,339.395552
-11.699706,50,339.43619
-7.729717,50,339.476965
-12.594367,50,339.517263
-10.300866,50,339.555082
-8.702745,50,340.247835
-15.819837,50,340.287637
-10.205961,50,340.325967
-10.36094,50,340.367165
-13.902458,50,340.397557
-10.134787,50,340.440899
-11.888222,50,340.477394
-8.738157,50,340.521461
-8.515402,50,340.558275
-13.013033,50,340.600492
-11.536527,50,340.64319
-8.454068,50,340.678379
-10.136028,50,340.717179
-8.799969,50,340.747188
-9.958951,50,340.769548
-13.572611,50,340.79633
-13.645944,50,340.8354
-11.913068,50,340.872756
-7.969302,50,340.905022
-12.099717,50,340.939804
-12.245188,50,340.962322
-8.901746,50,341.00297
-12.129978,50,341.031024
-14.527351,50,341.058039
-9.156902,50,341.094831
-16.185561,50,341.12795
-14.471117,50,341.154784
-12.654724,50,341.181653
-15.862647,50,341.208497
-12.455333,50,341.243587
-10.745182,50,341.287976
-11.165359,50,341.327737
-11.908624,50,341.364264
-8.424698,50,341.405373
-8.442666,50,341.442166
-15.97081,50,341.480356
-14.15124,50,341.520046
-10.835733,50,341.544728
-10.77512,50,341.57546
-10.979708,50,341.613732
-12.046298,50,341.654456
-14.282217,50,342.317403
-15.122343,50,342.356278
-9.974881,50,342.398422
-13.925334,50,342.438174
-8.504493,50,342.47336
-12.441301,50,342.516765
-12.738453,50,342.546488
-15.1254,50,342.582122
-12.147627,50,342.619417
-12.883825,50,342.657703
-15.258894,50,342.685882
-8.398801,50,342.717127
-15.056106,50,342.747013
-13.390975,50,342.788744
-14.122848,50,342.829159
-11.798341,50,342.866938
-8.829111,50,342.907755
-9.824832,50,342.947969
-8.722026,50,342.984979
-15.77155,50,343.01413
-14.92397,50,343.059479
-13.083183,50,343.094641
-11.053625,50,343.129337
-10.360234,50,343.173183
-12.958941,50,343.206539
-10.867332,50,343.247391
-13.589338,50,343.282222
-12.931058,50,343.323297
-9.997282,50,343.365643
-12.239485,50,343.401954
-13.297672,50,343.444396
-16.019249,50,343.482711
-10.258869,50,343.513194
-11.891329,50,343.544929
-8.777929,50,343.584592
-10.776603,50,343.617141
-7.944616,50,343.650489
-10.512125,50,343.678872
-8.81238,50,343.702697
-9.674964,50,343.727833
-15.473166,50,343.753024
-10.525089,50,344.499461
-8.606066,50,344.537343
-14.862295,50,344.577275
-14.696758,50,344.619353
-14.701049,50,344.660496
-10.632489,50,344.696503
-9.439824,50,344.727276
-11.191273,50,344.758513
-8.624572,50,344.793773
-13.695093,50,344.826001
-13.138556,50,344.864527
-8.598005,50,344.893238
-11.20868,50,344.93643
-9.101975,50,344.967265
-14.693632,50,345.005425
-10.978619,50,345.034267
-12.016289,50,345.063861
-8.408485,50,345.090302
-10.267982,50,345.117381
-15.479548,50,345.139438
-8.764802,50,345.170634
-8.921157,50,345.208247
-12.277822,50,345.239352
-14.151025,50,345.280453
-10.976346,50,345.310929
-8.661993,50,345.350164
-11.023437,50,345.378336
-9.612919,50,345.410436
-12.996057,50,345.449895
-13.36054,50,345.482311
-8.992916,50,345.521765
-9.336437,50,345.562757
-12.056662,50,345.602403
-8.403348,50,345.632175
-9.159648,50,345.653496
-8.041713,50,345.69401
-13.528702,50,345.726459
-15.522924,50,345.755797
-10.462264,50,345.784058
-14.124193,50,345.812669
-12.438003,50,345.839104
-9.782427,50,346.528532
-8.32099,50,346.566447
-8.021665,50,346.607079
-9.213314,50,346.646928
-9.922573,50,346.684525
-13.306105,50,346.721401
-9.712501,50,346.76216
-14.515166,50,346.801829
-14.06985,50,346.840106
-13.366386,50,346.870328
-13.116957,50,346.894676
-14.381642,50,346.930291
-8.313604,50,346.968297
-11.591258,50,347.004385
-11.993452,50,347.048085
-11.26338,50,347.085473
-9.019252,50,347.120404
-10.878641,50,347.149243
-9.428285,50,347.173322
-14.6153,50,347.197659
-9.390474,50,347.240377
-9.161097,50,347.266594
-8.23043,50,347.289251
-8.940346,50,347.326804
-12.569132,50,347.35579
-13.493285,50,347.38781
-8.409491,50,347.414938
-14.044802,50,347.456584
-12.278998,50,347.495677
-8.779252,50,347.538047
-13.296932,50,347.58233
-11.644288,50,347.621811
-8.443957,50,347.659324
-8.677152,50,347.702382
-8.73609,50,347.739197
-12.331716,50,347.778895
-10.881074,50,347.820056
-12.61868,50,347.85213
-13.585157,50,347.877648
-8.134805,50,347.900409
-16.036568,50,347.933198
-10.019077,50,348.695386
-10.194992,50,348.732566
-13.456501,50,348.773138
-8.452844,50,348.81014
-12.233621,50,348.850954
-9.522367,50,348.887942
-10.147021,50,348.929896
-9.906477,50,348.969092
-11.378686,50,349.005919
-12.482901,50,349.045261
-11.25675,50,349.084836
-8.538542,50,349.121181
-10.56516,50,349.149833
-11.661719,50,349.176146
-10.920775,50,349.215191
-10.56519,50,349.246444
-8.794519,50,349.287038
-9.615484,50,349.326261
-8.857182,50,349.348781
-14.86484,50,349.377371
-9.337799,50,349.410002
-9.925558,50,349.433887
-11.877233,50,349.472288
-11.652873,50,349.499413
-9.763395,50,349.534613
-12.061977,50,349.572834
-16.201962,50,349.602409
-11.143639,50,349.632639
-11.887796,50,349.668974
-11.402728,50,349.702546
-7.828898,50,349.74267
-12.591081,50,349.779732
-12.426995,50,349.82189
-11.309794,50,349.85935
-12.320697,50,349.886771
-10.901887,50,349.916812
-12.838395,50,349.955158
-11.167063,50,349.993535
-8.670072,50,350.034703
-11.357407,50,350.062064
-9.530572,50,350.086756
-14.484889,50,350.716297
-12.246791,50,350.758114
-10.644481,50,350.79476
-9.274545,50,350.833815
-8.281395,50,350.873879
-10.451105,50,350.909948
-15.020024,50,350.94722
-11.93218,50,350.990555
-13.229814,50,351.031023
-14.137526,50,351.067137
-14.555254,50,351.104684
-9.928592,50,351.141896
-11.200125,50,351.171709
-10.753506,50,351.201663
-9.403206,50,351.227999
-14.551195,50,351.264661
-10.185865,50,351.297567
-14.621512,50,351.337939
-10.312272,50,351.373777
-11.566821,50,351.402248
-12.491074,50,351.448227
-12.024837,50,351.484869
-10.81806,50,351.525223
-11.883861,50,351.558341
-15.00345,50,351.585436
-11.467017,50,351.623655
-9.36135,50,351.650685
-9.306748,50,351.676162
-11.048355,50,351.696634
-11.700726,50,351.716687
-13.925205,50,351.738209
-8.250305,50,351.771916
-13.855489,50,351.806098
-15.12971,50,351.83569
-11.744116,50,351.876333
-8.154942,50,351.90955
-12.056211,50,351.951946
-11.143379,50,351.978876
-12.269096,50,352.003834
-11.448168,50,352.035997
-9.831799,50,352.079386
-11.573201,50,352.713681
-7.985095,50,352.75297
-13.901769,50,352.793408
-8.769654,50,352.833127
-15.951874,50,352.875958
-9.622532,50,352.914149
-9.285096,50,352.949577
-8.392964,50,352.982009
-13.630528,50,353.01
-13.97621,50,353.034914
-13.727378,50,353.067451
-8.354085,50,353.09954
-9.810057,50,353.121639
-7.727538,50,353.143519
-9.660129,50,353.17051
-13.168739,50,353.19536
-11.216543,50,353.226922
-10.402871,50,353.251997
-10.72154,50,353.278734
-10.146519,50,353.302701
-8.621345,50,353.33068
-12.038502,50,353.362517
-11.569859,50,353.389869
-10.060982,50,353.427702
-10.292014,50,353.455111
-9.608449,50,353.49535
-9.329141,50,353.533769
-10.857265,50,353.572358
-9.312451,50,353.599125
-9.41874,50,353.624633
-11.110625,50,353.648405
-9.959976,50,353.688237
-9.177679,50,353.72508
-11.581066,50,353.768657
-16.683808,50,353.808494
-15.53817,50,353.848942
-11.521917,50,353.883115
-8.920694,50,353.915379
-13.654078,50,353.953276
-8.733849,50,353.991514
-12.007067,50,354.013495
-8.503207,50,354.627997
-9.82707,50,354.657824
-9.118384,50,354.686717
-9.753045,50,354.722018
-11.627864,50,354.764141
-8.672223,50,354.80511
-10.661767,50,354.841955
-14.995453,50,354.883043
-8.78116,50,354.921391
-12.551702,50,354.961938
-11.355608,50,354.999694
-8.718085,50,355.03547
-10.678244,50,355.063502
-16.238224,50,355.093586
-14.569886,50,355.133875
-10.525414,50,355.166761
-13.692464,50,355.200282
-9.515984,50,355.234331
-12.201208,50,355.260115
-8.81059,50,355.283795
-9.003069,50,355.305058
-10.998963,50,355.334179
-12.262972,50,355.363193
-11.041359,50,355.39155
-9.107013,50,355.424157
-13.010903,50,355.4549
-8.989864,50,355.483045
-10.224283,50,355.510389
-8.565672,50,355.539563
-8.985641,50,355.568052
-13.856416,50,355.599389
-13.370115,50,355.620987
-14.753562,50,355.653281
-9.436725,50,355.694959
-9.894381,50,355.716637
-12.10639,50,355.752114
-11.623143,50,355.794533
-10.575953,50,355.832265
-10.647288,50,355.861114
-8.574403,50,355.894394
-9.175441,50,355.925208
-9.146467,50,356.603347
-11.822525,50,356.633071
-10.875022,50,356.675489
-8.298856,50,356.704614
-9.261811,50,356.739932
-10.1466,50,356.780521
-9.447929,50,356.820212
-8.664733,50,356.858938
-11.784068,50,356.899912
-13.164731,50,356.938409
-13.058691,50,356.982091
-9.085886,50,357.015209
-13.818012,50,357.046878
-9.544573,50,357.076684
-9.13909,50,357.107342
-12.13336,50,357.138624
-13.218187,50,357.169352
-8.262599,50,357.205374
-9.178644,50,357.231494
-9.877172,50,357.272182
-9.872171,50,357.300306
-14.372836,50,357.326709
-8.264571,50,357.354528
-13.714765,50,357.387994
-9.199417,50,357.412174
-9.990448,50,357.449822
-11.289971,50,357.478464
-8.767885,50,357.512297
-9.299953,50,357.547271
-8.602001,50,357.58188
-8.914932,50,357.612291
-15.063037,50,357.648092
-12.734079,50,357.674331
-10.783526,50,357.706237
-9.938103,50,357.749855
-10.119086,50,357.787953
-12.27977,50,357.826678
-15.687507,50,357.868157
-9.058755,50,357.906137
-12.78423,50,357.945005
-11.322898,50,357.985562
-9.644937,50,358.725207
-12.721135,50,358.760555
-14.254568,50,358.80024
-13.758286,50,358.838414
-8.749537,50,358.880337
-11.972589,50,358.917372
-9.212304,50,358.957989
-12.870177,50,358.997575
-14.76642,50,359.034482
-9.500472,50,359.072262
-9.01769,50,359.111214
-11.786064,50,359.15167
-8.557692,50,359.190903
-9.356518,50,359.228786
-11.015116,50,359.267857
-14.606458,50,359.303276
-10.837327,50,359.335946
-12.55161,50,359.368454
-9.549714,50,359.403591
-14.347862,50,359.439464
-10.881477,50,359.469214
-12.660934,50,359.492428
-11.434244,50,359.529339
-8.65845,50,359.559782
-8.428419,50,359.589735
-12.862463,50,359.616606
-9.578973,50,359.638298
-8.964498,50,359.66192
-13.165122,50,359.68612
-7.971861,50,359.712039
-8.827777,50,359.734036
-7.577731,50,359.77524
-10.749211,50,359.819279
-8.647251,50,359.862037
-8.688503,50,359.900938
-9.222099,50,359.939046
-11.273972,50,359.980604
-13.346322,50,360.022965
-8.908361,50,360.06121
-10.085005,50,360.098755
-12.842341,50,360.123824
-8.273212,50,360.894136
-10.346164,50,360.937506
-11.366963,50,360.977555
-8.573536,50,361.011255
-8.982832,50,361.054434
-16.35857,50,361.096342
-10.72882,50,361.140197
-8.167836,50,361.178877
-11.542307,50,361.22168
-8.785386,50,361.260363
-16.649292,50,361.300323
-14.741245,50,361.338082
-12.440005,50,361.377888
-8.295412,50,361.41678
-12.777605,50,361.457347
-9.443302,50,361.48297
-13.180374,50,361.507831
-10.202154,50,361.533096
-11.515651,50,361.564536
-10.032579,50,361.602456
-14.579815,50,361.629376
-9.540204,50,361.652767
-9.04515,50,361.677883
-11.508576,50,361.701325
-14.784749,50,361.728065
-12.161909,50,361.762416
-8.569019,50,361.80297
-12.725009,50,361.825747
-10.590596,50,361.845734
-15.13977,50,361.866142
-12.081619,50,361.911375
-12.798441,50,361.949852
-9.052452,50,361.992725
-16.734481,50,362.031019
-11.972148,50,362.068473
-8.718301,50,362.106364
-10.016857,50,362.142999
-15.691166,50,362.180416
-9.845054,50,362.221612
-14.143473,50,362.260078
-12.259175,50,362.299309
-11.766287,50,362.944668
-8.036237,50,362.982692
-8.574345,50,363.023429
-8.083594,50,363.063468
-10.835664,50,363.100943
-14.386527,50,363.140438
-13.512071,50,363.178514
-8.338707,50,363.215394
-13.878183,50,363.248384
-12.893903,50,363.281294
-12.96008,50,363.310517
-12.061133,50,363.347507
-9.095795,50,363.382955
-10.811188,50,363.405712
-12.041385,50,363.432871
-12.684247,50,363.457472
-8.257528,50,363.494871
-15.076306,50,363.521749
-12.81875,50,363.550027
-10.139179,50,363.581186
-9.774591,50,363.605743
-12.958417,50,363.641441
-13.210187,50,363.67145
-12.76076,50,363.702411
-11.521069,50,363.726508
-7.6908,50,363.74813
-10.053496,50,363.779266
-8.343203,50,363.81745
-13.588654,50,363.855188
-11.842634,50,363.890953
-12.896467,50,363.933984
-16.495576,50,363.973254
-10.179248,50,364.012252
-10.068595,50,364.050153
-12.017459,50,364.085183
-12.404114,50,364.128868
-9.346668,50,364.168011
-14.23611,50,364.207106
-9.186873,50,364.247581
-12.283725,50,364.287294
-13.033836,50,364.329261
-13.923068,50,365.001519
-13.57341,50,365.041543
-9.120992,50,365.075317
-11.614284,50,365.118439
-15.792328,50,365.15781
-8.868549,50,365.196708
-12.772684,50,365.237261
-9.761046,50,365.267298
-12.385511,50,365.301364
-8.84111,50,365.327099
-14.237171,50,365.364394
-14.672756,50,365.390689
-13.550214,50,365.433194
-12.415094,50,365.46162
-13.717572,50,365.492563
-14.528532,50,365.532544
-13.003301,50,365.568107
-12.150227,50,365.594469
-14.888065,50,365.636385
-11.449652,50,365.669568
-10.402121,50,365.695811
-8.261164,50,365.72371
-8.368063,50,365.755216
-9.594014,50,365.788863
-8.199347,50,365.811716
-8.665094,50,365.855693
-8.261368,50,365.890076
-9.993442,50,365.925407
-10.221676,50,365.953877
-9.790959,50,365.994319
-9.613975,50,366.038264
-9.866864,50,366.079055
-8.637386,50,366.116753
-11.676364,50,366.142941
-9.341772,50,366.179701
-12.024964,50,366.20322
-9.310076,50,366.228309
-10.753202,50,366.258323
-8.563649,50,366.287574
-8.87114,50,366.313085
-12.571903,50,366.353911
-8.610105,50,367.359555
-10.533235,50,367.397782
-14.485272,50,367.427812
-14.827086,50,367.466356
-8.08355,50,367.506095
-8.698055,50,367.547081
-12.589048,50,367.58578
-8.121114,50,367.627717
-12.830553,50,367.655411
-10.60154,50,367.691333
-13.801098,50,367.732863
-12.66142,50,367.761855
-10.183108,50,367.791675
-11.289078,50,367.823233
-11.794651,50,367.849141
-10.66407,50,367.872045
-8.549845,50,367.894738
-8.497124,50,367.916387
-10.863463,50,367.944374
-12.446223,50,367.972236
-16.430372,50,367.995414
-15.016291,50,368.018102
-10.049012,50,368.052811
-14.511822,50,368.075396
-9.081183,50,368.098483
-12.087359,50,368.125945
-11.220048,50,368.15139
-14.56772,50,368.176162
-12.582215,50,368.200325
-8.477463,50,368.245733
-11.247057,50,368.278715
-9.367084,50,368.316325
-9.509837,50,368.357418
-13.264333,50,368.398692
-11.008028,50,368.440065
-8.590784,50,368.480595
-11.184545,50,368.519982
-10.428447,50,368.553466
-15.044477,50,368.579133
-10.990676,50,368.610353
-12.735216,50,368.642894
-8.61429,50,369.258704
-12.87429,50,369.284525
-8.955236,50,369.31534
-9.268439,50,369.341387
-7.872384,50,369.378324
-10.084742,50,369.420237
-10.637584,50,369.457732
-10.833096,50,369.498436
-9.310381,50,369.534691
-8.270343,50,369.571246
-8.426447,50,369.60332
-8.847435,50,369.631121
-11.512863,50,369.660654
-8.71961,50,369.689012
-11.783957,50,369.717155
-11.274667,50,369.744961
-13.787072,50,369.773624
-13.06033,50,369.818012
-11.440606,50,369.849197
-8.240202,50,369.886202
-8.504175,50,369.915927
-9.348637,50,369.937545
-9.903533,50,369.957942
-14.164558,50,369.98156
-12.586693,50,370.016641
-11.148367,50,370.046181
-12.672777,50,370.075711
-10.313377,50,370.109139
-10.523377,50,370.140604
-12.47385,50,370.166981
-10.964167,50,370.199402
-14.17635,50,370.224591
-9.998072,50,370.247303
-10.660628,50,370.27454
-11.197485,50,370.308591
-13.271894,50,370.333637
-8.336193,50,370.369679
-10.416464,50,370.410285
-13.339009,50,370.450344
-9.560164,50,370.488621
-13.008577,50,370.529218
-14.616579,50,371.39666
-12.683127,50,371.435083
-9.677154,50,371.476516
-13.644301,50,371.516102
-7.942657,50,371.557145
-9.125797,50,371.595345
-10.644,50,371.636067
-12.149618,50,371.673494
-8.609614,50,371.711137
-11.341305,50,371.753254
-10.232811,50,371.790241
-11.471299,50,371.831872
-9.804083,50,371.872921
-8.51904,50,371.911217
-11.051122,50,371.939201
-9.534548,50,371.963714
-11.637995,50,372.000894
-12.305562,50,372.038918
-10.135478,50,372.071346
-12.081241,50,372.093651
-9.291904,50,372.133439
-11.940057,50,372.170351
-12.88222,50,372.200064
-9.538879,50,372.224034
-9.165306,50,372.254651
-15.657763,50,372.284311
-11.553446,50,372.313538
-9.671932,50,372.34058
-10.033533,50,372.380382
-10.399367,50,372.421497
-9.922312,50,372.458919
-13.432429,50,372.496401
-11.018684,50,372.53806
-12.163876,50,372.575994
-12.874392,50,372.609324
-9.761298,50,372.650208
-14.652467,50,372.692541
-10.893145,50,372.7315
-11.397573,50,372.768841
-13.20819,50,372.795612
-11.452738,50,373.7851
-16.852113,50,373.822304
-13.268124,50,373.862298
-14.178741,50,373.901605
-10.607393,50,373.938335
-11.454308,50,373.974871
-15.035927,50,374.015605
-11.243871,50,374.056236
-13.384019,50,374.097475
-8.753057,50,374.134893
-9.852632,50,374.166841
-14.827093,50,374.205394
-12.227123,50,374.232136
-13.963575,50,374.268281
-15.260133,50,374.3074
-8.925638,50,374.347095
-9.610758,50,374.380737
-12.251157,50,374.420426
-11.056633,50,374.442262
-10.448541,50,374.481712
-9.067888,50,374.506389
-9.520867,50,374.528351
-7.519887,50,374.564191
-9.671416,50,374.588274
-11.60577,50,374.609674
-12.096643,50,374.647221
-12.870387,50,374.689063
-16.120779,50,374.726679
-7.999631,50,374.766039
-8.935703,50,374.798237
-8.851304,50,374.836405
-9.249802,50,374.87684
-12.862549,50,374.916894
-10.227033,50,374.957958
-12.494966,50,374.999973
-15.262698,50,375.041743
-12.037385,50,375.079908
-7.798759,50,375.115321
-10.315327,50,375.146392
-8.847726,50,375.181391
-8.941374,50,375.219474
-13.261971,50,375.907945
-8.487884,50,375.947393
-8.462495,50,375.988138
-9.853743,50,376.029306
-10.500608,50,376.069386
-12.799439,50,376.108023
-12.179292,50,376.147888
-13.740299,50,376.184171
-12.832315,50,376.223809
-12.112787,50,376.263044
-9.199922,50,376.297249
-13.648166,50,376.327419
-11.648425,50,376.361979
-8.978697,50,376.394206
-14.969652,50,376.431512
-8.639188,50,376.464306
-11.764023,50,376.490442
-8.61378,50,376.530261
-9.467663,50,376.563616
-12.753518,50,376.598928
-8.315887,50,376.63247
-9.371186,50,376.65809
-12.606717,50,376.680857
-9.87023,50,376.709701
-8.306706,50,376.732796
-8.990519,50,376.755894
-9.013787,50,376.7938
-13.92558,50,376.815505
-10.298525,50,376.852522
-11.704783,50,376.88697
-9.694261,50,376.928697
-13.033672,50,376.96847
-9.212135,50,377.00752
-7.828361,50,377.048468
-10.206465,50,377.084394
-11.66719,50,377.127398
-8.673684,50,377.168138
-15.544455,50,377.20715
-12.904119,50,377.249223
-9.279491,50,377.289484
-10.673419,50,377.325702
-8.79206,50,378.026705
-13.725024,50,378.066931
-8.637553,50,378.106441
-12.852198,50,378.150901
-12.573147,50,378.191285
-8.694931,50,378.230624
-10.336339,50,378.272212
-9.855913,50,378.313098
-12.493231,50,378.353291
-11.099156,50,378.390771
-7.707478,50,378.431247
-11.195351,50,378.471849
-9.021133,50,378.506912
-9.392935,50,378.543643
-9.955343,50,378.578279
-16.59467,50,378.616464
-12.458438,50,378.65202
-13.338545,50,378.691859
-8.850898,50,378.718025
-11.011818,50,378.749402
-9.063813,50,378.774349
-10.589527,50,378.809355
-13.640919,50,378.836324
-13.314768,50,378.866081
-8.090124,50,378.888982
-11.809322,50,378.928092
-10.386661,50,378.967166
-8.547296,50,378.996003
-13.563849,50,379.030338
-9.252587,50,379.069739
-14.212529,50,379.111051
-11.952417,50,379.149777
-11.316158,50,379.188796
-12.290613,50,379.227414
-9.196178,50,379.271756
-10.880863,50,379.31034
-8.490074,50,379.349451
-10.728952,50,379.38703
-12.331646,50,379.428752
-8.406284,50,379.462258
-13.341199,50,379.485485
-13.579036,50,380.226707
-8.877153,50,380.264474
-8.59601,50,380.306768
-9.430955,50,380.342336
-12.785884,50,380.379426
-9.856294,50,380.419266
-9.543169,50,380.460823
-9.007729,50,380.493102
-10.823492,50,380.529192
-9.007032,50,380.567558
-9.259794,50,380.595966
-9.00976,50,380.62536
-14.604713,50,380.665481
-9.623171,50,380.702658
-11.217517,50,380.736528
-8.445674,50,380.762435
-9.845446,50,380.791839
-11.321052,50,380.814288
-11.908041,50,380.840765
-11.362851,50,380.87347
-11.351831,50,380.909183
-11.231159,50,380.947188
-12.367297,50,380.989644
-12.063384,50,381.020249
-14.906332,50,381.058712
-14.086743,50,381.098771
-10.03889,50,381.126748
-12.251046,50,381.169287
-9.113573,50,381.207304
-14.706215,50,381.247941
-14.834466,50,381.287036
-8.119342,50,381.330076
-11.980552,50,381.366409
-9.328625,50,381.404196
-9.286027,50,381.444877
-8.085211,50,381.483352
-12.178158,50,381.514486
-9.09484,50,381.548319
-11.458866,50,381.576123
-10.621516,50,381.613369
-9.414963,50,381.64227
-9.269154,50,382.365794
-10.7251,50,382.390076
-11.278469,50,382.413844
-8.287849,50,382.438936
-12.190554,50,382.479725
-10.909538,50,382.519876
-10.336953,50,382.559247
-14.900615,50,382.599192
-11.235107,50,382.637059
-9.656336,50,382.668489
-15.276451,50,382.703606
-8.804729,50,382.743118
-15.596105,50,382.77125
-11.65211,50,382.802476
-13.415876,50,382.838686
-11.881101,50,382.865543
-8.870954,50,382.893813
-8.649718,50,382.923525
-15.225441,50,382.95224
-9.394557,50,382.995666
-12.703379,50,383.020983
-12.246047,50,383.048972
-14.078801,50,383.081388
-10.44535,50,383.123049
-11.801412,50,383.160967
-14.439803,50,383.199259
-16.091679,50,383.226075
-12.587223,50,383.262166
-14.646525,50,383.295753
-8.959781,50,383.321999
-14.5924,50,383.355299
-9.436225,50,383.395279
-12.234809,50,383.432913
-12.402003,50,383.473423
-8.360503,50,383.510952
-13.360652,50,383.550436
-9.685978,50,383.583166
-11.449369,50,383.615026
-11.266255,50,383.655921
-13.194789,50,383.680085
-11.068175,50,383.717238
-12.974795,50,384.452765
-13.779265,50,384.490497
-13.974417,50,384.529013
-13.757313,50,384.568734
-7.64542,50,384.607527
-10.725478,50,384.643176
-11.44989,50,384.682337
-10.691789,50,384.713953
-8.493332,50,384.735443
-10.944595,50,384.774028
-11.167198,50,384.810553
-9.192663,50,384.85127
-9.256216,50,384.891678
-12.015974,50,384.931053
-9.268834,50,384.964818
-9.335661,50,384.994059
-9.069638,50,385.021738
-13.03824,50,385.053791
-15.568747,50,385.076421
-13.789013,50,385.09673
-12.08962,50,385.125145
-11.911164,50,385.147805
-12.530246,50,385.17986
-16.387903,50,385.202322
-11.752099,50,385.228249
-9.532174,50,385.250666
-9.646699,50,385.272626
-11.154673,50,385.302934
-11.189693,50,385.34592
-11.257345,50,385.382681
-14.731015,50,385.41514
-11.213481,50,385.452907
-13.582286,50,385.494068
-9.856502,50,385.532821
-12.776813,50,385.572236
-8.811939,50,385.609917
-12.375791,50,385.651618
-9.140229,50,385.693652
-11.707431,50,385.733377
-9.325491,50,385.775031
-16.566767,50,385.810404
-9.537412,50,386.544541
-10.563145,50,386.580897
-9.29105,50,386.618074
-8.015463,50,386.66065
-9.823601,50,386.699938
-8.927946,50,386.739051
-13.778606,50,386.779382
-8.836868,50,386.821802
-15.624259,50,386.859392
-14.113963,50,386.896136
-13.110936,50,386.923215
-15.887769,50,386.959054
-8.567966,50,386.993809
-11.368342,50,387.03067
-9.354214,50,387.059522
-9.389602,50,387.092391
-9.485785,50,387.135119
-13.418263,50,387.161794
-11.491118,50,387.198317
-11.644152,50,387.23182
-14.049311,50,387.264224
-13.583256,50,387.302065
-10.507013,50,387.334827
-11.303833,50,387.372147
-13.400292,50,387.402143
-12.517911,50,387.435479
-11.222535,50,387.472768
-8.985261,50,387.499646
-10.29001,50,387.536699
-9.38819,50,387.570312
-8.240845,50,387.610255
-14.560664,50,387.642988
-9.674998,50,387.683693
-13.05522,50,387.718499
-9.11329,50,387.757604
-8.742254,50,387.788508
-11.587027,50,387.818038
-12.890452,50,387.846505
-8.16971,50,387.88619
-12.848794,50,387.920462
-16.424997,50,387.952742
-14.967328,50,388.613811
-12.198046,50,388.652385
-13.824496,50,388.690452
-10.066903,50,388.730138
-9.482465,50,388.767017
-14.563886,50,388.812279
-11.827325,50,388.850073
-11.026829,50,388.890635
-9.095895,50,388.919135
-11.258871,50,388.95203
-12.39139,50,388.991549
-13.36257,50,389.027256
-9.473063,50,389.065154
-10.262732,50,389.101682
-9.149076,50,389.135972
-15.396448,50,389.167339
-13.161089,50,389.187699
-10.452901,50,389.231607
-15.740334,50,389.268433
-8.31283,50,389.302301
-9.192591,50,389.336249
-12.341534,50,389.372122
-9.588107,50,389.406516
-13.590234,50,389.440349
-11.952593,50,389.478498
-8.34902,50,389.522039
-12.07918,50,389.552961
-12.147009,50,389.581328
-11.043989,50,389.608915
-9.545936,50,389.646314
-10.495152,50,389.69059
-10.903823,50,389.727183
-9.517862,50,389.768128
-10.214446,50,389.801234
-9.323671,50,389.836457
-13.04022,50,389.865506
-7.862266,50,389.903589
-10.909631,50,389.936665
-14.439825,50,389.964921
-10.936205,50,390.00111
-11.346472,50,390.028109
