#{"t_start": 1765911605.7470694, "env_id": "Reacher-v4"}
r,l,t
-65.997063,50,0.037156
-57.165722,50,0.060547
-58.114111,50,0.083512
-55.178495,50,0.106
-55.791729,50,0.127683
-65.498818,50,0.150159
-59.593301,50,0.171725
-55.468714,50,0.193116
-59.490766,50,0.213521
-64.455029,50,0.233368
-62.071998,50,0.258051
-67.948426,50,0.282756
-69.151375,50,0.307428
-58.497317,50,0.342195
-59.835621,50,0.374911
-61.667568,50,0.404993
-67.232653,50,0.434008
-67.765562,50,0.466986
-52.268551,50,0.504248
-61.867729,50,0.532307
-51.387249,50,0.56178
-53.672474,50,0.598336
-60.542893,50,0.620525
-61.607006,50,0.648502
-64.66312,50,0.681228
-74.688326,50,0.711615
-69.196073,50,0.746367
-61.115081,50,0.784158
-64.770615,50,0.816393
-59.504292,50,0.840712
-70.785048,50,0.878104
-58.146389,50,0.9137
-64.522519,50,0.935644
-54.571898,50,0.957906
-59.140374,50,0.980359
-74.364788,50,1.002724
-63.273375,50,1.025202
-71.368868,50,1.054953
-57.021779,50,1.096606
-57.681021,50,1.131378
-58.682866,50,1.922383
-60.551612,50,1.958863
-57.732163,50,1.996702
-63.925716,50,2.035646
-60.729207,50,2.076675
-60.24344,50,2.115604
-54.642341,50,2.153809
-64.291518,50,2.183176
-64.821114,50,2.213881
-57.724184,50,2.248717
-69.870182,50,2.274099
-64.17616,50,2.310196
-57.116275,50,2.347029
-64.289381,50,2.382741
-58.365173,50,2.413002
-66.176529,50,2.448542
-55.069434,50,2.484934
-63.465641,50,2.522667
-61.2481,50,2.550273
-60.376626,50,2.577576
-60.61496,50,2.603978
-60.63778,50,2.625142
-60.371992,50,2.666226
-61.391922,50,2.705827
-66.528855,50,2.749441
-57.127979,50,2.789569
-61.61183,50,2.821752
-60.062865,50,2.850404
-57.572468,50,2.890433
-66.319724,50,2.917357
-57.80764,50,2.959088
-59.621262,50,3.000763
-58.917225,50,3.038198
-64.65307,50,3.077455
-60.325069,50,3.11744
-57.98812,50,3.15564
-57.616871,50,3.193895
-65.986456,50,3.231799
-61.47034,50,3.268857
-63.642595,50,3.305501
-55.458608,50,3.340106
-56.022655,50,4.090468
-65.833658,50,4.128169
-46.191316,50,4.170139
-61.949238,50,4.209032
-61.803731,50,4.247412
-49.788683,50,4.287488
-53.503673,50,4.326442
-62.464473,50,4.363386
-61.914725,50,4.401941
-63.24648,50,4.443093
-62.039147,50,4.478771
-62.827454,50,4.517306
-55.793841,50,4.55894
-63.002179,50,4.589329
-61.358563,50,4.632054
-56.264295,50,4.670664
-61.628814,50,4.701612
-62.338946,50,4.735164
-55.695139,50,4.760495
-56.208094,50,4.790735
-49.834401,50,4.834151
-63.736983,50,4.870541
-66.966933,50,4.908568
-55.540735,50,4.94813
-64.746269,50,4.985622
-60.110926,50,5.011643
-60.398698,50,5.041199
-58.276644,50,5.074741
-61.715124,50,5.117678
-56.390259,50,5.154884
-65.430776,50,5.192903
-65.078191,50,5.226318
-48.737546,50,5.264735
-60.409492,50,5.291065
-63.381646,50,5.330331
-65.474989,50,5.362792
-55.823766,50,5.394704
-59.955056,50,5.430061
-64.084231,50,5.455802
-61.138777,50,5.47807
-54.449753,50,5.503
-57.904488,50,6.342604
-48.691956,50,6.383976
-60.049003,50,6.423783
-60.981046,50,6.461704
-57.109702,50,6.499708
-58.948188,50,6.540407
-56.861855,50,6.576726
-64.612637,50,6.614014
-52.179946,50,6.651544
-60.126115,50,6.690918
-51.599267,50,6.726581
-54.831055,50,6.762516
-52.993388,50,6.789726
-67.066648,50,6.828103
-62.357512,50,6.856424
-57.472868,50,6.897601
-55.613214,50,6.93626
-50.563089,50,6.977945
-48.371037,50,7.00406
-51.394531,50,7.029553
-57.315017,50,7.067995
-47.762569,50,7.112737
-57.498504,50,7.149176
-57.584042,50,7.17672
-52.266087,50,7.206768
-59.659906,50,7.230385
-53.520216,50,7.26251
-61.561232,50,7.284544
-52.606622,50,7.313989
-68.368656,50,7.345937
-57.923343,50,7.38361
-51.704069,50,7.422077
-59.916646,50,7.464375
-55.600781,50,7.49228
-61.538951,50,7.517495
-59.091341,50,7.540935
-52.434443,50,7.576864
-58.680265,50,7.607951
-63.767848,50,7.635366
-47.584079,50,7.665002
-67.453867,50,7.691513
-58.314974,50,8.534265
-51.083815,50,8.56177
-57.444289,50,8.601717
-46.961427,50,8.634571
-51.039828,50,8.677075
-59.23726,50,8.717074
-49.434869,50,8.755601
-47.238217,50,8.795321
-52.980109,50,8.834919
-49.210555,50,8.870503
-49.715331,50,8.909431
-57.171275,50,8.949754
-46.19189,50,8.988839
-50.771526,50,9.02116
-57.344812,50,9.045475
-58.020669,50,9.068925
-56.902541,50,9.111584
-54.471764,50,9.147711
-48.9523,50,9.182257
-49.24902,50,9.215695
-52.589554,50,9.250341
-53.575964,50,9.286092
-58.289946,50,9.318054
-53.381722,50,9.349056
-48.339567,50,9.389557
-52.364741,50,9.425845
-55.436937,50,9.458601
-55.516176,50,9.482836
-52.088035,50,9.52029
-48.687256,50,9.563036
-52.843794,50,9.604017
-52.247311,50,9.638998
-47.230906,50,9.681462
-55.889863,50,9.71782
-62.414678,50,9.75859
-58.244609,50,9.796577
-50.648729,50,9.837197
-46.702434,50,9.871382
-58.132555,50,9.905669
-54.177657,50,9.936727
-54.074931,50,9.968153
-59.548965,50,10.925853
-45.882696,50,10.962076
-56.312427,50,11.002539
-52.01917,50,11.042737
-52.638076,50,11.084036
-61.753262,50,11.120306
-51.441674,50,11.158807
-52.053394,50,11.196587
-49.744987,50,11.238611
-57.645374,50,11.274814
-61.401767,50,11.306543
-51.089598,50,11.33781
-50.339016,50,11.373334
-51.557217,50,11.401402
-49.761893,50,11.429644
-54.245882,50,11.462936
-50.271564,50,11.496171
-56.597891,50,11.520103
-51.225598,50,11.545163
-50.005005,50,11.572892
-43.443076,50,11.601617
-53.057136,50,11.637076
-50.239749,50,11.663881
-49.461678,50,11.691794
-49.862573,50,11.721164
-46.219372,50,11.757212
-58.282211,50,11.789075
-48.757342,50,11.817551
-56.308723,50,11.857208
-45.191148,50,11.888996
-49.918996,50,11.911666
-53.369628,50,11.953187
-48.222138,50,11.992002
-52.48052,50,12.031121
-59.126477,50,12.065792
-53.84074,50,12.10345
-52.775617,50,12.142025
-52.531735,50,12.18053
-54.415742,50,12.218577
-51.659243,50,12.254756
-51.73615,50,12.296494
-47.905755,50,13.031226
-49.763306,50,13.068664
-48.967686,50,13.101841
-45.287259,50,13.139959
-49.753178,50,13.180288
-39.840541,50,13.219347
-50.105726,50,13.259231
-44.462681,50,13.289798
-47.912341,50,13.331974
-49.993027,50,13.370147
-42.621412,50,13.408822
-49.111842,50,13.448541
-49.002152,50,13.485717
-61.730092,50,13.517883
-45.759143,50,13.547439
-50.461686,50,13.577835
-54.343764,50,13.611666
-55.487827,50,13.636599
-49.688133,50,13.664676
-50.400323,50,13.698614
-53.334698,50,13.731626
-56.199686,50,13.767843
-53.871917,50,13.790153
-58.446487,50,13.828857
-49.62132,50,13.855849
-57.892829,50,13.891242
-50.623969,50,13.924894
-51.911818,50,13.964053
-47.180883,50,13.987937
-48.388997,50,14.010078
-44.080363,50,14.043466
-56.103913,50,14.082878
-46.911244,50,14.124789
-45.749597,50,14.1655
-42.350355,50,14.205114
-50.575266,50,14.244572
-47.451831,50,14.282429
-44.748781,50,14.323205
-42.954015,50,14.363791
-52.180142,50,14.389892
-51.026809,50,14.430725
-43.457137,50,15.127467
-52.167743,50,15.167545
-43.213213,50,15.207506
-37.632911,50,15.249547
-53.298483,50,15.289292
-46.004761,50,15.327472
-49.434703,50,15.36028
-44.573303,50,15.400784
-43.416694,50,15.434408
-50.228231,50,15.469667
-48.946764,50,15.509463
-49.442537,50,15.550483
-47.666787,50,15.586073
-46.000181,50,15.616424
-51.222058,50,15.656934
-51.940528,50,15.683105
-38.788046,50,15.71608
-47.511666,50,15.743145
-46.78595,50,15.763511
-59.133051,50,15.785167
-53.618413,50,15.817541
-50.704816,50,15.840758
-50.336792,50,15.86085
-49.066939,50,15.882909
-45.839009,50,15.906781
-48.032955,50,15.929898
-57.311327,50,15.974966
-46.240031,50,16.012694
-46.157601,50,16.046711
-48.154968,50,16.071781
-58.427619,50,16.094774
-50.263846,50,16.115584
-39.574102,50,16.141172
-55.556918,50,16.16509
-50.569454,50,16.202759
-54.349957,50,16.241796
-50.554969,50,16.281872
-45.456761,50,16.321855
-55.017181,50,16.35834
-52.117166,50,16.387307
-46.956478,50,16.410434
-44.872571,50,17.099576
-48.154144,50,17.133275
-53.025988,50,17.1689
-48.452613,50,17.210726
-43.839482,50,17.251163
-45.052149,50,17.290885
-47.71088,50,17.329235
-48.998209,50,17.366671
-45.041967,50,17.407211
-49.65048,50,17.447821
-46.314665,50,17.48618
-46.277306,50,17.525018
-49.648042,50,17.567028
-49.024758,50,17.605772
-48.91003,50,17.633334
-41.076954,50,17.661231
-34.744929,50,17.688699
-45.204039,50,17.715941
-47.983471,50,17.745538
-50.957077,50,17.765478
-47.065281,50,17.789782
-39.782077,50,17.825558
-44.618978,50,17.850949
-47.221179,50,17.891717
-52.272347,50,17.919807
-48.404885,50,17.943047
-43.374517,50,17.964658
-50.425594,50,17.989458
-44.672871,50,18.014441
-51.069968,50,18.038067
-52.329069,50,18.061747
-40.909072,50,18.085009
-49.826052,50,18.105565
-45.840574,50,18.131808
-52.172496,50,18.15545
-42.409159,50,18.179118
-46.685209,50,18.202906
-46.577458,50,18.239597
-44.563626,50,18.269283
-52.780728,50,18.292983
-52.10607,50,18.325393
-47.238384,50,19.290512
-43.136022,50,19.331559
-42.048446,50,19.369557
-46.155657,50,19.409754
-56.636746,50,19.442802
-49.411765,50,19.478688
-40.035479,50,19.511538
-48.677735,50,19.548391
-54.266565,50,19.582359
-50.787737,50,19.610405
-40.373784,50,19.64375
-51.193145,50,19.667738
-44.889398,50,19.695108
-49.133455,50,19.721579
-45.558823,50,19.747258
-42.568612,50,19.773131
-52.231314,50,19.799708
-46.524045,50,19.830075
-44.983151,50,19.863464
-46.273693,50,19.897699
-43.438932,50,19.934598
-44.351092,50,19.973375
-44.430451,50,20.004726
-53.41468,50,20.04016
-43.025418,50,20.078531
-46.296631,50,20.110955
-49.682906,50,20.142727
-40.637093,50,20.180452
-43.756592,50,20.220441
-41.138812,50,20.259243
-40.954243,50,20.293112
-47.798374,50,20.325114
-28.922864,50,20.354624
-43.419518,50,20.397765
-45.896356,50,20.435442
-42.538405,50,20.470481
-38.141559,50,20.495868
-41.027044,50,20.531627
-50.651863,50,20.563196
-40.372864,50,20.601341
-43.063658,50,20.639839
-44.578586,50,21.593137
-37.704303,50,21.63322
-42.506468,50,21.668508
-36.944149,50,21.705487
-36.845084,50,21.747431
-35.421498,50,21.785858
-41.65512,50,21.821033
-41.318841,50,21.852526
-41.448146,50,21.882675
-43.592705,50,21.913989
-39.868286,50,21.951509
-38.299678,50,21.985412
-48.520751,50,22.016233
-42.457041,50,22.056797
-47.466956,50,22.086965
-41.030167,50,22.109322
-40.144573,50,22.153213
-44.490669,50,22.196891
-42.075119,50,22.233232
-55.42655,50,22.271042
-38.717071,50,22.311476
-46.418872,50,22.336364
-34.913399,50,22.374544
-43.386316,50,22.396112
-41.376335,50,22.443007
-40.831388,50,22.481944
-45.047642,50,22.511605
-46.35853,50,22.532424
-43.758857,50,22.553894
-41.923724,50,22.580032
-42.834963,50,22.624899
-44.018365,50,22.6509
-46.497983,50,22.693006
-39.65868,50,22.735524
-48.546198,50,22.771704
-42.690474,50,22.807431
-43.60836,50,22.841031
-39.439643,50,22.869199
-42.575235,50,22.893946
-46.565363,50,22.92365
-40.810409,50,22.958841
-38.843019,50,23.942327
-36.365974,50,23.981537
-43.865771,50,24.019081
-44.638952,50,24.058666
-41.710259,50,24.096057
-36.9064,50,24.135761
-39.80405,50,24.177029
-43.350635,50,24.21575
-40.368613,50,24.255756
-41.94771,50,24.289943
-40.140244,50,24.322834
-43.030104,50,24.349358
-43.151363,50,24.371826
-34.292411,50,24.393292
-44.782442,50,24.41908
-38.484753,50,24.460549
-39.327063,50,24.484697
-42.221029,50,24.51964
-40.274945,50,24.552047
-39.080456,50,24.577936
-41.540265,50,24.613475
-46.160976,50,24.655571
-33.718691,50,24.696607
-34.338254,50,24.737067
-47.738585,50,24.772285
-42.126997,50,24.812358
-40.419353,50,24.850615
-42.227937,50,24.893646
-36.652186,50,24.932846
-41.98587,50,24.974927
-36.331155,50,25.005551
-40.628757,50,25.037171
-39.716536,50,25.076658
-48.222545,50,25.109235
-33.897483,50,25.142497
-50.358947,50,25.175788
-40.934008,50,25.20198
-40.20033,50,25.228562
-46.03058,50,25.251709
-39.873921,50,25.296345
-40.4947,50,25.334366
-43.119312,50,26.345552
-41.366881,50,26.385444
-40.279508,50,26.424154
-42.823532,50,26.461642
-40.015146,50,26.502705
-45.583671,50,26.542476
-43.12259,50,26.581788
-42.622149,50,26.621487
-37.225414,50,26.659228
-37.276235,50,26.700037
-43.001837,50,26.739326
-32.881463,50,26.776987
-46.267148,50,26.811145
-33.011231,50,26.842312
-37.547466,50,26.867058
-41.824185,50,26.895004
-48.163861,50,26.92077
-41.853038,50,26.950966
-40.476986,50,26.9824
-45.904769,50,27.011967
-42.248643,50,27.035326
-46.70281,50,27.070721
-42.044854,50,27.111785
-42.123934,50,27.147398
-39.451004,50,27.180504
-36.929218,50,27.218185
-41.236212,50,27.246436
-34.884762,50,27.277266
-36.272927,50,27.304578
-37.170425,50,27.348433
-46.744398,50,27.390504
-41.460444,50,27.431013
-42.66697,50,27.472289
-50.491963,50,27.501061
-42.199851,50,27.527224
-36.631887,50,27.550943
-40.710982,50,27.579785
-34.418905,50,27.6067
-39.943324,50,27.650703
-38.485233,50,27.68014
-43.732424,50,27.714841
-37.221251,50,28.68757
-32.641511,50,28.726704
-38.118759,50,28.767539
-33.166476,50,28.804652
-39.693441,50,28.843632
-36.467453,50,28.885989
-40.703407,50,28.92464
-38.771347,50,28.958945
-36.25721,50,28.999352
-37.282004,50,29.03436
-32.352091,50,29.066644
-37.624746,50,29.102645
-46.939467,50,29.136115
-38.732589,50,29.165914
-42.85645,50,29.204781
-34.590526,50,29.230007
-38.350808,50,29.260028
-40.697047,50,29.29682
-41.088397,50,29.323846
-42.141745,50,29.357686
-37.377056,50,29.402914
-38.877289,50,29.441427
-37.719475,50,29.481878
-35.440216,50,29.507637
-38.656259,50,29.534362
-30.420851,50,29.574533
-33.911085,50,29.600744
-39.177954,50,29.62264
-41.340068,50,29.646414
-39.270672,50,29.684015
-38.165804,50,29.728239
-32.503543,50,29.764858
-30.513386,50,29.804901
-38.495478,50,29.845884
-36.808206,50,29.88578
-39.372978,50,29.91024
-43.332551,50,29.936406
-39.456213,50,29.966893
-35.65215,50,30.001523
-30.468388,50,30.036254
-36.442794,50,30.066802
-39.479511,50,30.706468
-37.545595,50,30.744591
-40.322519,50,30.787995
-34.128729,50,30.825496
-31.642431,50,30.865854
-36.621683,50,30.905723
-31.734838,50,30.943051
-36.278677,50,30.98271
-35.20059,50,31.007983
-38.303066,50,31.043679
-31.594141,50,31.074831
-40.692078,50,31.106668
-36.015001,50,31.134818
-32.790967,50,31.167381
-34.677412,50,31.195805
-29.657327,50,31.228117
-33.961851,50,31.260897
-38.568947,50,31.294596
-37.087582,50,31.321449
-28.503712,50,31.349829
-32.041189,50,31.391449
-44.477633,50,31.42847
-35.75347,50,31.459615
-39.734162,50,31.493535
-30.043616,50,31.527192
-32.780101,50,31.553581
-41.477114,50,31.585608
-38.036734,50,31.627252
-36.44871,50,31.666981
-31.244431,50,31.695889
-34.939576,50,31.733836
-35.240027,50,31.757784
-33.394331,50,31.783883
-37.47835,50,31.806509
-39.820746,50,31.841569
-38.224017,50,31.872803
-35.727187,50,31.898829
-34.310362,50,31.934617
-35.524966,50,31.968576
-32.957088,50,31.996457
-36.418409,50,32.033664
-35.949091,50,32.706396
-38.822145,50,32.726468
-35.569313,50,32.747264
-33.26268,50,32.768313
-34.926256,50,32.80306
-31.696367,50,32.843572
-31.841729,50,32.88319
-32.500097,50,32.919125
-42.034417,50,32.962828
-37.129482,50,32.993211
-35.111038,50,33.031051
-29.813612,50,33.060821
-35.405215,50,33.103241
-33.459086,50,33.140137
-33.711497,50,33.173912
-35.928767,50,33.219088
-36.447643,50,33.254474
-36.908491,50,33.292668
-30.374086,50,33.321783
-32.414564,50,33.346368
-38.228814,50,33.368941
-32.247067,50,33.393269
-37.44143,50,33.415924
-32.816087,50,33.438355
-40.182001,50,33.464654
-34.67102,50,33.50513
-29.369613,50,33.546341
-33.927003,50,33.585689
-38.245902,50,33.630837
-35.880797,50,33.67289
-28.627438,50,33.712439
-33.687124,50,33.753654
-32.690648,50,33.792618
-33.11007,50,33.835168
-30.959305,50,33.874297
-35.390348,50,33.901206
-32.242532,50,33.943478
-35.295635,50,33.976645
-30.991827,50,34.00556
-37.62487,50,34.030892
-33.424994,50,34.069773
-38.361694,50,34.763014
-33.433041,50,34.805825
-30.868749,50,34.844976
-30.071816,50,34.886543
-35.161934,50,34.92307
-34.223645,50,34.964603
-35.571015,50,35.005037
-30.308201,50,35.040997
-32.642072,50,35.076638
-35.488163,50,35.113838
-28.70781,50,35.144215
-36.430903,50,35.172487
-32.061784,50,35.203159
-25.837804,50,35.242109
-33.149915,50,35.281575
-28.261817,50,35.322992
-30.236996,50,35.361757
-34.690799,50,35.397426
-30.869537,50,35.421738
-28.073172,50,35.458518
-31.672216,50,35.495489
-32.558103,50,35.535382
-28.87212,50,35.575593
-31.785534,50,35.612992
-33.94885,50,35.641983
-27.027308,50,35.681219
-32.37156,50,35.708596
-29.542565,50,35.736907
-36.416189,50,35.772887
-28.97272,50,35.812857
-38.113216,50,35.853981
-34.780526,50,35.890471
-34.883906,50,35.918564
-31.053224,50,35.952656
-30.089047,50,35.991872
-33.176123,50,36.030556
-30.20432,50,36.055599
-32.155258,50,36.086224
-30.436195,50,36.114987
-27.537905,50,36.157449
-32.32842,50,36.197245
-28.638336,50,36.927683
-26.872396,50,36.968196
-32.812591,50,37.008598
-25.786216,50,37.048086
-35.094218,50,37.087744
-36.666794,50,37.123851
-26.076196,50,37.153633
-25.204999,50,37.191369
-29.890423,50,37.222124
-31.71957,50,37.250974
-28.663568,50,37.28172
-30.839696,50,37.312635
-29.294082,50,37.340999
-29.856217,50,37.379238
-29.426191,50,37.408015
-36.117348,50,37.435745
-33.770247,50,37.470726
-27.391017,50,37.493124
-25.010318,50,37.520678
-26.161489,50,37.548578
-30.128092,50,37.594089
-31.976336,50,37.624083
-37.570235,50,37.649008
-30.953244,50,37.672764
-29.450574,50,37.696549
-31.986535,50,37.729182
-30.996884,50,37.763634
-29.972391,50,37.800724
-33.490641,50,37.83308
-32.799087,50,37.870236
-41.529277,50,37.910473
-28.763988,50,37.952821
-26.384612,50,37.991022
-27.401608,50,38.030305
-29.822724,50,38.058174
-28.420805,50,38.098835
-36.78966,50,38.130783
-32.009329,50,38.16577
-31.108812,50,38.189878
-35.264247,50,38.214102
-28.665606,50,38.256054
-32.855411,50,38.890583
-34.27185,50,38.929882
-25.878296,50,38.971459
-31.968394,50,39.011835
-24.286046,50,39.049011
-32.393094,50,39.090507
-30.769287,50,39.130819
-32.819802,50,39.172588
-31.157703,50,39.21078
-24.615912,50,39.252655
-27.010818,50,39.290215
-27.867912,50,39.328355
-30.135845,50,39.366544
-32.549246,50,39.405901
-26.85866,50,39.441423
-27.214759,50,39.476702
-30.123365,50,39.514412
-22.198991,50,39.548642
-32.076568,50,39.584284
-26.964395,50,39.60839
-34.206483,50,39.631224
-24.831141,50,39.657503
-27.941627,50,39.696988
-32.90343,50,39.732133
-24.397592,50,39.76842
-24.750251,50,39.802099
-27.93344,50,39.840023
-29.644949,50,39.879653
-25.352911,50,39.904858
-25.905144,50,39.94709
-26.398238,50,39.988327
-33.024276,50,40.025626
-29.610769,50,40.063818
-31.57286,50,40.100796
-22.411085,50,40.144126
-35.299346,50,40.184402
-27.074417,50,40.221431
-24.722731,50,40.262133
-31.508741,50,40.296805
-33.879788,50,40.324569
-29.67655,50,40.350113
-30.167385,50,41.02739
-22.639009,50,41.06685
-25.380775,50,41.107188
-30.976863,50,41.145791
-24.662288,50,41.188774
-28.45799,50,41.224782
-29.876083,50,41.267082
-25.922398,50,41.309256
-26.028872,50,41.339744
-24.613536,50,41.374229
-22.31595,50,41.404399
-29.648761,50,41.447232
-29.164002,50,41.474789
-28.581965,50,41.505512
-26.196677,50,41.544842
-27.662009,50,41.584375
-34.269812,50,41.623743
-23.47108,50,41.65889
-25.069681,50,41.686789
-26.825811,50,41.709946
-26.111034,50,41.73987
-28.577658,50,41.768502
-21.829491,50,41.804979
-28.512223,50,41.825049
-28.902439,50,41.845213
-19.99268,50,41.879032
-28.625268,50,41.90217
-32.688533,50,41.922047
-26.077722,50,41.941956
-22.448298,50,41.977978
-32.305933,50,41.998341
-24.972466,50,42.039954
-24.783995,50,42.082337
-27.429075,50,42.124788
-30.278481,50,42.166683
-31.426021,50,42.193088
-21.500864,50,42.232172
-28.275657,50,42.254477
-24.57986,50,42.278627
-33.493189,50,42.318532
-29.838208,50,42.360675
-26.727806,50,43.051694
-24.283937,50,43.092574
-27.296346,50,43.134084
-26.603834,50,43.173661
-22.914651,50,43.213755
-29.384827,50,43.253464
-28.927345,50,43.28843
-27.715984,50,43.32892
-26.235208,50,43.368526
-30.797999,50,43.40987
-27.189202,50,43.446191
-25.159328,50,43.483311
-25.697148,50,43.518474
-25.43137,50,43.552748
-22.367386,50,43.588645
-25.743304,50,43.615727
-27.994468,50,43.649117
-22.453432,50,43.685734
-30.430011,50,43.713524
-25.538311,50,43.735626
-20.957992,50,43.761734
-30.884558,50,43.798079
-23.12323,50,43.836896
-28.610815,50,43.862264
-24.564003,50,43.900114
-26.743405,50,43.933618
-23.815568,50,43.958914
-22.025488,50,43.98345
-23.491514,50,44.008225
-28.98466,50,44.042349
-28.770676,50,44.082217
-22.648911,50,44.122902
-26.579774,50,44.161979
-21.512168,50,44.20043
-25.813413,50,44.241488
-25.98857,50,44.265688
-26.049155,50,44.29734
-29.43194,50,44.331729
-27.767612,50,44.371538
-21.613925,50,44.402271
-25.286411,50,44.430725
-25.752717,50,45.078034
-25.243276,50,45.120128
-27.759008,50,45.160431
-21.862092,50,45.200421
-28.1138,50,45.240901
-28.979137,50,45.28373
-20.461835,50,45.319654
-22.017095,50,45.357252
-24.978896,50,45.394333
-26.501668,50,45.428092
-29.830747,50,45.453317
-23.377176,50,45.491637
-26.078442,50,45.528684
-24.191489,50,45.558259
-28.812654,50,45.590555
-28.872416,50,45.6196
-21.828669,50,45.660407
-27.729206,50,45.698671
-23.003243,50,45.734928
-23.44458,50,45.766773
-30.418845,50,45.791612
-28.436372,50,45.828536
-26.435994,50,45.86296
-27.534774,50,45.889749
-24.402393,50,45.917902
-22.83278,50,45.949532
-26.58294,50,45.978497
-23.958875,50,46.009127
-22.965643,50,46.038358
-24.666615,50,46.078049
-21.15341,50,46.118796
-22.254739,50,46.158309
-25.877135,50,46.197248
-24.219828,50,46.238281
-24.991508,50,46.276257
-26.223561,50,46.315116
-26.609655,50,46.353505
-27.352818,50,46.396125
-24.97296,50,46.428929
-20.818418,50,46.457549
-26.632672,50,46.487914
-19.481848,50,47.143726
-20.949093,50,47.179359
-25.462285,50,47.220108
-23.655044,50,47.2567
-20.426057,50,47.295693
-22.739892,50,47.330077
-23.071396,50,47.371727
-18.71705,50,47.406551
-27.323493,50,47.443363
-24.379526,50,47.477443
-24.108707,50,47.518486
-25.785355,50,47.551538
-21.976063,50,47.594441
-27.653339,50,47.620551
-23.374121,50,47.653604
-22.77251,50,47.682043
-21.592041,50,47.71624
-27.204129,50,47.748007
-25.436861,50,47.770815
-25.014713,50,47.804721
-20.949797,50,47.83638
-19.38272,50,47.875752
-23.693243,50,47.90863
-26.40973,50,47.939389
-25.064135,50,47.966109
-28.526194,50,47.996765
-22.737346,50,48.028734
-22.809098,50,48.05773
-26.796589,50,48.093767
-26.343201,50,48.12775
-28.582241,50,48.169449
-20.891281,50,48.207082
-22.441151,50,48.24717
-18.702456,50,48.288707
-18.486577,50,48.326738
-24.459317,50,48.365311
-20.699933,50,48.40386
-32.209894,50,48.440059
-22.853683,50,48.474601
-21.445014,50,48.506889
-24.323665,50,48.531301
-22.257309,50,49.445192
-19.598713,50,49.487799
-24.377691,50,49.524708
-21.820067,50,49.566638
-29.112569,50,49.604757
-23.963976,50,49.648528
-17.990704,50,49.68923
-20.790934,50,49.725087
-25.527906,50,49.764326
-15.891125,50,49.804227
-16.856349,50,49.842804
-20.024952,50,49.883523
-21.314644,50,49.924284
-22.880892,50,49.965708
-18.797152,50,50.000498
-23.583684,50,50.033262
-26.071449,50,50.072243
-21.211985,50,50.111608
-19.26217,50,50.147752
-18.320424,50,50.187654
-16.234373,50,50.221542
-21.108746,50,50.247805
-21.123305,50,50.284643
-21.580096,50,50.318306
-22.853236,50,50.348647
-23.990266,50,50.373561
-18.107525,50,50.397451
-20.622373,50,50.422318
-21.320643,50,50.464685
-26.121367,50,50.500271
-14.999126,50,50.53542
-18.914045,50,50.577423
-19.037001,50,50.608656
-19.24923,50,50.649626
-25.161992,50,50.686478
-17.319732,50,50.726809
-24.329414,50,50.765081
-25.876267,50,50.80276
-18.802644,50,50.845196
-21.558287,50,50.881154
-24.029422,50,50.915449
-23.271719,50,51.885798
-22.253396,50,51.925665
-17.830752,50,51.963281
-21.892606,50,51.995922
-14.542516,50,52.024139
-19.931996,50,52.057464
-22.079904,50,52.082338
-17.127157,50,52.105317
-23.132454,50,52.133958
-21.935301,50,52.160671
-17.383453,50,52.193208
-18.298394,50,52.233381
-21.207652,50,52.264397
-22.019068,50,52.301314
-23.862269,50,52.336452
-23.39114,50,52.374299
-18.955728,50,52.404696
-27.497113,50,52.440104
-16.434627,50,52.472542
-17.611585,50,52.500333
-21.51988,50,52.542748
-22.501876,50,52.578858
-19.30026,50,52.613402
-21.046028,50,52.64924
-21.899098,50,52.686096
-23.019231,50,52.708661
-16.495721,50,52.733432
-17.177994,50,52.756616
-16.832469,50,52.778836
-16.035124,50,52.808486
-18.837708,50,52.834641
-23.341022,50,52.873475
-26.027182,50,52.910723
-23.640081,50,52.942973
-22.896177,50,52.975917
-22.041828,50,53.004861
-16.452044,50,53.036458
-21.083591,50,53.06519
-22.025952,50,53.087405
-24.693426,50,53.12719
-24.698206,50,53.163609
-15.517648,50,54.04665
-20.682309,50,54.084743
-17.480257,50,54.123805
-14.813013,50,54.16258
-23.453719,50,54.201696
-13.155458,50,54.241519
-18.144638,50,54.279891
-19.870843,50,54.306606
-21.853219,50,54.343803
-21.150042,50,54.378998
-21.3568,50,54.41091
-18.345325,50,54.446365
-14.454457,50,54.478512
-17.023223,50,54.515823
-17.768748,50,54.547608
-14.378965,50,54.586441
-17.916276,50,54.625685
-13.888669,50,54.651689
-18.371612,50,54.691689
-20.919824,50,54.733942
-22.906709,50,54.756684
-16.756182,50,54.793523
-24.728105,50,54.82039
-23.827741,50,54.852221
-13.036778,50,54.88434
-22.774707,50,54.921868
-17.451316,50,54.946239
-23.279319,50,54.973623
-18.184874,50,55.006112
-19.16318,50,55.049131
-20.611216,50,55.090028
-18.429401,50,55.129919
-22.625016,50,55.171444
-18.211703,50,55.203881
-15.293647,50,55.236617
-16.562386,50,55.274337
-16.515688,50,55.311718
-19.411521,50,55.345155
-22.989787,50,55.384716
-22.978824,50,55.413936
-23.098566,50,56.083357
-24.47115,50,56.123712
-15.098187,50,56.162428
-19.754936,50,56.203523
-14.805411,50,56.243533
-16.10452,50,56.283807
-23.798986,50,56.325515
-23.487802,50,56.363215
-22.799949,50,56.403228
-20.223402,50,56.443347
-21.104167,50,56.480234
-20.253343,50,56.520317
-23.000955,50,56.556645
-16.417971,50,56.596541
-21.359994,50,56.636243
-19.634942,50,56.677949
-15.69923,50,56.703327
-18.5392,50,56.728828
-17.064378,50,56.766951
-21.057267,50,56.805907
-17.157956,50,56.837646
-21.540216,50,56.864296
-22.164792,50,56.888322
-21.850133,50,56.930389
-17.850335,50,56.955667
-19.585137,50,56.977946
-16.641146,50,56.999863
-17.122296,50,57.042897
-22.857514,50,57.075995
-21.961373,50,57.119985
-23.091048,50,57.159838
-19.062886,50,57.198786
-22.397582,50,57.239291
-19.009265,50,57.281758
-14.590692,50,57.316423
-16.775214,50,57.353735
-18.991045,50,57.384576
-17.04876,50,57.425329
-16.85959,50,57.451209
-15.20921,50,57.483704
-17.345198,50,57.51142
-18.408706,50,58.26976
-19.46726,50,58.309088
-19.760493,50,58.343264
-20.951107,50,58.384762
-12.421984,50,58.424524
-17.477469,50,58.463687
-15.484406,50,58.503145
-24.894846,50,58.541455
-18.791685,50,58.57055
-21.509905,50,58.601673
-17.100111,50,58.635778
-22.81887,50,58.673388
-20.00128,50,58.705614
-18.251112,50,58.739801
-20.292992,50,58.762459
-23.696237,50,58.786375
-18.11461,50,58.818616
-23.376232,50,58.846858
-16.241163,50,58.874769
-14.976638,50,58.910347
-16.809707,50,58.940697
-18.842747,50,58.970678
-17.899191,50,58.999453
-20.514665,50,59.037796
-15.104563,50,59.069933
-13.208143,50,59.109877
-19.035875,50,59.145288
-17.633814,50,59.180387
-14.807501,50,59.219326
-17.331806,50,59.254864
-17.301577,50,59.293627
-18.584249,50,59.33478
-21.51,50,59.375599
-17.0905,50,59.414873
-20.002112,50,59.454021
-15.617071,50,59.496345
-16.90038,50,59.533268
-16.780409,50,59.570328
-14.407118,50,59.599946
-18.202407,50,59.628715
-23.140799,50,59.66323
-24.625109,50,60.373025
-19.302266,50,60.41217
-16.195922,50,60.452363
-22.020906,50,60.488482
-14.270516,50,60.530339
-17.063661,50,60.569678
-15.805406,50,60.608185
-16.963741,50,60.650649
-19.455702,50,60.687502
-15.306714,50,60.721555
-14.243485,50,60.748863
-16.772258,50,60.77607
-18.19813,50,60.80308
-17.9656,50,60.825863
-16.399312,50,60.848552
-18.369296,50,60.87079
-18.963131,50,60.893551
-19.298467,50,60.918162
-21.52913,50,60.945565
-17.644998,50,60.979565
-13.427335,50,61.003538
-15.202012,50,61.033263
-20.202609,50,61.061974
-20.319847,50,61.088435
-17.669488,50,61.123505
-16.472256,50,61.163488
-21.397252,50,61.19478
-18.694064,50,61.217165
-13.328196,50,61.242306
-22.700844,50,61.263793
-17.925055,50,61.29392
-21.786131,50,61.323535
-17.257344,50,61.363775
-18.820963,50,61.398931
-23.531652,50,61.43988
-20.436987,50,61.480035
-15.444749,50,61.520657
-23.220734,50,61.559329
-18.857985,50,61.598518
-13.69809,50,61.634635
-19.726337,50,61.660828
-14.894973,50,62.360842
-20.082589,50,62.399724
-20.862651,50,62.439415
-21.486166,50,62.479349
-13.860487,50,62.516255
-17.888603,50,62.556465
-19.639711,50,62.594747
-21.464203,50,62.63597
-16.355181,50,62.674359
-18.454149,50,62.710701
-21.63188,50,62.751348
-15.822726,50,62.783742
-18.274232,50,62.816507
-17.88445,50,62.848099
-14.752513,50,62.885641
-15.130343,50,62.922459
-17.110625,50,62.961984
-11.346407,50,62.99052
-14.11089,50,63.033271
-13.940054,50,63.07365
-20.011262,50,63.105943
-19.455984,50,63.129235
-17.471001,50,63.154299
-15.208738,50,63.196826
-14.708217,50,63.237583
-15.056724,50,63.276389
-15.750121,50,63.318672
-14.707939,50,63.345173
-18.72712,50,63.379956
-19.301706,50,63.42133
-18.328444,50,63.461509
-16.08724,50,63.50355
-13.582254,50,63.547682
-21.895685,50,63.587591
-17.257906,50,63.62743
-16.209171,50,63.668329
-17.406898,50,63.710063
-21.407804,50,63.740865
-14.941386,50,63.775045
-15.125169,50,63.797665
-14.397683,50,63.820349
-14.172662,50,64.426019
-20.880236,50,64.46754
-11.591022,50,64.50912
-19.007205,50,64.538897
-19.849844,50,64.583094
-17.83509,50,64.617303
-18.749069,50,64.660459
-14.633217,50,64.698802
-16.912279,50,64.73843
-14.933945,50,64.780435
-18.499116,50,64.817531
-22.331442,50,64.858148
-16.521473,50,64.896578
-16.340817,50,64.932476
-19.18439,50,64.970971
-17.826589,50,65.004755
-15.514234,50,65.032041
-19.606447,50,65.066251
-14.507958,50,65.105171
-16.57694,50,65.135442
-15.825981,50,65.166213
-12.738662,50,65.192963
-21.005055,50,65.23286
-15.891338,50,65.265469
-18.118015,50,65.29863
-20.108462,50,65.335121
-17.319084,50,65.359609
-23.503389,50,65.385892
-16.859916,50,65.410222
-21.160017,50,65.445833
-13.218609,50,65.48361
-15.121363,50,65.523509
-18.917369,50,65.549849
-20.502537,50,65.57953
-14.708947,50,65.618498
-18.242907,50,65.65899
-22.241519,50,65.685915
-17.049937,50,65.728143
-14.168827,50,65.756499
-15.848366,50,65.783282
-19.159228,50,65.806326
-12.867904,50,66.629794
-19.293402,50,66.670585
-14.861156,50,66.709385
-18.217405,50,66.748906
-16.280408,50,66.785863
-12.108964,50,66.824884
-16.073812,50,66.864278
-16.271623,50,66.903074
-19.524828,50,66.944356
-16.435291,50,66.966702
-12.849106,50,67.002955
-15.707126,50,67.030955
-12.002553,50,67.053688
-16.847203,50,67.077571
-16.808836,50,67.11252
-15.846994,50,67.149386
-13.142516,50,67.177076
-12.842983,50,67.204692
-15.070659,50,67.232564
-18.970973,50,67.260679
-17.871915,50,67.293333
-12.494287,50,67.332704
-19.26912,50,67.362723
-17.601405,50,67.398668
-14.747249,50,67.425353
-20.352415,50,67.459003
-14.256092,50,67.485865
-13.147969,50,67.524482
-20.748325,50,67.555877
-10.798671,50,67.587331
-18.510025,50,67.620157
-16.823858,50,67.663244
-22.840907,50,67.70057
-18.001209,50,67.74206
-15.347867,50,67.771259
-15.673674,50,67.811346
-19.245479,50,67.84283
-12.837804,50,67.876661
-15.945245,50,67.912552
-14.349258,50,67.95089
-17.095163,50,67.987827
-18.955822,50,68.830963
-16.043381,50,68.868178
-16.265596,50,68.909827
-18.33588,50,68.946054
-12.102122,50,68.983158
-13.089605,50,69.020811
-15.910716,50,69.064299
-13.232231,50,69.105591
-16.111434,50,69.141732
-15.442924,50,69.181754
-12.803782,50,69.222426
-12.472671,50,69.259378
-21.139526,50,69.292836
-19.312812,50,69.323236
-18.274928,50,69.349073
-19.532093,50,69.376075
-11.257822,50,69.412343
-12.435368,50,69.451002
-17.570546,50,69.476465
-17.785724,50,69.502226
-14.443888,50,69.523513
-16.94159,50,69.561291
-13.157975,50,69.606181
-12.733448,50,69.63157
-14.8628,50,69.656866
-19.851473,50,69.684847
-19.073509,50,69.707764
-18.169789,50,69.732507
-18.413762,50,69.757696
-18.944861,50,69.797235
-16.02528,50,69.825872
-14.277822,50,69.868944
-11.783394,50,69.907367
-10.966621,50,69.943414
-13.271354,50,69.983427
-11.426146,50,70.02205
-17.837429,50,70.0629
-14.663425,50,70.10313
-14.022767,50,70.142412
-14.415687,50,70.183414
-14.354767,50,70.226162
-12.846364,50,71.219861
-12.721996,50,71.25894
-16.026488,50,71.298033
-19.696068,50,71.33897
-12.352196,50,71.375152
-16.326551,50,71.41407
-17.488776,50,71.455851
-18.534105,50,71.495527
-14.359052,50,71.535908
-14.632984,50,71.576877
-11.799057,50,71.615061
-17.732969,50,71.646455
-15.202616,50,71.681129
-11.195043,50,71.720223
-16.370624,50,71.74362
-11.499989,50,71.774428
-12.256975,50,71.810289
-16.150713,50,71.847742
-16.432668,50,71.881435
-13.427425,50,71.909298
-14.430562,50,71.950939
-16.531843,50,71.984465
-13.789426,50,72.01442
-18.820806,50,72.045635
-13.615856,50,72.075038
-15.611908,50,72.10197
-16.785921,50,72.128216
-15.29533,50,72.154605
-14.350047,50,72.192311
-16.942119,50,72.231856
-12.076511,50,72.27196
-15.051794,50,72.309863
-18.794481,50,72.350522
-18.760211,50,72.387202
-10.679226,50,72.413808
-10.476108,50,72.43604
-19.942511,50,72.461563
-18.70082,50,72.487962
-17.789357,50,72.523216
-14.786332,50,72.559506
-16.557569,50,72.588516
-16.638105,50,73.33363
-11.632373,50,73.368851
-13.841087,50,73.410435
-16.897738,50,73.451328
-13.165778,50,73.489839
-19.997367,50,73.529576
-13.38089,50,73.566859
-17.341949,50,73.591406
-14.390156,50,73.629671
-11.190588,50,73.670769
-13.134636,50,73.70022
-15.641478,50,73.728521
-14.321499,50,73.758507
-11.490678,50,73.785811
-12.962977,50,73.810427
-17.675296,50,73.844114
-18.816085,50,73.884323
-19.003264,50,73.923026
-10.381216,50,73.956862
-18.527784,50,73.991803
-17.618761,50,74.022785
-14.132316,50,74.045339
-13.923313,50,74.072935
-19.881497,50,74.118516
-17.580477,50,74.150931
-13.919371,50,74.18201
-13.340691,50,74.212685
-12.959908,50,74.240662
-13.515411,50,74.270837
-10.248258,50,74.297639
-15.174215,50,74.34004
-14.59606,50,74.379004
-16.115926,50,74.417912
-17.593442,50,74.458637
-17.939127,50,74.498204
-18.270103,50,74.53864
-12.98052,50,74.571339
-19.273636,50,74.59322
-13.464194,50,74.620408
-16.295757,50,74.654375
-15.25249,50,74.680197
-11.809289,50,75.33722
-10.817202,50,75.375033
-13.218955,50,75.414767
-17.384363,50,75.455729
-17.030497,50,75.49333
-11.348375,50,75.531464
-12.308474,50,75.569906
-16.713204,50,75.611546
-13.993602,50,75.64902
-15.035942,50,75.68947
-16.558296,50,75.729901
-11.836334,50,75.765533
-12.462415,50,75.807186
-15.280079,50,75.845418
-16.519755,50,75.879809
-16.393149,50,75.92124
-13.660132,50,75.950929
-14.908485,50,75.979653
-17.461452,50,76.01386
-12.248249,50,76.046526
-15.805854,50,76.08511
-17.496028,50,76.120978
-19.003526,50,76.152576
-16.576039,50,76.188938
-19.517276,50,76.217779
-12.797937,50,76.244537
-17.22296,50,76.27457
-13.3436,50,76.312288
-12.647518,50,76.339025
-18.219486,50,76.383195
-19.269074,50,76.420379
-16.296034,50,76.461777
-15.885847,50,76.501465
-16.366841,50,76.538776
-19.165008,50,76.582802
-16.439441,50,76.609257
-11.927263,50,76.6401
-13.677639,50,76.676805
-12.265056,50,76.70147
-16.807861,50,76.742362
-16.828259,50,76.773316
-17.638785,50,77.428792
-14.987873,50,77.471368
-17.646616,50,77.508764
-12.997513,50,77.549202
-18.470187,50,77.587841
-13.827985,50,77.624468
-10.697133,50,77.665592
-15.874544,50,77.703125
-16.944459,50,77.73625
-17.632667,50,77.766202
-17.726286,50,77.79609
-12.688002,50,77.820621
-12.565106,50,77.845407
-12.237138,50,77.868689
-18.764739,50,77.905211
-16.676439,50,77.94872
-17.515578,50,77.983509
-14.096082,50,78.023843
-17.595111,50,78.063195
-13.374227,50,78.08594
-17.964892,50,78.108166
-15.070724,50,78.136642
-17.574954,50,78.158923
-19.454343,50,78.186145
-12.171443,50,78.211466
-16.895459,50,78.237425
-14.888907,50,78.259423
-15.432311,50,78.288153
-11.844135,50,78.328756
-19.064817,50,78.37074
-14.811173,50,78.408043
-15.269471,50,78.446706
-14.77536,50,78.488425
-13.193094,50,78.518012
-17.8637,50,78.559175
-14.598605,50,78.598165
-18.761768,50,78.637681
-18.05453,50,78.679511
-11.092011,50,78.714409
-16.680034,50,78.755789
-16.63587,50,78.797331
-14.933376,50,79.449345
-16.630458,50,79.483698
-14.602439,50,79.525332
-13.919564,50,79.563686
-17.931096,50,79.601215
-12.725144,50,79.64307
-19.255625,50,79.681319
-18.374426,50,79.711018
-16.61943,50,79.755294
-13.829063,50,79.788192
-10.616599,50,79.812045
-13.634891,50,79.847708
-17.724829,50,79.874068
-11.650261,50,79.908444
-13.583399,50,79.944227
-11.204466,50,79.969316
-14.199313,50,80.001213
-19.21378,50,80.026774
-12.831199,50,80.051519
-18.597412,50,80.083669
-18.345691,50,80.117241
-12.520033,50,80.150171
-18.321875,50,80.180584
-12.366299,50,80.213714
-10.920349,50,80.242268
-12.412666,50,80.284799
-11.349738,50,80.319443
-13.78237,50,80.35854
-13.869634,50,80.398748
-19.299732,50,80.426805
-15.544379,50,80.467542
-19.258435,50,80.508056
-13.95936,50,80.548708
-16.996669,50,80.588302
-11.864744,50,80.62682
-16.993004,50,80.669381
-17.986676,50,80.700857
-12.753182,50,80.724986
-12.52643,50,80.747931
-18.471356,50,80.780225
-20.863732,50,80.821022
-13.967759,50,81.479737
-12.555133,50,81.519369
-19.059519,50,81.555719
-12.872985,50,81.594012
-12.889121,50,81.630347
-12.794763,50,81.669324
-11.323185,50,81.710269
-16.066158,50,81.74926
-15.953069,50,81.792867
-15.062549,50,81.831883
-15.332458,50,81.87492
-11.606899,50,81.915243
-11.212015,50,81.953665
-19.240794,50,81.995315
-11.595974,50,82.031261
-15.26323,50,82.068274
-13.233059,50,82.110392
-15.955191,50,82.137301
-19.862449,50,82.175867
-17.752528,50,82.197714
-13.285624,50,82.217861
-14.51589,50,82.25798
-17.215612,50,82.29284
-11.411796,50,82.324758
-15.358646,50,82.364181
-15.593613,50,82.402278
-17.269148,50,82.425161
-10.68265,50,82.446618
-12.677422,50,82.487904
-11.117479,50,82.529253
-11.354048,50,82.568315
-16.531253,50,82.60811
-17.095907,50,82.647812
-11.995126,50,82.686852
-15.413283,50,82.724629
-14.468117,50,82.766557
-16.513756,50,82.803611
-14.499304,50,82.838972
-17.390255,50,82.873873
-16.426248,50,82.898313
-11.403488,50,82.924803
-13.329599,50,83.752269
-15.077644,50,83.787674
-12.498161,50,83.830131
-10.466661,50,83.87398
-17.045088,50,83.910965
-13.481026,50,83.952314
-13.142355,50,83.989953
-12.603887,50,84.033441
-16.735884,50,84.074731
-11.46852,50,84.114679
-12.875874,50,84.150975
-17.141918,50,84.194218
-14.199298,50,84.234924
-16.858534,50,84.277736
-11.390773,50,84.318341
-13.257625,50,84.357299
-11.022241,50,84.399091
-15.113146,50,84.440056
-14.36382,50,84.484731
-15.587781,50,84.525982
-13.301573,50,84.567124
-16.252771,50,84.612086
-12.235293,50,84.652128
-14.266144,50,84.698793
-13.812159,50,84.730919
-11.290976,50,84.768339
-13.967667,50,84.806268
-16.744515,50,84.849034
-10.854046,50,84.890477
-12.983346,50,84.928157
-14.77512,50,84.969605
-15.551722,50,85.007845
-16.276882,50,85.050362
-14.871443,50,85.091716
-12.734577,50,85.132092
-10.548879,50,85.174053
-12.364802,50,85.207006
-18.434482,50,85.228758
-15.508704,50,85.264941
-14.56625,50,85.303411
-17.046202,50,85.337834
-11.085287,50,85.918156
-16.588195,50,85.950882
-16.56306,50,85.970951
-16.34351,50,85.990965
-10.762827,50,86.029211
-15.599091,50,86.071088
-13.259757,50,86.111368
-14.986729,50,86.152592
-16.493346,50,86.191624
-10.221353,50,86.230025
-11.870531,50,86.270741
-15.251356,50,86.310277
-13.265244,50,86.349788
-13.915788,50,86.391504
-13.51925,50,86.433933
-15.495103,50,86.474942
-11.888314,50,86.512752
-15.401765,50,86.544715
-12.340034,50,86.586677
-15.380945,50,86.612858
-15.548818,50,86.648163
-10.84807,50,86.683585
-15.866242,50,86.717232
-19.472177,50,86.750662
-11.508525,50,86.792107
-17.464306,50,86.821992
-11.022434,50,86.843289
-14.231938,50,86.876415
-14.273362,50,86.899935
-17.169905,50,86.920982
-17.8805,50,86.945302
-13.844558,50,86.973374
-14.906979,50,87.001361
-15.337568,50,87.029246
-12.785915,50,87.057152
-12.391758,50,87.096277
-17.40206,50,87.137509
-14.383747,50,87.17815
-12.219963,50,87.215587
-10.706984,50,87.25486
-16.393696,50,87.294781
-14.976052,50,87.981705
-14.496692,50,88.017348
-15.75907,50,88.056684
-13.658148,50,88.096395
-12.385825,50,88.125249
-15.277675,50,88.166285
-11.950845,50,88.204777
-11.205062,50,88.242208
-14.269205,50,88.276208
-13.787746,50,88.304945
-12.931408,50,88.334649
-12.699934,50,88.363029
-16.290295,50,88.388155
-12.166944,50,88.41523
-10.744495,50,88.454
-17.795016,50,88.480603
-15.440526,50,88.512327
-15.918863,50,88.542788
-13.492735,50,88.583517
-18.243084,50,88.618476
-11.084366,50,88.659652
-14.996712,50,88.693109
-15.809568,50,88.715349
-13.842247,50,88.744335
-13.818289,50,88.782328
-13.098129,50,88.811028
-14.561854,50,88.849447
-17.931666,50,88.878577
-11.87487,50,88.907897
-15.81872,50,88.935916
-15.211404,50,88.969644
-11.481046,50,89.011366
-12.672273,50,89.051557
-13.230559,50,89.090744
-15.011374,50,89.129679
-11.080181,50,89.167879
-11.097798,50,89.205596
-15.065624,50,89.24296
-11.255353,50,89.282235
-17.921865,50,89.321272
-16.564652,50,89.361829
-11.089527,50,90.049451
-15.135531,50,90.088229
-13.150746,50,90.125533
-11.691948,50,90.166593
-13.151434,50,90.207181
-10.405994,50,90.246521
-11.493172,50,90.284746
-14.598271,50,90.327112
-16.643394,50,90.364443
-10.741779,50,90.405569
-13.596686,50,90.434429
-10.877077,50,90.472148
-14.897586,50,90.508612
-15.771381,50,90.541635
-11.321074,50,90.57494
-15.742766,50,90.602686
-17.260215,50,90.629361
-10.375922,50,90.660588
-10.973694,50,90.697821
-12.138012,50,90.727626
-12.049822,50,90.762259
-13.65487,50,90.79478
-14.963591,50,90.830885
-14.90188,50,90.872061
-12.077992,50,90.90475
-12.940103,50,90.934394
-12.313146,50,90.967445
-13.931355,50,90.999935
-17.424653,50,91.032407
-18.049898,50,91.075391
-9.733542,50,91.111088
-11.926512,50,91.15257
-15.56254,50,91.190989
-9.691677,50,91.231747
-15.705879,50,91.262631
-17.999056,50,91.28464
-10.315984,50,91.30709
-16.692744,50,91.329543
-10.782304,50,91.352046
-10.999941,50,91.377602
-9.261897,50,91.418785
-13.854439,50,92.088683
-12.973565,50,92.12694
-12.036537,50,92.167956
-12.765968,50,92.20642
-13.855217,50,92.244744
-16.433518,50,92.283355
-12.294516,50,92.318753
-11.620589,50,92.343097
-10.500048,50,92.376832
-10.097502,50,92.401589
-12.590511,50,92.437118
-11.160607,50,92.465699
-15.938189,50,92.491108
-18.617963,50,92.519801
-12.785253,50,92.54449
-14.655846,50,92.568405
-17.183443,50,92.595668
-10.381358,50,92.616998
-13.040711,50,92.653808
-16.795331,50,92.687687
-12.128874,50,92.710228
-17.302815,50,92.732759
-17.754795,50,92.761191
-13.940089,50,92.802317
-13.191224,50,92.837703
-15.613196,50,92.867208
-14.709314,50,92.894369
-10.686023,50,92.920984
-12.190595,50,92.947209
-10.336115,50,92.976992
-13.402491,50,93.008757
-12.105101,50,93.041485
-11.140293,50,93.082382
-14.65226,50,93.124434
-9.765737,50,93.164083
-12.794701,50,93.203602
-14.395888,50,93.243689
-10.888647,50,93.276368
-9.19656,50,93.31817
-14.555355,50,93.357287
-15.864046,50,93.394419
-9.229805,50,94.102256
-10.597556,50,94.141917
-17.534625,50,94.182784
-14.78596,50,94.221676
-19.010291,50,94.264175
-10.558041,50,94.303731
-15.787054,50,94.336909
-16.572315,50,94.380324
-10.17273,50,94.413919
-13.564064,50,94.451414
-17.119783,50,94.491639
-13.838491,50,94.525549
-12.173995,50,94.553018
-16.544959,50,94.579586
-11.162237,50,94.612911
-10.236855,50,94.640062
-14.276867,50,94.667583
-13.029502,50,94.703788
-15.44968,50,94.73465
-10.94314,50,94.769329
-10.342957,50,94.812427
-10.17429,50,94.850642
-10.761091,50,94.884391
-16.801874,50,94.918339
-9.608925,50,94.940995
-9.6722,50,94.972209
-8.786734,50,95.000564
-13.354584,50,95.034085
-12.597191,50,95.06999
-11.047932,50,95.117279
-14.171101,50,95.155426
-14.098004,50,95.193896
-16.875306,50,95.220486
-17.982667,50,95.249438
-9.991285,50,95.285794
-11.473644,50,95.313949
-10.949036,50,95.335839
-13.4707,50,95.370175
-11.306944,50,95.402263
-14.202382,50,95.431128
-10.359674,50,95.46037
-14.784495,50,96.452661
-16.707649,50,96.494226
-13.673686,50,96.53395
-17.17664,50,96.565278
-14.788864,50,96.602566
-18.329115,50,96.638467
-10.080656,50,96.679616
-11.088245,50,96.719748
-16.779796,50,96.761297
-14.756149,50,96.782395
-9.854687,50,96.804602
-11.651038,50,96.836593
-10.823548,50,96.869804
-15.460192,50,96.893513
-16.413808,50,96.918175
-13.129767,50,96.942398
-17.726768,50,96.97755
-13.117079,50,97.012466
-12.561111,50,97.038646
-11.178651,50,97.069043
-13.479348,50,97.105494
-10.617473,50,97.13532
-10.153591,50,97.165718
-10.511642,50,97.199074
-10.902651,50,97.231724
-9.737957,50,97.258795
-16.698869,50,97.290815
-12.217534,50,97.321838
-9.380821,50,97.350851
-16.268833,50,97.390964
-10.649863,50,97.425918
-14.671537,50,97.464681
-10.527933,50,97.502557
-11.96977,50,97.543302
-14.889839,50,97.580071
-17.733174,50,97.620377
-9.061194,50,97.658555
-14.12591,50,97.697038
-13.478878,50,97.73574
-10.160319,50,97.775824
-12.143668,50,97.812085
-18.887037,50,98.570755
-9.520165,50,98.607801
-13.171291,50,98.649105
-14.759412,50,98.689648
-10.707127,50,98.727685
-17.036273,50,98.767184
-12.1742,50,98.808985
-15.365457,50,98.845856
-13.996548,50,98.88534
-10.061055,50,98.914847
-13.158499,50,98.940715
-17.826864,50,98.96671
-12.611543,50,98.99387
-13.37107,50,99.035441
-15.367983,50,99.067956
-18.719569,50,99.101648
-12.923699,50,99.147321
-11.731205,50,99.180888
-13.772819,50,99.216283
-14.327336,50,99.254611
-10.010264,50,99.288532
-16.832826,50,99.313802
-12.421146,50,99.342289
-15.906052,50,99.368045
-13.819369,50,99.399266
-12.964723,50,99.428524
-15.002787,50,99.467301
-11.660122,50,99.498884
-13.098049,50,99.526825
-12.830299,50,99.560453
-11.330408,50,99.600817
-18.047377,50,99.641033
-12.372344,50,99.679339
-12.150516,50,99.719753
-17.292007,50,99.751695
-9.232182,50,99.782357
-11.521189,50,99.8197
-9.593772,50,99.856016
-14.99731,50,99.883169
-16.742841,50,99.913939
-11.4816,50,99.955197
-14.659663,50,100.861108
-15.084496,50,100.902478
-17.061212,50,100.940806
-14.969256,50,100.982939
-14.511724,50,101.023746
-11.622847,50,101.063154
-14.125893,50,101.102416
-9.35013,50,101.134115
-9.767369,50,101.161513
-10.102586,50,101.195637
-17.990493,50,101.230654
-13.900699,50,101.264331
-12.092442,50,101.286705
-13.976833,50,101.313533
-8.898215,50,101.336692
-12.279123,50,101.358957
-14.090194,50,101.381867
-16.746637,50,101.404722
-13.500011,50,101.427487
-16.132516,50,101.449832
-9.56235,50,101.476139
-11.32271,50,101.506751
-9.844977,50,101.530576
-15.635757,50,101.555648
-13.32027,50,101.578621
-16.112357,50,101.605185
-10.778645,50,101.63258
-12.163493,50,101.663955
-13.926417,50,101.686587
-13.32679,50,101.71059
-11.023665,50,101.734732
-11.695725,50,101.757008
-10.010593,50,101.779774
-10.983294,50,101.802482
-14.95099,50,101.82531
-9.78302,50,101.863429
-14.692228,50,101.891499
-16.813172,50,101.934696
-8.757966,50,101.973774
-12.574385,50,102.010334
-9.370524,50,102.046395
-12.995246,50,102.946408
-10.743398,50,102.983574
-12.605489,50,103.021025
-10.656725,50,103.060686
-17.453914,50,103.096853
-10.882941,50,103.134423
-13.677535,50,103.172886
-9.863727,50,103.213594
-16.675719,50,103.256379
-14.088484,50,103.294587
-13.33292,50,103.333364
-17.549344,50,103.370574
-12.866661,50,103.397181
-13.170929,50,103.43206
-9.080548,50,103.468768
-16.133076,50,103.509353
-15.156699,50,103.544981
-10.295132,50,103.577464
-19.984176,50,103.612108
-13.648969,50,103.646941
-14.550972,50,103.680556
-16.6686,50,103.714307
-13.566897,50,103.755286
-16.867825,50,103.779781
-9.566787,50,103.816099
-10.723525,50,103.850998
-9.279743,50,103.888099
-8.389916,50,103.926225
-12.629768,50,103.954161
-15.851513,50,103.986266
-10.774417,50,104.02684
-16.59869,50,104.065326
-13.065189,50,104.106948
-11.780517,50,104.135434
-14.866147,50,104.167579
-11.139059,50,104.197631
-14.448311,50,104.225647
-13.902763,50,104.259301
-11.949316,50,104.289751
-15.083209,50,104.320827
-15.677039,50,104.357342
-12.148822,50,105.337674
-15.263939,50,105.374707
-14.17361,50,105.417286
-9.554274,50,105.457461
-13.717604,50,105.496245
-13.371793,50,105.535835
-10.562375,50,105.571681
-12.443791,50,105.601632
-12.901665,50,105.633868
-16.08302,50,105.666019
-15.691541,50,105.688384
-13.34507,50,105.709036
-10.870937,50,105.729933
-14.859433,50,105.759739
-11.532687,50,105.794956
-13.477075,50,105.818487
-14.141032,50,105.842119
-12.34527,50,105.874645
-11.435379,50,105.902747
-13.225977,50,105.928398
-10.509556,50,105.951616
-15.451738,50,105.979587
-15.211719,50,106.009081
-16.320228,50,106.036062
-10.481737,50,106.07942
-9.523646,50,106.104712
-10.426915,50,106.145887
-12.023425,50,106.18904
-10.293637,50,106.231835
-10.556637,50,106.265597
-15.833675,50,106.28808
-16.065625,50,106.311629
-13.045998,50,106.346776
-15.326617,50,106.381388
-11.328861,50,106.406457
-11.669119,50,106.434715
-9.580937,50,106.461255
-14.801922,50,106.488658
-12.944024,50,106.533169
-14.531679,50,106.569956
-10.616091,50,106.603274
-11.974996,50,107.258057
-16.731028,50,107.290813
-13.7899,50,107.322669
-15.880892,50,107.361222
-17.702974,50,107.395773
-15.920136,50,107.435216
-9.96808,50,107.465278
-11.952662,50,107.499092
-11.359761,50,107.529254
-9.542059,50,107.559746
-9.904715,50,107.60251
-13.656594,50,107.643685
-10.558654,50,107.676776
-11.141831,50,107.713844
-17.049417,50,107.75137
-10.393924,50,107.781846
-15.300094,50,107.823262
-13.829105,50,107.85846
-13.418992,50,107.894562
-13.851173,50,107.930808
-11.04039,50,107.962501
-9.901499,50,107.993525
-12.760305,50,108.029039
-16.573913,50,108.057263
-8.998166,50,108.082476
-15.08931,50,108.118928
-12.922726,50,108.154213
-10.609565,50,108.187911
-15.247355,50,108.223129
-12.322139,50,108.252133
-13.289789,50,108.289146
-11.77665,50,108.314561
-10.697436,50,108.343107
-15.916144,50,108.381471
-10.557525,50,108.421583
-14.713184,50,108.460582
-11.049947,50,108.503926
-8.796874,50,108.541924
-9.232207,50,108.564111
-12.855588,50,108.586562
-15.288603,50,109.244695
-9.366582,50,109.283125
-13.956301,50,109.319043
-9.34879,50,109.360445
-16.523668,50,109.402545
-14.887601,50,109.441569
-14.809502,50,109.482958
-10.042333,50,109.517926
-15.700624,50,109.55676
-9.008659,50,109.597297
-17.664602,50,109.623816
-14.470996,50,109.651577
-12.018534,50,109.689057
-15.559332,50,109.724715
-14.326473,50,109.758952
-16.058744,50,109.782016
-11.537002,50,109.812166
-8.530449,50,109.841886
-13.939395,50,109.874133
-15.619006,50,109.895271
-11.584767,50,109.915782
-12.343126,50,109.941235
-13.85091,50,109.970038
-12.041237,50,110.002654
-9.293587,50,110.026642
-15.680571,50,110.050068
-9.368625,50,110.0886
-13.963321,50,110.119776
-12.304099,50,110.160079
-12.465511,50,110.194016
-12.291764,50,110.216714
-9.660897,50,110.245687
-9.411477,50,110.282342
-10.04294,50,110.322137
-8.672425,50,110.364469
-12.496405,50,110.393638
-9.763107,50,110.420721
-14.222707,50,110.453467
-17.931188,50,110.480812
-9.96285,50,110.516439
-8.849062,50,110.541874
-10.122978,50,111.295761
-9.956971,50,111.328639
-10.358884,50,111.371718
-9.766306,50,111.413309
-15.391122,50,111.451903
-13.306657,50,111.495545
-10.736203,50,111.529776
-11.780845,50,111.569865
-8.635202,50,111.598008
-16.151289,50,111.62281
-16.768569,50,111.645747
-9.676915,50,111.674782
-9.443332,50,111.708315
-12.415972,50,111.735137
-18.048605,50,111.759486
-16.655407,50,111.784729
-8.573111,50,111.816669
-15.323471,50,111.841494
-13.235873,50,111.867171
-11.508892,50,111.903857
-10.231323,50,111.929459
-13.717765,50,111.955984
-9.995665,50,111.983527
-14.012307,50,112.017542
-13.822434,50,112.051835
-16.892654,50,112.083183
-11.99335,50,112.107882
-13.530899,50,112.132503
-13.016182,50,112.155171
-8.844352,50,112.184016
-15.116975,50,112.219078
-9.811506,50,112.250736
-9.214902,50,112.289707
-10.066186,50,112.313343
-9.908357,50,112.353659
-13.139101,50,112.397725
-11.362159,50,112.439566
-10.885941,50,112.47401
-9.993109,50,112.512628
-13.430137,50,112.543545
-9.001417,50,112.577906
-14.280483,50,113.406347
-10.049073,50,113.447056
-9.273433,50,113.483768
-13.563684,50,113.526487
-13.807979,50,113.564157
-11.263392,50,113.599861
-16.03101,50,113.629495
-9.882748,50,113.670801
-9.32445,50,113.70146
-8.881864,50,113.729307
-12.041301,50,113.759519
-12.266109,50,113.783896
-10.39064,50,113.817885
-10.343472,50,113.851297
-11.167406,50,113.892037
-9.563833,50,113.930786
-9.005254,50,113.959079
-16.268171,50,113.986893
-12.685626,50,114.015123
-13.232923,50,114.037822
-13.34633,50,114.066462
-15.519941,50,114.099564
-10.296504,50,114.127162
-15.720459,50,114.164766
-16.501917,50,114.19142
-14.470174,50,114.219552
-16.923402,50,114.252105
-9.781061,50,114.282737
-14.434782,50,114.322321
-10.166531,50,114.358356
-17.29195,50,114.399496
-11.800213,50,114.440236
-15.119021,50,114.479079
-15.212484,50,114.515984
-12.251491,50,114.552849
-12.444767,50,114.580291
-12.689347,50,114.605794
-15.283042,50,114.640327
-8.807812,50,114.669372
-8.978121,50,114.694373
-13.220296,50,114.732545
-16.311331,50,115.383691
-9.072827,50,115.417647
-9.410578,50,115.448397
-16.805249,50,115.491408
-13.129441,50,115.524816
-16.122863,50,115.559883
-12.201235,50,115.600976
-12.766119,50,115.639023
-13.508703,50,115.679184
-9.153657,50,115.718978
-10.085408,50,115.758647
-13.767891,50,115.794293
-8.648123,50,115.834691
-14.564272,50,115.87607
-11.004572,50,115.913725
-16.376197,50,115.952665
-9.723267,50,115.978854
-8.869629,50,116.002854
-15.264626,50,116.026465
-10.161811,50,116.051835
-13.021949,50,116.091813
-12.309885,50,116.123973
-10.986017,50,116.153727
-9.854227,50,116.178975
-9.06168,50,116.203658
-12.255426,50,116.240962
-9.250846,50,116.274115
-9.238319,50,116.304018
-13.667515,50,116.330281
-14.97928,50,116.368389
-9.248194,50,116.395667
-9.011786,50,116.441188
-11.896922,50,116.478063
-10.0856,50,116.524016
-10.155094,50,116.564286
-13.759725,50,116.604597
-9.770065,50,116.64291
-10.74919,50,116.670429
-8.325472,50,116.710243
-9.060289,50,116.734849
-10.681244,50,116.760424
-10.500409,50,117.484952
-15.222845,50,117.520083
-15.751657,50,117.564566
-11.335993,50,117.602834
-10.932051,50,117.641948
-12.379741,50,117.682544
-10.475695,50,117.721245
-13.501313,50,117.762759
-12.116884,50,117.799839
-14.481787,50,117.841235
-13.901636,50,117.877309
-13.580214,50,117.909307
-17.439113,50,117.941174
-10.018655,50,117.96847
-10.943238,50,117.994427
-9.754535,50,118.019763
-12.995421,50,118.049825
-15.822763,50,118.082815
-11.432163,50,118.107853
-8.963549,50,118.153292
-9.827319,50,118.186781
-10.521941,50,118.216295
-14.884977,50,118.246379
-11.047599,50,118.277
-14.548747,50,118.312087
-8.480138,50,118.352805
-9.880456,50,118.387919
-16.557881,50,118.416618
-10.221488,50,118.454661
-9.304362,50,118.491159
-16.38932,50,118.531704
-14.567776,50,118.573584
-12.223585,50,118.613891
-15.387517,50,118.651897
-10.652058,50,118.690364
-10.176307,50,118.727485
-13.715082,50,118.765981
-9.480829,50,118.804827
-12.701567,50,118.840014
-10.928423,50,118.878052
-15.270658,50,118.917273
-10.004048,50,119.583217
-13.166135,50,119.615717
-11.121907,50,119.639966
-14.252198,50,119.665574
-8.960158,50,119.710276
-8.72907,50,119.748781
-10.891291,50,119.789324
-10.041561,50,119.829814
-12.888664,50,119.868889
-11.965795,50,119.910775
-15.526373,50,119.946324
-15.846108,50,119.969955
-16.43672,50,120.000594
-10.468661,50,120.022638
-10.134877,50,120.044619
-10.483497,50,120.066725
-9.305486,50,120.0881
-12.112804,50,120.118989
-8.940939,50,120.14155
-14.663258,50,120.172849
-15.056629,50,120.200253
-14.802143,50,120.229917
-13.089501,50,120.268237
-10.150216,50,120.308784
-13.23704,50,120.347676
-9.009779,50,120.376264
-10.643375,50,120.409874
-11.496313,50,120.442259
-9.407174,50,120.480937
-12.137912,50,120.513712
-10.550574,50,120.543963
-9.707711,50,120.574157
-11.945644,50,120.613276
-13.636754,50,120.655652
-15.00315,50,120.69565
-13.038627,50,120.733786
-8.963507,50,120.77161
-9.709886,50,120.812677
-8.571335,50,120.850863
-17.091773,50,120.879986
-16.623654,50,120.901937
-15.918272,50,121.581937
-7.992255,50,121.62098
-10.091426,50,121.660865
-17.734963,50,121.700384
-17.309054,50,121.740091
-13.581914,50,121.771068
-9.364584,50,121.795778
-14.638053,50,121.834155
-16.15059,50,121.870399
-17.382018,50,121.89852
-9.043666,50,121.93369
-8.720761,50,121.959183
-10.487255,50,121.991797
-15.67316,50,122.024345
-17.217813,50,122.058231
-16.058735,50,122.088445
-11.614114,50,122.120603
-8.52086,50,122.156807
-16.55285,50,122.191577
-8.790347,50,122.221811
-9.766996,50,122.258429
-15.01471,50,122.280904
-9.017077,50,122.303371
-9.649697,50,122.325967
-11.327819,50,122.348796
-10.942544,50,122.386778
-16.123629,50,122.413929
-11.22445,50,122.443682
-15.088456,50,122.46556
-11.71002,50,122.494778
-11.672719,50,122.525877
-10.907411,50,122.552649
-13.631846,50,122.594282
-11.9522,50,122.625608
-15.073826,50,122.663397
-14.01221,50,122.69781
-16.026579,50,122.736118
-9.399022,50,122.770928
-16.137905,50,122.801224
-9.920577,50,122.832659
-16.21062,50,122.860789
-11.492309,50,123.416412
-9.989563,50,123.439581
-10.965177,50,123.466364
-8.685139,50,123.504779
-9.431011,50,123.545519
-12.221503,50,123.584924
-12.589944,50,123.622516
-9.296928,50,123.662751
-17.720712,50,123.703152
-14.23914,50,123.729654
-11.723962,50,123.773278
-16.601863,50,123.801445
-9.188708,50,123.826385
-9.126198,50,123.854059
-10.32557,50,123.881128
-11.16987,50,123.908072
-10.95164,50,123.93544
-15.742726,50,123.955894
-10.817795,50,123.975688
-16.817401,50,124.018983
-12.993438,50,124.056366
-10.854671,50,124.091356
-15.350765,50,124.130727
-8.372972,50,124.171234
-10.77337,50,124.20714
-8.804642,50,124.24261
-8.249376,50,124.284869
-13.735468,50,124.320263
-8.283131,50,124.3625
-11.638085,50,124.399332
-16.136002,50,124.426759
-10.207548,50,124.463308
-11.387839,50,124.497247
-10.739232,50,124.53088
-10.184691,50,124.558836
-13.549486,50,124.592304
-11.44984,50,124.614058
-14.417669,50,124.641738
-10.250944,50,124.663856
-12.211249,50,124.685216
-14.036638,50,124.7155
-8.527325,50,125.362179
-13.404771,50,125.38587
-12.132578,50,125.407312
-12.886157,50,125.428661
-11.453459,50,125.453373
-10.797317,50,125.47333
-11.721415,50,125.503073
-10.151634,50,125.526145
-11.047858,50,125.548388
-10.121459,50,125.577114
-8.903638,50,125.600981
-13.066687,50,125.634783
-11.213864,50,125.671613
-13.427956,50,125.710795
-9.037708,50,125.752626
-11.786483,50,125.792495
-10.229063,50,125.823161
-8.483024,50,125.846973
-14.916731,50,125.887948
-8.221116,50,125.916241
-8.078662,50,125.948828
-9.024401,50,125.976426
-8.509829,50,126.004215
-15.026629,50,126.031562
-11.260072,50,126.060191
-13.81845,50,126.091035
-17.20112,50,126.119017
-9.247748,50,126.145941
-13.757288,50,126.172983
-10.362059,50,126.195741
-10.468809,50,126.219683
-16.455698,50,126.2638
-14.761678,50,126.286619
-12.244024,50,126.308059
-9.663257,50,126.333359
-14.193322,50,126.359592
-12.52003,50,126.382261
-12.248715,50,126.40268
-13.618531,50,126.444419
-11.410751,50,126.484729
-13.702573,50,126.525317
-8.782611,50,127.210923
-9.187052,50,127.239242
-11.39147,50,127.264247
-11.174998,50,127.28474
-14.079183,50,127.308666
-12.39854,50,127.335558
-11.787442,50,127.372501
-12.449524,50,127.399095
-15.472603,50,127.425577
-11.587619,50,127.44807
-9.173919,50,127.472961
-8.333113,50,127.497489
-12.61392,50,127.522387
-8.761482,50,127.551694
-13.451765,50,127.572679
-13.266314,50,127.593944
-11.786042,50,127.618291
-13.655167,50,127.642521
-8.452417,50,127.671327
-8.44299,50,127.691122
-9.990898,50,127.710869
-11.975193,50,127.732473
-12.532892,50,127.764102
-15.546197,50,127.794278
-8.073355,50,127.823767
-12.550087,50,127.861668
-10.035906,50,127.889343
-8.591422,50,127.910017
-11.689303,50,127.93952
-10.667375,50,127.974374
-14.214347,50,127.995285
-9.486582,50,128.019905
-12.258924,50,128.05167
-8.696115,50,128.075209
-13.676717,50,128.097397
-8.398176,50,128.118968
-16.13618,50,128.142551
-14.755487,50,128.183393
-9.439528,50,128.208052
-14.682966,50,128.248931
-11.306177,50,128.285072
-8.227551,50,129.014903
-8.179532,50,129.048873
-8.806826,50,129.07685
-15.101946,50,129.104048
-9.397626,50,129.131415
-16.630902,50,129.157369
-10.297354,50,129.182468
-14.043252,50,129.209593
-11.636895,50,129.238309
-14.144782,50,129.26905
-13.586729,50,129.294374
-10.964583,50,129.3203
-9.128756,50,129.347006
-14.488844,50,129.373876
-8.961962,50,129.398481
-9.638086,50,129.424133
-12.983768,50,129.458382
-10.008492,50,129.481979
-16.721983,50,129.502688
-12.290473,50,129.530138
-12.371312,50,129.559566
-12.898812,50,129.588734
-9.63193,50,129.631156
-8.91048,50,129.663675
-9.808784,50,129.693751
-12.866426,50,129.718468
-17.889465,50,129.749964
-8.806872,50,129.786735
-12.822354,50,129.822067
-13.346011,50,129.855161
-12.514578,50,129.89251
-13.345121,50,129.91783
-15.837625,50,129.945688
-12.547715,50,129.987238
-13.98599,50,130.026275
-9.863393,50,130.066772
-15.820006,50,130.105192
-13.748408,50,130.144939
-12.438769,50,130.171066
-9.258577,50,130.207154
-11.283609,50,130.241791
-10.07371,50,130.941508
-13.298497,50,130.979983
-11.942967,50,131.009404
-15.276285,50,131.036556
-12.153166,50,131.061597
-10.52966,50,131.094992
-8.950754,50,131.133447
-12.11072,50,131.172686
-11.752109,50,131.213141
-8.903715,50,131.247855
-10.71364,50,131.285678
-16.130439,50,131.324664
-9.061267,50,131.361585
-14.905234,50,131.394106
-8.479084,50,131.434139
-8.942374,50,131.468697
-15.444975,50,131.511686
-10.652975,50,131.549721
-9.585851,50,131.589619
-9.949192,50,131.633198
-15.610162,50,131.663754
-13.076757,50,131.699259
-12.575895,50,131.721999
-9.125145,50,131.75136
-8.442528,50,131.778055
-17.231142,50,131.812498
-12.268268,50,131.833898
-12.278327,50,131.874822
-11.958858,50,131.909104
-10.748075,50,131.940368
-10.87101,50,131.970739
-10.506843,50,131.993275
-17.4758,50,132.016971
-9.446773,50,132.042787
-11.900627,50,132.079286
-13.930099,50,132.104046
-11.03687,50,132.126772
-11.958525,50,132.154534
-9.686558,50,132.177791
-11.39104,50,132.199363
-10.442018,50,132.222133
-10.468751,50,132.882652
-14.070119,50,132.920388
-9.541584,50,132.953574
-14.389796,50,132.982905
-9.588114,50,133.017939
-9.858312,50,133.041752
-9.786984,50,133.083225
-17.191778,50,133.11851
-13.287629,50,133.153563
-9.090037,50,133.188731
-11.455241,50,133.218196
-8.75307,50,133.26183
-17.497221,50,133.297614
-8.711071,50,133.338692
-10.948909,50,133.378553
-13.030875,50,133.415903
-13.525061,50,133.447269
-11.00024,50,133.481991
-10.188339,50,133.51864
-11.847559,50,133.553443
-16.074161,50,133.586943
-13.182604,50,133.624773
-10.913549,50,133.64954
-9.428909,50,133.674725
-9.062591,50,133.709322
-12.55137,50,133.734355
-11.30804,50,133.771032
-9.481824,50,133.811835
-14.00539,50,133.850487
-12.176344,50,133.887213
-8.07527,50,133.929709
-11.507972,50,133.955911
-11.188397,50,133.991816
-12.791757,50,134.028376
-10.189201,50,134.060075
-8.777762,50,134.085116
-8.452435,50,134.10751
-9.766189,50,134.130346
-11.64957,50,134.153172
-9.638274,50,134.181965
-10.804003,50,134.206935
-9.258143,50,134.816829
-10.237451,50,134.853178
-14.294999,50,134.889222
-8.9584,50,134.927825
-12.460456,50,134.969227
-9.70613,50,135.005651
-9.008276,50,135.044179
-11.70926,50,135.073322
-8.887957,50,135.103397
-9.566604,50,135.125766
-13.078023,50,135.162486
-15.443692,50,135.199671
-15.677162,50,135.239881
-11.730434,50,135.279754
-9.530567,50,135.319797
-10.792792,50,135.359455
-15.445236,50,135.40145
-10.69525,50,135.440347
-15.180178,50,135.480182
-11.619384,50,135.518291
-7.890935,50,135.558113
-10.220684,50,135.598425
-12.51061,50,135.62887
-9.356101,50,135.658003
-9.269321,50,135.68306
-15.640465,50,135.718795
-10.32757,50,135.751266
-10.921826,50,135.778295
-10.400112,50,135.806799
-13.109589,50,135.836663
-12.212605,50,135.878146
-8.057165,50,135.909679
-12.838107,50,135.944647
-14.827558,50,135.980517
-12.337326,50,136.015145
-11.011273,50,136.039007
-9.763954,50,136.072988
-10.485462,50,136.101619
-12.433506,50,136.131806
-11.597108,50,136.170516
-12.934787,50,136.20014
-15.4337,50,136.886065
-10.606822,50,136.919275
-9.988403,50,136.956368
-10.662519,50,136.998606
-9.423056,50,137.04056
-9.974541,50,137.07571
-14.567536,50,137.11782
-12.935169,50,137.146474
-16.307547,50,137.174987
-10.389984,50,137.213525
-10.625324,50,137.249264
-8.16642,50,137.277442
-8.87591,50,137.302183
-12.46652,50,137.324831
-11.602869,50,137.348734
-11.004575,50,137.385191
-8.438401,50,137.412563
-11.193237,50,137.439006
-13.011422,50,137.465087
-16.510515,50,137.488899
-11.359698,50,137.513198
-15.181748,50,137.552266
-10.181827,50,137.574751
-13.579096,50,137.597866
-8.505084,50,137.625661
-8.827137,50,137.664934
-16.608328,50,137.69141
-13.721219,50,137.725024
-10.061837,50,137.754941
-10.116641,50,137.791444
-9.558642,50,137.819165
-8.947494,50,137.849195
-12.173485,50,137.880834
-15.500603,50,137.920289
-13.736405,50,137.961452
-9.396347,50,137.998779
-12.888278,50,138.040773
-11.689257,50,138.076146
-12.174712,50,138.109403
-9.268332,50,138.137767
-15.223197,50,138.173592
-11.307586,50,138.838711
-9.830293,50,138.873994
-9.209803,50,138.916868
-13.439282,50,138.960223
-13.584892,50,138.999349
-11.022154,50,139.042009
-8.713736,50,139.07986
-9.716954,50,139.119192
-9.076274,50,139.152487
-13.12118,50,139.193905
-8.949129,50,139.232161
-14.611432,50,139.271272
-9.35116,50,139.298328
-14.846475,50,139.329691
-13.140473,50,139.362616
-11.506208,50,139.398272
-13.197904,50,139.427959
-11.773787,50,139.455737
-13.712277,50,139.484163
-14.920758,50,139.512669
-15.029806,50,139.539761
-14.707413,50,139.572065
-17.124533,50,139.601663
-9.821715,50,139.630703
-10.447496,50,139.666966
-12.93945,50,139.70332
-11.694034,50,139.731996
-14.365794,50,139.75777
-14.635228,50,139.798227
-9.802288,50,139.833816
-15.261091,50,139.857435
-13.672397,50,139.902304
-8.656611,50,139.942408
-9.600032,50,139.98164
-12.064029,50,140.022598
-11.813257,50,140.058258
-9.105679,50,140.098787
-10.176693,50,140.132735
-9.1923,50,140.167446
-13.126273,50,140.191788
-10.310387,50,140.218879
-15.896815,50,140.922579
-8.187426,50,140.963614
-13.551099,50,141.004193
-10.621855,50,141.042916
-8.095567,50,141.082632
-13.044556,50,141.122466
-9.942007,50,141.154355
-10.465097,50,141.196272
-10.172883,50,141.232902
-10.534523,50,141.268476
-10.497435,50,141.3001
-8.393301,50,141.327724
-9.263036,50,141.355513
-8.308643,50,141.386297
-12.23229,50,141.418816
-14.857727,50,141.448701
-16.685183,50,141.477069
-11.420974,50,141.502109
-9.835738,50,141.543598
-10.146692,50,141.58248
-15.138915,50,141.612595
-14.544642,50,141.642478
-15.095426,50,141.678843
-11.648578,50,141.703482
-9.400991,50,141.729357
-11.857792,50,141.772579
-10.291,50,141.80619
-9.445656,50,141.841144
-8.940953,50,141.880654
-8.733407,50,141.913994
-9.040641,50,141.957352
-13.713098,50,141.990871
-9.189125,50,142.035779
-13.981687,50,142.080371
-14.802778,50,142.102679
-11.256884,50,142.139358
-8.25188,50,142.165585
-12.085888,50,142.207213
-9.740292,50,142.247339
-15.125582,50,142.287254
-17.259043,50,142.323775
-13.531163,50,143.02481
-9.128294,50,143.062567
-8.048752,50,143.101265
-10.312611,50,143.142506
-13.250986,50,143.179967
-10.379964,50,143.219597
-15.684031,50,143.259574
-10.71465,50,143.300227
-9.007286,50,143.338133
-10.520603,50,143.371246
-8.780199,50,143.406289
-14.445695,50,143.441785
-12.942321,50,143.471237
-8.679099,50,143.502639
-14.120613,50,143.536661
-11.696345,50,143.571524
-11.39851,50,143.605709
-8.46297,50,143.644902
-9.698509,50,143.675381
-10.710221,50,143.70177
-9.942396,50,143.734814
-10.825074,50,143.761081
-12.581253,50,143.79227
-10.64424,50,143.82929
-9.307418,50,143.865687
-13.166533,50,143.90693
-9.970961,50,143.947346
-15.605704,50,143.982101
-12.72654,50,144.023282
-12.702316,50,144.061707
-8.70017,50,144.097584
-9.662409,50,144.135841
-9.52304,50,144.17964
-9.177895,50,144.219554
-7.924045,50,144.252358
-13.615561,50,144.28071
-9.662347,50,144.307854
-12.5916,50,144.336508
-12.3336,50,144.35881
-9.719425,50,144.380229
-10.890812,50,144.404036
-12.150739,50,145.081546
-13.246552,50,145.112216
-8.317183,50,145.144686
-8.524816,50,145.174088
-10.479392,50,145.215205
-12.518319,50,145.25242
-11.913755,50,145.290224
-11.277547,50,145.329323
-11.715443,50,145.360554
-14.899415,50,145.400014
-9.44599,50,145.431549
-10.772988,50,145.460815
-11.74223,50,145.501264
-10.365986,50,145.528084
-12.816241,50,145.55348
-9.534501,50,145.58677
-9.183582,50,145.619028
-9.715781,50,145.64234
-11.67001,50,145.671163
-15.248638,50,145.711453
-11.17463,50,145.74958
-14.012528,50,145.785053
-13.536889,50,145.825556
-9.360197,50,145.85732
-13.964152,50,145.892365
-10.384679,50,145.930972
-12.505512,50,145.957805
-10.841247,50,145.982072
-9.696405,50,146.024631
-9.860562,50,146.061556
-15.949733,50,146.090709
-9.499769,50,146.12622
-11.259223,50,146.148915
-10.970072,50,146.178366
-12.202601,50,146.219991
-12.135433,50,146.246961
-11.630247,50,146.287923
-10.789448,50,146.326918
-9.744023,50,146.359299
-16.467567,50,146.39327
-8.612121,50,146.430367
-10.592687,50,147.146611
-11.191193,50,147.186646
-9.354635,50,147.220782
-12.72802,50,147.262468
-12.196815,50,147.301479
-10.517655,50,147.34122
-8.820478,50,147.379501
-13.76177,50,147.419508
-11.193544,50,147.45846
-12.04132,50,147.496969
-11.226379,50,147.535791
-8.340732,50,147.569686
-10.942588,50,147.595306
-12.979481,50,147.636367
-11.724259,50,147.674793
-12.142917,50,147.705127
-8.004013,50,147.741899
-14.920093,50,147.765966
-12.080893,50,147.8034
-10.164173,50,147.838273
-10.962759,50,147.868436
-13.48275,50,147.895247
-8.646331,50,147.924846
-13.010753,50,147.95342
-9.911358,50,147.995774
-13.362559,50,148.034712
-16.240591,50,148.06043
-12.081995,50,148.086224
-17.879098,50,148.109038
-13.001587,50,148.150055
-8.060551,50,148.191818
-9.29336,50,148.227633
-14.696217,50,148.271976
-10.907061,50,148.309004
-9.214937,50,148.329164
-10.589171,50,148.352696
-13.708307,50,148.394855
-9.020332,50,148.431816
-11.597757,50,148.467165
-11.240521,50,148.502222
-13.206925,50,148.533559
-8.982184,50,149.156547
-10.431603,50,149.194593
-11.531919,50,149.232636
-11.106011,50,149.268567
-11.211563,50,149.309224
-8.489072,50,149.34837
-14.016288,50,149.384405
-9.073796,50,149.421645
-11.553952,50,149.458853
-11.597936,50,149.498408
-8.967124,50,149.525755
-8.676942,50,149.552914
-12.083086,50,149.598107
-9.698222,50,149.634887
-15.219855,50,149.66917
-9.207249,50,149.699245
-14.882875,50,149.730568
-10.125092,50,149.759745
-14.096077,50,149.800672
-8.267917,50,149.843792
-12.823084,50,149.885688
-10.92166,50,149.916201
-14.966044,50,149.952828
-11.431536,50,149.985407
-10.406155,50,150.00758
-14.928814,50,150.038927
-10.397341,50,150.072884
-13.509355,50,150.110644
-10.718499,50,150.150272
-10.070204,50,150.185076
-9.265755,50,150.211116
-11.397126,50,150.247156
-13.46885,50,150.292585
-9.501163,50,150.332509
-12.412839,50,150.372398
-15.442803,50,150.409283
-14.554118,50,150.449539
-9.846928,50,150.474249
-9.289285,50,150.499175
-8.527035,50,150.529768
-9.797924,50,150.559712
-11.106514,50,151.252502
-12.034493,50,151.289859
-10.671734,50,151.328735
-9.332048,50,151.367431
-8.882959,50,151.403646
-9.50893,50,151.445623
-16.436262,50,151.483772
-12.133625,50,151.519902
-8.389727,50,151.55915
-7.930559,50,151.598669
-13.137661,50,151.638143
-10.130757,50,151.67742
-9.624429,50,151.71359
-8.63587,50,151.744697
-12.839974,50,151.78996
-12.504499,50,151.826562
-13.692283,50,151.86243
-10.270982,50,151.896657
-10.29949,50,151.930367
-12.226478,50,151.962845
-10.794677,50,151.984485
-9.852139,50,152.023715
-14.193434,50,152.064822
-8.936516,50,152.102642
-11.834262,50,152.134558
-9.767115,50,152.156995
-9.973839,50,152.194529
-8.879682,50,152.227056
-8.880645,50,152.271656
-13.379515,50,152.311178
-10.558266,50,152.350636
-11.075458,50,152.391443
-9.193102,50,152.426549
-11.968564,50,152.459339
-13.126021,50,152.487092
-9.87906,50,152.520982
-11.435349,50,152.54536
-8.777586,50,152.570984
-15.758231,50,152.597117
-9.329793,50,152.637935
-8.886946,50,152.673547
-11.792985,50,153.426805
-12.313841,50,153.467789
-9.212096,50,153.506464
-8.331394,50,153.54414
-9.371562,50,153.583777
-10.205556,50,153.622879
-9.43624,50,153.66383
-7.542726,50,153.703618
-12.392047,50,153.741746
-9.485418,50,153.782761
-7.994517,50,153.825543
-9.011281,50,153.855053
-16.75947,50,153.888558
-8.796002,50,153.917397
-9.127344,50,153.953379
-9.193618,50,153.986395
-8.789007,50,154.02448
-13.709439,50,154.058352
-8.394963,50,154.090465
-9.4472,50,154.120691
-9.943485,50,154.150503
-11.910032,50,154.183926
-8.830641,50,154.217536
-7.857389,50,154.256594
-15.733055,50,154.288859
-11.182702,50,154.325671
-18.507891,50,154.360609
-13.924893,50,154.395978
-8.452591,50,154.437544
-8.090234,50,154.476003
-8.188895,50,154.516102
-13.390122,50,154.556175
-16.995847,50,154.597146
-9.919867,50,154.635882
-14.281669,50,154.67443
-9.724456,50,154.714628
-9.405458,50,154.750365
-11.285433,50,154.784749
-16.58085,50,154.816315
-12.829029,50,154.850239
-8.613934,50,154.887485
-11.898236,50,155.572417
-9.885746,50,155.613085
-8.455354,50,155.647435
-15.993931,50,155.686485
-8.965723,50,155.726655
-13.292268,50,155.767596
-14.468823,50,155.807704
-13.222024,50,155.848211
-11.217255,50,155.886178
-8.836593,50,155.912996
-12.675547,50,155.939199
-10.361187,50,155.972096
-13.951849,50,156.008025
-11.042553,50,156.039171
-9.436507,50,156.081261
-8.384074,50,156.121763
-8.682615,50,156.150662
-10.622346,50,156.192773
-11.634153,50,156.22578
-10.615573,50,156.267099
-13.339444,50,156.302836
-7.847918,50,156.341992
-9.973164,50,156.382509
-9.821345,50,156.418896
-11.707255,50,156.462132
-11.492656,50,156.492502
-8.399518,50,156.520877
-7.924895,50,156.548448
-15.747438,50,156.593057
-8.037563,50,156.629697
-12.043772,50,156.656462
-10.120417,50,156.688879
-8.921356,50,156.724612
-10.731823,50,156.765747
-8.09709,50,156.8028
-13.162457,50,156.839762
-11.243949,50,156.8776
-7.571337,50,156.918072
-10.25307,50,156.949241
-7.846679,50,156.981102
-14.313353,50,157.00516
-15.541653,50,157.679197
-14.478501,50,157.719643
-12.559801,50,157.75894
-13.111007,50,157.799375
-8.768531,50,157.835883
-14.750254,50,157.876391
-8.91071,50,157.904598
-16.937514,50,157.941834
-12.327616,50,157.96882
-8.5297,50,158.008167
-15.36655,50,158.033777
-8.552232,50,158.06129
-14.385097,50,158.090449
-11.870292,50,158.120248
-15.834239,50,158.149997
-12.741068,50,158.183266
-9.08614,50,158.209779
-9.680526,50,158.235304
-11.406502,50,158.261414
-14.83859,50,158.285783
-7.901939,50,158.310427
-15.457771,50,158.348248
-15.491812,50,158.37511
-10.587582,50,158.404716
-9.676935,50,158.44261
-12.069714,50,158.482419
-10.427128,50,158.523529
-8.273808,50,158.548698
-10.900344,50,158.577914
-9.201697,50,158.604028
-8.693566,50,158.638977
-7.681938,50,158.684543
-10.870151,50,158.724603
-9.018612,50,158.763196
-12.483865,50,158.802783
-9.352141,50,158.839588
-12.972552,50,158.878518
-12.494371,50,158.91546
-8.288409,50,158.954584
-8.74549,50,158.989741
-9.003426,50,159.789169
-7.947436,50,159.829598
-7.744074,50,159.870142
-8.22285,50,159.906677
-8.47742,50,159.946273
-7.503448,50,159.989194
-11.754902,50,160.029713
-9.128063,50,160.071637
-7.267458,50,160.110404
-8.194474,50,160.1474
-8.146285,50,160.18787
-16.218849,50,160.227257
-8.075633,50,160.2685
-8.403448,50,160.306703
-15.775249,50,160.346765
-10.293026,50,160.389387
-10.417102,50,160.424628
-8.291482,50,160.465435
-12.073403,50,160.495634
-10.554839,50,160.519504
-9.673822,50,160.548791
-11.745595,50,160.579946
-12.491141,50,160.609148
-12.620651,50,160.64027
-8.204599,50,160.667586
-8.574347,50,160.695832
-7.467445,50,160.722698
-7.772306,50,160.757635
-11.219187,50,160.797947
-10.24233,50,160.836635
-16.450723,50,160.879338
-9.464282,50,160.916675
-11.439012,50,160.956278
-10.163429,50,160.996936
-7.844663,50,161.03613
-8.911495,50,161.069815
-7.617293,50,161.112264
-8.788278,50,161.152336
-9.92138,50,161.179893
-15.790348,50,161.217997
-8.228246,50,161.251063
-11.146912,50,161.882708
-10.777258,50,161.921816
-8.00937,50,161.960814
-16.781065,50,162.000464
-16.236321,50,162.041598
-16.815994,50,162.081007
-13.038811,50,162.119593
-10.117536,50,162.157796
-17.338101,50,162.1903
-9.631256,50,162.232432
-8.329119,50,162.272458
-9.286218,50,162.304675
-9.340267,50,162.332784
-14.550695,50,162.368052
-13.559889,50,162.390223
-13.086668,50,162.414505
-10.833783,50,162.452407
-7.617022,50,162.489062
-7.554269,50,162.510796
-12.117793,50,162.553062
-8.997619,50,162.592075
-11.190507,50,162.619288
-8.737536,50,162.64696
-7.502431,50,162.6818
-11.689355,50,162.710038
-11.098976,50,162.738856
-8.647938,50,162.776875
-9.389892,50,162.817133
-11.398752,50,162.855762
-12.039276,50,162.894614
-13.004613,50,162.932314
-11.887895,50,162.974467
-8.759079,50,163.014071
-8.006131,50,163.055255
-8.817522,50,163.092675
-9.356097,50,163.117203
-10.94119,50,163.138808
-9.716749,50,163.160829
-13.300306,50,163.187534
-10.823789,50,163.213641
-8.753772,50,163.249761
-14.927172,50,164.055363
-7.797255,50,164.095665
-13.608603,50,164.132034
-11.667314,50,164.172819
-8.232763,50,164.212464
-8.847408,50,164.253379
-13.073537,50,164.292743
-9.474428,50,164.330158
-9.516713,50,164.366539
-7.809474,50,164.396145
-8.868578,50,164.4268
-12.327996,50,164.453824
-8.397622,50,164.493806
-17.050516,50,164.530388
-8.845423,50,164.572438
-13.556002,50,164.609342
-11.642651,50,164.650891
-14.36988,50,164.685203
-12.577853,50,164.723194
-10.91484,50,164.756876
-12.723332,50,164.79871
-9.095674,50,164.838934
-9.76924,50,164.875141
-8.145301,50,164.915812
-8.216201,50,164.950386
-9.614928,50,164.984818
-8.240169,50,165.00687
-9.974126,50,165.028259
-11.647581,50,165.04961
-8.082277,50,165.093784
-7.684969,50,165.130082
-8.019943,50,165.174022
-12.849917,50,165.207404
-9.688044,50,165.240897
-10.059308,50,165.275711
-8.723377,50,165.308821
-14.060172,50,165.344907
-11.481741,50,165.374403
-13.289179,50,165.414921
-11.008569,50,165.448341
-8.500627,50,165.477564
-9.511988,50,166.200661
-8.81734,50,166.238697
-8.40342,50,166.27973
-15.887289,50,166.318904
-8.817297,50,166.356905
-8.709164,50,166.39629
-9.072043,50,166.433923
-13.900698,50,166.463345
-8.932302,50,166.499616
-10.297111,50,166.531496
-8.010895,50,166.553128
-15.227292,50,166.588494
-8.396094,50,166.624501
-7.756684,50,166.649806
-7.751099,50,166.68092
-10.046855,50,166.714374
-7.763101,50,166.743298
-9.964703,50,166.774194
-11.030368,50,166.806284
-14.850063,50,166.831311
-10.210541,50,166.864647
-9.88863,50,166.890587
-16.87495,50,166.912655
-9.215617,50,166.942555
-10.966262,50,166.972707
-9.842522,50,167.00865
-8.525653,50,167.040616
-9.892465,50,167.081226
-16.367564,50,167.108512
-9.958128,50,167.144932
-9.336711,50,167.173898
-7.453476,50,167.20814
-12.338601,50,167.24789
-14.715598,50,167.287905
-15.014913,50,167.327859
-11.866075,50,167.369173
-13.739069,50,167.403343
-10.988878,50,167.447279
-7.623834,50,167.485964
-16.29922,50,167.516618
-8.064137,50,167.555588
-12.673209,50,168.293303
-8.375201,50,168.328622
-7.49999,50,168.368699
-15.538737,50,168.409053
-8.779498,50,168.451521
-9.568406,50,168.48857
-9.854591,50,168.529731
-18.39973,50,168.566496
-12.840578,50,168.605868
-9.000322,50,168.646989
-9.685901,50,168.673594
-14.961686,50,168.70563
-9.451839,50,168.738856
-8.11775,50,168.770663
-12.659492,50,168.808417
-17.693254,50,168.846811
-12.235178,50,168.879869
-11.592817,50,168.919504
-12.391226,50,168.951663
-13.053389,50,168.99147
-14.213786,50,169.016892
-11.521549,50,169.042837
-17.248751,50,169.08095
-8.246695,50,169.1194
-15.526097,50,169.158437
-8.531113,50,169.192232
-15.798931,50,169.219917
-9.522909,50,169.262877
-8.888851,50,169.292688
-11.615947,50,169.326976
-11.114106,50,169.360889
-14.467488,50,169.402266
-8.962008,50,169.435235
-8.988115,50,169.465728
-13.12939,50,169.496222
-7.954003,50,169.52439
-10.865333,50,169.562906
-11.882645,50,169.602568
-10.806717,50,169.634866
-9.340407,50,169.670179
-12.261667,50,169.707172
-9.573635,50,170.426063
-10.02729,50,170.459751
-14.378725,50,170.499578
-13.985112,50,170.53996
-7.684448,50,170.577758
-13.398005,50,170.616324
-8.564398,50,170.643642
-9.337023,50,170.675235
-9.589455,50,170.707525
-11.310346,50,170.7403
-12.663428,50,170.780972
-9.212186,50,170.814648
-12.788819,50,170.844032
-9.277726,50,170.87556
-9.912175,50,170.909585
-10.114965,50,170.950852
-8.466961,50,170.989938
-12.920022,50,171.016099
-13.029508,50,171.053065
-14.043167,50,171.091832
-12.868665,50,171.1235
-16.231139,50,171.158332
-9.173063,50,171.189838
-8.45171,50,171.226407
-8.985291,50,171.25317
-11.857345,50,171.293089
-8.379538,50,171.335233
-13.74803,50,171.363849
-13.198437,50,171.400925
-8.574012,50,171.441354
-9.662562,50,171.477217
-11.792722,50,171.518501
-10.928538,50,171.559257
-16.250834,50,171.599273
-8.125032,50,171.637577
-14.004656,50,171.678704
-9.127225,50,171.715434
-7.824899,50,171.743697
-17.17648,50,171.778042
-9.229681,50,171.806859
-8.197986,50,171.83284
-14.526998,50,172.494567
-9.579666,50,172.52993
-8.718125,50,172.570307
-13.382557,50,172.610283
-8.43392,50,172.652996
-8.524465,50,172.691674
-10.021437,50,172.733572
-16.610941,50,172.77452
-7.250281,50,172.815383
-8.169753,50,172.854656
-11.526883,50,172.893668
-14.408515,50,172.936283
-7.465816,50,172.976304
-7.752815,50,173.001647
-8.916763,50,173.023526
-14.111627,50,173.045299
-13.015455,50,173.083427
-11.160523,50,173.121562
-14.533727,50,173.151672
-9.8043,50,173.183544
-8.348343,50,173.224745
-7.661093,50,173.259118
-9.59739,50,173.297993
-9.467109,50,173.325886
-9.571913,50,173.361715
-7.989871,50,173.398522
-10.587427,50,173.426447
-13.833513,50,173.448564
-7.40706,50,173.475235
-10.219361,50,173.507382
-7.994669,50,173.549593
-8.507618,50,173.585962
-8.868956,50,173.628816
-10.033701,50,173.669133
-8.969817,50,173.711738
-7.228285,50,173.754247
-10.205696,50,173.785175
-8.305671,50,173.81525
-10.406449,50,173.846884
-8.442433,50,173.883069
-9.630105,50,173.91461
-11.141386,50,174.576175
-10.726898,50,174.61485
-11.545992,50,174.652925
-12.572762,50,174.689471
-11.548583,50,174.729813
-14.048359,50,174.769959
-8.472155,50,174.808586
-13.493651,50,174.848747
-10.784999,50,174.885772
-16.410236,50,174.919943
-9.460933,50,174.949952
-7.874196,50,174.982749
-7.789822,50,175.007548
-7.679205,50,175.029017
-12.898003,50,175.051653
-8.08947,50,175.079213
-9.945982,50,175.107421
-9.52945,50,175.143389
-7.554882,50,175.177764
-7.575271,50,175.209224
-11.12025,50,175.232154
-13.843735,50,175.256295
-9.336661,50,175.281766
-9.761871,50,175.324814
-10.25531,50,175.354245
-13.815196,50,175.382534
-12.438425,50,175.411824
-10.636785,50,175.438943
-10.055199,50,175.474163
-7.878828,50,175.502337
-10.840018,50,175.541773
-10.376804,50,175.583392
-10.048235,50,175.617729
-13.276686,50,175.651845
-8.139068,50,175.67679
-10.483449,50,175.6981
-14.12799,50,175.724197
-9.255509,50,175.746071
-12.960649,50,175.771576
-9.416432,50,175.810122
-10.356204,50,175.848808
-12.408257,50,176.781264
-8.965973,50,176.818402
-10.137512,50,176.856308
-7.485492,50,176.89598
-10.810537,50,176.933437
-12.559842,50,176.97688
-8.644976,50,177.016737
-9.174536,50,177.054898
-8.765673,50,177.097401
-7.839316,50,177.130558
-7.368621,50,177.161927
-17.048654,50,177.195741
-10.321825,50,177.229166
-11.270748,50,177.255668
-7.536358,50,177.282327
-14.728658,50,177.309922
-12.365858,50,177.344795
-7.065225,50,177.383068
-9.076216,50,177.414935
-9.792456,50,177.44695
-10.712131,50,177.486408
-8.060686,50,177.51382
-13.199763,50,177.559313
-8.218506,50,177.597831
-15.656372,50,177.638253
-7.784102,50,177.678332
-13.685847,50,177.713643
-9.747031,50,177.739906
-8.474122,50,177.762793
-8.419309,50,177.805826
-10.043018,50,177.848634
-16.420613,50,177.885834
-14.556087,50,177.925409
-8.107924,50,177.968428
-9.0923,50,178.007358
-10.553856,50,178.040124
-8.514082,50,178.06898
-8.11306,50,178.101552
-10.413307,50,178.131252
-10.346193,50,178.164793
-9.337923,50,178.206471
-9.186624,50,179.209462
-8.081692,50,179.243589
-17.261315,50,179.286577
-7.351165,50,179.320919
-12.408983,50,179.360844
-8.379844,50,179.402334
-9.551582,50,179.440626
-9.169333,50,179.479028
-9.843302,50,179.519798
-14.866129,50,179.552431
-13.149403,50,179.583174
-8.182353,50,179.616162
-8.066339,50,179.643845
-9.733301,50,179.674163
-11.406133,50,179.712734
-10.618662,50,179.750182
-13.186542,50,179.784368
-9.064684,50,179.818552
-7.556615,50,179.857829
-7.453617,50,179.889368
-12.462757,50,179.922818
-12.664001,50,179.95723
-14.967305,50,179.996848
-15.12226,50,180.035309
-8.071603,50,180.059976
-7.408613,50,180.092421
-7.907486,50,180.132843
-12.296808,50,180.163714
-12.627116,50,180.192688
-9.871613,50,180.235807
-9.809005,50,180.277532
-8.63694,50,180.313512
-15.443118,50,180.35447
-9.083993,50,180.386781
-11.056405,50,180.415199
-8.278915,50,180.446285
-12.925178,50,180.469853
-12.060142,50,180.495897
-14.937758,50,180.52041
-15.395042,50,180.545599
-7.38542,50,180.577326
-8.871226,50,181.178846
-11.359004,50,181.214512
-9.778096,50,181.256187
-8.906858,50,181.29492
-15.498664,50,181.332999
-9.204683,50,181.374995
-8.081891,50,181.415399
-10.750404,50,181.441881
-8.149798,50,181.468695
-18.413223,50,181.495761
-9.672224,50,181.535553
-11.931363,50,181.564423
-10.227514,50,181.592246
-10.325824,50,181.618676
-7.218535,50,181.655743
-11.079487,50,181.686608
-14.177035,50,181.720284
-10.88896,50,181.748912
-14.015196,50,181.790252
-11.688746,50,181.814979
-11.422059,50,181.842816
-14.94838,50,181.869374
-14.619662,50,181.896676
-8.048855,50,181.938705
-10.93227,50,181.972301
-11.327685,50,182.011692
-13.082799,50,182.047871
-17.602034,50,182.07904
-9.493152,50,182.106596
-9.05374,50,182.138355
-7.472876,50,182.176404
-9.323839,50,182.211833
-12.378457,50,182.235537
-11.147862,50,182.267556
-11.732971,50,182.310808
-10.349693,50,182.348666
-9.182018,50,182.386615
-12.960258,50,182.42592
-8.853692,50,182.458794
-8.543892,50,182.499193
-10.829031,50,182.535026
-7.466412,50,183.292238
-9.01553,50,183.327691
-9.396122,50,183.36785
-10.984339,50,183.405419
-16.399881,50,183.444301
-10.721317,50,183.486307
-8.621626,50,183.526423
-11.962262,50,183.56061
-8.12227,50,183.590403
-9.80724,50,183.617568
-8.758216,50,183.654682
-9.483097,50,183.689786
-8.142887,50,183.728582
-7.59332,50,183.766929
-11.077363,50,183.793402
-10.061572,50,183.81914
-13.418115,50,183.847652
-8.402132,50,183.874511
-9.701527,50,183.903558
-10.922605,50,183.931374
-8.768547,50,183.953798
-16.939423,50,183.976109
-7.798919,50,183.99852
-13.697978,50,184.032238
-9.993245,50,184.07518
-10.636638,50,184.098501
-9.635725,50,184.128539
-9.180497,50,184.164203
-10.533707,50,184.202997
-14.478527,50,184.232195
-8.717733,50,184.255371
-16.254,50,184.285473
-8.020947,50,184.326926
-11.976654,50,184.367643
-11.997401,50,184.406795
-15.301404,50,184.44644
-10.308944,50,184.482672
-8.575406,50,184.511467
-14.992668,50,184.552871
-11.391778,50,184.58694
-9.54549,50,184.617314
-8.958799,50,185.391776
-9.761848,50,185.43217
-8.396866,50,185.467379
-8.395223,50,185.507738
-8.749692,50,185.550174
-9.613916,50,185.586572
-7.701111,50,185.626791
-11.105696,50,185.668502
-9.615747,50,185.704802
-15.996259,50,185.736056
-10.529373,50,185.769791
-7.753389,50,185.802401
-10.592513,50,185.831276
-10.981576,50,185.867418
-17.039985,50,185.896629
-9.02794,50,185.925244
-9.559816,50,185.951687
-7.012274,50,185.992927
-9.326322,50,186.033545
-17.50877,50,186.064202
-9.837974,50,186.104949
-15.429613,50,186.145379
-13.861284,50,186.16931
-13.527633,50,186.19366
-11.412243,50,186.226174
-9.703291,50,186.25713
-8.819424,50,186.286973
-10.337329,50,186.310027
-11.09233,50,186.350135
-15.272028,50,186.380727
-7.789618,50,186.422513
-7.439283,50,186.45653
-14.981511,50,186.496083
-15.130049,50,186.525388
-7.823722,50,186.556336
-10.249996,50,186.584308
-8.898799,50,186.61792
-14.559314,50,186.644578
-10.064898,50,186.668779
-7.493456,50,186.696322
-14.234919,50,186.729429
-15.967887,50,187.451227
-11.065007,50,187.491605
-16.269154,50,187.530789
-9.839732,50,187.571166
-10.241271,50,187.610041
-10.465715,50,187.647861
-9.493163,50,187.684566
-7.950034,50,187.722876
-9.268849,50,187.760232
-15.368642,50,187.79965
-14.69753,50,187.831825
-13.095157,50,187.858297
-7.603281,50,187.884642
-11.329556,50,187.917064
-15.584715,50,187.947344
-9.52571,50,187.97919
-11.224348,50,188.003939
-12.073556,50,188.029662
-7.886616,50,188.057785
-11.563977,50,188.085666
-15.6557,50,188.111827
-8.098736,50,188.144407
-7.689451,50,188.184338
-10.24568,50,188.222371
-10.475535,50,188.256936
-8.523295,50,188.27966
-9.619501,50,188.30984
-10.936026,50,188.332537
-10.59883,50,188.357382
-13.745404,50,188.38147
-10.491833,50,188.403704
-9.961285,50,188.437816
-11.622836,50,188.481143
-8.994935,50,188.517659
-9.964479,50,188.55472
-10.425171,50,188.59644
-10.750666,50,188.634592
-7.678448,50,188.672641
-10.295289,50,188.713084
-7.876112,50,188.737884
-8.343015,50,188.774696
-10.915605,50,189.531346
-8.464081,50,189.568456
-13.825559,50,189.606876
-11.976206,50,189.647194
-9.63284,50,189.685526
-7.551259,50,189.728518
-8.654021,50,189.767258
-12.673778,50,189.80782
-7.842033,50,189.845681
-7.987648,50,189.884632
-13.010739,50,189.922459
-9.972286,50,189.961117
-7.329405,50,189.999134
-13.8338,50,190.037795
-8.865454,50,190.076093
-9.966318,50,190.112601
-7.654779,50,190.151373
-8.491305,50,190.19149
-10.836626,50,190.231611
-9.353666,50,190.260711
-8.87721,50,190.285282
-11.673171,50,190.320718
-15.220684,50,190.350288
-18.154048,50,190.391419
-15.537381,50,190.422802
-8.428922,50,190.444456
-10.038376,50,190.472551
-9.094495,50,190.503256
-8.344633,50,190.537004
-10.640893,50,190.579845
-10.505578,50,190.617456
-10.371698,50,190.655067
-7.678017,50,190.697208
-11.402715,50,190.721489
-16.659712,50,190.74196
-15.952978,50,190.762401
-8.200348,50,190.796971
-11.214241,50,190.826205
-9.460813,50,190.859969
-18.087107,50,190.896746
-12.999687,50,190.935146
-12.003187,50,191.61528
-13.541211,50,191.653484
-10.824692,50,191.692264
-12.733568,50,191.729972
-14.334563,50,191.766135
-14.764166,50,191.804935
-14.790179,50,191.843387
-10.289181,50,191.882336
-8.227491,50,191.918782
-14.627902,50,191.958975
-12.240415,50,191.98608
-13.495446,50,192.014566
-13.630286,50,192.057477
-8.465802,50,192.085226
-7.98944,50,192.115859
-15.644603,50,192.154487
-7.948068,50,192.182662
-10.420357,50,192.216357
-10.562416,50,192.250095
-7.603185,50,192.279084
-11.288479,50,192.310837
-13.288266,50,192.34286
-19.473401,50,192.383111
-11.202128,50,192.409228
-9.561171,50,192.435486
-13.189466,50,192.460894
-8.309838,50,192.483387
-7.640654,50,192.515783
-7.619721,50,192.553322
-10.98655,50,192.593851
-9.461562,50,192.635048
-8.611407,50,192.67454
-16.907632,50,192.713048
-9.312818,50,192.755176
-8.66803,50,192.795614
-10.35886,50,192.825715
-15.925676,50,192.853692
-10.027756,50,192.879334
-11.873021,50,192.909036
-8.175413,50,192.937703
-11.173224,50,192.963047
-11.746972,50,193.600489
-13.912841,50,193.627147
-9.130775,50,193.671231
-12.181823,50,193.70731
-14.824614,50,193.743569
-14.220744,50,193.783346
-11.870324,50,193.821269
-15.182831,50,193.859962
-8.012299,50,193.900404
-8.3553,50,193.930722
-7.846695,50,193.955108
-8.159706,50,193.980885
-9.414515,50,194.018304
-10.093051,50,194.046956
-16.443804,50,194.085554
-8.787074,50,194.11811
-15.642425,50,194.152683
-15.619472,50,194.178082
-12.253659,50,194.201691
-7.952748,50,194.23368
-8.025259,50,194.25664
-9.270748,50,194.298819
-11.162589,50,194.331418
-13.416469,50,194.372057
-14.15372,50,194.396765
-11.374167,50,194.418853
-10.055477,50,194.464216
-16.871584,50,194.504647
-12.603369,50,194.543411
-11.938227,50,194.584457
-8.05132,50,194.622739
-16.576954,50,194.661291
-8.994958,50,194.700281
-8.828755,50,194.737204
-8.036383,50,194.77803
-12.71559,50,194.814754
-11.979892,50,194.845362
-11.670747,50,194.877904
-11.743338,50,194.908808
-10.506634,50,194.941664
-15.601862,50,194.979453
-7.364817,50,195.670165
-7.850635,50,195.698098
-10.177009,50,195.737093
-10.81446,50,195.779781
-13.767903,50,195.823982
-14.776011,50,195.862628
-9.605592,50,195.905917
-15.206761,50,195.945765
-7.921778,50,195.989323
-10.929636,50,196.029907
-9.197874,50,196.069704
-10.725188,50,196.105447
-7.229281,50,196.143065
-10.846875,50,196.182779
-8.066463,50,196.213626
-15.611231,50,196.237251
-9.494754,50,196.271789
-14.256972,50,196.310371
-7.872066,50,196.343194
-7.375308,50,196.366739
-10.63483,50,196.407826
-8.282998,50,196.448355
-10.233675,50,196.473773
-17.102483,50,196.505773
-8.782158,50,196.547768
-11.559045,50,196.588218
-9.09253,50,196.623225
-10.737204,50,196.660719
-7.71029,50,196.703096
-9.655997,50,196.74066
-9.757761,50,196.78323
-14.771262,50,196.818274
-14.389556,50,196.852847
-10.371981,50,196.886784
-8.239695,50,196.915487
-10.323735,50,196.955702
-8.444286,50,196.988332
-15.250527,50,197.026846
-7.92896,50,197.066872
-12.978182,50,197.094594
-17.122483,50,197.127294
-7.305531,50,197.811623
-7.973469,50,197.85572
-11.965732,50,197.893855
-9.477234,50,197.931943
-8.084958,50,197.97325
-7.661453,50,198.008119
-16.441177,50,198.0289
-13.284822,50,198.064009
-8.742169,50,198.108346
-11.522185,50,198.142652
-8.158062,50,198.183545
-16.742385,50,198.219518
-11.814302,50,198.251103
-14.461377,50,198.276264
-8.746025,50,198.302583
-7.766694,50,198.333618
-10.692588,50,198.373033
-12.036346,50,198.39501
-8.043589,50,198.424834
-7.657954,50,198.455195
-13.6666,50,198.48256
-15.415513,50,198.512404
-7.130369,50,198.548917
-12.446053,50,198.577863
-7.558601,50,198.604588
-11.997502,50,198.630547
-11.595307,50,198.670884
-15.812789,50,198.704436
-9.299164,50,198.737517
-9.605545,50,198.773625
-9.210046,50,198.801301
-9.43484,50,198.832819
-12.481722,50,198.871803
-7.389437,50,198.907441
-8.011198,50,198.934086
-14.461268,50,198.968205
-9.181409,50,198.996588
-10.072565,50,199.028089
-9.03723,50,199.064254
-14.786396,50,199.087928
-12.175561,50,199.113562
-10.891636,50,199.865841
-11.398207,50,199.901607
-12.959549,50,199.942301
-11.507136,50,199.98037
-7.720147,50,200.021873
-9.884082,50,200.060652
-13.147426,50,200.097852
-8.851175,50,200.135958
-11.688586,50,200.164452
-7.72167,50,200.196049
-11.541516,50,200.226495
-9.634207,50,200.264896
-14.549762,50,200.295447
-11.993589,50,200.327222
-9.951508,50,200.35525
-8.294167,50,200.387509
-13.973121,50,200.425318
-8.122209,50,200.460417
-11.179273,50,200.492012
-8.185671,50,200.530364
-11.343072,50,200.560966
-9.837933,50,200.593291
-10.419338,50,200.630746
-13.764632,50,200.673936
-12.759121,50,200.702623
-10.13902,50,200.729868
-13.919683,50,200.760513
-13.726162,50,200.792762
-15.210049,50,200.81414
-8.167101,50,200.848394
-8.818861,50,200.890156
-7.295282,50,200.930497
-8.768374,50,200.966534
-14.224451,50,201.00775
-8.283833,50,201.048159
-12.425598,50,201.081544
-8.90592,50,201.122303
-7.731865,50,201.159834
-13.405788,50,201.198311
-16.971101,50,201.239714
-15.584917,50,201.27571
-10.813205,50,202.040292
-12.980321,50,202.060902
-8.034429,50,202.095125
-16.343419,50,202.134838
-11.085541,50,202.176416
-7.614169,50,202.216569
-9.141032,50,202.257258
-9.754401,50,202.287058
-9.86881,50,202.324655
-11.751483,50,202.365337
-11.313358,50,202.397471
-15.341716,50,202.427758
-10.165847,50,202.463419
-7.562436,50,202.499737
-13.613746,50,202.540798
-10.656239,50,202.567577
-8.838057,50,202.592429
-17.204395,50,202.616452
-12.707619,50,202.638242
-9.165841,50,202.65987
-15.401632,50,202.700638
-9.679986,50,202.741561
-10.432976,50,202.772523
-15.089367,50,202.811528
-7.86206,50,202.849297
-10.782049,50,202.878626
-10.658012,50,202.909335
-11.161852,50,202.947672
-8.159374,50,202.971498
-10.648922,50,203.000184
-8.161761,50,203.033323
-12.10575,50,203.07455
-12.713683,50,203.114582
-14.660253,50,203.149686
-11.830842,50,203.189013
-13.300276,50,203.214827
-7.568552,50,203.249518
-11.229058,50,203.27277
-8.105346,50,203.308067
-16.492418,50,203.331701
-10.884659,50,203.353496
-10.093192,50,204.073986
-9.410215,50,204.11287
-10.162035,50,204.152478
-14.12918,50,204.193538
-11.662762,50,204.233834
-15.13078,50,204.274312
-8.66831,50,204.3118
-16.440005,50,204.353636
-8.087487,50,204.392839
-7.630894,50,204.430624
-11.631035,50,204.466447
-16.080884,50,204.494318
-8.501156,50,204.520741
-11.856498,50,204.545415
-8.004443,50,204.57129
-10.19416,50,204.603409
-13.536563,50,204.625672
-10.728477,50,204.652425
-7.328724,50,204.677783
-8.564625,50,204.7058
-9.223053,50,204.729974
-11.482897,50,204.752564
-10.582559,50,204.793325
-14.855748,50,204.822291
-13.233738,50,204.852391
-8.038866,50,204.893692
-8.518694,50,204.921445
-7.785441,50,204.961851
-7.282803,50,204.987455
-8.81744,50,205.012761
-11.418182,50,205.05593
-7.653994,50,205.095877
-11.826618,50,205.130848
-15.876745,50,205.167447
-8.053741,50,205.208907
-9.670405,50,205.246593
-9.864381,50,205.275453
-8.421885,50,205.30403
-11.789684,50,205.331559
-10.259784,50,205.359517
-15.078663,50,205.395779
-10.83171,50,206.011448
-8.018132,50,206.034017
-9.55629,50,206.065434
-11.807818,50,206.105125
-10.593972,50,206.146439
-15.93374,50,206.183685
-9.82439,50,206.225693
-7.493425,50,206.265122
-10.040358,50,206.29475
-18.490831,50,206.335983
-10.294757,50,206.377904
-7.832809,50,206.411617
-14.587666,50,206.444891
-13.199148,50,206.486098
-8.38858,50,206.512901
-10.105155,50,206.543874
-7.750681,50,206.583803
-11.896741,50,206.621901
-7.404356,50,206.655695
-8.94597,50,206.693644
-7.350886,50,206.726165
-7.552958,50,206.750385
-9.445406,50,206.782869
-10.176466,50,206.815388
-7.428739,50,206.857816
-10.49462,50,206.892629
-7.610479,50,206.917496
-11.52402,50,206.947867
-16.330711,50,206.99323
-12.164636,50,207.021458
-9.51153,50,207.061419
-11.751341,50,207.102538
-9.765645,50,207.140366
-12.253493,50,207.181852
-7.653264,50,207.221086
-16.682378,50,207.251856
-9.481381,50,207.288841
-11.431411,50,207.33327
-15.990657,50,207.367757
-10.410982,50,207.39799
-9.192811,50,207.429619
-8.489984,50,208.115345
-6.968957,50,208.151309
-10.601963,50,208.188929
-10.647763,50,208.229752
-13.58474,50,208.271254
-11.808376,50,208.309736
-8.821865,50,208.350539
-12.318601,50,208.388707
-11.697357,50,208.430412
-10.710138,50,208.467551
-8.231241,50,208.503289
-12.115286,50,208.53785
-8.594823,50,208.569803
-7.518469,50,208.602181
-12.42291,50,208.632052
-14.141996,50,208.661124
-13.777296,50,208.688954
-8.968498,50,208.731758
-8.944022,50,208.768179
-8.884465,50,208.798268
-9.622004,50,208.832678
-8.396951,50,208.868076
-9.559743,50,208.896706
-10.94158,50,208.922065
-9.451475,50,208.952316
-10.541641,50,208.97717
-7.687292,50,209.015689
-8.631448,50,209.049843
-8.047147,50,209.088282
-9.619383,50,209.128388
-7.771319,50,209.171169
-11.521281,50,209.210844
-10.763225,50,209.250701
-7.304444,50,209.288892
-7.601289,50,209.328837
-9.387259,50,209.366278
-14.467927,50,209.400017
-13.366625,50,209.443305
-9.544671,50,209.482182
-7.55215,50,209.523592
-9.69213,50,209.561439
-11.893583,50,210.183679
-13.108076,50,210.219253
-7.952173,50,210.253763
-9.446893,50,210.289434
-7.968032,50,210.330256
-8.43784,50,210.370862
-15.066778,50,210.410319
-13.298996,50,210.448904
-12.395971,50,210.479839
-13.436896,50,210.521605
-8.461441,50,210.560487
-13.194271,50,210.597631
-7.768456,50,210.629264
-8.097963,50,210.651014
-15.610252,50,210.680032
-12.185925,50,210.715433
-12.810426,50,210.75367
-10.289178,50,210.793999
-9.355982,50,210.825315
-9.377889,50,210.855821
-7.693408,50,210.897814
-14.338341,50,210.930038
-13.078487,50,210.956899
-8.091632,50,210.976961
-14.931927,50,211.000634
-10.491637,50,211.022582
-10.721931,50,211.050822
-16.304233,50,211.078048
-11.581374,50,211.105801
-16.31474,50,211.148839
-10.628386,50,211.187947
-8.42926,50,211.229417
-8.098966,50,211.26289
-10.682454,50,211.302825
-8.367724,50,211.329726
-8.3399,50,211.367272
-10.100961,50,211.399316
-10.9545,50,211.429401
-13.306367,50,211.456401
-11.668567,50,211.4819
-8.494104,50,212.110355
-10.955126,50,212.139469
-14.352617,50,212.171957
-8.882897,50,212.21564
-9.746199,50,212.257714
-14.865983,50,212.299973
-14.058492,50,212.343725
-12.56605,50,212.384711
-9.11635,50,212.420874
-8.397772,50,212.463784
-8.62354,50,212.505865
-12.307908,50,212.541217
-8.961798,50,212.5812
-8.027161,50,212.619713
-7.439863,50,212.661365
-9.482397,50,212.698676
-13.419115,50,212.734562
-10.631428,50,212.761559
-8.160092,50,212.794718
-7.222688,50,212.823398
-11.582447,50,212.863263
-14.157804,50,212.897462
-7.64481,50,212.934524
-13.042042,50,212.968206
-9.627866,50,213.003065
-7.619761,50,213.035521
-11.331718,50,213.072956
-11.920389,50,213.117893
-8.537402,50,213.156061
-7.583397,50,213.185887
-9.943952,50,213.218565
-12.639662,50,213.262046
-13.277278,50,213.3009
-8.67238,50,213.343122
-10.580845,50,213.382146
-11.41138,50,213.423221
-14.086752,50,213.461576
-12.022762,50,213.50342
-9.521256,50,213.528147
-10.316794,50,213.55778
-16.914781,50,213.596138
-13.524312,50,214.335626
-11.764612,50,214.375009
-11.650434,50,214.413574
-8.2597,50,214.453796
-11.138165,50,214.495825
-9.804565,50,214.533937
-9.767456,50,214.573191
-7.871373,50,214.614519
-8.469928,50,214.642195
-9.243069,50,214.679325
-10.457403,50,214.711197
-8.353126,50,214.740409
-9.113584,50,214.764502
-8.434661,50,214.792294
-11.778917,50,214.815172
-9.709594,50,214.839583
-8.229153,50,214.866107
-14.01229,50,214.894601
-8.424684,50,214.927502
-8.269458,50,214.961118
-10.171932,50,214.994453
-11.755269,50,215.032337
-11.224379,50,215.063637
-7.937285,50,215.104788
-13.98599,50,215.133069
-13.878471,50,215.154362
-8.80873,50,215.183969
-12.435051,50,215.229458
-9.138725,50,215.259475
-9.557631,50,215.283804
-10.573879,50,215.322886
-8.64141,50,215.365604
-9.610879,50,215.405293
-10.304779,50,215.442593
-12.461442,50,215.480351
-8.131689,50,215.511758
-10.154585,50,215.550832
-8.089322,50,215.578468
-10.649047,50,215.601395
-12.52886,50,215.624077
-9.767913,50,215.646856
-8.423928,50,216.581164
-8.303877,50,216.621877
-13.127385,50,216.65971
-11.371132,50,216.696756
-8.764942,50,216.73034
-9.197251,50,216.765302
-8.154776,50,216.806443
-9.985881,50,216.842789
-10.202132,50,216.878568
-11.943279,50,216.917465
-7.851093,50,216.952194
-11.183783,50,216.984634
-7.513673,50,217.020962
-8.07057,50,217.044703
-10.485899,50,217.087475
-8.365928,50,217.121656
-14.13385,50,217.157628
-13.529848,50,217.184367
-10.451469,50,217.215354
-8.539907,50,217.248558
-8.926849,50,217.284386
-13.686138,50,217.31862
-9.152159,50,217.345752
-8.072703,50,217.37973
-10.028683,50,217.411627
-8.052599,50,217.442482
-11.049502,50,217.486216
-16.054554,50,217.515033
-8.318219,50,217.54859
-9.147151,50,217.584709
-12.205519,50,217.622582
-7.752565,50,217.662555
-10.434483,50,217.701613
-8.853712,50,217.74159
-10.257015,50,217.774993
-10.336617,50,217.805699
-9.074271,50,217.842793
-9.33111,50,217.876122
-11.64944,50,217.912026
-9.355601,50,217.935951
-8.418364,50,217.972655
-15.663357,50,218.713601
-9.844989,50,218.752913
-9.867937,50,218.791737
-10.248042,50,218.832263
-7.900132,50,218.870918
-11.160127,50,218.916363
-9.720803,50,218.954957
-8.204911,50,219.00041
-7.7066,50,219.041447
-12.009671,50,219.07934
-13.140735,50,219.121762
-9.519695,50,219.160543
-9.081111,50,219.195685
-10.760344,50,219.221072
-7.657135,50,219.261875
-12.88213,50,219.288717
-10.920191,50,219.324131
-11.585019,50,219.361817
-11.215204,50,219.401136
-7.390353,50,219.439608
-15.692009,50,219.477804
-13.08389,50,219.516464
-8.129117,50,219.55681
-10.984253,50,219.597968
-11.202977,50,219.635327
-14.705468,50,219.669257
-7.599641,50,219.702104
-8.515152,50,219.743797
-8.633827,50,219.788558
-9.21998,50,219.828676
-9.71977,50,219.870537
-9.616162,50,219.912301
-12.001806,50,219.949948
-11.223895,50,219.991968
-7.351346,50,220.032973
-10.559505,50,220.073905
-15.474082,50,220.100881
-10.064884,50,220.139429
-8.8136,50,220.172061
-7.606636,50,220.213476
-15.37357,50,220.252296
-11.107417,50,220.956733
-11.704228,50,220.997277
-8.981793,50,221.038752
-7.774372,50,221.075888
-14.899592,50,221.116591
-9.151083,50,221.156063
-8.328621,50,221.196657
-10.12542,50,221.228549
-10.000808,50,221.269273
-10.980524,50,221.307578
-9.00736,50,221.347699
-8.706917,50,221.389945
-15.311048,50,221.421831
-9.134382,50,221.445054
-8.246638,50,221.475806
-8.502087,50,221.5086
-15.200562,50,221.545851
-10.080778,50,221.581094
-9.740114,50,221.603886
-13.284168,50,221.626138
-13.982815,50,221.650542
-8.040112,50,221.679698
-8.563154,50,221.709088
-14.58431,50,221.745818
-13.344902,50,221.781886
-14.189888,50,221.813231
-12.128131,50,221.857404
-9.062199,50,221.888259
-14.839545,50,221.917498
-10.261265,50,221.949221
-14.824202,50,221.989227
-9.838383,50,222.031571
-9.113826,50,222.062714
-10.880122,50,222.089437
-10.953234,50,222.117993
-8.777869,50,222.156519
-10.965887,50,222.186361
-14.969532,50,222.21637
-8.87311,50,222.246007
-7.950049,50,222.269521
-9.169397,50,222.29158
-7.955275,50,223.010246
-11.067312,50,223.048306
-15.990061,50,223.087004
-16.622082,50,223.125796
-7.560876,50,223.167373
-10.757501,50,223.205955
-7.744109,50,223.24761
-15.02158,50,223.280374
-13.873712,50,223.311876
-9.510707,50,223.342942
-8.754884,50,223.37448
-14.870004,50,223.402098
-8.413231,50,223.431957
-12.834626,50,223.46365
-14.631591,50,223.500984
-7.620586,50,223.536532
-11.07292,50,223.564512
-11.063539,50,223.590839
-13.63719,50,223.625736
-14.21823,50,223.651128
-9.925368,50,223.691773
-9.812207,50,223.718305
-9.053983,50,223.752163
-15.463229,50,223.785512
-11.587562,50,223.816684
-10.902694,50,223.852682
-11.537062,50,223.8817
-10.000552,50,223.903731
-8.60214,50,223.944876
-8.608616,50,223.979497
-14.380445,50,224.018408
-15.314572,50,224.057455
-10.024726,50,224.09769
-8.306508,50,224.133853
-9.731673,50,224.17607
-9.200034,50,224.213654
-18.065426,50,224.246529
-15.077264,50,224.279232
-9.008414,50,224.307765
-9.274402,50,224.341643
-15.133983,50,224.369215
-14.377135,50,225.065444
-8.104213,50,225.105942
-12.90571,50,225.143407
-10.203751,50,225.180228
-10.698941,50,225.217923
-15.18409,50,225.253987
-11.020403,50,225.291821
-11.162622,50,225.32552
-9.560998,50,225.360848
-15.825513,50,225.386858
-7.6967,50,225.421922
-7.927695,50,225.448116
-8.778503,50,225.478687
-9.577184,50,225.51181
-8.437357,50,225.544623
-11.90823,50,225.573885
-11.187795,50,225.602889
-14.661376,50,225.63874
-11.720274,50,225.661813
-10.079533,50,225.692615
-14.934748,50,225.719566
-10.697033,50,225.755187
-10.176924,50,225.793304
-7.96506,50,225.832703
-8.404161,50,225.868822
-10.444467,50,225.890374
-11.924207,50,225.932459
-9.349422,50,225.970165
-15.385229,50,226.007754
-11.240026,50,226.031642
-9.068094,50,226.075453
-7.988986,50,226.115229
-13.372724,50,226.141425
-9.947141,50,226.175012
-9.832927,50,226.201684
-10.948864,50,226.24105
-9.610727,50,226.274627
-14.959063,50,226.313769
-11.953684,50,226.34326
-14.997411,50,226.382459
-10.814661,50,226.410757
-11.840831,50,227.154294
-8.212704,50,227.193964
-11.49899,50,227.232314
-15.967538,50,227.273242
-11.091564,50,227.311826
-10.520239,50,227.351207
-10.219097,50,227.387749
-7.59514,50,227.427451
-15.765123,50,227.454687
-9.101103,50,227.496968
-15.076612,50,227.533283
-13.596081,50,227.559705
-11.551287,50,227.594881
-9.1231,50,227.620236
-8.513574,50,227.643669
-11.40842,50,227.665299
-8.91532,50,227.695303
-14.166521,50,227.718534
-11.906995,50,227.757468
-12.980732,50,227.787748
-13.91125,50,227.810572
-13.097796,50,227.848155
-8.755279,50,227.88216
-10.645406,50,227.92422
-16.694021,50,227.961845
-8.465324,50,227.989805
-7.554476,50,228.023532
-10.887121,50,228.049736
-9.592078,50,228.071159
-10.723866,50,228.110918
-10.918992,50,228.143004
-12.114877,50,228.184642
-7.567017,50,228.223819
-9.560292,50,228.264352
-11.033753,50,228.30276
-12.10747,50,228.339109
-12.534509,50,228.374377
-10.584358,50,228.413055
-11.259969,50,228.448405
-11.880665,50,228.471583
-7.907424,50,228.506231
-9.965726,50,229.384319
-10.777053,50,229.424693
-8.023569,50,229.46446
-12.628847,50,229.506645
-14.686807,50,229.547869
-12.754044,50,229.588678
-7.609561,50,229.629278
-7.885449,50,229.670915
-13.951353,50,229.709724
-10.734323,50,229.745289
-8.446954,50,229.78688
-7.6451,50,229.825411
-12.79172,50,229.860258
-16.82881,50,229.886932
-10.974314,50,229.917495
-8.269863,50,229.956928
-14.705319,50,229.986097
-8.603469,50,230.011142
-9.017683,50,230.036107
-14.466087,50,230.057462
-7.956966,50,230.085188
-14.108442,50,230.117909
-11.155847,50,230.149482
-7.602617,50,230.177689
-9.774199,50,230.216213
-8.625201,50,230.243859
-14.110122,50,230.269877
-11.073849,50,230.303176
-8.574297,50,230.332492
-15.373265,50,230.372335
-10.210689,50,230.410289
-11.921711,50,230.449917
-11.870616,50,230.489899
-14.922733,50,230.532378
-12.843635,50,230.573402
-10.973297,50,230.613018
-10.899805,50,230.653604
-9.980198,50,230.685092
-8.818196,50,230.72512
-12.059541,50,230.762799
-8.300632,50,230.804958
-9.715913,50,231.483889
-8.767975,50,231.523076
-13.273865,50,231.558979
-11.901491,50,231.596467
-13.414205,50,231.637361
-11.438057,50,231.678583
-10.335794,50,231.718971
-13.234778,50,231.752434
-13.00433,50,231.785023
-11.47913,50,231.815569
-8.523291,50,231.848888
-9.473411,50,231.876762
-12.381774,50,231.904902
-13.713194,50,231.933613
-12.166207,50,231.963552
-13.623631,50,232.002153
-8.710978,50,232.03143
-8.090339,50,232.060689
-10.257527,50,232.101325
-13.278123,50,232.136893
-7.644268,50,232.1649
-9.582241,50,232.204858
-8.135175,50,232.243836
-12.337486,50,232.266112
-15.002819,50,232.306394
-10.195495,50,232.338971
-8.668197,50,232.371308
-9.007241,50,232.399237
-8.957492,50,232.426933
-8.711186,50,232.468127
-9.49669,50,232.507878
-7.428416,50,232.54651
-9.587473,50,232.584938
-14.121764,50,232.622582
-13.317764,50,232.664747
-13.63855,50,232.696527
-8.331166,50,232.723867
-12.234866,50,232.754079
-8.739352,50,232.780502
-15.716712,50,232.808298
-11.244799,50,232.838649
-10.872308,50,233.639999
-8.571659,50,233.672374
-11.910361,50,233.713416
-14.281885,50,233.748878
-17.176416,50,233.791129
-9.88171,50,233.821594
-13.094346,50,233.85295
-14.040045,50,233.885359
-8.051916,50,233.91867
-14.171433,50,233.95652
-10.759369,50,233.994986
-8.382201,50,234.028852
-8.022541,50,234.058134
-9.26517,50,234.09171
-15.971134,50,234.12949
-9.747603,50,234.164822
-13.193295,50,234.198718
-16.483166,50,234.231747
-15.995028,50,234.261499
-9.600326,50,234.295817
-9.521512,50,234.327864
-12.556333,50,234.360975
-14.23241,50,234.393844
-16.010315,50,234.42694
-10.672792,50,234.451527
-10.442289,50,234.478338
-8.762218,50,234.514732
-9.309181,50,234.557158
-10.56584,50,234.597124
-9.529399,50,234.629633
-10.227408,50,234.67005
-9.306941,50,234.703606
-17.430884,50,234.742965
-9.1223,50,234.773038
-9.360721,50,234.806997
-9.944368,50,234.842958
-8.297036,50,234.873024
-11.237989,50,234.909013
-8.189338,50,234.942825
-10.581328,50,234.977761
-15.476991,50,235.012499
-11.040132,50,235.91068
-8.852734,50,235.950984
-14.986966,50,235.991353
-8.370525,50,236.01907
-10.217994,50,236.060074
-8.704551,50,236.094091
-9.049906,50,236.122301
-9.549693,50,236.152308
-9.631145,50,236.189174
-8.392085,50,236.227376
-12.497956,50,236.251834
-14.753091,50,236.271885
-8.495697,50,236.291934
-8.195238,50,236.327819
-11.939351,50,236.356803
-13.774995,50,236.388765
-9.091701,50,236.418725
-9.500034,50,236.448594
-9.406135,50,236.488166
-14.020077,50,236.531317
-12.185282,50,236.558965
-11.319513,50,236.595497
-11.145773,50,236.634995
-12.768975,50,236.661767
-10.327755,50,236.683889
-9.534479,50,236.709253
-14.881637,50,236.738604
-8.577641,50,236.765661
-8.974901,50,236.794701
-8.940921,50,236.827421
-13.503318,50,236.860726
-8.536559,50,236.902225
-10.40239,50,236.944402
-8.78535,50,236.976671
-7.576337,50,237.000141
-11.209522,50,237.029157
-8.897856,50,237.049202
-8.604028,50,237.069196
-7.838028,50,237.104278
-7.975457,50,237.130244
-8.752888,50,237.157511
-8.581457,50,238.159535
-8.962462,50,238.197304
-8.706111,50,238.234567
-9.775159,50,238.27461
-10.242698,50,238.310414
-14.562979,50,238.352817
-7.483137,50,238.385334
-8.019743,50,238.421927
-9.182964,50,238.459833
-9.42058,50,238.497226
-10.752027,50,238.529537
-11.695042,50,238.561803
-9.029836,50,238.586809
-13.880735,50,238.619565
-10.88782,50,238.647964
-8.085283,50,238.674316
-8.109196,50,238.699677
-12.781913,50,238.736704
-12.781665,50,238.778096
-12.524623,50,238.817911
-7.792847,50,238.852677
-15.180537,50,238.878219
-9.921656,50,238.903427
-11.398923,50,238.924678
-7.90472,50,238.961947
-8.552902,50,239.000996
-8.468954,50,239.038318
-13.732115,50,239.076878
-8.402904,50,239.107928
-7.778369,50,239.138627
-8.381335,50,239.180669
-9.430291,50,239.218344
-10.567293,50,239.253037
-12.732734,50,239.293165
-9.700595,50,239.33372
-13.103747,50,239.373814
-9.645915,50,239.411012
-16.984575,50,239.438185
-13.567064,50,239.465259
-8.051658,50,239.498107
-9.770113,50,239.524313
-10.619687,50,240.273858
-10.77974,50,240.308953
-12.652675,50,240.349042
-11.732094,50,240.389335
-11.726139,50,240.428605
-12.362142,50,240.466359
-9.42586,50,240.506684
-13.860658,50,240.545736
-7.614122,50,240.585771
-12.003357,50,240.625327
-10.479228,50,240.664204
-16.572314,50,240.701707
-8.964569,50,240.743672
-10.438443,50,240.782936
-9.147219,50,240.818177
-13.20913,50,240.842778
-8.694418,50,240.871253
-14.436492,50,240.897172
-13.511777,50,240.919718
-8.681554,50,240.95273
-10.812573,50,240.992772
-8.925766,50,241.018209
-9.438168,50,241.042763
-16.430704,50,241.075145
-8.263077,50,241.104122
-10.385516,50,241.142939
-10.333925,50,241.166607
-8.711125,50,241.207715
-10.958456,50,241.236201
-11.786364,50,241.267889
-15.575932,50,241.308509
-9.280311,50,241.345795
-8.714603,50,241.387306
-16.043741,50,241.427345
-9.474157,50,241.466116
-14.272887,50,241.506526
-7.694393,50,241.544466
-13.97474,50,241.581459
-14.287291,50,241.61974
-13.532235,50,241.663032
-12.286869,50,241.697763
-11.241596,50,242.325199
-9.249688,50,242.368934
-13.353031,50,242.410398
-8.65757,50,242.449616
-9.420681,50,242.487951
-10.216562,50,242.529792
-10.27732,50,242.568951
-9.811206,50,242.605508
-8.532448,50,242.646568
-10.83535,50,242.685807
-9.065899,50,242.721755
-13.518273,50,242.754032
-9.846698,50,242.788658
-8.539042,50,242.824254
-11.430358,50,242.855665
-15.14197,50,242.889753
-10.948763,50,242.922573
-9.873825,50,242.964255
-8.358311,50,243.000649
-9.33726,50,243.025168
-10.740537,50,243.064345
-10.845534,50,243.09382
-10.773693,50,243.13465
-10.321749,50,243.169441
-8.56188,50,243.206614
-8.15403,50,243.228918
-14.369742,50,243.27486
-14.148082,50,243.307313
-15.077952,50,243.337763
-9.255904,50,243.381217
-9.483679,50,243.417938
-13.159516,50,243.459805
-10.486409,50,243.498657
-11.184679,50,243.526855
-8.748623,50,243.553447
-10.55619,50,243.585374
-12.651333,50,243.619807
-10.454774,50,243.646466
-8.429716,50,243.673812
-7.822779,50,243.705948
-14.016527,50,243.739099
-8.895337,50,244.428244
-9.755718,50,244.467342
-15.678183,50,244.508384
-11.120799,50,244.545805
-11.193493,50,244.58733
-10.702073,50,244.625958
-13.85013,50,244.665705
-7.814281,50,244.705266
-15.351456,50,244.742612
-12.946033,50,244.78688
-10.519107,50,244.824763
-11.420505,50,244.862581
-14.140067,50,244.899807
-15.132557,50,244.929718
-13.750824,50,244.961175
-8.796321,50,244.993484
-14.740482,50,245.024959
-12.09554,50,245.056615
-12.744978,50,245.087554
-9.407708,50,245.121562
-9.301291,50,245.161899
-13.658267,50,245.194731
-10.578001,50,245.2277
-11.150833,50,245.25006
-14.834512,50,245.289498
-14.428602,50,245.317331
-8.025392,50,245.355754
-9.826385,50,245.389558
-13.357924,50,245.430948
-11.035931,50,245.47295
-10.224666,50,245.514085
-13.92071,50,245.552519
-15.788082,50,245.591249
-10.996949,50,245.629814
-8.925129,50,245.669954
-13.447004,50,245.707038
-16.260309,50,245.752005
-11.519061,50,245.791116
-15.582413,50,245.830803
-12.914221,50,245.870552
-8.327698,50,245.914365
-8.897618,50,246.644507
-14.436708,50,246.687125
-12.034957,50,246.725519
-16.953883,50,246.762758
-8.13593,50,246.80286
-17.945414,50,246.839617
-11.706269,50,246.880181
-11.853928,50,246.919109
-10.428205,50,246.959736
-9.416407,50,246.997625
-14.876503,50,247.026083
-15.119028,50,247.054115
-16.680398,50,247.075849
-15.604108,50,247.115471
-10.792308,50,247.146263
-8.575217,50,247.17219
-8.977319,50,247.199583
-8.838,50,247.234234
-11.258279,50,247.261059
-12.864293,50,247.288051
-13.198451,50,247.312012
-9.157109,50,247.336275
-8.356743,50,247.368483
-7.818527,50,247.397163
-16.193799,50,247.42061
-14.222478,50,247.454134
-9.419155,50,247.476822
-13.634035,50,247.499183
-8.802671,50,247.541826
-8.487592,50,247.583074
-10.624562,50,247.607396
-13.65413,50,247.639736
-12.144729,50,247.678725
-10.792413,50,247.712833
-8.976195,50,247.756458
-9.51466,50,247.792535
-10.425067,50,247.832496
-9.119889,50,247.871367
-12.70392,50,247.894425
-14.999232,50,247.925979
-8.194916,50,247.954781
-9.127674,50,248.742643
-8.278044,50,248.782876
-8.931146,50,248.823538
-13.041162,50,248.863
-9.212967,50,248.903128
-8.17036,50,248.943013
-7.84739,50,248.979503
-9.70547,50,249.021955
-8.21863,50,249.065396
-8.161578,50,249.109438
-9.519791,50,249.147951
-11.128855,50,249.183345
-8.323677,50,249.222615
-14.701758,50,249.255863
-12.393531,50,249.290342
-14.585151,50,249.324723
-8.737456,50,249.361287
-9.072186,50,249.395463
-10.22353,50,249.431378
-10.933294,50,249.470736
-7.708944,50,249.506702
-8.901521,50,249.544768
-7.840114,50,249.578864
-8.164282,50,249.617798
-10.284422,50,249.65175
-7.736788,50,249.674614
-9.32337,50,249.697795
-11.204756,50,249.725142
-8.866252,50,249.760214
-7.579088,50,249.797735
-16.68545,50,249.836704
-14.909384,50,249.874383
-11.329437,50,249.915176
-13.10272,50,249.956944
-7.954691,50,249.992268
-9.774848,50,250.028182
-13.845996,50,250.053536
-8.489651,50,250.082606
-10.402656,50,250.12024
-8.112792,50,250.148941
-8.411288,50,250.181806
-10.687836,50,250.903613
-12.558605,50,250.945463
-8.187971,50,250.983953
-10.263748,50,251.019739
-9.113296,50,251.060708
-7.630501,50,251.097939
-9.123446,50,251.137585
-11.185554,50,251.175311
-17.818811,50,251.210582
-15.352401,50,251.252944
-13.724464,50,251.29245
-9.897312,50,251.332621
-10.923419,50,251.373981
-12.060251,50,251.40046
-11.906517,50,251.424832
-9.422344,50,251.455962
-7.450763,50,251.490564
-10.445566,50,251.523742
-17.018815,50,251.55973
-7.612991,50,251.588331
-8.065062,50,251.618946
-10.645935,50,251.659589
-9.591612,50,251.697184
-10.25759,50,251.737905
-12.956542,50,251.778621
-10.294248,50,251.803487
-10.761461,50,251.824068
-8.525101,50,251.844465
-11.629208,50,251.873095
-8.081405,50,251.90408
-8.447263,50,251.925851
-9.270705,50,251.947107
-12.64167,50,251.988554
-9.907132,50,252.020285
-8.76877,50,252.040301
-9.079124,50,252.080752
-14.631564,50,252.111183
-8.903345,50,252.131315
-13.137288,50,252.15141
-8.575946,50,252.171577
-9.45367,50,252.206697
-10.297166,50,252.918312
-7.966719,50,252.958909
-14.399023,50,252.997133
-12.724052,50,253.040367
-13.33495,50,253.077025
-13.119446,50,253.117588
-12.697507,50,253.159265
-11.367802,50,253.192664
-8.603341,50,253.22319
-7.545481,50,253.2594
-8.093259,50,253.285689
-12.279918,50,253.31177
-8.914818,50,253.337357
-11.243445,50,253.366379
-15.999975,50,253.404723
-8.064626,50,253.436205
-11.904278,50,253.470332
-13.525383,50,253.49825
-9.055701,50,253.530571
-13.521345,50,253.561742
-8.501166,50,253.591943
-11.013241,50,253.621682
-11.199343,50,253.653719
-11.333933,50,253.69132
-15.436439,50,253.720253
-8.458368,50,253.747636
-15.839752,50,253.780815
-12.744025,50,253.810778
-11.414499,50,253.83327
-12.330571,50,253.859644
-18.431492,50,253.899417
-15.122615,50,253.941326
-13.242327,50,253.980517
-10.983732,50,254.0151
-14.302899,50,254.053907
-15.798766,50,254.076966
-14.015642,50,254.100868
-8.060453,50,254.1382
-9.524135,50,254.160815
-13.872411,50,254.18557
-10.620349,50,254.213465
-8.972858,50,254.931713
-13.88497,50,254.972507
-8.305802,50,255.012331
-14.359749,50,255.05045
-12.911735,50,255.088368
-10.854029,50,255.127976
-12.373076,50,255.168647
-8.447616,50,255.208681
-12.181662,50,255.250239
-11.630292,50,255.289762
-8.126224,50,255.325618
-11.629561,50,255.362409
-8.678638,50,255.389066
-8.242889,50,255.416525
-13.965942,50,255.444061
-15.360234,50,255.475186
-15.368438,50,255.512302
-14.008654,50,255.55276
-14.376867,50,255.590633
-11.119033,50,255.617731
-10.753256,50,255.651251
-11.592614,50,255.672472
-10.950567,50,255.706801
-8.718462,50,255.740926
-7.864139,50,255.767834
-14.746387,50,255.810513
-9.31588,50,255.846379
-16.676645,50,255.875746
-11.149838,50,255.910897
-10.483985,50,255.949425
-12.682141,50,255.991871
-11.257562,50,256.029917
-13.913168,50,256.068684
-11.934252,50,256.108812
-14.647381,50,256.150559
-12.581672,50,256.187241
-15.105007,50,256.221607
-8.865778,50,256.25681
-7.947487,50,256.289243
-13.360338,50,256.318337
-9.573925,50,256.355194
-11.620833,50,257.354072
-13.338238,50,257.393889
-10.891507,50,257.430303
-10.12907,50,257.473343
-14.177825,50,257.511536
-15.348361,50,257.54832
-11.618898,50,257.585685
-8.512173,50,257.627381
-14.565346,50,257.66651
-10.825692,50,257.69866
-11.031711,50,257.734455
-7.799934,50,257.770455
-10.665116,50,257.805447
-15.122152,50,257.84059
-11.223,50,257.872183
-9.010728,50,257.90737
-11.348626,50,257.935168
-11.872334,50,257.968917
-8.241959,50,257.994388
-10.048279,50,258.019502
-14.86274,50,258.044243
-13.65987,50,258.078645
-10.360664,50,258.116166
-17.652939,50,258.143669
-8.8218,50,258.178053
-12.47466,50,258.21961
-14.324818,50,258.264654
-11.717563,50,258.302231
-14.923328,50,258.333082
-8.886373,50,258.373253
-11.554422,50,258.40375
-9.772596,50,258.444812
-12.209932,50,258.480054
-12.190738,50,258.510554
-8.188633,50,258.549052
-9.5881,50,258.577412
-9.46262,50,258.610937
-8.475297,50,258.643855
-11.739094,50,258.679876
-8.789384,50,258.713626
-13.110557,50,258.743104
-14.085147,50,259.546759
-11.14017,50,259.586614
-11.257661,50,259.626369
-14.88181,50,259.667571
-8.567496,50,259.705787
-11.476425,50,259.74545
-7.794773,50,259.783371
-8.646066,50,259.822192
-9.212017,50,259.864297
-9.238827,50,259.900622
-11.240307,50,259.932479
-15.2006,50,259.97286
-9.269438,50,260.001688
-9.479696,50,260.036652
-11.900193,50,260.058095
-7.426639,50,260.086224
-15.684905,50,260.120615
-7.810102,50,260.152157
-11.487301,50,260.184331
-10.022626,50,260.213355
-10.104711,50,260.238706
-8.70679,50,260.272487
-10.18116,50,260.303722
-13.129847,50,260.338813
-12.168006,50,260.376488
-14.833538,50,260.401748
-11.263102,50,260.435597
-16.241198,50,260.479599
-10.196697,50,260.522788
-9.106814,50,260.561584
-11.35093,50,260.600798
-11.138104,50,260.639868
-8.549973,50,260.675771
-10.004952,50,260.712058
-13.021508,50,260.747971
-9.264263,50,260.774756
-10.999053,50,260.817103
-16.45406,50,260.852644
-8.013177,50,260.884098
-10.123883,50,260.910235
-12.788162,50,260.935621
-8.572672,50,261.652605
-11.019996,50,261.694141
-12.482092,50,261.732648
-9.572491,50,261.771808
-8.994038,50,261.80892
-9.46122,50,261.848825
-15.602578,50,261.892808
-13.561989,50,261.933364
-11.473572,50,261.96078
-10.4865,50,262.004338
-11.399859,50,262.040338
-12.919036,50,262.0819
-14.969956,50,262.120394
-15.941367,50,262.160323
-9.979232,50,262.198742
-12.329616,50,262.236813
-16.45935,50,262.277434
-13.468553,50,262.315329
-8.330977,50,262.348141
-8.281693,50,262.380213
-10.373369,50,262.413814
-16.658293,50,262.452862
-14.228669,50,262.497058
-9.026868,50,262.536597
-11.520187,50,262.573484
-14.727873,50,262.615971
-8.80432,50,262.653948
-15.892483,50,262.685999
-13.096656,50,262.718827
-8.398937,50,262.751597
-8.603544,50,262.792464
-11.137854,50,262.826335
-8.252527,50,262.868201
-12.297535,50,262.904543
-12.052463,50,262.942878
-11.991317,50,262.978947
-14.296692,50,263.006216
-8.42983,50,263.037128
-14.26737,50,263.07454
-9.492953,50,263.108304
-8.860906,50,263.129917
-14.545093,50,264.142754
-8.090685,50,264.184912
-9.000257,50,264.221756
-8.610532,50,264.263397
-12.488468,50,264.30115
-10.599399,50,264.339198
-11.121614,50,264.372753
-14.281765,50,264.395671
-8.977934,50,264.43271
-12.512672,50,264.466438
-9.120551,50,264.500027
-10.114806,50,264.531369
-12.279877,50,264.559929
-11.37002,50,264.594296
-8.379278,50,264.619004
-12.588023,50,264.647524
-13.637271,50,264.684442
-12.037922,50,264.70627
-9.852336,50,264.737326
-8.917396,50,264.765713
-8.264871,50,264.800744
-10.899013,50,264.834505
-15.680345,50,264.862809
-8.177277,50,264.899069
-14.052716,50,264.931595
-14.336436,50,264.969911
-9.093578,50,264.991857
-13.116366,50,265.018471
-12.219843,50,265.046514
-8.798255,50,265.079751
-9.094301,50,265.118382
-8.75116,50,265.156368
-12.815829,50,265.18731
-8.295742,50,265.209514
-10.310071,50,265.239933
-7.720577,50,265.27683
-14.546908,50,265.307373
-13.029153,50,265.332171
-9.244397,50,265.354523
-8.291042,50,265.397387
-11.402902,50,266.385512
-7.2939,50,266.42545
-13.162029,50,266.46348
-16.658064,50,266.505652
-14.19276,50,266.544863
-10.452718,50,266.584414
-11.946481,50,266.622465
-13.890533,50,266.660164
-8.069804,50,266.69319
-14.641088,50,266.72981
-8.208811,50,266.763179
-8.520618,50,266.800683
-7.967603,50,266.822951
-11.97688,50,266.84573
-8.731568,50,266.868393
-11.987147,50,266.907155
-9.997007,50,266.945058
-10.374734,50,266.973691
-7.774182,50,266.99876
-10.41102,50,267.027899
-8.56243,50,267.058579
-15.589913,50,267.084638
-14.224856,50,267.116799
-16.359775,50,267.144615
-14.019096,50,267.176029
-9.259463,50,267.208679
-16.532285,50,267.240502
-13.079337,50,267.282257
-10.831347,50,267.314163
-11.719786,50,267.343389
-13.237067,50,267.367062
-11.596053,50,267.403569
-16.127871,50,267.443099
-9.1245,50,267.482815
-14.278379,50,267.524339
-10.702994,50,267.565597
-9.097974,50,267.595574
-14.75758,50,267.623442
-10.318861,50,267.664604
-10.790229,50,267.701372
-10.669241,50,267.731545
-11.853253,50,268.633749
-10.719985,50,268.675391
-13.268769,50,268.714746
-13.504384,50,268.754427
-16.7576,50,268.794189
-11.85794,50,268.832744
-9.562834,50,268.869481
-9.090244,50,268.907936
-10.236745,50,268.936332
-12.140546,50,268.978463
-13.646479,50,269.017598
-11.587472,50,269.050309
-8.534371,50,269.075709
-13.293083,50,269.102099
-14.834401,50,269.129014
-10.809839,50,269.169181
-10.257229,50,269.207389
-9.114712,50,269.230728
-15.194046,50,269.257245
-11.786018,50,269.278666
-10.434247,50,269.305379
-14.320391,50,269.333518
-9.265046,50,269.372155
-9.402888,50,269.415485
-11.248887,50,269.447602
-9.123647,50,269.475934
-15.959547,50,269.517516
-8.97838,50,269.554475
-7.562255,50,269.584456
-9.148375,50,269.621682
-9.006643,50,269.663318
-10.076413,50,269.700237
-11.38101,50,269.736563
-13.864487,50,269.775934
-8.450972,50,269.815801
-11.713145,50,269.841921
-8.732285,50,269.873777
-10.88009,50,269.902886
-12.98849,50,269.941243
-9.762721,50,269.970186
-10.386344,50,269.99997
-8.157734,50,270.827261
-12.634785,50,270.863437
-9.961047,50,270.902382
-11.098315,50,270.932615
-17.50742,50,270.973643
-12.543118,50,271.01068
-12.095837,50,271.056013
-8.669961,50,271.093373
-9.775353,50,271.129812
-8.166634,50,271.166582
-8.027156,50,271.207551
-10.052127,50,271.248572
-9.789967,50,271.277854
-11.214944,50,271.305103
-14.778674,50,271.335175
-9.769631,50,271.362095
-12.240139,50,271.385189
-13.860042,50,271.418589
-15.617523,50,271.444204
-9.989278,50,271.466521
-11.188074,50,271.488404
-8.197363,50,271.510209
-8.729476,50,271.531511
-8.031102,50,271.556092
-11.195586,50,271.596325
-8.487378,50,271.639281
-11.372691,50,271.678141
-9.409582,50,271.700447
-9.294558,50,271.743817
-15.441069,50,271.782529
-15.726103,50,271.82153
-9.248295,50,271.861341
-8.843143,50,271.897761
-8.618639,50,271.942864
-8.262537,50,271.983052
-12.867069,50,272.026691
-16.599112,50,272.06799
-10.818394,50,272.110459
-8.639722,50,272.148957
-8.854731,50,272.190057
-15.287031,50,272.227478
-12.224079,50,272.943192
-8.08053,50,272.979686
-8.1933,50,273.023279
-9.070185,50,273.059841
-11.190509,50,273.097914
-8.905516,50,273.140456
-11.078949,50,273.179104
-10.33051,50,273.217038
-8.773988,50,273.25674
-15.160665,50,273.297512
-14.000805,50,273.325845
-9.131412,50,273.359416
-7.813049,50,273.401723
-13.257163,50,273.426527
-9.490322,50,273.452158
-12.824101,50,273.484044
-10.876985,50,273.509684
-9.723727,50,273.538765
-8.108736,50,273.568803
-14.570185,50,273.598735
-16.254622,50,273.634755
-9.015758,50,273.667478
-12.216407,50,273.704208
-8.143333,50,273.739777
-8.76547,50,273.768914
-9.065465,50,273.79944
-15.684799,50,273.822424
-13.334459,50,273.862406
-11.442838,50,273.892196
-16.729869,50,273.920688
-9.767707,50,273.958478
-10.323688,50,273.994552
-11.489537,50,274.03455
-10.071093,50,274.075929
-14.283147,50,274.10442
-16.292222,50,274.146308
-15.038609,50,274.184524
-10.947934,50,274.216486
-11.623278,50,274.243261
-12.096924,50,274.266829
-9.298043,50,274.308501
-13.629678,50,275.29358
-9.513399,50,275.333323
-11.194139,50,275.373715
-9.514165,50,275.412624
-11.168963,50,275.453737
-16.594311,50,275.498039
-11.491522,50,275.542715
-10.983238,50,275.58037
-9.844007,50,275.621656
-11.525397,50,275.661977
-15.481589,50,275.691689
-11.854809,50,275.723362
-8.150687,50,275.747868
-15.622318,50,275.782348
-10.430417,50,275.812695
-11.36595,50,275.84443
-8.37699,50,275.873502
-8.66889,50,275.911144
-8.62197,50,275.943392
-8.780388,50,275.965832
-9.109428,50,275.988648
-11.055779,50,276.02036
-12.782196,50,276.053731
-9.828477,50,276.090884
-11.438786,50,276.127351
-10.75654,50,276.164937
-11.109044,50,276.202543
-9.324814,50,276.244371
-8.242581,50,276.285206
-9.423878,50,276.325437
-9.361288,50,276.360846
-10.792886,50,276.404022
-12.202225,50,276.444188
-8.004347,50,276.482393
-10.669645,50,276.522055
-13.429391,50,276.55749
-13.423423,50,276.595632
-15.659699,50,276.633791
-9.009314,50,276.668514
-12.516436,50,276.701677
-10.869945,50,276.739444
-8.968097,50,277.712079
-10.029357,50,277.74926
-9.108254,50,277.788612
-16.972468,50,277.828499
-15.164878,50,277.868714
-11.798859,50,277.908429
-9.766568,50,277.946609
-9.088792,50,277.986485
-12.504269,50,278.018038
-10.405098,50,278.046003
-8.147362,50,278.083925
-10.061077,50,278.115227
-9.219728,50,278.138746
-10.237041,50,278.162143
-9.271735,50,278.194263
-8.516343,50,278.22158
-7.9968,50,278.255258
-14.959706,50,278.285751
-12.261163,50,278.319931
-11.450911,50,278.354109
-10.537908,50,278.381267
-9.761871,50,278.421196
-9.736355,50,278.459539
-9.278758,50,278.493454
-12.794259,50,278.53405
-10.820439,50,278.563689
-11.524562,50,278.602704
-11.727932,50,278.642385
-9.778864,50,278.67573
-9.145455,50,278.702142
-13.92783,50,278.744272
-7.95709,50,278.779527
-8.485479,50,278.816874
-8.997115,50,278.850865
-8.02523,50,278.886168
-11.060054,50,278.924962
-9.296663,50,278.956875
-14.661943,50,278.984865
-7.95012,50,279.024
-8.556548,50,279.051944
-13.596532,50,279.08334
-12.551174,50,279.776139
-13.582782,50,279.815875
-11.561308,50,279.852542
-8.24138,50,279.893452
-15.065521,50,279.93242
-8.831651,50,279.969372
-9.868725,50,280.008723
-15.494809,50,280.046729
-10.537407,50,280.085234
-12.858304,50,280.122413
-11.605961,50,280.150797
-12.02419,50,280.183667
-15.400808,50,280.225724
-8.899894,50,280.261541
-12.385977,50,280.300531
-11.624462,50,280.339415
-15.756612,50,280.365229
-9.355783,50,280.39382
-9.941474,50,280.424634
-11.83979,50,280.464328
-10.70246,50,280.492293
-9.720246,50,280.513672
-13.493269,50,280.543822
-16.026824,50,280.571798
-13.912507,50,280.592568
-8.785362,50,280.625702
-11.82856,50,280.647129
-11.591402,50,280.66753
-11.115785,50,280.699753
-8.999683,50,280.725918
-8.324043,50,280.753255
-8.936287,50,280.787737
-8.144672,50,280.809734
-15.630446,50,280.844654
-8.048077,50,280.872803
-14.536978,50,280.911765
-11.33757,50,280.94814
-11.566119,50,280.971763
-9.02582,50,280.995365
-10.856568,50,281.035253
-14.501824,50,281.064969
-8.610067,50,281.731989
-12.777961,50,281.762486
-10.847385,50,281.804534
-13.506774,50,281.84473
-10.579405,50,281.884142
-11.424502,50,281.92661
-11.377411,50,281.965814
-8.038793,50,282.001954
-9.673913,50,282.036698
-11.839962,50,282.071822
-8.528432,50,282.109581
-8.625406,50,282.133425
-8.843779,50,282.163963
-8.184482,50,282.200277
-13.702377,50,282.233582
-13.175672,50,282.263327
-7.635591,50,282.306677
-12.037547,50,282.346617
-8.54227,50,282.382329
-10.762431,50,282.40735
-12.13116,50,282.436095
-7.971642,50,282.459043
-12.928592,50,282.482425
-13.829396,50,282.505126
-15.042982,50,282.529873
-14.536019,50,282.559642
-15.478242,50,282.592029
-13.003126,50,282.621639
-10.945767,50,282.654324
-8.028043,50,282.693747
-14.230378,50,282.732202
-11.831874,50,282.765742
-10.066282,50,282.801528
-14.555729,50,282.835939
-9.830621,50,282.869305
-14.764942,50,282.891921
-10.450937,50,282.931226
-8.341226,50,282.958155
-13.169681,50,282.98071
-11.437948,50,283.00832
-8.785397,50,283.041527
-12.778645,50,284.041458
-8.168028,50,284.078762
-9.649434,50,284.117736
-8.200384,50,284.158113
-8.466548,50,284.19823
-7.341214,50,284.224206
-9.033502,50,284.248525
-10.085819,50,284.273016
-8.894962,50,284.299586
-14.746293,50,284.323477
-9.101004,50,284.344671
-9.750283,50,284.376933
-12.5773,50,284.401893
-10.129984,50,284.425837
-8.911737,50,284.467847
-7.665802,50,284.494015
-16.22287,50,284.516142
-9.984013,50,284.556354
-11.121604,50,284.601143
-10.966514,50,284.638281
-9.778677,50,284.678409
-10.173223,50,284.711633
-14.45995,50,284.745442
-11.271237,50,284.779297
-10.881241,50,284.805905
-9.422737,50,284.843256
-13.148568,50,284.869657
-8.549768,50,284.902853
-12.526997,50,284.92823
-11.454752,50,284.970619
-10.598771,50,285.009501
-11.113623,50,285.052136
-15.065328,50,285.093751
-14.900519,50,285.126111
-14.988156,50,285.15307
-8.580369,50,285.184392
-9.711831,50,285.221162
-11.451078,50,285.251117
-9.630193,50,285.281496
-13.674985,50,285.307824
-11.69875,50,285.336831
-13.169482,50,286.281181
-10.171565,50,286.31418
-13.229042,50,286.354652
-11.332198,50,286.395963
-8.848183,50,286.434828
-13.27047,50,286.478487
-14.202591,50,286.51735
-11.371657,50,286.55024
-16.511855,50,286.57454
-8.621963,50,286.607414
-7.856453,50,286.635573
-8.112943,50,286.657653
-15.56896,50,286.679026
-13.397674,50,286.709498
-9.880418,50,286.734761
-10.74313,50,286.760371
-14.728163,50,286.800914
-7.608732,50,286.825897
-11.743689,50,286.868596
-9.246656,50,286.899805
-7.500543,50,286.925631
-8.079599,50,286.951236
-8.706026,50,286.991404
-8.309467,50,287.031252
-11.089132,50,287.058196
-10.418433,50,287.080564
-14.630782,50,287.106784
-11.191613,50,287.143678
-9.397285,50,287.172851
-9.457231,50,287.211699
-11.593624,50,287.247983
-12.407254,50,287.291532
-12.70712,50,287.327913
-8.087474,50,287.365299
-13.705562,50,287.406395
-8.392984,50,287.431132
-13.344924,50,287.456752
-10.027149,50,287.501055
-12.426041,50,287.532185
-14.363782,50,287.56185
-13.51546,50,287.591478
-12.680006,50,288.59528
-12.883709,50,288.632667
-13.450301,50,288.672927
-13.554449,50,288.714016
-15.401571,50,288.753754
-8.408505,50,288.793569
-8.546999,50,288.831438
-8.405586,50,288.872318
-9.012209,50,288.912457
-8.607916,50,288.950789
-10.433922,50,288.984056
-8.396282,50,289.021344
-8.055734,50,289.058604
-11.374614,50,289.091511
-16.265381,50,289.114038
-11.581108,50,289.13925
-11.79726,50,289.182484
-11.103452,50,289.212995
-12.237629,50,289.236506
-15.409372,50,289.268003
-12.988349,50,289.292575
-10.219799,50,289.31421
-7.872211,50,289.336005
-8.879603,50,289.361566
-8.941748,50,289.401598
-14.08498,50,289.430741
-10.467082,50,289.466473
-14.200129,50,289.493495
-9.274672,50,289.527518
-11.19636,50,289.555352
-10.111864,50,289.595733
-11.996834,50,289.633912
-12.220278,50,289.672015
-14.523313,50,289.711508
-10.59183,50,289.751372
-12.959707,50,289.790828
-11.146532,50,289.832404
-7.919775,50,289.87143
-9.927746,50,289.909842
-11.866283,50,289.953103
-15.760378,50,289.990301
-9.791498,50,290.959163
-12.359573,50,291.001709
-15.830584,50,291.040886
-12.307075,50,291.080856
-12.567027,50,291.114209
-12.711,50,291.152478
-11.26329,50,291.192463
-16.473037,50,291.230577
-7.63684,50,291.27257
-11.793567,50,291.308676
-8.620542,50,291.339828
-8.437094,50,291.372078
-9.301229,50,291.408363
-9.022591,50,291.442616
-13.792879,50,291.483654
-15.39262,50,291.512663
-10.868647,50,291.551118
-8.952061,50,291.587469
-9.762201,50,291.622434
-11.028796,50,291.660424
-13.66848,50,291.683774
-9.516563,50,291.70416
-13.163441,50,291.724578
-14.53291,50,291.744974
-8.935631,50,291.777296
-10.423145,50,291.805533
-9.217811,50,291.841515
-11.97218,50,291.877939
-9.479188,50,291.898443
-9.109995,50,291.925565
-9.631125,50,291.956024
-10.861515,50,292.000741
-11.928274,50,292.03868
-8.921039,50,292.078448
-8.671661,50,292.116605
-9.11545,50,292.159284
-13.230834,50,292.1908
-9.769612,50,292.222786
-8.711656,50,292.264889
-13.236696,50,292.304776
-15.060719,50,292.337349
-13.702657,50,293.011796
-9.047524,50,293.052422
-8.113366,50,293.089879
-12.191861,50,293.134209
-16.350931,50,293.174515
-11.786867,50,293.211544
-11.040777,50,293.253297
-13.724581,50,293.292979
-10.442564,50,293.330632
-10.36764,50,293.367797
-9.19916,50,293.407275
-10.112016,50,293.44727
-8.455049,50,293.47516
-10.861675,50,293.499558
-12.184504,50,293.535456
-10.430172,50,293.5692
-12.482602,50,293.599915
-11.859006,50,293.635004
-10.357495,50,293.655738
-8.363264,50,293.684772
-9.891851,50,293.723991
-11.90385,50,293.759635
-11.124876,50,293.794673
-10.202161,50,293.81858
-14.693306,50,293.855654
-11.278521,50,293.89144
-10.235316,50,293.925574
-8.336469,50,293.95418
-11.199468,50,293.987508
-13.897681,50,294.02563
-8.078772,50,294.065802
-9.735903,50,294.105815
-10.913996,50,294.148156
-13.520285,50,294.18763
-10.208681,50,294.227962
-8.691395,50,294.265405
-9.198111,50,294.299611
-13.674015,50,294.337341
-13.923807,50,294.379662
-8.441904,50,294.423659
-8.970186,50,294.459547
-12.390967,50,295.163661
-7.701053,50,295.203239
-11.551454,50,295.240937
-15.468247,50,295.279297
-15.025929,50,295.316665
-12.897467,50,295.355904
-12.996504,50,295.395877
-7.906403,50,295.435488
-15.534865,50,295.476332
-11.582082,50,295.514957
-12.263463,50,295.55315
-10.318288,50,295.591798
-9.385888,50,295.631418
-14.789111,50,295.67085
-8.866067,50,295.710489
-12.502282,50,295.73974
-13.624469,50,295.7618
-13.254012,50,295.795946
-12.49059,50,295.834255
-7.95435,50,295.872694
-9.284195,50,295.909681
-15.150752,50,295.943336
-15.076928,50,295.971514
-9.835489,50,296.011921
-8.401644,50,296.039284
-9.728232,50,296.066268
-8.066422,50,296.100421
-9.626959,50,296.13757
-16.765509,50,296.179639
-11.01404,50,296.218821
-10.721981,50,296.259664
-7.698945,50,296.281995
-12.683858,50,296.313721
-9.223158,50,296.337126
-8.263884,50,296.374842
-8.062198,50,296.414503
-8.837018,50,296.448554
-15.909141,50,296.487825
-9.344547,50,296.514912
-13.562155,50,296.550194
-11.767679,50,296.586512
-8.118996,50,297.320382
-10.035445,50,297.360616
-11.818284,50,297.399625
-10.306298,50,297.438225
-9.327677,50,297.475032
-9.521983,50,297.516627
-10.979863,50,297.548604
-13.408194,50,297.588986
-12.966873,50,297.623958
-13.836086,50,297.656731
-9.219228,50,297.693289
-12.038317,50,297.718716
-16.484224,50,297.749546
-9.27966,50,297.783055
-13.933519,50,297.822572
-8.298603,50,297.8464
-13.521316,50,297.876374
-9.799962,50,297.914964
-8.92442,50,297.951002
-9.681616,50,297.970787
-8.880502,50,298.007881
-8.712072,50,298.050389
-15.985648,50,298.072805
-14.049899,50,298.109091
-9.698377,50,298.140897
-10.476972,50,298.170971
-10.135985,50,298.20208
-12.171212,50,298.224474
-10.896281,50,298.255171
-15.70305,50,298.292526
-8.178172,50,298.332866
-8.923027,50,298.371577
-13.707278,50,298.412866
-13.617933,50,298.452594
-10.989512,50,298.493046
-11.155796,50,298.532452
-12.474473,50,298.559313
-11.523753,50,298.5834
-16.353233,50,298.607965
-15.501393,50,298.630276
-12.656997,50,298.651936
-14.037169,50,299.390788
-9.135601,50,299.432837
-9.327218,50,299.468198
-8.795597,50,299.508696
-9.97997,50,299.547916
-12.856688,50,299.58973
-8.982012,50,299.630699
-16.77775,50,299.671052
-8.131457,50,299.712738
-11.452864,50,299.748311
-9.34274,50,299.788206
-8.911792,50,299.82086
-8.556809,50,299.857389
-9.759125,50,299.892972
-8.487588,50,299.925138
-9.004764,50,299.961628
-8.722487,50,299.999939
-11.093255,50,300.03743
-11.334563,50,300.075757
-11.43894,50,300.114567
-12.600511,50,300.147016
-9.892808,50,300.176151
-9.698465,50,300.221957
-11.077746,50,300.256649
-10.232732,50,300.285973
-10.496311,50,300.312311
-8.18601,50,300.337575
-11.766514,50,300.365624
-10.39518,50,300.400563
-8.858277,50,300.44262
-7.509393,50,300.481381
-11.661458,50,300.523832
-8.880734,50,300.5628
-12.208864,50,300.600811
-8.007319,50,300.642327
-15.835558,50,300.68259
-8.650073,50,300.720589
-14.051086,50,300.751059
-14.00531,50,300.783865
-14.395856,50,300.815696
-12.347515,50,300.849688
-9.799026,50,301.844436
-9.255224,50,301.883277
-8.095591,50,301.923851
-9.888347,50,301.964675
-10.929354,50,302.000778
-10.748774,50,302.043882
-9.996468,50,302.078017
-15.671009,50,302.120929
-9.978108,50,302.160029
-10.639013,50,302.187745
-10.464637,50,302.215508
-11.31937,50,302.245832
-17.496657,50,302.279735
-12.488098,50,302.307127
-14.840287,50,302.34318
-7.97938,50,302.375107
-8.108113,50,302.401894
-10.244859,50,302.440732
-12.248035,50,302.468264
-11.286722,50,302.492082
-9.509601,50,302.515618
-14.501165,50,302.540623
-11.148964,50,302.567256
-16.941728,50,302.593771
-14.252458,50,302.62171
-12.283093,50,302.650927
-9.962764,50,302.691951
-10.16908,50,302.719592
-9.654663,50,302.749162
-13.555946,50,302.772777
-8.704486,50,302.800186
-9.884811,50,302.832158
-14.712787,50,302.874501
-10.584438,50,302.91109
-9.619488,50,302.950054
-10.344037,50,302.993113
-16.44784,50,303.032561
-9.352727,50,303.069177
-10.650034,50,303.109157
-9.981082,50,303.135859
-8.776435,50,303.163014
-9.758157,50,303.769541
-8.211744,50,303.805135
-15.613465,50,303.835504
-9.425464,50,303.877517
-12.255756,50,303.918273
-15.390968,50,303.959409
-15.741806,50,303.999976
-10.89108,50,304.037409
-10.087264,50,304.07759
-8.01992,50,304.117566
-11.81658,50,304.155357
-10.421703,50,304.199416
-15.788989,50,304.238228
-15.042089,50,304.273128
-10.065972,50,304.298398
-11.431213,50,304.326185
-8.586542,50,304.359944
-13.449082,50,304.389141
-12.128366,50,304.42017
-15.76562,50,304.447732
-9.054309,50,304.474288
-9.384446,50,304.496989
-12.266714,50,304.518214
-12.707689,50,304.546894
-11.51731,50,304.586245
-8.633021,50,304.622288
-10.662958,50,304.652639
-9.745447,50,304.686029
-8.153787,50,304.718624
-9.821258,50,304.743932
-8.286764,50,304.76787
-9.650694,50,304.800711
-9.586339,50,304.837644
-14.6041,50,304.879774
-11.439139,50,304.92126
-12.738269,50,304.96154
-10.70693,50,304.999522
-16.672736,50,305.033851
-8.498528,50,305.063691
-11.585926,50,305.104385
-13.508241,50,305.135893
-15.157495,50,305.823339
-8.893208,50,305.865796
-11.750061,50,305.901922
-15.466252,50,305.942587
-11.321344,50,305.980668
-8.999106,50,306.017169
-14.938792,50,306.058338
-10.696766,50,306.099118
-11.751587,50,306.130247
-16.019493,50,306.155318
-8.863267,50,306.194587
-12.859892,50,306.229475
-9.335981,50,306.253938
-8.326556,50,306.278724
-16.090836,50,306.307004
-8.103661,50,306.336115
-8.193173,50,306.371703
-14.662473,50,306.403028
-12.118071,50,306.428875
-8.404792,50,306.464809
-14.855909,50,306.500752
-12.591155,50,306.540318
-10.805413,50,306.573006
-8.988686,50,306.59931
-15.742899,50,306.639578
-11.766345,50,306.662684
-8.33002,50,306.696062
-9.157492,50,306.718731
-12.434327,50,306.759269
-9.15483,50,306.797323
-8.515642,50,306.833368
-14.869018,50,306.873733
-13.70352,50,306.914864
-8.799803,50,306.954411
-9.32541,50,306.991603
-12.756123,50,307.031351
-9.082571,50,307.070649
-8.20668,50,307.100651
-10.083247,50,307.129027
-7.524185,50,307.162963
-13.836479,50,307.196689
-10.347397,50,308.097089
-7.680948,50,308.136931
-8.075799,50,308.176557
-9.212255,50,308.215673
-8.417985,50,308.25494
-9.070016,50,308.294042
-13.93673,50,308.333845
-8.693625,50,308.370897
-14.863803,50,308.408622
-9.412244,50,308.446992
-10.775305,50,308.485605
-14.042216,50,308.508571
-9.60864,50,308.533145
-10.416286,50,308.566736
-15.98706,50,308.605396
-10.719335,50,308.627248
-8.979621,50,308.670455
-15.446333,50,308.70599
-9.095755,50,308.736988
-9.197216,50,308.76261
-11.770147,50,308.793995
-12.29689,50,308.828547
-12.657874,50,308.864477
-15.382132,50,308.902372
-10.82669,50,308.925211
-14.141396,50,308.949808
-9.275533,50,308.976078
-11.180423,50,309.001652
-12.087634,50,309.023169
-11.503584,50,309.04628
-8.933426,50,309.077627
-9.464153,50,309.117229
-9.100112,50,309.156277
-11.657549,50,309.188963
-10.441742,50,309.23109
-11.53535,50,309.27062
-8.051213,50,309.308437
-10.712923,50,309.343886
-10.59133,50,309.38216
-14.020317,50,309.421702
-11.648466,50,309.455804
-14.664959,50,310.173815
-12.028565,50,310.211476
-8.783779,50,310.253446
-12.837501,50,310.291499
-10.049263,50,310.33183
-8.36473,50,310.37192
-11.484848,50,310.412156
-12.177079,50,310.449672
-14.299898,50,310.487507
-10.564914,50,310.526943
-9.921085,50,310.563224
-10.888042,50,310.60278
-10.218634,50,310.64141
-13.772643,50,310.678428
-15.739156,50,310.718671
-7.824712,50,310.754256
-8.863829,50,310.794015
-11.86327,50,310.834005
-9.515105,50,310.863556
-13.21761,50,310.9034
-10.481814,50,310.941288
-10.73195,50,310.974801
-7.885493,50,311.01532
-8.525941,50,311.051282
-12.527051,50,311.081955
-12.806214,50,311.118765
-9.035215,50,311.148899
-9.637322,50,311.190563
-14.584235,50,311.232731
-9.155822,50,311.271976
-15.349999,50,311.307962
-12.101324,50,311.34542
-16.8653,50,311.379495
-13.886706,50,311.417907
-9.862076,50,311.455242
-10.332188,50,311.480734
-9.136486,50,311.510621
-7.99232,50,311.547602
-10.061656,50,311.575752
-9.346852,50,311.607738
-12.020734,50,311.643851
-10.279616,50,312.293459
-10.0723,50,312.333845
-12.227098,50,312.37471
-9.99048,50,312.41336
-10.041318,50,312.450458
-8.025257,50,312.475692
-12.259926,50,312.498284
-12.306936,50,312.528952
-11.457978,50,312.568532
-12.008779,50,312.593997
-7.538428,50,312.618748
-8.546128,50,312.658092
-11.57446,50,312.690483
-8.809659,50,312.717591
-10.633732,50,312.739552
-16.200063,50,312.773702
-10.460739,50,312.804274
-11.391741,50,312.836227
-8.414625,50,312.869299
-10.376333,50,312.910589
-9.674922,50,312.950894
-8.418468,50,312.980946
-7.908489,50,313.008925
-8.942996,50,313.053645
-9.042352,50,313.094182
-9.675886,50,313.128984
-15.467566,50,313.160662
-12.252506,50,313.204468
-8.018889,50,313.240727
-13.325185,50,313.270751
-12.1371,50,313.308862
-8.622898,50,313.347795
-12.029451,50,313.386408
-9.378984,50,313.425445
-15.557615,50,313.462609
-14.190516,50,313.498232
-15.359081,50,313.540626
-10.918059,50,313.575638
-10.055725,50,313.615395
-12.749018,50,313.644824
-10.993716,50,313.674927
-8.484496,50,314.371663
-9.686206,50,314.411318
-9.623686,50,314.450505
-12.138197,50,314.492004
-12.93921,50,314.529305
-8.693685,50,314.56716
-7.627247,50,314.608841
-11.521249,50,314.643524
-10.261485,50,314.668216
-8.612358,50,314.696362
-10.799656,50,314.724534
-10.393063,50,314.762132
-13.525189,50,314.797744
-11.688847,50,314.823107
-13.734381,50,314.845348
-8.205236,50,314.869607
-16.412442,50,314.893955
-8.722172,50,314.91546
-9.931115,50,314.939553
-11.688184,50,314.966619
-11.48361,50,315.005415
-9.124011,50,315.043354
-11.761474,50,315.065729
-12.744464,50,315.105486
-10.094257,50,315.144306
-8.912826,50,315.175744
-8.691593,50,315.215725
-11.510509,50,315.244564
-11.708446,50,315.288761
-8.188468,50,315.311979
-13.732181,50,315.356419
-12.010231,50,315.398834
-8.788433,50,315.436669
-10.128791,50,315.470979
-8.385666,50,315.509428
-8.448268,50,315.550389
-10.507272,50,315.587616
-12.326363,50,315.626545
-12.53876,50,315.666737
-8.542137,50,315.699651
-8.880198,50,315.73686
-12.744351,50,316.426785
-7.672177,50,316.466835
-12.21105,50,316.504061
-12.06667,50,316.528902
-14.012385,50,316.567781
-7.742432,50,316.607503
-8.498107,50,316.644819
-9.86174,50,316.685118
-11.875535,50,316.723631
-7.982563,50,316.762004
-10.349854,50,316.801851
-10.652866,50,316.838436
-11.166157,50,316.876792
-13.252723,50,316.914008
-14.882601,50,316.947364
-12.252115,50,316.979096
-8.575071,50,317.01381
-8.565398,50,317.051212
-13.592641,50,317.087986
-11.96881,50,317.128733
-11.482979,50,317.162921
-13.368174,50,317.204223
-15.899044,50,317.235791
-8.705246,50,317.271403
-8.26642,50,317.309504
-11.39159,50,317.343376
-12.826517,50,317.381496
-9.936546,50,317.424995
-9.082078,50,317.465122
-9.241241,50,317.503386
-10.510276,50,317.541873
-12.609782,50,317.580962
-13.783423,50,317.61167
-8.577233,50,317.645872
-9.214519,50,317.675052
-10.127402,50,317.705999
-9.152685,50,317.741039
-10.328626,50,317.771815
-14.811412,50,317.808939
-15.186381,50,317.84266
-8.795271,50,317.87378
-10.434866,50,318.545525
-9.714829,50,318.587017
-15.085642,50,318.626597
-12.28564,50,318.660944
-10.505415,50,318.698525
-8.592285,50,318.724169
-11.662517,50,318.757812
-10.202698,50,318.796669
-13.486732,50,318.824245
-13.759777,50,318.846796
-8.409027,50,318.876645
-13.582406,50,318.905065
-12.532828,50,318.932428
-9.557484,50,318.970699
-7.879201,50,319.001484
-8.82464,50,319.03122
-9.480921,50,319.058703
-13.472063,50,319.081256
-7.89055,50,319.10383
-10.665691,50,319.144548
-14.468025,50,319.177131
-12.814315,50,319.206721
-7.65039,50,319.24347
-8.708866,50,319.27871
-10.815543,50,319.315226
-7.895564,50,319.338143
-12.001412,50,319.372357
-9.173845,50,319.408463
-11.869675,50,319.44013
-12.038321,50,319.470037
-13.246002,50,319.497799
-15.092139,50,319.533457
-11.667664,50,319.569957
-14.454533,50,319.611354
-9.106724,50,319.650758
-13.545099,50,319.69012
-11.601964,50,319.719857
-10.910768,50,319.742888
-12.784089,50,319.775806
-11.659777,50,319.811805
-11.622631,50,320.600829
-8.811232,50,320.640421
-8.589888,50,320.678467
-9.249865,50,320.718726
-12.080721,50,320.760946
-11.577191,50,320.802306
-9.495871,50,320.837904
-8.831746,50,320.874003
-10.724636,50,320.910342
-12.175149,50,320.952146
-13.826605,50,320.992941
-11.624388,50,321.024319
-10.853695,50,321.054634
-15.967199,50,321.094399
-15.183046,50,321.135637
-11.395476,50,321.171016
-13.080232,50,321.199679
-8.809304,50,321.237566
-10.949238,50,321.270674
-8.853037,50,321.301106
-12.110915,50,321.342734
-12.969559,50,321.36435
-13.711855,50,321.402328
-8.910279,50,321.425019
-14.515312,50,321.449644
-10.603153,50,321.474618
-11.621664,50,321.513879
-9.031702,50,321.55058
-7.794245,50,321.574366
-8.845687,50,321.596979
-11.395055,50,321.629717
-12.145417,50,321.671002
-11.491295,50,321.700684
-13.712408,50,321.724566
-9.82976,50,321.75754
-13.311415,50,321.79943
-12.299502,50,321.829597
-8.541791,50,321.853709
-11.565086,50,321.889818
-11.285617,50,321.931758
-10.933795,50,321.971201
-8.437264,50,322.597084
-11.07556,50,322.636193
-9.293859,50,322.672928
-9.984588,50,322.716844
-7.876911,50,322.741474
-8.560037,50,322.764097
-7.758647,50,322.796505
-8.362442,50,322.830179
-10.259165,50,322.872898
-9.224345,50,322.90851
-14.570023,50,322.947989
-8.920816,50,322.981417
-9.007235,50,323.01435
-10.051823,50,323.05034
-10.636243,50,323.079595
-10.813668,50,323.10445
-8.733187,50,323.140471
-8.575055,50,323.177913
-14.66108,50,323.212461
-9.932287,50,323.248009
-8.546909,50,323.288604
-11.333165,50,323.32194
-8.217734,50,323.358872
-11.677424,50,323.400808
-10.146911,50,323.434458
-8.536489,50,323.469954
-11.274594,50,323.501619
-7.978187,50,323.547102
-11.413844,50,323.585651
-9.975113,50,323.621839
-10.264992,50,323.661481
-13.730636,50,323.69012
-10.77452,50,323.716326
-9.369259,50,323.745676
-14.997934,50,323.784847
-9.292924,50,323.823761
-9.034734,50,323.854881
-13.037655,50,323.878414
-14.077648,50,323.901063
-9.147404,50,323.932321
-11.21102,50,323.973262
-14.699886,50,324.818848
-12.086177,50,324.857912
-16.346319,50,324.899638
-12.645797,50,324.937383
-7.829567,50,324.965528
-10.925343,50,324.988414
-10.368231,50,325.017827
-11.302032,50,325.060424
-8.655091,50,325.098153
-8.138242,50,325.136833
-9.425876,50,325.173588
-7.991796,50,325.205956
-13.282587,50,325.241441
-9.327904,50,325.275704
-14.731366,50,325.308942
-8.281379,50,325.333993
-11.761436,50,325.369536
-9.942363,50,325.408401
-8.749046,50,325.439889
-9.352359,50,325.469253
-9.79866,50,325.495659
-9.140084,50,325.520152
-10.976931,50,325.558535
-12.135215,50,325.587693
-8.421316,50,325.630023
-9.560249,50,325.666151
-14.057876,50,325.699535
-12.663215,50,325.734684
-10.012252,50,325.769746
-10.162407,50,325.807538
-11.966649,50,325.847857
-13.093341,50,325.87475
-8.591412,50,325.913778
-8.713572,50,325.951712
-9.076917,50,325.987942
-15.485111,50,326.011105
-13.222934,50,326.043773
-8.769551,50,326.077966
-9.027858,50,326.106636
-10.069303,50,326.141107
-13.619497,50,326.171085
-9.748178,50,327.149912
-8.01822,50,327.189619
-9.518479,50,327.225768
-8.683415,50,327.265396
-11.985537,50,327.303544
-14.700108,50,327.342969
-14.473853,50,327.383551
-13.117148,50,327.422791
-8.364774,50,327.456954
-11.811302,50,327.48723
-9.652914,50,327.520418
-15.56708,50,327.554217
-8.247523,50,327.595068
-13.665837,50,327.620889
-11.28551,50,327.645319
-9.600985,50,327.676753
-8.713226,50,327.704014
-11.201832,50,327.729629
-10.976294,50,327.775299
-14.335639,50,327.798692
-9.949591,50,327.823263
-10.941459,50,327.849808
-8.703434,50,327.882809
-9.620156,50,327.910092
-8.818647,50,327.941365
-10.55183,50,327.967276
-16.292197,50,327.990594
-12.302945,50,328.021673
-10.078613,50,328.048639
-9.150896,50,328.077822
-11.66639,50,328.110705
-11.370549,50,328.147552
-8.601662,50,328.188321
-8.145186,50,328.228414
-9.133393,50,328.267032
-11.602947,50,328.306221
-8.149145,50,328.340835
-8.325164,50,328.363717
-10.794983,50,328.404616
-7.854845,50,328.445359
-9.412544,50,328.481599
-9.246098,50,329.447555
-10.005101,50,329.487299
-10.472757,50,329.525725
-12.505506,50,329.563479
-11.917448,50,329.60179
-10.80554,50,329.634259
-9.078318,50,329.673847
-11.94699,50,329.711177
-8.684857,50,329.737158
-8.177938,50,329.767547
-10.149969,50,329.801063
-9.043242,50,329.830853
-8.062657,50,329.865728
-12.296816,50,329.890912
-7.672025,50,329.915195
-9.871344,50,329.951144
-13.158327,50,329.993214
-14.682406,50,330.031876
-7.980412,50,330.056742
-10.898843,50,330.079587
-11.011269,50,330.105246
-11.322733,50,330.145819
-11.093659,50,330.179464
-11.051652,50,330.216882
-8.59568,50,330.252195
-12.127542,50,330.28432
-14.982878,50,330.31085
-13.397967,50,330.335946
-8.179967,50,330.365026
-14.552627,50,330.395679
-13.917561,50,330.437872
-11.499277,50,330.476791
-8.220378,50,330.516741
-10.059206,50,330.557824
-15.239686,50,330.592593
-8.483677,50,330.630156
-12.481529,50,330.65615
-11.762548,50,330.693699
-9.000687,50,330.735984
-9.334604,50,330.758609
-8.135103,50,330.789971
-15.294806,50,331.717462
-7.968863,50,331.756881
-8.111651,50,331.79553
-10.719193,50,331.838051
-11.22264,50,331.873143
-8.374874,50,331.912229
-12.012232,50,331.950713
-8.750968,50,331.986455
-10.521634,50,332.01951
-11.76563,50,332.060951
-10.579225,50,332.089607
-15.007737,50,332.114528
-13.860466,50,332.146427
-11.571103,50,332.169636
-9.455288,50,332.19317
-8.229771,50,332.228477
-10.438939,50,332.266183
-13.852025,50,332.309327
-11.473236,50,332.339293
-9.459024,50,332.377686
-11.285576,50,332.41015
-10.067841,50,332.437037
-9.144234,50,332.469663
-10.907041,50,332.508671
-12.232335,50,332.540605
-12.639187,50,332.562782
-9.265472,50,332.588942
-8.114019,50,332.621689
-10.948527,50,332.656688
-11.966888,50,332.681166
-8.880199,50,332.704089
-8.896094,50,332.743634
-11.509503,50,332.779128
-11.611111,50,332.812392
-10.642848,50,332.841198
-11.921765,50,332.867327
-9.842129,50,332.893237
-9.244508,50,332.917122
-13.024682,50,332.950146
-13.684828,50,332.989784
-8.617147,50,333.026341
-7.829876,50,333.995223
-9.457239,50,334.032297
-10.50762,50,334.064576
-14.014168,50,334.10693
-16.375419,50,334.148961
-14.927677,50,334.189669
-12.056316,50,334.23019
-9.679733,50,334.268712
-15.283496,50,334.310847
-12.499597,50,334.349943
-8.360505,50,334.387019
-8.916624,50,334.413477
-9.630329,50,334.436607
-13.858525,50,334.474477
-8.457898,50,334.512515
-8.062456,50,334.541135
-13.509714,50,334.569319
-8.922792,50,334.609292
-8.782502,50,334.646983
-8.489863,50,334.678172
-12.837951,50,334.713279
-16.220838,50,334.735844
-9.038812,50,334.772767
-8.00172,50,334.802376
-8.973436,50,334.834107
-9.515748,50,334.864293
-8.357186,50,334.893034
-12.402956,50,334.917132
-12.425195,50,334.948486
-8.175382,50,334.990057
-12.208139,50,335.030267
-12.75074,50,335.064852
-13.286338,50,335.104725
-13.60936,50,335.145638
-8.16058,50,335.172907
-9.394441,50,335.213272
-9.599652,50,335.256142
-15.335876,50,335.291673
-9.409881,50,335.321516
-11.069089,50,335.3589
-9.742832,50,335.391861
-8.145177,50,336.112703
-8.700226,50,336.151739
-13.72014,50,336.193236
-13.333704,50,336.236132
-8.570546,50,336.277624
-12.916346,50,336.315482
-8.626225,50,336.354793
-9.44597,50,336.389871
-10.474189,50,336.428281
-8.183779,50,336.455828
-12.078164,50,336.484869
-9.171466,50,336.528483
-9.542745,50,336.553727
-12.712232,50,336.584955
-9.094457,50,336.628323
-15.651445,50,336.668882
-8.060954,50,336.708415
-11.026992,50,336.736117
-9.408746,50,336.759515
-9.478497,50,336.781817
-10.657611,50,336.807704
-11.23708,50,336.837622
-8.070372,50,336.878191
-13.0098,50,336.905746
-11.103851,50,336.936356
-12.687586,50,336.976386
-15.67181,50,337.009462
-10.256007,50,337.033007
-12.599216,50,337.055287
-15.089186,50,337.088002
-9.796204,50,337.127586
-12.180541,50,337.156617
-8.74314,50,337.187401
-8.953292,50,337.226725
-9.15708,50,337.252825
-12.470678,50,337.294502
-8.711516,50,337.323603
-8.63568,50,337.366645
-11.839651,50,337.400767
-12.557781,50,337.437252
-13.937781,50,337.464746
-9.844751,50,338.188969
-11.281188,50,338.214284
-8.93355,50,338.253656
-10.320884,50,338.293296
-13.260615,50,338.330467
-12.619823,50,338.37093
-9.809891,50,338.411589
-10.754275,50,338.444649
-14.072576,50,338.479864
-8.459738,50,338.50271
-10.089852,50,338.540584
-10.062723,50,338.566317
-8.210769,50,338.590849
-15.330671,50,338.62431
-8.627056,50,338.649264
-16.208743,50,338.680653
-9.905964,50,338.724378
-9.32074,50,338.755615
-10.340264,50,338.782396
-12.13391,50,338.819985
-10.08844,50,338.861223
-9.624849,50,338.894387
-9.061275,50,338.917397
-9.870474,50,338.948919
-9.655814,50,338.976895
-10.937588,50,339.002953
-14.924721,50,339.028969
-11.763346,50,339.058127
-14.859488,50,339.087198
-8.84049,50,339.121708
-15.610815,50,339.145244
-12.404836,50,339.187055
-9.70804,50,339.227617
-11.253677,50,339.264575
-8.938501,50,339.305015
-9.280241,50,339.342289
-9.871736,50,339.385008
-8.550803,50,339.425627
-13.566929,50,339.466418
-10.112958,50,339.506706
-13.120399,50,339.544521
-9.467518,50,340.237318
-16.628554,50,340.277077
-11.108944,50,340.315401
-11.530152,50,340.356601
-9.511129,50,340.386996
-12.620608,50,340.430353
-14.818328,50,340.466827
-8.596896,50,340.510937
-11.756317,50,340.547716
-9.452577,50,340.589881
-14.43351,50,340.63264
-8.077886,50,340.667768
-13.24178,50,340.706621
-12.564352,50,340.736621
-8.553397,50,340.758995
-15.86768,50,340.785773
-8.321016,50,340.824915
-14.057099,50,340.862188
-8.759387,50,340.89446
-8.194269,50,340.929262
-12.574973,50,340.951761
-11.424744,50,340.99241
-9.421205,50,341.020465
-13.525152,50,341.04754
-14.450403,50,341.08426
-12.858239,50,341.117383
-11.7518,50,341.144222
-14.495414,50,341.171095
-15.724792,50,341.197953
-12.660694,50,341.233081
-10.390689,50,341.277421
-8.893052,50,341.317183
-13.567939,50,341.353761
-13.567932,50,341.394804
-14.008532,50,341.431596
-11.846346,50,341.46981
-13.987383,50,341.509485
-13.171918,50,341.534165
-8.140252,50,341.564914
-15.769055,50,341.603173
-13.994326,50,341.643924
-15.583579,50,342.30679
-8.033137,50,342.345813
-9.594647,50,342.387869
-10.800893,50,342.427632
-11.57556,50,342.462796
-8.75022,50,342.506237
-10.973098,50,342.536005
-12.236231,50,342.57156
-12.475213,50,342.608851
-12.0765,50,342.647141
-16.147347,50,342.675314
-8.876195,50,342.706566
-8.098745,50,342.736454
-8.832566,50,342.778184
-12.811355,50,342.818661
-10.661531,50,342.856382
-8.481837,50,342.897265
-10.831599,50,342.937409
-14.708686,50,342.97449
-9.026352,50,343.003645
-8.108372,50,343.049001
-11.225543,50,343.084074
-10.492422,50,343.11877
-9.548583,50,343.162708
-9.399735,50,343.196046
-11.127168,50,343.236893
-12.384845,50,343.271673
-14.496135,50,343.31274
-8.078723,50,343.355073
-10.252654,50,343.391387
-10.627575,50,343.433845
-8.543257,50,343.472181
-12.588429,50,343.502633
-12.14159,50,343.534367
-10.457646,50,343.57402
-10.197676,50,343.606581
-8.162524,50,343.640017
-10.577631,50,343.668308
-15.440928,50,343.692127
-11.160316,50,343.717264
-12.133044,50,343.742463
-11.947041,50,344.488883
-11.98394,50,344.526774
-9.296944,50,344.566717
-10.429833,50,344.608758
-12.288655,50,344.649923
-14.57181,50,344.685935
-11.660025,50,344.716717
-12.731372,50,344.747951
-10.687505,50,344.783206
-10.178101,50,344.815447
-12.764686,50,344.853935
-13.496762,50,344.88267
-13.074131,50,344.925925
-10.589767,50,344.956699
-8.775054,50,344.994906
-9.204919,50,345.023706
-13.065182,50,345.053303
-11.64369,50,345.079736
-7.792414,50,345.106784
-13.237683,50,345.128836
-11.715251,50,345.160138
-9.448817,50,345.197764
-9.193854,50,345.228914
-11.78341,50,345.269895
-14.819411,50,345.300367
-9.049,50,345.339602
-7.837713,50,345.367773
-8.617124,50,345.399873
-8.363731,50,345.439463
-9.749129,50,345.471824
-11.48682,50,345.511195
-12.868781,50,345.552193
-9.201457,50,345.591845
-8.499181,50,345.621613
-10.56056,50,345.642934
-10.956985,50,345.68345
-10.430494,50,345.7159
-12.90575,50,345.745234
-11.450375,50,345.773552
-15.772708,50,345.802105
-14.687474,50,345.828485
-14.728883,50,346.517982
-16.392819,50,346.555831
-10.853353,50,346.596576
-16.575638,50,346.636372
-9.220327,50,346.673925
-11.081074,50,346.710871
-8.676551,50,346.751543
-8.992595,50,346.791291
-10.142882,50,346.829558
-9.632021,50,346.859792
-12.158014,50,346.884135
-12.394612,50,346.919683
-8.620554,50,346.957644
-8.387926,50,346.993824
-14.904928,50,347.037539
-12.825239,50,347.074912
-12.307503,50,347.109837
-13.016774,50,347.138804
-8.975757,50,347.162761
-9.681525,50,347.187102
-8.513614,50,347.229811
-10.132413,50,347.256034
-9.252548,50,347.278689
-9.591435,50,347.316324
-12.234824,50,347.34523
-13.711908,50,347.377254
-9.447204,50,347.404506
-11.457259,50,347.446038
-13.681992,50,347.48518
-9.335809,50,347.527487
-8.431959,50,347.571838
-8.681919,50,347.611271
-13.893985,50,347.648758
-12.772121,50,347.691828
-9.724517,50,347.728633
-10.850325,50,347.768389
-10.343085,50,347.809496
-12.249931,50,347.841571
-8.676882,50,347.86709
-11.094198,50,347.889845
-8.674498,50,347.922641
-12.409042,50,348.684791
-8.160909,50,348.722082
-14.324863,50,348.762666
-12.134386,50,348.799517
-12.703193,50,348.840403
-9.893533,50,348.877376
-13.36427,50,348.919352
-8.42109,50,348.958544
-11.579592,50,348.99537
-12.570588,50,349.034701
-12.498736,50,349.074274
-16.131095,50,349.110553
-11.072568,50,349.139265
-8.783652,50,349.165622
-9.326661,50,349.204633
-14.613771,50,349.235849
-10.328588,50,349.276478
-8.763066,50,349.315698
-8.980716,50,349.33822
-12.57278,50,349.366837
-11.634264,50,349.39944
-12.392437,50,349.423331
-13.320274,50,349.461729
-11.527123,50,349.488971
-10.04394,50,349.524055
-8.550832,50,349.562363
-12.528039,50,349.591976
-8.636194,50,349.622176
-9.5071,50,349.658378
-9.839178,50,349.691954
-15.868581,50,349.732107
-8.67206,50,349.769171
-12.157783,50,349.811333
-11.84952,50,349.848796
-11.00063,50,349.876203
-14.499829,50,349.906242
-13.289141,50,349.944597
-8.721629,50,349.982985
-10.647914,50,350.02414
-9.278948,50,350.051509
-8.712244,50,350.076194
-16.404725,50,350.705735
-7.620991,50,350.7476
-9.347872,50,350.78415
-13.268354,50,350.823291
-14.262297,50,350.863357
-10.343186,50,350.899481
-8.265322,50,350.936672
-10.269399,50,350.979995
-15.95889,50,351.020458
-8.728783,50,351.056618
-12.319222,50,351.094121
-8.895188,50,351.131333
-13.142255,50,351.161142
-12.377975,50,351.191107
-11.452221,50,351.217453
-9.062863,50,351.254099
-10.514212,50,351.287
-13.562712,50,351.327432
-15.1323,50,351.363167
-12.607044,50,351.391691
-8.529845,50,351.437722
-12.780897,50,351.474404
-10.85124,50,351.514586
-9.223003,50,351.547743
-10.537277,50,351.574885
-12.435193,50,351.613086
-16.408392,50,351.640116
-9.300249,50,351.665601
-14.506089,50,351.686071
-13.625723,50,351.706125
-10.468138,50,351.727671
-8.30638,50,351.761354
-9.594737,50,351.795548
-9.620633,50,351.825124
-9.334922,50,351.86578
-8.875728,50,351.898932
-14.288136,50,351.941462
-11.235643,50,351.968309
-9.155015,50,351.993273
-13.620455,50,352.025505
-14.687634,50,352.06888
-10.061686,50,352.703185
-11.72181,50,352.742393
-9.810598,50,352.782933
-8.101364,50,352.82259
-11.586211,50,352.865362
-9.785354,50,352.903613
-9.203641,50,352.939045
-13.436579,50,352.971441
-9.980959,50,352.99944
-13.551927,50,353.024355
-12.812927,50,353.056887
-11.223852,50,353.088978
-8.689301,50,353.111075
-11.943765,50,353.132952
-13.783119,50,353.159951
-12.315585,50,353.184781
-11.589748,50,353.216366
-11.489728,50,353.241435
-8.141344,50,353.268176
-8.274637,50,353.292138
-10.857553,50,353.320085
-12.22446,50,353.352012
-8.142034,50,353.379313
-12.082358,50,353.41715
-12.605185,50,353.444562
-13.045849,50,353.484782
-9.168456,50,353.523206
-12.207416,50,353.561877
-9.588019,50,353.588563
-11.828845,50,353.614065
-12.255382,50,353.637851
-13.522631,50,353.677675
-13.282744,50,353.714581
-9.095501,50,353.758161
-12.05784,50,353.797925
-10.07048,50,353.838373
-9.237794,50,353.872565
-9.463223,50,353.904816
-10.36255,50,353.942749
-13.376069,50,353.980937
-12.016114,50,354.002993
-11.569503,50,354.617438
-9.405861,50,354.647213
-13.736522,50,354.676147
-11.243884,50,354.711539
-9.462851,50,354.753533
-9.926981,50,354.794555
-10.847214,50,354.831394
-12.65612,50,354.872512
-10.996942,50,354.910879
-12.916735,50,354.951384
-12.453663,50,354.989209
-11.323649,50,355.024915
-11.406948,50,355.052964
-10.452398,50,355.083046
-13.795369,50,355.123312
-10.882764,50,355.1562
-11.459926,50,355.189755
-12.42601,50,355.22377
-8.525629,50,355.249517
-10.120071,50,355.273225
-13.14256,50,355.294498
-8.983274,50,355.323618
-8.944488,50,355.35263
-10.393315,50,355.380987
-14.032955,50,355.413647
-11.809162,50,355.444343
-8.794546,50,355.472478
-11.796927,50,355.499827
-8.927744,50,355.52895
-10.908428,50,355.557626
-11.656108,50,355.588825
-14.865077,50,355.610425
-12.353049,50,355.642726
-8.011502,50,355.684402
-10.237935,50,355.706071
-11.959005,50,355.741606
-8.542704,50,355.784061
-9.079766,50,355.821792
-15.748073,50,355.850568
-8.740697,50,355.88386
-10.460842,50,355.91465
-14.02499,50,356.592746
-11.182617,50,356.622508
-11.522073,50,356.664927
-13.337863,50,356.694068
-15.249411,50,356.729362
-9.725852,50,356.769983
-11.067768,50,356.809646
-14.660633,50,356.848369
-14.10441,50,356.889361
-12.839627,50,356.927817
-9.227878,50,356.971593
-8.551256,50,357.004609
-10.856357,50,357.036315
-10.870574,50,357.066122
-16.638227,50,357.09678
-8.612055,50,357.128138
-14.066131,50,357.158791
-12.346665,50,357.194816
-14.981928,50,357.220932
-8.624007,50,357.261619
-10.099018,50,357.289744
-8.407224,50,357.316107
-10.515953,50,357.343912
-13.22917,50,357.377432
-10.050107,50,357.401611
-12.853687,50,357.439254
-10.184237,50,357.4679
-8.969713,50,357.501745
-8.512174,50,357.536788
-14.16865,50,357.571311
-12.178582,50,357.601848
-8.971949,50,357.637537
-8.941741,50,357.663769
-14.327286,50,357.695794
-12.880195,50,357.73929
-9.143276,50,357.77748
-10.956596,50,357.816139
-11.134765,50,357.857624
-9.14706,50,357.895525
-13.153787,50,357.934402
-11.1708,50,357.97494
-15.977947,50,358.714615
-8.992489,50,358.74991
-9.443595,50,358.789685
-11.462008,50,358.827937
-15.865416,50,358.869784
-8.492679,50,358.906811
-12.12087,50,358.947432
-8.778176,50,358.986923
-8.335792,50,359.023934
-9.509534,50,359.061699
-8.889462,50,359.100664
-14.743913,50,359.14119
-9.254788,50,359.180351
-12.113299,50,359.218235
-12.052209,50,359.257218
-10.312218,50,359.292674
-9.696467,50,359.325378
-8.814802,50,359.357865
-10.41027,50,359.393026
-9.21422,50,359.428863
-14.54136,50,359.458652
-11.58309,50,359.481866
-12.499608,50,359.518773
-9.062198,50,359.549219
-14.681436,50,359.579173
-8.056482,50,359.606047
-10.513631,50,359.627735
-11.947045,50,359.651352
-9.532558,50,359.675522
-9.341485,50,359.701428
-12.50903,50,359.723422
-11.242006,50,359.764754
-11.213776,50,359.80879
-8.942484,50,359.851487
-9.01462,50,359.890387
-12.589713,50,359.928483
-12.068513,50,359.970045
-8.571177,50,360.012443
-13.367907,50,360.050658
-8.17266,50,360.088111
-13.584556,50,360.113265
-13.090355,50,360.883565
-8.42698,50,360.926988
-9.726286,50,360.967015
-10.829794,50,361.000681
-9.619511,50,361.043881
-14.997664,50,361.085843
-8.103922,50,361.129659
-8.747874,50,361.168318
-11.928638,50,361.211125
-9.357899,50,361.249815
-13.005669,50,361.289769
-9.725316,50,361.327538
-9.235013,50,361.367338
-12.40661,50,361.406221
-12.414211,50,361.446814
-12.426132,50,361.472408
-13.969397,50,361.497267
-9.653608,50,361.522534
-11.619765,50,361.553981
-10.007534,50,361.591893
-8.768706,50,361.618814
-8.731632,50,361.642209
-13.65656,50,361.667316
-12.67604,50,361.690767
-12.394746,50,361.7175
-10.507166,50,361.751925
-11.720187,50,361.792474
-9.196359,50,361.815187
-13.711974,50,361.835171
-13.821977,50,361.855725
-11.349446,50,361.900816
-8.40883,50,361.939382
-11.836832,50,361.982192
-9.49445,50,362.02046
-17.014405,50,362.057918
-11.490326,50,362.095849
-10.210893,50,362.132442
-8.454868,50,362.169926
-12.718084,50,362.211054
-10.146187,50,362.249539
-15.712432,50,362.288752
-12.573389,50,362.934115
-10.769878,50,362.972126
-11.216175,50,363.012934
-9.637184,50,363.052957
-12.708516,50,363.090385
-8.564418,50,363.129902
-13.806021,50,363.167948
-10.182225,50,363.204832
-8.875949,50,363.237825
-11.690471,50,363.270736
-8.833798,50,363.299972
-13.254013,50,363.336946
-11.399748,50,363.372294
-8.740664,50,363.395149
-8.578923,50,363.422314
-9.692934,50,363.446953
-11.750293,50,363.484322
-9.345699,50,363.511187
-9.166898,50,363.539468
-12.175664,50,363.570693
-11.223473,50,363.595178
-13.708924,50,363.63096
-14.862037,50,363.661005
-13.325602,50,363.691845
-14.547791,50,363.715896
-11.13715,50,363.737518
-10.257676,50,363.768705
-15.42658,50,363.806996
-8.778578,50,363.844585
-8.370959,50,363.880484
-12.068335,50,363.923482
-8.507957,50,363.962776
-9.001634,50,364.001688
-11.509433,50,364.039524
-10.493903,50,364.074706
-9.437444,50,364.118281
-14.250258,50,364.157454
-8.960175,50,364.196625
-9.028229,50,364.236935
-9.563438,50,364.276744
-12.556995,50,364.318691
-9.743407,50,364.990953
-8.940204,50,365.030905
-8.453821,50,365.064766
-12.713691,50,365.107889
-11.432889,50,365.147213
-16.824398,50,365.186146
-8.893255,50,365.226693
-11.038551,50,365.256741
-8.555521,50,365.290823
-11.915868,50,365.316535
-8.876642,50,365.353832
-9.067545,50,365.380081
-8.537736,50,365.422646
-10.656836,50,365.451057
-15.15452,50,365.482023
-11.0968,50,365.521902
-15.329853,50,365.557542
-13.657264,50,365.583905
-14.041751,50,365.62583
-8.697367,50,365.65901
-12.285676,50,365.685244
-11.04411,50,365.713148
-11.711831,50,365.744648
-13.064273,50,365.778301
-10.942006,50,365.801149
-12.335821,50,365.845181
-16.106365,50,365.879509
-10.945091,50,365.914853
-11.636285,50,365.943433
-10.102061,50,365.983711
-8.574166,50,366.0277
-9.725648,50,366.06852
-11.399669,50,366.106177
-15.122166,50,366.132375
-9.768431,50,366.169133
-10.058494,50,366.192697
-9.821898,50,366.217746
-8.251278,50,366.247765
-9.769457,50,366.277036
-12.516021,50,366.302518
-8.846123,50,366.343417
-15.092057,50,367.349038
-12.346435,50,367.387226
-13.369446,50,367.417253
-13.313107,50,367.455816
-10.946759,50,367.495528
-12.717458,50,367.536518
-11.248736,50,367.57522
-9.820828,50,367.61717
-8.018751,50,367.644854
-10.989812,50,367.680792
-8.219131,50,367.72231
-11.007932,50,367.751293
-9.453765,50,367.781114
-11.972183,50,367.812672
-13.00784,50,367.838574
-12.430902,50,367.861481
-12.930006,50,367.884173
-11.048416,50,367.905824
-11.089559,50,367.933869
-14.0568,50,367.961673
-10.354391,50,367.984851
-12.151807,50,368.007539
-9.405478,50,368.042195
-9.208461,50,368.064785
-8.914757,50,368.087915
-9.790186,50,368.115387
-13.250289,50,368.14083
-9.34931,50,368.165602
-11.292704,50,368.189856
-15.431664,50,368.235219
-12.504882,50,368.268212
-8.607089,50,368.305765
-9.320822,50,368.346882
-15.593513,50,368.388095
-9.126137,50,368.429497
-12.492758,50,368.47005
-8.135567,50,368.509435
-14.174775,50,368.542904
-8.83511,50,368.568572
-8.891335,50,368.5998
-15.358947,50,368.632331
-11.497926,50,369.248142
-11.14561,50,369.273966
-9.465372,50,369.304779
-8.699545,50,369.330825
-10.916645,50,369.367756
-8.64311,50,369.409683
-14.38711,50,369.447165
-10.024682,50,369.487918
-8.565275,50,369.52414
-14.865506,50,369.560684
-12.417206,50,369.592759
-9.953839,50,369.620559
-12.774706,50,369.650096
-12.250105,50,369.678451
-10.333163,50,369.706593
-12.187032,50,369.734401
-9.048892,50,369.76306
-13.756557,50,369.807524
-9.753151,50,369.838648
-8.535173,50,369.875604
-10.081905,50,369.905318
-8.919055,50,369.926986
-16.695174,50,369.947375
-12.11613,50,369.971075
-12.822989,50,370.00609
-9.272593,50,370.035621
-9.471029,50,370.065154
-12.31134,50,370.098646
-9.019516,50,370.130041
-14.253512,50,370.15642
-9.185335,50,370.188842
-12.257731,50,370.214025
-8.380953,50,370.236744
-9.222136,50,370.264065
-9.095638,50,370.298029
-8.026268,50,370.323082
-16.550729,50,370.359111
-9.04081,50,370.399727
-8.180924,50,370.439848
-14.013525,50,370.478065
-12.461838,50,370.518747
-12.438625,50,371.386105
-9.592058,50,371.424496
-14.948756,50,371.465953
-13.783653,50,371.505547
-9.701513,50,371.546585
-8.562404,50,371.584782
-12.084673,50,371.625532
-13.622536,50,371.66296
-9.940655,50,371.700575
-9.937979,50,371.742647
-11.305491,50,371.779674
-9.162692,50,371.821328
-11.723886,50,371.862368
-14.297934,50,371.90071
-10.847915,50,371.928639
-12.262808,50,371.953152
-12.329432,50,371.990338
-10.332361,50,372.028371
-12.036823,50,372.060785
-11.539343,50,372.083093
-11.858607,50,372.122888
-11.417233,50,372.159798
-15.679544,50,372.189505
-15.412897,50,372.213471
-10.391841,50,372.244039
-12.812107,50,372.273751
-10.007751,50,372.302972
-12.564114,50,372.330018
-11.524403,50,372.369953
-8.092749,50,372.41094
-9.759729,50,372.448355
-10.127442,50,372.485833
-12.56897,50,372.527547
-12.312807,50,372.565448
-10.775432,50,372.598821
-11.943042,50,372.639605
-8.753087,50,372.681904
-9.737855,50,372.720989
-15.027332,50,372.758188
-9.032734,50,372.785059
-9.178524,50,373.774544
-16.739811,50,373.811745
-8.834503,50,373.851726
-10.802056,50,373.89105
-9.134445,50,373.927741
-11.722102,50,373.964308
-9.087897,50,374.00508
-8.502984,50,374.045666
-13.706849,50,374.086914
-11.342204,50,374.124325
-11.263883,50,374.156296
-15.856615,50,374.194832
-8.703996,50,374.221574
-8.214703,50,374.25781
-14.351358,50,374.296862
-11.720135,50,374.336537
-9.24414,50,374.370169
-11.310076,50,374.409935
-12.767411,50,374.431693
-9.868088,50,374.47115
-11.149439,50,374.495821
-9.809979,50,374.517909
-10.237557,50,374.553628
-10.265835,50,374.577743
-16.138752,50,374.599107
-9.148903,50,374.63673
-8.633699,50,374.678559
-11.639958,50,374.716231
-14.449941,50,374.755476
-14.039672,50,374.787745
-12.229684,50,374.825843
-15.644735,50,374.866296
-11.159659,50,374.906412
-12.107083,50,374.947391
-10.248883,50,374.989421
-14.036372,50,375.031187
-10.506661,50,375.069345
-12.532431,50,375.104753
-12.702354,50,375.135825
-15.798445,50,375.170834
-9.714102,50,375.208918
-9.006102,50,375.897323
-12.144007,50,375.936775
-11.11976,50,375.977623
-12.082473,50,376.018697
-13.898376,50,376.058879
-9.631707,50,376.097468
-11.887513,50,376.137383
-10.635967,50,376.1736
-11.997332,50,376.21326
-10.906653,50,376.252386
-8.047243,50,376.286686
-11.676415,50,376.316863
-12.128209,50,376.351497
-12.700624,50,376.383647
-11.236272,50,376.420945
-10.938434,50,376.453755
-13.757054,50,376.479882
-9.942999,50,376.51971
-13.549288,50,376.553121
-8.849115,50,376.588367
-9.456295,50,376.621891
-10.285241,50,376.647529
-8.36942,50,376.670299
-16.8595,50,376.699142
-10.615089,50,376.722179
-11.99941,50,376.745326
-12.916519,50,376.783243
-8.422577,50,376.804942
-8.643791,50,376.842058
-14.325791,50,376.876521
-11.117911,50,376.918192
-10.881285,50,376.957906
-11.985989,50,376.996969
-12.309521,50,377.037857
-8.206693,50,377.073844
-8.482684,50,377.116869
-10.978989,50,377.157573
-13.099862,50,377.196582
-10.178092,50,377.238748
-8.735131,50,377.278916
-14.345287,50,377.315136
-9.672144,50,378.016097
-9.065411,50,378.056387
-8.494966,50,378.095943
-14.637114,50,378.140348
-8.41091,50,378.180749
-13.342156,50,378.220088
-14.663983,50,378.26171
-8.577786,50,378.302564
-11.305725,50,378.34275
-10.128932,50,378.380209
-14.158722,50,378.420692
-13.517535,50,378.461312
-10.824839,50,378.496349
-9.223855,50,378.533131
-13.092562,50,378.567712
-8.151186,50,378.605905
-10.785612,50,378.641505
-9.090803,50,378.681297
-10.931209,50,378.707468
-10.710948,50,378.738793
-11.670609,50,378.763751
-11.198034,50,378.79883
-10.17156,50,378.825884
-9.612488,50,378.855514
-11.084741,50,378.878416
-14.361915,50,378.917646
-12.972556,50,378.956599
-10.984459,50,378.985436
-8.287493,50,379.019904
-14.939576,50,379.059192
-9.037044,50,379.100506
-12.917417,50,379.139201
-11.891984,50,379.178196
-9.196644,50,379.216801
-8.205994,50,379.261207
-8.753019,50,379.299774
-8.419647,50,379.338901
-15.798726,50,379.376496
-12.761329,50,379.418183
-8.223301,50,379.451696
-8.347939,50,379.474926
-10.657801,50,380.216136
-14.681906,50,380.253902
-14.454899,50,380.296211
-8.749007,50,380.331818
-9.675638,50,380.368865
-13.306747,50,380.408726
-9.419343,50,380.450268
-10.195183,50,380.482541
-11.32464,50,380.518617
-12.294647,50,380.557079
-12.363191,50,380.585399
-12.418862,50,380.614843
-11.739558,50,380.654915
-8.123457,50,380.692098
-10.052851,50,380.725963
-14.972681,50,380.751876
-13.255629,50,380.781269
-11.736171,50,380.803724
-9.405484,50,380.830212
-12.671726,50,380.862906
-8.474335,50,380.898689
-17.017713,50,380.936625
-11.675782,50,380.979151
-8.966862,50,381.009819
-9.189613,50,381.048226
-10.968645,50,381.088209
-9.765229,50,381.116179
-9.5558,50,381.158767
-14.298931,50,381.196854
-8.959842,50,381.237425
-10.196997,50,381.276473
-14.826979,50,381.319557
-11.545485,50,381.355859
-9.651309,50,381.393647
-9.069061,50,381.43433
-12.290429,50,381.4728
-10.956303,50,381.503941
-12.579647,50,381.537757
-9.433115,50,381.565632
-13.093662,50,381.602862
-9.096319,50,381.631709
-12.10689,50,382.35527
-8.705484,50,382.379489
-11.156078,50,382.403264
-9.814133,50,382.428354
-10.058399,50,382.46924
-12.54187,50,382.509334
-13.36303,50,382.548712
-14.174197,50,382.58863
-14.697441,50,382.626501
-13.279939,50,382.657922
-8.681265,50,382.693069
-9.381527,50,382.732616
-13.840274,50,382.76071
-8.461077,50,382.791954
-11.578367,50,382.828124
-13.954175,50,382.85498
-15.306734,50,382.883249
-13.101248,50,382.912964
-11.135556,50,382.941663
-11.985827,50,382.9851
-9.486352,50,383.010545
-12.09706,50,383.038551
-9.948349,50,383.07083
-10.522056,50,383.112557
-11.363557,50,383.150503
-14.402799,50,383.188698
-8.552615,50,383.215516
-9.151159,50,383.251607
-15.281721,50,383.285185
-9.011126,50,383.311442
-9.196945,50,383.344738
-12.950007,50,383.384715
-15.418523,50,383.422361
-8.839694,50,383.462859
-9.271588,50,383.500389
-11.678112,50,383.539875
-14.573729,50,383.572665
-12.938034,50,383.604592
-10.114883,50,383.64536
-14.356538,50,383.669517
-8.195278,50,383.706596
-14.554367,50,384.442193
-13.822997,50,384.479927
-11.734931,50,384.518464
-9.863759,50,384.558203
-8.299341,50,384.596973
-11.024312,50,384.632612
-10.001118,50,384.671775
-12.456104,50,384.70339
-10.561049,50,384.72488
-8.563302,50,384.763488
-8.087077,50,384.800051
-8.760235,50,384.840728
-10.077969,50,384.881134
-11.672332,50,384.920501
-13.366403,50,384.954255
-10.659251,50,384.983499
-16.207897,50,385.01117
-10.955876,50,385.043227
-10.025113,50,385.06586
-8.322851,50,385.086169
-11.439534,50,385.114547
-8.951242,50,385.137199
-10.868906,50,385.169301
-10.106741,50,385.191764
-9.43848,50,385.21769
-13.812933,50,385.240099
-15.831128,50,385.262058
-9.731168,50,385.292447
-8.148054,50,385.335357
-8.674911,50,385.372121
-11.969618,50,385.404575
-8.768814,50,385.442418
-9.171946,50,385.483552
-9.373859,50,385.522276
-8.107749,50,385.56169
-9.690627,50,385.599385
-8.819737,50,385.641062
-16.750565,50,385.683168
-13.759353,50,385.722805
-8.653258,50,385.76447
-9.007646,50,385.799845
-8.978737,50,386.533996
-10.758802,50,386.570359
-10.627678,50,386.607507
-10.551551,50,386.65015
-11.809715,50,386.689376
-12.606286,50,386.72845
-15.317307,50,386.768819
-12.962429,50,386.811249
-11.136806,50,386.848836
-8.7773,50,386.885582
-11.578917,50,386.912652
-9.181668,50,386.948512
-11.784063,50,386.98328
-14.133887,50,387.020133
-13.724621,50,387.04899
-8.930658,50,387.081837
-14.751181,50,387.124475
-9.35259,50,387.151229
-11.676574,50,387.187853
-14.360588,50,387.221258
-11.084661,50,387.253675
-9.634049,50,387.291544
-9.549405,50,387.324276
-9.223398,50,387.361629
-14.588357,50,387.391586
-14.545194,50,387.424917
-12.417092,50,387.462197
-12.171518,50,387.489211
-12.160345,50,387.526136
-16.229324,50,387.559761
-11.050396,50,387.599688
-9.774847,50,387.632488
-10.543983,50,387.673194
-11.722199,50,387.707888
-8.747035,50,387.747111
-9.925985,50,387.777952
-8.281334,50,387.807476
-12.637929,50,387.835958
-8.845168,50,387.875627
-8.015685,50,387.909922
-11.52628,50,387.942174
-7.837622,50,388.603259
-15.383509,50,388.641813
-8.250368,50,388.679888
-13.429782,50,388.719561
-10.654171,50,388.75646
-12.403379,50,388.801735
-15.727245,50,388.839506
-9.022993,50,388.880087
-8.224056,50,388.908576
-15.517032,50,388.941472
-12.090589,50,388.98099
-9.280807,50,389.016746
-9.446353,50,389.054592
-10.061926,50,389.091145
-13.956817,50,389.125415
-9.276874,50,389.156772
-14.567924,50,389.177135
-14.311813,50,389.221125
-11.774846,50,389.257941
-13.799868,50,389.291691
-11.56304,50,389.325775
-8.772947,50,389.36157
-14.20133,50,389.395949
-11.239835,50,389.429917
-10.014084,50,389.46804
-11.62865,50,389.511476
-14.517458,50,389.542399
-9.309005,50,389.57077
-8.691044,50,389.598358
-14.867879,50,389.635761
-8.342232,50,389.679955
-11.977567,50,389.716615
-10.880204,50,389.757589
-9.13695,50,389.790678
-9.020531,50,389.825896
-9.213397,50,389.854941
-14.773672,50,389.893014
-11.190883,50,389.926102
-10.122895,50,389.954419
-11.442295,50,389.99055
-9.065216,50,390.017554
