#{"t_start": 1765911605.7323031, "env_id": "Reacher-v4"}
r,l,t
-68.717154,50,0.05193
-57.796179,50,0.075329
-64.187343,50,0.09831
-65.308857,50,0.120797
-64.69472,50,0.142477
-63.811358,50,0.164932
-61.328874,50,0.186492
-61.506455,50,0.207896
-57.855711,50,0.228298
-62.531443,50,0.248141
-59.4126,50,0.272824
-66.846108,50,0.29753
-62.890287,50,0.322201
-59.59336,50,0.35696
-64.431486,50,0.38971
-65.312608,50,0.419817
-61.446293,50,0.448802
-56.314924,50,0.481754
-59.800661,50,0.519031
-59.202711,50,0.547077
-60.109311,50,0.57655
-65.683204,50,0.613113
-54.328287,50,0.635306
-52.536483,50,0.663275
-61.172013,50,0.695999
-74.499431,50,0.726436
-63.45068,50,0.76114
-66.701376,50,0.798929
-53.483516,50,0.831161
-63.048103,50,0.855483
-55.451713,50,0.892901
-60.89308,50,0.928472
-59.645763,50,0.950419
-57.934559,50,0.972679
-60.764216,50,0.995131
-53.744077,50,1.017497
-55.585098,50,1.039974
-61.706423,50,1.069724
-65.439286,50,1.111395
-61.110932,50,1.146149
-48.487447,50,1.937108
-56.072459,50,1.973672
-57.702837,50,2.011353
-68.054419,50,2.050308
-59.353775,50,2.091492
-70.208992,50,2.13039
-56.061718,50,2.168602
-57.999371,50,2.197956
-60.850921,50,2.228628
-63.540578,50,2.263518
-59.465377,50,2.288873
-57.548412,50,2.325016
-49.542725,50,2.361802
-63.202131,50,2.397491
-63.67589,50,2.427775
-60.255935,50,2.463322
-69.122269,50,2.499713
-57.72174,50,2.537404
-53.593429,50,2.565047
-57.65513,50,2.592351
-69.181531,50,2.618752
-59.985644,50,2.639915
-61.122475,50,2.681082
-60.893806,50,2.720656
-54.690411,50,2.764234
-58.827731,50,2.804406
-60.559683,50,2.836528
-62.610081,50,2.865176
-61.926561,50,2.905208
-62.897493,50,2.932135
-59.42807,50,2.973824
-53.870064,50,3.015532
-60.956711,50,3.052934
-63.375042,50,3.092191
-61.50896,50,3.132165
-60.386894,50,3.17038
-63.522393,50,3.208574
-56.565048,50,3.246629
-56.7332,50,3.283627
-66.666827,50,3.320298
-58.015826,50,3.354873
-57.961985,50,4.105286
-47.952626,50,4.142942
-63.133785,50,4.184903
-62.674361,50,4.223741
-55.795779,50,4.262175
-52.557764,50,4.302267
-56.80977,50,4.341175
-61.282604,50,4.378239
-59.33867,50,4.416668
-57.30307,50,4.457832
-56.663903,50,4.493446
-54.846327,50,4.532089
-59.116671,50,4.573796
-58.826074,50,4.604102
-47.161316,50,4.646824
-56.180241,50,4.685445
-50.766909,50,4.716385
-60.558367,50,4.749943
-54.533289,50,4.775269
-67.129102,50,4.805509
-59.528774,50,4.848874
-56.352808,50,4.885272
-58.594391,50,4.923359
-59.820164,50,4.962886
-62.441303,50,5.000412
-55.194137,50,5.026416
-50.948055,50,5.055993
-54.301284,50,5.089535
-62.784996,50,5.132352
-63.106292,50,5.169555
-64.77299,50,5.207685
-57.647165,50,5.241089
-65.543742,50,5.279508
-55.261849,50,5.305748
-59.754359,50,5.345103
-54.640394,50,5.377573
-58.596181,50,5.409477
-60.410636,50,5.444835
-66.756915,50,5.47055
-54.360718,50,5.492845
-51.133406,50,5.517772
-59.681232,50,6.357389
-58.854085,50,6.398752
-56.813227,50,6.438576
-53.651767,50,6.476433
-58.97621,50,6.514432
-59.920019,50,6.555182
-51.767762,50,6.591398
-55.232685,50,6.628805
-62.853162,50,6.666293
-56.905484,50,6.705594
-62.117805,50,6.741327
-60.323391,50,6.777304
-53.947418,50,6.804494
-53.792198,50,6.842868
-52.017709,50,6.871255
-55.4607,50,6.912297
-52.513264,50,6.951027
-57.839276,50,6.992711
-51.235617,50,7.018838
-56.172402,50,7.044333
-54.013369,50,7.082745
-59.769945,50,7.127506
-58.72702,50,7.163957
-54.830264,50,7.191447
-49.823746,50,7.221557
-46.694523,50,7.245159
-50.752147,50,7.277287
-55.626661,50,7.299316
-60.237169,50,7.328761
-52.380051,50,7.360675
-55.487124,50,7.398395
-60.010774,50,7.436816
-53.355507,50,7.479101
-57.808573,50,7.507055
-56.645363,50,7.532186
-54.556391,50,7.555768
-64.808094,50,7.591633
-50.65006,50,7.622729
-53.864106,50,7.650139
-65.334825,50,7.679737
-53.747148,50,7.70629
-52.049363,50,8.54904
-57.826436,50,8.576546
-50.134255,50,8.616398
-47.260249,50,8.649355
-48.47553,50,8.691851
-54.019667,50,8.731812
-50.762522,50,8.770368
-56.013533,50,8.810006
-53.640527,50,8.849596
-52.321611,50,8.885267
-51.54608,50,8.924209
-53.640525,50,8.964511
-50.264779,50,9.00357
-49.702606,50,9.035933
-49.886341,50,9.060253
-55.675645,50,9.083698
-52.9796,50,9.126367
-54.607857,50,9.162504
-55.642835,50,9.197051
-59.058175,50,9.230404
-54.612511,50,9.265126
-56.257743,50,9.30086
-53.568753,50,9.332848
-57.356137,50,9.363831
-52.452192,50,9.404345
-54.128817,50,9.440619
-46.639594,50,9.473433
-43.425506,50,9.497609
-54.945474,50,9.535064
-46.105283,50,9.577816
-50.26081,50,9.618869
-59.266977,50,9.65377
-48.337187,50,9.696137
-61.805005,50,9.732589
-51.851899,50,9.773315
-54.954455,50,9.811346
-51.706009,50,9.851968
-52.661722,50,9.886161
-50.698408,50,9.920459
-51.598363,50,9.951516
-49.508254,50,9.982927
-58.857705,50,10.940625
-53.736068,50,10.976853
-42.816613,50,11.01727
-42.305368,50,11.05749
-51.521691,50,11.098765
-56.19319,50,11.134987
-48.404862,50,11.173533
-46.21036,50,11.211276
-48.219668,50,11.253429
-42.526508,50,11.289579
-50.495334,50,11.321317
-54.098286,50,11.352573
-49.403146,50,11.388016
-54.364224,50,11.416085
-51.269458,50,11.444389
-53.019609,50,11.477709
-53.767922,50,11.510959
-47.964842,50,11.534877
-50.600138,50,11.559935
-59.074543,50,11.587665
-48.834644,50,11.616387
-51.70682,50,11.65185
-52.165081,50,11.678654
-53.357006,50,11.706535
-50.868075,50,11.73594
-47.620976,50,11.771982
-57.824919,50,11.803847
-55.132327,50,11.832316
-47.383084,50,11.87199
-48.540668,50,11.90377
-48.15904,50,11.926432
-44.178721,50,11.967913
-55.84979,50,12.006771
-51.087402,50,12.045908
-50.287134,50,12.08053
-54.000433,50,12.118123
-49.827175,50,12.156809
-48.620531,50,12.195217
-51.058561,50,12.233341
-53.608554,50,12.26949
-52.469285,50,12.311255
-47.350335,50,13.045962
-50.036528,50,13.083407
-45.450478,50,13.116636
-43.670958,50,13.154662
-45.305582,50,13.195069
-50.352898,50,13.234056
-47.418763,50,13.273972
-53.6006,50,13.30452
-52.685218,50,13.346755
-48.33352,50,13.385008
-45.951946,50,13.423612
-52.483693,50,13.46326
-57.607321,50,13.500574
-49.782009,50,13.532659
-50.462546,50,13.562212
-49.641789,50,13.592663
-45.846671,50,13.626435
-48.238936,50,13.651371
-51.817701,50,13.679537
-47.222398,50,13.713391
-45.125298,50,13.746407
-52.872766,50,13.782614
-43.508934,50,13.804925
-53.539385,50,13.843716
-52.933144,50,13.870623
-55.372144,50,13.906011
-49.270774,50,13.939672
-51.666649,50,13.978744
-46.696329,50,14.00271
-48.76643,50,14.024851
-50.337875,50,14.058267
-47.654883,50,14.097643
-46.883872,50,14.139525
-49.399173,50,14.180271
-48.552437,50,14.219841
-43.455537,50,14.259341
-54.340812,50,14.297216
-50.324773,50,14.337978
-51.490033,50,14.378649
-49.939309,50,14.404688
-56.297924,50,14.445529
-43.886369,50,15.142302
-52.816276,50,15.182275
-48.204233,50,15.222208
-49.065374,50,15.264211
-47.660477,50,15.304031
-47.022199,50,15.342141
-52.295732,50,15.375152
-51.583161,50,15.415526
-52.488578,50,15.449273
-48.706897,50,15.484441
-48.684968,50,15.524184
-44.509433,50,15.565166
-49.250816,50,15.600846
-52.51179,50,15.631193
-45.27153,50,15.671706
-52.493334,50,15.697878
-50.890632,50,15.730853
-47.528087,50,15.757917
-59.501802,50,15.778285
-50.995924,50,15.79994
-48.243831,50,15.832315
-52.245605,50,15.85553
-51.402977,50,15.875621
-48.159563,50,15.897703
-45.849592,50,15.921555
-44.070088,50,15.944664
-52.310786,50,15.989646
-45.820232,50,16.027474
-51.556744,50,16.061485
-51.651111,50,16.086553
-50.832178,50,16.109543
-50.826149,50,16.130355
-39.194477,50,16.156006
-45.117209,50,16.179865
-45.717919,50,16.217545
-47.246367,50,16.256538
-46.1346,50,16.296638
-55.125151,50,16.336629
-47.67861,50,16.37312
-47.197702,50,16.402081
-42.984044,50,16.425207
-49.748031,50,17.114402
-44.945632,50,17.148003
-49.432312,50,17.183672
-40.215941,50,17.225555
-51.058909,50,17.265902
-45.867872,50,17.305658
-51.163962,50,17.343896
-43.88159,50,17.381466
-51.650913,50,17.421946
-43.918929,50,17.462608
-49.666754,50,17.500849
-43.292394,50,17.539845
-45.011532,50,17.5817
-48.392236,50,17.620491
-39.173308,50,17.648021
-50.969468,50,17.676002
-47.34192,50,17.703472
-49.833803,50,17.730728
-48.032007,50,17.760311
-44.975605,50,17.780247
-42.008135,50,17.804559
-51.77854,50,17.84035
-43.975515,50,17.865722
-43.604294,50,17.906477
-50.733287,50,17.934576
-46.126778,50,17.957855
-42.419143,50,17.979433
-43.015413,50,18.004227
-45.405903,50,18.029214
-44.303834,50,18.05284
-42.853554,50,18.07652
-47.986874,50,18.099818
-49.782,50,18.120338
-47.129681,50,18.146582
-52.54909,50,18.170224
-38.872981,50,18.193895
-49.044756,50,18.21768
-41.883322,50,18.254375
-46.808779,50,18.284055
-47.852665,50,18.307757
-41.268209,50,18.340165
-44.728698,50,19.305295
-41.983336,50,19.346436
-48.689607,50,19.384353
-48.486984,50,19.424641
-48.231413,50,19.457699
-50.492892,50,19.493458
-46.907129,50,19.526316
-45.499634,50,19.563164
-46.516105,50,19.597149
-42.04554,50,19.625198
-43.914428,50,19.658523
-44.513705,50,19.682522
-41.591771,50,19.709879
-46.284858,50,19.736357
-45.432986,50,19.762034
-35.465567,50,19.787908
-47.813902,50,19.814479
-41.804082,50,19.84485
-44.312436,50,19.878239
-40.622155,50,19.912478
-44.596722,50,19.949332
-45.541181,50,19.988148
-40.511257,50,20.019502
-45.949693,50,20.054961
-42.954866,50,20.093333
-42.322052,50,20.125722
-49.897932,50,20.157499
-47.208374,50,20.195229
-49.501909,50,20.235265
-40.966183,50,20.274028
-43.82461,50,20.307841
-50.472613,50,20.339884
-46.254338,50,20.369412
-37.866529,50,20.412513
-42.346279,50,20.450215
-53.554204,50,20.485254
-52.565365,50,20.510642
-43.279782,50,20.54636
-48.437104,50,20.577965
-40.659097,50,20.616058
-37.099171,50,20.654621
-45.187293,50,21.607959
-42.863459,50,21.647961
-45.207863,50,21.683284
-47.813288,50,21.72026
-45.623021,50,21.762236
-44.146867,50,21.800569
-49.97144,50,21.835803
-38.316741,50,21.867294
-42.668887,50,21.897452
-44.773308,50,21.928766
-41.790676,50,21.96629
-38.970491,50,22.000188
-41.702036,50,22.031019
-39.548767,50,22.071563
-48.86685,50,22.10174
-35.960187,50,22.124096
-39.242799,50,22.167989
-49.663654,50,22.211601
-41.567389,50,22.248009
-48.153893,50,22.28578
-37.009022,50,22.326253
-39.698767,50,22.351137
-40.912953,50,22.389316
-41.135357,50,22.410889
-42.009043,50,22.457786
-45.895303,50,22.496797
-39.973571,50,22.526383
-46.781386,50,22.547192
-40.293957,50,22.568663
-39.537054,50,22.594798
-43.66545,50,22.639669
-44.842631,50,22.665704
-39.813895,50,22.707693
-48.215683,50,22.750364
-42.010097,50,22.786484
-44.754202,50,22.822151
-42.061089,50,22.855817
-44.792101,50,22.883974
-40.865112,50,22.90872
-37.908435,50,22.938417
-41.244686,50,22.973619
-40.953307,50,23.957139
-42.151099,50,23.996309
-41.881378,50,24.033814
-31.706702,50,24.073488
-38.667366,50,24.110844
-40.159696,50,24.150536
-35.476566,50,24.191774
-46.410842,50,24.230457
-42.332769,50,24.270543
-40.096135,50,24.304712
-44.345457,50,24.33762
-43.524401,50,24.364131
-42.130039,50,24.386599
-42.582391,50,24.408067
-44.8498,50,24.433904
-44.508625,50,24.475339
-37.091596,50,24.49947
-36.371398,50,24.534382
-38.743525,50,24.56682
-43.368271,50,24.592712
-40.766098,50,24.628205
-47.499098,50,24.67028
-39.019293,50,24.711447
-38.181676,50,24.75192
-37.061998,50,24.787062
-36.689952,50,24.827189
-49.888866,50,24.86535
-35.797836,50,24.908435
-42.530635,50,24.947679
-41.803756,50,24.989677
-39.514172,50,25.020329
-41.915443,50,25.051908
-37.822579,50,25.091459
-32.761583,50,25.124012
-37.288136,50,25.157279
-38.740432,50,25.19056
-40.936274,50,25.216755
-36.555562,50,25.243335
-44.442765,50,25.266481
-38.058618,50,25.311109
-42.447412,50,25.349144
-38.280298,50,26.360381
-39.015215,50,26.400187
-37.049666,50,26.438914
-42.903747,50,26.476415
-34.774128,50,26.517441
-38.477286,50,26.557174
-41.440906,50,26.596561
-39.723219,50,26.636274
-32.668321,50,26.673996
-40.318371,50,26.714777
-34.94764,50,26.754084
-36.168571,50,26.791759
-34.270017,50,26.825932
-37.408516,50,26.857086
-39.907662,50,26.881832
-37.132194,50,26.909778
-37.176777,50,26.935545
-41.32226,50,26.965712
-36.266456,50,26.997174
-36.582265,50,27.026739
-40.284334,50,27.050098
-41.517065,50,27.0855
-45.106455,50,27.126518
-37.140928,50,27.162202
-38.806593,50,27.195277
-38.93202,50,27.232956
-42.537857,50,27.261222
-33.2037,50,27.292039
-34.199622,50,27.319362
-32.979624,50,27.363214
-39.699721,50,27.405279
-27.666598,50,27.445789
-29.157388,50,27.48696
-35.690321,50,27.515836
-37.281435,50,27.541996
-41.358837,50,27.565723
-40.339209,50,27.594562
-40.113532,50,27.621467
-43.221389,50,27.665489
-38.884536,50,27.694913
-39.238854,50,27.729686
-34.140856,50,28.702345
-39.540092,50,28.741417
-41.102474,50,28.782286
-39.892716,50,28.819417
-40.184078,50,28.858361
-38.487496,50,28.900709
-35.463578,50,28.939415
-42.615918,50,28.973674
-40.175173,50,29.014129
-40.5931,50,29.049134
-32.857949,50,29.081439
-41.50144,50,29.117465
-38.833957,50,29.150952
-37.411006,50,29.18069
-32.20761,50,29.219564
-36.286981,50,29.24479
-42.400661,50,29.274806
-38.903181,50,29.311592
-40.910007,50,29.338622
-39.749089,50,29.3725
-35.210932,50,29.41775
-38.630153,50,29.456205
-36.738377,50,29.49657
-36.671376,50,29.52241
-34.256755,50,29.549139
-31.664106,50,29.589314
-44.512596,50,29.61552
-40.515529,50,29.637415
-34.060177,50,29.66119
-36.593356,50,29.69881
-38.056698,50,29.742979
-32.139858,50,29.779579
-36.95507,50,29.819646
-40.885639,50,29.86059
-40.793064,50,29.900578
-40.73135,50,29.925017
-35.38923,50,29.951176
-37.843232,50,29.981627
-38.078934,50,30.016297
-36.216976,50,30.050983
-32.997145,50,30.081636
-37.834107,50,30.721247
-42.761074,50,30.759376
-39.484776,50,30.802726
-33.440531,50,30.840277
-37.320307,50,30.88056
-33.982989,50,30.920499
-32.354033,50,30.957823
-41.600927,50,30.997569
-40.236284,50,31.022654
-35.993862,50,31.058454
-36.432427,50,31.089608
-34.553073,50,31.121436
-35.557299,50,31.149588
-37.1672,50,31.182068
-34.472978,50,31.210623
-38.135238,50,31.242907
-38.466211,50,31.275697
-38.822157,50,31.30935
-33.798644,50,31.336217
-38.207511,50,31.364613
-38.618643,50,31.406293
-36.338056,50,31.443247
-33.607586,50,31.474429
-33.6893,50,31.508385
-35.719679,50,31.541964
-36.240511,50,31.568353
-41.31005,50,31.600382
-43.594911,50,31.642019
-36.264244,50,31.681753
-33.810839,50,31.710653
-35.758968,50,31.748622
-38.628865,50,31.772562
-33.642062,50,31.798656
-39.398469,50,31.821283
-41.594388,50,31.856341
-33.101499,50,31.887467
-32.767362,50,31.913598
-37.157298,50,31.949393
-30.116492,50,31.983306
-34.952862,50,32.011231
-35.150834,50,32.048495
-37.69015,50,32.721182
-32.952819,50,32.74124
-37.944413,50,32.762037
-32.542558,50,32.78308
-33.293709,50,32.817739
-30.620986,50,32.858309
-41.729481,50,32.897928
-35.820123,50,32.933898
-32.084037,50,32.977615
-31.790992,50,33.007985
-36.224917,50,33.045819
-37.054286,50,33.075657
-36.794258,50,33.118078
-33.426883,50,33.154901
-34.450283,50,33.188645
-34.393681,50,33.23387
-35.695682,50,33.269281
-30.387809,50,33.30744
-34.183644,50,33.336561
-32.10897,50,33.361141
-38.984846,50,33.383714
-32.299054,50,33.408037
-36.261915,50,33.430698
-35.023272,50,33.45313
-31.667439,50,33.479461
-41.19821,50,33.519906
-36.50812,50,33.561068
-37.595181,50,33.600456
-35.29303,50,33.645567
-37.485952,50,33.687663
-31.149344,50,33.727205
-33.939979,50,33.768327
-40.384751,50,33.807357
-30.741203,50,33.849936
-31.002455,50,33.889054
-35.526565,50,33.915974
-32.604048,50,33.958283
-32.713499,50,33.991419
-32.636795,50,34.020339
-39.051359,50,34.045666
-30.049045,50,34.084565
-36.677878,50,34.777786
-34.030079,50,34.820637
-36.204665,50,34.859649
-34.070646,50,34.901205
-33.316238,50,34.937826
-33.951574,50,34.979382
-32.149475,50,35.019889
-34.451229,50,35.055779
-34.929203,50,35.091419
-29.977661,50,35.128618
-34.849092,50,35.15899
-35.412771,50,35.187267
-36.939173,50,35.217936
-37.709498,50,35.256906
-32.171056,50,35.296337
-36.958963,50,35.337839
-32.425061,50,35.376607
-32.310749,50,35.412195
-32.752392,50,35.436513
-30.201666,50,35.473252
-30.310382,50,35.510282
-32.768475,50,35.550154
-35.08592,50,35.590362
-39.100471,50,35.627761
-36.465878,50,35.656757
-33.554487,50,35.695999
-30.349147,50,35.72339
-33.110255,50,35.751681
-37.183066,50,35.78763
-33.260242,50,35.827579
-29.427125,50,35.868737
-28.100531,50,35.905181
-35.61582,50,35.933337
-33.576216,50,35.967437
-34.951505,50,36.006672
-36.215929,50,36.045321
-29.948851,50,36.070457
-31.647901,50,36.100997
-34.325015,50,36.12976
-37.399476,50,36.172236
-30.967106,50,36.212023
-34.712947,50,36.942413
-34.780702,50,36.983058
-33.903603,50,37.023429
-30.486148,50,37.062798
-28.752016,50,37.102509
-27.003574,50,37.138623
-29.137559,50,37.168469
-34.858502,50,37.206146
-33.186733,50,37.236897
-29.272841,50,37.265746
-32.754211,50,37.296493
-34.294782,50,37.327408
-31.483893,50,37.355771
-30.776368,50,37.394063
-29.996964,50,37.42282
-38.290022,50,37.45056
-33.81273,50,37.4855
-26.319538,50,37.507899
-30.788839,50,37.535478
-31.954241,50,37.56335
-23.646025,50,37.608941
-31.342132,50,37.638861
-31.400604,50,37.66378
-33.455556,50,37.687538
-30.318734,50,37.711321
-34.890417,50,37.743958
-31.383983,50,37.778369
-32.162749,50,37.815398
-31.169239,50,37.847855
-30.993985,50,37.88503
-35.63595,50,37.925247
-28.83529,50,37.967541
-28.298971,50,38.005814
-31.682761,50,38.045128
-30.245953,50,38.072897
-26.815076,50,38.113523
-33.34874,50,38.145553
-33.435398,50,38.180541
-27.170012,50,38.20465
-28.628343,50,38.228876
-29.442966,50,38.270819
-27.616558,50,38.905367
-25.971608,50,38.94466
-27.313965,50,38.986192
-32.586753,50,39.026608
-32.44996,50,39.063727
-28.920275,50,39.105229
-32.086971,50,39.145544
-32.560306,50,39.187344
-28.301915,50,39.225445
-22.313474,50,39.267318
-29.258182,50,39.304879
-23.872824,50,39.343125
-28.445742,50,39.381244
-30.591591,50,39.420567
-27.44757,50,39.456212
-25.390469,50,39.491474
-25.966965,50,39.529202
-28.230957,50,39.563414
-30.58154,50,39.599059
-25.119229,50,39.623163
-25.907478,50,39.646001
-30.921537,50,39.67228
-24.72139,50,39.711666
-23.19181,50,39.746905
-25.037896,50,39.783197
-21.626607,50,39.816873
-29.785961,50,39.854801
-26.517652,50,39.894433
-27.680151,50,39.919632
-27.528475,50,39.961892
-25.540466,50,40.003038
-28.52786,50,40.040345
-26.524719,50,40.078602
-33.295755,50,40.115642
-28.121924,50,40.158878
-33.329227,50,40.199047
-22.723392,50,40.236165
-26.612311,50,40.27682
-26.645751,50,40.311577
-27.146684,50,40.339339
-32.078479,50,40.364893
-29.207427,50,41.042171
-27.783362,50,41.081629
-25.749158,50,41.121918
-25.522017,50,41.160481
-23.880691,50,41.203511
-28.103205,50,41.239596
-29.450317,50,41.28178
-26.096263,50,41.324107
-25.348174,50,41.354517
-32.254174,50,41.389102
-30.663798,50,41.419178
-24.943199,50,41.462013
-29.695873,50,41.489562
-27.481454,50,41.520293
-23.432266,50,41.559677
-29.063354,50,41.599154
-27.258631,50,41.638504
-24.989751,50,41.673715
-27.431122,50,41.7016
-25.822896,50,41.724717
-29.274118,50,41.754642
-28.348818,50,41.783279
-27.705002,50,41.81975
-20.630123,50,41.83982
-25.571312,50,41.859985
-23.12794,50,41.893798
-28.385512,50,41.916949
-31.824343,50,41.936814
-21.945002,50,41.95673
-27.077423,50,41.992673
-25.756422,50,42.013114
-35.663603,50,42.054695
-30.248884,50,42.097076
-23.144296,50,42.139528
-32.641507,50,42.181426
-29.151181,50,42.207864
-27.403399,50,42.246941
-27.145128,50,42.269244
-28.272423,50,42.293401
-28.772474,50,42.333369
-29.167851,50,42.375456
-29.409392,50,43.066363
-28.246334,50,43.107356
-29.985266,50,43.148865
-26.898898,50,43.188517
-24.94651,50,43.228495
-19.192846,50,43.268213
-23.435362,50,43.303165
-27.86586,50,43.343648
-31.66409,50,43.383306
-28.32547,50,43.424608
-27.22259,50,43.460915
-24.481618,50,43.498037
-20.851568,50,43.533253
-25.271964,50,43.567589
-20.804917,50,43.603425
-29.099917,50,43.630504
-30.950582,50,43.663898
-25.347468,50,43.700537
-22.194178,50,43.728293
-24.166914,50,43.750394
-29.315087,50,43.776401
-21.785601,50,43.812798
-25.017531,50,43.851674
-27.171927,50,43.877047
-26.893254,50,43.914973
-25.898937,50,43.948491
-23.391055,50,43.973687
-21.409123,50,43.998221
-25.239667,50,44.022998
-27.867149,50,44.057137
-26.714946,50,44.09699
-23.52428,50,44.137628
-30.935847,50,44.176608
-25.759117,50,44.215167
-24.670805,50,44.256263
-28.029906,50,44.280461
-29.467362,50,44.312078
-30.858905,50,44.346575
-28.775503,50,44.38632
-25.397455,50,44.417009
-27.24027,50,44.445498
-23.307836,50,45.092826
-27.906732,50,45.134897
-17.124302,50,45.175149
-25.17547,50,45.21519
-25.52487,50,45.255689
-28.149502,50,45.298465
-23.290076,50,45.334466
-28.132342,50,45.371995
-24.11477,50,45.409123
-22.938018,50,45.442883
-29.333632,50,45.468091
-27.822694,50,45.506417
-24.285331,50,45.543458
-20.75567,50,45.573032
-26.452076,50,45.60534
-26.866328,50,45.634375
-26.578116,50,45.675182
-24.378291,50,45.713445
-28.078595,50,45.749732
-25.163911,50,45.781556
-21.599805,50,45.806385
-22.495965,50,45.843343
-25.01531,50,45.877728
-26.089016,50,45.904526
-23.674694,50,45.932706
-26.888003,50,45.96431
-32.016997,50,45.993269
-29.599136,50,46.023901
-19.410799,50,46.053128
-23.537952,50,46.092842
-22.306926,50,46.133529
-26.322121,50,46.173032
-24.32226,50,46.212021
-25.135364,50,46.25314
-26.441769,50,46.290989
-25.466814,50,46.329862
-24.612785,50,46.368285
-18.570847,50,46.410898
-28.638752,50,46.443707
-26.800586,50,46.472286
-25.891443,50,46.502688
-27.195314,50,47.158449
-25.710956,50,47.194054
-22.700263,50,47.234905
-24.367269,50,47.271462
-28.060539,50,47.310444
-26.495919,50,47.344801
-21.678826,50,47.386426
-21.310488,50,47.421387
-28.317994,50,47.458099
-18.78961,50,47.492222
-23.711811,50,47.533254
-19.933599,50,47.56637
-20.326813,50,47.609239
-21.311215,50,47.635367
-25.82497,50,47.668272
-20.578002,50,47.696823
-27.998082,50,47.731047
-25.846227,50,47.762784
-17.429627,50,47.785595
-16.000345,50,47.8195
-19.801796,50,47.851155
-26.645203,50,47.890569
-24.809,50,47.923416
-24.436769,50,47.954113
-21.003089,50,47.980888
-19.237274,50,48.011538
-27.16835,50,48.043566
-26.502672,50,48.072526
-25.598778,50,48.108539
-21.192064,50,48.142527
-26.580791,50,48.184302
-23.613586,50,48.221748
-23.467785,50,48.261893
-26.505017,50,48.303488
-24.634021,50,48.341464
-25.92436,50,48.380178
-20.210054,50,48.418632
-23.857052,50,48.45486
-23.472137,50,48.489382
-21.491696,50,48.521674
-24.952478,50,48.546073
-21.654576,50,49.459929
-24.284006,50,49.502534
-23.509631,50,49.539488
-25.031303,50,49.581408
-24.049814,50,49.619525
-17.884764,50,49.663228
-22.236803,50,49.703909
-20.515395,50,49.739856
-19.846707,50,49.779088
-22.517574,50,49.818919
-19.897568,50,49.857669
-22.210784,50,49.898244
-19.924356,50,49.939153
-15.929774,50,49.980501
-20.279222,50,50.015255
-23.649672,50,50.048029
-18.044136,50,50.087013
-23.347169,50,50.126382
-20.347493,50,50.162544
-18.82444,50,50.202483
-15.766475,50,50.236227
-24.335176,50,50.262528
-23.934723,50,50.299372
-20.055887,50,50.332981
-25.264002,50,50.363419
-25.010157,50,50.388338
-19.51463,50,50.412225
-20.495095,50,50.437088
-19.163548,50,50.47942
-15.446114,50,50.514997
-27.072269,50,50.550096
-19.742399,50,50.592238
-22.297277,50,50.623425
-22.110121,50,50.664448
-23.70841,50,50.701214
-23.105246,50,50.741573
-24.191805,50,50.779853
-18.49644,50,50.817554
-23.986456,50,50.859951
-22.02688,50,50.895939
-28.056546,50,50.930228
-19.917255,50,51.900654
-23.04989,50,51.940515
-16.524815,50,51.978058
-15.064154,50,52.010695
-22.250898,50,52.038907
-25.373181,50,52.072147
-25.120696,50,52.097111
-25.882459,50,52.120093
-17.368314,50,52.148733
-21.8054,50,52.175453
-25.433192,50,52.207987
-14.814392,50,52.248156
-19.223063,50,52.279304
-21.034689,50,52.316006
-22.640439,50,52.351226
-24.135895,50,52.389156
-23.512246,50,52.419478
-21.425878,50,52.454947
-21.414689,50,52.487319
-18.400895,50,52.515111
-21.620477,50,52.557631
-20.223554,50,52.593646
-21.881171,50,52.628171
-16.952082,50,52.664007
-16.743215,50,52.700869
-22.510128,50,52.723434
-21.276103,50,52.748213
-20.031551,50,52.771389
-18.612139,50,52.793603
-21.422058,50,52.823262
-23.387023,50,52.84941
-15.737817,50,52.888254
-20.092435,50,52.925491
-20.251724,50,52.957798
-21.196823,50,52.99075
-19.057705,50,53.019633
-25.159728,50,53.051231
-19.649925,50,53.079962
-18.681867,50,53.102175
-16.788612,50,53.141953
-22.144124,50,53.178384
-21.099602,50,54.061455
-18.977462,50,54.099487
-14.293624,50,54.138574
-21.642042,50,54.177437
-21.167715,50,54.216488
-20.812425,50,54.256256
-16.292796,50,54.294664
-20.331231,50,54.321379
-17.855933,50,54.358577
-25.184457,50,54.39378
-19.630472,50,54.425683
-21.011304,50,54.461132
-20.625773,50,54.493286
-18.781608,50,54.530597
-19.457143,50,54.562267
-17.668995,50,54.601214
-22.547133,50,54.640476
-18.274566,50,54.666461
-22.763607,50,54.706455
-16.811313,50,54.748724
-17.933869,50,54.771458
-20.853481,50,54.808299
-14.997909,50,54.835164
-20.675616,50,54.866995
-23.244989,50,54.899147
-18.793224,50,54.93664
-23.509857,50,54.961012
-16.938638,50,54.98842
-24.280992,50,55.020886
-24.314212,50,55.063792
-17.263706,50,55.104722
-22.117717,50,55.144692
-16.409797,50,55.186309
-14.964942,50,55.218659
-18.028576,50,55.251393
-25.36961,50,55.289121
-23.655803,50,55.326503
-24.520261,50,55.359833
-22.5318,50,55.399492
-26.670088,50,55.428708
-21.86206,50,56.098194
-14.989943,50,56.138384
-23.052869,50,56.177168
-18.666503,50,56.218227
-21.636583,50,56.258188
-24.557038,50,56.298577
-22.507625,50,56.340183
-20.92509,50,56.377951
-19.252848,50,56.418005
-24.774928,50,56.458091
-15.799502,50,56.494971
-22.222452,50,56.53497
-21.291633,50,56.571441
-20.356587,50,56.611324
-12.868908,50,56.65103
-13.857909,50,56.692766
-18.567999,50,56.718094
-20.398032,50,56.743596
-20.523268,50,56.781767
-19.670305,50,56.820683
-15.493401,50,56.85248
-14.625505,50,56.87907
-14.735429,50,56.903108
-21.878471,50,56.945163
-17.249244,50,56.970436
-22.382887,50,56.992715
-21.553081,50,57.014696
-16.383565,50,57.057767
-16.293893,50,57.090784
-19.335947,50,57.134757
-19.69623,50,57.174563
-19.799376,50,57.213636
-22.021783,50,57.25398
-18.862288,50,57.296458
-18.759939,50,57.331196
-19.680854,50,57.368509
-20.144242,50,57.399419
-19.835686,50,57.440198
-20.151814,50,57.465977
-14.614179,50,57.498497
-22.497074,50,57.5262
-19.451183,50,58.284572
-19.847029,50,58.323822
-13.139847,50,58.358122
-15.884533,50,58.399604
-14.802933,50,58.439306
-19.191644,50,58.478462
-17.716641,50,58.517833
-17.254583,50,58.556242
-19.928323,50,58.585323
-15.406101,50,58.616583
-19.716327,50,58.650422
-14.159648,50,58.688163
-15.755387,50,58.720387
-18.703268,50,58.754571
-21.968249,50,58.777237
-14.715546,50,58.801159
-16.145864,50,58.833393
-20.201195,50,58.861626
-12.626055,50,58.889542
-21.980677,50,58.925133
-21.122199,50,58.955435
-17.317833,50,58.985461
-21.618049,50,59.014222
-16.676279,50,59.052648
-16.509242,50,59.08471
-20.664645,50,59.124673
-22.311963,50,59.160051
-23.737496,50,59.19516
-21.248568,50,59.234199
-12.588132,50,59.269696
-14.866104,50,59.308494
-13.298164,50,59.349497
-16.221773,50,59.390393
-18.99511,50,59.429646
-20.114204,50,59.46877
-20.855323,50,59.511111
-18.812707,50,59.548038
-17.678094,50,59.584998
-22.455505,50,59.614719
-13.736799,50,59.64349
-17.681483,50,59.678003
-14.974845,50,60.387805
-16.047743,50,60.426961
-16.771977,50,60.467131
-23.842564,50,60.503246
-17.141648,50,60.545082
-14.488413,50,60.584448
-23.030761,50,60.622916
-15.497175,50,60.665434
-17.670762,50,60.702271
-18.106626,50,60.736327
-18.164784,50,60.763637
-15.094542,50,60.790724
-15.446194,50,60.817853
-19.765134,50,60.840636
-22.188019,50,60.86333
-22.748739,50,60.885564
-16.423998,50,60.908329
-19.374828,50,60.932939
-18.362897,50,60.960338
-14.411552,50,60.994402
-19.128801,50,61.018311
-20.485652,50,61.048043
-21.410366,50,61.076751
-21.330063,50,61.103212
-18.638196,50,61.138285
-15.446185,50,61.178223
-13.809314,50,61.209554
-21.258424,50,61.231939
-18.839568,50,61.257077
-16.053316,50,61.278569
-21.194069,50,61.308725
-17.141914,50,61.338321
-23.134347,50,61.378547
-23.254772,50,61.413684
-19.786079,50,61.454619
-15.959269,50,61.494775
-15.819818,50,61.535453
-16.107946,50,61.574103
-19.340599,50,61.613264
-22.516212,50,61.649403
-16.960688,50,61.675491
-11.584334,50,62.375582
-23.072688,50,62.414499
-15.203329,50,62.454209
-18.193814,50,62.494092
-22.425807,50,62.531027
-14.888994,50,62.571141
-19.12723,50,62.609561
-20.030981,50,62.650708
-13.026117,50,62.689153
-14.26661,50,62.725512
-13.031291,50,62.766124
-18.879555,50,62.798505
-17.055487,50,62.831276
-16.559206,50,62.862869
-18.929388,50,62.900413
-12.878472,50,62.937232
-18.988756,50,62.976844
-16.683276,50,63.005295
-18.535377,50,63.048052
-15.766243,50,63.088433
-20.889778,50,63.120716
-19.915313,50,63.144008
-15.98594,50,63.169102
-13.28116,50,63.211625
-18.473037,50,63.252364
-13.245575,50,63.291172
-19.656641,50,63.333531
-15.971494,50,63.359946
-15.626308,50,63.394642
-15.189056,50,63.436059
-18.609655,50,63.476284
-20.731077,50,63.518278
-14.586419,50,63.562457
-17.689385,50,63.60237
-16.433043,50,63.642193
-15.576039,50,63.683178
-14.554094,50,63.724828
-13.454884,50,63.755639
-17.257159,50,63.789827
-19.814955,50,63.812433
-18.186518,50,63.835122
-21.6489,50,64.440736
-20.512349,50,64.482267
-14.205508,50,64.523898
-19.351963,50,64.553622
-13.068046,50,64.59787
-18.556187,50,64.632037
-16.072553,50,64.675227
-20.402163,50,64.713529
-20.58962,50,64.753167
-19.654247,50,64.795107
-16.858537,50,64.832301
-14.183966,50,64.872863
-21.26996,50,64.911336
-11.837857,50,64.947285
-13.409547,50,64.985765
-16.467504,50,65.019528
-11.685704,50,65.046814
-17.332261,50,65.081006
-19.680827,50,65.120004
-19.814911,50,65.150206
-13.11431,50,65.180993
-18.271615,50,65.207751
-14.761768,50,65.247711
-18.591724,50,65.280241
-18.740949,50,65.313329
-15.276942,50,65.349894
-12.682791,50,65.374379
-21.563828,50,65.400706
-15.593804,50,65.424996
-18.92343,50,65.460622
-13.923263,50,65.498378
-13.575623,50,65.538215
-15.94671,50,65.564625
-16.896875,50,65.594307
-19.836434,50,65.633315
-18.089013,50,65.673804
-21.317646,50,65.700683
-17.565142,50,65.742928
-20.978161,50,65.771277
-17.864018,50,65.798058
-15.246317,50,65.821101
-12.977111,50,66.64457
-15.081754,50,66.68535
-13.010318,50,66.724248
-15.43119,50,66.763666
-19.899131,50,66.8006
-19.636608,50,66.839739
-15.105423,50,66.878987
-17.928301,50,66.91783
-14.057966,50,66.959128
-19.596435,50,66.981473
-17.285952,50,67.017796
-18.451949,50,67.045748
-17.283523,50,67.068468
-11.4577,50,67.092344
-12.634872,50,67.127342
-13.16902,50,67.164159
-13.374408,50,67.191853
-17.092743,50,67.219466
-14.580964,50,67.247343
-19.398309,50,67.275448
-18.150392,50,67.308148
-15.264404,50,67.347498
-17.398141,50,67.377482
-14.512041,50,67.413463
-11.212083,50,67.440169
-12.798802,50,67.473778
-17.349049,50,67.500652
-17.934242,50,67.539248
-15.59441,50,67.57065
-12.904489,50,67.602106
-18.078947,50,67.634948
-14.828191,50,67.678106
-18.852216,50,67.715299
-11.999503,50,67.756814
-15.888429,50,67.786035
-19.209313,50,67.826135
-14.961074,50,67.857608
-15.994052,50,67.891472
-19.777286,50,67.927325
-13.472942,50,67.965669
-11.431741,50,68.00256
-12.793792,50,68.845758
-16.951768,50,68.882915
-19.778104,50,68.924611
-14.362445,50,68.960828
-12.544168,50,68.997897
-18.519133,50,69.03564
-13.469347,50,69.079031
-16.817239,50,69.120476
-12.602551,50,69.1565
-11.261822,50,69.196498
-13.566101,50,69.237139
-15.030231,50,69.274134
-13.956398,50,69.307604
-13.659401,50,69.33801
-11.831476,50,69.363845
-14.47164,50,69.390841
-13.744008,50,69.427123
-14.593823,50,69.465795
-11.611419,50,69.491237
-18.464763,50,69.516999
-19.558201,50,69.538289
-16.37182,50,69.576108
-16.687967,50,69.62095
-11.565554,50,69.646344
-19.280904,50,69.671642
-15.048482,50,69.69963
-13.595233,50,69.722538
-19.116791,50,69.74728
-18.596485,50,69.77247
-20.752662,50,69.812014
-16.661387,50,69.840673
-11.707539,50,69.883717
-20.316225,50,69.922093
-18.404497,50,69.958148
-17.250501,50,69.998113
-14.231535,50,70.036798
-15.834884,50,70.07769
-13.468847,50,70.117865
-12.961053,50,70.157274
-15.257919,50,70.198141
-18.447585,50,70.240928
-14.03321,50,71.234617
-19.074818,50,71.273715
-17.811563,50,71.312737
-19.601945,50,71.353657
-14.174065,50,71.389887
-19.293289,50,71.428794
-19.069295,50,71.470681
-16.324811,50,71.510314
-15.143985,50,71.550597
-15.608749,50,71.591657
-11.748036,50,71.629909
-16.909227,50,71.661225
-19.496259,50,71.695898
-16.454673,50,71.735085
-12.626261,50,71.758398
-16.056968,50,71.789195
-19.174323,50,71.825067
-19.914457,50,71.862465
-12.530931,50,71.896211
-12.318528,50,71.92408
-14.856426,50,71.965727
-11.344352,50,71.999236
-11.907276,50,72.029187
-11.282533,50,72.060409
-18.297743,50,72.089813
-14.75982,50,72.116739
-12.499797,50,72.142989
-15.20016,50,72.169381
-13.802776,50,72.207078
-15.615812,50,72.246711
-17.539474,50,72.286744
-11.869063,50,72.324638
-17.876418,50,72.365301
-16.589955,50,72.40198
-13.775125,50,72.428581
-18.393933,50,72.450813
-13.086645,50,72.476328
-16.313189,50,72.502735
-9.630071,50,72.538066
-22.188147,50,72.574244
-12.045865,50,72.603292
-16.95945,50,73.348292
-13.013161,50,73.383647
-19.002092,50,73.425229
-11.889743,50,73.466108
-15.547195,50,73.504533
-14.029531,50,73.544232
-15.26572,50,73.581632
-12.369703,50,73.606177
-17.933774,50,73.644433
-14.730448,50,73.685543
-15.661478,50,73.714999
-17.95458,50,73.743295
-16.114678,50,73.773285
-18.160965,50,73.800587
-12.72261,50,73.825193
-15.628872,50,73.858921
-12.678993,50,73.899089
-18.612589,50,73.937803
-15.798617,50,73.971641
-12.902414,50,74.00661
-13.795896,50,74.037563
-16.304131,50,74.060114
-17.50417,50,74.087709
-18.269379,50,74.133278
-12.692535,50,74.165701
-13.994301,50,74.196779
-11.30111,50,74.227459
-13.53018,50,74.255435
-11.889632,50,74.28561
-11.070141,50,74.312412
-10.075019,50,74.354835
-16.668958,50,74.393794
-14.405686,50,74.432598
-14.46704,50,74.473426
-18.408317,50,74.51298
-17.472173,50,74.553368
-16.049195,50,74.586112
-17.4234,50,74.607989
-13.598608,50,74.635068
-11.789297,50,74.669146
-18.850943,50,74.694969
-11.556492,50,75.351899
-13.360067,50,75.389771
-13.417391,50,75.429467
-15.700868,50,75.470493
-12.236463,50,75.508103
-13.084486,50,75.546152
-16.871749,50,75.584686
-14.496414,50,75.626273
-12.446636,50,75.663881
-18.073297,50,75.704227
-13.02831,50,75.74469
-12.791955,50,75.780414
-14.105125,50,75.821956
-20.105573,50,75.860196
-18.899132,50,75.894581
-15.12067,50,75.936029
-20.284683,50,75.965701
-18.865107,50,75.994426
-14.154661,50,76.028668
-11.61804,50,76.061301
-11.565388,50,76.099878
-12.904674,50,76.135831
-17.609046,50,76.167354
-16.218178,50,76.203732
-12.766239,50,76.232575
-11.643308,50,76.259315
-17.493118,50,76.289338
-11.291069,50,76.327061
-11.985607,50,76.353856
-17.634199,50,76.397936
-14.576343,50,76.435071
-14.336101,50,76.476456
-15.018172,50,76.516239
-13.580533,50,76.553522
-17.980242,50,76.597568
-16.109896,50,76.624032
-14.474594,50,76.654884
-14.406048,50,76.691583
-18.651917,50,76.716247
-16.269027,50,76.757132
-15.544385,50,76.788035
-14.459943,50,77.443597
-11.953277,50,77.48615
-10.89692,50,77.523513
-17.182458,50,77.563996
-19.354944,50,77.602537
-12.157997,50,77.639201
-14.555078,50,77.68038
-14.411564,50,77.717879
-17.75906,50,77.751019
-12.997376,50,77.780974
-14.283189,50,77.810863
-13.96669,50,77.835395
-20.311442,50,77.860182
-11.597083,50,77.883455
-16.800372,50,77.919984
-12.814592,50,77.963513
-10.567847,50,77.998282
-19.42945,50,78.038664
-11.71831,50,78.077971
-19.812277,50,78.100707
-14.670811,50,78.12294
-12.419069,50,78.151417
-12.586767,50,78.173698
-12.962607,50,78.200924
-13.006781,50,78.226244
-18.003371,50,78.252199
-19.685872,50,78.274193
-20.099905,50,78.302928
-13.834943,50,78.343428
-11.259009,50,78.38553
-15.422807,50,78.422814
-14.32346,50,78.461442
-18.043487,50,78.503144
-17.948084,50,78.532808
-13.206731,50,78.573904
-12.658104,50,78.612949
-14.993431,50,78.652455
-12.471802,50,78.694247
-14.601148,50,78.729151
-11.936661,50,78.770516
-17.296644,50,78.812076
-14.265139,50,79.464113
-16.588221,50,79.498494
-15.96587,50,79.540065
-17.460807,50,79.578466
-12.475879,50,79.615987
-19.248011,50,79.657853
-14.385169,50,79.696189
-16.726482,50,79.725792
-18.437504,50,79.770145
-19.657121,50,79.802966
-18.165204,50,79.826868
-13.340981,50,79.862481
-12.058819,50,79.888842
-18.173721,50,79.923216
-16.151565,50,79.958999
-12.90257,50,79.984092
-13.729254,50,80.016005
-11.190146,50,80.041548
-14.516579,50,80.066292
-14.431849,50,80.098447
-12.172385,50,80.132027
-14.271923,50,80.164961
-16.90545,50,80.195366
-12.996731,50,80.228487
-13.887821,50,80.257047
-14.845695,50,80.29958
-18.286224,50,80.334235
-11.415218,50,80.373313
-12.282544,50,80.413546
-12.725782,50,80.441622
-12.426089,50,80.482255
-16.61542,50,80.522825
-14.222575,50,80.56348
-14.347753,50,80.603073
-13.694662,50,80.641593
-12.980131,50,80.684108
-12.564374,50,80.71563
-11.454331,50,80.73976
-14.81406,50,80.762705
-12.312426,50,80.794997
-16.434735,50,80.835816
-14.533865,50,81.494504
-16.153973,50,81.534109
-11.734437,50,81.570515
-15.283476,50,81.60881
-18.763204,50,81.645062
-13.98818,50,81.684098
-15.774279,50,81.725057
-14.800874,50,81.763953
-14.075014,50,81.807549
-15.295243,50,81.846574
-16.534291,50,81.889722
-11.926705,50,81.930013
-12.086558,50,81.968439
-18.399622,50,82.010001
-11.960109,50,82.046047
-12.676741,50,82.083106
-17.37556,50,82.12508
-11.82239,50,82.152074
-11.057598,50,82.190641
-13.709022,50,82.212493
-11.054236,50,82.232635
-16.48529,50,82.272746
-12.131155,50,82.307614
-13.792452,50,82.339548
-18.19176,50,82.378868
-16.982912,50,82.417052
-15.436984,50,82.439931
-13.811616,50,82.461394
-16.933018,50,82.502679
-12.837907,50,82.544127
-12.609927,50,82.582992
-17.090481,50,82.622785
-16.518626,50,82.662662
-16.91101,50,82.701632
-15.639795,50,82.739396
-13.920392,50,82.781343
-18.944927,50,82.818415
-14.369288,50,82.853744
-13.895609,50,82.888669
-14.533914,50,82.913089
-12.912999,50,82.939577
-10.624374,50,83.766994
-12.099796,50,83.802391
-12.308436,50,83.844872
-10.682645,50,83.888772
-12.828718,50,83.925689
-10.90033,50,83.967005
-10.936007,50,84.004685
-13.750695,50,84.048173
-11.490653,50,84.089467
-13.274426,50,84.129408
-13.720679,50,84.165796
-10.581234,50,84.208957
-14.684354,50,84.249777
-14.900234,50,84.292481
-16.290483,50,84.333081
-17.851698,50,84.372025
-12.867005,50,84.413822
-12.361263,50,84.454771
-17.475173,50,84.499468
-14.1407,50,84.540658
-15.795192,50,84.58186
-13.550218,50,84.626821
-15.013775,50,84.666865
-14.267845,50,84.71351
-13.751299,50,84.745689
-13.652283,50,84.78308
-17.47049,50,84.821041
-12.197337,50,84.863707
-17.093686,50,84.905206
-13.860914,50,84.942889
-14.508838,50,84.984371
-14.420983,50,85.022737
-11.66123,50,85.065089
-16.14666,50,85.106541
-19.805799,50,85.14682
-12.852488,50,85.188729
-14.550884,50,85.221817
-17.905752,50,85.243585
-11.39883,50,85.279654
-11.367805,50,85.318141
-15.486009,50,85.352622
-12.914741,50,85.932936
-12.369221,50,85.965652
-16.733814,50,85.985722
-15.253885,50,86.005739
-11.591457,50,86.043986
-10.319039,50,86.085819
-13.880876,50,86.126151
-13.270745,50,86.16737
-13.302994,50,86.206354
-14.52815,50,86.244714
-16.309565,50,86.285597
-13.933744,50,86.325048
-12.230652,50,86.364518
-11.465712,50,86.406352
-13.373362,50,86.44861
-12.631425,50,86.48974
-14.278558,50,86.527544
-10.095206,50,86.559449
-11.400081,50,86.60145
-14.883608,50,86.627626
-15.074124,50,86.662937
-14.832478,50,86.698357
-11.541722,50,86.732003
-16.918332,50,86.765444
-10.25286,50,86.80688
-14.249915,50,86.836771
-18.242922,50,86.858063
-11.850139,50,86.891225
-14.060513,50,86.914705
-15.653541,50,86.935749
-13.902333,50,86.960081
-16.346943,50,86.988151
-11.895595,50,87.016137
-17.547132,50,87.044028
-10.706329,50,87.071929
-14.926704,50,87.111017
-11.670221,50,87.152278
-16.173449,50,87.192885
-12.758799,50,87.230443
-18.877834,50,87.269638
-13.082931,50,87.309566
-12.132794,50,87.996469
-10.400112,50,88.032127
-10.791546,50,88.071377
-15.873729,50,88.111176
-11.422538,50,88.140022
-11.611532,50,88.181021
-13.636856,50,88.219504
-17.272497,50,88.25707
-15.348218,50,88.290981
-10.582812,50,88.319713
-18.652234,50,88.349427
-14.937301,50,88.377801
-11.095971,50,88.402921
-13.240169,50,88.430014
-16.766189,50,88.468812
-12.117349,50,88.495379
-15.648443,50,88.527099
-13.869781,50,88.557563
-14.052866,50,88.598275
-9.961592,50,88.633313
-18.930933,50,88.674427
-17.13174,50,88.707886
-11.688021,50,88.730125
-11.329666,50,88.759114
-9.604746,50,88.797193
-15.433464,50,88.825801
-11.093511,50,88.864242
-12.525274,50,88.893515
-14.801227,50,88.922677
-13.940307,50,88.9507
-17.831227,50,88.984336
-14.432567,50,89.026021
-11.686324,50,89.06632
-11.19313,50,89.105463
-10.806862,50,89.144469
-12.358259,50,89.182744
-19.066437,50,89.22038
-10.672835,50,89.257672
-17.278001,50,89.297017
-12.196437,50,89.336041
-11.298654,50,89.376496
-10.827398,50,90.064225
-12.177114,50,90.102966
-17.468901,50,90.14025
-14.978986,50,90.18133
-13.522693,50,90.221868
-12.542221,50,90.261183
-13.651395,50,90.299519
-12.068395,50,90.341878
-11.92475,50,90.379225
-12.294156,50,90.420337
-10.750366,50,90.449203
-13.661295,50,90.486957
-17.718836,50,90.523384
-14.296406,50,90.556408
-17.516098,50,90.58972
-10.554196,50,90.61746
-10.784522,50,90.644127
-15.274937,50,90.67536
-12.730243,50,90.712584
-15.342307,50,90.742409
-18.388996,50,90.777041
-11.532478,50,90.809554
-18.537979,50,90.845663
-13.006555,50,90.886838
-15.466553,50,90.919529
-11.747101,50,90.949172
-18.15842,50,90.982218
-14.243603,50,91.014709
-9.890385,50,91.04717
-16.713432,50,91.090102
-11.381701,50,91.125861
-10.894212,50,91.167327
-11.47658,50,91.205709
-11.437239,50,91.246441
-16.906735,50,91.277407
-14.050875,50,91.299408
-13.144778,50,91.321865
-15.287572,50,91.344321
-13.886336,50,91.36682
-10.659552,50,91.392393
-14.963888,50,91.433634
-9.725085,50,92.103458
-9.537141,50,92.141713
-12.911452,50,92.182737
-16.648316,50,92.22121
-12.857748,50,92.259535
-17.797386,50,92.298131
-12.438803,50,92.333462
-17.676167,50,92.357871
-16.126577,50,92.39161
-17.709723,50,92.416376
-11.903415,50,92.451889
-14.578141,50,92.480473
-11.417759,50,92.505881
-20.333591,50,92.534575
-16.137983,50,92.55926
-9.955621,50,92.58318
-10.536211,50,92.610446
-18.984044,50,92.631772
-13.715294,50,92.668664
-17.645768,50,92.702459
-13.027787,50,92.724996
-15.46146,50,92.747528
-11.6162,50,92.775961
-15.573909,50,92.817145
-18.483539,50,92.852471
-17.524651,50,92.881977
-9.767899,50,92.909136
-15.877126,50,92.935763
-11.579456,50,92.961984
-16.06144,50,92.991793
-16.770322,50,93.023527
-12.789832,50,93.056264
-17.027603,50,93.097229
-12.246516,50,93.13917
-12.317133,50,93.178823
-11.365831,50,93.218345
-15.548358,50,93.258461
-10.313016,50,93.291034
-16.962353,50,93.332939
-14.378207,50,93.372137
-14.068561,50,93.40908
-12.521212,50,94.116982
-12.039412,50,94.156623
-15.856213,50,94.197571
-15.877762,50,94.236439
-11.715219,50,94.278939
-12.747867,50,94.318391
-10.259146,50,94.351685
-13.346267,50,94.394995
-12.052202,50,94.428653
-16.925669,50,94.466228
-11.947921,50,94.506353
-11.169859,50,94.540325
-17.217749,50,94.56779
-14.505928,50,94.594362
-16.104148,50,94.627688
-11.04878,50,94.654833
-12.366315,50,94.682359
-14.465013,50,94.71856
-11.686938,50,94.749533
-10.724825,50,94.784155
-15.623939,50,94.827155
-10.153114,50,94.865383
-10.350563,50,94.899172
-17.83829,50,94.93311
-13.135213,50,94.955729
-15.667912,50,94.986983
-13.418116,50,95.01534
-18.279109,50,95.04887
-10.034213,50,95.084759
-12.234735,50,95.132118
-14.827991,50,95.170114
-9.290554,50,95.208579
-14.656064,50,95.235255
-12.754746,50,95.264208
-12.788859,50,95.300565
-17.452231,50,95.328722
-15.035001,50,95.350605
-15.637649,50,95.384946
-10.49271,50,95.417042
-10.634322,50,95.445899
-11.25387,50,95.475149
-9.728791,50,96.467434
-17.924285,50,96.508913
-15.099748,50,96.548688
-10.937108,50,96.580013
-13.529117,50,96.617339
-13.203012,50,96.65324
-16.385699,50,96.694356
-14.552603,50,96.734572
-14.972803,50,96.776068
-15.122481,50,96.797165
-9.831131,50,96.819379
-14.467612,50,96.851375
-17.578215,50,96.884662
-16.38488,50,96.908282
-10.293099,50,96.932953
-16.244408,50,96.957168
-16.480217,50,96.992332
-10.07344,50,97.02724
-10.618752,50,97.053424
-12.484934,50,97.083832
-16.259129,50,97.120267
-10.132354,50,97.150093
-15.369711,50,97.180491
-13.228322,50,97.213854
-15.025609,50,97.246496
-16.579115,50,97.273571
-8.403596,50,97.305608
-10.282906,50,97.336647
-14.643045,50,97.365648
-10.187028,50,97.405757
-10.58095,50,97.440719
-11.334995,50,97.479415
-13.735614,50,97.517292
-19.007054,50,97.558067
-9.862257,50,97.594777
-12.470465,50,97.635148
-17.801245,50,97.673417
-15.574626,50,97.71176
-12.541015,50,97.750547
-15.199603,50,97.790602
-13.580853,50,97.826852
-9.723744,50,98.585493
-10.417542,50,98.622571
-13.841532,50,98.663844
-14.979085,50,98.704397
-11.928042,50,98.742469
-12.577659,50,98.781955
-15.411263,50,98.823837
-15.633207,50,98.8606
-13.545839,50,98.900005
-10.835267,50,98.929691
-13.983292,50,98.955482
-16.966759,50,98.981482
-12.988045,50,99.008635
-9.731038,50,99.05021
-11.022019,50,99.082799
-11.809276,50,99.116451
-17.82287,50,99.162108
-15.441988,50,99.195686
-11.258037,50,99.231048
-12.75231,50,99.269443
-13.590161,50,99.303385
-11.460714,50,99.328579
-10.264795,50,99.357063
-13.382529,50,99.382821
-14.688952,50,99.414039
-10.345589,50,99.443317
-10.972537,50,99.482074
-16.073767,50,99.513655
-11.738604,50,99.541597
-10.686975,50,99.575304
-13.765501,50,99.615524
-17.438316,50,99.655791
-10.050832,50,99.694061
-14.130227,50,99.734432
-12.036172,50,99.766498
-14.879885,50,99.797136
-10.880277,50,99.834481
-10.929726,50,99.870787
-16.86565,50,99.897936
-12.957982,50,99.928626
-13.710701,50,99.969978
-8.306962,50,100.87589
-14.344934,50,100.91728
-11.104126,50,100.955578
-9.625824,50,100.99772
-10.069952,50,101.038554
-13.230903,50,101.077943
-9.968735,50,101.117195
-17.5767,50,101.148887
-12.640989,50,101.176286
-12.869582,50,101.210471
-14.536796,50,101.245445
-14.495644,50,101.279107
-13.233502,50,101.301479
-13.936628,50,101.32831
-16.22561,50,101.351462
-12.252632,50,101.373731
-9.792636,50,101.396634
-14.348667,50,101.419496
-15.169423,50,101.442255
-13.300396,50,101.464605
-10.48421,50,101.490912
-12.303435,50,101.521574
-12.667129,50,101.545368
-9.459695,50,101.570427
-10.300271,50,101.593394
-11.007695,50,101.619962
-13.097384,50,101.647366
-13.584566,50,101.678727
-10.65868,50,101.70136
-12.782685,50,101.725375
-10.659435,50,101.74951
-9.253884,50,101.77178
-12.819484,50,101.794544
-9.192489,50,101.817255
-15.602041,50,101.840083
-11.14763,50,101.878211
-11.121811,50,101.906317
-10.204646,50,101.949362
-15.926991,50,101.988442
-17.173756,50,102.025073
-12.645337,50,102.061169
-16.239863,50,102.961132
-17.283084,50,102.998279
-9.244496,50,103.035719
-13.916278,50,103.075448
-10.663744,50,103.111631
-12.596469,50,103.149092
-14.407456,50,103.187667
-12.430938,50,103.228404
-13.697118,50,103.271084
-13.639976,50,103.309281
-14.614267,50,103.348137
-13.784316,50,103.385408
-9.541689,50,103.411955
-14.94793,50,103.446848
-14.377651,50,103.483538
-14.26744,50,103.52414
-9.978081,50,103.559645
-16.756478,50,103.592323
-9.301905,50,103.626882
-11.25889,50,103.66168
-19.420378,50,103.695331
-9.337483,50,103.729082
-13.538676,50,103.770029
-10.312539,50,103.794556
-9.988736,50,103.830876
-8.925594,50,103.865767
-9.039441,50,103.902922
-11.353838,50,103.941074
-12.970166,50,103.96893
-10.343362,50,104.001008
-12.056186,50,104.041678
-11.520843,50,104.080059
-12.357409,50,104.121718
-15.550884,50,104.150219
-11.321245,50,104.182358
-9.979742,50,104.212411
-15.695853,50,104.240437
-17.289458,50,104.274075
-10.825537,50,104.304527
-14.764911,50,104.335655
-12.370079,50,104.372119
-11.306465,50,105.352385
-10.817041,50,105.389539
-14.415993,50,105.432065
-10.307654,50,105.47228
-8.861528,50,105.511025
-14.046972,50,105.550575
-11.95552,50,105.586404
-16.817051,50,105.616411
-11.4775,50,105.648659
-12.953249,50,105.680814
-14.648621,50,105.703162
-10.929142,50,105.723814
-10.76835,50,105.744707
-9.435562,50,105.774514
-14.985126,50,105.809733
-14.901835,50,105.833264
-11.06998,50,105.856894
-14.835628,50,105.889426
-15.332054,50,105.917523
-11.75802,50,105.943166
-17.245558,50,105.966383
-16.593972,50,105.994372
-16.169032,50,106.023856
-10.168283,50,106.050852
-14.577689,50,106.094186
-16.326496,50,106.119505
-13.065981,50,106.160728
-13.607066,50,106.20382
-13.376593,50,106.246656
-10.201952,50,106.280376
-13.247384,50,106.302858
-13.679322,50,106.326464
-11.067045,50,106.361573
-16.286456,50,106.396135
-9.945199,50,106.421232
-12.459237,50,106.449492
-15.821404,50,106.476025
-8.412711,50,106.503449
-12.239089,50,106.547932
-9.87766,50,106.584714
-9.519888,50,106.618052
-12.444083,50,107.272841
-10.252918,50,107.305608
-11.78917,50,107.337507
-13.700107,50,107.375995
-10.609782,50,107.410553
-14.346767,50,107.449989
-12.594498,50,107.480051
-13.077927,50,107.513865
-13.066728,50,107.544027
-10.702764,50,107.574483
-10.77604,50,107.617353
-10.393142,50,107.658377
-10.556804,50,107.691542
-14.05165,50,107.728622
-10.070302,50,107.766138
-15.719214,50,107.796625
-10.739875,50,107.838112
-17.436562,50,107.873238
-10.939064,50,107.909348
-10.681906,50,107.945629
-13.195558,50,107.977288
-9.722445,50,108.00825
-10.370908,50,108.043812
-14.570084,50,108.072037
-13.639739,50,108.097254
-16.704918,50,108.133705
-11.671783,50,108.168988
-8.911592,50,108.202744
-16.266902,50,108.237899
-9.124691,50,108.266907
-9.313635,50,108.303906
-9.997683,50,108.329329
-8.594876,50,108.357889
-15.248204,50,108.396183
-10.638612,50,108.436314
-10.762328,50,108.475358
-16.647866,50,108.518711
-9.672566,50,108.556698
-12.263902,50,108.578889
-13.887141,50,108.601341
-13.632297,50,109.259476
-16.292535,50,109.297892
-14.241184,50,109.333889
-9.288839,50,109.375213
-12.972646,50,109.417321
-16.004086,50,109.456298
-12.743057,50,109.497812
-10.223089,50,109.532718
-10.795463,50,109.571428
-9.207658,50,109.612071
-9.997885,50,109.638555
-9.159963,50,109.666379
-14.368466,50,109.70389
-11.499983,50,109.739489
-13.240204,50,109.773858
-11.129072,50,109.796786
-16.815356,50,109.826938
-13.299736,50,109.856665
-9.758034,50,109.8889
-17.536735,50,109.910044
-8.874671,50,109.930558
-17.14551,50,109.956009
-10.399343,50,109.984811
-16.708363,50,110.017423
-9.349118,50,110.04141
-11.969539,50,110.06472
-15.159231,50,110.103432
-9.980197,50,110.134549
-12.18672,50,110.174891
-11.872323,50,110.20878
-11.769689,50,110.231493
-12.606531,50,110.260461
-13.606135,50,110.297114
-13.147287,50,110.336846
-17.348069,50,110.379281
-8.83061,50,110.408432
-12.718049,50,110.435502
-8.733011,50,110.46824
-11.475361,50,110.495618
-9.48532,50,110.531212
-8.891108,50,110.556604
-13.456867,50,111.310546
-9.201042,50,111.343472
-11.573283,50,111.38645
-14.148465,50,111.428091
-15.547488,50,111.46655
-11.647585,50,111.510314
-12.757162,50,111.544549
-10.75891,50,111.584644
-9.315683,50,111.612781
-12.889741,50,111.637603
-18.022331,50,111.660521
-12.343608,50,111.689564
-9.470619,50,111.723089
-10.269382,50,111.749911
-11.289889,50,111.774261
-11.001334,50,111.799508
-17.449388,50,111.831443
-15.975891,50,111.856268
-14.021136,50,111.881939
-10.699971,50,111.918636
-11.584806,50,111.944232
-14.652535,50,111.970752
-12.742426,50,111.998306
-12.139731,50,112.03233
-8.418866,50,112.066608
-8.631484,50,112.09796
-12.797598,50,112.122654
-16.439239,50,112.147277
-12.348762,50,112.169948
-13.094827,50,112.19885
-13.286799,50,112.23385
-14.439445,50,112.265506
-10.338986,50,112.304559
-15.820534,50,112.328116
-11.096959,50,112.368388
-11.299374,50,112.412519
-8.917159,50,112.454293
-16.413791,50,112.488744
-10.941038,50,112.527364
-14.333904,50,112.558331
-10.469002,50,112.592678
-13.998162,50,113.421098
-10.718654,50,113.461779
-17.220635,50,113.498539
-12.148439,50,113.541154
-13.528273,50,113.578826
-8.877764,50,113.614542
-8.654042,50,113.644271
-12.236943,50,113.685628
-15.116382,50,113.716232
-12.590389,50,113.744079
-14.571791,50,113.774296
-16.269092,50,113.798661
-14.049571,50,113.83266
-10.4273,50,113.866068
-9.533654,50,113.906855
-13.287536,50,113.945525
-9.494864,50,113.97385
-9.517923,50,114.001667
-11.310992,50,114.029897
-12.113866,50,114.052597
-13.673452,50,114.081224
-15.257283,50,114.114341
-11.184644,50,114.141939
-15.04535,50,114.179534
-9.03975,50,114.206195
-9.160886,50,114.234331
-16.277938,50,114.266872
-8.835476,50,114.297568
-9.156862,50,114.337102
-13.454741,50,114.373197
-10.70111,50,114.414326
-14.263011,50,114.455016
-13.168489,50,114.493839
-8.649893,50,114.530851
-7.520933,50,114.567535
-10.91182,50,114.595063
-11.322783,50,114.620582
-10.443837,50,114.655101
-9.57422,50,114.684139
-14.688453,50,114.709147
-13.118929,50,114.747348
-10.815114,50,115.398489
-13.052908,50,115.432443
-14.722733,50,115.463084
-15.243959,50,115.506094
-13.493634,50,115.539547
-10.16996,50,115.574569
-10.716647,50,115.615757
-11.29272,50,115.65375
-9.003162,50,115.693919
-17.294857,50,115.733733
-11.898522,50,115.773378
-16.259488,50,115.80905
-7.912586,50,115.849421
-10.416489,50,115.890796
-12.483179,50,115.928459
-11.233973,50,115.967524
-11.346707,50,115.993625
-12.015404,50,116.017683
-10.288325,50,116.041243
-12.428225,50,116.066607
-9.241547,50,116.106697
-13.813915,50,116.138745
-12.237466,50,116.168502
-9.582658,50,116.193747
-8.976425,50,116.218489
-10.027507,50,116.255735
-10.385654,50,116.288892
-8.341263,50,116.31879
-15.600925,50,116.345053
-10.223112,50,116.383178
-15.341499,50,116.410436
-10.010939,50,116.456002
-15.742101,50,116.492835
-13.819974,50,116.538751
-16.883019,50,116.579074
-14.546605,50,116.619284
-11.962868,50,116.657738
-14.604011,50,116.6852
-11.729578,50,116.725011
-12.136144,50,116.749625
-16.989553,50,116.775199
-12.624231,50,117.499703
-10.504206,50,117.534859
-17.206589,50,117.579335
-8.831679,50,117.617568
-15.182341,50,117.656644
-9.87373,50,117.697314
-13.14756,50,117.735969
-16.984024,50,117.777481
-10.952396,50,117.814625
-15.860018,50,117.856012
-11.423982,50,117.892082
-13.251577,50,117.924074
-16.372766,50,117.955946
-11.501446,50,117.983247
-13.47296,50,118.009205
-12.583698,50,118.034541
-11.229861,50,118.064595
-15.994148,50,118.09762
-12.074648,50,118.122626
-9.276849,50,118.168131
-9.068754,50,118.201555
-11.524335,50,118.23107
-10.594711,50,118.261151
-11.359678,50,118.29177
-8.865793,50,118.326931
-13.459482,50,118.367581
-9.474859,50,118.402696
-14.897067,50,118.431392
-10.164118,50,118.469344
-13.117439,50,118.505975
-10.029073,50,118.546472
-10.508193,50,118.588386
-8.874873,50,118.628628
-9.377659,50,118.666668
-11.141265,50,118.705105
-10.457157,50,118.742227
-11.525343,50,118.780711
-14.481644,50,118.819565
-9.727056,50,118.85478
-13.272903,50,118.892739
-17.139666,50,118.931961
-10.677552,50,119.598025
-11.125639,50,119.630364
-11.081325,50,119.65474
-12.003807,50,119.680348
-12.661019,50,119.725101
-7.733033,50,119.763484
-15.88747,50,119.804096
-9.185885,50,119.844569
-13.191186,50,119.883631
-8.868296,50,119.92557
-15.628395,50,119.961098
-9.15943,50,119.984729
-11.098829,50,120.015364
-15.114376,50,120.037409
-12.868536,50,120.059399
-11.206905,50,120.081494
-8.800452,50,120.102873
-13.236818,50,120.13387
-14.633932,50,120.156328
-9.695264,50,120.187612
-8.932518,50,120.215022
-9.260177,50,120.244785
-10.539995,50,120.283002
-13.279839,50,120.323582
-13.010527,50,120.362469
-8.86896,50,120.391034
-12.69669,50,120.424657
-8.894899,50,120.457032
-15.375401,50,120.495732
-10.081465,50,120.528484
-12.286816,50,120.558777
-9.266464,50,120.588934
-14.81911,50,120.628017
-12.400017,50,120.670369
-11.621432,50,120.710357
-14.030871,50,120.748579
-9.141879,50,120.78626
-11.984167,50,120.827335
-12.294442,50,120.865641
-10.220928,50,120.894756
-11.077241,50,120.916702
-14.768307,50,121.596697
-9.13688,50,121.635764
-9.544373,50,121.675628
-9.186387,50,121.715044
-13.26566,50,121.754875
-8.608486,50,121.785837
-15.550768,50,121.810505
-15.936676,50,121.848886
-15.799216,50,121.885173
-16.722158,50,121.913296
-10.611863,50,121.948463
-9.960314,50,121.973957
-12.574005,50,122.006634
-16.088572,50,122.039119
-10.549454,50,122.072958
-9.348723,50,122.103303
-11.820655,50,122.135336
-12.661218,50,122.171586
-14.638005,50,122.206366
-14.405431,50,122.236584
-10.576481,50,122.2732
-10.721637,50,122.295676
-9.543285,50,122.318144
-14.002564,50,122.340739
-11.557376,50,122.363569
-10.065506,50,122.401567
-9.249863,50,122.428709
-17.166681,50,122.458455
-8.699451,50,122.480338
-10.468762,50,122.509553
-12.297017,50,122.540691
-11.02471,50,122.56744
-9.013319,50,122.609054
-8.573968,50,122.640387
-10.245191,50,122.678179
-14.540653,50,122.712555
-10.902354,50,122.75084
-8.767849,50,122.785703
-11.399593,50,122.816
-12.675726,50,122.847428
-14.078453,50,122.875562
-11.717324,50,123.431207
-13.036079,50,123.454354
-10.406886,50,123.481138
-11.13762,50,123.519543
-15.87305,50,123.560303
-11.10545,50,123.599663
-10.613369,50,123.637299
-11.898029,50,123.677576
-16.621553,50,123.717922
-15.726172,50,123.744454
-9.82741,50,123.788064
-11.012451,50,123.816214
-14.694495,50,123.841161
-15.944542,50,123.868833
-12.011643,50,123.895899
-8.904958,50,123.922855
-17.31653,50,123.950209
-10.526064,50,123.970662
-13.028233,50,123.990461
-11.897156,50,124.033794
-14.278628,50,124.071119
-11.777512,50,124.106129
-10.797714,50,124.145503
-10.487664,50,124.1861
-10.79471,50,124.221954
-13.737051,50,124.257393
-12.404028,50,124.299548
-13.878504,50,124.335002
-10.150695,50,124.37728
-17.094039,50,124.414112
-15.924553,50,124.441548
-13.310843,50,124.478105
-9.841479,50,124.512025
-13.830551,50,124.545667
-8.74028,50,124.573636
-12.936382,50,124.607079
-12.332708,50,124.628829
-12.048983,50,124.656517
-10.656051,50,124.678633
-14.621233,50,124.69999
-12.240647,50,124.730369
-17.520701,50,125.376872
-11.378216,50,125.400649
-13.482922,50,125.422082
-10.304748,50,125.443435
-16.098172,50,125.468141
-13.234327,50,125.488108
-13.584744,50,125.517849
-9.617204,50,125.540921
-9.236329,50,125.563167
-10.0129,50,125.591891
-9.920708,50,125.615754
-9.471606,50,125.649564
-10.777838,50,125.686339
-12.671214,50,125.725569
-16.367062,50,125.767468
-10.312398,50,125.8072
-10.540939,50,125.837934
-9.502197,50,125.861748
-14.815873,50,125.902721
-9.287007,50,125.93102
-16.49393,50,125.963603
-14.256809,50,125.991199
-11.634583,50,126.018987
-9.017911,50,126.046341
-10.732409,50,126.074966
-8.924014,50,126.105814
-10.700937,50,126.13379
-15.464909,50,126.160716
-13.340077,50,126.18776
-9.241851,50,126.210509
-9.362774,50,126.234476
-9.488626,50,126.278602
-11.066406,50,126.301422
-8.655771,50,126.322864
-15.149884,50,126.348176
-9.233778,50,126.37436
-16.728755,50,126.397034
-8.631981,50,126.417454
-11.16083,50,126.459251
-14.392078,50,126.499512
-9.462299,50,126.54013
-16.423468,50,127.225705
-9.378198,50,127.25401
-9.323974,50,127.279017
-10.616749,50,127.299558
-16.962379,50,127.323438
-8.394377,50,127.350331
-10.26253,50,127.387272
-13.60916,50,127.413868
-9.774926,50,127.440349
-11.096396,50,127.462844
-10.372273,50,127.487739
-10.132367,50,127.512269
-11.78518,50,127.537161
-13.429101,50,127.566472
-10.891143,50,127.587452
-15.166025,50,127.608768
-11.438569,50,127.633065
-15.12199,50,127.657297
-9.400608,50,127.686101
-15.976377,50,127.705889
-10.055452,50,127.725646
-12.324379,50,127.747246
-10.728603,50,127.778875
-8.661832,50,127.809058
-9.934366,50,127.838541
-11.297788,50,127.87635
-9.003828,50,127.904111
-9.412731,50,127.92479
-14.649305,50,127.954293
-11.862796,50,127.989239
-12.354092,50,128.010058
-14.700167,50,128.034679
-16.084721,50,128.066468
-14.384655,50,128.089982
-11.253591,50,128.11217
-13.613265,50,128.133741
-11.86273,50,128.157329
-16.910818,50,128.198166
-10.731295,50,128.222847
-7.844113,50,128.263768
-9.675758,50,128.299846
-16.086742,50,129.029667
-15.767794,50,129.063671
-8.322857,50,129.091623
-9.16665,50,129.118822
-11.390699,50,129.146188
-13.721401,50,129.172142
-11.784653,50,129.197286
-10.338882,50,129.224367
-9.4471,50,129.253082
-14.427488,50,129.283823
-11.592448,50,129.309146
-17.911408,50,129.335078
-14.432661,50,129.361801
-10.409051,50,129.388695
-12.491283,50,129.413259
-9.526434,50,129.43891
-12.839746,50,129.473161
-11.216637,50,129.496752
-10.597824,50,129.517462
-8.772885,50,129.544913
-8.712881,50,129.57437
-12.49854,50,129.603508
-12.048218,50,129.645936
-15.806767,50,129.678371
-17.337485,50,129.708527
-11.8379,50,129.73324
-12.265185,50,129.764732
-9.962381,50,129.801486
-7.974412,50,129.836846
-12.696654,50,129.869953
-12.852239,50,129.907286
-10.614976,50,129.932604
-11.561118,50,129.9605
-9.846891,50,130.002019
-12.057852,50,130.041045
-11.165651,50,130.081569
-15.7425,50,130.119978
-8.213332,50,130.159772
-9.958752,50,130.185839
-12.165267,50,130.221846
-9.796384,50,130.2566
-16.967113,50,130.956281
-14.778548,50,130.994756
-9.477842,50,131.024177
-10.207084,50,131.05133
-11.37338,50,131.076364
-11.126087,50,131.109765
-11.867828,50,131.148242
-11.986674,50,131.187451
-9.908012,50,131.22793
-16.692839,50,131.262626
-10.183787,50,131.300442
-11.307251,50,131.339478
-8.96801,50,131.376359
-9.679108,50,131.408894
-18.323597,50,131.448912
-8.689,50,131.483473
-9.976193,50,131.526521
-13.156161,50,131.564529
-9.608146,50,131.604433
-11.308082,50,131.647989
-8.213896,50,131.678527
-9.514851,50,131.714027
-12.284404,50,131.736772
-11.812703,50,131.766134
-8.770513,50,131.792829
-12.237431,50,131.82727
-13.830489,50,131.848675
-8.80513,50,131.889631
-10.717916,50,131.923877
-15.282702,50,131.955162
-15.168634,50,131.985513
-9.08159,50,132.008048
-9.038953,50,132.031745
-14.038761,50,132.057552
-13.348528,50,132.094058
-12.513959,50,132.118823
-9.367537,50,132.141546
-12.65974,50,132.16933
-16.277146,50,132.192559
-11.696872,50,132.214135
-12.543481,50,132.236907
-8.609975,50,132.897503
-12.712406,50,132.935163
-12.632274,50,132.968296
-11.330292,50,132.997678
-8.289433,50,133.032712
-12.109145,50,133.056527
-13.642599,50,133.097993
-13.981068,50,133.133283
-12.786886,50,133.168362
-16.650793,50,133.203505
-11.04018,50,133.232931
-12.694372,50,133.276567
-8.836133,50,133.312398
-14.132138,50,133.353475
-9.445043,50,133.393225
-10.394138,50,133.430674
-8.471571,50,133.462046
-10.400528,50,133.496753
-10.023375,50,133.533328
-8.480738,50,133.568209
-16.690433,50,133.601757
-10.73555,50,133.639552
-8.514094,50,133.664314
-8.688365,50,133.689497
-11.059759,50,133.724092
-12.97007,50,133.749135
-12.541843,50,133.78582
-8.370992,50,133.826629
-9.436765,50,133.86528
-14.097248,50,133.902058
-14.206254,50,133.944489
-10.133772,50,133.97068
-15.793409,50,134.006668
-9.587861,50,134.043167
-8.617412,50,134.074855
-10.819681,50,134.099884
-8.530596,50,134.122283
-9.967861,50,134.145117
-15.09427,50,134.16794
-9.907596,50,134.196627
-8.622815,50,134.22171
-9.18692,50,134.831605
-9.035343,50,134.867902
-9.54549,50,134.904011
-14.226533,50,134.942532
-14.184347,50,134.984044
-14.858917,50,135.020399
-9.399618,50,135.058952
-9.122308,50,135.088096
-13.22652,50,135.11817
-12.827094,50,135.14054
-16.766222,50,135.17726
-7.880797,50,135.214447
-17.183517,50,135.254733
-8.344211,50,135.294519
-13.651828,50,135.334584
-13.243848,50,135.374228
-12.702985,50,135.416183
-14.575107,50,135.455122
-13.821748,50,135.494966
-15.134871,50,135.533073
-13.135877,50,135.572852
-8.732519,50,135.613193
-11.034273,50,135.643708
-13.003659,50,135.67278
-13.229786,50,135.697835
-9.563856,50,135.733602
-15.531864,50,135.76604
-10.950233,50,135.79307
-14.583561,50,135.821572
-8.929719,50,135.851446
-15.607462,50,135.892919
-10.683759,50,135.924448
-12.375915,50,135.959421
-9.807373,50,135.995338
-10.519441,50,136.02992
-9.06957,50,136.05378
-8.742724,50,136.087762
-9.875015,50,136.116397
-10.868663,50,136.146579
-15.33432,50,136.185299
-11.475349,50,136.214914
-15.618068,50,136.900838
-10.2502,50,136.934057
-14.131067,50,136.971176
-10.368401,50,137.013415
-12.407607,50,137.055307
-13.340285,50,137.090473
-12.695753,50,137.132618
-13.305727,50,137.161199
-9.552468,50,137.189833
-12.738376,50,137.228364
-10.918318,50,137.264038
-9.855741,50,137.292217
-14.604795,50,137.316957
-16.546671,50,137.339604
-8.502909,50,137.363508
-8.951429,50,137.399965
-10.01666,50,137.42734
-9.910182,50,137.453779
-9.737993,50,137.47986
-15.440271,50,137.503666
-13.072571,50,137.527966
-16.024874,50,137.56704
-11.256528,50,137.589524
-11.263147,50,137.61264
-9.423759,50,137.640429
-11.829544,50,137.679706
-13.753909,50,137.706168
-10.556985,50,137.739799
-13.966623,50,137.769721
-11.017457,50,137.806226
-11.426278,50,137.83395
-14.973761,50,137.863968
-9.905357,50,137.895644
-11.522089,50,137.935069
-10.439025,50,137.976233
-13.770025,50,138.01356
-9.501355,50,138.055545
-9.484065,50,138.09092
-8.575938,50,138.124177
-12.126664,50,138.152542
-12.438579,50,138.188343
-8.022592,50,138.853567
-12.043319,50,138.8888
-16.477837,50,138.93165
-8.351254,50,138.974983
-14.312101,50,139.014122
-12.927139,50,139.05663
-12.997157,50,139.094632
-12.0033,50,139.133933
-12.727664,50,139.167265
-9.102327,50,139.208679
-11.666522,50,139.246938
-15.468255,50,139.286027
-10.676164,50,139.3131
-11.969681,50,139.344405
-9.69078,50,139.377295
-10.503198,50,139.413046
-14.877708,50,139.442732
-10.747611,50,139.47051
-12.725367,50,139.498937
-10.398485,50,139.527443
-10.317109,50,139.554535
-13.983269,50,139.58684
-10.982319,50,139.616432
-14.177758,50,139.64547
-13.536459,50,139.68172
-9.133179,50,139.718095
-10.011083,50,139.746769
-10.909594,50,139.772568
-8.474951,50,139.813018
-8.995443,50,139.848592
-10.704861,50,139.872207
-13.981327,50,139.917146
-10.621261,50,139.9572
-12.036693,50,139.996418
-8.843253,50,140.037328
-10.175534,50,140.072932
-13.446413,50,140.113559
-11.005568,50,140.147507
-9.914847,50,140.18217
-9.833918,50,140.20656
-11.234166,50,140.233691
-12.273273,50,140.937428
-10.715643,50,140.978384
-13.977067,50,141.018973
-15.081701,50,141.057688
-10.233915,50,141.097434
-16.214897,50,141.137203
-9.913289,50,141.169126
-11.367532,50,141.211045
-11.55309,50,141.247682
-14.763337,50,141.283248
-10.286351,50,141.314873
-10.277603,50,141.342498
-15.991545,50,141.370283
-8.982994,50,141.40107
-15.872225,50,141.43362
-9.794291,50,141.463475
-14.163139,50,141.491843
-14.341841,50,141.516878
-11.138668,50,141.558378
-15.543724,50,141.597266
-13.371014,50,141.627364
-11.398805,50,141.65725
-11.301482,50,141.693614
-15.131852,50,141.718256
-9.728963,50,141.744125
-13.177945,50,141.787363
-13.041628,50,141.820989
-15.830733,50,141.855892
-9.21215,50,141.895381
-8.497223,50,141.928768
-9.68699,50,141.972135
-8.920774,50,142.005644
-13.389008,50,142.050589
-16.323531,50,142.095138
-11.971486,50,142.117452
-14.085189,50,142.154126
-12.346396,50,142.180386
-8.983184,50,142.221995
-9.653105,50,142.262104
-10.127068,50,142.302037
-14.013703,50,142.338562
-12.381245,50,143.039583
-11.843255,50,143.077427
-11.790743,50,143.116004
-14.653812,50,143.157285
-12.160185,50,143.1947
-10.432139,50,143.234353
-12.323062,50,143.274369
-10.729801,50,143.314962
-13.028701,50,143.352895
-15.42777,50,143.386019
-8.850554,50,143.42107
-12.224861,50,143.456568
-11.386767,50,143.486011
-9.306565,50,143.517419
-8.380075,50,143.55144
-13.339479,50,143.586298
-14.613013,50,143.620492
-16.54324,50,143.659686
-14.521925,50,143.690155
-11.035133,50,143.716543
-10.235536,50,143.749587
-15.584684,50,143.775853
-12.845551,50,143.807061
-8.282012,50,143.84402
-9.596409,50,143.880492
-9.428774,50,143.921761
-7.925553,50,143.962122
-12.696648,50,143.996937
-13.750494,50,144.038141
-13.104222,50,144.076493
-11.472657,50,144.112432
-15.714187,50,144.150615
-11.065265,50,144.194421
-14.320149,50,144.234327
-11.510519,50,144.267138
-17.039369,50,144.295484
-13.619944,50,144.322621
-14.677586,50,144.351279
-9.077014,50,144.373579
-12.098818,50,144.395003
-10.41843,50,144.418809
-12.882678,50,145.096328
-12.986255,50,145.126984
-11.410438,50,145.159458
-9.486237,50,145.188861
-13.230403,50,145.229936
-15.079774,50,145.267161
-11.852935,50,145.304875
-10.274785,50,145.344051
-10.067317,50,145.375357
-8.285512,50,145.414787
-9.524507,50,145.446321
-10.148699,50,145.475644
-10.272957,50,145.516124
-11.020204,50,145.542857
-14.119576,50,145.568313
-11.309744,50,145.601537
-7.739941,50,145.63387
-8.872953,50,145.657113
-13.753857,50,145.685942
-9.088078,50,145.726245
-9.050202,50,145.764364
-9.911325,50,145.79985
-12.489802,50,145.840335
-9.858721,50,145.872093
-15.168328,50,145.907145
-11.505563,50,145.945739
-11.469932,50,145.972578
-12.716837,50,145.996916
-11.80793,50,146.039408
-12.763516,50,146.076385
-9.695141,50,146.105483
-8.941062,50,146.140994
-10.129513,50,146.163688
-11.516205,50,146.193183
-9.525527,50,146.234773
-12.889284,50,146.261734
-17.098203,50,146.302719
-14.316068,50,146.341702
-9.318091,50,146.374072
-12.671397,50,146.408052
-8.303602,50,146.445224
-11.482337,50,147.161397
-11.233129,50,147.201386
-15.07336,50,147.235454
-11.998032,50,147.277203
-10.686511,50,147.316265
-10.334053,50,147.356115
-8.828963,50,147.394222
-9.310654,50,147.434283
-9.695936,50,147.4732
-15.23164,50,147.511746
-13.382626,50,147.550462
-9.910548,50,147.584502
-15.456482,50,147.610079
-11.736677,50,147.651117
-11.416008,50,147.68956
-11.958525,50,147.719902
-13.914139,50,147.756657
-11.79134,50,147.780739
-8.848305,50,147.818183
-15.576778,50,147.85305
-10.600416,50,147.88321
-8.512752,50,147.910021
-12.975111,50,147.93962
-12.86775,50,147.968265
-9.570573,50,148.010614
-12.428366,50,148.04957
-8.494372,50,148.075204
-9.59513,50,148.100999
-9.57778,50,148.123811
-13.114291,50,148.164836
-11.915088,50,148.206638
-13.913767,50,148.242405
-12.215595,50,148.286762
-8.817161,50,148.323797
-10.151243,50,148.343959
-8.747721,50,148.367474
-11.126523,50,148.409633
-9.368665,50,148.44659
-10.088047,50,148.481915
-11.172635,50,148.517005
-8.451446,50,148.548328
-10.284286,50,149.171281
-9.363486,50,149.209451
-15.723107,50,149.247455
-8.004065,50,149.283396
-10.234781,50,149.323995
-12.97355,50,149.363094
-9.892142,50,149.399145
-14.618005,50,149.436327
-10.198219,50,149.473628
-11.470981,50,149.513181
-16.690547,50,149.540528
-7.270779,50,149.567705
-13.922922,50,149.612835
-8.723536,50,149.64966
-10.268328,50,149.683941
-9.471084,50,149.714027
-9.588917,50,149.74535
-11.174952,50,149.774541
-7.976932,50,149.815437
-14.431901,50,149.858541
-13.288744,50,149.900527
-9.5317,50,149.930967
-10.851555,50,149.967622
-12.217584,50,150.00018
-15.523438,50,150.022352
-11.795555,50,150.053699
-11.600547,50,150.087664
-9.116235,50,150.12545
-12.600386,50,150.165043
-12.517918,50,150.199849
-16.209317,50,150.225888
-11.114976,50,150.261943
-14.275481,50,150.307364
-15.203847,50,150.347282
-10.320239,50,150.387136
-8.072734,50,150.424005
-8.517755,50,150.464317
-10.357029,50,150.489023
-11.639489,50,150.513949
-9.785864,50,150.544545
-11.781129,50,150.574573
-13.087462,50,151.26723
-9.674268,50,151.304539
-16.07525,50,151.343474
-13.747837,50,151.382165
-11.566513,50,151.418417
-8.651805,50,151.460388
-8.59358,50,151.498623
-8.458035,50,151.534742
-9.466213,50,151.573914
-12.029591,50,151.613441
-10.191,50,151.652888
-15.559217,50,151.692159
-9.59745,50,151.728359
-10.034302,50,151.759468
-8.871327,50,151.804703
-9.611165,50,151.841336
-8.40229,50,151.877229
-12.072851,50,151.911543
-10.46569,50,151.945161
-11.428827,50,151.977617
-8.275215,50,151.999262
-9.488098,50,152.038402
-13.733783,50,152.079604
-9.512333,50,152.117421
-9.13338,50,152.149331
-8.811541,50,152.171768
-7.656071,50,152.2093
-9.760281,50,152.241785
-11.881263,50,152.286444
-7.774879,50,152.325921
-13.916525,50,152.365474
-9.494816,50,152.406209
-7.896447,50,152.441323
-10.338553,50,152.474129
-16.02938,50,152.501865
-8.202845,50,152.535755
-10.168541,50,152.560134
-7.950419,50,152.585758
-11.689576,50,152.611886
-15.932093,50,152.652807
-7.898609,50,152.688373
-8.343818,50,153.441576
-14.211917,50,153.482531
-10.253404,50,153.52115
-10.107391,50,153.558817
-13.756346,50,153.598548
-8.72658,50,153.637684
-12.29487,50,153.67854
-11.721931,50,153.718455
-7.94492,50,153.756507
-11.824907,50,153.797523
-10.447166,50,153.840291
-15.215653,50,153.869824
-10.329972,50,153.903342
-9.12717,50,153.932169
-10.351632,50,153.968217
-8.575638,50,154.001168
-10.648425,50,154.039326
-11.484005,50,154.073133
-11.868853,50,154.105277
-9.017118,50,154.135463
-15.07861,50,154.165314
-9.759684,50,154.198699
-11.536646,50,154.232307
-10.919262,50,154.271391
-15.627448,50,154.303693
-15.660048,50,154.340441
-10.818029,50,154.375376
-12.190804,50,154.410705
-12.539096,50,154.452202
-16.711868,50,154.490739
-13.13401,50,154.53088
-11.522591,50,154.570943
-11.302518,50,154.611888
-9.694256,50,154.650682
-13.769541,50,154.689197
-8.070493,50,154.729466
-9.91397,50,154.765157
-12.781093,50,154.799545
-12.237848,50,154.831088
-7.711829,50,154.865012
-13.846976,50,154.902271
-10.048293,50,155.587195
-10.197464,50,155.627825
-9.714906,50,155.662184
-12.796489,50,155.701208
-10.77384,50,155.741425
-13.755287,50,155.782305
-12.161174,50,155.822482
-8.807009,50,155.863067
-15.973749,50,155.901013
-14.60927,50,155.927768
-13.44805,50,155.953976
-14.496427,50,155.986873
-8.172063,50,156.02279
-9.775813,50,156.054005
-9.555731,50,156.096042
-9.199467,50,156.136546
-14.853929,50,156.165434
-9.805027,50,156.207569
-9.82066,50,156.240506
-13.754525,50,156.281877
-9.103481,50,156.317619
-13.257577,50,156.3568
-8.473558,50,156.397368
-9.207794,50,156.433681
-8.523814,50,156.476911
-8.856091,50,156.507275
-10.813111,50,156.535655
-12.310706,50,156.563292
-12.058221,50,156.607823
-16.041557,50,156.644411
-10.977589,50,156.671232
-7.962174,50,156.703659
-12.081133,50,156.739385
-14.294171,50,156.780625
-9.842325,50,156.817575
-12.237108,50,156.854536
-9.035373,50,156.892447
-13.797706,50,156.932935
-7.581822,50,156.964015
-13.638147,50,156.995876
-9.019917,50,157.019928
-14.200731,50,157.693972
-8.30211,50,157.734457
-12.465552,50,157.773619
-15.60881,50,157.814059
-10.21609,50,157.850711
-14.221715,50,157.891162
-10.480969,50,157.919377
-9.162279,50,157.956498
-8.939337,50,157.983642
-9.170408,50,158.022939
-12.690442,50,158.048546
-13.178885,50,158.076063
-9.218259,50,158.105226
-11.872743,50,158.135021
-8.557899,50,158.164777
-11.340657,50,158.198033
-8.316908,50,158.224552
-15.849352,50,158.250076
-9.961407,50,158.276185
-9.556348,50,158.300554
-15.164508,50,158.3252
-11.440484,50,158.363021
-9.177105,50,158.389878
-14.245569,50,158.419498
-11.400341,50,158.457461
-13.75976,50,158.497214
-12.555473,50,158.538293
-10.298608,50,158.563471
-8.763094,50,158.592687
-12.646593,50,158.618802
-13.779907,50,158.653756
-10.860294,50,158.699373
-8.761537,50,158.739378
-9.306207,50,158.777876
-9.527433,50,158.817523
-8.008466,50,158.854378
-10.474088,50,158.893253
-8.761435,50,158.930199
-9.292603,50,158.969357
-8.237584,50,159.004509
-8.934497,50,159.803898
-16.750645,50,159.844324
-12.57918,50,159.88491
-9.380508,50,159.921355
-13.597549,50,159.960943
-10.464548,50,160.003971
-9.446566,50,160.044542
-11.42663,50,160.086423
-8.217753,50,160.125147
-15.631663,50,160.162221
-14.856098,50,160.202727
-10.736255,50,160.242032
-8.441984,50,160.283241
-8.367815,50,160.321385
-17.370584,50,160.361493
-8.475952,50,160.404166
-9.254335,50,160.439396
-8.478992,50,160.480208
-7.995607,50,160.510407
-10.523026,50,160.534281
-9.943527,50,160.563572
-10.518811,50,160.594718
-11.072296,50,160.623922
-8.667028,50,160.655042
-9.614476,50,160.682358
-8.815742,50,160.710608
-7.262311,50,160.737472
-10.610108,50,160.772396
-16.244264,50,160.812685
-11.204148,50,160.851372
-13.898312,50,160.894017
-9.98101,50,160.93141
-15.351636,50,160.971051
-10.748448,50,161.011786
-10.281546,50,161.050908
-10.990666,50,161.084606
-11.425602,50,161.126952
-17.304182,50,161.167182
-9.801627,50,161.194667
-12.046619,50,161.232728
-15.417498,50,161.265838
-11.039564,50,161.897472
-11.556812,50,161.936596
-8.773288,50,161.975588
-16.155737,50,162.015123
-10.816573,50,162.056296
-12.564806,50,162.095772
-9.29709,50,162.134359
-10.408887,50,162.172649
-14.072126,50,162.205074
-7.492028,50,162.247303
-7.543006,50,162.287231
-15.189401,50,162.319447
-8.12233,50,162.347555
-10.219139,50,162.382764
-8.438152,50,162.404997
-9.03736,50,162.429308
-12.179498,50,162.467174
-10.817826,50,162.50376
-11.903164,50,162.52557
-11.817306,50,162.56785
-8.673167,50,162.606873
-8.102712,50,162.634067
-15.109267,50,162.661734
-8.534192,50,162.696574
-12.221278,50,162.724811
-9.395579,50,162.75363
-9.801076,50,162.791653
-8.534415,50,162.831913
-9.531301,50,162.870547
-11.023839,50,162.909386
-12.260075,50,162.947054
-8.983284,50,162.989155
-12.575302,50,163.02884
-7.94805,50,163.069943
-13.91604,50,163.107469
-10.108841,50,163.131976
-9.380401,50,163.15358
-8.596002,50,163.175601
-9.207138,50,163.202203
-13.951364,50,163.228416
-13.162936,50,163.264535
-9.028958,50,164.070089
-15.537729,50,164.110341
-12.48273,50,164.146833
-7.776427,50,164.187578
-7.751706,50,164.227191
-12.080848,50,164.268118
-8.10208,50,164.307475
-8.636555,50,164.34493
-11.084025,50,164.381325
-12.254199,50,164.410918
-11.681816,50,164.44156
-8.261241,50,164.468598
-12.446354,50,164.50859
-10.175641,50,164.545102
-8.519641,50,164.587284
-14.075601,50,164.624118
-12.227174,50,164.665676
-15.715519,50,164.699976
-8.009163,50,164.73797
-10.087642,50,164.771669
-11.843266,50,164.813522
-10.984885,50,164.853724
-7.892976,50,164.889932
-8.689727,50,164.930552
-10.444595,50,164.965162
-12.883265,50,164.999591
-7.506083,50,165.021644
-11.814184,50,165.043033
-9.160404,50,165.064389
-14.791206,50,165.108542
-8.637069,50,165.144861
-14.576132,50,165.188743
-8.442938,50,165.222177
-8.780382,50,165.255671
-9.038599,50,165.290483
-16.234956,50,165.323624
-15.539948,50,165.359675
-8.81802,50,165.389191
-11.054802,50,165.429694
-10.281993,50,165.463114
-8.417241,50,165.492339
-11.076303,50,166.215444
-10.104387,50,166.253478
-8.300014,50,166.294557
-13.868913,50,166.333639
-14.437759,50,166.37168
-7.639184,50,166.411029
-9.412711,50,166.448665
-10.907697,50,166.478118
-10.752645,50,166.514397
-10.91735,50,166.546275
-9.217756,50,166.567901
-9.504487,50,166.603268
-12.623509,50,166.639274
-11.369709,50,166.664564
-10.704255,50,166.695747
-9.668012,50,166.729148
-12.593453,50,166.758074
-13.38951,50,166.78897
-15.720951,50,166.82105
-10.906868,50,166.846085
-13.615245,50,166.87946
-17.134684,50,166.905367
-10.955581,50,166.927423
-9.175592,50,166.957352
-10.806919,50,166.987481
-18.265676,50,167.023499
-12.553428,50,167.055403
-7.925775,50,167.096001
-9.792725,50,167.123281
-15.375835,50,167.159697
-11.332176,50,167.188666
-14.502748,50,167.222939
-9.408428,50,167.262628
-8.520885,50,167.302678
-12.675196,50,167.342656
-12.55364,50,167.383945
-10.472845,50,167.418111
-10.028779,50,167.462049
-8.31304,50,167.500649
-14.794545,50,167.531391
-14.824959,50,167.570334
-7.44431,50,168.308027
-10.762803,50,168.343402
-13.000224,50,168.383483
-9.758501,50,168.423813
-9.518092,50,168.466183
-8.577777,50,168.503247
-7.585289,50,168.54455
-9.186214,50,168.581174
-10.058046,50,168.620618
-8.639422,50,168.661846
-14.721257,50,168.688372
-8.046752,50,168.720406
-14.653972,50,168.753628
-12.416449,50,168.785362
-8.26249,50,168.823217
-7.979073,50,168.861578
-8.979459,50,168.89464
-10.799105,50,168.934286
-10.083056,50,168.966419
-9.928805,50,169.006242
-15.546043,50,169.031665
-9.390638,50,169.057612
-7.553852,50,169.095725
-11.906121,50,169.134185
-8.55253,50,169.173208
-8.401602,50,169.207004
-15.129746,50,169.234704
-8.286201,50,169.277567
-11.265236,50,169.307469
-12.366575,50,169.341748
-9.887578,50,169.375572
-10.393018,50,169.417037
-8.003536,50,169.450007
-11.222511,50,169.4805
-7.832735,50,169.510995
-11.087137,50,169.539184
-8.461387,50,169.577692
-9.352936,50,169.617337
-10.076752,50,169.649638
-11.689938,50,169.684951
-8.048638,50,169.721937
-8.220438,50,170.440837
-10.341448,50,170.474524
-15.07311,50,170.514355
-11.739572,50,170.554623
-8.717762,50,170.592523
-9.475545,50,170.631156
-7.611483,50,170.658409
-9.619543,50,170.690009
-10.15427,50,170.722306
-9.79299,50,170.755136
-15.167538,50,170.795767
-8.904119,50,170.829419
-10.431723,50,170.858811
-7.600932,50,170.890333
-12.963852,50,170.924375
-13.776782,50,170.965622
-13.650604,50,171.00471
-7.98025,50,171.030873
-7.687849,50,171.067866
-17.619027,50,171.106611
-10.18734,50,171.138281
-13.390469,50,171.173108
-8.640199,50,171.204565
-10.095561,50,171.24118
-8.920978,50,171.267944
-7.760049,50,171.307852
-12.905239,50,171.35001
-11.24728,50,171.378582
-8.083064,50,171.415741
-11.289786,50,171.456085
-10.58364,50,171.491977
-14.459342,50,171.533294
-9.299612,50,171.574034
-11.106747,50,171.613957
-12.934125,50,171.652329
-8.943517,50,171.693485
-10.228074,50,171.730214
-11.494287,50,171.75836
-8.883047,50,171.792814
-8.095067,50,171.821631
-11.799542,50,171.847613
-16.16207,50,172.50934
-12.607632,50,172.544653
-8.399175,50,172.584988
-12.643925,50,172.624962
-9.392547,50,172.667732
-8.179388,50,172.706371
-9.949018,50,172.748307
-7.721909,50,172.789265
-8.359516,50,172.830118
-9.931928,50,172.869491
-12.075272,50,172.908534
-8.632501,50,172.950947
-9.388427,50,172.991076
-14.015499,50,173.016423
-17.332506,50,173.038307
-13.948717,50,173.060074
-10.964867,50,173.098166
-12.749194,50,173.136334
-10.826515,50,173.166441
-8.369348,50,173.198334
-10.100361,50,173.239527
-12.369886,50,173.273849
-10.901145,50,173.312769
-13.160691,50,173.340656
-15.365083,50,173.376531
-8.576469,50,173.41329
-9.198121,50,173.441216
-8.691281,50,173.463347
-11.694818,50,173.490014
-14.464683,50,173.522159
-11.940737,50,173.564434
-7.900944,50,173.600675
-8.200453,50,173.643529
-16.889563,50,173.683914
-13.98156,50,173.72648
-8.928291,50,173.76903
-7.165222,50,173.799948
-11.268229,50,173.829935
-13.687022,50,173.861659
-9.23811,50,173.897853
-11.901375,50,173.929384
-14.497311,50,174.590924
-14.117843,50,174.629616
-14.592964,50,174.667774
-15.45543,50,174.704348
-8.888792,50,174.744592
-7.676596,50,174.784732
-10.693826,50,174.823367
-11.960725,50,174.863412
-10.925002,50,174.900554
-8.278582,50,174.934709
-12.187535,50,174.96473
-14.699502,50,174.997528
-7.778519,50,175.022343
-11.592521,50,175.043805
-7.626914,50,175.066426
-11.08901,50,175.093987
-11.65929,50,175.122193
-13.125747,50,175.15816
-12.366579,50,175.192601
-12.804452,50,175.224001
-10.144675,50,175.246926
-10.159153,50,175.271066
-8.46432,50,175.29654
-10.29033,50,175.339596
-16.950869,50,175.369019
-8.184622,50,175.397307
-13.803125,50,175.426614
-10.031568,50,175.453717
-10.209617,50,175.488941
-10.463706,50,175.517109
-13.327546,50,175.556626
-11.707643,50,175.598229
-9.224074,50,175.632502
-8.452181,50,175.666619
-8.963845,50,175.691565
-15.525403,50,175.712879
-10.927497,50,175.738966
-13.954343,50,175.76085
-7.794929,50,175.786344
-10.538252,50,175.824963
-9.795353,50,175.863605
-9.378975,50,176.796028
-11.125784,50,176.833139
-13.072228,50,176.871081
-12.420625,50,176.910667
-8.580816,50,176.948208
-8.932491,50,176.991643
-12.227899,50,177.031509
-15.051417,50,177.069585
-13.333564,50,177.112168
-7.703037,50,177.145326
-7.645802,50,177.176707
-12.01208,50,177.21051
-14.264955,50,177.243942
-7.988843,50,177.270451
-12.118862,50,177.2971
-15.311769,50,177.324697
-16.680856,50,177.359532
-10.942483,50,177.39784
-12.931872,50,177.429717
-8.020192,50,177.461723
-7.834919,50,177.501265
-7.900268,50,177.528597
-7.710451,50,177.574098
-7.824089,50,177.612675
-12.532701,50,177.65302
-13.311517,50,177.693115
-9.376608,50,177.728415
-10.303626,50,177.754704
-10.932461,50,177.777566
-14.35898,50,177.820572
-8.356356,50,177.863318
-11.574109,50,177.900579
-14.889545,50,177.940195
-8.889291,50,177.98314
-8.224204,50,178.022039
-14.06105,50,178.054897
-10.691543,50,178.083754
-9.775985,50,178.116325
-14.544209,50,178.146027
-12.359368,50,178.179546
-12.677058,50,178.221321
-8.186918,50,179.224169
-9.10153,50,179.258361
-10.147861,50,179.301456
-10.084181,50,179.335682
-15.749062,50,179.375623
-15.806414,50,179.417022
-9.858529,50,179.455402
-7.4655,50,179.49382
-15.314508,50,179.534574
-9.777812,50,179.567201
-9.685587,50,179.597947
-12.568177,50,179.630935
-9.909332,50,179.658616
-14.027143,50,179.688936
-10.069231,50,179.727505
-7.876343,50,179.764955
-14.570115,50,179.799134
-11.212455,50,179.833338
-8.951193,50,179.872602
-9.315753,50,179.904144
-11.396802,50,179.937591
-14.810499,50,179.97201
-10.353304,50,180.011617
-10.308561,50,180.050084
-9.538982,50,180.074748
-8.386337,50,180.107211
-8.013999,50,180.147683
-14.762908,50,180.178499
-13.501436,50,180.207503
-11.843215,50,180.250588
-7.814383,50,180.292332
-9.527927,50,180.328172
-12.077225,50,180.369188
-7.762262,50,180.401577
-8.163869,50,180.430001
-14.659676,50,180.461064
-8.849053,50,180.484586
-8.31399,50,180.510669
-10.584454,50,180.53518
-8.798717,50,180.560378
-9.367153,50,180.592098
-10.493368,50,181.193627
-13.606369,50,181.229312
-8.350112,50,181.270955
-8.552958,50,181.309649
-9.3988,50,181.347749
-12.21087,50,181.389719
-10.590708,50,181.430181
-7.987401,50,181.456585
-8.680529,50,181.483523
-9.221559,50,181.51053
-8.286595,50,181.550326
-15.506495,50,181.579194
-10.356099,50,181.607025
-11.622158,50,181.633449
-10.336781,50,181.670483
-12.838705,50,181.701381
-10.854292,50,181.735059
-8.190942,50,181.763684
-10.526647,50,181.805121
-14.17064,50,181.829757
-7.688671,50,181.857588
-13.377939,50,181.884148
-11.931897,50,181.911491
-7.751144,50,181.953491
-10.135485,50,181.98709
-10.188802,50,182.026474
-9.820013,50,182.062642
-11.181178,50,182.093809
-7.982881,50,182.121369
-11.778443,50,182.153136
-8.142743,50,182.19124
-9.521587,50,182.226605
-7.667905,50,182.250308
-9.919197,50,182.282391
-9.716859,50,182.325545
-10.423135,50,182.36345
-7.425946,50,182.401384
-9.169723,50,182.440747
-14.635001,50,182.473567
-10.547161,50,182.513985
-7.825531,50,182.549788
-14.751159,50,183.307026
-7.561699,50,183.342465
-11.108303,50,183.382673
-10.114866,50,183.42015
-7.362404,50,183.459036
-12.494239,50,183.501081
-12.091609,50,183.541087
-8.083285,50,183.575395
-8.532907,50,183.605177
-9.879701,50,183.632354
-9.472895,50,183.669455
-8.473265,50,183.704587
-8.351695,50,183.743358
-7.744058,50,183.78174
-13.020288,50,183.808176
-15.745017,50,183.833915
-7.869756,50,183.86243
-8.095138,50,183.88929
-10.807503,50,183.918277
-10.758802,50,183.946146
-14.564315,50,183.968576
-13.275342,50,183.990877
-8.388985,50,184.013297
-13.05801,50,184.047017
-7.530834,50,184.08991
-9.758946,50,184.11327
-12.943764,50,184.143321
-13.380471,50,184.179036
-11.277086,50,184.217769
-10.985563,50,184.246966
-10.702495,50,184.270147
-8.139089,50,184.300247
-9.716269,50,184.341736
-7.483716,50,184.382433
-7.203305,50,184.421518
-11.670343,50,184.461143
-9.525291,50,184.497442
-13.307262,50,184.526247
-13.191136,50,184.567612
-9.210626,50,184.601718
-14.417816,50,184.632111
-13.99261,50,185.406545
-7.891577,50,185.446947
-11.878353,50,185.482039
-7.981587,50,185.522424
-6.90644,50,185.564983
-13.830729,50,185.601388
-13.574537,50,185.641567
-11.507478,50,185.683226
-10.966304,50,185.719543
-8.382719,50,185.750831
-7.850221,50,185.784559
-8.71402,50,185.817179
-7.270868,50,185.846048
-14.927276,50,185.88213
-16.376842,50,185.911337
-7.761095,50,185.940009
-15.133552,50,185.966491
-13.275084,50,186.00771
-7.266712,50,186.048332
-8.922307,50,186.078969
-18.421179,50,186.119817
-10.210809,50,186.160237
-10.385073,50,186.184083
-8.79669,50,186.208433
-7.771205,50,186.240947
-10.161625,50,186.271905
-10.743831,50,186.301745
-9.6382,50,186.32481
-12.816271,50,186.364908
-10.050479,50,186.395555
-16.404458,50,186.437303
-9.773554,50,186.471306
-12.561744,50,186.510867
-13.345956,50,186.540166
-10.069436,50,186.571116
-7.860587,50,186.599082
-9.454113,50,186.632718
-8.098033,50,186.659351
-6.987275,50,186.683552
-9.602743,50,186.711097
-9.074032,50,186.74421
-13.29936,50,187.465986
-8.323278,50,187.506339
-16.155275,50,187.545565
-7.486111,50,187.585898
-9.445756,50,187.624779
-13.676427,50,187.662644
-7.015944,50,187.699445
-7.891897,50,187.737654
-9.876978,50,187.775007
-8.634681,50,187.814317
-10.395596,50,187.846607
-8.292598,50,187.873065
-8.09411,50,187.89942
-10.347282,50,187.931837
-10.562989,50,187.962135
-7.956159,50,187.993966
-8.374303,50,188.018719
-9.218694,50,188.044441
-11.493142,50,188.072536
-13.568794,50,188.100434
-7.890932,50,188.1266
-13.75299,50,188.159189
-9.267956,50,188.1991
-12.545127,50,188.237141
-10.345927,50,188.271704
-8.217209,50,188.294429
-14.668943,50,188.324609
-8.540787,50,188.347311
-7.418789,50,188.372156
-11.491836,50,188.396244
-18.162791,50,188.418481
-8.485677,50,188.452586
-16.46783,50,188.495878
-10.760505,50,188.532349
-9.883092,50,188.569491
-9.909771,50,188.61118
-7.395802,50,188.649368
-8.198299,50,188.687475
-8.556415,50,188.727762
-15.46675,50,188.752656
-16.411254,50,188.789377
-8.413771,50,189.546207
-12.288982,50,189.583193
-8.054568,50,189.621607
-11.842515,50,189.662019
-10.745357,50,189.70026
-12.284269,50,189.74325
-8.142436,50,189.781994
-8.468357,50,189.82256
-11.589041,50,189.860409
-8.111548,50,189.899526
-7.908674,50,189.937149
-12.129449,50,189.975857
-8.483949,50,190.013874
-7.781918,50,190.052495
-7.809376,50,190.090835
-15.878887,50,190.127328
-11.907702,50,190.166061
-9.312376,50,190.206225
-8.050876,50,190.246383
-10.622096,50,190.275486
-8.331614,50,190.300054
-11.292962,50,190.335439
-9.954183,50,190.365056
-9.836871,50,190.406141
-9.921129,50,190.437617
-7.679016,50,190.459272
-9.220944,50,190.487278
-9.316771,50,190.518029
-11.400492,50,190.551734
-9.486351,50,190.594681
-7.248844,50,190.632181
-14.150521,50,190.669808
-12.216339,50,190.711981
-7.324239,50,190.736284
-7.844989,50,190.756757
-8.168646,50,190.777193
-9.693163,50,190.811744
-8.822887,50,190.840975
-10.816689,50,190.874742
-16.743914,50,190.911542
-14.064226,50,190.94982
-12.352875,50,191.63005
-8.550212,50,191.668338
-12.271581,50,191.707012
-9.15294,50,191.744649
-10.875262,50,191.780877
-11.587116,50,191.819646
-11.849039,50,191.858052
-9.751851,50,191.897144
-8.625602,50,191.933499
-8.266733,50,191.973758
-13.886514,50,192.000855
-10.018392,50,192.029297
-15.503451,50,192.072264
-8.759171,50,192.1
-7.353117,50,192.130632
-12.83766,50,192.16929
-14.840516,50,192.197434
-14.023796,50,192.231198
-11.05683,50,192.264863
-15.128915,50,192.293864
-17.081653,50,192.325629
-9.798283,50,192.357647
-16.866149,50,192.397839
-8.779761,50,192.424002
-14.720786,50,192.450261
-8.944835,50,192.475668
-11.371128,50,192.49816
-15.813029,50,192.530556
-13.260472,50,192.568174
-14.876641,50,192.608639
-11.272722,50,192.649781
-12.236614,50,192.689424
-13.593527,50,192.727759
-9.182844,50,192.769958
-14.024687,50,192.810344
-7.367707,50,192.840488
-7.21334,50,192.868465
-16.376474,50,192.894112
-7.966928,50,192.923818
-7.119644,50,192.952476
-10.406386,50,192.977822
-11.001189,50,193.615326
-8.042515,50,193.641919
-12.247886,50,193.686081
-16.106662,50,193.722048
-10.401054,50,193.758397
-8.474023,50,193.798119
-8.602277,50,193.836034
-11.892924,50,193.874703
-12.03109,50,193.915239
-12.232544,50,193.945503
-12.111605,50,193.969886
-15.803661,50,193.99566
-9.139501,50,194.033078
-12.257308,50,194.061795
-16.673405,50,194.100353
-14.201673,50,194.132882
-13.783764,50,194.167453
-9.935252,50,194.192848
-7.747669,50,194.216465
-14.512119,50,194.248452
-8.166272,50,194.271413
-9.359286,50,194.313638
-14.823828,50,194.346183
-13.905739,50,194.386825
-12.231913,50,194.411535
-10.61774,50,194.433626
-9.785511,50,194.47895
-14.433817,50,194.51951
-8.126205,50,194.558204
-9.672488,50,194.599224
-9.655553,50,194.637567
-10.011631,50,194.676013
-10.231687,50,194.715137
-11.761837,50,194.751974
-8.041641,50,194.792805
-9.921505,50,194.82957
-16.213599,50,194.860139
-10.278143,50,194.892747
-16.699299,50,194.923585
-7.835402,50,194.956433
-10.631061,50,194.994237
-9.664101,50,195.684929
-8.539325,50,195.712872
-7.605759,50,195.75186
-10.987413,50,195.794523
-13.06501,50,195.838694
-8.386008,50,195.877399
-9.949319,50,195.920685
-15.11912,50,195.960449
-15.384901,50,196.004066
-13.14563,50,196.044699
-7.26854,50,196.08445
-13.797729,50,196.120213
-8.105078,50,196.157833
-12.005701,50,196.197565
-8.225823,50,196.228399
-10.727889,50,196.252023
-15.98651,50,196.286655
-11.129415,50,196.32514
-7.993979,50,196.357967
-11.635407,50,196.381541
-14.50221,50,196.422618
-8.11438,50,196.463195
-9.178033,50,196.488546
-8.185867,50,196.520538
-8.357384,50,196.562551
-8.947928,50,196.602984
-13.744733,50,196.637998
-9.367584,50,196.675536
-11.754846,50,196.717797
-8.722275,50,196.755378
-10.796044,50,196.798003
-8.733698,50,196.833048
-7.34369,50,196.867642
-8.035604,50,196.901551
-7.165065,50,196.930285
-8.141555,50,196.970382
-9.400759,50,197.003115
-16.13284,50,197.041596
-10.478599,50,197.081657
-12.068574,50,197.109368
-8.858418,50,197.142061
-10.181963,50,197.826381
-10.639481,50,197.870458
-14.096214,50,197.908634
-10.314001,50,197.946618
-7.86275,50,197.987981
-10.492265,50,198.022911
-7.900468,50,198.043688
-12.248861,50,198.078733
-15.057787,50,198.123141
-12.317344,50,198.157498
-10.40825,50,198.198273
-13.134679,50,198.234293
-15.096178,50,198.265882
-10.072595,50,198.291038
-9.341207,50,198.317441
-15.230737,50,198.348404
-7.528001,50,198.387863
-10.848169,50,198.409784
-11.741234,50,198.439631
-13.396775,50,198.469968
-9.530102,50,198.497333
-11.85781,50,198.527177
-9.066724,50,198.563772
-16.032235,50,198.592635
-17.257358,50,198.61936
-8.145329,50,198.64532
-7.574024,50,198.685687
-10.803781,50,198.719211
-8.754625,50,198.752299
-10.576445,50,198.788401
-11.610802,50,198.816077
-12.585178,50,198.847551
-8.164967,50,198.886662
-8.605473,50,198.92221
-17.116205,50,198.948859
-7.285113,50,198.982977
-7.755713,50,199.01136
-12.839866,50,199.042866
-11.449118,50,199.079082
-9.079871,50,199.102599
-18.654074,50,199.128341
-8.369102,50,199.880613
-8.756933,50,199.916451
-8.791648,50,199.957092
-7.792325,50,199.99514
-10.17988,50,200.036614
-14.478946,50,200.075456
-11.518506,50,200.112642
-12.864183,50,200.150723
-9.253888,50,200.179218
-13.342974,50,200.210846
-7.789023,50,200.241269
-16.533434,50,200.279701
-9.95477,50,200.310327
-11.621262,50,200.341994
-10.113905,50,200.370046
-7.648954,50,200.402276
-8.446075,50,200.440086
-10.288188,50,200.475101
-7.6448,50,200.506791
-12.900603,50,200.545152
-9.44806,50,200.575738
-12.230979,50,200.608067
-12.037832,50,200.645525
-9.140779,50,200.688715
-16.054553,50,200.717397
-14.485613,50,200.744638
-9.216443,50,200.775282
-16.465788,50,200.807534
-9.551273,50,200.828913
-11.112514,50,200.863173
-10.496949,50,200.904938
-10.683835,50,200.945225
-8.649092,50,200.981195
-16.659146,50,201.022448
-10.295069,50,201.062938
-7.743868,50,201.096318
-7.689791,50,201.137086
-12.24653,50,201.174623
-7.577678,50,201.213095
-10.809042,50,201.25451
-7.792529,50,201.290488
-8.560585,50,202.055062
-14.259161,50,202.075676
-7.787463,50,202.109861
-12.32683,50,202.149615
-8.703832,50,202.191198
-8.296444,50,202.231336
-11.286336,50,202.272055
-9.491235,50,202.30183
-10.675693,50,202.339443
-11.099231,50,202.380112
-11.793574,50,202.412271
-14.292719,50,202.442532
-13.036056,50,202.478192
-14.545667,50,202.514512
-14.903595,50,202.555566
-12.586712,50,202.582356
-10.671902,50,202.607203
-9.359909,50,202.63123
-15.325218,50,202.653019
-8.323725,50,202.674632
-9.857086,50,202.71541
-9.740142,50,202.756328
-12.68934,50,202.787295
-9.362396,50,202.826352
-11.036385,50,202.86407
-16.715131,50,202.893404
-11.446139,50,202.924109
-10.341559,50,202.962437
-9.041558,50,202.98627
-12.48652,50,203.014962
-8.046894,50,203.048146
-10.285375,50,203.089266
-7.910618,50,203.129388
-11.735007,50,203.164489
-16.02164,50,203.203781
-7.534077,50,203.229606
-16.645265,50,203.264299
-9.122836,50,203.287548
-13.654183,50,203.322844
-11.226791,50,203.346469
-7.657157,50,203.368275
-9.84161,50,204.088764
-7.901813,50,204.127642
-9.433656,50,204.167218
-11.283058,50,204.208239
-9.200873,50,204.248627
-13.383345,50,204.289092
-9.615281,50,204.326507
-13.54661,50,204.368425
-15.705666,50,204.407516
-8.658767,50,204.445403
-9.524924,50,204.481262
-9.672968,50,204.509092
-7.181163,50,204.535515
-8.870202,50,204.560183
-14.987673,50,204.586064
-16.14514,50,204.618205
-9.809034,50,204.640462
-8.371157,50,204.667248
-11.323456,50,204.69259
-13.970546,50,204.720578
-7.611383,50,204.744809
-13.327277,50,204.767343
-8.247761,50,204.808159
-7.693944,50,204.83707
-8.496099,50,204.867121
-7.781829,50,204.908458
-8.252139,50,204.936218
-8.404008,50,204.976632
-7.873962,50,205.002226
-12.691709,50,205.027559
-10.710895,50,205.07071
-9.907886,50,205.110685
-7.576797,50,205.145594
-12.363916,50,205.182226
-7.521596,50,205.223686
-18.507528,50,205.261373
-11.787831,50,205.290225
-11.454583,50,205.318803
-17.353975,50,205.346338
-8.756125,50,205.374231
-11.325576,50,205.410553
-7.6744,50,206.02622
-8.672478,50,206.048791
-16.163249,50,206.080124
-8.17687,50,206.119899
-7.523177,50,206.161179
-7.938807,50,206.198462
-8.562809,50,206.240411
-13.783742,50,206.279917
-8.110821,50,206.309523
-9.722259,50,206.350776
-7.915629,50,206.392709
-9.669128,50,206.426392
-9.104895,50,206.459602
-15.220583,50,206.500888
-14.588025,50,206.527674
-7.644166,50,206.558688
-7.900637,50,206.598583
-10.601716,50,206.636683
-10.778514,50,206.67047
-13.636622,50,206.708415
-7.450546,50,206.740944
-7.545045,50,206.765159
-12.758472,50,206.797643
-11.224093,50,206.830172
-14.618785,50,206.872612
-14.868399,50,206.907355
-12.169496,50,206.93227
-7.682497,50,206.962772
-10.54885,50,207.007951
-10.258519,50,207.036256
-13.365522,50,207.076253
-8.939686,50,207.117277
-15.656052,50,207.155143
-8.670893,50,207.196584
-11.148577,50,207.235874
-16.707317,50,207.266627
-11.106006,50,207.303661
-10.10004,50,207.348052
-11.128968,50,207.38254
-8.225578,50,207.412764
-10.350187,50,207.444396
-11.361301,50,208.130073
-10.79309,50,208.16605
-10.623456,50,208.203637
-9.632492,50,208.244482
-8.574563,50,208.285989
-7.460348,50,208.324512
-10.070121,50,208.365328
-11.580236,50,208.40348
-8.007777,50,208.445191
-7.57749,50,208.48232
-7.323849,50,208.518059
-11.387383,50,208.552661
-10.450313,50,208.584576
-9.686948,50,208.616955
-8.358768,50,208.646821
-9.186893,50,208.675901
-17.957258,50,208.703732
-10.166379,50,208.746567
-12.417287,50,208.782955
-15.726705,50,208.813071
-10.53979,50,208.84745
-13.565102,50,208.882854
-10.422217,50,208.911485
-11.543274,50,208.936837
-9.035585,50,208.967089
-13.642384,50,208.991946
-9.289263,50,209.030461
-11.688411,50,209.064631
-8.393627,50,209.103061
-7.892338,50,209.143239
-12.48451,50,209.185837
-10.701775,50,209.22564
-14.791705,50,209.265415
-14.748119,50,209.303663
-8.078851,50,209.343606
-10.270452,50,209.381059
-7.573017,50,209.414762
-7.693842,50,209.457998
-9.0908,50,209.49692
-8.996468,50,209.538254
-9.268064,50,209.57622
-16.616428,50,210.198402
-9.509484,50,210.233978
-7.872179,50,210.26859
-12.39278,50,210.304213
-8.664869,50,210.344986
-8.231675,50,210.38562
-15.48689,50,210.425007
-11.62873,50,210.463767
-8.639356,50,210.494607
-14.69022,50,210.536383
-11.435829,50,210.575275
-13.372975,50,210.612401
-14.00186,50,210.644038
-11.194558,50,210.665787
-7.641439,50,210.694802
-9.156687,50,210.730205
-12.423866,50,210.768396
-10.766192,50,210.808769
-13.927513,50,210.840088
-9.829701,50,210.87059
-10.93292,50,210.912655
-7.769348,50,210.944812
-12.146678,50,210.97167
-12.371693,50,210.991734
-17.211009,50,211.015405
-16.110675,50,211.037362
-10.840628,50,211.065662
-9.166459,50,211.092817
-13.252087,50,211.120571
-14.375227,50,211.163573
-8.572517,50,211.202718
-9.211876,50,211.244083
-13.343212,50,211.277653
-10.994211,50,211.317597
-8.099641,50,211.344513
-10.453909,50,211.382041
-8.213838,50,211.414096
-14.412154,50,211.44418
-15.344758,50,211.471172
-10.494531,50,211.496668
-9.147011,50,212.125104
-8.476101,50,212.154247
-13.30827,50,212.186632
-8.968192,50,212.230379
-12.769813,50,212.272616
-12.00101,50,212.314712
-9.23112,50,212.358464
-8.456852,50,212.399386
-7.964826,50,212.435647
-12.251482,50,212.478528
-13.456878,50,212.520702
-9.122755,50,212.555992
-13.177364,50,212.59594
-14.209669,50,212.634492
-11.607087,50,212.676091
-8.082438,50,212.713434
-14.525741,50,212.749332
-8.675758,50,212.776298
-12.464312,50,212.809491
-7.421072,50,212.838097
-12.850793,50,212.878035
-8.831769,50,212.912237
-13.627569,50,212.949252
-13.887575,50,212.982982
-9.311606,50,213.017753
-10.585949,50,213.05033
-11.823452,50,213.087624
-10.187346,50,213.132548
-13.518378,50,213.170797
-10.650189,50,213.200681
-8.984848,50,213.233305
-9.241313,50,213.276823
-9.69256,50,213.315626
-7.686917,50,213.35789
-12.697194,50,213.396885
-13.944033,50,213.437947
-14.950017,50,213.476334
-9.771493,50,213.518182
-7.687204,50,213.54292
-15.64848,50,213.572519
-9.222842,50,213.610799
-18.5327,50,214.3504
-17.227156,50,214.389809
-11.790147,50,214.428355
-7.728351,50,214.468627
-8.526818,50,214.510612
-9.197303,50,214.548808
-13.145776,50,214.588049
-13.20504,50,214.629332
-7.89754,50,214.65697
-15.992297,50,214.694102
-8.407279,50,214.725968
-14.186749,50,214.755182
-12.748922,50,214.779277
-8.453974,50,214.807068
-13.222028,50,214.829953
-11.339418,50,214.85436
-8.271568,50,214.880881
-13.527453,50,214.909372
-7.537365,50,214.942286
-10.900597,50,214.975888
-11.773406,50,215.009227
-12.294269,50,215.047154
-11.047653,50,215.078357
-17.29148,50,215.119561
-11.334806,50,215.14785
-10.765825,50,215.16914
-8.614294,50,215.198729
-9.793421,50,215.244226
-8.816192,50,215.274245
-7.531655,50,215.298592
-9.274191,50,215.337673
-8.719831,50,215.380406
-10.295028,50,215.420032
-8.943368,50,215.457335
-15.435442,50,215.495088
-9.023782,50,215.526535
-8.786951,50,215.565531
-9.022092,50,215.59324
-14.929769,50,215.616168
-8.203606,50,215.638845
-8.972536,50,215.661629
-8.951121,50,216.595984
-16.416189,50,216.636616
-11.027333,50,216.674525
-14.479192,50,216.711536
-8.76724,50,216.745113
-14.42104,50,216.780125
-10.878272,50,216.821189
-10.055397,50,216.857563
-13.439854,50,216.893346
-11.917746,50,216.932235
-13.121501,50,216.967029
-8.191093,50,216.999462
-15.610395,50,217.035686
-10.368319,50,217.059499
-7.891496,50,217.102187
-8.266048,50,217.136459
-11.715159,50,217.172396
-8.739938,50,217.19914
-10.945973,50,217.230134
-10.347845,50,217.26339
-8.195381,50,217.29921
-12.393138,50,217.333398
-12.32875,50,217.360526
-8.818224,50,217.394507
-12.274616,50,217.426391
-7.777057,50,217.457277
-10.566434,50,217.501073
-9.713247,50,217.529802
-14.207935,50,217.56337
-15.703408,50,217.599539
-8.106843,50,217.637264
-8.761595,50,217.677289
-14.645598,50,217.716313
-8.87642,50,217.756294
-8.447224,50,217.789762
-9.731957,50,217.820472
-11.767256,50,217.857629
-9.062163,50,217.89081
-12.843505,50,217.926801
-9.192733,50,217.950728
-8.417548,50,217.987431
-16.579845,50,218.728361
-9.499194,50,218.767652
-7.970972,50,218.806535
-13.45939,50,218.846995
-9.129226,50,218.885685
-7.78978,50,218.931072
-8.408082,50,218.969739
-17.288837,50,219.015176
-7.242392,50,219.05627
-10.783628,50,219.094067
-8.853593,50,219.136544
-7.90641,50,219.175329
-11.229774,50,219.210458
-13.244055,50,219.235741
-10.383215,50,219.276657
-9.745795,50,219.303489
-8.467831,50,219.338924
-8.128796,50,219.376639
-14.33822,50,219.415902
-9.889918,50,219.45439
-8.958132,50,219.492528
-10.927076,50,219.531266
-17.921751,50,219.571615
-13.977341,50,219.61276
-13.915249,50,219.650013
-8.283103,50,219.684031
-8.276889,50,219.71691
-11.758125,50,219.758473
-8.771333,50,219.803236
-10.629033,50,219.8435
-9.772723,50,219.885276
-7.946402,50,219.927047
-13.588206,50,219.964673
-9.404123,50,220.006708
-9.369177,50,220.047702
-13.31205,50,220.088689
-9.848566,50,220.115656
-12.664151,50,220.154317
-14.727874,50,220.186835
-12.694538,50,220.228262
-12.042019,50,220.267153
-7.497032,50,220.971545
-15.44563,50,221.012006
-14.655081,50,221.053522
-13.46739,50,221.090733
-14.442572,50,221.131353
-8.011564,50,221.170846
-14.366162,50,221.211385
-11.66629,50,221.243329
-12.501327,50,221.284059
-10.714007,50,221.322356
-9.319331,50,221.362473
-8.842321,50,221.404771
-9.547045,50,221.436607
-15.983802,50,221.459827
-10.022228,50,221.490544
-9.56363,50,221.523375
-8.796596,50,221.560573
-8.233009,50,221.595872
-15.607878,50,221.618659
-8.962753,50,221.640908
-13.125246,50,221.665316
-10.981682,50,221.694472
-12.822333,50,221.723907
-10.617753,50,221.760598
-11.0551,50,221.796674
-15.632163,50,221.828051
-10.958813,50,221.872172
-14.13298,50,221.903035
-9.26654,50,221.932281
-10.052759,50,221.963995
-14.223348,50,222.003937
-15.264087,50,222.046349
-10.487268,50,222.077487
-9.132352,50,222.104211
-8.409006,50,222.132791
-10.929512,50,222.171292
-8.363639,50,222.201131
-9.288447,50,222.231144
-14.582485,50,222.260781
-8.78675,50,222.284289
-15.132834,50,222.306352
-13.136763,50,223.025033
-9.071133,50,223.06316
-8.170779,50,223.101673
-10.807976,50,223.140497
-13.678158,50,223.182131
-8.279901,50,223.22072
-13.946476,50,223.262382
-8.180009,50,223.295143
-11.9475,50,223.32665
-8.023494,50,223.357715
-8.12672,50,223.389254
-12.402096,50,223.416894
-7.888992,50,223.446731
-8.553398,50,223.478425
-8.096951,50,223.515762
-12.919951,50,223.551298
-8.857397,50,223.579279
-8.672127,50,223.605612
-7.709084,50,223.640505
-12.20263,50,223.665906
-9.5102,50,223.706507
-10.432565,50,223.733082
-12.993756,50,223.767013
-8.202837,50,223.800291
-8.843521,50,223.831457
-9.333009,50,223.867547
-8.816684,50,223.896474
-9.129774,50,223.918499
-8.082466,50,223.959594
-10.338665,50,223.994296
-11.881327,50,224.033185
-9.198266,50,224.072124
-8.974869,50,224.112448
-9.578677,50,224.148567
-13.303695,50,224.19082
-16.422866,50,224.228464
-8.783822,50,224.261302
-12.089229,50,224.294004
-7.948003,50,224.322533
-10.818537,50,224.356454
-9.44593,50,224.383983
-8.335568,50,225.080211
-13.85876,50,225.120638
-7.606826,50,225.158174
-8.162662,50,225.194936
-8.140525,50,225.232682
-11.611652,50,225.268699
-10.390255,50,225.306612
-10.599168,50,225.340353
-12.752545,50,225.375624
-15.797831,50,225.401679
-10.892909,50,225.436694
-11.91564,50,225.462893
-12.732652,50,225.49346
-10.342853,50,225.526599
-9.241308,50,225.559415
-8.974975,50,225.588656
-7.565215,50,225.617624
-7.170738,50,225.653514
-13.337585,50,225.676592
-15.868938,50,225.70736
-8.88398,50,225.734339
-9.209613,50,225.769956
-10.592681,50,225.808143
-7.59628,50,225.847485
-11.922685,50,225.883596
-15.814723,50,225.905143
-9.284675,50,225.947232
-8.99924,50,225.984943
-8.956726,50,226.02253
-8.651966,50,226.046416
-9.614037,50,226.090244
-8.377411,50,226.130012
-11.091167,50,226.156193
-9.487862,50,226.189787
-9.548821,50,226.216458
-9.304382,50,226.255783
-8.883992,50,226.289424
-11.121794,50,226.3286
-12.149346,50,226.358033
-12.598775,50,226.397199
-11.968625,50,226.425574
-10.231982,50,227.169108
-16.649855,50,227.20874
-8.712933,50,227.247047
-9.089348,50,227.287982
-9.777331,50,227.326506
-11.007165,50,227.365934
-11.797927,50,227.402473
-8.600235,50,227.442129
-13.045432,50,227.469465
-8.979514,50,227.511754
-11.535202,50,227.548054
-7.632115,50,227.574504
-9.010353,50,227.609647
-7.693004,50,227.635014
-10.934758,50,227.658448
-9.335634,50,227.680073
-8.12317,50,227.710083
-13.960827,50,227.733308
-11.601827,50,227.772333
-10.97886,50,227.802523
-11.125647,50,227.825341
-9.709116,50,227.862932
-8.255284,50,227.896992
-7.964422,50,227.938978
-11.467018,50,227.976618
-14.283397,50,228.004579
-14.476046,50,228.038311
-13.703863,50,228.064509
-9.344183,50,228.085931
-13.166724,50,228.125727
-10.331767,50,228.157808
-7.755069,50,228.19941
-15.036165,50,228.238612
-15.05792,50,228.279134
-15.479098,50,228.317497
-12.334168,50,228.353883
-15.983815,50,228.389105
-10.860332,50,228.427827
-8.492112,50,228.463186
-11.07798,50,228.486357
-8.044865,50,228.521007
-11.323664,50,229.399047
-8.223084,50,229.439373
-7.772475,50,229.479176
-9.289867,50,229.521474
-8.325764,50,229.562533
-13.944381,50,229.603349
-11.158311,50,229.644053
-15.438464,50,229.685647
-11.480362,50,229.724491
-8.560966,50,229.759973
-7.766284,50,229.801566
-8.544613,50,229.840175
-8.318047,50,229.875031
-10.023743,50,229.901701
-10.396391,50,229.93232
-9.899901,50,229.971777
-9.272804,50,230.000864
-12.57226,50,230.02592
-9.110631,50,230.050879
-8.013761,50,230.07223
-17.908486,50,230.099962
-7.653344,50,230.13276
-9.98243,50,230.16426
-9.714818,50,230.192473
-11.310324,50,230.230986
-11.137787,50,230.25863
-9.518174,50,230.284658
-8.072061,50,230.317947
-13.640455,50,230.347265
-11.993154,50,230.387102
-7.637743,50,230.425062
-10.751276,50,230.464657
-13.606739,50,230.504631
-9.532223,50,230.547144
-10.044311,50,230.58811
-8.616422,50,230.627785
-8.018804,50,230.66837
-11.557572,50,230.699876
-12.70726,50,230.739915
-7.415875,50,230.777547
-14.45397,50,230.819796
-18.036065,50,231.498667
-8.346538,50,231.537812
-9.004714,50,231.573753
-13.284089,50,231.611246
-10.327995,50,231.652129
-14.560163,50,231.693238
-8.975286,50,231.733728
-9.638749,50,231.767201
-13.790327,50,231.799846
-10.105667,50,231.830357
-18.02168,50,231.863661
-10.934495,50,231.891534
-14.955782,50,231.91967
-10.52096,50,231.948414
-9.586255,50,231.978396
-11.519587,50,232.016919
-10.324271,50,232.046204
-11.2181,50,232.075468
-9.758251,50,232.116173
-9.265799,50,232.151671
-13.592777,50,232.179674
-9.593713,50,232.219634
-9.296378,50,232.258696
-16.144488,50,232.280889
-8.844608,50,232.321076
-10.496505,50,232.35374
-10.375773,50,232.386074
-10.487274,50,232.41401
-15.973664,50,232.441785
-7.623814,50,232.482919
-11.719745,50,232.52267
-9.443128,50,232.561235
-8.32491,50,232.599622
-12.596759,50,232.637359
-13.191633,50,232.679472
-11.163608,50,232.711319
-17.952505,50,232.738646
-14.325665,50,232.768853
-9.054683,50,232.79532
-10.422766,50,232.823072
-13.14239,50,232.853459
-9.625608,50,233.654766
-7.750786,50,233.687147
-11.432445,50,233.728132
-11.773891,50,233.763642
-13.774386,50,233.805835
-13.770507,50,233.836373
-8.124611,50,233.867612
-9.993283,50,233.900133
-11.29564,50,233.933469
-10.481927,50,233.971326
-7.96114,50,234.009761
-18.27769,50,234.04363
-10.05369,50,234.072906
-7.937965,50,234.106447
-9.439456,50,234.14434
-9.233499,50,234.179603
-12.442107,50,234.213498
-13.221359,50,234.246521
-9.068676,50,234.276281
-10.597669,50,234.310608
-16.439333,50,234.342595
-8.342962,50,234.375743
-8.504586,50,234.408617
-10.157243,50,234.441731
-9.225721,50,234.466301
-9.669213,50,234.49311
-14.201102,50,234.529505
-8.31656,50,234.571936
-8.738439,50,234.611897
-11.588516,50,234.644374
-8.940109,50,234.684828
-7.635719,50,234.718378
-9.677541,50,234.757628
-12.600369,50,234.787705
-9.088637,50,234.821779
-9.783209,50,234.857735
-16.249247,50,234.887797
-17.740385,50,234.923864
-11.063418,50,234.957626
-11.518166,50,234.992529
-11.067201,50,235.027349
-9.538948,50,235.92545
-11.248146,50,235.965721
-8.383036,50,236.006067
-12.37607,50,236.033848
-8.827179,50,236.074744
-14.025389,50,236.10883
-11.724343,50,236.137076
-9.088224,50,236.167084
-9.922956,50,236.203948
-15.973361,50,236.242148
-9.706354,50,236.266601
-10.311367,50,236.286658
-9.639856,50,236.306711
-8.675982,50,236.342539
-16.206299,50,236.371626
-10.802122,50,236.403563
-9.319002,50,236.433567
-16.423235,50,236.463393
-14.361796,50,236.502944
-15.777249,50,236.54604
-10.679725,50,236.573746
-8.861885,50,236.610268
-8.853179,50,236.649861
-12.739435,50,236.676538
-12.541778,50,236.698657
-8.39581,50,236.724025
-7.83463,50,236.753373
-9.392689,50,236.780434
-14.833857,50,236.809474
-9.295993,50,236.842204
-9.357668,50,236.875499
-12.699871,50,236.917002
-8.27674,50,236.959095
-8.16796,50,236.99145
-8.186966,50,237.014915
-9.694328,50,237.043926
-8.812004,50,237.063975
-8.327915,50,237.083969
-10.444279,50,237.119071
-12.667774,50,237.145013
-14.42721,50,237.172288
-8.202218,50,238.174302
-13.256408,50,238.212085
-13.833796,50,238.249353
-13.944403,50,238.289465
-7.97378,50,238.325152
-8.876232,50,238.367608
-10.348647,50,238.400103
-7.880177,50,238.436657
-7.322215,50,238.474605
-8.809854,50,238.512005
-8.923606,50,238.544311
-8.547639,50,238.576576
-9.26577,50,238.6017
-13.575449,50,238.634339
-8.086983,50,238.662753
-9.14899,50,238.689084
-11.43179,50,238.714492
-10.550762,50,238.751476
-7.740211,50,238.792862
-9.448162,50,238.832685
-15.513454,50,238.867454
-13.304399,50,238.892992
-10.772932,50,238.918195
-10.955606,50,238.939452
-8.53618,50,238.976638
-13.332878,50,239.015779
-7.984552,50,239.053112
-15.149927,50,239.09165
-11.475148,50,239.122707
-17.15516,50,239.153469
-8.010143,50,239.195452
-16.750972,50,239.23313
-10.890751,50,239.26771
-8.208589,50,239.307954
-9.078077,50,239.348437
-8.169756,50,239.388608
-8.000846,50,239.425784
-8.468347,50,239.45296
-10.500087,50,239.480032
-13.375761,50,239.51288
-9.525544,50,239.539081
-9.246593,50,240.288553
-9.251278,50,240.323652
-10.093413,50,240.363902
-8.902993,50,240.404099
-10.001037,50,240.443391
-11.704713,50,240.481097
-9.401082,50,240.521461
-15.751587,50,240.560508
-14.0544,50,240.60055
-7.617147,50,240.640064
-8.932674,50,240.678942
-12.850307,50,240.716493
-9.397939,50,240.758437
-11.302776,50,240.797656
-9.89023,50,240.832951
-7.947962,50,240.857549
-8.195907,50,240.88602
-9.064808,50,240.911945
-12.145399,50,240.934491
-9.17588,50,240.967503
-8.348983,50,241.007634
-15.89447,50,241.032981
-10.741002,50,241.057531
-14.242443,50,241.089921
-8.071931,50,241.118894
-14.930479,50,241.157697
-15.866076,50,241.181342
-8.514306,50,241.222543
-9.571678,50,241.250968
-14.425823,50,241.282656
-8.385631,50,241.323231
-11.879667,50,241.360573
-7.481654,50,241.402098
-8.888654,50,241.442113
-8.34287,50,241.480858
-10.77335,50,241.521268
-9.563755,50,241.559143
-12.411201,50,241.596314
-8.071954,50,241.634448
-7.872602,50,241.67771
-11.088748,50,241.712544
-11.999846,50,242.339936
-11.095536,50,242.383673
-7.994687,50,242.425115
-11.241452,50,242.464356
-12.733762,50,242.502671
-8.470802,50,242.544551
-10.493658,50,242.583702
-11.823528,50,242.620294
-14.996959,50,242.661306
-10.17025,50,242.700639
-11.408159,50,242.736566
-10.431206,50,242.768808
-8.678494,50,242.803454
-12.592573,50,242.839107
-15.353488,50,242.870442
-14.492197,50,242.904524
-10.02364,50,242.937345
-7.911415,50,242.979111
-9.219643,50,243.015375
-10.121529,50,243.039941
-11.332448,50,243.079142
-10.082856,50,243.108635
-10.304219,50,243.149423
-10.050937,50,243.184216
-8.641713,50,243.221388
-12.79039,50,243.243658
-11.638144,50,243.289649
-16.249631,50,243.322087
-13.156022,50,243.352535
-11.432466,50,243.395957
-9.562647,50,243.432663
-11.689008,50,243.474576
-12.492481,50,243.513431
-14.703109,50,243.541622
-8.334159,50,243.568218
-15.135034,50,243.600154
-16.066707,50,243.634583
-12.544216,50,243.661234
-18.528019,50,243.688591
-8.942749,50,243.720725
-7.715314,50,243.753888
-9.039447,50,244.443119
-9.084128,50,244.482024
-13.355768,50,244.523087
-9.488051,50,244.56057
-12.178859,50,244.602065
-11.163401,50,244.640806
-10.915205,50,244.680387
-14.768437,50,244.719955
-10.993676,50,244.757307
-8.513001,50,244.801616
-9.387056,50,244.839537
-9.891622,50,244.87726
-11.221645,50,244.914576
-11.984015,50,244.944475
-11.04747,50,244.975949
-9.477944,50,245.008256
-11.598123,50,245.039728
-15.047057,50,245.071488
-10.604136,50,245.102398
-10.059855,50,245.136353
-9.049564,50,245.176733
-8.780647,50,245.209499
-9.613826,50,245.242473
-8.949286,50,245.26483
-15.169326,50,245.304262
-14.64056,50,245.332103
-8.319941,50,245.370537
-9.513711,50,245.404333
-9.840267,50,245.445733
-11.098818,50,245.487677
-13.161688,50,245.528825
-11.287206,50,245.567245
-8.946647,50,245.605974
-14.937529,50,245.644557
-9.25433,50,245.684805
-12.397206,50,245.721777
-11.712054,50,245.766803
-7.863909,50,245.805856
-9.298378,50,245.845601
-11.918908,50,245.885426
-16.847588,50,245.929163
-14.761559,50,246.659286
-14.791077,50,246.701883
-8.053882,50,246.740168
-16.316571,50,246.777532
-11.587474,50,246.817668
-14.257979,50,246.854377
-9.044362,50,246.894922
-11.31517,50,246.933776
-9.966435,50,246.974523
-13.197174,50,247.012369
-12.513639,50,247.040851
-7.933312,50,247.068904
-9.08284,50,247.090622
-9.661279,50,247.130243
-15.792749,50,247.161037
-8.738149,50,247.186963
-15.471752,50,247.214358
-8.694388,50,247.249009
-11.482563,50,247.275829
-13.600654,50,247.302828
-8.943499,50,247.326789
-15.664843,50,247.351049
-8.676687,50,247.383253
-14.656178,50,247.411941
-10.027473,50,247.43538
-12.135254,50,247.468912
-16.160092,50,247.491594
-13.417266,50,247.513957
-9.098503,50,247.556577
-9.432741,50,247.597867
-10.552361,50,247.622169
-12.375553,50,247.654474
-8.740206,50,247.693468
-10.109844,50,247.727558
-15.248929,50,247.771243
-8.752206,50,247.80742
-13.891049,50,247.84727
-9.281454,50,247.886148
-8.774707,50,247.909193
-11.374091,50,247.940772
-9.145822,50,247.969555
-8.491164,50,248.757425
-14.886264,50,248.797616
-9.1708,50,248.838408
-14.961602,50,248.877852
-15.241812,50,248.917902
-12.270715,50,248.957699
-9.795252,50,248.99424
-16.540306,50,249.0367
-10.463807,50,249.080127
-8.954388,50,249.124206
-12.544211,50,249.162721
-10.912965,50,249.198115
-12.752275,50,249.237441
-11.212657,50,249.270673
-14.08998,50,249.305064
-8.590401,50,249.339502
-9.333242,50,249.37607
-8.54904,50,249.410262
-9.371828,50,249.446154
-13.947033,50,249.485508
-8.280599,50,249.521471
-15.733633,50,249.559554
-10.323629,50,249.593643
-9.883937,50,249.632571
-10.2608,50,249.666522
-10.699775,50,249.689387
-10.392531,50,249.712568
-13.768133,50,249.739917
-7.49469,50,249.774955
-15.872815,50,249.812507
-9.731844,50,249.851475
-8.304572,50,249.889103
-15.116421,50,249.929859
-14.540212,50,249.971721
-7.32548,50,250.00704
-11.882324,50,250.042955
-9.01896,50,250.068296
-8.692039,50,250.097383
-11.914914,50,250.13501
-17.583162,50,250.163718
-12.513891,50,250.19654
-16.088327,50,250.918386
-10.676311,50,250.960256
-12.640499,50,250.998705
-14.503575,50,251.034508
-12.608575,50,251.075447
-12.272288,50,251.112708
-11.79967,50,251.152362
-12.027172,50,251.19011
-9.204634,50,251.22536
-11.072724,50,251.267771
-7.824436,50,251.307224
-15.473763,50,251.34739
-9.628272,50,251.388766
-9.789141,50,251.415232
-8.058133,50,251.439628
-13.502279,50,251.470792
-8.744087,50,251.505339
-9.793362,50,251.538522
-10.798881,50,251.574473
-8.746851,50,251.603175
-9.298187,50,251.633763
-10.114302,50,251.674364
-12.756899,50,251.711957
-8.01292,50,251.752732
-11.486531,50,251.793417
-7.985124,50,251.818261
-11.344465,50,251.838846
-15.906601,50,251.859238
-15.257817,50,251.887873
-11.417477,50,251.918859
-9.038446,50,251.940628
-12.592462,50,251.961874
-13.109223,50,252.003399
-10.603093,50,252.035075
-16.804631,50,252.055105
-9.226419,50,252.095533
-9.345876,50,252.125957
-13.84482,50,252.146094
-8.204976,50,252.166183
-11.09788,50,252.18635
-13.370758,50,252.221524
-12.010715,50,252.933085
-13.237805,50,252.973678
-11.424229,50,253.011847
-12.450501,50,253.055084
-8.239833,50,253.091798
-9.792024,50,253.132333
-12.201351,50,253.173984
-10.883235,50,253.207435
-8.384083,50,253.237962
-8.08717,50,253.27418
-12.921886,50,253.300462
-10.0413,50,253.326543
-15.434384,50,253.352134
-11.732053,50,253.381151
-11.900435,50,253.419549
-12.254029,50,253.45098
-8.299684,50,253.485102
-9.254995,50,253.513017
-11.693555,50,253.545356
-8.194388,50,253.57651
-11.114729,50,253.606704
-8.448488,50,253.636456
-8.697154,50,253.668493
-8.739513,50,253.706093
-10.180404,50,253.735022
-10.809323,50,253.762409
-7.911194,50,253.795587
-9.641232,50,253.825641
-8.424848,50,253.848036
-13.319664,50,253.874417
-9.497215,50,253.914185
-8.094553,50,253.956016
-8.615405,50,253.995367
-10.190976,50,254.029874
-15.351981,50,254.068771
-16.614206,50,254.091776
-8.190968,50,254.115642
-9.475414,50,254.152983
-16.61577,50,254.175598
-16.053386,50,254.200339
-13.673728,50,254.228236
-14.42414,50,254.946433
-15.712947,50,254.987273
-8.194591,50,255.027067
-11.888442,50,255.065176
-11.433739,50,255.103033
-10.994312,50,255.14269
-12.053929,50,255.183383
-15.530938,50,255.223483
-14.25938,50,255.265031
-9.397635,50,255.304548
-8.303118,50,255.340412
-8.654921,50,255.377182
-10.095941,50,255.403844
-15.299473,50,255.43135
-15.785221,50,255.458835
-13.812088,50,255.489972
-8.715491,50,255.527074
-12.858292,50,255.567536
-10.52931,50,255.605387
-8.482395,50,255.632508
-10.142526,50,255.666107
-14.854179,50,255.687241
-7.959338,50,255.721581
-8.497969,50,255.755702
-8.73604,50,255.782607
-10.906463,50,255.825302
-11.273216,50,255.861159
-15.589139,50,255.890519
-16.805777,50,255.925708
-13.869798,50,255.964201
-12.708224,50,256.006729
-8.098288,50,256.044629
-9.287472,50,256.083441
-17.20272,50,256.123558
-9.761816,50,256.165296
-12.161717,50,256.202021
-11.315216,50,256.236381
-10.919371,50,256.271601
-8.551012,50,256.304016
-11.609273,50,256.333114
-12.01148,50,256.370046
-13.078681,50,257.368801
-8.384475,50,257.408607
-14.684836,50,257.445046
-10.922814,50,257.488122
-10.166509,50,257.526322
-13.240735,50,257.563095
-8.917394,50,257.600441
-9.319261,50,257.642155
-13.029521,50,257.681294
-11.293327,50,257.713434
-8.302005,50,257.749227
-10.651501,50,257.785224
-7.971745,50,257.820244
-8.581902,50,257.855362
-11.343171,50,257.88698
-8.144676,50,257.922148
-15.06893,50,257.949948
-12.82547,50,257.983702
-10.965623,50,258.009166
-13.457913,50,258.034281
-7.698607,50,258.059021
-12.171107,50,258.093502
-9.956729,50,258.130939
-9.503398,50,258.158422
-13.02141,50,258.192824
-11.08028,50,258.234291
-15.785779,50,258.279445
-7.900473,50,258.31692
-8.580426,50,258.34786
-10.651479,50,258.388046
-12.246918,50,258.418586
-11.957623,50,258.459496
-14.711721,50,258.494828
-10.468504,50,258.525355
-8.04206,50,258.563855
-10.606373,50,258.592243
-7.958182,50,258.625619
-9.073498,50,258.658632
-11.597307,50,258.69465
-15.095036,50,258.728394
-15.044726,50,258.757922
-10.145694,50,259.56152
-14.084626,50,259.601302
-13.654155,50,259.641156
-11.016543,50,259.682357
-10.245368,50,259.720511
-15.663162,50,259.760188
-9.118866,50,259.798099
-11.049143,50,259.836977
-9.620039,50,259.879113
-17.672467,50,259.915402
-14.271101,50,259.947256
-8.24334,50,259.987626
-9.834599,50,260.016456
-12.261626,50,260.051429
-9.065194,50,260.072869
-9.171347,50,260.101003
-11.948719,50,260.135384
-16.041295,50,260.166936
-10.234901,50,260.199103
-11.118986,50,260.228128
-13.202175,50,260.25348
-15.630258,50,260.287285
-8.054373,50,260.318512
-15.267566,50,260.353587
-14.937601,50,260.391283
-7.974436,50,260.416609
-10.663523,50,260.450375
-13.499821,50,260.494376
-9.020486,50,260.537511
-8.22783,50,260.576314
-15.305875,50,260.615531
-8.594162,50,260.654657
-10.895517,50,260.690586
-8.091259,50,260.726835
-8.700952,50,260.762742
-9.149222,50,260.789537
-9.093354,50,260.831942
-11.546533,50,260.867421
-9.398775,50,260.898876
-10.50888,50,260.925004
-14.760833,50,260.950346
-9.430959,50,261.667391
-13.351689,50,261.708907
-8.370946,50,261.74742
-16.094498,50,261.786583
-16.006763,50,261.823683
-9.386567,50,261.863531
-9.921996,50,261.907534
-10.521786,50,261.948149
-11.737507,50,261.97551
-8.284309,50,262.019049
-10.768375,50,262.055105
-13.373975,50,262.096683
-12.309261,50,262.135199
-13.327447,50,262.17515
-11.160295,50,262.21356
-8.446732,50,262.251482
-13.850092,50,262.292217
-13.364722,50,262.330126
-11.991531,50,262.362909
-8.19964,50,262.394987
-11.558669,50,262.428664
-7.875837,50,262.467628
-10.532002,50,262.511844
-14.000141,50,262.551448
-9.249144,50,262.58826
-12.072663,50,262.630738
-11.932888,50,262.668718
-12.590254,50,262.700772
-12.460743,50,262.7336
-10.451691,50,262.766377
-9.080257,50,262.807228
-16.362711,50,262.841184
-11.500682,50,262.882967
-8.492738,50,262.919309
-11.849053,50,262.957647
-9.144051,50,262.993718
-9.829511,50,263.020983
-15.398005,50,263.051904
-11.03235,50,263.089313
-14.294086,50,263.123067
-7.94473,50,263.144691
-14.428937,50,264.157624
-13.825789,50,264.19976
-13.730624,50,264.236493
-16.566,50,264.278111
-15.932494,50,264.315834
-9.399405,50,264.354059
-11.918385,50,264.38757
-7.749402,50,264.410449
-15.989794,50,264.447491
-13.585317,50,264.48121
-11.473328,50,264.514807
-16.055196,50,264.546171
-8.981908,50,264.574707
-7.485198,50,264.609137
-8.151012,50,264.633778
-10.43229,50,264.662292
-8.751793,50,264.699124
-12.414107,50,264.721039
-16.811653,50,264.752098
-8.524072,50,264.7805
-7.7228,50,264.815536
-11.70217,50,264.84934
-9.182463,50,264.877583
-15.184843,50,264.91385
-10.65096,50,264.946374
-10.127744,50,264.984686
-10.46721,50,265.006631
-10.209597,50,265.033238
-8.891323,50,265.061283
-11.936313,50,265.094532
-13.002839,50,265.133173
-14.764698,50,265.171145
-11.675446,50,265.202081
-8.713992,50,265.224287
-7.909704,50,265.254706
-8.062393,50,265.291644
-12.383615,50,265.322152
-12.238125,50,265.346948
-8.099325,50,265.3693
-8.797315,50,265.412119
-10.24297,50,266.400319
-13.676566,50,266.440243
-11.012268,50,266.478199
-9.084474,50,266.52043
-7.750003,50,266.559712
-12.650253,50,266.599189
-8.895014,50,266.637255
-14.407213,50,266.674943
-14.019829,50,266.707945
-8.279046,50,266.744664
-10.330072,50,266.777952
-12.897425,50,266.815457
-9.349089,50,266.837724
-10.906539,50,266.860508
-9.275824,50,266.883164
-11.935919,50,266.921859
-8.054876,50,266.959831
-10.15663,50,266.988468
-10.918044,50,267.013533
-9.440456,50,267.042754
-12.29862,50,267.073366
-16.488543,50,267.099412
-10.32205,50,267.131572
-14.590275,50,267.159392
-8.368506,50,267.190811
-8.112288,50,267.223452
-8.086352,50,267.255297
-10.584656,50,267.297086
-10.168465,50,267.328935
-14.047674,50,267.358169
-9.031608,50,267.381835
-15.271682,50,267.418347
-11.57694,50,267.457872
-7.962141,50,267.497688
-14.393067,50,267.539133
-10.11674,50,267.580389
-8.077917,50,267.610356
-8.806427,50,267.638218
-13.285467,50,267.679381
-7.857814,50,267.716155
-13.33637,50,267.746354
-9.238802,50,268.648551
-8.585262,50,268.690114
-7.672813,50,268.729542
-10.768135,50,268.769199
-8.675812,50,268.808848
-7.604593,50,268.847526
-8.744604,50,268.884192
-15.006273,50,268.922729
-10.805632,50,268.95111
-10.313964,50,268.993235
-8.104294,50,269.032421
-11.123918,50,269.065082
-11.762492,50,269.090489
-9.225146,50,269.116871
-16.676078,50,269.143899
-11.956068,50,269.183965
-15.185361,50,269.222269
-15.963819,50,269.245498
-9.747151,50,269.27202
-9.816737,50,269.293436
-7.888023,50,269.320147
-13.526549,50,269.348296
-8.714258,50,269.38695
-11.769915,50,269.430292
-7.603019,50,269.462379
-14.486702,50,269.490707
-15.176617,50,269.532297
-14.192145,50,269.569325
-10.578583,50,269.59923
-8.612449,50,269.636531
-12.728059,50,269.677979
-7.795925,50,269.71501
-12.295015,50,269.751332
-15.421261,50,269.790696
-9.248134,50,269.830581
-8.493066,50,269.856641
-12.152729,50,269.888551
-8.874818,50,269.917661
-8.19368,50,269.956017
-10.947113,50,269.984959
-9.364795,50,270.014743
-10.734677,50,270.842029
-9.98539,50,270.87821
-10.851492,50,270.91715
-14.476382,50,270.947298
-9.354363,50,270.988385
-11.798899,50,271.025458
-9.386848,50,271.070613
-11.425358,50,271.108232
-12.00808,50,271.14458
-10.175764,50,271.181322
-8.572553,50,271.222316
-15.466365,50,271.263334
-8.261961,50,271.292623
-9.849323,50,271.319878
-11.158416,50,271.349945
-14.419626,50,271.376867
-11.196312,50,271.399957
-8.02531,50,271.433355
-8.005919,50,271.458982
-12.32406,50,271.481292
-15.294921,50,271.503182
-11.199316,50,271.524982
-16.573714,50,271.546293
-15.421606,50,271.570868
-11.246367,50,271.611164
-14.877682,50,271.654057
-13.689091,50,271.692905
-14.590335,50,271.715221
-15.321034,50,271.75861
-9.602993,50,271.797324
-12.91291,50,271.836339
-8.522098,50,271.876025
-13.053266,50,271.912564
-8.428373,50,271.957656
-11.043588,50,271.997826
-16.034757,50,272.041458
-12.20735,50,272.082731
-12.028341,50,272.125202
-10.551775,50,272.163696
-11.635681,50,272.204798
-7.825364,50,272.242261
-9.552106,50,272.957913
-15.411916,50,272.994455
-10.527173,50,273.037944
-9.76027,50,273.074565
-10.977473,50,273.112653
-10.029719,50,273.155231
-8.511364,50,273.193936
-7.961444,50,273.231801
-12.686521,50,273.271455
-10.022415,50,273.312356
-15.801213,50,273.340502
-8.904638,50,273.374249
-9.6443,50,273.416499
-10.272092,50,273.441302
-16.859864,50,273.466932
-11.949371,50,273.498816
-9.025116,50,273.524457
-11.433702,50,273.553557
-13.574207,50,273.583572
-15.55247,50,273.613508
-9.640882,50,273.649485
-9.417834,50,273.682335
-11.484708,50,273.718986
-11.732365,50,273.754559
-14.526899,50,273.783703
-15.984724,50,273.814214
-8.610897,50,273.837191
-9.556383,50,273.8772
-10.231064,50,273.906969
-11.538888,50,273.935462
-8.2859,50,273.973262
-9.617002,50,274.009267
-10.126516,50,274.049257
-9.933227,50,274.090599
-12.640824,50,274.119197
-15.658556,50,274.161041
-7.999348,50,274.199317
-10.594644,50,274.231261
-12.175608,50,274.258034
-14.23135,50,274.281676
-9.426187,50,274.323294
-10.070358,50,275.308374
-10.364571,50,275.348098
-12.19877,50,275.38853
-14.39525,50,275.427313
-11.04193,50,275.468509
-8.121654,50,275.512777
-10.926294,50,275.557441
-11.760639,50,275.595044
-8.179184,50,275.636323
-8.283539,50,275.676788
-8.199528,50,275.706456
-11.680556,50,275.738154
-16.329597,50,275.762635
-16.192074,50,275.797122
-9.828399,50,275.827468
-9.527516,50,275.859201
-11.050681,50,275.888281
-10.728592,50,275.925934
-10.161622,50,275.958192
-8.140071,50,275.980606
-8.936701,50,276.003417
-9.195979,50,276.035139
-15.2646,50,276.068564
-12.259088,50,276.105673
-8.041739,50,276.142132
-10.729649,50,276.17971
-12.005892,50,276.217334
-8.034403,50,276.259149
-12.518383,50,276.299987
-14.23392,50,276.340158
-8.152621,50,276.375705
-10.283875,50,276.418795
-8.312811,50,276.45894
-11.148398,50,276.497067
-12.976518,50,276.536776
-8.113415,50,276.572266
-14.527558,50,276.610467
-8.910694,50,276.648584
-9.174486,50,276.683292
-11.139667,50,276.716456
-10.263337,50,276.754225
-8.303843,50,277.726827
-14.61684,50,277.764019
-12.507245,50,277.803377
-17.805154,50,277.843182
-9.743778,50,277.883428
-10.864985,50,277.923152
-8.387494,50,277.961387
-14.228679,50,278.001209
-8.420593,50,278.032811
-11.335453,50,278.060774
-13.31364,50,278.098699
-9.890283,50,278.130005
-8.956691,50,278.15352
-9.328216,50,278.176917
-14.905042,50,278.209034
-10.817433,50,278.236285
-15.684823,50,278.270032
-11.802056,50,278.300542
-11.98133,50,278.33471
-14.278976,50,278.3689
-10.126658,50,278.396038
-12.023792,50,278.435982
-8.974592,50,278.474329
-8.3623,50,278.508227
-8.413652,50,278.548831
-14.743393,50,278.578458
-8.721498,50,278.617511
-13.964193,50,278.65718
-14.437394,50,278.69049
-8.010863,50,278.716922
-12.327553,50,278.759035
-14.072912,50,278.794164
-13.346212,50,278.831642
-11.80382,50,278.865659
-16.469388,50,278.900928
-9.750117,50,278.939731
-9.410313,50,278.971653
-12.491988,50,278.999633
-9.648853,50,279.038774
-16.280075,50,279.066717
-8.273576,50,279.09811
-13.692445,50,279.790895
-10.07208,50,279.830643
-8.761844,50,279.867244
-8.93834,50,279.908242
-7.632454,50,279.947158
-11.090037,50,279.984081
-8.51366,50,280.023457
-10.118714,50,280.061574
-8.434156,50,280.100007
-7.958411,50,280.137191
-8.327735,50,280.16557
-11.19154,50,280.198449
-8.688644,50,280.2405
-9.023101,50,280.276222
-8.785546,50,280.31536
-10.46214,50,280.354215
-12.407255,50,280.380019
-9.080081,50,280.4086
-8.219936,50,280.439406
-13.105111,50,280.47918
-9.220465,50,280.507066
-8.922753,50,280.528444
-15.393598,50,280.558594
-13.305395,50,280.586576
-11.301729,50,280.60734
-9.504849,50,280.640477
-11.867856,50,280.661906
-11.654133,50,280.682306
-8.754867,50,280.714528
-15.953878,50,280.740696
-10.482978,50,280.768016
-8.825315,50,280.802512
-12.568506,50,280.824687
-11.260222,50,280.859351
-8.462682,50,280.887576
-8.345544,50,280.926536
-8.694999,50,280.962854
-15.400584,50,280.986542
-10.528388,50,281.010134
-7.338256,50,281.050085
-15.536228,50,281.079742
-8.019548,50,281.746793
-8.387996,50,281.77721
-14.522468,50,281.81925
-8.276968,50,281.85951
-12.35199,50,281.898968
-9.898929,50,281.941287
-15.945041,50,281.980533
-8.862312,50,282.01675
-9.436717,50,282.051473
-8.01993,50,282.086603
-16.333268,50,282.124367
-12.717461,50,282.148179
-14.907452,50,282.178792
-10.793001,50,282.215055
-9.999129,50,282.248378
-7.820981,50,282.2781
-12.72099,50,282.321542
-8.958456,50,282.361349
-14.015237,50,282.397082
-11.921098,50,282.422126
-11.312218,50,282.450867
-7.9694,50,282.473816
-8.578442,50,282.497194
-9.067045,50,282.519897
-11.116395,50,282.54468
-10.418808,50,282.574415
-10.859041,50,282.606801
-12.525607,50,282.636417
-11.280788,50,282.669096
-9.070829,50,282.708529
-10.504462,50,282.746888
-8.630443,50,282.78053
-7.852103,50,282.816317
-12.035987,50,282.850638
-11.578247,50,282.884073
-8.27632,50,282.906698
-8.551486,50,282.945994
-10.695394,50,282.972929
-14.213146,50,282.995479
-8.82036,50,283.023089
-10.898116,50,283.056307
-8.887921,50,284.056232
-9.914914,50,284.093451
-10.372516,50,284.132542
-11.1603,50,284.172839
-9.867326,50,284.212924
-14.391177,50,284.238979
-12.059836,50,284.263299
-11.711019,50,284.287836
-8.786755,50,284.314359
-9.265111,50,284.338245
-11.83921,50,284.359446
-14.389922,50,284.391698
-7.940141,50,284.416557
-10.719198,50,284.440615
-11.557557,50,284.482615
-15.456827,50,284.508789
-10.701738,50,284.530922
-11.568878,50,284.571121
-8.502695,50,284.615932
-10.107386,50,284.65306
-13.490307,50,284.693263
-8.790988,50,284.726458
-8.023164,50,284.760216
-11.654233,50,284.794071
-8.513073,50,284.820681
-9.382539,50,284.858034
-11.409144,50,284.884501
-9.999731,50,284.917627
-10.176287,50,284.943002
-11.496518,50,284.985414
-8.966085,50,285.024294
-14.174083,50,285.066877
-10.675016,50,285.108531
-8.420939,50,285.140886
-9.858074,50,285.167838
-9.787736,50,285.199216
-7.654775,50,285.235939
-9.531436,50,285.265892
-8.185702,50,285.296278
-10.59026,50,285.322603
-10.548506,50,285.35161
-12.367755,50,286.29595
-15.628563,50,286.328953
-14.950553,50,286.369392
-12.700776,50,286.410742
-9.317823,50,286.449592
-11.641961,50,286.493279
-10.447172,50,286.532148
-12.30018,50,286.565014
-10.95871,50,286.589307
-9.303328,50,286.622193
-14.938446,50,286.650342
-9.831632,50,286.672426
-11.321095,50,286.693801
-12.414343,50,286.724291
-10.498062,50,286.749534
-14.681007,50,286.77515
-14.485864,50,286.815585
-9.408678,50,286.840694
-10.538416,50,286.883314
-11.287817,50,286.914576
-7.982185,50,286.940403
-13.822407,50,286.966005
-9.493356,50,287.006201
-13.767114,50,287.046026
-10.18936,50,287.07297
-11.206929,50,287.095336
-13.311143,50,287.121523
-10.457169,50,287.158452
-13.016257,50,287.187622
-11.640836,50,287.226552
-10.141622,50,287.262758
-9.570511,50,287.306374
-10.784516,50,287.342611
-11.42461,50,287.380025
-12.02581,50,287.421156
-8.992199,50,287.445908
-8.963928,50,287.47156
-13.651595,50,287.515851
-16.525742,50,287.546953
-8.904477,50,287.576628
-9.376395,50,287.606266
-10.801677,50,288.610138
-12.369852,50,288.64743
-16.079563,50,288.687612
-10.601625,50,288.728721
-14.211791,50,288.768643
-12.746912,50,288.808286
-10.45307,50,288.846235
-12.764888,50,288.887001
-16.151007,50,288.927195
-9.545215,50,288.965497
-10.954554,50,288.998831
-12.540349,50,289.036145
-11.36027,50,289.073462
-13.037946,50,289.106279
-8.727975,50,289.128811
-9.680737,50,289.154063
-11.488744,50,289.197332
-13.516054,50,289.227773
-12.209622,50,289.251284
-9.017252,50,289.282772
-12.367385,50,289.307345
-7.986038,50,289.328984
-14.597125,50,289.350774
-11.744315,50,289.376339
-10.795352,50,289.416365
-12.77827,50,289.445514
-13.367438,50,289.481246
-12.979541,50,289.508267
-16.897945,50,289.542312
-9.509951,50,289.570124
-10.417034,50,289.610592
-9.89967,50,289.648654
-11.029865,50,289.686689
-13.528528,50,289.726327
-10.488861,50,289.766075
-15.982248,50,289.805585
-8.713233,50,289.847141
-13.748996,50,289.886287
-9.94378,50,289.92458
-11.507675,50,289.967771
-14.696067,50,290.005077
-9.396419,50,290.973936
-11.536175,50,291.016408
-15.659343,50,291.055661
-9.837733,50,291.095601
-8.624134,50,291.12899
-16.541282,50,291.167219
-11.28893,50,291.207199
-10.666084,50,291.245353
-11.20334,50,291.287286
-11.236931,50,291.32353
-14.321586,50,291.354601
-8.817818,50,291.386857
-10.37849,50,291.423144
-13.842605,50,291.457447
-10.062733,50,291.498438
-9.637451,50,291.52744
-14.96992,50,291.565892
-10.473028,50,291.602293
-7.807387,50,291.637208
-10.025672,50,291.675242
-8.446543,50,291.69855
-12.732764,50,291.718928
-8.08429,50,291.739354
-13.010319,50,291.759748
-8.020877,50,291.79208
-8.569549,50,291.820307
-8.049507,50,291.856348
-8.341211,50,291.892713
-9.930353,50,291.913219
-11.996964,50,291.940339
-11.775117,50,291.97081
-10.453672,50,292.015429
-9.880206,50,292.053459
-11.434744,50,292.093189
-8.953789,50,292.131334
-13.778274,50,292.174064
-10.108649,50,292.205569
-10.445088,50,292.237587
-13.370492,50,292.279646
-10.273707,50,292.319549
-9.28021,50,292.352123
-11.056896,50,293.026571
-8.48161,50,293.067137
-10.415978,50,293.104609
-14.230793,50,293.149059
-13.228196,50,293.189282
-14.770101,50,293.226302
-11.637184,50,293.268058
-9.913368,50,293.307708
-11.098295,50,293.345301
-10.108486,50,293.382595
-8.341955,50,293.422048
-10.1942,50,293.462044
-9.259007,50,293.489941
-11.378594,50,293.514405
-12.342798,50,293.550231
-9.665465,50,293.583965
-8.258135,50,293.614751
-11.869022,50,293.649777
-12.452332,50,293.670515
-8.474107,50,293.699549
-9.392661,50,293.738758
-10.850919,50,293.774429
-11.720694,50,293.809445
-10.841208,50,293.833371
-8.210145,50,293.870482
-8.492399,50,293.906211
-8.147206,50,293.940355
-11.864618,50,293.968953
-8.770814,50,294.00228
-9.740428,50,294.040367
-9.055489,50,294.080569
-8.794125,50,294.120638
-9.463922,50,294.162915
-8.388455,50,294.202371
-13.902956,50,294.242822
-10.731811,50,294.280083
-11.921667,50,294.314336
-15.880433,50,294.352067
-8.158522,50,294.394524
-8.761327,50,294.438426
-8.82894,50,294.47433
-12.444832,50,295.178393
-16.297846,50,295.218009
-11.275025,50,295.255698
-12.066352,50,295.294076
-8.228117,50,295.331401
-11.484136,50,295.370701
-8.585801,50,295.410648
-13.868705,50,295.450256
-15.703803,50,295.491002
-11.42071,50,295.529745
-14.309514,50,295.567935
-16.470872,50,295.606563
-12.762535,50,295.646185
-10.172834,50,295.685656
-8.044937,50,295.725272
-9.796024,50,295.754515
-8.075999,50,295.776574
-12.924994,50,295.810663
-10.217764,50,295.849036
-12.224954,50,295.887511
-9.421036,50,295.924463
-10.921115,50,295.958157
-9.492735,50,295.986351
-9.100878,50,296.026691
-8.223387,50,296.05406
-11.749518,50,296.081043
-8.987591,50,296.1152
-8.725699,50,296.152344
-13.532809,50,296.194506
-12.053605,50,296.23355
-8.599784,50,296.274326
-8.056619,50,296.296767
-12.747669,50,296.328489
-8.082905,50,296.351906
-7.588527,50,296.389627
-11.686505,50,296.429282
-11.922019,50,296.463326
-13.003687,50,296.502597
-11.218558,50,296.529687
-8.900267,50,296.564918
-8.958532,50,296.601288
-13.767492,50,297.335111
-11.251678,50,297.375294
-14.794706,50,297.414478
-10.699119,50,297.452988
-15.469502,50,297.489749
-11.661631,50,297.531402
-13.219357,50,297.563479
-9.12671,50,297.603728
-8.142823,50,297.638731
-10.113061,50,297.6715
-14.162897,50,297.708061
-14.151861,50,297.733495
-8.441856,50,297.764314
-10.223883,50,297.797776
-12.765159,50,297.837344
-15.478189,50,297.861172
-14.34325,50,297.891157
-16.34196,50,297.929729
-12.594106,50,297.965775
-14.019813,50,297.985561
-8.397634,50,298.022663
-10.203335,50,298.065155
-13.716692,50,298.087578
-10.754793,50,298.123851
-11.593883,50,298.155663
-10.945532,50,298.185746
-8.311051,50,298.216862
-10.737814,50,298.239247
-9.817351,50,298.269939
-9.129448,50,298.307369
-16.922018,50,298.347534
-13.960584,50,298.38635
-15.036381,50,298.427565
-9.93979,50,298.467326
-7.900956,50,298.507819
-12.54037,50,298.547279
-14.1228,50,298.574092
-14.892053,50,298.598173
-10.474118,50,298.622744
-12.946288,50,298.645054
-9.856212,50,298.666714
-9.171506,50,299.405552
-12.619523,50,299.447551
-9.878552,50,299.482993
-10.248741,50,299.523462
-12.44406,50,299.562684
-9.969999,50,299.604461
-11.976286,50,299.645474
-12.028546,50,299.685791
-10.15613,50,299.72751
-13.949749,50,299.763083
-14.0618,50,299.803
-13.328512,50,299.835632
-10.495758,50,299.872163
-8.379735,50,299.907752
-9.997394,50,299.939971
-11.125825,50,299.9764
-11.344027,50,300.014707
-11.596212,50,300.05222
-13.729875,50,300.090524
-8.428759,50,300.129412
-7.953019,50,300.161793
-8.985942,50,300.190945
-12.412907,50,300.236647
-9.179327,50,300.271417
-8.962638,50,300.300745
-9.188874,50,300.327081
-12.836773,50,300.352348
-11.219746,50,300.380392
-9.718949,50,300.415306
-11.999775,50,300.457336
-14.252892,50,300.496108
-9.239092,50,300.538556
-16.024718,50,300.577534
-9.050307,50,300.61553
-11.329581,50,300.657051
-11.471657,50,300.697372
-11.763356,50,300.735328
-13.700318,50,300.765838
-14.44563,50,300.798638
-8.812159,50,300.830547
-8.488801,50,300.864465
-9.32755,50,301.859121
-8.236342,50,301.898064
-11.137304,50,301.93861
-9.451111,50,301.979449
-8.923156,50,302.015551
-12.567847,50,302.05862
-8.576151,50,302.092757
-10.972198,50,302.135709
-14.108456,50,302.174804
-12.820898,50,302.202518
-15.592907,50,302.230283
-9.165724,50,302.260622
-8.685182,50,302.294505
-16.321928,50,302.321894
-12.286017,50,302.357974
-14.438523,50,302.389875
-8.061549,50,302.4167
-8.869378,50,302.455502
-14.878464,50,302.483037
-8.273037,50,302.506863
-16.083988,50,302.530393
-16.203368,50,302.555509
-9.685834,50,302.582035
-12.397296,50,302.608546
-11.830338,50,302.63648
-12.312918,50,302.665723
-12.357097,50,302.706724
-11.426359,50,302.73437
-16.096103,50,302.763936
-15.640712,50,302.787544
-10.49303,50,302.814959
-9.325616,50,302.846941
-12.03456,50,302.889276
-16.234788,50,302.92583
-8.480555,50,302.964772
-9.589852,50,303.007851
-10.921758,50,303.047326
-10.067453,50,303.083919
-8.972238,50,303.123932
-9.275282,50,303.150626
-10.388534,50,303.177741
-7.618313,50,303.784319
-8.620657,50,303.819909
-14.173866,50,303.850285
-10.8686,50,303.892253
-8.42715,50,303.93305
-10.144307,50,303.974136
-11.156602,50,304.014655
-11.22478,50,304.052277
-8.873034,50,304.092331
-8.434572,50,304.132261
-10.327678,50,304.170103
-10.4311,50,304.214204
-8.290559,50,304.252992
-9.509635,50,304.287901
-9.489891,50,304.313168
-10.352892,50,304.340966
-9.671478,50,304.374718
-9.679398,50,304.403916
-11.701553,50,304.434942
-9.50875,50,304.462501
-13.0874,50,304.489063
-9.32046,50,304.511762
-10.819198,50,304.532988
-10.349673,50,304.561664
-8.137402,50,304.60103
-9.790045,50,304.637065
-10.844136,50,304.667413
-9.091519,50,304.700799
-9.127558,50,304.73338
-10.098401,50,304.758705
-16.794108,50,304.782638
-11.981934,50,304.815484
-14.910535,50,304.852407
-8.942972,50,304.894547
-11.271534,50,304.936033
-8.913699,50,304.976325
-12.593892,50,305.014184
-9.434402,50,305.048659
-10.479758,50,305.078451
-9.598822,50,305.119158
-10.130995,50,305.150662
-8.058424,50,305.838109
-8.987958,50,305.880515
-10.742551,50,305.91679
-15.172515,50,305.957352
-7.997826,50,305.995445
-14.908762,50,306.031901
-8.657198,50,306.073077
-10.112703,50,306.113904
-13.195257,50,306.145111
-12.963543,50,306.170092
-8.892735,50,306.20936
-12.191495,50,306.244249
-13.395058,50,306.268715
-9.725404,50,306.293498
-12.227853,50,306.32178
-10.531228,50,306.350889
-15.445837,50,306.386477
-11.427993,50,306.4178
-10.908246,50,306.443665
-9.212575,50,306.479601
-15.503442,50,306.515546
-14.645679,50,306.555108
-15.525504,50,306.587774
-7.975894,50,306.614089
-8.939087,50,306.654367
-10.642299,50,306.677466
-14.278479,50,306.710835
-8.480246,50,306.733511
-10.87514,50,306.774069
-8.378237,50,306.812117
-8.305718,50,306.848141
-9.868979,50,306.888499
-9.458532,50,306.929602
-9.542235,50,306.969182
-8.737327,50,307.006366
-13.247782,50,307.046061
-8.066915,50,307.085431
-9.696888,50,307.115438
-9.391192,50,307.143805
-7.821361,50,307.177737
-15.023103,50,307.211545
-13.438159,50,308.111847
-11.040748,50,308.151635
-14.719123,50,308.191414
-14.420548,50,308.230395
-9.744556,50,308.269679
-9.773779,50,308.308874
-12.974514,50,308.348591
-14.610335,50,308.385649
-8.207449,50,308.423393
-12.75808,50,308.46172
-8.430386,50,308.50037
-11.517457,50,308.52335
-14.752876,50,308.547919
-8.601212,50,308.581554
-15.126153,50,308.62017
-8.014108,50,308.642021
-9.050624,50,308.685234
-14.815208,50,308.720762
-14.843982,50,308.751765
-13.423071,50,308.777383
-15.979189,50,308.808769
-13.0034,50,308.843361
-8.654499,50,308.87925
-16.546314,50,308.917145
-10.029881,50,308.939984
-7.6918,50,308.964587
-9.795984,50,308.990871
-8.995463,50,309.016429
-10.753373,50,309.037945
-8.651682,50,309.061054
-10.617292,50,309.092432
-13.427709,50,309.131974
-11.252364,50,309.171008
-12.351944,50,309.203735
-8.765327,50,309.245867
-10.729645,50,309.285302
-7.983561,50,309.323105
-13.288628,50,309.358593
-9.102699,50,309.396885
-12.32774,50,309.436517
-11.319453,50,309.470582
-11.305503,50,310.188457
-13.985709,50,310.226267
-14.801407,50,310.268169
-8.135607,50,310.306276
-8.854961,50,310.346587
-12.892418,50,310.386647
-10.357038,50,310.426896
-14.534678,50,310.464532
-9.533721,50,310.502234
-13.328581,50,310.541717
-14.591675,50,310.57795
-10.90722,50,310.617454
-9.076624,50,310.656157
-13.92369,50,310.693162
-7.888755,50,310.733436
-9.596503,50,310.769
-8.264276,50,310.808747
-8.592138,50,310.848677
-7.779815,50,310.878327
-10.801657,50,310.918134
-9.633767,50,310.95606
-7.446645,50,310.989568
-12.572532,50,311.030062
-15.528008,50,311.066055
-11.73979,50,311.096728
-7.846784,50,311.133536
-8.19317,50,311.163677
-12.029595,50,311.205417
-15.437212,50,311.247526
-9.392463,50,311.286701
-10.141803,50,311.322685
-12.210382,50,311.360314
-10.045001,50,311.394344
-11.2545,50,311.432764
-8.738808,50,311.47002
-14.224257,50,311.495512
-8.765436,50,311.525387
-7.948291,50,311.562448
-8.736072,50,311.590526
-10.813365,50,311.622536
-7.574149,50,311.65863
-11.786104,50,312.308182
-14.144591,50,312.348624
-9.47443,50,312.389484
-8.940767,50,312.428133
-10.050325,50,312.465239
-9.714845,50,312.490466
-8.533531,50,312.513061
-8.688946,50,312.543736
-15.425868,50,312.583266
-9.91276,50,312.608781
-8.541683,50,312.633562
-12.429468,50,312.672818
-13.281289,50,312.705264
-8.679592,50,312.732364
-8.408465,50,312.754333
-8.853893,50,312.788453
-10.629222,50,312.819103
-13.416464,50,312.850999
-11.179365,50,312.884085
-12.675532,50,312.925358
-7.85918,50,312.965668
-11.666226,50,312.995731
-9.354656,50,313.023692
-13.948358,50,313.068439
-14.397707,50,313.108983
-13.987009,50,313.143761
-12.161159,50,313.175444
-15.265723,50,313.219311
-10.863967,50,313.255564
-11.069759,50,313.285436
-9.019541,50,313.323509
-9.626765,50,313.36256
-16.686571,50,313.401142
-13.165562,50,313.440187
-12.26791,50,313.477438
-8.440881,50,313.51296
-7.883769,50,313.555422
-13.694177,50,313.590428
-14.922586,50,313.630177
-14.605086,50,313.659604
-9.957617,50,313.689662
-9.601041,50,314.38642
-11.789865,50,314.426057
-8.498155,50,314.465279
-15.690484,50,314.506778
-8.934954,50,314.544079
-10.822962,50,314.581895
-11.203442,50,314.623655
-13.826789,50,314.658298
-8.377412,50,314.68299
-9.797061,50,314.711139
-8.186675,50,314.739313
-12.219109,50,314.776933
-9.157371,50,314.812515
-13.244432,50,314.837883
-15.770736,50,314.86012
-10.059625,50,314.884377
-11.808132,50,314.908729
-12.748608,50,314.930233
-8.38689,50,314.954328
-9.089094,50,314.981391
-11.055481,50,315.02023
-11.591859,50,315.058132
-12.452795,50,315.080509
-9.152144,50,315.120275
-16.597069,50,315.159076
-9.735733,50,315.190519
-9.807042,50,315.230525
-12.818747,50,315.259474
-11.828532,50,315.303549
-8.752103,50,315.326722
-12.883042,50,315.371262
-11.918023,50,315.413566
-9.002296,50,315.451387
-9.488404,50,315.485831
-11.332633,50,315.524172
-12.929406,50,315.565115
-7.962802,50,315.602347
-8.399716,50,315.641296
-14.489851,50,315.681509
-8.760098,50,315.71442
-9.831677,50,315.751633
-8.485106,50,316.441515
-9.293441,50,316.481614
-12.931322,50,316.518845
-12.088938,50,316.543675
-9.804684,50,316.582623
-13.656364,50,316.622246
-12.664988,50,316.659592
-9.83785,50,316.69984
-7.932214,50,316.738503
-8.598829,50,316.776778
-9.339384,50,316.816572
-10.038771,50,316.853156
-10.393261,50,316.891531
-10.844064,50,316.92881
-10.640143,50,316.962219
-9.110162,50,316.993865
-12.989988,50,317.028589
-12.566604,50,317.06598
-11.769224,50,317.102769
-11.546627,50,317.143451
-9.536763,50,317.177649
-15.214955,50,317.219095
-10.414188,50,317.250565
-13.084784,50,317.286246
-10.230079,50,317.324269
-11.726287,50,317.358237
-11.526962,50,317.39627
-8.928938,50,317.439839
-13.413617,50,317.479865
-11.151673,50,317.51807
-11.036015,50,317.556582
-9.903773,50,317.595768
-10.484347,50,317.626461
-9.466828,50,317.660738
-14.124217,50,317.689824
-8.677654,50,317.720782
-12.675296,50,317.755815
-8.87565,50,317.786584
-8.541204,50,317.823621
-12.679562,50,317.857433
-11.336344,50,317.888549
-9.547122,50,318.56026
-8.066802,50,318.60179
-9.560827,50,318.641304
-8.997745,50,318.675721
-13.206269,50,318.713165
-12.204598,50,318.738888
-9.102779,50,318.772557
-14.098802,50,318.811439
-9.901664,50,318.839024
-7.690097,50,318.861575
-10.520056,50,318.891415
-11.312246,50,318.919833
-8.936861,50,318.947202
-14.453421,50,318.985497
-11.604827,50,319.016213
-11.400633,50,319.045998
-10.361476,50,319.073473
-8.830873,50,319.096034
-10.87663,50,319.118599
-8.246452,50,319.159274
-13.777591,50,319.191905
-10.059165,50,319.22149
-10.468636,50,319.258193
-8.497479,50,319.293483
-10.281894,50,319.33
-11.048967,50,319.352915
-11.422278,50,319.387156
-12.471688,50,319.423236
-13.171533,50,319.454899
-11.425939,50,319.484805
-16.118745,50,319.512574
-9.868458,50,319.548188
-15.227285,50,319.584741
-15.820381,50,319.62607
-9.753002,50,319.665539
-14.018997,50,319.70481
-13.131013,50,319.734641
-10.785378,50,319.757662
-8.727861,50,319.790579
-10.183491,50,319.826602
-8.805123,50,320.615571
-14.944378,50,320.655198
-9.324755,50,320.693239
-9.984363,50,320.733505
-9.859708,50,320.775728
-14.028106,50,320.817066
-8.479403,50,320.852669
-11.472358,50,320.888776
-11.603498,50,320.925175
-11.47781,50,320.966927
-11.239245,50,321.00773
-10.566331,50,321.039093
-8.593589,50,321.069407
-9.707079,50,321.109113
-15.009389,50,321.15042
-12.207563,50,321.185797
-14.668823,50,321.214452
-8.467071,50,321.252345
-10.402409,50,321.285442
-10.652223,50,321.315888
-9.038269,50,321.357426
-10.332283,50,321.379123
-9.216805,50,321.41709
-13.563213,50,321.439785
-14.606559,50,321.464417
-9.883963,50,321.489392
-10.980997,50,321.528651
-12.015135,50,321.565346
-13.229007,50,321.589138
-12.308126,50,321.611753
-11.806918,50,321.644407
-9.288177,50,321.685798
-15.580431,50,321.715447
-12.178634,50,321.73934
-13.074752,50,321.772303
-7.560905,50,321.814231
-14.434618,50,321.844388
-8.032137,50,321.868548
-8.077289,50,321.90459
-8.985175,50,321.946481
-8.98446,50,321.985927
-11.907449,50,322.611979
-14.200334,50,322.651053
-11.712759,50,322.687702
-15.028374,50,322.731633
-10.79432,50,322.756247
-14.183557,50,322.778878
-10.025739,50,322.811281
-11.477609,50,322.844956
-12.723892,50,322.88768
-12.492442,50,322.923311
-12.858916,50,322.96277
-9.804747,50,322.996101
-8.651748,50,323.029123
-8.800547,50,323.06514
-13.88458,50,323.094369
-10.366582,50,323.119189
-8.350728,50,323.155244
-12.428356,50,323.192681
-13.19648,50,323.227155
-9.280577,50,323.26281
-13.341676,50,323.30345
-10.131406,50,323.336716
-13.173546,50,323.373629
-11.154121,50,323.415582
-11.004081,50,323.449235
-10.718147,50,323.484758
-11.074438,50,323.51642
-14.656352,50,323.561867
-10.784945,50,323.600508
-8.40962,50,323.636615
-10.413128,50,323.676247
-15.587581,50,323.704892
-16.441843,50,323.73111
-12.107059,50,323.760458
-12.877739,50,323.799698
-11.495957,50,323.838557
-8.897279,50,323.869655
-10.47775,50,323.893193
-9.81733,50,323.915853
-9.064569,50,323.947098
-10.312536,50,323.988064
-8.847157,50,324.833654
-9.586054,50,324.872677
-12.685764,50,324.914423
-8.231475,50,324.952157
-12.860486,50,324.980303
-8.277269,50,325.003192
-9.209982,50,325.032596
-14.577417,50,325.075205
-10.578065,50,325.112924
-10.111954,50,325.151603
-11.401452,50,325.188359
-9.017139,50,325.220717
-10.724075,50,325.256262
-7.647194,50,325.290533
-13.825621,50,325.323712
-10.439929,50,325.348772
-10.075545,50,325.384311
-7.996631,50,325.423272
-9.950394,50,325.454661
-8.612359,50,325.484021
-13.379598,50,325.510459
-9.901832,50,325.53492
-11.011878,50,325.573351
-13.277342,50,325.60248
-9.998663,50,325.644818
-8.655618,50,325.680942
-10.312495,50,325.714296
-11.89795,50,325.749459
-10.339241,50,325.784521
-9.599778,50,325.822311
-7.956701,50,325.862674
-14.876555,50,325.88953
-11.575971,50,325.928563
-11.05046,50,325.966485
-14.171519,50,326.002708
-13.414501,50,326.025873
-11.222093,50,326.058594
-8.371611,50,326.092718
-9.424039,50,326.12141
-11.347389,50,326.155887
-16.423336,50,326.185858
-9.002815,50,327.164645
-12.431936,50,327.204343
-10.641171,50,327.240524
-9.972927,50,327.280254
-13.639813,50,327.318315
-10.665996,50,327.357738
-9.760386,50,327.398397
-8.683225,50,327.437477
-12.541945,50,327.471675
-9.981605,50,327.502007
-9.252802,50,327.535186
-10.502205,50,327.569013
-13.712332,50,327.609826
-8.250129,50,327.635666
-13.906215,50,327.660091
-14.466796,50,327.69153
-11.612696,50,327.71878
-11.825942,50,327.744396
-8.886062,50,327.790065
-7.952682,50,327.813465
-9.111301,50,327.838036
-10.655894,50,327.864609
-10.004058,50,327.897555
-10.176897,50,327.924865
-13.421825,50,327.956134
-9.283214,50,327.982057
-10.008687,50,328.005368
-8.291591,50,328.036507
-8.792348,50,328.063435
-8.041545,50,328.092641
-11.285014,50,328.125478
-12.539786,50,328.162298
-14.701839,50,328.203102
-12.849846,50,328.243178
-13.839119,50,328.281821
-9.070199,50,328.320961
-8.577857,50,328.355646
-11.631136,50,328.378503
-8.893392,50,328.419289
-8.039925,50,328.460141
-8.213118,50,328.496331
-13.667097,50,329.462334
-15.460138,50,329.50207
-9.40942,50,329.540435
-12.331174,50,329.578285
-10.038273,50,329.616556
-10.108529,50,329.649036
-8.33772,50,329.688676
-9.021645,50,329.725949
-10.780338,50,329.751935
-14.751898,50,329.782324
-8.068135,50,329.81584
-15.475443,50,329.845627
-11.255526,50,329.880507
-12.52417,50,329.905689
-9.359325,50,329.929968
-11.331741,50,329.965883
-11.630423,50,330.007993
-9.969037,50,330.04666
-10.605464,50,330.071513
-10.933781,50,330.094361
-11.189054,50,330.120061
-8.661897,50,330.160598
-8.449518,50,330.194242
-13.873198,50,330.231728
-11.272805,50,330.266963
-13.283511,50,330.299098
-10.468693,50,330.325628
-8.264797,50,330.350724
-11.726261,50,330.3798
-11.125794,50,330.410485
-9.255536,50,330.45264
-9.229109,50,330.491654
-9.462612,50,330.531515
-8.79691,50,330.572615
-11.675343,50,330.60737
-7.681196,50,330.644928
-8.926777,50,330.670928
-12.436643,50,330.708465
-15.846824,50,330.750752
-9.569652,50,330.773382
-10.655317,50,330.804754
-12.016627,50,331.732188
-8.557803,50,331.771563
-12.121377,50,331.81032
-11.813554,50,331.852785
-12.719272,50,331.887908
-8.795931,50,331.927003
-9.658638,50,331.965425
-13.778838,50,332.001247
-9.237056,50,332.034286
-9.887017,50,332.075678
-13.78364,50,332.104378
-11.954344,50,332.1293
-8.674953,50,332.161214
-14.337567,50,332.184409
-10.861539,50,332.207943
-7.62116,50,332.243291
-8.379731,50,332.280954
-12.568273,50,332.324101
-7.740098,50,332.354071
-11.655736,50,332.392464
-11.428694,50,332.424922
-9.183809,50,332.451811
-10.920181,50,332.48448
-9.867644,50,332.523444
-9.565639,50,332.555379
-9.527613,50,332.577608
-13.741034,50,332.603716
-13.884846,50,332.636606
-8.526698,50,332.671413
-9.615093,50,332.695936
-11.303172,50,332.718877
-12.836503,50,332.758365
-10.905099,50,332.793907
-15.655096,50,332.82717
-13.911887,50,332.855978
-14.451877,50,332.882097
-9.190958,50,332.908012
-11.920266,50,332.931895
-13.79517,50,332.964941
-7.961473,50,333.004591
-11.629365,50,333.041114
-12.00646,50,334.009988
-8.569335,50,334.047033
-8.91692,50,334.079247
-9.474594,50,334.121676
-12.258919,50,334.163772
-10.358429,50,334.204435
-10.626,50,334.244923
-12.89028,50,334.283489
-10.522675,50,334.325624
-16.334635,50,334.364683
-11.1042,50,334.401775
-8.676305,50,334.428203
-8.525934,50,334.451383
-9.180611,50,334.489305
-16.262059,50,334.52722
-11.874377,50,334.555902
-10.806792,50,334.584093
-7.880176,50,334.624073
-12.60112,50,334.661756
-14.541768,50,334.692941
-12.716902,50,334.728048
-11.256814,50,334.750616
-12.525828,50,334.787557
-12.708999,50,334.817139
-14.219081,50,334.848884
-14.348428,50,334.879061
-13.401514,50,334.907807
-10.134288,50,334.931946
-8.598281,50,334.963284
-10.14927,50,335.004903
-10.233774,50,335.044998
-12.75267,50,335.079533
-9.691502,50,335.119498
-11.930349,50,335.160429
-12.509857,50,335.187667
-8.684512,50,335.228054
-8.907295,50,335.270923
-9.600766,50,335.306422
-10.949686,50,335.336347
-9.187203,50,335.37369
-10.37134,50,335.406733
-12.807467,50,336.127431
-8.215054,50,336.166475
-12.049674,50,336.208085
-9.852455,50,336.250891
-13.579205,50,336.292396
-13.387484,50,336.33015
-10.574472,50,336.369567
-9.050784,50,336.404645
-10.884809,50,336.443068
-8.256675,50,336.470605
-11.717742,50,336.499642
-9.060927,50,336.54325
-10.228959,50,336.568537
-14.463267,50,336.599765
-11.699789,50,336.643105
-9.812489,50,336.683664
-9.064759,50,336.723145
-14.846571,50,336.750892
-9.63448,50,336.774288
-8.065923,50,336.796599
-13.33496,50,336.822477
-10.207404,50,336.852457
-13.942493,50,336.892961
-10.073331,50,336.92052
-11.009625,50,336.951084
-11.034992,50,336.991178
-13.004757,50,337.024235
-14.981825,50,337.047776
-10.262542,50,337.07006
-10.748741,50,337.10277
-12.930528,50,337.142245
-8.64106,50,337.171384
-8.775455,50,337.20218
-12.783327,50,337.241521
-10.316934,50,337.267603
-15.198748,50,337.309367
-11.893286,50,337.338378
-12.748759,50,337.381352
-15.713814,50,337.415572
-11.943245,50,337.452026
-11.77867,50,337.47952
-13.217492,50,338.203753
-15.255025,50,338.229057
-9.220905,50,338.268394
-13.321852,50,338.308057
-14.571643,50,338.345236
-10.353705,50,338.385655
-9.42896,50,338.426263
-8.344741,50,338.459422
-8.43539,50,338.494637
-9.727319,50,338.517482
-8.325221,50,338.555358
-8.054414,50,338.58109
-7.852384,50,338.605663
-14.426342,50,338.639083
-8.315055,50,338.664036
-8.320627,50,338.695432
-8.316162,50,338.739156
-9.285255,50,338.770393
-10.300781,50,338.797173
-11.090028,50,338.834758
-10.422942,50,338.875992
-10.01988,50,338.90916
-7.740905,50,338.93217
-13.199822,50,338.963703
-12.483877,50,338.991676
-11.359559,50,339.017727
-14.694032,50,339.043751
-10.404414,50,339.072958
-10.405799,50,339.10198
-12.67036,50,339.136493
-8.86725,50,339.160013
-12.764507,50,339.201822
-12.474397,50,339.24239
-14.639565,50,339.279439
-11.964847,50,339.319762
-8.792286,50,339.357061
-9.74235,50,339.399748
-9.012785,50,339.440351
-10.832147,50,339.481143
-11.335281,50,339.521554
-8.590004,50,339.559301
-9.26347,50,340.252037
-11.544011,50,340.291864
-15.701161,50,340.330146
-9.131521,50,340.371281
-10.305081,50,340.401768
-11.950447,50,340.44502
-9.745936,50,340.481566
-9.437319,50,340.525787
-11.460342,50,340.562486
-13.312135,50,340.6046
-14.961783,50,340.647377
-8.507925,50,340.682542
-9.929099,50,340.721398
-13.589569,50,340.751393
-10.108664,50,340.773733
-13.509037,50,340.800542
-10.647523,50,340.839638
-8.470267,50,340.876966
-12.509483,50,340.909228
-10.550381,50,340.9441
-14.238138,50,340.966539
-8.747762,50,341.00719
-11.537359,50,341.035233
-8.596846,50,341.062265
-15.374013,50,341.099033
-9.575083,50,341.132179
-8.864551,50,341.158996
-15.745263,50,341.185865
-14.213987,50,341.212811
-11.162823,50,341.247876
-10.990781,50,341.292153
-9.956787,50,341.331914
-14.04599,50,341.36861
-14.275248,50,341.409558
-10.579666,50,341.446375
-12.494451,50,341.484592
-14.981021,50,341.52427
-12.690605,50,341.548934
-8.396264,50,341.579696
-14.839343,50,341.61794
-8.658477,50,341.658687
-14.24053,50,342.321569
-14.684167,50,342.360598
-7.686456,50,342.402643
-10.527168,50,342.442374
-16.53232,50,342.477565
-15.286132,50,342.520949
-8.73099,50,342.550739
-15.165897,50,342.586339
-13.365277,50,342.62363
-15.035487,50,342.661914
-13.367347,50,342.690092
-9.808682,50,342.721338
-13.95259,50,342.751225
-12.206028,50,342.793047
-10.847679,50,342.833426
-10.653635,50,342.871149
-11.601125,50,342.912032
-9.141599,50,342.952178
-9.260262,50,342.989251
-12.281792,50,343.018474
-11.157275,50,343.063793
-14.126649,50,343.098847
-11.94448,50,343.133531
-8.755532,50,343.177398
-13.956445,50,343.210829
-8.854593,50,343.251673
-13.493867,50,343.286447
-11.23497,50,343.327508
-8.299188,50,343.369748
-9.698609,50,343.406186
-9.972634,50,343.4486
-8.428374,50,343.486949
-10.698936,50,343.517411
-10.967344,50,343.549141
-10.41763,50,343.588818
-9.381036,50,343.621363
-12.775713,50,343.654702
-9.016891,50,343.683082
-12.300622,50,343.706906
-8.595781,50,343.732042
-9.152358,50,343.757239
-14.913352,50,344.503726
-10.188766,50,344.541545
-8.765737,50,344.581491
-8.865479,50,344.623636
-8.06868,50,344.664761
-11.734484,50,344.700748
-8.336533,50,344.73149
-10.273192,50,344.762718
-12.806327,50,344.797978
-10.648981,50,344.830246
-8.127685,50,344.868797
-10.948299,50,344.897446
-9.19876,50,344.940717
-9.600083,50,344.971477
-12.288271,50,345.009649
-9.27382,50,345.038517
-13.041968,50,345.06807
-8.549257,50,345.094513
-9.663554,50,345.121557
-10.864492,50,345.143614
-9.393326,50,345.174904
-8.712877,50,345.212547
-10.382225,50,345.243635
-8.241727,50,345.284667
-12.082758,50,345.31514
-8.888099,50,345.354375
-10.875371,50,345.382545
-10.144153,50,345.414646
-10.480621,50,345.45425
-13.749108,50,345.486667
-12.894487,50,345.525935
-12.326849,50,345.566915
-11.571581,50,345.606619
-11.81882,50,345.636387
-8.407651,50,345.657706
-9.744327,50,345.698231
-11.771994,50,345.730668
-8.853729,50,345.760012
-9.61936,50,345.788364
-12.505692,50,345.816884
-10.046393,50,345.843266
-11.048572,50,346.532752
-8.097743,50,346.570721
-11.402373,50,346.611368
-8.508238,50,346.651182
-9.726798,50,346.688685
-11.141247,50,346.72557
-7.855393,50,346.766347
-14.663498,50,346.806061
-11.629162,50,346.844352
-10.599595,50,346.87445
-12.697333,50,346.898907
-14.629393,50,346.934408
-12.39092,50,346.972411
-7.783772,50,347.008549
-9.676624,50,347.052311
-12.437349,50,347.089778
-8.878938,50,347.124616
-11.645313,50,347.153605
-12.96079,50,347.17753
-13.496663,50,347.201872
-13.671191,50,347.244666
-8.272228,50,347.270806
-9.101708,50,347.293458
-9.306165,50,347.331107
-8.574794,50,347.360006
-9.252555,50,347.392025
-10.943517,50,347.419277
-10.553628,50,347.4608
-8.44282,50,347.500002
-16.26776,50,347.542262
-15.067789,50,347.586547
-16.439777,50,347.625997
-12.014099,50,347.663591
-11.875764,50,347.706607
-10.185219,50,347.743369
-15.947826,50,347.783102
-10.64198,50,347.824224
-8.600393,50,347.856344
-12.021734,50,347.881864
-9.205427,50,347.904615
-8.271219,50,347.937413
-12.08881,50,348.699568
-12.407874,50,348.736747
-15.756136,50,348.777347
-8.205651,50,348.814372
-12.317676,50,348.855168
-13.040688,50,348.892155
-10.163948,50,348.93401
-8.934643,50,348.973196
-13.018756,50,349.010161
-13.091415,50,349.049474
-9.131639,50,349.089069
-9.514332,50,349.125351
-8.458783,50,349.154043
-10.392159,50,349.180441
-9.484992,50,349.219417
-15.359915,50,349.250642
-11.081748,50,349.291261
-8.059465,50,349.33047
-11.775857,50,349.352993
-11.115745,50,349.381623
-12.675551,50,349.414214
-12.600067,50,349.438123
-13.314078,50,349.476497
-11.021994,50,349.503778
-8.404368,50,349.53883
-14.793421,50,349.577133
-9.722721,50,349.606768
-9.077949,50,349.636942
-12.553106,50,349.673146
-13.480988,50,349.706719
-13.104626,50,349.746841
-8.889057,50,349.783938
-15.71817,50,349.826053
-9.508914,50,349.863563
-8.232639,50,349.890999
-8.465307,50,349.92111
-8.989704,50,349.959375
-11.121841,50,349.997823
-11.335785,50,350.038913
-8.638155,50,350.066285
-16.175939,50,350.090962
-11.350799,50,350.720516
-8.795689,50,350.762353
-7.93574,50,350.798933
-8.886026,50,350.838026
-11.831742,50,350.878088
-8.115516,50,350.914163
-11.336799,50,350.951499
-14.343522,50,350.994769
-8.569869,50,351.035234
-10.686337,50,351.071408
-15.67606,50,351.108896
-7.916506,50,351.146111
-12.040229,50,351.175915
-15.431221,50,351.205902
-15.742228,50,351.232203
-12.827653,50,351.268867
-15.106904,50,351.30177
-8.429664,50,351.342225
-11.519216,50,351.377961
-14.303117,50,351.40652
-9.560216,50,351.452506
-13.230685,50,351.489084
-10.98186,50,351.529407
-12.837886,50,351.56251
-8.863399,50,351.589692
-15.002361,50,351.62786
-10.924007,50,351.65492
-11.036663,50,351.680373
-11.718309,50,351.700845
-14.218798,50,351.720897
-15.264374,50,351.742336
-8.09886,50,351.776128
-12.284737,50,351.810321
-15.631007,50,351.839896
-9.208954,50,351.880608
-8.069934,50,351.913663
-9.444502,50,351.956149
-10.43851,50,351.983088
-8.155818,50,352.00805
-10.954994,50,352.040353
-15.831231,50,352.083652
-16.205551,50,352.717953
-9.418628,50,352.757079
-9.476545,50,352.79765
-12.541357,50,352.837349
-8.250495,50,352.880151
-8.29121,50,352.918341
-8.468122,50,352.953806
-9.389163,50,352.986243
-8.461479,50,353.014217
-8.418949,50,353.039136
-9.914207,50,353.071666
-8.599779,50,353.103756
-12.546983,50,353.125853
-11.200726,50,353.14773
-8.563522,50,353.174727
-9.467127,50,353.199553
-11.64212,50,353.231133
-14.064713,50,353.256203
-8.252412,50,353.282948
-14.127351,50,353.306911
-12.080541,50,353.334859
-10.779318,50,353.366796
-13.754344,50,353.39408
-14.170227,50,353.431997
-13.84107,50,353.459339
-12.47637,50,353.499555
-12.726657,50,353.537975
-8.975553,50,353.576726
-9.333812,50,353.603332
-10.227704,50,353.62884
-9.637709,50,353.652771
-14.281219,50,353.692441
-14.961265,50,353.729318
-8.468089,50,353.772879
-9.705356,50,353.812664
-9.034627,50,353.853232
-8.998013,50,353.887328
-13.006066,50,353.919585
-15.147513,50,353.957481
-10.878742,50,353.995712
-8.966983,50,354.017796
-9.284405,50,354.632207
-8.988001,50,354.66199
-9.842103,50,354.690925
-11.003531,50,354.726377
-14.275906,50,354.768315
-11.148393,50,354.809306
-10.284875,50,354.84612
-11.84952,50,354.88738
-8.772029,50,354.925604
-9.879729,50,354.966112
-16.147245,50,355.003917
-8.888194,50,355.039681
-10.645674,50,355.067709
-12.859073,50,355.09782
-11.027258,50,355.13809
-10.615482,50,355.170973
-8.224901,50,355.204552
-7.887811,50,355.238542
-8.46415,50,355.264291
-11.144291,50,355.287999
-8.557405,50,355.30927
-13.617621,50,355.338385
-11.45897,50,355.367405
-14.787195,50,355.395755
-10.45933,50,355.428478
-10.040387,50,355.459117
-9.775196,50,355.487256
-15.623417,50,355.5146
-12.8924,50,355.543723
-10.575849,50,355.572408
-9.139497,50,355.603599
-11.83721,50,355.625198
-12.840582,50,355.657527
-8.743941,50,355.699269
-8.804843,50,355.720842
-8.597821,50,355.756403
-15.362098,50,355.798849
-8.713615,50,355.836474
-14.103198,50,355.865348
-9.387632,50,355.898608
-14.193585,50,355.929368
-9.277761,50,356.607531
-10.522174,50,356.637286
-12.189735,50,356.679709
-12.636973,50,356.708835
-8.478234,50,356.744104
-12.102607,50,356.784757
-10.311959,50,356.824405
-15.47738,50,356.863101
-10.193764,50,356.904034
-14.427373,50,356.94262
-11.777906,50,356.986386
-9.750362,50,357.019386
-13.514265,50,357.051084
-9.672907,50,357.080901
-15.456668,50,357.111557
-15.257533,50,357.142924
-14.702861,50,357.173569
-9.338586,50,357.209588
-9.730828,50,357.235705
-11.323089,50,357.276393
-10.229063,50,357.304526
-11.652633,50,357.330876
-10.599129,50,357.358689
-11.076898,50,357.39221
-8.786519,50,357.416386
-10.614374,50,357.454031
-11.253601,50,357.482674
-11.800725,50,357.51651
-13.345975,50,357.551616
-13.667673,50,357.586094
-13.989219,50,357.616643
-7.767652,50,357.652312
-11.687772,50,357.678543
-12.503667,50,357.710578
-12.010294,50,357.754154
-8.984381,50,357.792319
-9.58802,50,357.830906
-9.609775,50,357.872304
-11.422595,50,357.910342
-8.612228,50,357.949285
-8.684631,50,357.989676
-12.995007,50,358.729393
-12.987987,50,358.764672
-10.531446,50,358.804457
-11.876766,50,358.84261
-11.228435,50,358.884495
-9.846959,50,358.921583
-8.544143,50,358.962225
-11.98612,50,359.001692
-15.471412,50,359.038707
-12.595249,50,359.076506
-11.563489,50,359.115449
-13.274836,50,359.155907
-12.595658,50,359.195076
-9.336143,50,359.232961
-11.118094,50,359.271982
-11.589282,50,359.307402
-13.144784,50,359.34015
-13.013156,50,359.372633
-8.982015,50,359.407798
-9.949148,50,359.443651
-14.585631,50,359.473429
-11.532722,50,359.49664
-14.374669,50,359.533566
-13.616733,50,359.563987
-9.222166,50,359.593947
-11.215681,50,359.620815
-10.151169,50,359.642513
-9.382562,50,359.66613
-12.357469,50,359.690296
-11.776365,50,359.716196
-10.632174,50,359.738199
-11.48281,50,359.779571
-13.97363,50,359.823593
-12.996672,50,359.866142
-12.25292,50,359.905119
-14.676313,50,359.943302
-15.385646,50,359.984814
-8.40291,50,360.02709
-8.59926,50,360.065436
-9.910937,50,360.102979
-9.245318,50,360.128034
-10.924477,50,360.898298
-7.867898,50,360.94172
-12.074267,50,360.981741
-10.693096,50,361.015458
-8.415228,50,361.058661
-8.49107,50,361.100565
-8.727454,50,361.144437
-14.877084,50,361.183169
-15.110607,50,361.225843
-8.790491,50,361.264555
-12.356353,50,361.304621
-12.851716,50,361.342267
-10.799537,50,361.3821
-12.589162,50,361.420959
-11.384982,50,361.461531
-10.716127,50,361.487182
-10.865604,50,361.512046
-12.670732,50,361.537306
-15.478507,50,361.568747
-12.35516,50,361.606747
-8.942085,50,361.633592
-12.74916,50,361.656981
-14.210017,50,361.682094
-11.574908,50,361.705536
-11.018979,50,361.73227
-12.889643,50,361.766691
-14.601437,50,361.807253
-10.098109,50,361.829957
-9.043612,50,361.849948
-14.388111,50,361.870496
-10.457515,50,361.915586
-10.430415,50,361.954062
-10.852194,50,361.996957
-9.416038,50,362.035228
-10.295309,50,362.072656
-8.206477,50,362.110674
-12.859442,50,362.14721
-10.170376,50,362.184727
-12.786166,50,362.225872
-13.491259,50,362.264298
-10.756602,50,362.303535
-12.524815,50,362.948853
-8.878952,50,362.986904
-11.823253,50,363.027616
-8.902997,50,363.067662
-12.775165,50,363.105244
-11.768948,50,363.144564
-11.732013,50,363.182723
-13.989855,50,363.219616
-9.360209,50,363.2526
-8.884981,50,363.285588
-9.490875,50,363.314807
-14.603764,50,363.351719
-14.624875,50,363.387144
-9.904736,50,363.409922
-16.192174,50,363.437082
-8.932664,50,363.461732
-13.693143,50,363.499098
-9.68001,50,363.52596
-13.714468,50,363.554233
-13.823013,50,363.585551
-11.967689,50,363.609952
-13.718217,50,363.645792
-13.454871,50,363.675789
-16.692496,50,363.706618
-11.737997,50,363.730668
-13.26219,50,363.752286
-11.505336,50,363.78347
-8.093793,50,363.821809
-12.38934,50,363.859359
-8.799377,50,363.895303
-14.574202,50,363.938267
-11.187788,50,363.977545
-8.848778,50,364.016453
-11.066577,50,364.054319
-9.619159,50,364.089367
-13.895858,50,364.133007
-15.50116,50,364.172217
-10.947211,50,364.21135
-13.836684,50,364.251697
-9.966614,50,364.29154
-8.75269,50,364.333536
-11.293798,50,365.005727
-9.626335,50,365.04567
-11.486412,50,365.079557
-10.522652,50,365.122678
-9.298574,50,365.161993
-9.206585,50,365.200879
-10.725177,50,365.241466
-10.105856,50,365.271514
-8.775471,50,365.305602
-8.138674,50,365.331314
-9.641105,50,365.368606
-11.16827,50,365.394913
-8.949788,50,365.437429
-8.496327,50,365.465834
-11.063466,50,365.496745
-10.270181,50,365.536674
-12.458785,50,365.572316
-8.073781,50,365.598708
-10.569046,50,365.640594
-14.06207,50,365.673783
-9.5832,50,365.700023
-13.439384,50,365.727916
-8.322012,50,365.759427
-9.599082,50,365.793073
-12.06466,50,365.815928
-12.406084,50,365.859976
-11.82896,50,365.894282
-9.540015,50,365.929617
-14.46074,50,365.958149
-15.570027,50,365.998476
-11.201438,50,366.042498
-10.58542,50,366.08327
-14.867177,50,366.120942
-12.874522,50,366.147149
-12.449006,50,366.183994
-10.155361,50,366.207525
-9.467209,50,366.232524
-14.356348,50,366.262634
-10.481744,50,366.291858
-9.776038,50,366.317291
-12.206019,50,366.358256
-9.196898,50,367.363717
-8.731053,50,367.401971
-14.483425,50,367.432029
-10.155646,50,367.470509
-9.429089,50,367.510272
-9.805941,50,367.551374
-9.708649,50,367.58999
-10.139217,50,367.631878
-10.966936,50,367.659627
-9.520704,50,367.695472
-9.423387,50,367.737092
-9.555295,50,367.766072
-8.961529,50,367.795897
-11.712822,50,367.82744
-11.734871,50,367.853347
-13.452043,50,367.876255
-12.456408,50,367.898943
-11.653721,50,367.920594
-9.101965,50,367.948721
-13.450223,50,367.976445
-12.159098,50,367.999625
-9.728929,50,368.022315
-8.884979,50,368.056972
-9.557559,50,368.079559
-13.592829,50,368.102688
-9.534072,50,368.130157
-13.634091,50,368.155603
-15.625047,50,368.180371
-8.726049,50,368.204654
-15.261971,50,368.250009
-14.602267,50,368.282924
-10.147455,50,368.320551
-10.768258,50,368.36163
-13.96572,50,368.402875
-9.549567,50,368.444218
-15.031469,50,368.484718
-12.968059,50,368.524221
-10.502844,50,368.557678
-10.686499,50,368.583344
-9.069538,50,368.614573
-11.758356,50,368.647109
-12.495168,50,369.262916
-10.746242,50,369.288741
-15.767748,50,369.319552
-8.829532,50,369.345598
-9.21975,50,369.382529
-14.485452,50,369.424428
-14.501846,50,369.461937
-13.295579,50,369.502628
-13.382371,50,369.538866
-9.684593,50,369.575451
-12.755572,50,369.607527
-14.965323,50,369.635333
-14.063346,50,369.66487
-15.514218,50,369.693223
-12.552984,50,369.721366
-15.506772,50,369.749177
-13.588388,50,369.777833
-16.044573,50,369.822308
-9.745815,50,369.853432
-10.595632,50,369.890379
-13.102077,50,369.920085
-10.782162,50,369.941758
-11.632871,50,369.962148
-9.418107,50,369.98591
-11.385561,50,370.02094
-9.917426,50,370.050393
-8.772027,50,370.079926
-9.689761,50,370.113405
-12.948672,50,370.144818
-13.412322,50,370.171198
-9.348604,50,370.203614
-9.16104,50,370.228805
-10.96233,50,370.251517
-16.025982,50,370.27889
-8.208612,50,370.312802
-13.419246,50,370.337854
-10.829303,50,370.373929
-16.677908,50,370.414513
-8.468144,50,370.454574
-10.399335,50,370.492796
-8.598868,50,370.533503
-8.543947,50,371.400898
-8.002139,50,371.439268
-14.041261,50,371.480721
-10.297781,50,371.520289
-7.903072,50,371.561381
-10.954584,50,371.599552
-12.367157,50,371.640292
-16.19889,50,371.677683
-9.679573,50,371.715353
-9.268444,50,371.757435
-12.695036,50,371.794448
-11.10698,50,371.835983
-7.887602,50,371.877096
-11.404479,50,371.915442
-8.390696,50,371.943417
-9.093158,50,371.967926
-11.767341,50,372.005181
-10.605087,50,372.043189
-8.540371,50,372.075552
-15.761649,50,372.097863
-14.68101,50,372.1377
-17.027553,50,372.174592
-10.074365,50,372.204275
-11.071266,50,372.228239
-8.791456,50,372.258812
-9.462162,50,372.288529
-11.265534,50,372.317746
-12.046039,50,372.344786
-9.729156,50,372.384699
-16.888527,50,372.425664
-9.181593,50,372.463083
-11.274112,50,372.50066
-13.068777,50,372.542283
-9.371053,50,372.580122
-8.367879,50,372.613658
-9.463954,50,372.654376
-10.065556,50,372.696676
-10.460544,50,372.735763
-9.196861,50,372.772961
-15.9415,50,372.799825
-9.304453,50,373.789376
-12.227767,50,373.82652
-11.161236,50,373.866464
-11.791579,50,373.905726
-13.985984,50,373.942513
-13.135085,50,373.97908
-10.86271,50,374.019805
-11.938989,50,374.060479
-10.617006,50,374.101762
-11.844646,50,374.139098
-12.656664,50,374.171031
-15.774924,50,374.2096
-13.867813,50,374.236346
-9.421226,50,374.272605
-11.495564,50,374.31156
-12.122275,50,374.351259
-14.505078,50,374.384943
-9.57762,50,374.424623
-7.849156,50,374.446456
-13.179597,50,374.485916
-12.163788,50,374.510595
-14.842981,50,374.532706
-10.847349,50,374.568401
-11.495957,50,374.592488
-9.988819,50,374.613886
-8.926661,50,374.651572
-13.688686,50,374.693373
-13.645378,50,374.731039
-8.404816,50,374.770253
-14.466891,50,374.802509
-12.307258,50,374.840703
-8.462357,50,374.881069
-15.264893,50,374.921088
-15.380805,50,374.96218
-11.753217,50,375.004203
-8.963731,50,375.045958
-10.390773,50,375.084125
-12.38418,50,375.119526
-15.070374,50,375.150598
-16.707761,50,375.185565
-12.296536,50,375.223686
-16.470882,50,375.912107
-11.887562,50,375.951504
-10.470982,50,375.992412
-15.375496,50,376.033527
-8.522268,50,376.073601
-11.731416,50,376.112234
-11.711479,50,376.15219
-11.359902,50,376.188369
-10.328058,50,376.228033
-13.055927,50,376.267237
-12.314708,50,376.301454
-15.902971,50,376.33163
-11.324251,50,376.366286
-14.103988,50,376.398431
-10.973536,50,376.435723
-9.163827,50,376.468593
-9.704244,50,376.494701
-8.526262,50,376.534471
-15.481005,50,376.567907
-8.691636,50,376.603138
-10.776397,50,376.636665
-15.547813,50,376.662299
-9.255515,50,376.685066
-13.786996,50,376.71391
-8.919386,50,376.736957
-10.27024,50,376.760103
-13.445247,50,376.798012
-11.169446,50,376.819714
-8.025415,50,376.856737
-9.870548,50,376.891312
-14.371462,50,376.932991
-9.451899,50,376.972578
-8.668413,50,377.011695
-11.056473,50,377.052753
-7.93105,50,377.088569
-10.893135,50,377.131585
-10.222684,50,377.172304
-8.78303,50,377.211326
-9.672273,50,377.253546
-12.142685,50,377.293704
-10.604316,50,377.32991
-10.171341,50,378.030866
-10.085012,50,378.071114
-14.471013,50,378.11076
-12.727707,50,378.155111
-9.467064,50,378.195451
-9.552011,50,378.234848
-8.715103,50,378.276458
-10.139918,50,378.317333
-10.094094,50,378.357486
-8.242462,50,378.395076
-11.016419,50,378.435417
-10.550292,50,378.476152
-9.689316,50,378.511122
-10.234511,50,378.547816
-13.406821,50,378.582484
-10.303592,50,378.62067
-12.808,50,378.656314
-7.771348,50,378.696157
-8.621799,50,378.722239
-11.503932,50,378.753564
-11.236934,50,378.778519
-13.448113,50,378.813538
-9.432945,50,378.840687
-9.757427,50,378.870292
-11.763893,50,378.893194
-9.29793,50,378.932377
-9.7026,50,378.971378
-9.171644,50,379.000214
-10.022806,50,379.034678
-11.381412,50,379.073918
-11.235996,50,379.115222
-13.287588,50,379.153813
-12.753369,50,379.19293
-9.530188,50,379.231644
-15.192783,50,379.275927
-7.901325,50,379.314538
-8.252139,50,379.353635
-8.233071,50,379.391229
-10.083946,50,379.432958
-11.295126,50,379.466471
-14.899501,50,379.489696
-10.533294,50,380.230919
-9.889903,50,380.268674
-13.091979,50,380.310981
-8.974759,50,380.346533
-11.754848,50,380.38365
-9.595758,50,380.423506
-8.33439,50,380.465035
-10.864862,50,380.49731
-9.705864,50,380.533431
-9.552479,50,380.571772
-16.343807,50,380.600173
-10.508274,50,380.629652
-9.14442,50,380.669696
-16.591477,50,380.706865
-10.343077,50,380.740741
-11.243969,50,380.766653
-15.311621,50,380.796045
-9.523222,50,380.818506
-13.610159,50,380.844984
-10.83605,50,380.877685
-11.489784,50,380.913548
-9.197856,50,380.9514
-12.058775,50,380.993917
-10.319383,50,381.024618
-9.656805,50,381.063077
-10.153522,50,381.102984
-10.825692,50,381.130968
-10.010995,50,381.173547
-10.428493,50,381.2116
-10.698677,50,381.252225
-12.268872,50,381.291203
-9.170307,50,381.334299
-9.640894,50,381.370592
-8.178246,50,381.408427
-13.81735,50,381.449097
-10.67304,50,381.487518
-8.399859,50,381.518754
-9.338786,50,381.552532
-8.701725,50,381.580431
-11.012875,50,381.617646
-13.681224,50,381.646483
-11.235028,50,382.369994
-12.286383,50,382.394264
-9.890746,50,382.418042
-9.229441,50,382.443124
-12.906945,50,382.484031
-15.542682,50,382.524116
-16.249827,50,382.563453
-14.383502,50,382.603439
-15.927752,50,382.641186
-11.411822,50,382.672696
-12.533165,50,382.70785
-11.148529,50,382.747398
-8.992594,50,382.77546
-8.565384,50,382.806746
-9.787189,50,382.842902
-10.920589,50,382.86975
-14.74161,50,382.898026
-11.345282,50,382.927737
-8.145008,50,382.956439
-9.326586,50,382.999871
-11.851402,50,383.025276
-12.584089,50,383.053344
-10.82893,50,383.085604
-8.740692,50,383.127339
-13.463622,50,383.16529
-11.066219,50,383.203472
-9.390017,50,383.230289
-14.130692,50,383.266385
-8.386285,50,383.299965
-8.9275,50,383.326215
-14.214495,50,383.359513
-9.063418,50,383.39949
-12.250943,50,383.437098
-11.815562,50,383.477634
-10.470283,50,383.515162
-10.878254,50,383.554652
-10.9214,50,383.587448
-12.512413,50,383.619381
-9.065174,50,383.660217
-11.160158,50,383.684295
-11.534766,50,383.721468
-16.157165,50,384.456987
-10.535348,50,384.494785
-9.299623,50,384.533188
-13.094955,50,384.572918
-11.312965,50,384.611752
-14.223336,50,384.647385
-12.359527,50,384.686544
-10.485981,50,384.718163
-15.812759,50,384.739649
-15.742166,50,384.778352
-11.356769,50,384.814834
-8.198611,50,384.855426
-12.343756,50,384.895799
-14.335903,50,384.935283
-16.406555,50,384.969028
-9.584716,50,384.998275
-11.531421,50,385.025944
-9.72706,50,385.058
-16.017539,50,385.080648
-14.214985,50,385.100961
-9.034423,50,385.129319
-11.482721,50,385.151963
-9.252561,50,385.184074
-9.210455,50,385.206537
-12.119885,50,385.232458
-10.581028,50,385.254878
-8.282273,50,385.276836
-9.762064,50,385.307298
-11.565983,50,385.350215
-8.265501,50,385.386893
-12.215991,50,385.419348
-12.273345,50,385.457247
-15.602837,50,385.498285
-9.688019,50,385.537047
-10.302596,50,385.576491
-8.802229,50,385.614141
-9.98096,50,385.655674
-13.076659,50,385.697965
-8.225361,50,385.737586
-14.142659,50,385.779255
-8.988781,50,385.814613
-8.791082,50,386.54879
-14.455865,50,386.585024
-14.704791,50,386.622285
-7.862316,50,386.664871
-15.319689,50,386.70405
-10.201505,50,386.74324
-12.092318,50,386.78359
-14.617347,50,386.825925
-12.394244,50,386.863608
-13.77152,50,386.900351
-11.303467,50,386.927426
-10.673268,50,386.96329
-9.122675,50,386.998008
-8.588842,50,387.034906
-12.310346,50,387.063801
-14.875306,50,387.096561
-9.794723,50,387.139334
-9.311863,50,387.166004
-10.731339,50,387.202628
-8.998697,50,387.236036
-8.271347,50,387.268465
-8.887125,50,387.306267
-10.623434,50,387.339113
-10.074052,50,387.376429
-10.451253,50,387.406355
-9.729149,50,387.439717
-9.898604,50,387.476974
-12.591137,50,387.504024
-8.337934,50,387.540912
-11.350833,50,387.574528
-11.740239,50,387.614462
-9.060623,50,387.6473
-12.658426,50,387.688011
-8.721186,50,387.722685
-12.935986,50,387.761817
-13.37049,50,387.792719
-16.328702,50,387.822244
-9.593172,50,387.850723
-11.828905,50,387.8904
-10.282188,50,387.924673
-9.448342,50,387.956948
-9.373069,50,388.618026
-13.321462,50,388.656609
-10.780722,50,388.694655
-9.776631,50,388.734342
-12.741111,50,388.771177
-12.788519,50,388.816507
-9.996719,50,388.854279
-8.749163,50,388.894861
-9.486721,50,388.923349
-14.332408,50,388.956282
-10.172765,50,388.995761
-12.235337,50,389.031541
-15.049128,50,389.06936
-14.891591,50,389.105893
-16.620978,50,389.140187
-13.80809,50,389.171551
-8.906433,50,389.19191
-12.181275,50,389.235928
-8.501278,50,389.272773
-12.317753,50,389.30646
-9.766774,50,389.340604
-10.828465,50,389.376343
-12.704825,50,389.410722
-10.648032,50,389.444692
-10.937926,50,389.48283
-10.988011,50,389.52633
-16.068427,50,389.557173
-8.295126,50,389.585545
-13.079315,50,389.613132
-10.370164,50,389.650488
-16.502587,50,389.694811
-9.195968,50,389.731385
-10.825009,50,389.772253
-11.084463,50,389.805451
-9.768443,50,389.840664
-12.496665,50,389.869712
-13.794793,50,389.907807
-15.833931,50,389.940875
-12.629593,50,389.969271
-10.191864,50,390.005327
-11.96089,50,390.032342
