#{"t_start": 1765911605.7505503, "env_id": "Reacher-v4"}
r,l,t
-60.355465,50,0.033702
-63.015434,50,0.057093
-59.660471,50,0.080059
-67.884861,50,0.102546
-66.320862,50,0.124227
-60.961667,50,0.146752
-55.594473,50,0.168289
-66.912184,50,0.189686
-64.436817,50,0.210067
-60.325823,50,0.229915
-60.234556,50,0.254599
-66.853318,50,0.279303
-57.237187,50,0.303977
-61.796233,50,0.338766
-67.707917,50,0.371481
-58.17812,50,0.401475
-64.398521,50,0.430492
-58.686952,50,0.463574
-61.528782,50,0.500794
-66.160134,50,0.528849
-56.394756,50,0.558322
-60.257654,50,0.595002
-59.592497,50,0.617073
-62.073669,50,0.645051
-62.302064,50,0.677873
-59.916188,50,0.708133
-62.660394,50,0.742911
-60.760624,50,0.780701
-65.139462,50,0.812935
-57.362278,50,0.837256
-58.614829,50,0.874604
-62.060252,50,0.910245
-58.308218,50,0.932191
-53.914283,50,0.954453
-53.41049,50,0.976905
-77.045833,50,0.99927
-45.648474,50,1.021747
-65.348777,50,1.051495
-65.655207,50,1.09315
-60.567728,50,1.127922
-66.931861,50,1.918906
-58.55053,50,1.95551
-68.708719,50,1.993153
-58.174002,50,2.032099
-56.904511,50,2.073282
-61.57008,50,2.112179
-58.677418,50,2.150461
-53.709659,50,2.179721
-63.822631,50,2.210392
-55.618218,50,2.245302
-68.167037,50,2.270645
-54.831478,50,2.306763
-55.294441,50,2.343578
-65.34004,50,2.379299
-59.570287,50,2.409549
-58.596263,50,2.445078
-60.866997,50,2.481469
-54.090454,50,2.51925
-66.266362,50,2.546819
-59.092241,50,2.574188
-59.705188,50,2.600522
-50.107898,50,2.621686
-57.397952,50,2.662771
-60.714035,50,2.702363
-60.906613,50,2.745949
-61.492943,50,2.786113
-55.655598,50,2.818297
-61.705448,50,2.846949
-54.384892,50,2.887077
-63.553683,50,2.914
-61.805368,50,2.955621
-66.827654,50,2.997338
-64.124354,50,3.034728
-52.129068,50,3.073992
-59.024127,50,3.113955
-60.410491,50,3.152183
-63.671549,50,3.190436
-63.307267,50,3.228378
-60.714052,50,3.26533
-50.097899,50,3.301989
-54.802925,50,3.336645
-61.280633,50,4.087015
-55.011423,50,4.124717
-57.194157,50,4.166775
-52.107324,50,4.205605
-65.605563,50,4.243956
-60.557228,50,4.284079
-55.821979,50,4.322951
-50.242711,50,4.359969
-48.467743,50,4.398469
-60.997796,50,4.439629
-56.868855,50,4.475318
-56.631033,50,4.51388
-59.45868,50,4.555479
-56.9935,50,4.585877
-52.509005,50,4.628494
-53.516619,50,4.667199
-52.950272,50,4.698182
-60.472249,50,4.731721
-62.206038,50,4.757039
-58.993188,50,4.787282
-52.883347,50,4.83059
-51.586564,50,4.867061
-63.347607,50,4.905081
-59.981864,50,4.944659
-60.706836,50,4.982143
-60.760498,50,5.00819
-55.26775,50,5.037743
-52.840436,50,5.071259
-62.572206,50,5.114217
-55.404157,50,5.151357
-48.384052,50,5.189483
-57.829219,50,5.222867
-53.595944,50,5.261285
-62.628059,50,5.287519
-51.34546,50,5.326876
-57.869401,50,5.359323
-52.777847,50,5.391249
-61.577996,50,5.426606
-54.379107,50,5.452321
-60.852891,50,5.474624
-54.749472,50,5.499546
-55.159194,50,6.339184
-50.942382,50,6.380598
-62.046782,50,6.420363
-62.991009,50,6.45823
-56.369083,50,6.496227
-54.663102,50,6.536978
-50.934005,50,6.573195
-54.371397,50,6.610471
-61.028403,50,6.648058
-54.851755,50,6.687371
-55.862396,50,6.723069
-55.534063,50,6.758988
-60.094588,50,6.786266
-52.60168,50,6.824641
-65.1456,50,6.852961
-56.842209,50,6.894059
-50.309419,50,6.932771
-51.694889,50,6.974382
-58.912831,50,7.000612
-50.568583,50,7.026099
-56.200992,50,7.064358
-56.173547,50,7.10926
-55.976188,50,7.145712
-48.633542,50,7.17333
-54.951701,50,7.203361
-57.453604,50,7.226931
-54.664627,50,7.259058
-57.828963,50,7.281088
-51.945764,50,7.310534
-55.403706,50,7.342415
-53.736772,50,7.380144
-48.761238,50,7.418613
-50.439253,50,7.460908
-49.114206,50,7.48883
-51.705075,50,7.513925
-62.513175,50,7.537562
-50.976437,50,7.573301
-60.350162,50,7.604498
-50.120325,50,7.631912
-58.9268,50,7.661501
-60.782291,50,7.688071
-64.286367,50,8.53083
-44.38144,50,8.558347
-47.723629,50,8.598195
-54.033467,50,8.63112
-62.22523,50,8.673616
-56.379189,50,8.71361
-58.896114,50,8.75224
-49.747245,50,8.7918
-53.016747,50,8.8314
-51.332093,50,8.867129
-56.952636,50,8.90606
-49.328078,50,8.946282
-44.83018,50,8.985366
-60.794546,50,9.017702
-54.870388,50,9.042023
-58.415056,50,9.065477
-51.645562,50,9.108222
-57.894872,50,9.144244
-50.745365,50,9.178834
-49.959815,50,9.212149
-53.059185,50,9.246876
-53.900631,50,9.282633
-47.052337,50,9.3146
-60.421364,50,9.345598
-51.66517,50,9.38603
-52.832086,50,9.42239
-57.562846,50,9.455251
-56.272817,50,9.479383
-49.23184,50,9.516851
-50.124291,50,9.559563
-53.091296,50,9.600626
-49.230934,50,9.635637
-51.284739,50,9.67791
-48.020841,50,9.714358
-53.645022,50,9.755122
-56.507133,50,9.79315
-54.060262,50,9.83374
-53.139068,50,9.867932
-51.951875,50,9.902235
-42.204286,50,9.933208
-55.323123,50,9.964698
-54.065017,50,10.92234
-59.124308,50,10.95865
-54.607384,50,10.999065
-43.364356,50,11.039333
-51.825341,50,11.080555
-53.736833,50,11.116778
-50.795883,50,11.155335
-53.753837,50,11.193065
-48.651996,50,11.235239
-48.600873,50,11.271375
-40.838141,50,11.303092
-53.361592,50,11.33435
-38.45779,50,11.369813
-58.462945,50,11.397878
-54.340019,50,11.426122
-48.659927,50,11.459482
-55.825748,50,11.492715
-48.642176,50,11.516653
-51.263468,50,11.541709
-47.068401,50,11.569438
-53.934622,50,11.598158
-62.97778,50,11.633627
-52.191642,50,11.660437
-52.181055,50,11.688406
-54.946294,50,11.717713
-50.566963,50,11.753756
-47.029201,50,11.78562
-48.416699,50,11.814064
-48.617439,50,11.853781
-55.966484,50,11.885548
-56.715478,50,11.908209
-52.653825,50,11.949708
-58.439673,50,11.988542
-45.111186,50,12.027694
-53.832349,50,12.062326
-52.510992,50,12.099895
-60.180613,50,12.138624
-45.058769,50,12.177083
-58.956732,50,12.215202
-52.827119,50,12.251266
-45.48434,50,12.293058
-44.508113,50,13.027754
-50.530786,50,13.065203
-49.277049,50,13.098391
-47.265441,50,13.13649
-60.203252,50,13.176872
-46.550741,50,13.215848
-43.464333,50,13.255771
-48.217501,50,13.28633
-54.079649,50,13.328549
-42.104065,50,13.366694
-46.379777,50,13.405441
-46.695491,50,13.445065
-51.57437,50,13.48227
-53.317813,50,13.51443
-53.691716,50,13.543986
-46.938518,50,13.574428
-47.845908,50,13.608184
-53.473917,50,13.633143
-55.516762,50,13.661208
-49.240881,50,13.695159
-47.337312,50,13.728162
-49.708429,50,13.764385
-44.845681,50,13.786697
-54.877205,50,13.825501
-51.31781,50,13.852394
-49.103892,50,13.887784
-49.639606,50,13.921429
-52.710421,50,13.960512
-50.841225,50,13.98448
-47.261019,50,14.006623
-53.650626,50,14.039995
-47.234627,50,14.079525
-45.942281,50,14.12132
-55.014185,50,14.162069
-53.868332,50,14.201638
-49.219993,50,14.241157
-45.457095,50,14.279093
-48.465724,50,14.319751
-56.83581,50,14.360335
-52.765414,50,14.386368
-59.370349,50,14.427253
-44.975065,50,15.124054
-47.121232,50,15.164053
-44.139465,50,15.204007
-44.907458,50,15.246012
-49.493448,50,15.285834
-48.081101,50,15.32394
-51.069684,50,15.356944
-46.492328,50,15.397317
-46.138854,50,15.431058
-47.452625,50,15.466221
-51.852864,50,15.505974
-49.449192,50,15.546981
-49.415536,50,15.582619
-51.411172,50,15.613008
-44.233216,50,15.653479
-48.080467,50,15.679651
-47.478924,50,15.712627
-52.483036,50,15.739689
-45.636054,50,15.760057
-54.221938,50,15.781715
-56.144341,50,15.81409
-44.625179,50,15.837302
-44.314535,50,15.857398
-49.154562,50,15.879459
-41.920341,50,15.903329
-42.729232,50,15.926444
-44.113525,50,15.971443
-50.39846,50,16.009238
-49.774486,50,16.043286
-46.602637,50,16.068351
-51.060438,50,16.091341
-43.168526,50,16.112154
-44.374673,50,16.137707
-47.458194,50,16.161639
-45.867396,50,16.199404
-42.840545,50,16.238338
-43.87683,50,16.27847
-50.185471,50,16.318402
-52.769246,50,16.354885
-36.171883,50,16.383849
-54.437022,50,16.406979
-43.708878,50,17.096209
-52.039506,50,17.129808
-48.335321,50,17.165445
-44.554071,50,17.207304
-47.539693,50,17.247705
-45.328524,50,17.28743
-50.438971,50,17.325701
-44.708166,50,17.363256
-53.64843,50,17.403749
-46.332558,50,17.444395
-46.369928,50,17.482621
-49.136525,50,17.52161
-48.644471,50,17.563574
-47.366796,50,17.60229
-41.180045,50,17.629766
-32.420876,50,17.657782
-46.561814,50,17.685256
-45.983293,50,17.712416
-47.684533,50,17.742103
-47.339352,50,17.762058
-51.8183,50,17.78633
-43.128627,50,17.822179
-42.243566,50,17.847501
-49.612251,50,17.888216
-44.553221,50,17.916348
-43.034792,50,17.939507
-48.054427,50,17.961205
-39.638718,50,17.985999
-45.04051,50,18.010988
-53.193613,50,18.034612
-53.183549,50,18.058292
-44.650298,50,18.08148
-49.51556,50,18.102114
-51.859404,50,18.128379
-47.678364,50,18.151994
-46.759388,50,18.17566
-50.633002,50,18.199453
-45.720816,50,18.236172
-46.369013,50,18.265854
-41.252852,50,18.289529
-47.348613,50,18.321914
-51.041379,50,19.287124
-45.615963,50,19.328101
-39.58567,50,19.366145
-41.17203,50,19.406423
-42.644139,50,19.43934
-46.146785,50,19.475204
-42.385889,50,19.508082
-45.129081,50,19.544937
-40.216745,50,19.578907
-47.706999,50,19.60697
-42.510976,50,19.6403
-45.3522,50,19.664288
-50.292967,50,19.69165
-47.454708,50,19.718143
-36.57807,50,19.743816
-42.048623,50,19.769696
-40.495616,50,19.796261
-37.330246,50,19.826632
-43.532084,50,19.860089
-40.565242,50,19.894252
-41.048044,50,19.931126
-48.192241,50,19.969919
-41.094493,50,20.001287
-42.405056,50,20.036644
-44.902323,50,20.075083
-44.62641,50,20.107495
-46.297457,50,20.139272
-45.06776,50,20.176962
-47.114998,50,20.216954
-48.722598,50,20.255778
-48.535287,50,20.289639
-46.740134,50,20.321659
-45.704762,50,20.35118
-47.587783,50,20.394289
-40.655066,50,20.43199
-50.608576,50,20.467034
-45.376738,50,20.492425
-44.20945,50,20.52815
-50.908968,50,20.559743
-44.830077,50,20.597851
-45.126944,50,20.636456
-40.41855,50,21.589683
-43.306823,50,21.629753
-41.211871,50,21.665061
-42.834292,50,21.702027
-36.398242,50,21.743935
-49.135179,50,21.782426
-41.640649,50,21.81758
-44.725076,50,21.849048
-40.413668,50,21.87922
-38.060205,50,21.910544
-50.48422,50,21.948042
-46.745539,50,21.981956
-44.524586,50,22.012695
-36.314874,50,22.053288
-48.296659,50,22.083516
-34.645244,50,22.105871
-42.522986,50,22.14977
-40.743003,50,22.19333
-42.583747,50,22.229777
-42.236294,50,22.267503
-39.342231,50,22.307993
-38.52045,50,22.332937
-42.93479,50,22.37112
-46.097392,50,22.392673
-48.76053,50,22.439565
-45.711398,50,22.478576
-42.510389,50,22.50815
-42.421731,50,22.528964
-39.0889,50,22.550435
-42.333475,50,22.576623
-39.54564,50,22.621477
-37.980029,50,22.647515
-42.642305,50,22.689466
-46.080419,50,22.732113
-36.853292,50,22.768247
-41.976742,50,22.804039
-35.466954,50,22.837584
-45.813863,50,22.865744
-37.472048,50,22.89049
-46.764704,50,22.920191
-47.420239,50,22.955393
-50.643397,50,23.938925
-38.869837,50,23.978122
-39.050034,50,24.015623
-40.885566,50,24.055205
-36.583669,50,24.092648
-41.26889,50,24.132391
-40.852595,50,24.173561
-35.764547,50,24.212275
-35.709798,50,24.252325
-40.375596,50,24.286468
-37.796561,50,24.319312
-49.438562,50,24.345906
-39.326618,50,24.368369
-40.041417,50,24.389837
-31.765657,50,24.415569
-39.764718,50,24.457211
-43.513364,50,24.481239
-43.304722,50,24.516132
-41.364085,50,24.548592
-41.115434,50,24.57448
-40.820279,50,24.610051
-37.056458,50,24.652094
-46.918359,50,24.69326
-42.899952,50,24.733641
-38.817342,50,24.768833
-42.589384,50,24.808936
-44.299338,50,24.847206
-44.820252,50,24.89022
-40.390213,50,24.929544
-40.169498,50,24.971454
-40.758712,50,25.002095
-45.959928,50,25.033724
-36.061837,50,25.073207
-40.306191,50,25.105781
-38.978703,50,25.139056
-42.638261,50,25.172335
-34.2922,50,25.198528
-43.42039,50,25.225108
-37.348812,50,25.248248
-44.952429,50,25.292784
-47.143277,50,25.330998
-38.560176,50,26.342085
-29.683423,50,26.381981
-41.059818,50,26.420692
-43.390106,50,26.458319
-35.583321,50,26.499238
-39.261945,50,26.539029
-29.804281,50,26.578331
-44.078888,50,26.618134
-37.715709,50,26.655851
-46.44071,50,26.696575
-34.986301,50,26.735892
-45.037822,50,26.773533
-41.570398,50,26.807681
-40.432175,50,26.838858
-41.49425,50,26.863604
-47.452496,50,26.891552
-41.707153,50,26.917319
-39.539165,50,26.947512
-33.963916,50,26.978945
-40.905202,50,27.008512
-38.272877,50,27.031872
-42.008969,50,27.067274
-37.577549,50,27.108315
-38.870774,50,27.143877
-43.511646,50,27.177057
-42.780376,50,27.214734
-42.459218,50,27.243071
-37.897639,50,27.273812
-42.191148,50,27.301249
-35.268488,50,27.345017
-42.797002,50,27.387048
-34.715028,50,27.427584
-35.597313,50,27.468735
-42.730203,50,27.497607
-43.128984,50,27.523769
-38.177161,50,27.547404
-43.436431,50,27.576333
-37.726151,50,27.603171
-34.669433,50,27.647312
-42.661394,50,27.676687
-36.977186,50,27.711446
-40.008074,50,28.684115
-35.300477,50,28.723211
-41.225142,50,28.764093
-34.846699,50,28.801192
-34.962833,50,28.840241
-45.654894,50,28.882515
-37.814218,50,28.921261
-39.295792,50,28.955551
-41.475136,50,28.995897
-38.161068,50,29.030906
-38.666192,50,29.063219
-36.681972,50,29.099249
-43.267621,50,29.132689
-39.791945,50,29.162432
-37.527833,50,29.201331
-33.305161,50,29.226685
-35.113068,50,29.256572
-36.217608,50,29.293366
-45.259273,50,29.320392
-41.1183,50,29.35431
-33.537527,50,29.399492
-34.51335,50,29.437966
-35.764912,50,29.478338
-39.00481,50,29.504184
-32.593786,50,29.530915
-40.777981,50,29.571079
-36.36432,50,29.597291
-36.437595,50,29.619184
-34.378809,50,29.642967
-38.521884,50,29.680567
-33.448523,50,29.724776
-38.646271,50,29.761388
-30.906355,50,29.801537
-39.938225,50,29.842391
-39.036109,50,29.882429
-36.588004,50,29.906785
-42.140001,50,29.932948
-40.453173,50,29.963423
-41.206796,50,29.998072
-38.392379,50,30.032751
-37.759681,50,30.063339
-42.144445,50,30.703047
-34.7054,50,30.741167
-38.495601,50,30.784542
-36.708791,50,30.822046
-38.062531,50,30.862329
-38.642646,50,30.902299
-39.657237,50,30.939604
-34.049511,50,30.979256
-34.714226,50,31.004451
-33.767183,50,31.040219
-38.790177,50,31.071376
-38.564182,50,31.103213
-37.534683,50,31.131362
-36.221398,50,31.163838
-35.157301,50,31.192431
-36.202092,50,31.22478
-36.900154,50,31.2575
-32.154868,50,31.291158
-35.949196,50,31.317996
-40.872443,50,31.346451
-33.269131,50,31.387998
-38.38886,50,31.42502
-36.806021,50,31.456157
-37.026225,50,31.490092
-30.807171,50,31.523736
-35.808882,50,31.550132
-41.059465,50,31.582155
-34.320908,50,31.623774
-37.662455,50,31.663526
-34.360724,50,31.692436
-36.968962,50,31.730392
-37.837682,50,31.754338
-37.688823,50,31.780429
-31.83003,50,31.803056
-34.571478,50,31.838124
-32.338598,50,31.869262
-35.851774,50,31.895372
-39.593557,50,31.931164
-31.375774,50,31.9651
-32.928911,50,31.993004
-37.096548,50,32.030194
-35.975626,50,32.702962
-35.486948,50,32.723041
-40.385056,50,32.743837
-31.61726,50,32.764875
-30.485474,50,32.799538
-35.870252,50,32.840105
-39.233635,50,32.879724
-32.173799,50,32.915675
-36.93655,50,32.959384
-30.063697,50,32.989756
-36.06392,50,33.027592
-32.745383,50,33.057489
-36.657909,50,33.099818
-37.16542,50,33.136673
-34.995967,50,33.170515
-37.071491,50,33.215625
-37.974575,50,33.251088
-34.447382,50,33.289212
-30.624578,50,33.318331
-29.568456,50,33.342915
-36.193998,50,33.365487
-38.291674,50,33.389809
-31.247467,50,33.412475
-34.075594,50,33.434901
-33.033713,50,33.461271
-34.637691,50,33.501676
-32.056149,50,33.542853
-33.931919,50,33.582223
-36.741154,50,33.62743
-37.458028,50,33.669441
-36.555573,50,33.709004
-31.821824,50,33.750102
-37.049675,50,33.789158
-30.37265,50,33.831814
-31.31653,50,33.870725
-33.714513,50,33.897751
-33.981806,50,33.939994
-34.527822,50,33.973191
-31.467999,50,34.002112
-34.899426,50,34.02744
-30.029071,50,34.066276
-36.290464,50,34.759564
-30.251171,50,34.802402
-31.527324,50,34.841444
-33.56089,50,34.883094
-33.170814,50,34.919632
-26.429254,50,34.961149
-31.649416,50,35.001669
-33.041934,50,35.037534
-32.864041,50,35.073275
-30.448159,50,35.110483
-26.478781,50,35.140761
-28.017758,50,35.169042
-31.982987,50,35.199706
-40.106513,50,35.238646
-30.343749,50,35.278138
-35.660058,50,35.31953
-38.937828,50,35.358356
-32.104491,50,35.393966
-36.076083,50,35.418285
-31.511692,50,35.454991
-27.832954,50,35.492059
-29.868756,50,35.531983
-30.464043,50,35.572225
-36.641059,50,35.609629
-26.455829,50,35.638529
-36.857134,50,35.677753
-34.535863,50,35.705218
-29.758232,50,35.733505
-26.478168,50,35.76942
-29.605222,50,35.809394
-33.451392,50,35.85044
-34.003616,50,35.886952
-31.673954,50,35.915111
-33.552373,50,35.949203
-28.020642,50,35.988452
-33.070209,50,36.027093
-28.481051,50,36.052233
-29.303603,50,36.082772
-32.790283,50,36.111533
-30.71645,50,36.153975
-24.665896,50,36.193798
-27.220793,50,36.924187
-34.954604,50,36.964782
-23.114463,50,37.005194
-29.564769,50,37.044595
-34.10949,50,37.084282
-25.291222,50,37.120398
-26.862924,50,37.150232
-30.098718,50,37.187919
-31.911973,50,37.218673
-29.60477,50,37.24752
-28.557384,50,37.278261
-25.926185,50,37.309179
-26.572766,50,37.337549
-38.856134,50,37.375763
-26.59018,50,37.404522
-29.763122,50,37.432226
-28.151071,50,37.467267
-31.457962,50,37.489671
-34.171019,50,37.517146
-32.817558,50,37.545125
-30.884572,50,37.590667
-31.709065,50,37.620627
-29.211767,50,37.645554
-28.398942,50,37.669309
-29.106994,50,37.693107
-31.058986,50,37.725731
-27.367126,50,37.760115
-27.789842,50,37.797169
-30.728605,50,37.829634
-32.09718,50,37.866892
-30.206088,50,37.90707
-23.963954,50,37.949339
-32.280573,50,37.987537
-35.0901,50,38.026839
-31.577323,50,38.054646
-28.415981,50,38.095295
-31.548256,50,38.127328
-29.101985,50,38.162314
-31.992867,50,38.186422
-37.383362,50,38.210654
-29.425602,50,38.252591
-35.327841,50,38.88716
-27.531536,50,38.926423
-22.336451,50,38.967999
-24.693612,50,39.008418
-30.287042,50,39.045529
-28.482712,50,39.087105
-25.301624,50,39.127328
-28.439508,50,39.169156
-28.523982,50,39.207218
-36.130284,50,39.249242
-27.6056,50,39.286652
-33.377094,50,39.324966
-30.30948,50,39.363045
-33.117195,50,39.402339
-30.183352,50,39.43793
-29.04127,50,39.473249
-24.588198,50,39.510955
-30.915747,50,39.54521
-26.610887,50,39.580831
-26.036655,50,39.604936
-28.786746,50,39.62777
-31.384228,50,39.654057
-26.998069,50,39.693562
-32.530935,50,39.72868
-28.838557,50,39.764964
-27.288766,50,39.798649
-30.611557,50,39.836548
-21.258674,50,39.876188
-26.688357,50,39.901405
-32.184268,50,39.943518
-27.548064,50,39.984836
-29.313585,50,40.022115
-31.226507,50,40.060369
-25.024937,50,40.097426
-30.994676,50,40.140693
-25.881991,50,40.180849
-24.589248,50,40.217961
-28.576441,50,40.258595
-29.195726,50,40.293354
-27.014219,50,40.321113
-31.751315,50,40.346661
-28.214869,50,41.023966
-28.740321,50,41.0634
-28.860495,50,41.103718
-27.002528,50,41.142319
-34.559727,50,41.185313
-25.242188,50,41.221378
-32.405023,50,41.263637
-27.899236,50,41.305889
-28.37999,50,41.33629
-29.048199,50,41.370772
-21.372747,50,41.400967
-23.328451,50,41.443779
-26.958819,50,41.471335
-23.807456,50,41.502055
-24.059803,50,41.54145
-25.301348,50,41.58092
-25.634152,50,41.620186
-28.401187,50,41.655488
-24.440709,50,41.683389
-27.676917,50,41.706504
-28.714497,50,41.736502
-29.606505,50,41.765059
-27.218992,50,41.801521
-32.319659,50,41.821593
-30.982389,50,41.841759
-27.799923,50,41.875563
-26.235128,50,41.898721
-28.80897,50,41.918588
-25.836125,50,41.938504
-26.044732,50,41.974439
-32.316185,50,41.994889
-23.580784,50,42.036492
-25.459604,50,42.078873
-26.537008,50,42.121325
-24.959523,50,42.163234
-29.116816,50,42.189633
-28.69453,50,42.228721
-23.293123,50,42.25102
-25.037979,50,42.275174
-26.468023,50,42.315183
-29.354525,50,42.357212
-26.369691,50,43.048158
-27.155836,50,43.089222
-27.556304,50,43.130676
-23.259125,50,43.170259
-23.352988,50,43.210293
-23.355032,50,43.24998
-24.344999,50,43.284958
-25.885369,50,43.325447
-26.870808,50,43.3651
-24.475953,50,43.406401
-23.44028,50,43.442719
-27.153755,50,43.47984
-23.929402,50,43.515021
-25.235067,50,43.549349
-24.584752,50,43.585251
-23.264114,50,43.612271
-26.519743,50,43.645639
-22.854667,50,43.682286
-23.96556,50,43.710067
-26.542987,50,43.732166
-25.927978,50,43.758201
-24.001148,50,43.794684
-24.132398,50,43.833446
-31.919085,50,43.858813
-23.312945,50,43.896653
-28.769675,50,43.93015
-25.603479,50,43.955462
-26.106712,50,43.979997
-24.473628,50,44.004773
-28.763483,50,44.0389
-27.897366,50,44.078813
-28.069378,50,44.119425
-23.612389,50,44.158552
-30.209064,50,44.196968
-25.769107,50,44.238127
-27.178597,50,44.262234
-27.357666,50,44.293872
-27.240361,50,44.328296
-24.423094,50,44.368066
-23.414226,50,44.398803
-27.625476,50,44.427271
-27.397217,50,45.07461
-26.822834,50,45.116672
-27.908761,50,45.156939
-27.889372,50,45.196962
-26.855803,50,45.237483
-28.368933,50,45.280266
-26.733819,50,45.316246
-23.917634,50,45.353777
-23.644112,50,45.390851
-28.520673,50,45.42455
-27.423511,50,45.449863
-28.267897,50,45.488172
-27.475255,50,45.525229
-25.822905,50,45.554806
-21.533642,50,45.587104
-25.250421,50,45.616152
-25.176597,50,45.656954
-25.35861,50,45.695219
-22.869481,50,45.731445
-28.429731,50,45.763388
-22.828375,50,45.78816
-24.963947,50,45.825083
-24.854223,50,45.859506
-28.1239,50,45.886297
-26.807381,50,45.914454
-23.774691,50,45.946078
-24.648983,50,45.975044
-21.217079,50,46.005676
-26.791611,50,46.034902
-28.008336,50,46.074585
-26.386172,50,46.115327
-30.405018,50,46.154833
-22.897912,50,46.193797
-29.358209,50,46.234868
-30.224546,50,46.272785
-20.288823,50,46.311653
-23.685277,50,46.350164
-28.299256,50,46.392712
-23.287772,50,46.42548
-20.788443,50,46.454086
-25.072187,50,46.484459
-23.643518,50,47.140243
-21.672199,50,47.175863
-21.122977,50,47.216702
-28.281776,50,47.253312
-22.334974,50,47.292228
-28.252739,50,47.326594
-25.018165,50,47.368222
-25.358576,50,47.403134
-25.644842,50,47.439899
-24.728513,50,47.47404
-21.426441,50,47.515029
-18.49764,50,47.548073
-25.758048,50,47.59091
-24.164576,50,47.617175
-25.777801,50,47.650066
-28.080032,50,47.678597
-27.085528,50,47.712746
-26.090931,50,47.744552
-25.021573,50,47.767368
-23.673607,50,47.801226
-22.589164,50,47.832926
-25.27913,50,47.87228
-21.288541,50,47.905111
-24.323619,50,47.935872
-27.001891,50,47.962654
-19.480081,50,47.993311
-24.917271,50,48.025271
-17.701733,50,48.054344
-21.609792,50,48.090311
-19.070047,50,48.124288
-27.278354,50,48.166049
-22.657022,50,48.203545
-26.265153,50,48.243743
-24.574472,50,48.2853
-24.355636,50,48.323272
-23.601091,50,48.361861
-25.539636,50,48.400408
-19.295743,50,48.436594
-20.74118,50,48.471137
-24.067072,50,48.50343
-25.10221,50,48.527848
-21.166534,50,49.441721
-19.012345,50,49.484304
-25.323755,50,49.521279
-29.542509,50,49.563216
-18.952878,50,49.601342
-26.338046,50,49.645031
-19.042649,50,49.685689
-19.839591,50,49.721632
-16.729268,50,49.760895
-22.128317,50,49.800687
-21.575849,50,49.839458
-20.707337,50,49.880043
-22.276371,50,49.920831
-19.621406,50,49.962245
-18.22729,50,49.997056
-18.311395,50,50.029803
-22.267786,50,50.068786
-22.413772,50,50.108177
-22.822353,50,50.144341
-23.42853,50,50.18426
-17.612569,50,50.218028
-26.535763,50,50.244302
-16.842993,50,50.281171
-20.642555,50,50.314782
-19.36493,50,50.345191
-29.285497,50,50.370108
-24.173941,50,50.394003
-23.301458,50,50.418859
-20.681844,50,50.46122
-24.972421,50,50.496795
-20.138935,50,50.531899
-25.768191,50,50.57398
-20.30023,50,50.605242
-23.516706,50,50.646186
-23.949889,50,50.683019
-19.55734,50,50.7233
-23.231405,50,50.761615
-20.873696,50,50.799219
-20.43697,50,50.841695
-23.785196,50,50.877699
-27.649341,50,50.911994
-20.491693,50,51.882404
-21.166482,50,51.922262
-19.290457,50,51.959828
-20.927178,50,51.992472
-22.607913,50,52.020679
-24.175123,50,52.053956
-23.255457,50,52.078889
-16.141464,50,52.101861
-30.076675,50,52.130519
-23.526552,50,52.157229
-25.443867,50,52.189756
-21.91481,50,52.230026
-20.353176,50,52.261077
-16.342665,50,52.297778
-21.100628,50,52.332992
-15.19348,50,52.370839
-22.534932,50,52.401367
-19.616134,50,52.436649
-23.295511,50,52.469088
-23.978993,50,52.496879
-21.200085,50,52.539304
-22.283239,50,52.575433
-20.80072,50,52.609946
-14.997555,50,52.645772
-25.34767,50,52.682643
-22.572111,50,52.705205
-22.885938,50,52.729984
-17.317786,50,52.75316
-16.887133,50,52.775388
-23.667215,50,52.805058
-20.570396,50,52.831186
-18.59021,50,52.870059
-14.538077,50,52.907265
-21.473727,50,52.939569
-14.008447,50,52.972513
-16.58251,50,53.001405
-20.388565,50,53.033012
-20.883755,50,53.061735
-13.736879,50,53.083947
-23.433801,50,53.123754
-25.051113,50,53.160155
-20.693366,50,54.043107
-14.732085,50,54.081281
-19.332879,50,54.120347
-21.763779,50,54.15924
-17.569305,50,54.198269
-16.801225,50,54.238053
-21.394598,50,54.276436
-23.028489,50,54.303154
-13.537056,50,54.34035
-21.383199,50,54.375528
-15.597894,50,54.407565
-23.198175,50,54.442908
-18.155496,50,54.47507
-18.351485,50,54.512368
-21.427181,50,54.544063
-22.608792,50,54.582988
-22.401396,50,54.62227
-20.650004,50,54.648372
-23.21083,50,54.688293
-13.652639,50,54.730488
-19.675105,50,54.753235
-18.766655,50,54.790074
-16.091707,50,54.816938
-22.473905,50,54.848769
-17.954465,50,54.880955
-21.332185,50,54.918418
-21.183975,50,54.942785
-23.279277,50,54.97023
-22.807617,50,55.00266
-16.24339,50,55.045589
-19.066429,50,55.086599
-19.895917,50,55.126464
-18.347393,50,55.168002
-19.69965,50,55.200408
-20.477,50,55.233164
-21.901057,50,55.270878
-19.250359,50,55.308328
-19.853424,50,55.341633
-19.543646,50,55.381266
-26.108714,50,55.410478
-16.990559,50,56.079915
-13.805904,50,56.120258
-22.792483,50,56.158965
-21.068924,50,56.200034
-15.467519,50,56.239987
-23.297071,50,56.280462
-20.528254,50,56.322074
-15.662531,50,56.359753
-18.296387,50,56.399791
-15.146212,50,56.43988
-23.104793,50,56.476767
-18.253049,50,56.516766
-18.559864,50,56.553213
-19.438953,50,56.593103
-19.574364,50,56.632767
-20.865971,50,56.674386
-21.6808,50,56.699867
-24.151928,50,56.72537
-18.855793,50,56.763488
-17.406043,50,56.802451
-22.710797,50,56.834183
-11.752238,50,56.860843
-18.059519,50,56.884803
-20.56683,50,56.926931
-20.599566,50,56.952215
-16.022189,50,56.974495
-16.189683,50,56.99654
-17.60256,50,57.039442
-15.245919,50,57.072527
-16.134289,50,57.116456
-18.403938,50,57.156335
-17.671461,50,57.195411
-18.603121,50,57.235776
-17.648085,50,57.278404
-21.76807,50,57.312972
-16.618716,50,57.350287
-23.700233,50,57.38112
-20.853716,50,57.421876
-21.297309,50,57.44775
-19.094679,50,57.480186
-13.997182,50,57.507968
-19.365244,50,58.266333
-20.79102,50,58.305624
-17.118671,50,58.339809
-20.439003,50,58.381325
-19.194957,50,58.421158
-17.17737,50,58.460235
-24.17842,50,58.499694
-16.540736,50,58.538034
-15.120621,50,58.567096
-16.655893,50,58.598216
-18.455579,50,58.632198
-20.619505,50,58.669932
-14.471625,50,58.702161
-15.183167,50,58.736345
-16.505806,50,58.759011
-22.195038,50,58.782934
-15.134587,50,58.815167
-23.565737,50,58.843404
-22.383778,50,58.871314
-17.582753,50,58.906925
-16.396513,50,58.937225
-19.188391,50,58.967319
-22.732527,50,58.996039
-15.376101,50,59.034337
-15.108674,50,59.066486
-16.966139,50,59.106455
-17.689935,50,59.141846
-12.506122,50,59.176932
-19.623307,50,59.215879
-17.485085,50,59.251481
-15.306636,50,59.290175
-18.738246,50,59.331293
-23.931127,50,59.372179
-17.186936,50,59.411466
-24.395759,50,59.450547
-21.321068,50,59.492844
-16.817784,50,59.529816
-18.034568,50,59.566886
-21.293919,50,59.596507
-17.093418,50,59.625261
-24.083224,50,59.659776
-13.749983,50,60.369591
-17.910641,50,60.408747
-22.189428,50,60.448889
-22.572631,50,60.485031
-19.225042,50,60.526876
-17.009717,50,60.566206
-12.321471,50,60.604765
-17.317266,50,60.647267
-15.509278,50,60.684045
-23.523926,50,60.718099
-15.252385,50,60.745404
-14.679319,50,60.772517
-18.288941,50,60.799625
-19.049781,50,60.822412
-21.23111,50,60.845102
-19.852881,50,60.867331
-17.386931,50,60.890097
-14.418519,50,60.914706
-13.893891,50,60.942112
-17.340622,50,60.976102
-19.64363,50,61.000084
-18.711786,50,61.029797
-20.76133,50,61.058524
-20.210362,50,61.084979
-14.934611,50,61.120025
-21.51297,50,61.160022
-17.559625,50,61.191328
-22.364753,50,61.213723
-15.747128,50,61.238855
-14.772594,50,61.260338
-16.2551,50,61.290498
-14.149227,50,61.32012
-19.472638,50,61.360324
-13.61181,50,61.395505
-19.33586,50,61.436416
-17.872204,50,61.476573
-20.799172,50,61.517162
-17.448971,50,61.555869
-16.069713,50,61.595067
-10.778823,50,61.631176
-18.767368,50,61.657295
-18.46658,50,62.357399
-15.33245,50,62.396274
-12.409561,50,62.435996
-12.140359,50,62.475885
-15.288224,50,62.512803
-22.193972,50,62.553031
-12.310314,50,62.591339
-14.714253,50,62.632503
-16.317092,50,62.670861
-19.12937,50,62.707358
-14.148266,50,62.747941
-14.388648,50,62.780327
-17.635222,50,62.813051
-22.739148,50,62.844638
-22.826487,50,62.882137
-14.381317,50,62.919005
-15.48932,50,62.958573
-20.208729,50,62.987073
-19.192172,50,63.029813
-19.711038,50,63.070195
-19.261633,50,63.102489
-14.375739,50,63.125777
-20.911848,50,63.150829
-19.707513,50,63.193371
-12.346659,50,63.23412
-13.420223,50,63.272958
-14.390686,50,63.315301
-17.617029,50,63.341721
-15.545312,50,63.376426
-13.693491,50,63.417835
-21.238932,50,63.458041
-18.311853,50,63.500076
-13.754337,50,63.5442
-21.712513,50,63.584168
-13.277152,50,63.623869
-18.905806,50,63.664907
-21.717411,50,63.706498
-14.498915,50,63.737411
-13.411904,50,63.771602
-16.344431,50,63.794206
-15.076463,50,63.816895
-14.507614,50,64.422541
-13.935097,50,64.464084
-19.280356,50,64.505699
-21.621042,50,64.53539
-15.409096,50,64.579679
-19.028552,50,64.613895
-14.058807,50,64.657095
-19.36913,50,64.695323
-19.233724,50,64.734959
-16.322416,50,64.776903
-11.610921,50,64.814135
-15.267445,50,64.854667
-15.146984,50,64.893116
-13.305238,50,64.929061
-14.238954,50,64.967517
-17.136484,50,65.001301
-11.250783,50,65.028588
-18.180553,50,65.062777
-16.531475,50,65.101714
-15.709635,50,65.131962
-17.699119,50,65.162748
-15.22121,50,65.189551
-21.882049,50,65.229425
-13.822247,50,65.262012
-21.234743,50,65.295157
-11.867229,50,65.331666
-15.218298,50,65.356156
-16.504914,50,65.3824
-20.061667,50,65.406763
-20.535452,50,65.442359
-14.76633,50,65.480254
-23.102073,50,65.520018
-13.114732,50,65.546392
-20.748884,50,65.576093
-13.912586,50,65.614985
-15.724894,50,65.655646
-13.343492,50,65.682283
-21.116958,50,65.724691
-18.529407,50,65.753049
-16.481423,50,65.779835
-14.838273,50,65.802877
-13.679465,50,66.62636
-19.606932,50,66.667169
-19.131268,50,66.70594
-13.804366,50,66.745439
-14.13389,50,66.782403
-12.883931,50,66.821467
-16.941366,50,66.860801
-16.288415,50,66.899602
-12.766231,50,66.940899
-13.709445,50,66.963248
-21.752622,50,66.999519
-13.268384,50,67.027427
-12.976633,50,67.050236
-14.44945,50,67.074258
-16.693961,50,67.109093
-12.147867,50,67.145935
-17.679482,50,67.173625
-11.768211,50,67.201238
-14.306646,50,67.229115
-20.099107,50,67.257221
-13.236408,50,67.289842
-14.110775,50,67.329323
-13.671191,50,67.359265
-16.52662,50,67.3953
-13.317312,50,67.422018
-12.760746,50,67.455552
-12.176807,50,67.482501
-16.713896,50,67.521023
-18.699171,50,67.552423
-20.356804,50,67.583875
-19.876515,50,67.616766
-19.934865,50,67.659873
-15.855742,50,67.697162
-16.262944,50,67.738608
-14.522664,50,67.767849
-21.451023,50,67.807801
-11.954974,50,67.839375
-14.61866,50,67.873333
-19.070736,50,67.909097
-20.549075,50,67.947482
-13.532203,50,67.984429
-21.792318,50,68.82747
-16.951232,50,68.864713
-14.341255,50,68.906445
-14.357601,50,68.942596
-13.929158,50,68.979697
-16.183784,50,69.017427
-16.663391,50,69.060822
-10.731787,50,69.102264
-23.675206,50,69.138273
-14.279109,50,69.178295
-19.43872,50,69.218935
-12.4943,50,69.25591
-20.858706,50,69.289377
-19.456837,50,69.319788
-19.839595,50,69.345623
-20.55007,50,69.372619
-17.467979,50,69.408894
-19.212152,50,69.447457
-13.851535,50,69.473013
-15.905093,50,69.498771
-19.19437,50,69.520058
-11.783209,50,69.557907
-14.697548,50,69.602707
-14.541105,50,69.628118
-14.768315,50,69.65341
-17.634416,50,69.6814
-13.261659,50,69.704315
-17.59982,50,69.729056
-16.577947,50,69.754285
-20.493446,50,69.793767
-13.10228,50,69.82236
-19.923315,50,69.865538
-11.966746,50,69.90389
-20.679737,50,69.939953
-16.178001,50,69.979976
-19.070141,50,70.018592
-12.827135,50,70.059475
-16.177458,50,70.099661
-17.93137,50,70.139054
-15.530163,50,70.179946
-13.652557,50,70.22269
-17.861025,50,71.216335
-16.918412,50,71.255517
-18.942807,50,71.294508
-12.53011,50,71.335431
-17.807919,50,71.371684
-14.8995,50,71.410585
-21.12174,50,71.452416
-15.494744,50,71.492091
-16.138821,50,71.532478
-18.16025,50,71.573446
-14.989351,50,71.611717
-17.514691,50,71.642994
-11.158925,50,71.67767
-13.494395,50,71.71677
-18.576109,50,71.740165
-20.430396,50,71.770887
-16.898961,50,71.806837
-18.11532,50,71.844262
-10.808606,50,71.877971
-20.15056,50,71.90584
-17.669481,50,71.947502
-11.69665,50,71.981056
-17.1182,50,72.010961
-18.67095,50,72.042185
-13.590813,50,72.071584
-22.016776,50,72.098513
-13.815767,50,72.124766
-19.817811,50,72.151149
-21.502442,50,72.188853
-13.346412,50,72.228443
-14.197805,50,72.268504
-15.642566,50,72.3065
-11.845703,50,72.3471
-14.264011,50,72.383747
-13.572661,50,72.410354
-17.313931,50,72.432585
-16.096751,50,72.45811
-16.551298,50,72.484508
-17.646063,50,72.519749
-15.281372,50,72.556089
-20.160761,50,72.585062
-15.756264,50,73.330073
-13.927265,50,73.365504
-12.406601,50,73.407006
-18.639788,50,73.447899
-11.940896,50,73.486311
-15.239788,50,73.526123
-16.444565,50,73.56341
-17.454431,50,73.587955
-16.181656,50,73.626233
-15.455718,50,73.667323
-19.508503,50,73.696764
-10.236918,50,73.725066
-17.546606,50,73.755061
-19.454224,50,73.782356
-18.661253,50,73.806966
-14.329868,50,73.840662
-14.162408,50,73.880893
-15.284207,50,73.91961
-12.180719,50,73.953409
-17.734714,50,73.988416
-16.133276,50,74.01934
-11.96286,50,74.041881
-13.16452,50,74.069481
-16.584913,50,74.115058
-16.352175,50,74.147475
-17.286017,50,74.178555
-19.715012,50,74.209231
-14.39791,50,74.237206
-17.660451,50,74.267385
-15.025787,50,74.294183
-12.021999,50,74.336604
-10.677276,50,74.375575
-11.444344,50,74.414414
-21.705516,50,74.455268
-17.421982,50,74.494719
-18.311757,50,74.535231
-20.088718,50,74.567885
-13.974977,50,74.589761
-12.639246,50,74.616866
-12.834791,50,74.650916
-12.141562,50,74.676745
-16.143896,50,75.333766
-16.468032,50,75.371621
-13.228898,50,75.411326
-17.152081,50,75.452279
-13.269756,50,75.489899
-12.178891,50,75.527928
-14.476068,50,75.566452
-18.543151,50,75.608073
-12.255839,50,75.645659
-16.465253,50,75.68603
-12.551381,50,75.726581
-14.244681,50,75.762193
-13.989281,50,75.803737
-11.757995,50,75.841992
-13.609555,50,75.876354
-15.57539,50,75.917811
-11.284862,50,75.947478
-15.997695,50,75.976196
-20.049135,50,76.010484
-12.235123,50,76.043133
-15.044407,50,76.081657
-11.924574,50,76.11757
-17.073196,50,76.149134
-11.512427,50,76.185533
-18.367667,50,76.214455
-18.395413,50,76.241084
-16.056432,50,76.271171
-16.816351,50,76.308829
-19.879029,50,76.335542
-17.167229,50,76.379732
-18.032052,50,76.416842
-17.796411,50,76.458237
-12.119715,50,76.498051
-16.711977,50,76.535313
-15.879436,50,76.579386
-13.914342,50,76.605808
-14.363678,50,76.636729
-16.239477,50,76.67335
-18.143416,50,76.698019
-13.692466,50,76.738892
-10.077552,50,76.769897
-10.7342,50,77.425311
-16.064666,50,77.468028
-18.45721,50,77.505324
-13.527867,50,77.545779
-17.59526,50,77.584348
-15.35798,50,77.620999
-19.01977,50,77.662158
-17.86262,50,77.699691
-14.223483,50,77.732791
-17.189602,50,77.762752
-15.079887,50,77.792641
-16.845418,50,77.817172
-14.301295,50,77.841954
-12.54576,50,77.86537
-11.874082,50,77.901757
-11.63309,50,77.945296
-15.288517,50,77.980053
-16.321486,50,78.020481
-14.58932,50,78.0598
-11.612711,50,78.082481
-11.9448,50,78.104713
-13.779528,50,78.133195
-13.493009,50,78.155476
-11.719837,50,78.182698
-16.50976,50,78.20806
-18.719473,50,78.233973
-13.434322,50,78.255967
-13.22469,50,78.284704
-16.011864,50,78.325308
-18.391956,50,78.36731
-16.968791,50,78.404592
-13.827019,50,78.443244
-12.369067,50,78.48491
-11.286976,50,78.514549
-16.178777,50,78.555701
-17.42471,50,78.594777
-12.161751,50,78.63427
-17.981396,50,78.676045
-14.624827,50,78.710947
-13.725503,50,78.752306
-13.352183,50,78.793879
-14.386876,50,79.445889
-15.746233,50,79.480239
-11.166417,50,79.521854
-11.23642,50,79.560258
-16.096878,50,79.597813
-15.895195,50,79.639672
-21.282521,50,79.677862
-11.63383,50,79.707559
-12.010416,50,79.751923
-17.633064,50,79.784739
-11.169677,50,79.808657
-16.616686,50,79.84426
-11.522208,50,79.87062
-12.383585,50,79.904989
-16.285675,50,79.940771
-18.705127,50,79.965865
-16.471634,50,79.997683
-17.472371,50,80.02332
-12.894778,50,80.048065
-12.32817,50,80.080216
-12.505752,50,80.113935
-13.370364,50,80.146701
-17.320501,50,80.177178
-13.569469,50,80.210259
-14.844961,50,80.238821
-17.371606,50,80.281325
-15.492304,50,80.315959
-12.779795,50,80.35508
-12.544115,50,80.395331
-14.739061,50,80.423425
-11.982411,50,80.46406
-17.310884,50,80.504615
-13.178262,50,80.545246
-13.023567,50,80.584847
-16.001715,50,80.623406
-14.585691,50,80.665923
-12.192494,50,80.697397
-15.183781,50,80.721531
-12.09904,50,80.744478
-12.125211,50,80.776779
-11.936642,50,80.817596
-15.314806,50,81.476336
-15.538332,50,81.515916
-12.46588,50,81.552305
-13.182838,50,81.590591
-16.917108,50,81.626859
-13.728343,50,81.665874
-14.928828,50,81.706836
-17.087166,50,81.745725
-11.223366,50,81.789347
-10.075709,50,81.828372
-11.019697,50,81.871507
-10.417415,50,81.911789
-13.364793,50,81.950278
-12.980054,50,81.99177
-17.361072,50,82.02779
-17.193881,50,82.064922
-14.129494,50,82.106853
-15.054453,50,82.133847
-12.572934,50,82.172568
-12.815339,50,82.194265
-10.805465,50,82.214443
-12.807471,50,82.254464
-12.875288,50,82.289386
-12.78828,50,82.321288
-16.23009,50,82.360684
-13.433003,50,82.39882
-16.322416,50,82.421702
-11.787097,50,82.443168
-12.955545,50,82.484493
-13.523459,50,82.525836
-17.228213,50,82.564791
-15.099024,50,82.604575
-16.331689,50,82.644458
-15.596838,50,82.683443
-16.472338,50,82.72122
-13.431232,50,82.76312
-12.653891,50,82.800106
-12.775973,50,82.83552
-12.696475,50,82.87045
-14.281989,50,82.894861
-11.107483,50,82.921349
-12.011584,50,83.748862
-15.920768,50,83.784189
-15.673324,50,83.826673
-14.840554,50,83.870538
-13.207942,50,83.907486
-15.093919,50,83.948859
-18.053765,50,83.986486
-14.872948,50,84.029969
-15.216825,50,84.071233
-15.151818,50,84.111205
-13.95558,50,84.147509
-12.712063,50,84.190722
-14.07083,50,84.231558
-12.820643,50,84.274274
-14.829362,50,84.314876
-16.791626,50,84.353823
-15.140637,50,84.395619
-15.985666,50,84.436622
-14.153039,50,84.481267
-11.639995,50,84.522594
-15.960712,50,84.563665
-11.254255,50,84.608618
-13.093213,50,84.648667
-10.339898,50,84.695301
-15.912941,50,84.727462
-11.800597,50,84.764876
-16.031092,50,84.802846
-15.675838,50,84.845505
-15.384786,50,84.887021
-11.171788,50,84.924681
-12.489309,50,84.966209
-14.118713,50,85.004513
-12.483827,50,85.046896
-12.44612,50,85.088309
-9.739576,50,85.12863
-8.80578,50,85.170495
-14.631955,50,85.203551
-17.611621,50,85.225303
-12.676441,50,85.261465
-12.074776,50,85.299996
-16.055038,50,85.334397
-10.506649,50,85.914737
-11.616593,50,85.947454
-13.114838,50,85.967518
-10.927953,50,85.987536
-16.14595,50,86.025751
-14.806468,50,86.067724
-11.324392,50,86.107943
-17.618,50,86.149158
-12.459125,50,86.188079
-14.381265,50,86.226481
-12.9305,50,86.267293
-11.705971,50,86.306823
-11.065089,50,86.346315
-14.97937,50,86.388128
-14.916491,50,86.430518
-18.686194,50,86.47144
-13.290482,50,86.509286
-14.346717,50,86.541301
-10.922931,50,86.58312
-13.051845,50,86.6094
-16.480061,50,86.644711
-14.721204,50,86.680171
-12.682091,50,86.713777
-15.458026,50,86.747206
-11.480977,50,86.788653
-18.989041,50,86.818538
-15.28155,50,86.839836
-10.988909,50,86.872936
-13.325887,50,86.896481
-14.415823,50,86.917527
-14.156729,50,86.94186
-17.080125,50,86.969934
-13.045001,50,86.997924
-15.872466,50,87.025805
-11.318094,50,87.053714
-15.885342,50,87.092821
-16.745091,50,87.134145
-10.850463,50,87.174685
-10.327685,50,87.212211
-11.524009,50,87.251408
-11.8916,50,87.291332
-14.214465,50,87.978213
-11.115229,50,88.013981
-17.048654,50,88.05319
-18.584616,50,88.092977
-10.207094,50,88.121797
-17.544823,50,88.162787
-14.800129,50,88.201324
-13.136432,50,88.238764
-15.723001,50,88.272754
-12.207701,50,88.301485
-15.690833,50,88.331199
-10.486744,50,88.359573
-10.627061,50,88.384695
-12.496001,50,88.41168
-15.200258,50,88.450557
-10.664974,50,88.477149
-15.140822,50,88.508867
-15.590645,50,88.539336
-14.281299,50,88.580069
-13.289335,50,88.615134
-15.17693,50,88.656201
-14.891969,50,88.689652
-10.161981,50,88.711895
-13.15461,50,88.740876
-14.803268,50,88.778983
-13.934625,50,88.807575
-10.801982,50,88.84605
-11.604789,50,88.875273
-18.057186,50,88.904505
-18.408703,50,88.932448
-12.968794,50,88.966109
-15.777061,50,89.007821
-17.680276,50,89.048095
-14.714628,50,89.087272
-12.215467,50,89.126251
-10.934408,50,89.164424
-13.554363,50,89.202158
-10.275279,50,89.239443
-14.483663,50,89.27882
-11.177817,50,89.317814
-15.720011,50,89.358262
-14.966004,50,90.046008
-14.913037,50,90.084764
-11.550272,50,90.122054
-16.353268,50,90.163133
-11.714683,50,90.203642
-11.982878,50,90.243009
-16.322243,50,90.281292
-13.638129,50,90.323678
-16.430363,50,90.361017
-10.9311,50,90.402141
-16.478619,50,90.430975
-15.587449,50,90.468745
-15.366696,50,90.505203
-13.551436,50,90.538176
-18.314549,50,90.571466
-13.027063,50,90.599232
-10.048273,50,90.6259
-19.371925,50,90.657135
-14.770991,50,90.694355
-10.648288,50,90.724093
-11.479985,50,90.75879
-17.433172,50,90.791327
-13.52763,50,90.827445
-12.428806,50,90.868636
-12.966081,50,90.901308
-12.368282,50,90.930938
-12.366511,50,90.96399
-13.110037,50,90.996482
-14.6223,50,91.028919
-19.85356,50,91.071902
-14.896373,50,91.107635
-12.780206,50,91.149131
-9.494813,50,91.187511
-11.057032,50,91.228255
-13.238206,50,91.259177
-12.6815,50,91.281188
-12.803811,50,91.303638
-19.222739,50,91.326091
-11.644474,50,91.348594
-12.916868,50,91.374084
-14.923842,50,91.41536
-10.906277,50,92.085277
-11.737579,50,92.1235
-9.668977,50,92.164604
-14.651656,50,92.203006
-16.992972,50,92.241321
-13.049585,50,92.279902
-15.888676,50,92.315336
-14.942943,50,92.339638
-14.697711,50,92.373377
-11.164679,50,92.398151
-17.240455,50,92.433666
-14.806914,50,92.462248
-17.224641,50,92.487652
-16.218927,50,92.516348
-14.379204,50,92.541033
-10.375437,50,92.564953
-15.132087,50,92.592219
-12.326027,50,92.613542
-12.274618,50,92.650347
-9.427869,50,92.684237
-13.408859,50,92.706769
-14.944048,50,92.729301
-16.934319,50,92.757713
-12.234394,50,92.798824
-13.328147,50,92.834242
-15.349148,50,92.863748
-10.593264,50,92.89091
-15.225288,50,92.917533
-16.356145,50,92.943748
-15.661691,50,92.973558
-10.49091,50,93.0053
-12.740242,50,93.037947
-16.734798,50,93.078943
-12.763088,50,93.120967
-9.475199,50,93.160619
-12.47962,50,93.200133
-15.905478,50,93.240246
-17.515401,50,93.272831
-13.976247,50,93.314715
-12.480217,50,93.353831
-11.499617,50,93.390858
-17.188288,50,94.098791
-15.052724,50,94.138426
-10.203387,50,94.17924
-18.263478,50,94.218253
-12.776511,50,94.260711
-10.779814,50,94.300168
-9.841911,50,94.333555
-10.403639,50,94.376787
-15.136436,50,94.410438
-13.978064,50,94.447966
-12.890511,50,94.488122
-13.431976,50,94.5221
-10.580002,50,94.549562
-15.838976,50,94.576148
-17.939344,50,94.609458
-9.620965,50,94.63661
-15.524909,50,94.664129
-12.44544,50,94.700461
-9.360055,50,94.731313
-11.931169,50,94.765932
-13.157411,50,94.808955
-17.434994,50,94.84718
-12.644539,50,94.880944
-12.021327,50,94.914887
-13.80967,50,94.937601
-10.387245,50,94.968757
-11.173924,50,94.997178
-11.913803,50,95.030575
-15.870616,50,95.066511
-10.867984,50,95.113818
-10.092318,50,95.151886
-10.934297,50,95.190401
-14.529445,50,95.217038
-10.333806,50,95.24598
-12.032028,50,95.282336
-17.097129,50,95.310496
-14.360896,50,95.332378
-11.345075,50,95.366721
-17.134566,50,95.398738
-14.754735,50,95.427669
-11.413539,50,95.456917
-13.681921,50,96.449253
-15.404898,50,96.49077
-13.97674,50,96.530491
-17.119424,50,96.561815
-13.416083,50,96.599105
-12.546572,50,96.635015
-12.854822,50,96.676155
-15.263328,50,96.716346
-14.60266,50,96.757843
-15.601192,50,96.77894
-16.786366,50,96.801147
-12.131312,50,96.83313
-11.157718,50,96.866355
-17.569137,50,96.890065
-8.758562,50,96.914721
-16.566436,50,96.938941
-11.477456,50,96.974089
-15.923173,50,97.009019
-14.128372,50,97.035191
-15.202974,50,97.065667
-15.795891,50,97.10204
-9.505826,50,97.131866
-10.743995,50,97.162268
-12.236336,50,97.195607
-11.196659,50,97.228307
-14.411804,50,97.255345
-10.951916,50,97.287422
-11.828322,50,97.318379
-10.617033,50,97.347336
-11.732935,50,97.38755
-12.069085,50,97.422404
-14.352484,50,97.461213
-11.893356,50,97.499085
-15.733705,50,97.539865
-15.984199,50,97.576561
-9.905231,50,97.616948
-10.215198,50,97.655155
-13.039668,50,97.693563
-16.310769,50,97.732328
-14.21178,50,97.772409
-13.547862,50,97.808626
-15.059051,50,98.567293
-9.908037,50,98.604427
-11.968302,50,98.64564
-12.899127,50,98.686199
-14.546294,50,98.724288
-9.502796,50,98.76373
-13.764719,50,98.805578
-10.881918,50,98.842395
-16.66999,50,98.881892
-15.878379,50,98.911453
-16.204531,50,98.937259
-14.859637,50,98.963249
-10.597639,50,98.990341
-10.446467,50,99.031985
-13.320785,50,99.064496
-14.293812,50,99.098244
-11.252354,50,99.143841
-15.159366,50,99.17755
-10.589782,50,99.212859
-10.072994,50,99.251129
-16.188629,50,99.285066
-10.281584,50,99.310351
-15.71225,50,99.338834
-14.912322,50,99.364595
-9.148175,50,99.395811
-10.145199,50,99.424981
-9.664891,50,99.463847
-14.599457,50,99.495428
-12.962476,50,99.523369
-12.034434,50,99.556915
-13.053856,50,99.597298
-9.855649,50,99.637572
-10.005804,50,99.675915
-12.074294,50,99.716206
-12.005094,50,99.748158
-9.170891,50,99.778903
-11.626565,50,99.81625
-13.976376,50,99.852559
-10.146616,50,99.879709
-12.813917,50,99.910398
-18.352644,50,99.951744
-11.067223,50,100.857689
-12.60636,50,100.89914
-9.629464,50,100.937353
-9.856448,50,100.979478
-13.930602,50,101.020334
-18.359415,50,101.05973
-15.899168,50,101.098975
-12.47318,50,101.13066
-13.067941,50,101.15806
-12.947477,50,101.192322
-12.244061,50,101.227139
-10.651629,50,101.260846
-9.135812,50,101.283258
-9.307946,50,101.310079
-11.699294,50,101.33324
-12.488422,50,101.355503
-10.435041,50,101.378409
-9.715337,50,101.401268
-11.538679,50,101.424033
-10.718896,50,101.446376
-14.328944,50,101.472688
-8.827748,50,101.503271
-14.078415,50,101.527189
-13.443063,50,101.552194
-16.077944,50,101.575169
-12.749389,50,101.601731
-10.996468,50,101.629032
-13.720084,50,101.660506
-13.258734,50,101.683134
-14.660845,50,101.707166
-11.567529,50,101.731278
-9.84747,50,101.753559
-12.918077,50,101.776317
-12.000318,50,101.799028
-8.814784,50,101.821862
-10.34672,50,101.859953
-11.358088,50,101.888168
-8.659243,50,101.931146
-10.118104,50,101.970237
-14.65656,50,102.00687
-10.115885,50,102.042939
-12.755446,50,102.942933
-15.136857,50,102.980073
-10.201263,50,103.017519
-10.633428,50,103.057218
-10.524316,50,103.093403
-13.04207,50,103.130891
-10.84454,50,103.169569
-12.132497,50,103.210203
-13.467229,50,103.252895
-15.515294,50,103.291079
-16.423736,50,103.329904
-9.842147,50,103.367141
-13.448192,50,103.393728
-10.424311,50,103.428681
-14.540441,50,103.46531
-10.401806,50,103.505849
-15.041028,50,103.54142
-15.716448,50,103.574107
-17.451894,50,103.60865
-9.188294,50,103.643529
-15.705468,50,103.677123
-11.478935,50,103.710858
-9.27565,50,103.751765
-19.273499,50,103.776322
-13.15161,50,103.812636
-11.19298,50,103.847541
-9.549181,50,103.884651
-16.485081,50,103.922799
-9.494821,50,103.950754
-9.223347,50,103.98282
-18.582722,50,104.023378
-11.540946,50,104.061855
-10.434647,50,104.103492
-16.34281,50,104.131975
-12.752907,50,104.164234
-14.014123,50,104.194171
-8.091929,50,104.222195
-17.062607,50,104.255851
-14.655959,50,104.286304
-12.537408,50,104.317368
-14.163206,50,104.353885
-12.470938,50,105.334187
-13.47705,50,105.371331
-12.971471,50,105.413834
-9.961565,50,105.45403
-9.291774,50,105.49282
-10.805023,50,105.532379
-10.449088,50,105.568213
-13.781847,50,105.598222
-10.270682,50,105.630438
-12.317561,50,105.662495
-10.500932,50,105.684931
-13.997983,50,105.705584
-12.068468,50,105.72648
-10.549523,50,105.75631
-12.604679,50,105.791469
-8.521005,50,105.815037
-13.519897,50,105.83867
-10.086998,50,105.871186
-12.919323,50,105.899305
-17.466941,50,105.924963
-13.87209,50,105.948187
-10.260733,50,105.97613
-10.138637,50,106.005655
-9.664441,50,106.032591
-11.975553,50,106.075948
-15.57154,50,106.101275
-16.73831,50,106.142451
-12.841753,50,106.185573
-15.399235,50,106.228398
-12.403236,50,106.262148
-8.697421,50,106.284629
-12.372712,50,106.308254
-15.901705,50,106.343376
-15.909455,50,106.378019
-10.72892,50,106.403004
-9.905366,50,106.431264
-11.252842,50,106.457802
-9.922387,50,106.485201
-10.601591,50,106.52979
-15.167722,50,106.566519
-14.196612,50,106.59982
-10.514223,50,107.254647
-9.417206,50,107.287293
-10.202766,50,107.319218
-12.044736,50,107.357764
-9.486851,50,107.392309
-13.984292,50,107.431764
-10.169507,50,107.461824
-12.191106,50,107.495639
-13.720679,50,107.525805
-12.337567,50,107.556312
-10.867998,50,107.599048
-11.161503,50,107.640201
-13.726466,50,107.673339
-10.17289,50,107.710395
-11.786555,50,107.747918
-10.206139,50,107.778394
-16.285621,50,107.81983
-9.590914,50,107.855006
-8.573127,50,107.891104
-14.521599,50,107.927414
-10.051621,50,107.959028
-15.207475,50,107.990127
-12.98352,50,108.025584
-11.951808,50,108.053804
-10.75299,50,108.07903
-10.259171,50,108.115499
-16.13192,50,108.150756
-12.299685,50,108.184487
-9.451215,50,108.219671
-15.041687,50,108.248675
-9.945324,50,108.285679
-14.845663,50,108.311106
-13.188748,50,108.339631
-16.182197,50,108.377997
-16.694089,50,108.418105
-10.661015,50,108.45716
-11.86518,50,108.500587
-11.353122,50,108.538427
-10.137586,50,108.560663
-16.538099,50,108.583109
-11.374956,50,109.24125
-15.363152,50,109.279666
-18.19859,50,109.315624
-12.747185,50,109.356984
-14.922781,50,109.39911
-13.627034,50,109.438154
-9.466793,50,109.479598
-15.193492,50,109.514514
-12.534875,50,109.553227
-11.305598,50,109.593842
-17.254543,50,109.620322
-13.774969,50,109.648055
-16.205476,50,109.685643
-12.913387,50,109.721262
-9.574519,50,109.755491
-9.503366,50,109.778559
-16.446851,50,109.808716
-11.484108,50,109.838364
-11.121409,50,109.870677
-17.780098,50,109.891815
-16.634547,50,109.912327
-13.174964,50,109.937792
-10.759423,50,109.966508
-16.461052,50,109.999197
-10.714142,50,110.023186
-14.238206,50,110.04653
-12.045543,50,110.085147
-11.88815,50,110.116319
-13.949188,50,110.156591
-12.696812,50,110.190555
-8.733876,50,110.213265
-12.047273,50,110.242235
-14.762252,50,110.27893
-13.033468,50,110.31864
-13.871869,50,110.361067
-15.389451,50,110.390241
-11.243749,50,110.417286
-12.092862,50,110.449991
-12.073869,50,110.477288
-9.702551,50,110.512984
-16.325522,50,110.53848
-16.289526,50,111.292339
-15.230881,50,111.325258
-9.949314,50,111.368246
-11.277755,50,111.409902
-12.024033,50,111.448366
-8.350426,50,111.492114
-10.025431,50,111.526329
-9.668022,50,111.5665
-14.865414,50,111.594554
-11.978964,50,111.619367
-16.860352,50,111.642294
-13.225602,50,111.671317
-10.724397,50,111.704863
-12.135063,50,111.731683
-14.004952,50,111.756039
-14.129427,50,111.78128
-17.871248,50,111.813218
-9.269172,50,111.838042
-14.425232,50,111.863714
-14.054392,50,111.900373
-9.974772,50,111.926007
-14.904708,50,111.952525
-10.040672,50,111.980078
-10.164503,50,112.014098
-11.786459,50,112.048381
-15.171287,50,112.079729
-15.960041,50,112.104422
-11.322645,50,112.129058
-13.772885,50,112.151716
-8.649077,50,112.18064
-13.649127,50,112.215624
-16.506989,50,112.247284
-9.768617,50,112.286252
-9.094181,50,112.309898
-8.773358,50,112.35012
-13.021736,50,112.394264
-9.7597,50,112.436179
-11.166115,50,112.470553
-9.917001,50,112.509233
-9.772832,50,112.540004
-12.786781,50,112.574448
-9.001955,50,113.4029
-12.638872,50,113.443546
-10.259374,50,113.480328
-14.328235,50,113.52295
-8.884056,50,113.560628
-11.769464,50,113.596337
-12.379654,50,113.626048
-11.332959,50,113.667422
-14.774613,50,113.698007
-10.031009,50,113.725858
-16.776191,50,113.75598
-16.684995,50,113.780478
-14.245307,50,113.814526
-17.390126,50,113.847844
-11.530682,50,113.888663
-9.38096,50,113.927323
-13.13478,50,113.955625
-16.8646,50,113.98344
-11.292519,50,114.011679
-8.639177,50,114.034366
-15.069953,50,114.062981
-17.272162,50,114.096115
-12.589447,50,114.123709
-13.961241,50,114.161311
-16.75795,50,114.187965
-17.569001,50,114.216097
-13.272075,50,114.248645
-13.645275,50,114.279254
-10.436213,50,114.318898
-14.488427,50,114.354934
-15.145388,50,114.396156
-12.862265,50,114.436758
-10.540465,50,114.475637
-9.194166,50,114.512538
-12.214722,50,114.549306
-11.332492,50,114.576837
-15.71704,50,114.602275
-9.393451,50,114.636875
-13.850745,50,114.66591
-9.387509,50,114.690922
-9.562395,50,114.729162
-8.764869,50,115.380229
-14.18602,50,115.414184
-8.845991,50,115.444883
-9.562717,50,115.487871
-14.84683,50,115.521343
-12.429115,50,115.556356
-13.987748,50,115.597525
-11.227091,50,115.635555
-10.390214,50,115.67571
-11.973985,50,115.715573
-16.191741,50,115.755205
-12.221892,50,115.790817
-16.324045,50,115.831214
-13.684911,50,115.872591
-12.081493,50,115.910234
-9.374539,50,115.949305
-11.507163,50,115.975396
-11.129488,50,115.999446
-15.458793,50,116.023012
-11.151438,50,116.048381
-9.478075,50,116.088366
-13.99103,50,116.120521
-13.806182,50,116.150274
-10.773191,50,116.175519
-14.30815,50,116.200327
-12.355455,50,116.237514
-11.719375,50,116.270632
-14.45515,50,116.300558
-11.792562,50,116.326832
-12.235218,50,116.3649
-13.158281,50,116.392374
-9.719137,50,116.43776
-12.520293,50,116.474615
-8.943247,50,116.52054
-13.193777,50,116.560748
-15.731453,50,116.601072
-10.660416,50,116.639495
-14.231573,50,116.666974
-9.595611,50,116.706767
-8.886565,50,116.731389
-10.882657,50,116.756977
-14.312426,50,117.481529
-16.365862,50,117.516652
-10.326482,50,117.561165
-9.547233,50,117.599372
-8.718251,50,117.638409
-12.235852,50,117.679158
-12.822831,50,117.717771
-14.859556,50,117.759265
-11.819915,50,117.796433
-15.77247,50,117.837807
-17.062381,50,117.87386
-14.152315,50,117.905848
-13.567348,50,117.937725
-10.526964,50,117.965018
-17.492415,50,117.990973
-12.332682,50,118.016309
-10.891062,50,118.046371
-13.480961,50,118.079407
-8.665834,50,118.1044
-8.974353,50,118.149853
-11.553684,50,118.183329
-9.899116,50,118.212846
-14.864821,50,118.24293
-10.235777,50,118.273542
-13.891633,50,118.308766
-11.041305,50,118.349348
-10.001429,50,118.384465
-14.62525,50,118.41317
-13.078602,50,118.451113
-9.800883,50,118.487784
-13.007147,50,118.528366
-10.358329,50,118.57016
-13.555988,50,118.610422
-14.877328,50,118.648442
-18.295824,50,118.686908
-12.259451,50,118.72403
-13.578694,50,118.762505
-15.353458,50,118.801361
-8.871042,50,118.836559
-13.565189,50,118.874505
-11.670648,50,118.913826
-12.973769,50,119.579739
-14.565033,50,119.612161
-8.479232,50,119.636566
-16.912627,50,119.662162
-10.036802,50,119.706895
-11.948073,50,119.745304
-14.665439,50,119.785869
-9.579057,50,119.826355
-14.458225,50,119.86542
-12.984509,50,119.907323
-17.806534,50,119.942876
-8.328913,50,119.966501
-11.823929,50,119.997142
-14.48078,50,120.019187
-14.439111,50,120.041165
-15.504458,50,120.063267
-14.309547,50,120.084647
-9.599168,50,120.115532
-16.906172,50,120.138094
-14.273091,50,120.169367
-8.306537,50,120.196795
-14.342826,50,120.226459
-13.494333,50,120.26483
-11.12642,50,120.30532
-15.917996,50,120.344238
-9.617215,50,120.372812
-12.946102,50,120.406424
-14.346046,50,120.438803
-14.012394,50,120.477558
-8.502544,50,120.510258
-14.752627,50,120.540647
-8.535983,50,120.570702
-12.505966,50,120.609897
-8.36592,50,120.652215
-8.595418,50,120.692127
-16.572908,50,120.730425
-12.850184,50,120.768069
-16.328483,50,120.809129
-13.15485,50,120.847414
-10.424103,50,120.87651
-9.602028,50,120.898474
-15.791124,50,121.578483
-13.35421,50,121.617552
-10.070274,50,121.65731
-12.933792,50,121.696846
-14.110126,50,121.736664
-9.207151,50,121.767606
-9.600551,50,121.792281
-9.628941,50,121.830683
-14.987422,50,121.866945
-16.687451,50,121.895066
-11.441034,50,121.930238
-14.454901,50,121.955731
-11.029746,50,121.98841
-13.77801,50,122.020892
-7.992373,50,122.054832
-14.833988,50,122.085124
-16.046127,50,122.117087
-8.640246,50,122.153354
-11.674677,50,122.188117
-17.177122,50,122.218359
-15.19119,50,122.254973
-8.480947,50,122.27745
-11.966962,50,122.299919
-9.720472,50,122.322513
-12.041393,50,122.345344
-11.444099,50,122.383355
-8.573769,50,122.410477
-9.862414,50,122.440233
-11.04978,50,122.462112
-10.47748,50,122.491322
-11.603565,50,122.52252
-8.519172,50,122.549282
-12.59487,50,122.590827
-9.021001,50,122.622154
-9.74088,50,122.659942
-14.828183,50,122.694307
-11.021842,50,122.732707
-8.483739,50,122.767472
-17.524696,50,122.797772
-12.449804,50,122.829192
-14.561926,50,122.857345
-15.283089,50,123.41295
-14.218811,50,123.436127
-13.026029,50,123.462914
-9.807136,50,123.501422
-14.212439,50,123.542083
-11.309563,50,123.581445
-10.255325,50,123.619046
-10.413373,50,123.659349
-15.296519,50,123.69979
-8.565081,50,123.726127
-14.478991,50,123.769811
-17.527926,50,123.797992
-17.886566,50,123.822945
-8.395647,50,123.850605
-13.523202,50,123.877672
-12.252838,50,123.904638
-11.251633,50,123.93198
-8.640278,50,123.952433
-11.036715,50,123.972232
-9.959462,50,124.015465
-16.359717,50,124.052932
-13.227296,50,124.087927
-8.489049,50,124.127351
-8.149278,50,124.167829
-12.396503,50,124.203789
-12.174603,50,124.239259
-13.349942,50,124.28135
-10.090105,50,124.316885
-16.449968,50,124.358962
-9.498988,50,124.395911
-11.273852,50,124.42338
-12.488915,50,124.459891
-8.401219,50,124.493807
-7.925255,50,124.527367
-8.800769,50,124.555313
-12.524886,50,124.588874
-11.928754,50,124.610633
-8.802462,50,124.638285
-10.97599,50,124.660406
-8.983015,50,124.681765
-14.662879,50,124.712246
-13.703121,50,125.358747
-8.066628,50,125.38242
-9.125209,50,125.403855
-12.317784,50,125.425207
-8.299812,50,125.449913
-15.858012,50,125.469876
-16.24122,50,125.49965
-11.340257,50,125.522687
-13.958656,50,125.544934
-9.730679,50,125.573677
-15.333432,50,125.597531
-10.390918,50,125.63132
-17.681776,50,125.668145
-8.335258,50,125.707342
-11.175274,50,125.749249
-9.500602,50,125.789
-13.496186,50,125.81971
-8.63647,50,125.843404
-8.505411,50,125.884494
-11.265233,50,125.912788
-7.98949,50,125.945379
-9.712293,50,125.972973
-13.096107,50,126.000761
-8.940797,50,126.028116
-9.86545,50,126.056743
-7.616389,50,126.087582
-16.194769,50,126.115563
-10.740028,50,126.142483
-8.661782,50,126.169531
-9.482373,50,126.192281
-17.286768,50,126.216133
-14.548458,50,126.260308
-12.408838,50,126.283168
-9.278093,50,126.304606
-10.292001,50,126.329829
-10.738429,50,126.356155
-9.099693,50,126.378809
-10.063349,50,126.39923
-11.633651,50,126.441043
-8.538967,50,126.48129
-9.545813,50,126.52187
-9.894722,50,127.207462
-13.06514,50,127.235783
-11.731394,50,127.260788
-14.208588,50,127.281329
-8.146415,50,127.305211
-10.342488,50,127.332104
-9.598023,50,127.369047
-14.289086,50,127.395641
-14.472777,50,127.422128
-14.599667,50,127.444619
-9.262017,50,127.469506
-9.299139,50,127.494037
-8.633034,50,127.518934
-17.81686,50,127.548273
-17.976155,50,127.569251
-13.034838,50,127.590528
-9.646055,50,127.614839
-16.987803,50,127.639074
-7.889194,50,127.667873
-8.799296,50,127.687662
-12.317015,50,127.707418
-10.188111,50,127.729022
-14.826877,50,127.760648
-11.066468,50,127.790832
-13.006841,50,127.820314
-13.088967,50,127.858172
-14.97127,50,127.885888
-11.425952,50,127.906563
-17.447367,50,127.936071
-9.880355,50,127.97092
-10.817896,50,127.99183
-17.159842,50,128.01645
-9.086136,50,128.048186
-15.442338,50,128.07175
-10.209516,50,128.093967
-10.408633,50,128.115539
-11.033625,50,128.139095
-7.891462,50,128.180057
-11.618365,50,128.204502
-15.143478,50,128.245467
-10.157015,50,128.281619
-10.452937,50,129.01141
-11.065144,50,129.045407
-12.203451,50,129.073395
-8.844825,50,129.100594
-11.789916,50,129.12796
-9.811334,50,129.153914
-10.534695,50,129.178934
-9.084548,50,129.206139
-9.122358,50,129.234856
-8.816546,50,129.265595
-8.931224,50,129.29092
-10.996177,50,129.316846
-10.728786,50,129.343458
-8.483357,50,129.370341
-9.769112,50,129.39504
-10.955691,50,129.42058
-11.140447,50,129.454929
-11.975374,50,129.478523
-14.322714,50,129.499233
-10.586299,50,129.52669
-9.400798,50,129.556159
-9.540314,50,129.58528
-13.212962,50,129.62769
-10.003659,50,129.660134
-11.119983,50,129.690294
-15.108866,50,129.715015
-16.908613,50,129.746506
-13.947653,50,129.783305
-8.88017,50,129.818623
-16.202744,50,129.85164
-16.76699,50,129.889059
-11.705976,50,129.914376
-9.271884,50,129.942315
-10.860281,50,129.983819
-15.802449,50,130.022853
-9.29147,50,130.063344
-15.109689,50,130.101769
-12.659419,50,130.141515
-9.561548,50,130.167614
-16.537948,50,130.203619
-8.523986,50,130.238267
-12.645768,50,130.938089
-15.253527,50,130.976529
-13.189679,50,131.005949
-13.078203,50,131.033103
-9.083673,50,131.058138
-13.655567,50,131.091544
-14.86015,50,131.130025
-12.557027,50,131.169208
-10.035934,50,131.209634
-12.522216,50,131.244399
-14.739507,50,131.282197
-9.032848,50,131.321201
-15.226393,50,131.358127
-11.42939,50,131.390682
-9.504073,50,131.430684
-10.618238,50,131.465243
-16.350566,50,131.508244
-11.565443,50,131.546331
-13.266385,50,131.586173
-18.086024,50,131.629723
-8.248185,50,131.660301
-9.677028,50,131.6958
-14.298403,50,131.718544
-12.849167,50,131.747907
-9.489049,50,131.774602
-15.348516,50,131.809041
-12.164147,50,131.830442
-8.770753,50,131.871386
-12.411125,50,131.905649
-8.708583,50,131.936903
-14.023569,50,131.967285
-13.988841,50,131.989822
-16.598138,50,132.013519
-8.47403,50,132.039326
-10.138869,50,132.075832
-13.594942,50,132.10059
-8.669911,50,132.123318
-10.730036,50,132.150999
-8.928517,50,132.174332
-8.545751,50,132.195909
-14.52591,50,132.21868
-14.573586,50,132.87923
-8.638132,50,132.916977
-13.899459,50,132.950163
-11.477388,50,132.97945
-11.59456,50,133.014495
-9.695718,50,133.0383
-16.770078,50,133.07975
-9.272391,50,133.115057
-9.202123,50,133.150099
-14.038413,50,133.185278
-12.971602,50,133.214726
-15.56387,50,133.258364
-11.626003,50,133.294156
-9.680668,50,133.335246
-10.885079,50,133.375101
-16.331396,50,133.412447
-9.6714,50,133.443819
-13.527292,50,133.478522
-12.961287,50,133.515119
-13.383704,50,133.549981
-13.320331,50,133.58356
-14.707218,50,133.621323
-10.261732,50,133.646087
-13.266227,50,133.67127
-11.985029,50,133.705863
-12.364042,50,133.730903
-16.211347,50,133.76759
-11.566683,50,133.808381
-12.571033,50,133.846943
-10.732086,50,133.883748
-11.398631,50,133.926285
-14.018471,50,133.952451
-8.421857,50,133.988274
-9.975564,50,134.024905
-9.779874,50,134.056621
-9.09507,50,134.08166
-12.806714,50,134.104061
-10.879742,50,134.126893
-9.07714,50,134.149714
-8.567511,50,134.178424
-15.450021,50,134.20348
-12.811775,50,134.813377
-13.295258,50,134.849699
-9.503701,50,134.885682
-10.316461,50,134.924304
-10.886223,50,134.965773
-9.122182,50,135.002232
-11.720413,50,135.040726
-15.278616,50,135.069873
-7.815286,50,135.099942
-10.767035,50,135.122312
-16.015334,50,135.159137
-10.49272,50,135.196284
-11.592989,50,135.236512
-11.423636,50,135.276382
-10.479683,50,135.316442
-11.350702,50,135.356002
-10.128503,50,135.397983
-13.195213,50,135.436997
-15.931227,50,135.476737
-10.859039,50,135.514935
-12.61783,50,135.554635
-9.405118,50,135.595052
-13.606722,50,135.625468
-10.891051,50,135.654552
-10.855403,50,135.679614
-8.989635,50,135.715356
-11.220689,50,135.747813
-8.21706,50,135.774843
-9.90804,50,135.803347
-8.667028,50,135.833177
-12.175656,50,135.874692
-14.808192,50,135.906224
-8.396861,50,135.941123
-14.448052,50,135.977108
-9.564765,50,136.011694
-14.105064,50,136.035553
-8.47361,50,136.069534
-11.234102,50,136.098164
-10.743817,50,136.128352
-8.383432,50,136.167045
-8.578204,50,136.196688
-12.173548,50,136.882612
-9.774906,50,136.915814
-15.539798,50,136.952824
-10.875687,50,136.99514
-11.916598,50,137.037221
-9.772519,50,137.072333
-12.76456,50,137.114379
-15.023415,50,137.143061
-10.341283,50,137.171579
-10.555903,50,137.210062
-11.742128,50,137.245809
-11.45701,50,137.273989
-17.897932,50,137.298728
-10.510605,50,137.321377
-12.25887,50,137.345295
-10.401238,50,137.38174
-13.845673,50,137.409109
-9.491986,50,137.435551
-11.006038,50,137.461648
-12.851037,50,137.485541
-13.069184,50,137.509739
-11.377071,50,137.5489
-13.301109,50,137.571334
-10.785896,50,137.594412
-11.717301,50,137.622211
-10.581282,50,137.661479
-10.608259,50,137.688037
-8.658583,50,137.721579
-9.663587,50,137.751472
-9.171706,50,137.788004
-10.428654,50,137.815686
-12.677332,50,137.84574
-10.925068,50,137.877362
-9.339157,50,137.916821
-11.619374,50,137.957988
-9.746059,50,137.995333
-13.403438,50,138.037317
-10.653379,50,138.072694
-10.048235,50,138.105956
-9.974725,50,138.134313
-12.232015,50,138.17016
-14.258924,50,138.835256
-9.694117,50,138.870598
-14.4108,50,138.913405
-15.468802,50,138.956808
-11.756152,50,138.995905
-8.819064,50,139.0384
-8.99294,50,139.076404
-12.782378,50,139.115729
-9.116608,50,139.149033
-16.339342,50,139.190555
-9.39061,50,139.228735
-9.71419,50,139.267789
-13.264672,50,139.294873
-10.330138,50,139.326156
-11.44254,50,139.359106
-7.837707,50,139.394819
-13.512664,50,139.424504
-9.219409,50,139.452283
-16.404864,50,139.48071
-9.497904,50,139.509214
-11.037271,50,139.536308
-10.559513,50,139.568613
-10.799106,50,139.598204
-15.583558,50,139.627244
-11.421654,50,139.663485
-9.949647,50,139.699869
-8.218064,50,139.728541
-12.289141,50,139.754379
-9.909514,50,139.794689
-9.836434,50,139.830368
-14.459944,50,139.854113
-8.708998,50,139.898885
-9.225172,50,139.938891
-9.798098,50,139.978264
-13.715662,50,140.019131
-15.166592,50,140.054817
-8.650129,50,140.095336
-8.544059,50,140.12943
-16.113249,50,140.163966
-11.539214,50,140.188462
-14.184555,50,140.215466
-9.907788,50,140.919186
-9.468249,50,140.960184
-10.148689,50,141.000772
-12.496787,50,141.039466
-11.916114,50,141.079217
-10.540687,50,141.118935
-11.062221,50,141.150898
-10.893832,50,141.192812
-16.576413,50,141.229431
-10.660294,50,141.265023
-12.945525,50,141.296646
-8.609806,50,141.32427
-8.152394,50,141.352056
-14.718802,50,141.382844
-8.513874,50,141.415292
-9.254125,50,141.445253
-14.784499,50,141.473615
-10.030871,50,141.498654
-17.082898,50,141.540184
-10.897685,50,141.579131
-11.167599,50,141.609138
-15.271465,50,141.639023
-10.51793,50,141.675398
-11.502538,50,141.700032
-8.671507,50,141.725899
-12.854125,50,141.769163
-11.960333,50,141.802778
-12.332626,50,141.837667
-9.799323,50,141.877256
-11.269767,50,141.910541
-10.222689,50,141.95393
-9.422174,50,141.987475
-12.202425,50,142.032277
-8.204521,50,142.07691
-8.797077,50,142.099226
-8.415249,50,142.135899
-9.832124,50,142.16223
-11.802119,50,142.203775
-9.993501,50,142.243964
-11.841129,50,142.283819
-13.764017,50,142.320369
-13.006648,50,143.021382
-10.79534,50,143.059114
-11.102741,50,143.097732
-11.316896,50,143.13908
-9.655067,50,143.176469
-9.469642,50,143.216172
-9.357254,50,143.256157
-9.520777,50,143.296761
-10.636917,50,143.334672
-10.037007,50,143.367791
-11.855859,50,143.402848
-13.468578,50,143.438288
-13.833498,50,143.467783
-11.073571,50,143.499174
-9.983806,50,143.533281
-10.35622,50,143.568071
-8.361104,50,143.602254
-8.675954,50,143.641475
-14.398549,50,143.671927
-14.031789,50,143.698316
-10.176647,50,143.731371
-9.658667,50,143.757627
-9.481761,50,143.78873
-11.448077,50,143.825815
-10.580934,50,143.862284
-8.871882,50,143.903562
-13.364541,50,143.943886
-10.719368,50,143.978733
-9.676281,50,144.019891
-15.324263,50,144.058282
-8.209859,50,144.094119
-11.034029,50,144.132389
-12.666314,50,144.176261
-9.869428,50,144.216094
-9.948692,50,144.248894
-8.657022,50,144.277254
-16.44411,50,144.304392
-12.061504,50,144.333032
-9.497523,50,144.355328
-8.990437,50,144.376752
-14.570771,50,144.400581
-9.790982,50,145.078124
-13.536353,50,145.108762
-12.594982,50,145.14123
-9.556904,50,145.170633
-8.738369,50,145.211707
-8.221131,50,145.248958
-9.248372,50,145.286661
-11.962377,50,145.325904
-9.988944,50,145.35711
-16.069888,50,145.39656
-8.934417,50,145.428106
-12.866385,50,145.457351
-9.586484,50,145.497808
-10.882573,50,145.52463
-8.954741,50,145.550064
-13.078968,50,145.583311
-8.554464,50,145.615579
-13.297774,50,145.638886
-8.314648,50,145.667701
-10.473037,50,145.707977
-10.365825,50,145.746119
-14.424685,50,145.781674
-8.926048,50,145.822134
-15.412356,50,145.853866
-11.029736,50,145.88894
-10.783001,50,145.927512
-9.278937,50,145.954353
-11.32817,50,145.978689
-8.456558,50,146.021217
-8.542042,50,146.05809
-10.696064,50,146.087258
-10.613381,50,146.122771
-9.168473,50,146.145462
-12.951804,50,146.174997
-8.662666,50,146.216538
-9.150046,50,146.243507
-9.642617,50,146.284371
-12.425849,50,146.323542
-8.520593,50,146.355844
-8.721021,50,146.389805
-12.757152,50,146.426912
-17.320063,50,147.143192
-9.943224,50,147.183182
-12.617126,50,147.21728
-10.384616,50,147.259
-9.834396,50,147.298129
-14.684339,50,147.337893
-14.128867,50,147.376029
-14.03846,50,147.416166
-9.60949,50,147.454997
-9.416499,50,147.493515
-11.580284,50,147.532231
-9.036756,50,147.566318
-13.908604,50,147.591851
-10.9815,50,147.633006
-14.440183,50,147.671335
-9.768162,50,147.701678
-10.814954,50,147.738345
-8.596971,50,147.762518
-13.228909,50,147.799936
-9.257112,50,147.83482
-10.452884,50,147.864983
-10.259153,50,147.891794
-11.245514,50,147.921393
-12.457408,50,147.949944
-9.478536,50,147.992429
-15.005549,50,148.031258
-13.975157,50,148.056977
-13.989426,50,148.082778
-9.264693,50,148.105585
-10.652169,50,148.146592
-8.325146,50,148.188316
-13.005306,50,148.22418
-14.257477,50,148.268556
-11.466826,50,148.305547
-9.446171,50,148.325711
-8.420294,50,148.349239
-10.77576,50,148.391403
-11.793776,50,148.428361
-13.002734,50,148.463703
-11.22857,50,148.498757
-11.099662,50,148.530099
-10.527863,50,149.153076
-7.936856,50,149.191189
-10.527419,50,149.22918
-10.117982,50,149.265116
-9.475334,50,149.305794
-11.198587,50,149.34489
-13.103271,50,149.38094
-10.801123,50,149.418127
-8.431663,50,149.455396
-10.062327,50,149.495045
-8.77007,50,149.522299
-7.967242,50,149.549512
-11.697064,50,149.594628
-9.491269,50,149.631434
-13.292409,50,149.665715
-15.757392,50,149.695789
-11.882451,50,149.727183
-11.620585,50,149.756345
-11.729998,50,149.797208
-8.628409,50,149.840303
-13.721842,50,149.882334
-10.192669,50,149.912738
-13.42398,50,149.949375
-7.377228,50,149.981952
-11.384179,50,150.004126
-10.378014,50,150.035472
-12.6188,50,150.069418
-12.614245,50,150.107303
-9.797089,50,150.146808
-7.947026,50,150.18162
-14.08146,50,150.207661
-12.45452,50,150.243752
-8.411333,50,150.289161
-8.149143,50,150.329067
-10.807334,50,150.368932
-8.571484,50,150.405805
-12.866439,50,150.446138
-15.703522,50,150.470794
-13.138473,50,150.495723
-16.07863,50,150.526334
-9.883443,50,150.556411
-8.898911,50,151.249029
-9.04493,50,151.286314
-8.160631,50,151.32527
-9.859524,50,151.363961
-8.153804,50,151.400191
-14.328583,50,151.442183
-10.587633,50,151.480402
-13.14056,50,151.516499
-11.84674,50,151.555785
-13.767905,50,151.595215
-8.694731,50,151.63468
-12.409256,50,151.673944
-7.453475,50,151.710132
-8.692201,50,151.741253
-13.529704,50,151.78649
-9.709569,50,151.823108
-8.358607,50,151.859
-15.856457,50,151.893322
-13.83384,50,151.926903
-8.227042,50,151.95939
-8.231096,50,151.981035
-7.889668,50,152.020171
-9.232433,50,152.061399
-9.856896,50,152.099215
-9.194605,50,152.131104
-17.437504,50,152.153555
-16.294598,50,152.191072
-9.065362,50,152.223645
-8.564259,50,152.268224
-10.001167,50,152.307717
-14.305394,50,152.347276
-7.9192,50,152.388014
-8.479386,50,152.423097
-9.230471,50,152.455824
-13.260708,50,152.483639
-10.097379,50,152.517528
-13.596437,50,152.541908
-7.756333,50,152.567531
-10.418475,50,152.593658
-11.518547,50,152.63459
-9.961526,50,152.670204
-13.54836,50,153.423434
-10.305995,50,153.464326
-14.412823,50,153.502921
-13.108303,50,153.540613
-9.213958,50,153.580349
-11.958481,50,153.619482
-9.952661,50,153.660335
-12.452718,50,153.700268
-12.92884,50,153.73828
-10.947713,50,153.779337
-9.044959,50,153.822087
-8.753063,50,153.851597
-7.129637,50,153.885026
-8.574874,50,153.913943
-8.028239,50,153.950028
-14.96444,50,153.982941
-9.275217,50,154.021022
-11.768473,50,154.054899
-16.069597,50,154.087104
-14.750893,50,154.117237
-9.5147,50,154.14702
-10.592623,50,154.18047
-8.453821,50,154.214114
-8.880512,50,154.253286
-14.403352,50,154.285551
-10.00002,50,154.322212
-8.107302,50,154.357139
-14.423324,50,154.392514
-14.129852,50,154.434099
-12.990851,50,154.472538
-9.62218,50,154.512678
-8.4966,50,154.552807
-12.014485,50,154.593683
-14.14211,50,154.632421
-10.006477,50,154.67098
-9.288276,50,154.711212
-10.218709,50,154.746841
-10.046509,50,154.781298
-13.513953,50,154.81286
-12.751592,50,154.846783
-12.136822,50,154.88402
-14.378302,50,155.568995
-8.456209,50,155.609622
-14.194527,50,155.643972
-9.033836,50,155.683007
-8.974702,50,155.723197
-10.227088,50,155.76412
-13.970754,50,155.80435
-12.652536,50,155.844846
-9.804439,50,155.882723
-16.219473,50,155.90954
-11.369451,50,155.935761
-11.996789,50,155.968654
-12.216419,50,156.004423
-10.730336,50,156.035715
-10.468488,50,156.077809
-11.476709,50,156.118305
-11.623508,50,156.147209
-9.85838,50,156.189299
-13.742186,50,156.222312
-12.613685,50,156.263631
-11.204966,50,156.299393
-9.85025,50,156.338477
-8.064179,50,156.379098
-13.938049,50,156.415412
-9.672446,50,156.458673
-14.944476,50,156.489049
-9.345073,50,156.517423
-8.291506,50,156.544973
-7.834568,50,156.589605
-13.237948,50,156.626154
-10.065076,50,156.653008
-11.360053,50,156.685415
-14.846445,50,156.721157
-11.005622,50,156.76241
-11.448067,50,156.799356
-8.994851,50,156.836309
-16.04185,50,156.874309
-7.48155,50,156.91462
-10.566644,50,156.945789
-10.207542,50,156.977648
-8.915623,50,157.001621
-9.910443,50,157.675847
-8.620957,50,157.716259
-8.264808,50,157.755418
-9.286506,50,157.795854
-15.713382,50,157.832507
-9.291915,50,157.872959
-8.783226,50,157.901144
-15.533926,50,157.938325
-7.654587,50,157.965414
-9.622504,50,158.004713
-9.152317,50,158.03032
-8.108826,50,158.057837
-8.713924,50,158.08698
-7.956964,50,158.116794
-12.238827,50,158.14653
-8.994105,50,158.179806
-10.295212,50,158.206326
-10.553157,50,158.231849
-9.818192,50,158.257958
-11.701837,50,158.28233
-8.509184,50,158.306973
-9.999578,50,158.344795
-8.788504,50,158.371651
-9.095433,50,158.401249
-8.187268,50,158.439257
-7.828499,50,158.479001
-13.13162,50,158.520071
-9.783818,50,158.545242
-12.965133,50,158.57446
-14.631558,50,158.600574
-9.989143,50,158.635509
-8.328105,50,158.681123
-9.834108,50,158.721129
-14.08468,50,158.759649
-8.180353,50,158.79932
-8.090081,50,158.83616
-10.441543,50,158.875054
-9.651048,50,158.911999
-11.226269,50,158.951131
-9.672618,50,158.986198
-10.93334,50,159.785685
-12.813275,50,159.826127
-9.097244,50,159.866688
-10.168223,50,159.903152
-9.785464,50,159.942742
-7.209517,50,159.98578
-10.11268,50,160.0264
-10.843489,50,160.068237
-9.682441,50,160.106944
-9.724219,50,160.14397
-9.917036,50,160.184445
-9.610065,50,160.223835
-15.876765,50,160.265035
-13.763464,50,160.303252
-8.943492,50,160.343293
-15.392506,50,160.385963
-9.100937,50,160.421253
-10.868259,50,160.462088
-8.042538,50,160.49218
-13.681103,50,160.516052
-15.262682,50,160.545323
-10.057066,50,160.57649
-13.218729,50,160.605695
-15.794352,50,160.636817
-10.165566,50,160.664133
-13.73031,50,160.692391
-10.825905,50,160.719246
-7.342803,50,160.754185
-8.81183,50,160.794484
-10.778702,50,160.83317
-13.924837,50,160.875789
-13.414343,50,160.913203
-11.990987,50,160.952925
-9.215757,50,160.993488
-14.200447,50,161.032707
-13.138373,50,161.066414
-8.564078,50,161.108725
-13.578692,50,161.148944
-14.78615,50,161.17644
-17.79694,50,161.214496
-7.820744,50,161.247611
-12.404646,50,161.879216
-7.467078,50,161.918394
-12.089559,50,161.957399
-10.651161,50,161.996912
-14.744905,50,162.038082
-15.856736,50,162.077547
-9.149376,50,162.11613
-8.057108,50,162.154432
-10.110464,50,162.186841
-9.959271,50,162.229023
-15.905506,50,162.269112
-15.2305,50,162.301219
-12.086424,50,162.329327
-8.801979,50,162.364526
-14.942407,50,162.386775
-8.093467,50,162.41098
-16.071601,50,162.448946
-11.691136,50,162.485522
-8.070489,50,162.507342
-7.949471,50,162.549595
-8.671378,50,162.588658
-10.571088,50,162.615834
-10.755476,50,162.643506
-8.663,50,162.67834
-12.047224,50,162.706586
-11.435287,50,162.735401
-13.880436,50,162.773474
-8.973735,50,162.813668
-14.5876,50,162.85231
-8.612469,50,162.891267
-7.714392,50,162.928854
-9.837136,50,162.97097
-16.308352,50,163.010619
-9.091081,50,163.051714
-7.249525,50,163.089214
-11.121402,50,163.11375
-8.930276,50,163.135353
-7.622659,50,163.157376
-10.246178,50,163.184008
-14.870461,50,163.21019
-10.081966,50,163.246174
-9.480547,50,164.051886
-8.096345,50,164.092139
-8.066561,50,164.128577
-16.613246,50,164.169356
-10.988249,50,164.208982
-9.540619,50,164.249915
-9.430368,50,164.289243
-9.063947,50,164.326702
-7.321195,50,164.363079
-12.174072,50,164.392692
-12.839888,50,164.423342
-9.359021,50,164.450371
-11.129316,50,164.490331
-13.172794,50,164.526969
-8.538987,50,164.569021
-14.384277,50,164.605885
-15.183698,50,164.647525
-10.591659,50,164.681751
-9.621257,50,164.719754
-11.574417,50,164.753346
-7.769801,50,164.795229
-10.158511,50,164.835507
-10.227691,50,164.871622
-9.144987,50,164.912303
-8.706787,50,164.946944
-8.777501,50,164.981365
-10.337371,50,165.003414
-9.570619,50,165.024805
-7.632252,50,165.04616
-8.468578,50,165.090342
-9.855381,50,165.126623
-11.105346,50,165.170632
-9.023893,50,165.203949
-14.445642,50,165.237447
-9.16653,50,165.272363
-13.896986,50,165.305428
-14.207661,50,165.341452
-7.670183,50,165.370884
-14.386228,50,165.411535
-10.385583,50,165.444886
-11.99208,50,165.474109
-10.514555,50,166.197248
-9.285734,50,166.235272
-8.596759,50,166.276338
-8.099906,50,166.315437
-15.911494,50,166.353549
-14.947849,50,166.392823
-8.596643,50,166.43046
-13.896707,50,166.459891
-14.014687,50,166.496153
-18.596205,50,166.528051
-13.195481,50,166.549673
-9.361935,50,166.585041
-10.582143,50,166.621049
-12.099742,50,166.646439
-10.950464,50,166.677572
-13.25239,50,166.710922
-8.794839,50,166.739846
-9.359964,50,166.770752
-11.555689,50,166.802823
-9.633672,50,166.827858
-12.053795,50,166.861242
-14.010408,50,166.887134
-15.927726,50,166.909196
-13.924219,50,166.939034
-10.70666,50,166.969254
-15.560268,50,167.005335
-8.808119,50,167.037253
-7.742398,50,167.077773
-9.842017,50,167.105056
-9.910955,50,167.14138
-9.87177,50,167.170438
-16.142054,50,167.20461
-8.599665,50,167.244423
-13.876959,50,167.284449
-9.75634,50,167.324435
-9.832209,50,167.365816
-11.09456,50,167.39989
-8.262496,50,167.443847
-14.71543,50,167.48243
-8.641475,50,167.513165
-8.284678,50,167.552198
-10.192184,50,168.289827
-16.648033,50,168.325211
-7.77119,50,168.365279
-10.166668,50,168.405611
-9.040614,50,168.448072
-10.563087,50,168.485047
-14.135253,50,168.526272
-9.383467,50,168.563003
-8.241718,50,168.602418
-13.014727,50,168.643632
-10.810408,50,168.670138
-11.78052,50,168.702189
-9.849148,50,168.735401
-10.254419,50,168.767133
-8.897938,50,168.804951
-8.692174,50,168.843353
-14.947936,50,168.876418
-8.876835,50,168.91603
-16.85557,50,168.948192
-14.813802,50,168.988021
-10.350708,50,169.013437
-12.707611,50,169.039383
-14.088237,50,169.077493
-11.320095,50,169.115987
-12.98004,50,169.154979
-9.818646,50,169.188778
-9.942914,50,169.216507
-13.813027,50,169.259434
-9.938702,50,169.289234
-10.682699,50,169.323521
-8.844755,50,169.357376
-9.575505,50,169.398809
-9.480554,50,169.43178
-9.127704,50,169.462272
-9.065102,50,169.492768
-7.78623,50,169.520879
-14.725115,50,169.5594
-13.76245,50,169.599126
-12.329421,50,169.631412
-13.580969,50,169.666725
-9.917756,50,169.703751
-14.552542,50,170.422598
-14.201993,50,170.456307
-14.172194,50,170.496176
-10.206399,50,170.536397
-10.438325,50,170.574294
-14.072186,50,170.612931
-12.689145,50,170.640181
-16.650753,50,170.671783
-10.42716,50,170.70408
-11.305069,50,170.736894
-8.226731,50,170.777536
-8.06899,50,170.811197
-10.242905,50,170.840578
-10.075068,50,170.872104
-8.694124,50,170.906153
-10.960266,50,170.947479
-11.148741,50,170.986485
-9.071193,50,171.012644
-13.174531,50,171.049574
-17.865935,50,171.088383
-15.157816,50,171.120133
-9.823005,50,171.154877
-7.950645,50,171.186434
-11.581356,50,171.222953
-7.861393,50,171.249718
-8.457393,50,171.289626
-11.251974,50,171.331782
-10.928296,50,171.360452
-13.447648,50,171.397478
-10.119083,50,171.437884
-15.571805,50,171.473748
-9.37529,50,171.515077
-9.441468,50,171.555833
-11.767748,50,171.595779
-10.694806,50,171.634116
-9.621465,50,171.675284
-17.388599,50,171.712093
-12.265073,50,171.74016
-12.323523,50,171.774582
-11.563687,50,171.803403
-11.917915,50,171.829386
-10.100872,50,172.491112
-9.695568,50,172.526514
-7.534289,50,172.566785
-8.194018,50,172.60677
-13.737082,50,172.649529
-12.971031,50,172.688167
-15.278316,50,172.730106
-11.193133,50,172.771057
-8.675885,50,172.811916
-10.630261,50,172.851193
-7.520621,50,172.890305
-13.732001,50,172.932722
-12.812572,50,172.972849
-7.653124,50,172.998195
-8.633011,50,173.020079
-8.85366,50,173.041845
-14.108532,50,173.079958
-11.964836,50,173.118113
-8.677247,50,173.148213
-9.438232,50,173.180022
-12.751396,50,173.221419
-17.076769,50,173.255675
-10.533008,50,173.294539
-10.52292,50,173.322432
-9.604566,50,173.358392
-7.837414,50,173.395066
-11.058116,50,173.422994
-8.250003,50,173.445177
-14.755611,50,173.471782
-10.603073,50,173.503933
-9.394877,50,173.546135
-12.61556,50,173.582527
-12.511363,50,173.625334
-13.854506,50,173.665687
-8.050301,50,173.708264
-16.260507,50,173.750823
-9.668061,50,173.78172
-13.710141,50,173.811731
-14.816298,50,173.843431
-11.885453,50,173.87963
-8.000129,50,173.911156
-14.792621,50,174.572703
-8.620379,50,174.611411
-9.183073,50,174.64946
-15.209355,50,174.686124
-14.880511,50,174.726451
-17.214873,50,174.766614
-11.267893,50,174.805168
-10.134517,50,174.845185
-11.606967,50,174.882356
-8.689614,50,174.916481
-8.939761,50,174.946497
-10.347914,50,174.979296
-12.806065,50,175.004099
-11.988086,50,175.025562
-8.448443,50,175.048199
-12.51195,50,175.075759
-10.555463,50,175.103968
-17.497756,50,175.139939
-11.529738,50,175.174293
-14.414123,50,175.205768
-14.783364,50,175.228706
-8.608264,50,175.252846
-14.478194,50,175.278457
-14.892006,50,175.321346
-8.467871,50,175.350786
-11.77709,50,175.379081
-7.936908,50,175.408433
-8.635825,50,175.435488
-7.319833,50,175.470697
-8.299547,50,175.498883
-12.627926,50,175.538386
-13.49283,50,175.579937
-11.199068,50,175.61436
-13.021529,50,175.648391
-10.908389,50,175.673336
-10.822585,50,175.694646
-8.744398,50,175.72074
-10.069326,50,175.742621
-9.919982,50,175.768121
-16.91974,50,175.806657
-10.988019,50,175.845432
-8.394651,50,176.777848
-11.869322,50,176.814931
-11.15919,50,176.852907
-8.829009,50,176.892442
-9.911059,50,176.929978
-10.240963,50,176.973408
-7.791115,50,177.013361
-12.731468,50,177.051365
-12.025295,50,177.093947
-12.930908,50,177.1271
-8.416853,50,177.158459
-8.01176,50,177.192281
-11.365273,50,177.22571
-7.488381,50,177.25222
-13.525738,50,177.278879
-10.664843,50,177.306463
-10.567358,50,177.341239
-7.960495,50,177.379613
-15.23489,50,177.411467
-13.75774,50,177.443501
-12.434639,50,177.482948
-8.799768,50,177.510417
-7.653921,50,177.555888
-12.084745,50,177.594413
-11.919953,50,177.634825
-16.610402,50,177.674978
-10.152422,50,177.710188
-14.216276,50,177.736512
-11.816248,50,177.759339
-7.420382,50,177.802361
-7.702384,50,177.845122
-13.191564,50,177.882374
-13.336622,50,177.921979
-13.638465,50,177.964936
-12.905947,50,178.003908
-12.492573,50,178.036668
-9.719463,50,178.065526
-11.702377,50,178.098099
-8.503291,50,178.127803
-8.029986,50,178.161276
-9.863694,50,178.203068
-14.428806,50,179.205959
-11.047624,50,179.240133
-18.30459,50,179.283247
-13.495214,50,179.317458
-8.558506,50,179.357391
-13.282651,50,179.398813
-10.970777,50,179.437261
-9.363435,50,179.475607
-17.812385,50,179.516382
-13.099851,50,179.548978
-13.102466,50,179.579722
-9.967437,50,179.612706
-8.662374,50,179.640389
-12.869551,50,179.670709
-15.547776,50,179.709311
-8.61349,50,179.746785
-8.324806,50,179.78093
-13.883929,50,179.815141
-14.350763,50,179.854376
-8.313311,50,179.885914
-9.085192,50,179.919364
-12.127836,50,179.953765
-11.440313,50,179.993394
-9.18698,50,180.031941
-12.649778,50,180.05653
-8.344948,50,180.089029
-10.808819,50,180.129497
-11.310173,50,180.160299
-8.353349,50,180.189264
-8.397051,50,180.232363
-10.469486,50,180.274034
-8.199688,50,180.309963
-18.130619,50,180.350992
-16.03648,50,180.383248
-9.22404,50,180.411747
-13.899395,50,180.442837
-8.775072,50,180.466463
-14.558199,50,180.492447
-7.620234,50,180.516951
-9.762956,50,180.542144
-8.075413,50,180.57387
-16.099596,50,181.175482
-15.344123,50,181.211053
-11.355702,50,181.252705
-17.018527,50,181.291425
-13.436495,50,181.329611
-11.671506,50,181.371493
-17.241652,50,181.411978
-11.179731,50,181.438358
-8.781716,50,181.465297
-9.526063,50,181.492301
-10.683713,50,181.532099
-17.845607,50,181.560966
-10.462318,50,181.588792
-13.785616,50,181.615225
-8.724045,50,181.652339
-8.417314,50,181.683154
-7.668047,50,181.716839
-12.777811,50,181.745378
-13.702192,50,181.786801
-11.842857,50,181.811525
-9.228198,50,181.839271
-9.459556,50,181.865921
-8.742968,50,181.893178
-9.884847,50,181.935183
-10.111065,50,181.968958
-9.448552,50,182.008299
-8.571754,50,182.044417
-16.223973,50,182.075588
-11.153504,50,182.103142
-7.411619,50,182.134901
-16.779393,50,182.173074
-10.66394,50,182.208379
-14.986259,50,182.232092
-7.936024,50,182.264151
-11.229463,50,182.307338
-13.387879,50,182.345297
-7.552931,50,182.383198
-9.237957,50,182.422438
-10.892342,50,182.455339
-15.678645,50,182.495771
-12.311761,50,182.53149
-7.930111,50,183.288814
-7.959361,50,183.324237
-13.395797,50,183.364493
-12.305246,50,183.401959
-8.067347,50,183.440837
-8.310535,50,183.482878
-10.172,50,183.522955
-9.19565,50,183.557167
-15.89811,50,183.586951
-14.11364,50,183.614041
-16.90253,50,183.651232
-13.480696,50,183.686369
-8.083857,50,183.725152
-8.50841,50,183.763504
-10.883613,50,183.789949
-15.336579,50,183.815694
-14.282689,50,183.8442
-8.637152,50,183.871063
-7.532499,50,183.900059
-13.289578,50,183.927923
-16.119761,50,183.950348
-10.428406,50,183.97265
-8.075467,50,183.995073
-12.271017,50,184.028772
-8.445146,50,184.071697
-7.908761,50,184.095043
-8.868741,50,184.125142
-7.919582,50,184.160873
-10.006412,50,184.199547
-8.491007,50,184.228739
-15.578107,50,184.251916
-9.995202,50,184.282024
-10.411544,50,184.323459
-9.991529,50,184.36422
-9.685604,50,184.403315
-12.648507,50,184.44294
-17.058046,50,184.479217
-14.512248,50,184.508017
-9.226937,50,184.54941
-8.555473,50,184.58353
-9.723868,50,184.613848
-9.52094,50,185.388313
-10.475696,50,185.428763
-13.095057,50,185.463839
-9.025134,50,185.504194
-18.030768,50,185.546783
-8.18654,50,185.583167
-14.470645,50,185.623338
-13.327215,50,185.665023
-10.666031,50,185.701339
-8.911711,50,185.732598
-8.387218,50,185.766332
-8.953205,50,185.798945
-13.959586,50,185.827827
-13.968804,50,185.863858
-15.749969,50,185.893104
-7.595639,50,185.92182
-8.7153,50,185.948315
-9.071628,50,185.989469
-9.881004,50,186.030023
-14.284259,50,186.060743
-7.599731,50,186.101494
-7.310527,50,186.142016
-14.639773,50,186.165849
-8.367555,50,186.190204
-9.448157,50,186.22272
-13.861073,50,186.253678
-10.384599,50,186.283516
-9.425255,50,186.306638
-8.793901,50,186.346674
-8.299393,50,186.377248
-8.014322,50,186.4191
-11.932118,50,186.45308
-12.001389,50,186.492622
-11.544613,50,186.521938
-10.269764,50,186.552856
-7.292079,50,186.580855
-10.85445,50,186.61446
-10.946915,50,186.641134
-7.008458,50,186.665325
-14.927947,50,186.692867
-13.057284,50,186.725958
-9.897606,50,187.447793
-15.203199,50,187.488168
-12.352877,50,187.527425
-11.217849,50,187.567782
-10.804037,50,187.606576
-12.395525,50,187.64441
-10.720149,50,187.681226
-13.590107,50,187.719512
-10.316238,50,187.756778
-9.519028,50,187.796108
-13.654478,50,187.828423
-7.471572,50,187.85484
-9.256284,50,187.881194
-10.734532,50,187.91361
-9.942097,50,187.943822
-7.639856,50,187.975738
-10.058907,50,188.000486
-14.65173,50,188.026209
-10.373243,50,188.054245
-8.918835,50,188.082207
-8.761118,50,188.108375
-10.373347,50,188.140938
-9.479864,50,188.180874
-11.131996,50,188.218918
-14.404495,50,188.253476
-8.485574,50,188.276201
-7.226762,50,188.306379
-8.870788,50,188.329085
-12.072515,50,188.353933
-12.704335,50,188.378014
-7.895256,50,188.400248
-7.117805,50,188.434339
-11.868245,50,188.477671
-10.980161,50,188.51412
-13.113546,50,188.551269
-16.314473,50,188.592982
-13.556028,50,188.631142
-14.814479,50,188.669228
-7.257098,50,188.709629
-12.276507,50,188.734429
-11.281506,50,188.771245
-7.736877,50,189.527936
-8.950593,50,189.564992
-10.256186,50,189.6034
-11.903775,50,189.643791
-16.691352,50,189.682079
-11.791829,50,189.72505
-7.741591,50,189.763789
-12.011588,50,189.804357
-7.926185,50,189.842209
-10.360896,50,189.881283
-11.326593,50,189.91892
-9.369067,50,189.957653
-15.240153,50,189.995678
-13.151554,50,190.034343
-13.49637,50,190.072635
-11.220693,50,190.109129
-8.123738,50,190.14783
-10.073639,50,190.18803
-7.728769,50,190.228155
-11.777792,50,190.257263
-8.126457,50,190.281826
-9.231076,50,190.317237
-8.981429,50,190.346834
-8.91288,50,190.388062
-14.925171,50,190.419346
-10.154933,50,190.441001
-12.934459,50,190.469166
-11.3154,50,190.499807
-16.116024,50,190.533532
-9.832528,50,190.576467
-8.056762,50,190.613977
-11.290376,50,190.651605
-7.936831,50,190.693754
-8.395551,50,190.718034
-7.216012,50,190.738506
-8.102396,50,190.758943
-13.936331,50,190.793517
-12.891403,50,190.822747
-12.752568,50,190.85652
-12.718408,50,190.893391
-10.84602,50,190.931624
-15.134221,50,191.611822
-16.171003,50,191.650067
-11.757771,50,191.688839
-8.205782,50,191.726511
-12.307186,50,191.762672
-9.22142,50,191.801443
-7.393866,50,191.839854
-8.041899,50,191.878917
-7.408026,50,191.915295
-14.457505,50,191.955481
-10.973533,50,191.982625
-9.715293,50,192.011042
-9.482566,50,192.053945
-11.161217,50,192.081775
-8.27207,50,192.112405
-7.828117,50,192.151043
-8.82321,50,192.179207
-14.671508,50,192.212881
-9.597773,50,192.246635
-11.822991,50,192.275629
-15.085958,50,192.307373
-12.708053,50,192.339459
-15.030576,50,192.379635
-13.520039,50,192.405774
-9.220956,50,192.432034
-7.425848,50,192.457446
-14.772691,50,192.479932
-11.274189,50,192.512328
-11.841079,50,192.549868
-18.126202,50,192.590393
-11.72575,50,192.631576
-11.6607,50,192.671308
-8.551852,50,192.709615
-12.475722,50,192.75172
-8.551485,50,192.792198
-9.62743,50,192.822259
-9.500925,50,192.850241
-13.595231,50,192.875883
-9.389401,50,192.905499
-9.205877,50,192.934247
-11.354259,50,192.959595
-9.550096,50,193.597091
-10.545961,50,193.623692
-14.937011,50,193.667835
-12.737528,50,193.703846
-10.811188,50,193.74011
-11.43403,50,193.779894
-16.452724,50,193.817832
-8.482191,50,193.856501
-14.708642,50,193.896985
-15.368074,50,193.927371
-11.131998,50,193.951654
-7.807206,50,193.977431
-11.586979,50,194.014851
-15.499374,50,194.043573
-6.985561,50,194.0821
-10.523586,50,194.114655
-7.984827,50,194.149227
-12.158963,50,194.174627
-12.404292,50,194.198237
-16.689364,50,194.230227
-8.162523,50,194.253186
-8.231977,50,194.295365
-7.893466,50,194.32804
-8.932761,50,194.368603
-8.158756,50,194.393305
-7.000039,50,194.415398
-11.540967,50,194.460791
-8.470501,50,194.501192
-7.878556,50,194.539947
-7.694293,50,194.581029
-12.008162,50,194.619322
-11.441099,50,194.657811
-8.704245,50,194.696825
-7.955924,50,194.733747
-10.757803,50,194.774579
-11.856982,50,194.81144
-7.798951,50,194.841908
-7.915587,50,194.874449
-14.338097,50,194.905359
-11.967445,50,194.938202
-11.039659,50,194.976
-7.536312,50,195.666702
-8.48591,50,195.694644
-9.8604,50,195.733634
-8.137682,50,195.776325
-14.461539,50,195.820508
-9.198188,50,195.859194
-10.247068,50,195.902323
-9.130831,50,195.942278
-9.645198,50,195.985862
-14.684428,50,196.026496
-12.143514,50,196.066244
-14.560205,50,196.101987
-9.925591,50,196.139606
-9.335134,50,196.179318
-11.778839,50,196.210178
-11.267038,50,196.233796
-12.100644,50,196.26838
-11.255505,50,196.306912
-7.526757,50,196.339745
-13.230144,50,196.363366
-11.791015,50,196.404359
-7.164071,50,196.444889
-8.399344,50,196.47032
-8.062188,50,196.502292
-13.623921,50,196.544345
-10.231134,50,196.584776
-12.611923,50,196.619775
-10.444588,50,196.657267
-9.70032,50,196.699663
-8.872478,50,196.737175
-13.397288,50,196.779789
-9.328906,50,196.814824
-7.187231,50,196.849397
-8.630965,50,196.883325
-7.018493,50,196.911963
-10.617044,50,196.952147
-12.356968,50,196.984998
-10.268975,50,197.023417
-7.774658,50,197.063407
-8.010802,50,197.09114
-14.313855,50,197.12382
-14.155983,50,197.808148
-8.099728,50,197.852235
-7.470268,50,197.890434
-10.422725,50,197.928385
-9.293775,50,197.969779
-9.143868,50,198.004667
-14.6398,50,198.02544
-10.482726,50,198.060531
-7.949407,50,198.104943
-11.760149,50,198.139229
-8.852898,50,198.180069
-12.082153,50,198.21606
-11.413324,50,198.247655
-11.954773,50,198.272815
-7.360809,50,198.299115
-11.488759,50,198.330196
-8.417857,50,198.369562
-9.202674,50,198.391556
-16.255082,50,198.421375
-7.969859,50,198.451735
-7.309957,50,198.479106
-10.996645,50,198.508945
-15.035495,50,198.545454
-9.621925,50,198.574416
-15.140627,50,198.601135
-14.839106,50,198.6271
-8.520503,50,198.667506
-10.371853,50,198.700992
-11.803998,50,198.734053
-15.8783,50,198.770183
-14.377276,50,198.797861
-9.75871,50,198.82934
-10.625126,50,198.868392
-12.555318,50,198.90409
-8.044173,50,198.930632
-10.624727,50,198.964747
-14.862057,50,198.99314
-8.770316,50,199.024633
-11.444248,50,199.060784
-13.054586,50,199.084391
-9.324003,50,199.110109
-8.621355,50,199.862385
-8.446429,50,199.898235
-8.687471,50,199.938882
-13.47743,50,199.976941
-16.164063,50,200.018395
-10.383385,50,200.057126
-9.467551,50,200.094501
-9.237276,50,200.132499
-11.375539,50,200.160991
-12.003987,50,200.192583
-10.114917,50,200.223041
-7.721989,50,200.261417
-11.258263,50,200.291978
-12.317354,50,200.323767
-10.622887,50,200.351708
-15.573956,50,200.384054
-9.0056,50,200.421858
-14.235591,50,200.456877
-15.552556,50,200.488562
-13.377776,50,200.52692
-7.630796,50,200.557511
-10.358092,50,200.589752
-13.8929,50,200.627294
-7.828946,50,200.670469
-9.10859,50,200.699165
-8.069052,50,200.72641
-8.946966,50,200.757059
-10.708397,50,200.789303
-15.074886,50,200.810685
-7.624527,50,200.844929
-12.171072,50,200.886731
-7.622039,50,200.927025
-11.797872,50,200.963096
-7.706761,50,201.004244
-13.649781,50,201.044761
-14.505916,50,201.07809
-10.851371,50,201.118843
-7.52902,50,201.156294
-14.527902,50,201.194901
-9.068177,50,201.236205
-9.188427,50,201.27225
-9.255892,50,202.036839
-13.174909,50,202.057448
-15.71871,50,202.091661
-8.697349,50,202.131382
-10.636326,50,202.173001
-13.330452,50,202.21315
-9.349462,50,202.253788
-15.735645,50,202.283609
-13.112978,50,202.3212
-16.402465,50,202.361882
-8.532025,50,202.394002
-10.864939,50,202.424298
-12.880693,50,202.460057
-16.757816,50,202.496321
-14.399344,50,202.53732
-10.901775,50,202.564123
-8.029778,50,202.588975
-10.935892,50,202.612993
-17.15921,50,202.634791
-15.950282,50,202.656404
-9.143724,50,202.6971
-11.585623,50,202.738105
-9.183562,50,202.769068
-13.416237,50,202.808153
-14.396482,50,202.845843
-9.181955,50,202.875171
-11.17183,50,202.905877
-15.987425,50,202.944216
-11.337413,50,202.968044
-14.442294,50,202.996734
-8.388387,50,203.029846
-9.726677,50,203.071061
-13.009967,50,203.11125
-15.754153,50,203.146142
-9.7335,50,203.185554
-10.616578,50,203.211383
-11.924291,50,203.246059
-8.968852,50,203.269317
-9.752089,50,203.304598
-14.37641,50,203.328247
-7.464214,50,203.350042
-10.740962,50,204.070532
-17.009033,50,204.109418
-10.349122,50,204.14902
-9.057527,50,204.190034
-11.256926,50,204.230417
-11.779151,50,204.270891
-9.461185,50,204.308352
-8.416986,50,204.350204
-11.042448,50,204.389309
-10.069789,50,204.427231
-11.383498,50,204.462956
-13.781118,50,204.490865
-15.306706,50,204.517288
-9.760393,50,204.541961
-14.248622,50,204.567831
-15.406641,50,204.599952
-8.412004,50,204.622212
-10.508109,50,204.648934
-8.293987,50,204.67423
-13.963441,50,204.702347
-12.896388,50,204.726569
-9.795975,50,204.74911
-8.683811,50,204.789919
-11.537322,50,204.818867
-13.240012,50,204.848882
-15.797467,50,204.89023
-12.089453,50,204.917994
-7.252064,50,204.958386
-9.28339,50,204.984001
-15.169141,50,205.009296
-11.00371,50,205.052507
-12.267819,50,205.092473
-12.023487,50,205.127391
-9.034991,50,205.163994
-7.472878,50,205.205466
-9.643069,50,205.243142
-12.235982,50,205.272004
-13.212262,50,205.300576
-11.881657,50,205.328106
-12.194633,50,205.356055
-12.643923,50,205.39232
-7.695389,50,206.007994
-15.827909,50,206.030568
-11.420824,50,206.062002
-8.081058,50,206.101715
-8.843632,50,206.142976
-7.496316,50,206.180226
-9.1798,50,206.222212
-14.861994,50,206.261708
-16.304955,50,206.291296
-18.239936,50,206.332535
-10.771456,50,206.374482
-16.237397,50,206.408163
-13.972544,50,206.441501
-13.758029,50,206.482634
-11.136072,50,206.509447
-12.438867,50,206.540425
-10.99074,50,206.580402
-12.771766,50,206.618458
-10.200771,50,206.652277
-17.225146,50,206.690187
-8.635664,50,206.722723
-15.488589,50,206.746936
-11.505012,50,206.779415
-7.698271,50,206.812061
-8.57757,50,206.854281
-13.002126,50,206.889204
-12.501019,50,206.914048
-9.225031,50,206.9444
-7.79488,50,206.989779
-10.435729,50,207.018051
-16.588937,50,207.057986
-9.052029,50,207.099088
-11.209564,50,207.136916
-8.342229,50,207.178383
-7.855986,50,207.217547
-16.775786,50,207.248399
-14.823254,50,207.28539
-9.762671,50,207.329808
-17.209772,50,207.364369
-8.501483,50,207.394536
-9.761621,50,207.426166
-12.245659,50,208.111871
-8.242591,50,208.147847
-14.076734,50,208.185453
-9.912329,50,208.226275
-18.24594,50,208.26779
-11.016381,50,208.3064
-10.052039,50,208.347107
-8.100607,50,208.385343
-14.411945,50,208.427009
-8.95002,50,208.464093
-13.842963,50,208.499922
-7.520189,50,208.534369
-10.520825,50,208.566349
-12.829285,50,208.598731
-7.380954,50,208.628592
-11.054268,50,208.657672
-8.879955,50,208.685499
-12.280653,50,208.728374
-7.304685,50,208.764725
-10.579819,50,208.794908
-7.515237,50,208.829223
-10.159779,50,208.86462
-9.030137,50,208.893254
-12.635797,50,208.918609
-9.934195,50,208.948868
-8.915083,50,208.973725
-10.387374,50,209.012261
-14.435652,50,209.046322
-8.710542,50,209.084862
-10.824101,50,209.12492
-8.112179,50,209.167635
-12.066771,50,209.207438
-10.435171,50,209.247276
-7.482085,50,209.285489
-15.772979,50,209.325419
-16.320036,50,209.362852
-9.268322,50,209.396532
-16.965504,50,209.439856
-9.13602,50,209.478716
-10.610058,50,209.520056
-13.073801,50,209.557986
-15.736143,50,210.180203
-7.676159,50,210.215774
-8.748056,50,210.250374
-7.931019,50,210.285985
-9.177099,50,210.326785
-13.293363,50,210.367409
-14.251712,50,210.406874
-12.547247,50,210.44545
-9.972035,50,210.476382
-11.986174,50,210.518166
-12.61577,50,210.557066
-8.946831,50,210.594263
-10.447089,50,210.625809
-11.141085,50,210.647559
-16.217211,50,210.676571
-11.007918,50,210.711978
-12.350309,50,210.75026
-7.611932,50,210.790543
-8.311871,50,210.821861
-15.84759,50,210.852362
-11.837177,50,210.894361
-8.363421,50,210.926584
-11.726957,50,210.953445
-7.743411,50,210.973507
-8.516209,50,210.997178
-11.502329,50,211.01913
-10.985105,50,211.047349
-10.898022,50,211.074589
-15.162942,50,211.102316
-12.359252,50,211.145394
-11.630336,50,211.184489
-14.439905,50,211.225962
-8.662313,50,211.259424
-8.070078,50,211.299409
-12.380229,50,211.326411
-12.438948,50,211.363816
-10.627569,50,211.39585
-7.265691,50,211.425947
-12.607661,50,211.452947
-10.920106,50,211.478448
-13.851134,50,212.106878
-11.930208,50,212.136021
-10.172067,50,212.168398
-15.410586,50,212.212194
-11.807296,50,212.25439
-10.028186,50,212.296523
-9.794021,50,212.340276
-7.675349,50,212.381247
-14.513467,50,212.417435
-7.907877,50,212.460319
-15.504934,50,212.502519
-12.832517,50,212.53777
-11.224816,50,212.577736
-15.479134,50,212.616308
-7.388427,50,212.657891
-14.505634,50,212.695208
-8.407729,50,212.731105
-13.369246,50,212.758182
-10.508209,50,212.791271
-14.910626,50,212.819895
-11.291273,50,212.859702
-8.885563,50,212.89401
-8.340585,50,212.93105
-12.071192,50,212.964752
-11.65315,50,212.999619
-14.038318,50,213.032205
-8.054091,50,213.069516
-9.351264,50,213.114391
-9.222471,50,213.152635
-9.889564,50,213.182437
-13.862723,50,213.215103
-7.60104,50,213.258576
-7.821713,50,213.297426
-11.882304,50,213.339724
-14.952659,50,213.378686
-9.49645,50,213.419739
-14.010344,50,213.458133
-11.386599,50,213.49998
-7.81002,50,213.524692
-10.071457,50,213.55438
-8.786044,50,213.592576
-16.11022,50,214.332198
-10.519828,50,214.371576
-13.274851,50,214.410115
-13.230809,50,214.450434
-8.754222,50,214.492413
-9.633104,50,214.530483
-11.966026,50,214.569827
-9.786426,50,214.611023
-10.408441,50,214.638741
-9.022704,50,214.675872
-9.323828,50,214.707742
-9.475341,50,214.736949
-7.621697,50,214.761044
-8.017431,50,214.78884
-8.474563,50,214.81173
-15.308275,50,214.836135
-8.377039,50,214.862655
-13.156689,50,214.891145
-8.401023,50,214.923997
-8.312441,50,214.957661
-9.469443,50,214.991
-10.599189,50,215.028846
-11.787827,50,215.060204
-13.328532,50,215.101334
-10.890566,50,215.129619
-8.450411,50,215.150909
-7.876563,50,215.180501
-8.056621,50,215.226057
-11.009118,50,215.256018
-11.612612,50,215.280425
-10.3099,50,215.319478
-12.858951,50,215.362248
-9.77124,50,215.401826
-7.471532,50,215.43913
-11.094169,50,215.47687
-13.611781,50,215.508309
-9.78149,50,215.547292
-9.0366,50,215.575013
-10.213525,50,215.597942
-9.457626,50,215.620622
-10.409746,50,215.643407
-11.165502,50,216.577761
-14.514433,50,216.618409
-13.65392,50,216.656323
-7.988123,50,216.693296
-13.455074,50,216.726886
-10.460148,50,216.761857
-15.441639,50,216.803019
-11.49612,50,216.839427
-11.741385,50,216.875119
-7.503839,50,216.91409
-8.631615,50,216.948725
-10.392031,50,216.981238
-14.849436,50,217.017442
-12.055694,50,217.041221
-9.709969,50,217.083987
-12.145058,50,217.118259
-15.337702,50,217.15417
-15.01558,50,217.180917
-8.366216,50,217.211901
-9.716036,50,217.245104
-11.811809,50,217.281021
-14.059155,50,217.315163
-10.374655,50,217.342298
-10.526995,50,217.37634
-10.517096,50,217.408164
-8.933324,50,217.438967
-13.446941,50,217.482763
-8.358757,50,217.511575
-13.586742,50,217.545165
-11.591932,50,217.581308
-14.399615,50,217.619066
-10.627735,50,217.659094
-12.550484,50,217.698158
-9.309298,50,217.738094
-16.588754,50,217.77154
-11.136793,50,217.802251
-11.417756,50,217.839402
-16.275683,50,217.8726
-14.346418,50,217.908576
-9.732968,50,217.932493
-9.067459,50,217.9692
-10.793622,50,218.710163
-13.026207,50,218.749448
-13.260496,50,218.788419
-8.465341,50,218.828793
-9.713406,50,218.867461
-7.978399,50,218.912878
-13.459942,50,218.951505
-16.348703,50,218.996976
-9.610062,50,219.038084
-13.782871,50,219.075794
-14.357987,50,219.118299
-16.552175,50,219.157104
-16.650828,50,219.192235
-9.574743,50,219.217538
-13.946142,50,219.25841
-14.676744,50,219.285261
-8.512604,50,219.320654
-9.304296,50,219.358449
-12.110339,50,219.397684
-7.744467,50,219.436195
-7.971546,50,219.474325
-7.446123,50,219.513004
-11.983346,50,219.553321
-10.193205,50,219.594503
-13.87899,50,219.631791
-8.290317,50,219.665804
-10.143336,50,219.698647
-8.498511,50,219.740343
-12.908478,50,219.785034
-9.928572,50,219.825225
-10.932035,50,219.867074
-14.646485,50,219.908841
-10.515166,50,219.94646
-9.418138,50,219.988508
-16.677951,50,220.029494
-7.727286,50,220.070447
-10.553788,50,220.097427
-11.99388,50,220.136077
-9.354297,50,220.168607
-9.308726,50,220.210007
-13.609758,50,220.248932
-11.631792,50,220.953289
-9.206713,50,220.993797
-12.131838,50,221.03528
-7.581354,50,221.072509
-8.920937,50,221.113186
-13.813268,50,221.152609
-12.74874,50,221.193198
-11.439629,50,221.225101
-14.207231,50,221.265815
-8.157199,50,221.304134
-8.492437,50,221.34428
-16.67379,50,221.386471
-12.975678,50,221.418378
-8.540322,50,221.441602
-9.724942,50,221.472341
-8.506491,50,221.505148
-10.629046,50,221.54238
-14.017479,50,221.577641
-10.041894,50,221.600433
-12.58582,50,221.622685
-9.785827,50,221.647088
-14.233382,50,221.676253
-8.913421,50,221.705673
-8.136473,50,221.742364
-9.692185,50,221.778432
-8.428799,50,221.809815
-8.65954,50,221.853973
-15.531548,50,221.88481
-12.50725,50,221.914128
-14.828254,50,221.945864
-9.846809,50,221.98578
-8.474422,50,222.028143
-8.08917,50,222.059264
-11.043982,50,222.08599
-15.879129,50,222.114563
-12.31398,50,222.153077
-13.373529,50,222.182908
-9.5031,50,222.212918
-15.429115,50,222.242556
-8.147524,50,222.266063
-10.728467,50,222.28813
-13.015728,50,223.006794
-11.284566,50,223.044907
-13.074377,50,223.083457
-8.054822,50,223.122294
-9.812398,50,223.163859
-7.712895,50,223.202491
-15.110723,50,223.244162
-7.77693,50,223.276916
-13.314372,50,223.308422
-14.033445,50,223.339493
-9.329938,50,223.371035
-7.635375,50,223.398599
-8.219222,50,223.428504
-8.954343,50,223.460232
-8.145591,50,223.497529
-8.515849,50,223.53298
-10.359385,50,223.561064
-8.418252,50,223.587384
-7.452379,50,223.622285
-9.663051,50,223.64768
-13.967073,50,223.688253
-9.123157,50,223.714851
-7.579541,50,223.748698
-17.970908,50,223.782069
-10.317122,50,223.81323
-9.009437,50,223.849229
-8.310807,50,223.878245
-11.588428,50,223.900289
-8.086405,50,223.941387
-15.097742,50,223.976087
-8.582744,50,224.014955
-15.333337,50,224.053894
-10.232025,50,224.09425
-16.145735,50,224.130336
-13.426187,50,224.172608
-15.875197,50,224.210241
-7.758464,50,224.243103
-10.410781,50,224.275772
-15.259126,50,224.304321
-8.682942,50,224.338184
-12.133828,50,224.365761
-8.584465,50,225.061986
-9.703488,50,225.102512
-8.590638,50,225.139953
-14.600108,50,225.176754
-11.736621,50,225.214455
-10.929457,50,225.250488
-8.574575,50,225.288412
-10.139505,50,225.322048
-10.079129,50,225.357393
-10.868388,50,225.383341
-12.84839,50,225.418467
-15.163395,50,225.444659
-10.645376,50,225.475233
-14.424617,50,225.508403
-12.080187,50,225.54111
-13.102877,50,225.57042
-8.097243,50,225.599399
-13.40992,50,225.635291
-12.687878,50,225.65836
-16.429669,50,225.689108
-10.153732,50,225.716112
-10.838641,50,225.751728
-11.339445,50,225.78989
-11.570022,50,225.829318
-9.837392,50,225.865369
-8.597972,50,225.886916
-11.613711,50,225.928915
-14.937053,50,225.966716
-12.612208,50,226.004301
-16.100349,50,226.02819
-7.549189,50,226.071957
-10.996976,50,226.111814
-13.822212,50,226.137966
-8.8403,50,226.171529
-10.486127,50,226.19823
-10.296548,50,226.2375
-9.68266,50,226.271282
-13.94166,50,226.310445
-7.952774,50,226.3398
-15.952466,50,226.378996
-7.905146,50,226.407241
-13.153146,50,227.150852
-13.072676,50,227.190507
-11.164859,50,227.228878
-8.377283,50,227.269761
-7.937222,50,227.308312
-10.999808,50,227.347737
-11.903544,50,227.384274
-16.111811,50,227.424004
-8.772745,50,227.451228
-8.619694,50,227.493568
-10.519452,50,227.529827
-8.816592,50,227.556165
-9.026187,50,227.591421
-15.800898,50,227.616781
-8.659868,50,227.640215
-8.168129,50,227.661844
-9.080399,50,227.69186
-9.448378,50,227.715086
-11.806631,50,227.754008
-8.175115,50,227.784288
-11.277225,50,227.807113
-8.72682,50,227.844693
-15.09211,50,227.878679
-15.720458,50,227.920786
-8.744773,50,227.958393
-9.492271,50,227.986349
-7.310026,50,228.020077
-8.806517,50,228.046288
-11.752074,50,228.067709
-11.596649,50,228.107574
-9.346351,50,228.139598
-10.184614,50,228.181299
-8.913341,50,228.220368
-10.935328,50,228.260913
-7.448475,50,228.2993
-7.457317,50,228.335649
-10.0307,50,228.370953
-14.671443,50,228.409587
-15.263887,50,228.44494
-12.420624,50,228.468135
-7.523623,50,228.502759
-16.489767,50,229.380821
-8.577773,50,229.421186
-9.278681,50,229.46097
-9.057252,50,229.503218
-10.338212,50,229.544332
-10.409557,50,229.585217
-13.088752,50,229.625914
-16.175067,50,229.667436
-7.615829,50,229.706261
-10.593356,50,229.741773
-8.075891,50,229.783428
-9.700208,50,229.822006
-14.863338,50,229.856808
-9.747952,50,229.883476
-9.992027,50,229.914021
-11.848711,50,229.953464
-11.300928,50,229.982641
-12.325588,50,230.007696
-7.691744,50,230.032654
-10.10006,50,230.054004
-14.649983,50,230.081729
-8.943427,50,230.114429
-10.291847,50,230.146036
-8.552238,50,230.174218
-8.233375,50,230.212754
-8.643288,50,230.240397
-7.704855,50,230.266432
-8.803721,50,230.299721
-15.112179,50,230.329041
-9.693921,50,230.368858
-9.020282,50,230.406835
-14.34656,50,230.446447
-14.669188,50,230.486425
-14.306998,50,230.528934
-10.799986,50,230.5699
-12.049334,50,230.609586
-9.348056,50,230.650174
-13.140452,50,230.681625
-14.343886,50,230.72161
-13.919408,50,230.759361
-7.894326,50,230.801494
-9.239577,50,231.480441
-9.195396,50,231.519608
-10.090148,50,231.555528
-8.860534,50,231.593018
-9.385325,50,231.633904
-8.70572,50,231.675043
-8.860343,50,231.715505
-10.409569,50,231.748979
-11.395198,50,231.781611
-8.654598,50,231.812203
-14.382132,50,231.845428
-11.824207,50,231.873308
-14.32877,50,231.901443
-9.427827,50,231.930253
-13.174924,50,231.960232
-10.024669,50,231.998778
-8.01874,50,232.027978
-17.174956,50,232.057241
-8.195929,50,232.097862
-16.485223,50,232.133439
-10.427201,50,232.161453
-8.346585,50,232.201463
-9.27267,50,232.240382
-15.604986,50,232.262662
-15.367321,50,232.302912
-9.18523,50,232.335514
-17.026743,50,232.367852
-8.704773,50,232.395786
-12.252427,50,232.423578
-15.719187,50,232.464592
-8.006589,50,232.504476
-8.751228,50,232.543028
-8.815227,50,232.581394
-11.507779,50,232.619167
-7.54754,50,232.661287
-11.239129,50,232.693118
-14.054382,50,232.720416
-13.116439,50,232.750626
-12.924563,50,232.777159
-8.649887,50,232.804844
-11.816225,50,232.835155
-10.86228,50,233.636448
-8.399336,50,233.668922
-13.977685,50,233.709934
-11.523753,50,233.745475
-11.663181,50,233.787633
-15.284885,50,233.818142
-7.992772,50,233.849414
-10.383908,50,233.881906
-11.181942,50,233.915216
-8.259353,50,233.953047
-8.035752,50,233.991564
-12.494363,50,234.025404
-7.760392,50,234.054685
-8.834417,50,234.088194
-9.394533,50,234.126054
-8.585614,50,234.161347
-9.525018,50,234.195254
-11.833983,50,234.228293
-17.57488,50,234.258068
-13.192785,50,234.292306
-11.151129,50,234.324439
-12.085065,50,234.357517
-8.294251,50,234.390384
-8.379299,50,234.423536
-15.71045,50,234.448075
-10.8165,50,234.474883
-8.071623,50,234.511421
-10.922463,50,234.553688
-8.374171,50,234.593671
-13.479693,50,234.626088
-11.835055,50,234.666614
-8.087346,50,234.700147
-10.535978,50,234.739393
-8.446601,50,234.769472
-9.384767,50,234.803532
-8.978608,50,234.839507
-8.760811,50,234.86957
-15.160666,50,234.905566
-14.665047,50,234.939424
-8.438952,50,234.974302
-17.237141,50,235.009132
-8.645866,50,235.907268
-16.188214,50,235.947518
-8.260987,50,235.987863
-9.46909,50,236.015616
-13.847383,50,236.056621
-8.010225,50,236.090627
-11.047466,50,236.118853
-12.92388,50,236.148859
-8.830093,50,236.185721
-16.72267,50,236.22392
-10.621587,50,236.248374
-14.560701,50,236.268428
-8.751774,50,236.288478
-13.434058,50,236.324284
-13.138874,50,236.353409
-8.534281,50,236.385395
-11.872149,50,236.415414
-10.49193,50,236.445139
-13.166218,50,236.484711
-7.567335,50,236.527886
-16.202884,50,236.555565
-10.560546,50,236.592046
-11.772851,50,236.631538
-10.093585,50,236.658305
-14.280034,50,236.680429
-9.57982,50,236.705823
-8.386461,50,236.735146
-13.487464,50,236.762211
-15.083273,50,236.791247
-10.25649,50,236.823953
-12.778691,50,236.857281
-9.716533,50,236.898879
-15.50102,50,236.940979
-13.090674,50,236.973217
-8.463723,50,236.996691
-7.881351,50,237.025693
-9.642447,50,237.045748
-13.710596,50,237.065747
-10.837224,50,237.100852
-8.181589,50,237.126787
-11.364748,50,237.154065
-9.618624,50,238.156116
-12.534188,50,238.19389
-15.566122,50,238.231166
-8.985106,50,238.271198
-11.404392,50,238.30695
-11.294973,50,238.349274
-9.342995,50,238.381881
-9.792723,50,238.418426
-12.651738,50,238.456339
-7.827558,50,238.493859
-8.390098,50,238.526081
-9.59986,50,238.558351
-15.02304,50,238.583516
-13.658624,50,238.616103
-8.263682,50,238.644446
-7.963252,50,238.670858
-14.499606,50,238.696222
-7.733885,50,238.73336
-9.14986,50,238.774635
-10.874911,50,238.814563
-8.079492,50,238.849221
-10.791715,50,238.87476
-8.677907,50,238.899971
-9.147894,50,238.921229
-8.472935,50,238.958407
-12.672461,50,238.997577
-7.588034,50,239.034908
-13.593236,50,239.073476
-14.992962,50,239.104475
-9.179336,50,239.135149
-9.220571,50,239.177255
-8.210041,50,239.214889
-10.941509,50,239.24951
-12.673967,50,239.289762
-13.77042,50,239.330234
-10.162598,50,239.370349
-16.316588,50,239.407562
-15.621194,50,239.434737
-8.940974,50,239.461803
-12.734834,50,239.494653
-9.550805,50,239.520855
-8.191521,50,240.270407
-10.25435,50,240.305528
-11.277991,50,240.345701
-11.097851,50,240.385794
-8.600489,50,240.42524
-16.176833,50,240.462869
-9.393267,50,240.503259
-12.770312,50,240.542322
-12.532728,50,240.582315
-12.338091,50,240.621863
-12.701322,50,240.660747
-8.438561,50,240.698293
-9.192295,50,240.740263
-10.249595,50,240.779453
-9.644024,50,240.814723
-8.863018,50,240.839322
-13.164127,50,240.8678
-14.67226,50,240.893719
-7.684454,50,240.916263
-14.126791,50,240.949277
-8.731817,50,240.989321
-7.937296,50,241.014754
-9.769664,50,241.03931
-10.034836,50,241.071698
-9.456825,50,241.100668
-8.074695,50,241.139365
-13.482481,50,241.163229
-11.674649,50,241.204374
-10.123461,50,241.232744
-10.136838,50,241.264409
-9.129694,50,241.305038
-8.076993,50,241.342436
-8.731154,50,241.383896
-11.156577,50,241.423895
-10.871508,50,241.462653
-10.75314,50,241.503035
-11.844432,50,241.540959
-13.900733,50,241.5781
-9.308085,50,241.616312
-11.790763,50,241.659546
-10.518466,50,241.694361
-8.075602,50,242.321735
-9.556326,50,242.36547
-15.043693,50,242.406925
-9.101643,50,242.446152
-12.498305,50,242.484469
-15.357581,50,242.526345
-8.695874,50,242.565485
-7.688691,50,242.602105
-11.908733,50,242.643101
-13.614895,50,242.682446
-14.106493,50,242.718336
-8.343842,50,242.750638
-10.65808,50,242.7852
-7.636623,50,242.820821
-12.403038,50,242.852211
-8.118338,50,242.886354
-10.701293,50,242.919129
-10.35834,50,242.960819
-8.159976,50,242.997223
-16.729653,50,243.021719
-8.633849,50,243.060932
-16.7633,50,243.090456
-8.181113,50,243.131221
-14.732813,50,243.166019
-10.312007,50,243.203187
-15.282375,50,243.225568
-10.464419,50,243.27137
-9.173244,50,243.30388
-11.190756,50,243.33446
-10.210248,50,243.377753
-8.590311,50,243.414456
-7.836373,50,243.456384
-12.618386,50,243.495208
-8.121861,50,243.523393
-12.463987,50,243.549994
-14.192485,50,243.581902
-9.196691,50,243.61641
-11.758763,50,243.643008
-10.783923,50,243.67036
-10.573944,50,243.702505
-16.129993,50,243.735718
-10.446016,50,244.424782
-14.852794,50,244.463829
-11.434542,50,244.504953
-10.253684,50,244.542348
-15.469533,50,244.583867
-11.652291,50,244.622565
-13.991077,50,244.66219
-14.86012,50,244.701818
-8.84421,50,244.739163
-17.928606,50,244.783427
-14.88908,50,244.82137
-15.71245,50,244.859066
-10.145382,50,244.896349
-10.035124,50,244.92625
-16.178142,50,244.957722
-11.634378,50,244.990034
-12.258303,50,245.0215
-8.221841,50,245.05325
-8.32632,50,245.08419
-8.60222,50,245.118045
-7.860672,50,245.158478
-14.428256,50,245.191285
-11.638678,50,245.22425
-11.409612,50,245.246602
-8.328304,50,245.286036
-11.932176,50,245.313878
-10.162627,50,245.352308
-14.025072,50,245.386019
-11.84727,50,245.427484
-13.04549,50,245.46946
-11.097129,50,245.510622
-12.343455,50,245.549016
-9.529078,50,245.587771
-10.743078,50,245.626351
-12.251297,50,245.666533
-11.230229,50,245.703573
-12.367194,50,245.748591
-9.078474,50,245.787652
-12.705915,50,245.827311
-9.411009,50,245.867203
-10.77816,50,245.910928
-8.613553,50,246.641129
-7.914729,50,246.683612
-9.618884,50,246.721965
-9.229762,50,246.759307
-15.175166,50,246.799517
-7.707734,50,246.836209
-13.370542,50,246.876712
-8.476132,50,246.915574
-10.057941,50,246.956325
-12.991172,50,246.994161
-13.894842,50,247.022627
-7.87658,50,247.050671
-11.23257,50,247.072396
-10.968842,50,247.112135
-8.680547,50,247.142806
-10.939316,50,247.168738
-7.98543,50,247.196137
-8.907107,50,247.230781
-14.545523,50,247.257601
-9.753056,50,247.284591
-12.888248,50,247.308562
-12.524333,50,247.332827
-13.801426,50,247.365029
-8.348507,50,247.393708
-8.549625,50,247.417152
-9.950812,50,247.45068
-15.105454,50,247.473368
-7.858762,50,247.495729
-12.285892,50,247.538455
-14.018089,50,247.579648
-9.196142,50,247.603948
-11.949572,50,247.63627
-9.299152,50,247.675259
-16.062794,50,247.7094
-11.100457,50,247.753026
-10.246931,50,247.789132
-8.418882,50,247.829033
-10.784935,50,247.86794
-13.059826,50,247.890966
-8.357326,50,247.922526
-11.600544,50,247.951326
-12.604911,50,248.739265
-9.21676,50,248.779409
-10.19833,50,248.820086
-12.032108,50,248.859631
-16.795605,50,248.899781
-9.013488,50,248.939469
-9.196,50,248.976037
-11.048869,50,249.018504
-14.169364,50,249.061937
-10.687838,50,249.106005
-12.44794,50,249.144487
-8.78152,50,249.179902
-15.516466,50,249.219112
-12.451573,50,249.252439
-12.450375,50,249.286814
-11.147367,50,249.321275
-8.537214,50,249.357743
-11.711404,50,249.392001
-10.808404,50,249.427926
-11.501399,50,249.467283
-13.06672,50,249.503243
-9.104987,50,249.541352
-13.757067,50,249.575409
-12.109627,50,249.614345
-10.866049,50,249.648296
-9.569909,50,249.67116
-11.767681,50,249.694341
-14.235801,50,249.721697
-10.756906,50,249.756753
-8.945061,50,249.79428
-8.54001,50,249.833334
-13.278235,50,249.870979
-15.004257,50,249.911656
-8.374062,50,249.953521
-9.845071,50,249.988851
-13.223497,50,250.024726
-8.188619,50,250.050162
-8.899148,50,250.079234
-8.636765,50,250.11679
-14.967637,50,250.145489
-10.788116,50,250.178397
-16.807417,50,250.900206
-9.351752,50,250.941923
-16.472741,50,250.980512
-10.799989,50,251.016282
-10.369708,50,251.057246
-9.188493,50,251.094483
-8.248,50,251.134215
-12.141971,50,251.171886
-7.941456,50,251.20703
-13.87516,50,251.24951
-14.57667,50,251.289033
-12.695676,50,251.329163
-7.918286,50,251.370519
-9.033914,50,251.397013
-7.46288,50,251.421452
-12.282765,50,251.452437
-11.555986,50,251.487122
-9.833698,50,251.520291
-7.965725,50,251.556242
-7.69225,50,251.584863
-9.922887,50,251.615556
-7.595159,50,251.656137
-9.031799,50,251.69373
-8.611533,50,251.73448
-8.360833,50,251.775207
-12.646805,50,251.800038
-14.033927,50,251.820619
-12.019372,50,251.841009
-14.592004,50,251.869645
-10.798213,50,251.900632
-14.090503,50,251.922409
-7.628776,50,251.943651
-9.908098,50,251.985133
-10.337526,50,252.016831
-8.583516,50,252.036846
-9.098735,50,252.077288
-8.029595,50,252.107753
-10.306865,50,252.127886
-10.392207,50,252.147982
-7.6318,50,252.168155
-12.318014,50,252.203235
-9.100322,50,252.914943
-13.007204,50,252.955451
-11.001158,50,252.993655
-7.846963,50,253.036877
-13.940007,50,253.073583
-8.178019,50,253.114073
-14.919995,50,253.155779
-12.049201,50,253.189211
-7.886757,50,253.219735
-16.817015,50,253.256052
-14.922033,50,253.282249
-9.456152,50,253.308324
-9.285066,50,253.333907
-8.27321,50,253.362923
-16.564213,50,253.401299
-11.384769,50,253.432756
-15.191988,50,253.466876
-8.577121,50,253.494791
-7.817277,50,253.527108
-15.886687,50,253.558283
-8.62427,50,253.588385
-15.024314,50,253.618323
-11.685059,50,253.650266
-8.146942,50,253.687866
-15.371224,50,253.7168
-10.716056,50,253.744211
-7.483156,50,253.777363
-8.259604,50,253.807323
-9.116544,50,253.829815
-7.813263,50,253.85619
-8.06693,50,253.895959
-10.549737,50,253.937886
-15.329703,50,253.977064
-9.904648,50,254.011647
-15.990977,50,254.050453
-9.443233,50,254.073536
-11.908505,50,254.097414
-11.948849,50,254.134742
-9.013131,50,254.157377
-13.615251,50,254.182117
-8.85411,50,254.210005
-8.472649,50,254.928223
-7.830022,50,254.969073
-11.289668,50,255.008866
-12.208559,50,255.046988
-13.003261,50,255.084828
-8.294299,50,255.124501
-9.366508,50,255.165246
-8.162177,50,255.205268
-10.750719,50,255.246815
-11.557491,50,255.286365
-7.91343,50,255.32212
-8.376493,50,255.358955
-10.890182,50,255.385617
-11.122666,50,255.413029
-8.85931,50,255.440607
-9.293153,50,255.471705
-9.673888,50,255.508825
-11.986006,50,255.549308
-13.32232,50,255.587185
-12.167257,50,255.614378
-13.029687,50,255.647788
-9.565288,50,255.669017
-8.240557,50,255.703343
-14.196246,50,255.737476
-12.812154,50,255.76438
-11.346736,50,255.807113
-7.73139,50,255.842927
-8.781575,50,255.872293
-9.230984,50,255.907415
-9.52025,50,255.94597
-8.352975,50,255.988418
-10.902086,50,256.026489
-9.412299,50,256.06524
-12.716883,50,256.105356
-10.089516,50,256.147094
-8.729449,50,256.183788
-7.63381,50,256.218149
-7.892518,50,256.253404
-8.363085,50,256.285784
-12.884799,50,256.314897
-7.822186,50,256.351737
-13.572846,50,257.350585
-10.005764,50,257.390379
-12.316072,50,257.42684
-14.061821,50,257.469901
-11.343687,50,257.508131
-9.616253,50,257.544868
-8.631239,50,257.582197
-8.295683,50,257.62397
-14.756402,50,257.663162
-9.681603,50,257.695208
-8.995,50,257.731001
-13.58861,50,257.76698
-8.42946,50,257.801988
-13.199806,50,257.837135
-9.50308,50,257.868718
-9.989691,50,257.903913
-13.647559,50,257.931713
-8.807156,50,257.965519
-11.716011,50,257.990939
-8.577724,50,258.016048
-15.724775,50,258.040794
-8.967396,50,258.075282
-14.026656,50,258.11276
-9.47821,50,258.140322
-11.395744,50,258.174599
-8.106876,50,258.216065
-9.681696,50,258.261216
-10.716471,50,258.298686
-8.138989,50,258.329625
-12.952079,50,258.369839
-11.023138,50,258.400311
-9.058628,50,258.441369
-12.605141,50,258.476606
-11.219306,50,258.507092
-9.271109,50,258.545587
-9.420167,50,258.573944
-14.280568,50,258.607413
-12.255606,50,258.640399
-17.888707,50,258.67651
-15.675535,50,258.710224
-8.115979,50,258.739686
-8.665173,50,259.543319
-10.381508,50,259.583097
-9.650788,50,259.622914
-16.404461,50,259.664114
-10.101609,50,259.702308
-12.748384,50,259.741986
-14.172218,50,259.779896
-13.71601,50,259.818741
-9.336501,50,259.860883
-10.771655,50,259.897168
-8.024661,50,259.929032
-17.499963,50,259.969305
-11.882807,50,259.998244
-11.212234,50,260.033196
-9.54124,50,260.054646
-10.853747,50,260.08275
-7.963301,50,260.117161
-10.794203,50,260.148709
-8.563916,50,260.180878
-12.06267,50,260.209902
-13.81805,50,260.235253
-11.862849,50,260.269146
-9.353331,50,260.300201
-9.650983,50,260.335358
-9.520451,50,260.373029
-8.231203,50,260.398294
-9.599755,50,260.432078
-7.944288,50,260.476143
-15.400961,50,260.519361
-12.733551,50,260.55811
-12.571651,50,260.597332
-10.982344,50,260.636461
-7.777246,50,260.672357
-8.448262,50,260.70857
-9.918107,50,260.744524
-8.870213,50,260.771424
-11.672856,50,260.813679
-8.349345,50,260.84919
-10.663449,50,260.880643
-12.341611,50,260.906777
-12.115565,50,260.932234
-13.933949,50,261.649197
-11.416482,50,261.690708
-10.887771,50,261.729219
-14.567861,50,261.768359
-14.348329,50,261.805457
-12.680561,50,261.845364
-11.101887,50,261.889302
-9.208781,50,261.929937
-10.662701,50,261.957403
-10.387824,50,262.00078
-11.845742,50,262.036865
-7.498215,50,262.078441
-10.214911,50,262.116965
-9.87263,50,262.156867
-13.835546,50,262.195277
-8.157042,50,262.23339
-11.353859,50,262.273957
-11.187782,50,262.311869
-11.143156,50,262.344681
-7.951803,50,262.376762
-12.609919,50,262.410448
-10.742369,50,262.449404
-8.86187,50,262.493634
-14.676185,50,262.533191
-13.812699,50,262.570032
-14.91653,50,262.612604
-8.96881,50,262.650496
-14.055329,50,262.682544
-11.212493,50,262.715376
-10.253957,50,262.748131
-16.19928,50,262.789009
-9.516123,50,262.823001
-14.407708,50,262.864723
-10.278132,50,262.901089
-11.309078,50,262.939444
-11.55723,50,262.975487
-8.666596,50,263.002756
-10.232419,50,263.033656
-14.600435,50,263.071179
-14.128795,50,263.104836
-10.549217,50,263.126459
-12.239691,50,264.139385
-16.1283,50,264.181545
-7.922084,50,264.218292
-7.928295,50,264.259885
-14.749663,50,264.297625
-13.206797,50,264.335745
-12.065927,50,264.369292
-9.391671,50,264.392218
-10.186687,50,264.42924
-7.972612,50,264.462984
-8.237088,50,264.496562
-9.151404,50,264.527959
-11.03874,50,264.556476
-13.091687,50,264.590878
-8.872123,50,264.615554
-14.007976,50,264.644063
-8.008334,50,264.680901
-8.628576,50,264.702817
-11.236803,50,264.733869
-8.758819,50,264.762193
-10.506489,50,264.797376
-11.367505,50,264.831032
-12.210861,50,264.85936
-8.163833,50,264.895602
-15.683744,50,264.928142
-9.821365,50,264.966463
-14.05549,50,264.988404
-10.586919,50,265.015016
-14.827893,50,265.04306
-11.436084,50,265.076325
-15.337302,50,265.114899
-12.070037,50,265.152914
-9.142801,50,265.183856
-12.064227,50,265.206066
-16.586131,50,265.23648
-11.073681,50,265.2734
-13.012942,50,265.303924
-11.985949,50,265.328717
-14.350919,50,265.351074
-10.63639,50,265.393889
-16.471935,50,266.382095
-11.235994,50,266.4219
-13.665592,50,266.459993
-8.827282,50,266.502225
-10.375341,50,266.541415
-10.254734,50,266.58099
-8.550797,50,266.619057
-9.406373,50,266.656722
-8.261237,50,266.68969
-8.807764,50,266.72635
-8.592021,50,266.759725
-9.959439,50,266.797229
-11.476737,50,266.819496
-8.211726,50,266.842282
-8.907494,50,266.864942
-14.090484,50,266.903708
-10.798967,50,266.941611
-7.991014,50,266.970243
-14.38944,50,266.995316
-13.427668,50,267.024541
-9.114751,50,267.055069
-10.601512,50,267.081187
-13.692389,50,267.113346
-9.266976,50,267.14116
-7.902669,50,267.172562
-15.748668,50,267.205224
-11.622924,50,267.237131
-13.166112,50,267.278867
-9.042262,50,267.310708
-9.851302,50,267.339937
-8.953966,50,267.363612
-12.724908,50,267.400116
-12.299694,50,267.439646
-8.836769,50,267.47947
-13.785877,50,267.520957
-14.195548,50,267.562172
-15.101148,50,267.592122
-9.225335,50,267.61999
-13.040603,50,267.66114
-10.800917,50,267.697997
-7.997312,50,267.728026
-12.759057,50,268.630369
-8.665446,50,268.671907
-13.156291,50,268.711317
-15.07169,50,268.750973
-12.103054,50,268.790642
-8.570461,50,268.829254
-9.842733,50,268.865994
-16.871969,50,268.904526
-15.578261,50,268.932879
-8.245108,50,268.975008
-15.665368,50,269.014133
-8.708377,50,269.046852
-10.817604,50,269.072257
-14.001836,50,269.098643
-9.996615,50,269.125675
-13.240053,50,269.165725
-9.613678,50,269.203935
-11.632352,50,269.227275
-8.867192,50,269.253786
-10.154879,50,269.275213
-12.226971,50,269.301925
-8.92957,50,269.330074
-8.425337,50,269.368691
-14.911091,50,269.412087
-12.014181,50,269.444146
-15.730848,50,269.472481
-11.270896,50,269.514129
-9.234153,50,269.550997
-11.505704,50,269.581007
-8.348737,50,269.618376
-8.823265,50,269.659775
-12.416133,50,269.696862
-10.471534,50,269.733095
-10.656833,50,269.772477
-10.916037,50,269.812396
-15.332304,50,269.838455
-10.66597,50,269.870322
-10.28288,50,269.899436
-10.696037,50,269.937912
-11.457528,50,269.966731
-8.129094,50,269.996515
-12.735337,50,270.823881
-9.356065,50,270.859982
-11.098991,50,270.899051
-15.115164,50,270.929101
-10.876883,50,270.970156
-8.550137,50,271.007224
-15.367564,50,271.052388
-13.62593,50,271.089926
-10.196863,50,271.126383
-9.357837,50,271.163122
-16.043316,50,271.203984
-8.834066,50,271.245137
-9.829855,50,271.274396
-11.61075,50,271.30165
-14.676612,50,271.331718
-8.995824,50,271.358636
-15.009777,50,271.381734
-10.434623,50,271.415128
-11.200895,50,271.440758
-11.790229,50,271.463069
-10.54344,50,271.484951
-7.919062,50,271.506756
-10.735996,50,271.528061
-8.455398,50,271.552634
-14.618725,50,271.59292
-9.434752,50,271.635809
-10.332968,50,271.674653
-10.635621,50,271.696994
-15.007901,50,271.740278
-12.715393,50,271.779063
-9.96692,50,271.818069
-8.264753,50,271.857797
-14.174731,50,271.894307
-10.404808,50,271.939454
-11.259986,50,271.979597
-8.309107,50,272.0232
-14.826592,50,272.064527
-13.739963,50,272.107
-9.331526,50,272.145493
-11.725767,50,272.186629
-8.513532,50,272.224028
-11.801201,50,272.939702
-12.779434,50,272.976232
-8.676746,50,273.019825
-8.310004,50,273.056423
-13.109591,50,273.094511
-12.607481,50,273.137046
-8.254388,50,273.175647
-10.887162,50,273.213576
-7.508405,50,273.253257
-7.729114,50,273.294133
-9.597086,50,273.322303
-9.703675,50,273.356084
-9.44873,50,273.398259
-9.160045,50,273.423074
-8.388905,50,273.448712
-12.859518,50,273.480592
-10.505393,50,273.506228
-8.20741,50,273.535239
-14.703662,50,273.565346
-8.686085,50,273.595277
-8.188295,50,273.631349
-9.905681,50,273.663986
-11.866395,50,273.700755
-10.478946,50,273.736473
-10.71809,50,273.765537
-11.224326,50,273.79599
-8.874419,50,273.818971
-13.385663,50,273.858955
-14.733087,50,273.888746
-14.536842,50,273.917238
-13.663205,50,273.955077
-9.085658,50,273.991067
-11.549222,50,274.031062
-8.51908,50,274.072483
-14.455352,50,274.100988
-10.97205,50,274.142844
-9.430292,50,274.181107
-8.503387,50,274.213031
-11.121121,50,274.239809
-10.080921,50,274.263434
-12.23061,50,274.304977
-11.836077,50,275.290161
-10.27349,50,275.329916
-11.98544,50,275.370261
-13.80077,50,275.409117
-8.166915,50,275.450297
-10.569499,50,275.494579
-8.676112,50,275.53925
-11.929269,50,275.576837
-9.217789,50,275.618121
-13.944933,50,275.658612
-13.335775,50,275.688229
-9.729887,50,275.719905
-13.155018,50,275.744419
-9.282904,50,275.7789
-15.701513,50,275.80924
-13.491939,50,275.840976
-8.107593,50,275.870048
-13.733386,50,275.90767
-12.569396,50,275.93985
-13.748035,50,275.962378
-11.94571,50,275.985189
-10.713111,50,276.016909
-14.4123,50,276.050251
-12.4481,50,276.087351
-10.132838,50,276.123884
-12.500637,50,276.161485
-8.619859,50,276.199016
-8.887788,50,276.240949
-10.085322,50,276.281794
-8.865435,50,276.321956
-10.884939,50,276.35749
-9.017767,50,276.400597
-9.736305,50,276.440756
-13.119548,50,276.478961
-13.737016,50,276.51858
-10.535289,50,276.554039
-9.648179,50,276.592198
-8.340399,50,276.630323
-9.909454,50,276.665068
-9.250397,50,276.698226
-13.869928,50,276.735969
-10.601512,50,277.708573
-8.732796,50,277.745814
-11.894104,50,277.785218
-16.238299,50,277.824983
-10.831203,50,277.865224
-13.443639,50,277.904949
-9.735768,50,277.943212
-8.352485,50,277.983003
-11.638426,50,278.014585
-14.114705,50,278.042547
-8.931012,50,278.08047
-8.608216,50,278.111774
-10.287916,50,278.135286
-8.209888,50,278.15869
-12.298606,50,278.190804
-14.489219,50,278.218033
-11.718733,50,278.251799
-12.209207,50,278.282281
-14.694877,50,278.316476
-8.177788,50,278.350645
-13.367844,50,278.377813
-14.460435,50,278.417649
-11.929403,50,278.456036
-12.152916,50,278.49
-11.348202,50,278.530662
-9.014436,50,278.560236
-11.016517,50,278.599239
-8.138113,50,278.638934
-10.873528,50,278.67226
-11.882339,50,278.698693
-8.173505,50,278.740824
-13.417227,50,278.775961
-12.767133,50,278.813537
-10.893363,50,278.847409
-11.579587,50,278.882749
-11.09107,50,278.92149
-13.800009,50,278.95344
-10.301526,50,278.981409
-11.714771,50,279.020549
-7.777599,50,279.048493
-9.329671,50,279.079884
-16.315889,50,279.772615
-10.579985,50,279.812541
-10.012642,50,279.849108
-13.391521,50,279.890047
-10.067658,50,279.928925
-11.586871,50,279.965943
-11.897585,50,280.005252
-8.902019,50,280.043344
-12.596897,50,280.081782
-15.546923,50,280.118958
-16.208566,50,280.147342
-9.117973,50,280.180327
-16.874235,50,280.222269
-14.632268,50,280.258012
-7.53901,50,280.297174
-14.77807,50,280.335979
-11.203952,50,280.361771
-7.323535,50,280.390381
-13.153962,50,280.421179
-7.792218,50,280.460866
-10.171742,50,280.488838
-8.756922,50,280.510214
-8.229732,50,280.540362
-14.943746,50,280.568344
-9.271784,50,280.589172
-7.738295,50,280.622251
-13.01697,50,280.643677
-9.083127,50,280.664075
-7.982724,50,280.696314
-7.840382,50,280.722476
-10.178516,50,280.749794
-10.148931,50,280.784284
-9.05587,50,280.806311
-8.577666,50,280.841113
-9.572164,50,280.869349
-7.890285,50,280.908315
-7.923033,50,280.944638
-10.912183,50,280.968307
-15.283217,50,280.991908
-10.235947,50,281.031782
-9.365678,50,281.061438
-9.035609,50,281.728513
-12.697653,50,281.759121
-9.196542,50,281.8011
-8.255133,50,281.841327
-8.953849,50,281.88073
-10.201977,50,281.92311
-10.718489,50,281.962306
-11.701429,50,281.99841
-8.846631,50,282.033243
-17.485945,50,282.068297
-11.66938,50,282.106108
-8.565785,50,282.129953
-10.854657,50,282.160536
-7.827169,50,282.196846
-11.537568,50,282.230099
-12.167262,50,282.259874
-14.535226,50,282.303221
-16.50217,50,282.343212
-13.457899,50,282.378854
-7.808481,50,282.403901
-8.312585,50,282.432641
-8.885439,50,282.455589
-9.239801,50,282.478973
-8.840565,50,282.501673
-8.338911,50,282.526356
-11.881637,50,282.556153
-8.25255,50,282.58857
-14.582592,50,282.618186
-13.726094,50,282.650873
-8.516006,50,282.69035
-15.295687,50,282.728657
-11.098172,50,282.76242
-15.278176,50,282.798118
-9.413485,50,282.832445
-9.56243,50,282.86585
-8.927528,50,282.888472
-10.540094,50,282.927771
-9.765418,50,282.954703
-15.653738,50,282.977257
-11.922489,50,283.004868
-11.622888,50,283.038065
-13.184756,50,284.037999
-8.439489,50,284.075264
-7.805852,50,284.114259
-11.501778,50,284.154694
-9.881584,50,284.194692
-10.603713,50,284.220758
-11.85187,50,284.245082
-15.603162,50,284.269595
-9.547804,50,284.296133
-15.755916,50,284.320019
-8.675299,50,284.341221
-9.496026,50,284.373379
-15.561546,50,284.39835
-13.49311,50,284.422541
-7.669901,50,284.464391
-11.621906,50,284.490559
-9.280751,50,284.512695
-15.122119,50,284.552892
-12.145474,50,284.597718
-9.128138,50,284.634877
-9.240731,50,284.675005
-15.496093,50,284.70827
-10.687945,50,284.74199
-15.900809,50,284.775844
-10.402548,50,284.802443
-13.74187,50,284.839817
-16.375412,50,284.866171
-15.39224,50,284.899409
-8.732712,50,284.924777
-11.116924,50,284.967192
-11.873798,50,285.005961
-11.528438,50,285.04867
-14.914587,50,285.090335
-9.54096,50,285.122658
-11.622218,50,285.149611
-9.840796,50,285.180928
-15.615222,50,285.217708
-8.367936,50,285.247664
-9.381975,50,285.278029
-8.637648,50,285.304376
-12.623263,50,285.333385
-13.913293,50,286.277751
-11.165493,50,286.31073
-10.407303,50,286.351193
-10.316265,50,286.392535
-9.365028,50,286.43136
-7.729851,50,286.475099
-12.80056,50,286.513983
-10.299531,50,286.546788
-16.69771,50,286.570999
-8.135483,50,286.603958
-10.05158,50,286.632114
-8.914922,50,286.654203
-8.706466,50,286.67557
-8.169726,50,286.706032
-12.234502,50,286.731307
-11.479051,50,286.756917
-11.440673,50,286.797364
-7.688771,50,286.822379
-10.522063,50,286.865071
-9.394486,50,286.896352
-14.807616,50,286.922176
-12.335477,50,286.947778
-11.397663,50,286.987909
-8.717297,50,287.027798
-13.867304,50,287.054742
-9.450732,50,287.077109
-12.625551,50,287.103375
-8.487262,50,287.140229
-10.349776,50,287.169394
-10.228308,50,287.208245
-10.322825,50,287.244568
-9.813982,50,287.288127
-10.49294,50,287.324478
-10.267368,50,287.361814
-10.607718,50,287.402938
-9.467092,50,287.427679
-9.344213,50,287.453234
-11.264944,50,287.497602
-11.41483,50,287.528727
-11.674058,50,287.558398
-11.184176,50,287.588008
-9.332887,50,288.591827
-8.224083,50,288.629202
-10.984039,50,288.669414
-10.152699,50,288.710533
-9.820516,50,288.750404
-12.675703,50,288.790087
-12.726726,50,288.827891
-8.717893,50,288.868909
-9.771435,50,288.908993
-13.150144,50,288.947298
-11.734509,50,288.980604
-9.758498,50,289.017897
-11.444982,50,289.055235
-13.928747,50,289.088063
-9.276262,50,289.110588
-9.626062,50,289.135714
-13.335287,50,289.179071
-12.382194,50,289.209542
-14.766218,50,289.233063
-13.45472,50,289.264543
-13.695789,50,289.289118
-9.307451,50,289.310752
-13.438416,50,289.332553
-9.71837,50,289.358113
-12.924337,50,289.398036
-11.20131,50,289.427344
-12.188792,50,289.463022
-9.016508,50,289.490039
-14.087333,50,289.524052
-8.935234,50,289.551902
-10.68997,50,289.592337
-8.216704,50,289.63045
-10.631237,50,289.66858
-11.575961,50,289.708052
-12.57543,50,289.74787
-9.575383,50,289.787399
-8.562947,50,289.828938
-15.959138,50,289.868034
-8.029053,50,289.90638
-9.451355,50,289.949569
-13.767187,50,289.986855
-9.038669,50,290.955714
-8.907874,50,290.998223
-13.943029,50,291.037435
-13.626274,50,291.077391
-8.375604,50,291.110809
-8.992311,50,291.149016
-7.624427,50,291.189001
-15.71358,50,291.22719
-8.849095,50,291.269096
-16.258071,50,291.305259
-9.851401,50,291.336373
-15.344423,50,291.368624
-16.561963,50,291.404892
-8.460696,50,291.439239
-12.951332,50,291.48015
-15.758059,50,291.509275
-12.0187,50,291.547672
-10.369163,50,291.583989
-11.818441,50,291.61898
-9.910253,50,291.657084
-8.999409,50,291.680318
-12.654283,50,291.700702
-15.644262,50,291.721122
-9.208648,50,291.741525
-13.086085,50,291.773818
-9.995173,50,291.802079
-16.506563,50,291.837987
-10.740614,50,291.874485
-15.802731,50,291.894988
-14.188529,50,291.922111
-10.998707,50,291.952671
-8.090408,50,291.997298
-9.822276,50,292.035276
-8.239217,50,292.074995
-11.864736,50,292.113129
-10.986139,50,292.155859
-9.115417,50,292.187339
-9.590415,50,292.219361
-12.100066,50,292.26133
-8.723895,50,292.301317
-10.532713,50,292.333891
-8.057608,50,293.008344
-15.659599,50,293.048934
-10.559719,50,293.086411
-12.782683,50,293.130838
-8.38491,50,293.171081
-8.425063,50,293.208076
-8.463037,50,293.249926
-11.563096,50,293.289504
-15.787715,50,293.32709
-8.465467,50,293.364401
-8.945945,50,293.403827
-8.7483,50,293.44384
-9.776285,50,293.471711
-10.658554,50,293.496111
-10.555928,50,293.532002
-10.593987,50,293.565657
-9.784288,50,293.596523
-16.615601,50,293.631555
-11.298175,50,293.65243
-13.073746,50,293.681325
-8.338622,50,293.720531
-14.758154,50,293.756157
-11.068974,50,293.791226
-15.104332,50,293.815151
-13.166862,50,293.852281
-8.909477,50,293.887982
-12.292103,50,293.922112
-10.212641,50,293.950727
-8.166748,50,293.984058
-8.05961,50,294.022169
-10.11285,50,294.062364
-10.892034,50,294.102382
-10.594328,50,294.144733
-15.314386,50,294.184168
-9.635516,50,294.224605
-11.017513,50,294.261857
-10.925758,50,294.296138
-10.595795,50,294.333869
-8.768868,50,294.376257
-8.039678,50,294.420186
-12.247416,50,294.456108
-14.889566,50,295.160195
-8.63402,50,295.199864
-13.080298,50,295.2375
-8.337565,50,295.275874
-9.01891,50,295.313198
-13.477966,50,295.352503
-10.188289,50,295.392414
-12.378037,50,295.432034
-10.935854,50,295.472795
-10.363146,50,295.511506
-11.240981,50,295.549726
-13.369141,50,295.58834
-10.034004,50,295.627999
-12.538654,50,295.667448
-11.176606,50,295.707052
-8.795738,50,295.73629
-8.640634,50,295.758346
-10.329137,50,295.792554
-13.308616,50,295.830792
-9.227575,50,295.869355
-15.422648,50,295.906224
-10.606811,50,295.939855
-8.34014,50,295.968047
-8.455134,50,296.00847
-12.074945,50,296.03583
-7.66509,50,296.062816
-11.104183,50,296.096944
-12.91704,50,296.134116
-8.061803,50,296.176185
-14.55546,50,296.215321
-7.913695,50,296.256101
-13.125022,50,296.278537
-12.134651,50,296.310262
-14.340438,50,296.333676
-15.607869,50,296.371348
-9.14179,50,296.411029
-9.828924,50,296.445101
-8.471764,50,296.484368
-12.348547,50,296.511506
-9.348868,50,296.546711
-10.596844,50,296.583014
-13.073462,50,297.316894
-9.556407,50,297.35709
-9.254872,50,297.396211
-14.248412,50,297.434761
-13.32365,50,297.471555
-10.281966,50,297.513214
-12.276003,50,297.54526
-16.045169,50,297.585522
-16.518045,50,297.620478
-8.532327,50,297.653272
-12.630798,50,297.689834
-7.924417,50,297.7153
-8.030582,50,297.74608
-11.833805,50,297.779492
-11.780601,50,297.819116
-9.816693,50,297.842946
-8.746147,50,297.872904
-8.990792,50,297.911503
-8.259692,50,297.947581
-11.420454,50,297.967359
-12.514247,50,298.004278
-8.570462,50,298.047004
-9.757398,50,298.069348
-14.327705,50,298.105529
-15.690478,50,298.137435
-9.073295,50,298.167521
-9.923633,50,298.198614
-9.251656,50,298.221021
-8.123144,50,298.251711
-7.588553,50,298.289055
-9.623064,50,298.329365
-13.250784,50,298.368161
-15.167959,50,298.409363
-7.999995,50,298.449121
-15.94705,50,298.489605
-11.62282,50,298.529081
-12.057015,50,298.555881
-10.095552,50,298.579947
-11.121248,50,298.604516
-16.044783,50,298.626823
-11.358068,50,298.648489
-14.238477,50,299.38734
-9.477547,50,299.429322
-9.403144,50,299.464716
-8.015936,50,299.505281
-10.287169,50,299.544461
-15.915684,50,299.586255
-9.208218,50,299.62731
-9.231437,50,299.667588
-10.959375,50,299.709361
-8.433049,50,299.744858
-15.954127,50,299.784783
-10.598596,50,299.8174
-8.712074,50,299.853937
-13.57243,50,299.889519
-8.183611,50,299.92166
-10.427258,50,299.958172
-11.024957,50,299.996475
-14.513158,50,300.033929
-9.198463,50,300.072402
-14.499165,50,300.111197
-9.200825,50,300.143561
-12.250212,50,300.172632
-10.691079,50,300.218507
-10.296645,50,300.253187
-12.950097,50,300.282521
-14.345887,50,300.308855
-7.749096,50,300.334123
-7.657495,50,300.36216
-11.967156,50,300.397041
-8.447113,50,300.439137
-14.493644,50,300.477905
-13.299281,50,300.520347
-14.881644,50,300.559337
-8.360552,50,300.597299
-14.269836,50,300.638837
-7.957851,50,300.679202
-8.128509,50,300.717078
-8.546102,50,300.747606
-7.889858,50,300.780415
-10.461129,50,300.812217
-11.519377,50,300.846238
-8.137016,50,301.840893
-15.531447,50,301.879857
-8.566443,50,301.920364
-9.920265,50,301.961222
-8.968256,50,301.997324
-10.265233,50,302.040421
-11.084947,50,302.074549
-8.625965,50,302.117493
-9.552505,50,302.156569
-8.274488,50,302.184296
-8.694388,50,302.21205
-12.653161,50,302.242368
-9.0675,50,302.276277
-11.686047,50,302.303666
-10.969346,50,302.339716
-15.320044,50,302.371701
-9.184965,50,302.398471
-13.782953,50,302.437271
-10.088955,50,302.464809
-12.938224,50,302.488628
-12.023599,50,302.512166
-15.036328,50,302.53728
-13.531177,50,302.563809
-16.291525,50,302.59033
-14.768832,50,302.618241
-8.555605,50,302.647525
-9.783495,50,302.688507
-8.011974,50,302.716064
-8.161075,50,302.745708
-11.452734,50,302.769318
-12.02936,50,302.796738
-14.579793,50,302.828715
-12.175755,50,302.871077
-9.095272,50,302.907626
-9.016337,50,302.946577
-12.023607,50,302.989644
-9.695962,50,303.029094
-15.4512,50,303.06572
-14.790408,50,303.10572
-15.66523,50,303.1324
-14.328069,50,303.159596
-14.587024,50,303.766088
-8.267176,50,303.801681
-8.561296,50,303.832046
-13.989388,50,303.874062
-9.239921,50,303.914818
-10.243463,50,303.95594
-10.771194,50,303.996459
-11.900605,50,304.03406
-8.746405,50,304.074128
-9.479277,50,304.114062
-12.246097,50,304.151895
-9.722556,50,304.196007
-9.319167,50,304.23485
-15.586711,50,304.269675
-9.017497,50,304.294947
-10.112363,50,304.322715
-11.391099,50,304.356491
-14.246088,50,304.385665
-8.540481,50,304.416709
-17.022445,50,304.444273
-8.694352,50,304.470837
-10.833464,50,304.493534
-11.958162,50,304.514766
-14.583934,50,304.543432
-8.367824,50,304.582811
-10.459485,50,304.618835
-8.79429,50,304.649188
-10.82264,50,304.682587
-11.764781,50,304.715178
-11.40277,50,304.740474
-15.714044,50,304.76441
-9.747309,50,304.797258
-8.812766,50,304.834261
-11.331925,50,304.876364
-11.248641,50,304.917851
-8.484337,50,304.958094
-11.522342,50,304.99598
-14.335372,50,305.03042
-11.30556,50,305.060222
-15.237829,50,305.100935
-10.4423,50,305.132436
-12.898612,50,305.819921
-9.171712,50,305.862315
-11.417626,50,305.898467
-10.273764,50,305.93916
-14.471351,50,305.977203
-7.675573,50,306.013702
-12.437538,50,306.054872
-8.97356,50,306.095705
-7.98265,50,306.1269
-12.266069,50,306.151864
-13.492619,50,306.191135
-11.068138,50,306.226026
-12.8899,50,306.250484
-10.886384,50,306.27527
-9.899204,50,306.303545
-14.663637,50,306.332666
-8.732761,50,306.368245
-12.206117,50,306.399572
-8.203688,50,306.425482
-8.86813,50,306.461308
-14.528305,50,306.497342
-10.083174,50,306.536858
-10.299549,50,306.569556
-10.084554,50,306.595855
-14.401151,50,306.636145
-8.647915,50,306.659345
-11.356349,50,306.692605
-9.998207,50,306.715382
-10.40409,50,306.755853
-10.976015,50,306.793881
-14.787718,50,306.830006
-11.07221,50,306.870346
-9.995511,50,306.911391
-10.146595,50,306.950977
-7.793773,50,306.988187
-9.966496,50,307.027861
-15.268495,50,307.067247
-7.953853,50,307.09719
-17.031133,50,307.125556
-14.502362,50,307.159505
-14.870457,50,307.193201
-8.474868,50,308.093571
-10.867583,50,308.133413
-11.436298,50,308.173107
-11.618087,50,308.212197
-10.485472,50,308.251478
-9.683825,50,308.29072
-10.909707,50,308.330379
-12.111386,50,308.367428
-11.963873,50,308.405166
-10.24309,50,308.443514
-9.990072,50,308.482205
-15.177461,50,308.505121
-13.044017,50,308.529696
-11.562182,50,308.56335
-12.258781,50,308.601946
-8.62825,50,308.623795
-8.484713,50,308.666989
-8.55259,50,308.702542
-9.506828,50,308.733541
-10.42777,50,308.759156
-14.096898,50,308.790541
-9.107954,50,308.825161
-12.302342,50,308.861026
-11.316696,50,308.898918
-8.467831,50,308.921757
-8.410507,50,308.946364
-8.739032,50,308.972653
-16.794426,50,308.998198
-14.997725,50,309.019712
-11.344413,50,309.042829
-9.052883,50,309.074167
-14.787596,50,309.11377
-12.013023,50,309.152806
-11.935465,50,309.185508
-8.74775,50,309.227666
-8.29263,50,309.267163
-10.207827,50,309.304916
-10.284094,50,309.340364
-8.353039,50,309.378682
-9.241782,50,309.418325
-9.640506,50,309.45235
-9.799365,50,310.170259
-11.159779,50,310.208118
-9.259638,50,310.24994
-8.437918,50,310.288045
-14.3274,50,310.328431
-13.958361,50,310.368441
-8.188721,50,310.408693
-8.13862,50,310.446307
-9.250035,50,310.484032
-11.328843,50,310.523432
-10.154259,50,310.559747
-7.982396,50,310.599253
-7.850852,50,310.637953
-12.68167,50,310.67496
-8.169638,50,310.715207
-15.569214,50,310.750798
-15.885476,50,310.790548
-9.316462,50,310.830576
-7.601037,50,310.8601
-8.187762,50,310.899935
-9.379461,50,310.937834
-15.702016,50,310.971338
-15.315147,50,311.011857
-15.111025,50,311.047937
-8.8336,50,311.078507
-16.369755,50,311.115471
-11.296232,50,311.145514
-12.176304,50,311.187195
-10.410959,50,311.229316
-10.375973,50,311.268481
-8.737736,50,311.304504
-16.59951,50,311.342094
-8.478717,50,311.376026
-11.229496,50,311.414512
-9.401202,50,311.451788
-8.583005,50,311.477278
-13.003869,50,311.507256
-13.639687,50,311.544243
-12.880893,50,311.572303
-8.276084,50,311.604203
-10.419394,50,311.640402
-8.366473,50,312.290004
-12.193977,50,312.330397
-14.53485,50,312.371308
-13.794248,50,312.409945
-9.216993,50,312.447117
-14.909214,50,312.472256
-8.393151,50,312.494837
-11.689619,50,312.525591
-11.366716,50,312.565072
-8.07,50,312.590434
-10.940111,50,312.615355
-8.558069,50,312.654685
-13.847031,50,312.687034
-13.683059,50,312.714137
-12.168116,50,312.736109
-9.006388,50,312.770123
-15.503685,50,312.800828
-8.277135,50,312.832772
-8.103385,50,312.865818
-12.874099,50,312.907236
-11.594505,50,312.94744
-9.685711,50,312.977473
-9.209476,50,313.005458
-11.609005,50,313.050218
-11.894436,50,313.090754
-14.321375,50,313.12553
-10.532919,50,313.157243
-12.127202,50,313.201046
-13.476111,50,313.237311
-12.420458,50,313.267239
-11.442749,50,313.305279
-10.898827,50,313.344334
-13.586642,50,313.382947
-10.944231,50,313.421981
-10.572684,50,313.459191
-12.908328,50,313.494821
-12.564676,50,313.537176
-14.441726,50,313.572312
-12.523561,50,313.611927
-9.207583,50,313.641376
-11.184792,50,313.671463
-8.397274,50,314.36822
-9.898725,50,314.407849
-13.966864,50,314.44709
-8.812785,50,314.488577
-13.022249,50,314.525892
-12.041647,50,314.563687
-10.939656,50,314.605474
-9.652023,50,314.640077
-8.264199,50,314.664761
-10.275386,50,314.692908
-8.00993,50,314.721086
-9.523672,50,314.758669
-9.53779,50,314.794288
-9.136428,50,314.819657
-10.695957,50,314.841897
-9.777252,50,314.866155
-12.321321,50,314.890506
-10.271303,50,314.912001
-8.514222,50,314.936108
-14.401259,50,314.96317
-7.870015,50,315.001974
-16.217966,50,315.039905
-13.673879,50,315.062277
-10.796668,50,315.102025
-10.459079,50,315.140813
-10.104026,50,315.172294
-8.887431,50,315.212335
-10.262998,50,315.241112
-15.346553,50,315.285233
-10.964635,50,315.30858
-10.161892,50,315.352996
-11.107379,50,315.395368
-8.730685,50,315.433158
-11.438108,50,315.467528
-14.326258,50,315.505963
-9.277109,50,315.546921
-8.410306,50,315.584148
-14.504458,50,315.623097
-8.024914,50,315.663268
-11.479385,50,315.696192
-9.120504,50,315.733409
-14.348955,50,316.423353
-8.822447,50,316.463384
-11.368267,50,316.500664
-8.288788,50,316.525447
-7.356253,50,316.564397
-8.50088,50,316.604006
-9.991331,50,316.641374
-11.755322,50,316.681637
-13.632237,50,316.720181
-9.28058,50,316.758551
-9.00612,50,316.798338
-8.564948,50,316.835023
-8.493664,50,316.873366
-13.773007,50,316.910479
-10.7592,50,316.943951
-11.370616,50,316.975638
-9.854005,50,317.010357
-9.302115,50,317.047758
-9.670138,50,317.084509
-8.800928,50,317.125274
-9.834774,50,317.15942
-9.641994,50,317.200868
-8.429784,50,317.232339
-8.783365,50,317.26793
-8.723745,50,317.306032
-7.511647,50,317.339925
-15.079981,50,317.378042
-15.213775,50,317.421617
-8.082895,50,317.46166
-8.827504,50,317.499869
-12.362376,50,317.538379
-11.517395,50,317.577507
-12.200714,50,317.60813
-11.827818,50,317.642411
-11.39221,50,317.671598
-7.800504,50,317.702533
-10.71897,50,317.737587
-12.029937,50,317.768358
-13.745165,50,317.805394
-15.618313,50,317.839204
-11.547652,50,317.870323
-10.14031,50,318.542073
-12.610119,50,318.583588
-11.269708,50,318.623125
-15.57634,50,318.657491
-7.903386,50,318.694965
-11.723089,50,318.720666
-12.41022,50,318.754353
-9.865959,50,318.793344
-9.049716,50,318.820796
-15.336492,50,318.843343
-14.291055,50,318.87319
-10.417844,50,318.901611
-9.289705,50,318.928979
-10.496908,50,318.967237
-10.662348,50,318.998012
-8.229341,50,319.02777
-12.857161,50,319.055257
-15.296052,50,319.0778
-14.612992,50,319.100371
-8.581449,50,319.141115
-15.062002,50,319.173676
-8.917347,50,319.203263
-11.76635,50,319.23997
-13.487044,50,319.275256
-12.835138,50,319.311784
-11.865062,50,319.334688
-12.363405,50,319.368891
-11.820246,50,319.405008
-15.123878,50,319.436672
-13.487817,50,319.466583
-13.058218,50,319.494349
-7.827344,50,319.529986
-9.016201,50,319.566516
-14.673928,50,319.607866
-14.500674,50,319.647275
-7.845951,50,319.686589
-8.335622,50,319.7164
-13.752988,50,319.739437
-14.513112,50,319.772379
-9.808659,50,319.808341
-8.249094,50,320.597798
-12.522618,50,320.636994
-16.057959,50,320.675019
-9.830269,50,320.715306
-11.594323,50,320.757528
-12.590452,50,320.798885
-8.650163,50,320.834471
-7.997015,50,320.870555
-11.22005,50,320.906929
-11.504485,50,320.948679
-13.863056,50,320.989534
-7.920598,50,321.020865
-10.955596,50,321.051182
-8.632235,50,321.090923
-12.249763,50,321.132174
-8.357138,50,321.167527
-7.784925,50,321.19623
-9.056385,50,321.234113
-13.865624,50,321.267218
-9.639725,50,321.297631
-15.513792,50,321.339193
-10.643022,50,321.360892
-10.02735,50,321.398783
-11.74813,50,321.42156
-15.315852,50,321.446191
-10.525049,50,321.471166
-10.100278,50,321.51047
-13.516752,50,321.547125
-8.044031,50,321.570911
-7.585388,50,321.593525
-8.636424,50,321.6262
-15.008582,50,321.66757
-12.576584,50,321.697211
-9.135212,50,321.721118
-10.592404,50,321.754053
-11.719997,50,321.795884
-9.325695,50,321.826124
-15.978064,50,321.850374
-9.920381,50,321.886364
-8.223619,50,321.928225
-12.416528,50,321.967762
-9.382984,50,322.593728
-9.406324,50,322.632774
-12.763684,50,322.669479
-10.126038,50,322.713347
-7.747538,50,322.738018
-14.918433,50,322.760642
-8.358287,50,322.793031
-14.580591,50,322.826729
-8.83548,50,322.869476
-8.734731,50,322.905052
-12.141044,50,322.944509
-11.967898,50,322.977898
-8.94989,50,323.010896
-11.340155,50,323.046868
-12.447815,50,323.076147
-11.068554,50,323.101053
-10.336263,50,323.137021
-10.548021,50,323.174463
-7.938232,50,323.209031
-7.743006,50,323.244559
-11.849442,50,323.285293
-8.943092,50,323.318489
-9.173295,50,323.355307
-8.686816,50,323.397342
-12.519567,50,323.431
-8.188045,50,323.466565
-8.809935,50,323.498173
-12.877654,50,323.54366
-11.846756,50,323.582332
-11.850778,50,323.618486
-10.064938,50,323.658006
-12.236642,50,323.68667
-10.681255,50,323.712878
-16.283671,50,323.742212
-15.536664,50,323.781305
-7.849778,50,323.820342
-8.627519,50,323.851426
-9.937232,50,323.874965
-11.441158,50,323.897641
-9.284379,50,323.928866
-8.084089,50,323.969815
-9.090861,50,324.815414
-9.63702,50,324.854458
-9.467132,50,324.89622
-12.530281,50,324.933937
-8.870779,50,324.962075
-12.335909,50,324.984961
-9.097494,50,325.014372
-8.737053,50,325.057001
-9.237472,50,325.09473
-16.135862,50,325.133392
-9.863285,50,325.170127
-10.074614,50,325.202495
-8.951276,50,325.237988
-14.727165,50,325.272344
-9.064032,50,325.305482
-10.604611,50,325.330545
-11.118792,50,325.366071
-9.791174,50,325.404948
-7.788435,50,325.436434
-9.175212,50,325.465794
-12.2685,50,325.492152
-9.01164,50,325.516698
-12.194697,50,325.555142
-14.195591,50,325.584329
-11.771412,50,325.626601
-10.938052,50,325.66273
-13.260595,50,325.696069
-10.236724,50,325.73123
-9.598147,50,325.766294
-11.033943,50,325.804084
-14.746189,50,325.844394
-10.069414,50,325.871207
-14.211742,50,325.910374
-8.419278,50,325.948258
-11.782482,50,325.984482
-9.168121,50,326.007647
-10.231466,50,326.040368
-9.171044,50,326.074477
-14.442973,50,326.103177
-10.018738,50,326.13763
-11.05244,50,326.167638
-8.154047,50,327.146449
-12.526016,50,327.186138
-7.792644,50,327.222399
-14.963275,50,327.262026
-8.695842,50,327.300095
-10.133326,50,327.339512
-9.288249,50,327.380081
-12.311762,50,327.419288
-12.498054,50,327.453563
-13.31147,50,327.48389
-14.66014,50,327.516958
-10.02674,50,327.550754
-9.103481,50,327.591581
-14.410984,50,327.617434
-10.815478,50,327.64187
-11.639232,50,327.673302
-16.211028,50,327.700553
-9.817687,50,327.726184
-8.136542,50,327.771912
-8.641059,50,327.795243
-10.223727,50,327.819812
-8.603066,50,327.846351
-8.704774,50,327.879277
-13.441085,50,327.906634
-9.637478,50,327.937906
-10.5213,50,327.963819
-9.788922,50,327.987142
-9.370748,50,328.018198
-11.947582,50,328.04526
-11.24777,50,328.074468
-12.234478,50,328.107252
-10.080562,50,328.144007
-14.283883,50,328.1849
-7.864144,50,328.22499
-15.878695,50,328.263571
-12.088936,50,328.30274
-14.946391,50,328.33737
-9.737451,50,328.360263
-11.534562,50,328.401081
-12.279817,50,328.441924
-9.730719,50,328.478202
-9.975096,50,329.444135
-10.02468,50,329.483944
-8.637613,50,329.522197
-9.854124,50,329.55994
-9.126707,50,329.598308
-14.195235,50,329.630806
-9.156338,50,329.670431
-16.61425,50,329.707722
-11.183118,50,329.733705
-12.323891,50,329.764087
-15.493305,50,329.797607
-8.900896,50,329.827399
-10.578335,50,329.862309
-7.741156,50,329.887458
-13.62833,50,329.911736
-15.819365,50,329.947761
-10.125458,50,329.989789
-8.712456,50,330.028481
-14.017442,50,330.053288
-9.409159,50,330.076127
-9.312933,50,330.101745
-13.562766,50,330.142373
-8.785103,50,330.176009
-9.646709,50,330.213378
-9.10195,50,330.248734
-8.872161,50,330.280873
-9.22379,50,330.3074
-12.484045,50,330.332494
-14.289053,50,330.361573
-13.591341,50,330.392188
-8.31332,50,330.434416
-9.032261,50,330.473338
-11.560033,50,330.513344
-9.361227,50,330.554345
-10.577008,50,330.589127
-13.469726,50,330.626693
-14.475144,50,330.652699
-8.830623,50,330.69026
-8.513113,50,330.732529
-9.416956,50,330.755153
-9.566201,50,330.786499
-12.428694,50,331.713969
-9.538381,50,331.753331
-9.92077,50,331.792083
-8.086561,50,331.834588
-14.538501,50,331.869708
-11.618713,50,331.908781
-12.254679,50,331.947215
-9.860544,50,331.982967
-11.415417,50,332.016053
-13.119477,50,332.057538
-8.575238,50,332.086153
-8.530872,50,332.111109
-10.07713,50,332.142914
-11.329894,50,332.166182
-13.330319,50,332.18972
-8.754282,50,332.225092
-7.889799,50,332.262742
-7.609441,50,332.305903
-9.464902,50,332.335853
-10.528911,50,332.374235
-13.562405,50,332.4067
-7.376536,50,332.433583
-8.992953,50,332.466175
-10.540481,50,332.505218
-12.918668,50,332.537147
-10.195214,50,332.559395
-8.815669,50,332.585494
-8.717956,50,332.618386
-8.441426,50,332.653329
-12.800584,50,332.677709
-15.174643,50,332.700592
-9.474768,50,332.740161
-10.642402,50,332.77568
-8.365483,50,332.808945
-13.98766,50,332.837745
-12.558886,50,332.863869
-9.171087,50,332.889786
-10.903981,50,332.913669
-9.855451,50,332.946685
-10.348743,50,332.986308
-8.315813,50,333.022885
-8.833747,50,333.991772
-13.626626,50,334.028835
-13.693457,50,334.06105
-12.624611,50,334.103473
-11.439186,50,334.145576
-9.579952,50,334.186244
-9.477773,50,334.226713
-9.397638,50,334.265277
-10.946838,50,334.307419
-9.19445,50,334.346484
-12.743074,50,334.383549
-8.181258,50,334.41
-12.75214,50,334.433152
-14.253219,50,334.471009
-9.228334,50,334.509091
-9.353471,50,334.537675
-17.133668,50,334.565866
-14.299501,50,334.605854
-8.975036,50,334.643527
-11.861085,50,334.674631
-12.307055,50,334.709821
-9.366596,50,334.732389
-9.593594,50,334.769284
-8.382273,50,334.798912
-13.267911,50,334.830651
-10.499298,50,334.860838
-13.887188,50,334.889575
-13.351705,50,334.91361
-10.318436,50,334.945065
-8.651472,50,334.986642
-11.981004,50,335.026775
-12.513485,50,335.061326
-12.125629,50,335.101268
-14.276876,50,335.142206
-11.018161,50,335.16955
-7.690957,50,335.209797
-13.338554,50,335.25267
-14.364255,50,335.28829
-16.442023,50,335.318124
-12.400492,50,335.355413
-9.2199,50,335.388529
-11.622112,50,336.109276
-11.300228,50,336.148273
-8.180942,50,336.189945
-9.096992,50,336.232693
-11.299884,50,336.274168
-7.809108,50,336.31195
-13.868837,50,336.351342
-15.530689,50,336.386416
-8.886772,50,336.42485
-9.683497,50,336.452385
-8.233789,50,336.481428
-15.663499,50,336.525023
-10.765676,50,336.550315
-13.127057,50,336.581538
-14.81785,50,336.624856
-10.387228,50,336.665443
-13.971209,50,336.704883
-8.597849,50,336.732667
-16.64792,50,336.756063
-11.685487,50,336.778377
-10.193542,50,336.80425
-10.86422,50,336.834232
-11.433606,50,336.874765
-13.418104,50,336.902297
-8.255005,50,336.93288
-12.401653,50,336.972844
-8.335394,50,337.006015
-8.1188,50,337.029555
-8.112204,50,337.051838
-9.689759,50,337.084538
-11.01561,50,337.124081
-13.588314,50,337.153156
-9.416906,50,337.183925
-12.456134,50,337.223257
-12.200841,50,337.249375
-8.167755,50,337.291054
-8.967223,50,337.32015
-16.854768,50,337.363121
-8.70769,50,337.397359
-9.487627,50,337.433804
-9.417138,50,337.461292
-9.186023,50,338.185446
-13.052322,50,338.210837
-12.40948,50,338.250172
-7.952893,50,338.289954
-10.15816,50,338.327014
-7.998185,50,338.367485
-12.370823,50,338.40808
-9.92158,50,338.441196
-8.158102,50,338.47641
-13.138713,50,338.499264
-10.909205,50,338.537126
-14.287335,50,338.562855
-9.835292,50,338.587434
-10.447581,50,338.620861
-11.53513,50,338.645808
-13.501199,50,338.677205
-11.553813,50,338.720895
-8.669112,50,338.752277
-14.154817,50,338.77894
-10.639863,50,338.81659
-8.703727,50,338.85775
-10.702739,50,338.890931
-11.957254,50,338.913942
-12.07116,50,338.945391
-12.651723,50,338.973452
-8.94781,50,338.999517
-10.96197,50,339.025532
-9.386811,50,339.054605
-8.058847,50,339.083763
-8.565492,50,339.118242
-9.244394,50,339.141785
-13.997108,50,339.183538
-13.563927,50,339.224242
-9.146784,50,339.261239
-12.995192,50,339.301564
-8.647781,50,339.33883
-9.244127,50,339.381539
-8.030827,50,339.422184
-13.086855,50,339.462933
-8.256356,50,339.503307
-8.515884,50,339.541101
-15.091502,50,340.23388
-12.424954,50,340.27365
-10.033066,50,340.311969
-9.260974,50,340.353086
-13.362823,50,340.383537
-10.352539,50,340.426904
-11.07783,50,340.463367
-13.093352,50,340.507545
-12.383197,50,340.544255
-11.509889,50,340.586377
-9.49215,50,340.629177
-8.354528,50,340.664341
-11.580428,50,340.703188
-8.273317,50,340.733169
-8.139777,50,340.755639
-11.431644,50,340.78238
-12.281555,50,340.821377
-12.301821,50,340.85873
-7.804972,50,340.891006
-10.785979,50,340.925894
-8.026783,50,340.948326
-8.081506,50,340.988935
-10.653494,50,341.017007
-10.044807,50,341.044001
-13.475184,50,341.080805
-13.39156,50,341.113915
-8.03148,50,341.140773
-13.76635,50,341.167636
-10.803914,50,341.194483
-9.428099,50,341.229565
-8.596533,50,341.27395
-11.11745,50,341.313704
-12.449898,50,341.350358
-8.297177,50,341.391355
-8.478039,50,341.42815
-12.090107,50,341.466333
-13.157918,50,341.506025
-11.639927,50,341.53071
-9.454772,50,341.561441
-12.222669,50,341.599717
-9.590311,50,341.640502
-12.54494,50,342.30337
-9.561491,50,342.342305
-13.247255,50,342.384432
-9.397697,50,342.42417
-12.550826,50,342.459346
-12.991105,50,342.502753
-12.139817,50,342.53254
-9.810001,50,342.568106
-12.826687,50,342.605409
-9.066087,50,342.643687
-14.23901,50,342.671865
-13.211663,50,342.703107
-12.006328,50,342.733007
-9.605774,50,342.774731
-11.503661,50,342.815186
-10.736857,50,342.852975
-12.695813,50,342.893797
-11.157199,50,342.934056
-12.625272,50,342.971047
-10.363904,50,343.0003
-12.75739,50,343.045463
-8.949814,50,343.080626
-14.230203,50,343.115313
-9.314478,50,343.159333
-11.218779,50,343.192637
-12.535514,50,343.23345
-13.924936,50,343.268216
-14.401442,50,343.309298
-8.734698,50,343.351621
-11.127175,50,343.387965
-11.119751,50,343.4304
-8.494645,50,343.468754
-13.174282,50,343.499182
-15.027892,50,343.530915
-9.185462,50,343.570559
-9.123544,50,343.603139
-9.910015,50,343.636471
-12.339688,50,343.664852
-10.889064,50,343.688678
-9.127337,50,343.713813
-10.977234,50,343.739006
-8.834464,50,344.485523
-15.350471,50,344.523324
-11.480683,50,344.563263
-10.996185,50,344.605415
-8.293543,50,344.646541
-10.310915,50,344.682492
-15.444613,50,344.713257
-12.653993,50,344.744482
-8.589326,50,344.779756
-13.719999,50,344.812005
-15.021992,50,344.850578
-9.738007,50,344.879286
-10.78906,50,344.922429
-10.671031,50,344.953249
-14.637744,50,344.991391
-10.254918,50,345.020256
-8.29348,50,345.049847
-8.525659,50,345.076287
-12.982782,50,345.103329
-11.985906,50,345.125383
-9.630807,50,345.156662
-8.47063,50,345.194412
-7.884653,50,345.225504
-8.343705,50,345.266441
-9.807211,50,345.296917
-15.144585,50,345.336148
-12.870935,50,345.364316
-10.537788,50,345.396417
-10.351684,50,345.435977
-10.349823,50,345.468465
-8.747149,50,345.507737
-7.932488,50,345.548736
-9.971568,50,345.588351
-10.200062,50,345.618159
-11.969879,50,345.639478
-9.408346,50,345.67997
-12.537838,50,345.712449
-12.413909,50,345.741783
-8.974809,50,345.77003
-11.52897,50,345.798659
-10.256403,50,345.82503
-9.779137,50,346.514523
-13.040046,50,346.552489
-8.753163,50,346.593182
-9.051373,50,346.633031
-11.16207,50,346.670498
-11.068513,50,346.707394
-10.39972,50,346.748144
-13.016553,50,346.787866
-10.314811,50,346.826215
-9.094381,50,346.856256
-9.701347,50,346.880665
-8.737831,50,346.916183
-16.003502,50,346.954193
-8.55305,50,346.990347
-8.691882,50,347.034189
-12.073058,50,347.071467
-11.061742,50,347.106397
-8.213733,50,347.13544
-13.416036,50,347.159308
-8.235152,50,347.183644
-12.887057,50,347.226398
-11.765507,50,347.252575
-14.114327,50,347.275345
-8.54489,50,347.312969
-15.261769,50,347.341775
-10.308376,50,347.373794
-11.018134,50,347.400966
-12.588671,50,347.442565
-10.994764,50,347.481771
-10.277732,50,347.52404
-8.923308,50,347.568373
-8.485511,50,347.607799
-12.390798,50,347.645363
-10.735173,50,347.688405
-11.936611,50,347.725165
-11.342607,50,347.764912
-13.155397,50,347.80603
-9.198328,50,347.838117
-12.345259,50,347.863632
-8.678672,50,347.886389
-13.16326,50,347.919183
-10.539661,50,348.681337
-13.726676,50,348.718544
-11.304875,50,348.759126
-11.525487,50,348.796093
-13.266333,50,348.836985
-15.784218,50,348.873919
-15.123624,50,348.915802
-9.669488,50,348.954995
-13.82065,50,348.991962
-8.411978,50,349.031252
-8.320535,50,349.070871
-10.058171,50,349.107154
-9.873441,50,349.135811
-8.278994,50,349.162209
-8.436044,50,349.201157
-15.812683,50,349.232491
-13.086984,50,349.273016
-13.621864,50,349.31224
-11.45198,50,349.334767
-10.567681,50,349.363425
-9.938396,50,349.395989
-10.525921,50,349.41979
-16.329608,50,349.458273
-11.471005,50,349.485554
-9.49703,50,349.520602
-8.425814,50,349.558915
-10.578325,50,349.588583
-11.630214,50,349.618773
-8.14338,50,349.654923
-11.326857,50,349.688499
-12.894226,50,349.728636
-8.656901,50,349.765717
-12.107282,50,349.807857
-10.85516,50,349.845368
-8.294177,50,349.872738
-9.670003,50,349.902887
-13.456943,50,349.941138
-12.486102,50,349.979587
-12.394738,50,350.020681
-10.992071,50,350.048049
-9.659047,50,350.072732
-12.756108,50,350.702296
-12.482518,50,350.744191
-14.687318,50,350.780723
-9.008289,50,350.8198
-7.796952,50,350.859901
-12.313448,50,350.895973
-11.438688,50,350.933305
-11.051573,50,350.97655
-10.131905,50,351.017
-10.866101,50,351.05314
-16.724775,50,351.090665
-10.105507,50,351.127878
-11.959913,50,351.157693
-15.245366,50,351.187641
-11.013832,50,351.213976
-9.503318,50,351.250644
-10.875624,50,351.283543
-12.285883,50,351.323971
-12.396265,50,351.359713
-8.568307,50,351.388234
-11.147182,50,351.434285
-11.931452,50,351.470877
-11.557931,50,351.511192
-10.717239,50,351.544288
-8.534106,50,351.571437
-11.895193,50,351.609662
-9.863717,50,351.636661
-8.715369,50,351.662172
-14.599261,50,351.682646
-8.541069,50,351.70271
-10.930554,50,351.724115
-8.446301,50,351.757901
-11.087598,50,351.792072
-8.027755,50,351.821673
-8.921841,50,351.862388
-8.295062,50,351.895457
-7.995553,50,351.937926
-14.794617,50,351.96486
-8.97614,50,351.989824
-13.749802,50,352.022132
-9.421464,50,352.065481
-8.994149,50,352.699714
-12.603419,50,352.738959
-8.170528,50,352.779525
-9.952043,50,352.819152
-15.518447,50,352.861935
-10.574797,50,352.900136
-9.266454,50,352.935554
-9.807334,50,352.967986
-10.820244,50,352.995997
-9.173581,50,353.020914
-8.266335,50,353.053439
-11.391522,50,353.085523
-13.452711,50,353.107622
-11.731448,50,353.129502
-9.683288,50,353.156512
-11.614175,50,353.181321
-8.510239,50,353.212891
-15.582543,50,353.237976
-10.825604,50,353.264725
-10.786704,50,353.288692
-13.946105,50,353.316635
-9.237724,50,353.348469
-8.009904,50,353.375859
-12.171725,50,353.413673
-11.939912,50,353.441114
-9.594111,50,353.481332
-12.673726,50,353.519804
-12.410372,50,353.558427
-15.368137,50,353.585106
-13.240345,50,353.610619
-12.548423,50,353.634389
-9.12464,50,353.674308
-12.181414,50,353.711101
-10.457259,50,353.754686
-10.696939,50,353.794469
-8.662473,50,353.835008
-10.953853,50,353.869111
-14.54429,50,353.901358
-10.543415,50,353.939249
-8.117644,50,353.977479
-16.047588,50,353.999648
-9.78938,50,354.613985
-10.238762,50,354.64376
-9.577537,50,354.672697
-12.452676,50,354.708043
-13.298341,50,354.750117
-11.765499,50,354.791117
-9.359367,50,354.827921
-8.572849,50,354.869168
-9.869209,50,354.90737
-9.051757,50,354.947899
-9.850632,50,354.985727
-8.688511,50,355.021457
-12.083116,50,355.04948
-12.210059,50,355.079602
-8.580948,50,355.119874
-9.450986,50,355.15275
-14.482423,50,355.186328
-13.645133,50,355.220309
-11.913469,50,355.24606
-14.357345,50,355.269773
-10.263584,50,355.291041
-12.670006,50,355.320158
-9.412982,50,355.349183
-8.414789,50,355.377532
-15.729262,50,355.410224
-10.159476,50,355.440891
-9.634689,50,355.469032
-8.80631,50,355.496373
-10.174116,50,355.525491
-9.503449,50,355.554182
-11.785362,50,355.585373
-9.395243,50,355.606973
-13.761111,50,355.639257
-9.682705,50,355.680948
-14.513027,50,355.702619
-10.785119,50,355.738153
-11.407182,50,355.780527
-10.735187,50,355.818248
-10.297656,50,355.847087
-13.805582,50,355.880299
-8.867639,50,355.911128
-12.481081,50,356.589319
-10.529674,50,356.619061
-8.822111,50,356.661471
-10.126997,50,356.690526
-8.696655,50,356.725901
-10.263557,50,356.766555
-15.401474,50,356.806185
-10.306281,50,356.844923
-8.40304,50,356.885833
-12.54606,50,356.924433
-10.648121,50,356.96807
-9.31012,50,357.00118
-12.526736,50,357.032855
-9.810906,50,357.062672
-14.674382,50,357.093329
-8.444589,50,357.124597
-10.244102,50,357.155342
-11.102466,50,357.191373
-12.78951,50,357.217485
-8.393298,50,357.258166
-12.681285,50,357.286294
-15.286666,50,357.312652
-10.575321,50,357.340461
-12.624253,50,357.37398
-8.400543,50,357.398158
-8.446933,50,357.435805
-9.944242,50,357.464453
-9.825238,50,357.498277
-11.783273,50,357.533414
-8.859,50,357.567859
-9.373083,50,357.598367
-11.682279,50,357.634079
-14.687662,50,357.660311
-10.647006,50,357.692279
-11.20396,50,357.735928
-11.241914,50,357.774049
-11.778132,50,357.812755
-11.600462,50,357.854141
-10.572905,50,357.892106
-11.723113,50,357.931051
-8.85292,50,357.971505
-10.629778,50,358.711162
-15.021544,50,358.746442
-12.760905,50,358.786274
-10.407513,50,358.824398
-9.440138,50,358.866352
-8.623897,50,358.903434
-8.372052,50,358.944017
-10.279788,50,358.983463
-13.455211,50,359.020509
-9.407113,50,359.058292
-12.024339,50,359.097235
-10.72392,50,359.137707
-9.950761,50,359.17687
-11.253277,50,359.21476
-15.145764,50,359.253762
-11.761985,50,359.289194
-11.68867,50,359.321922
-11.347206,50,359.35444
-9.192232,50,359.389576
-15.493074,50,359.425421
-10.127586,50,359.455195
-9.695263,50,359.478412
-9.616825,50,359.515314
-11.182811,50,359.545765
-12.731367,50,359.575715
-10.586548,50,359.602593
-15.364511,50,359.624285
-9.418151,50,359.647904
-12.434393,50,359.672065
-10.454235,50,359.697974
-14.522423,50,359.719966
-11.108701,50,359.7614
-8.61034,50,359.805314
-12.731018,50,359.84793
-14.307072,50,359.88691
-8.776082,50,359.925081
-10.952541,50,359.966599
-14.997891,50,360.008955
-11.732884,50,360.047289
-11.491133,50,360.084645
-10.828348,50,360.109807
-8.819539,50,360.880105
-9.218792,50,360.923516
-8.479902,50,360.963541
-10.090963,50,360.997227
-13.699123,50,361.040443
-9.299317,50,361.082376
-9.947779,50,361.12622
-9.15121,50,361.164958
-10.521954,50,361.207639
-10.10251,50,361.246338
-13.262499,50,361.286405
-7.644094,50,361.32407
-11.378092,50,361.363877
-12.902879,50,361.402741
-12.607498,50,361.443327
-15.657975,50,361.468954
-12.02558,50,361.493813
-10.847307,50,361.519086
-12.323168,50,361.550499
-8.655193,50,361.588441
-11.251469,50,361.615358
-12.890249,50,361.63875
-13.063442,50,361.663863
-14.069919,50,361.687312
-10.412109,50,361.714046
-8.793528,50,361.748447
-11.460349,50,361.788996
-13.257557,50,361.811753
-13.726753,50,361.83175
-9.028813,50,361.852362
-8.269073,50,361.897486
-11.126717,50,361.935831
-9.506112,50,361.978552
-16.800691,50,362.017003
-8.763053,50,362.054455
-13.993871,50,362.092333
-12.404608,50,362.128983
-10.534975,50,362.166446
-10.024763,50,362.207564
-14.064383,50,362.246118
-9.211371,50,362.285354
-13.044994,50,362.930649
-13.495257,50,362.968763
-12.738124,50,363.009405
-8.467848,50,363.049433
-11.118094,50,363.086934
-9.869187,50,363.126331
-8.404998,50,363.164553
-10.047957,50,363.201438
-15.094232,50,363.234369
-12.86203,50,363.267365
-10.183933,50,363.296575
-8.745475,50,363.333509
-9.078795,50,363.368849
-8.68032,50,363.391694
-8.753353,50,363.418854
-14.332618,50,363.443557
-12.317009,50,363.480786
-8.903612,50,363.507732
-10.286289,50,363.536007
-10.230928,50,363.567347
-10.569276,50,363.591731
-8.67676,50,363.627625
-14.797772,50,363.65748
-12.87977,50,363.688391
-12.824576,50,363.712438
-13.772131,50,363.73406
-11.367784,50,363.765296
-9.418625,50,363.803599
-8.311566,50,363.841137
-9.982513,50,363.877053
-9.267679,50,363.920057
-15.34473,50,363.959356
-10.786054,50,363.998303
-11.073296,50,364.036135
-10.339725,50,364.071159
-9.821364,50,364.114802
-12.184358,50,364.153989
-15.183273,50,364.193188
-14.333958,50,364.23351
-12.177483,50,364.273323
-14.297641,50,364.315278
-10.139871,50,364.987579
-16.876753,50,365.027445
-8.946241,50,365.061353
-13.260521,50,365.104472
-12.493066,50,365.14378
-12.058695,50,365.182675
-9.409828,50,365.223236
-13.095918,50,365.253285
-11.00057,50,365.287343
-9.693836,50,365.313087
-8.695613,50,365.350386
-12.173219,50,365.376768
-8.001957,50,365.41918
-9.608219,50,365.447606
-8.67821,50,365.478548
-12.765589,50,365.518444
-10.407455,50,365.554094
-12.174889,50,365.580535
-9.503506,50,365.62246
-12.459273,50,365.655557
-15.552453,50,365.68179
-9.591806,50,365.709694
-12.171635,50,365.741202
-11.964809,50,365.774843
-16.252411,50,365.797696
-12.17624,50,365.841754
-8.567636,50,365.876065
-8.346987,50,365.911447
-13.53493,50,365.939998
-12.342793,50,365.98036
-13.499631,50,366.024357
-8.208009,50,366.065134
-8.442353,50,366.102692
-9.050767,50,366.128926
-13.655039,50,366.165721
-13.300693,50,366.189304
-13.8341,50,366.214296
-8.872152,50,366.244301
-11.362841,50,366.273632
-14.6764,50,366.299065
-9.96008,50,366.340067
-12.488653,50,367.345518
-14.372006,50,367.383765
-8.555356,50,367.413817
-10.475084,50,367.452385
-8.432289,50,367.492074
-10.59831,50,367.533117
-11.954559,50,367.571767
-7.858719,50,367.613693
-10.006686,50,367.6414
-10.753233,50,367.677274
-8.492086,50,367.718894
-9.543952,50,367.747843
-11.408784,50,367.777652
-11.072329,50,367.809217
-9.794635,50,367.835125
-7.738482,50,367.85803
-13.416929,50,367.880717
-9.705489,50,367.902369
-11.891099,50,367.930495
-9.31515,50,367.958224
-9.467317,50,367.9814
-7.936719,50,368.00409
-8.377102,50,368.038745
-10.634709,50,368.061326
-15.798887,50,368.084462
-11.688502,50,368.111931
-8.743604,50,368.137378
-8.171018,50,368.162187
-9.050639,50,368.186437
-8.437801,50,368.231807
-12.428097,50,368.264706
-14.198404,50,368.30242
-13.43602,50,368.343478
-9.50236,50,368.384734
-10.079344,50,368.425991
-12.381521,50,368.466587
-13.61991,50,368.505895
-10.6256,50,368.53945
-14.724772,50,368.565111
-9.166883,50,368.596315
-8.770592,50,368.628882
-13.961664,50,369.244694
-13.160045,50,369.270557
-8.813513,50,369.301325
-11.102224,50,369.327373
-10.770826,50,369.364301
-7.975043,50,369.406226
-11.706448,50,369.443765
-8.247347,50,369.484396
-12.764837,50,369.520662
-9.885115,50,369.557225
-8.452488,50,369.589304
-8.537112,50,369.617101
-8.555653,50,369.646642
-9.330305,50,369.674992
-13.345871,50,369.703133
-8.876405,50,369.73096
-14.423308,50,369.759599
-8.440755,50,369.804096
-14.264899,50,369.835237
-12.133261,50,369.872148
-13.853359,50,369.901857
-8.771009,50,369.923532
-9.062949,50,369.943926
-10.629744,50,369.967561
-10.677707,50,370.002728
-9.31573,50,370.032169
-9.154498,50,370.0617
-9.410303,50,370.09527
-12.195729,50,370.12659
-8.740808,50,370.152971
-8.836986,50,370.185388
-12.385115,50,370.210577
-10.446884,50,370.233292
-12.14729,50,370.260572
-12.449664,50,370.294574
-9.230315,50,370.319628
-12.711966,50,370.35566
-10.02412,50,370.396271
-12.186571,50,370.436359
-8.437948,50,370.474594
-9.236125,50,370.515298
-12.261459,50,371.382683
-9.128921,50,371.421065
-12.47774,50,371.462558
-12.772142,50,371.502088
-8.419298,50,371.543126
-11.997732,50,371.581324
-11.825355,50,371.622109
-10.948284,50,371.659481
-9.255414,50,371.69719
-10.123468,50,371.739239
-14.745096,50,371.776227
-13.325835,50,371.817788
-8.454779,50,371.858896
-12.014475,50,371.89722
-14.287752,50,371.925189
-14.057989,50,371.949695
-8.919012,50,371.986875
-10.340095,50,372.024843
-9.184083,50,372.057332
-13.108654,50,372.079635
-16.877296,50,372.119421
-8.981628,50,372.156405
-9.095952,50,372.186051
-14.577994,50,372.210016
-9.411871,50,372.240584
-12.946654,50,372.270297
-10.873591,50,372.29952
-13.555308,50,372.32656
-11.050842,50,372.366493
-12.751076,50,372.407466
-12.214262,50,372.44488
-9.281828,50,372.482449
-8.286463,50,372.524091
-8.048276,50,372.561921
-11.280554,50,372.595438
-10.687259,50,372.636179
-11.261897,50,372.678455
-11.488826,50,372.717474
-7.965849,50,372.754786
-12.820592,50,372.781596
-12.749865,50,373.771126
-8.062665,50,373.80834
-12.491238,50,373.848257
-10.321886,50,373.887497
-9.630711,50,373.924345
-11.605942,50,373.960856
-8.861944,50,374.001603
-11.41938,50,374.042305
-8.717846,50,374.083461
-11.929393,50,374.120876
-14.44092,50,374.152828
-10.920571,50,374.191378
-14.176639,50,374.21812
-10.299201,50,374.25435
-10.977413,50,374.293454
-9.559576,50,374.33306
-8.469636,50,374.366717
-15.971348,50,374.406404
-9.593809,50,374.428235
-10.020685,50,374.467693
-9.412982,50,374.492366
-7.774405,50,374.514569
-7.926676,50,374.550174
-13.996479,50,374.574254
-8.623795,50,374.595658
-14.226838,50,374.633308
-8.516495,50,374.675048
-8.516074,50,374.712762
-10.914758,50,374.752116
-9.153662,50,374.784268
-9.7276,50,374.822394
-9.087948,50,374.862867
-8.462281,50,374.902959
-9.125639,50,374.943968
-10.367154,50,374.985998
-9.067564,50,375.02777
-11.282316,50,375.065895
-12.743422,50,375.101397
-12.086185,50,375.132371
-14.113625,50,375.16731
-11.645616,50,375.205479
-9.85509,50,375.893944
-12.908551,50,375.933273
-15.415844,50,375.974168
-9.108421,50,376.015263
-9.745853,50,376.055402
-12.974734,50,376.094061
-11.581531,50,376.133996
-11.907475,50,376.170207
-8.277715,50,376.20971
-9.149401,50,376.248981
-11.07092,50,376.283231
-9.010648,50,376.31341
-10.432056,50,376.347954
-13.639558,50,376.380194
-9.184526,50,376.417512
-11.577419,50,376.450379
-12.761151,50,376.476495
-8.404415,50,376.516242
-13.651643,50,376.549647
-15.847103,50,376.58491
-10.103001,50,376.618447
-9.686843,50,376.644076
-9.170536,50,376.666845
-9.60122,50,376.695684
-8.984683,50,376.718732
-9.419355,50,376.741872
-9.588096,50,376.779785
-8.965653,50,376.801488
-15.117212,50,376.838505
-11.619215,50,376.87295
-10.897791,50,376.914783
-8.72927,50,376.954379
-8.560449,50,376.993492
-12.946628,50,377.034366
-10.299033,50,377.070401
-9.345203,50,377.113387
-13.782963,50,377.154117
-8.884928,50,377.193121
-9.118563,50,377.235334
-16.766499,50,377.275489
-9.013453,50,377.31169
-8.734104,50,378.012681
-12.444,50,378.052912
-9.175249,50,378.092551
-12.22567,50,378.13693
-13.903039,50,378.177249
-8.893652,50,378.216661
-13.546225,50,378.258243
-10.001257,50,378.299136
-14.988084,50,378.339319
-14.161342,50,378.376762
-11.343026,50,378.417218
-14.759262,50,378.457918
-9.3279,50,378.492891
-12.866786,50,378.529609
-9.947396,50,378.564266
-13.610489,50,378.602523
-12.324959,50,378.63804
-9.320224,50,378.677843
-10.470385,50,378.704012
-12.134271,50,378.735332
-9.790886,50,378.760292
-8.794987,50,378.795295
-10.580333,50,378.82239
-13.624057,50,378.852069
-11.015813,50,378.874962
-16.978816,50,378.914239
-12.357911,50,378.953145
-12.593726,50,378.981983
-10.749262,50,379.016514
-10.807252,50,379.055693
-10.994335,50,379.09702
-8.472729,50,379.135589
-10.076072,50,379.17472
-11.428243,50,379.213442
-12.865368,50,379.257726
-10.802641,50,379.29632
-11.264553,50,379.335417
-9.402059,50,379.373019
-9.569127,50,379.414786
-8.300012,50,379.448419
-13.888508,50,379.471468
-8.399234,50,380.212736
-13.317102,50,380.250443
-9.055652,50,380.292836
-8.561208,50,380.328304
-11.012052,50,380.365407
-11.140682,50,380.405362
-8.281349,50,380.44681
-12.682657,50,380.479081
-10.365765,50,380.515241
-9.864092,50,380.55354
-12.265121,50,380.581945
-8.413997,50,380.611487
-15.728507,50,380.651465
-9.195097,50,380.688643
-15.45537,50,380.72253
-7.919091,50,380.748435
-11.861956,50,380.777818
-9.264793,50,380.800287
-9.929888,50,380.826768
-8.768829,50,380.859457
-8.969772,50,380.895336
-11.830132,50,380.933176
-12.178808,50,380.97567
-7.508124,50,381.006438
-16.57933,50,381.044744
-11.692461,50,381.084859
-8.385448,50,381.112734
-15.015888,50,381.155287
-8.109293,50,381.193464
-11.622608,50,381.234047
-11.024632,50,381.273004
-11.653986,50,381.316112
-8.715827,50,381.352391
-9.856614,50,381.390224
-12.130027,50,381.430907
-8.783316,50,381.469399
-11.671585,50,381.500531
-10.504099,50,381.534409
-8.577531,50,381.562217
-10.403075,50,381.599437
-9.472762,50,381.628255
-7.672032,50,382.351726
-7.991633,50,382.376037
-13.038532,50,382.39981
-12.445733,50,382.424895
-16.875488,50,382.465745
-14.13778,50,382.505899
-12.724955,50,382.545251
-11.062118,50,382.585221
-15.044893,50,382.622986
-11.921398,50,382.654472
-12.557313,50,382.689587
-10.738249,50,382.729124
-15.276803,50,382.75716
-13.346945,50,382.788476
-8.25216,50,382.824675
-13.517832,50,382.851524
-9.912184,50,382.879798
-12.413622,50,382.909505
-9.865642,50,382.938206
-10.041393,50,382.981643
-9.780141,50,383.007073
-10.211483,50,383.035166
-8.676532,50,383.067376
-7.388619,50,383.109139
-8.800361,50,383.147017
-10.002027,50,383.185259
-9.960811,50,383.212068
-9.752331,50,383.248152
-10.234729,50,383.281737
-9.696123,50,383.307986
-11.406167,50,383.341284
-10.893553,50,383.381262
-8.586819,50,383.418898
-11.954038,50,383.459528
-8.702794,50,383.496933
-15.586817,50,383.536525
-8.155999,50,383.569197
-11.288358,50,383.601071
-12.98629,50,383.641953
-12.565833,50,383.666067
-8.931465,50,383.703133
-9.207903,50,384.438719
-12.689625,50,384.476486
-8.29441,50,384.514949
-10.81598,50,384.554721
-14.040443,50,384.593534
-12.221559,50,384.629153
-14.33525,50,384.668319
-9.03198,50,384.699935
-8.783382,50,384.721425
-15.080942,50,384.760074
-14.601883,50,384.79648
-13.889318,50,384.837265
-10.494845,50,384.877614
-13.618449,50,384.917032
-9.13086,50,384.950804
-11.387522,50,384.98006
-9.845777,50,385.007721
-8.434426,50,385.039773
-10.460208,50,385.062405
-9.795198,50,385.082716
-11.948349,50,385.111087
-8.897319,50,385.133736
-14.765471,50,385.165849
-15.0562,50,385.188306
-10.696368,50,385.214233
-11.576954,50,385.236644
-10.121138,50,385.25861
-11.326648,50,385.28896
-8.32796,50,385.33196
-7.790732,50,385.368773
-10.352671,50,385.401125
-14.126453,50,385.439045
-13.360599,50,385.480078
-12.052306,50,385.518847
-16.166626,50,385.558283
-13.399578,50,385.595927
-13.577756,50,385.637435
-13.693914,50,385.679672
-8.858482,50,385.719348
-11.909425,50,385.761058
-8.598174,50,385.796392
-8.480948,50,386.530493
-14.80282,50,386.566897
-10.528262,50,386.604054
-12.423085,50,386.64663
-8.777628,50,386.685851
-9.394331,50,386.725055
-12.352775,50,386.765411
-9.052967,50,386.807698
-8.604051,50,386.84541
-12.191497,50,386.882118
-10.057195,50,386.909203
-11.732303,50,386.945031
-10.970766,50,386.97978
-8.223709,50,387.016703
-10.494118,50,387.045578
-11.603201,50,387.078357
-9.961458,50,387.12105
-9.166845,50,387.147775
-9.33411,50,387.184452
-8.502244,50,387.217809
-9.732898,50,387.250249
-9.628139,50,387.28807
-8.394133,50,387.320801
-14.927688,50,387.358123
-13.829218,50,387.388126
-10.627641,50,387.42147
-12.002649,50,387.458743
-10.729131,50,387.485681
-12.514663,50,387.5227
-14.72728,50,387.556379
-8.93317,50,387.596243
-8.857436,50,387.628955
-11.148175,50,387.669811
-11.841853,50,387.704575
-11.650223,50,387.743626
-13.967332,50,387.774495
-13.119641,50,387.804022
-9.391057,50,387.832512
-11.873348,50,387.872172
-9.795213,50,387.906453
-9.201715,50,387.938725
-8.700938,50,388.599811
-12.549848,50,388.638415
-12.024823,50,388.676446
-7.656842,50,388.716151
-15.152437,50,388.752993
-12.045448,50,388.798312
-10.031682,50,388.836046
-13.60666,50,388.876663
-9.718102,50,388.905151
-12.049147,50,388.938
-10.628099,50,388.977557
-9.470799,50,389.013356
-14.481201,50,389.051139
-11.504454,50,389.087666
-9.089228,50,389.121971
-8.848811,50,389.153357
-9.525175,50,389.173704
-8.593901,50,389.217681
-14.934389,50,389.25451
-14.911068,50,389.288237
-12.200685,50,389.322438
-9.888497,50,389.358113
-12.90979,50,389.392499
-14.068122,50,389.426535
-13.726721,50,389.464522
-16.542908,50,389.5081
-11.056465,50,389.538952
-12.010044,50,389.567317
-15.496294,50,389.594899
-8.7718,50,389.632291
-10.471239,50,389.67658
-14.921522,50,389.713155
-10.215257,50,389.754036
-8.96684,50,389.787225
-15.087224,50,389.822436
-9.535566,50,389.851491
-8.378002,50,389.889552
-9.672217,50,389.922649
-8.936032,50,389.951104
-12.455663,50,389.987098
-12.626897,50,390.014102
