#{"t_start": 1765911998.2227528, "env_id": "Reacher-v4"}
r,l,t
-60.33129,50,0.078745
-63.541284,50,0.134948
-66.493304,50,0.967171
-56.954634,50,1.006902
-58.324205,50,1.048713
-63.570786,50,1.940114
-60.628356,50,1.97862
-52.651883,50,2.759908
-56.0708,50,2.814446
-55.007745,50,2.869277
-65.954545,50,3.759727
-62.385391,50,3.795042
-57.447944,50,4.617271
-65.512387,50,4.655601
-57.46385,50,4.690905
-60.386815,50,5.529466
-53.172051,50,5.565148
-60.308065,50,6.373593
-56.676336,50,6.408363
-61.464372,50,6.443815
-60.574917,50,7.202291
-56.152135,50,7.242291
-68.211899,50,7.293909
-56.310483,50,8.182082
-62.70557,50,8.22075
-58.809127,50,9.067447
-58.403959,50,9.130261
-59.732979,50,9.193245
-65.475463,50,9.963444
-61.161214,50,10.00096
-56.470942,50,10.628048
-61.367651,50,10.692375
-60.945419,50,10.763988
-66.153451,50,11.643401
-63.714896,50,11.687187
-74.330149,50,12.529801
-59.774711,50,12.564815
-61.110326,50,12.600547
-63.873907,50,13.477501
-67.243489,50,13.512699
-65.240581,50,14.286136
-69.753636,50,14.327757
-61.980542,50,14.36714
-70.918029,50,15.258108
-62.806624,50,15.299632
-62.607414,50,15.334934
-67.944168,50,16.215166
-70.469009,50,16.250581
-72.70382,50,17.077003
-75.036776,50,17.123144
-70.486344,50,17.182634
-76.951698,50,18.06051
-61.034806,50,18.097075
-72.631851,50,18.623022
-70.400722,50,18.664707
-71.57217,50,18.703014
-69.319709,50,19.584482
-69.203672,50,19.629533
-66.137859,50,20.375602
-74.461086,50,20.444247
-74.150606,50,20.494556
-66.782076,50,21.213475
-70.900304,50,21.252109
-73.336115,50,21.29483
-66.836403,50,22.033765
-69.814099,50,22.085493
-74.116044,50,22.943823
-68.019677,50,23.006219
-73.025369,50,23.065715
-70.415547,50,23.936404
-69.875818,50,23.975509
-72.710491,50,24.805814
-74.873898,50,24.843908
-74.471941,50,24.893153
-71.771909,50,25.801376
-80.505939,50,25.861061
-73.486357,50,26.706766
-71.350717,50,26.749547
-71.937396,50,26.788146
-73.038544,50,27.512832
-73.469324,50,27.557569
-73.135521,50,28.376742
-70.217508,50,28.420529
-72.678417,50,28.460313
-75.405896,50,29.350118
-75.749439,50,29.393993
-79.906499,50,29.431586
-81.846974,50,30.312111
-72.993107,50,30.348659
-74.396355,50,31.174613
-72.462054,50,31.214812
-76.528386,50,31.256049
-76.639693,50,32.131263
-81.861999,50,32.171646
-68.28717,50,33.006979
-79.972194,50,33.050553
-75.826823,50,33.099261
-78.123839,50,33.985201
-79.97884,50,34.049137
-75.300286,50,34.914446
-75.001976,50,34.978908
-76.844867,50,35.049643
-82.552438,50,35.910053
-78.38874,50,35.950141
-79.297787,50,36.811692
-76.798586,50,36.879753
-78.606772,50,36.943811
-78.028253,50,37.843821
-68.2628,50,37.880953
-81.528654,50,37.917854
-75.540927,50,38.451379
-82.220071,50,38.489287
-82.474531,50,39.309951
-78.434499,50,39.347277
-75.152408,50,39.383805
-75.896165,50,40.247539
-78.497677,50,40.292276
-77.613294,50,40.973703
-71.454543,50,41.009841
-77.622778,50,41.050666
-78.33671,50,41.602552
-77.31875,50,41.646248
-83.545748,50,42.473204
-79.640564,50,42.512073
-80.624846,50,42.547307
-76.637299,50,43.423574
-81.807391,50,43.463331
-74.895108,50,43.499446
-76.83555,50,44.007182
-74.214297,50,44.045838
-78.880564,50,44.848007
-80.544056,50,44.891914
-75.565706,50,44.940556
-78.085223,50,45.818386
-81.016665,50,45.85707
-77.967352,50,46.632695
-77.569801,50,46.671394
-77.570312,50,46.711083
-82.592157,50,47.524234
-75.502247,50,47.569968
-77.496855,50,48.397483
-70.423386,50,48.436669
-82.854756,50,48.482203
-79.556789,50,49.062916
-76.849638,50,49.104825
-73.658058,50,49.925365
-77.762912,50,49.966345
-79.262977,50,50.00561
-87.393088,50,50.894469
-78.241033,50,50.935593
-71.25004,50,50.974669
-73.680689,50,51.848482
-77.812415,50,51.88711
-80.928723,50,52.717279
-80.975246,50,52.755635
-83.630272,50,52.795295
-78.892279,50,53.629003
-76.826773,50,53.669408
-82.377823,50,54.178774
-81.436648,50,54.217892
-81.485338,50,54.259901
-76.488196,50,55.006628
-75.978303,50,55.049037
-79.699245,50,55.891123
-77.115394,50,55.932547
-77.372824,50,55.972914
-73.053833,50,56.869622
-77.35208,50,56.908563
-85.179894,50,57.730438
-76.732783,50,57.772611
-75.674758,50,57.813005
-78.391619,50,58.725351
-75.575181,50,58.768417
-80.257906,50,58.810484
-75.164878,50,59.708861
-73.128373,50,59.747655
-77.928969,50,60.472552
-72.956248,50,60.513293
-77.180804,50,60.552123
-68.403282,50,61.445298
-77.473876,50,61.487079
-81.696697,50,62.091372
-75.531588,50,62.126987
-82.799381,50,62.164056
-76.909837,50,62.869471
-78.975627,50,62.910972
-77.880625,50,63.748087
-74.758503,50,63.78688
-68.690954,50,63.828616
-74.738337,50,64.660481
-78.276417,50,64.697888
-75.438408,50,64.734279
-69.104769,50,65.569815
-70.61812,50,65.606795
-81.497018,50,66.235471
-78.476727,50,66.27659
-76.095014,50,66.317134
-77.469897,50,67.17242
-73.988063,50,67.218635
-65.433204,50,68.048926
-68.329333,50,68.086237
-70.89103,50,68.125194
-72.817116,50,68.995138
-67.860962,50,69.036857
-68.927332,50,69.871842
-78.384367,50,69.940226
-78.371206,50,69.981484
-76.413263,50,70.643397
-73.219541,50,70.678263
-70.920527,50,71.468764
-75.432467,50,71.505895
-73.509824,50,71.542217
-74.107028,50,72.313461
-72.030727,50,72.349954
-69.978577,50,72.386728
-68.025747,50,73.262312
-77.555262,50,73.303566
-77.187722,50,74.134711
-70.985602,50,74.171336
-71.441289,50,74.207783
-73.554589,50,75.074375
-78.285519,50,75.111528
-72.806472,50,75.879028
-71.485225,50,75.944183
-76.493353,50,76.011108
-76.653725,50,76.904966
-79.54557,50,76.947809
-73.683253,50,77.806205
-75.281536,50,77.851722
-70.138338,50,77.907759
-75.503356,50,78.653355
-67.040701,50,78.6924
-77.777428,50,79.523583
-73.833218,50,79.564734
-69.67014,50,79.604776
-78.768076,50,80.463318
-73.44144,50,80.510538
-70.54488,50,80.554344
-65.726705,50,81.415387
-73.739073,50,81.451857
-74.335094,50,81.965887
-74.309905,50,82.00648
-71.711727,50,82.043672
-72.113557,50,82.926848
-72.554027,50,82.96586
-75.794936,50,83.768688
-69.450184,50,83.841205
-63.336022,50,83.913339
-73.576485,50,84.806902
-71.078963,50,84.842995
-68.662652,50,85.655822
-73.705897,50,85.703184
-71.660921,50,85.749638
-76.116824,50,86.485154
-71.475132,50,86.527416
-77.465454,50,86.565096
-71.885262,50,87.389301
-70.167906,50,87.425949
-66.523857,50,88.247865
-73.426127,50,88.295422
-66.718674,50,88.360749
-73.55729,50,89.242438
-75.783237,50,89.281322
-75.301307,50,90.074476
-72.092838,50,90.110731
-69.547909,50,90.150657
-75.293525,50,90.845934
-69.260823,50,90.881674
-69.711172,50,91.692601
-68.894597,50,91.756325
-73.554113,50,91.820163
-67.705581,50,92.702534
-71.678869,50,92.74068
-74.455444,50,93.550652
-71.54956,50,93.588512
-73.538161,50,93.625049
-75.148973,50,94.389215
-69.827516,50,94.4319
-76.146799,50,94.471296
-73.104365,50,95.344741
-71.264142,50,95.38269
-70.531308,50,96.214543
-73.122746,50,96.281509
-74.714999,50,96.330992
-69.246431,50,97.227361
-72.073836,50,97.289459
-74.916171,50,98.119505
-76.777578,50,98.162181
-75.831161,50,98.204669
-73.880413,50,99.099311
-74.543055,50,99.134598
-73.104656,50,99.756406
-71.370917,50,99.795406
-77.764346,50,99.834923
-74.508724,50,100.739614
-71.596476,50,100.776203
-76.453888,50,101.604925
-69.94944,50,101.670206
-68.3581,50,101.736949
-73.795021,50,102.615051
-74.574904,50,102.656634
-70.688227,50,102.698159
-73.994929,50,103.551538
-71.640489,50,103.586803
-73.819759,50,104.330977
-74.916014,50,104.366301
-71.81797,50,104.401593
-76.875778,50,105.028141
-73.961744,50,105.066853
-77.574962,50,105.891701
-70.964508,50,105.932077
-69.915387,50,105.970329
-78.076234,50,106.847134
-78.053358,50,106.885535
-77.109467,50,107.399868
-72.515186,50,107.439696
-79.805201,50,107.475799
-75.170414,50,108.017931
-73.986718,50,108.062758
-71.323133,50,108.100934
-76.487717,50,108.858974
-71.277448,50,108.894059
-72.740034,50,109.669321
-76.093809,50,109.707871
-69.767261,50,109.750136
-72.398428,50,110.619772
-76.438086,50,110.65608
-67.245466,50,111.473877
-74.783057,50,111.518048
-72.17614,50,111.558774
-78.259694,50,112.440787
-77.459571,50,112.485497
-70.573695,50,113.254994
-71.064405,50,113.293829
-71.190775,50,113.329568
-70.552206,50,114.18349
-74.647809,50,114.239257
-77.283643,50,115.06395
-76.195357,50,115.111592
-73.65843,50,115.178862
-75.658771,50,116.061743
-71.876844,50,116.104179
-73.885087,50,116.167246
-73.132109,50,117.049741
-75.782411,50,117.100951
-70.464483,50,117.943425
-75.669528,50,117.982517
-71.547869,50,118.049073
-72.709151,50,118.889556
-70.139227,50,118.929423
-71.881066,50,119.786308
-71.153208,50,119.822489
-75.893828,50,119.860408
-77.303799,50,120.459576
-74.594886,50,120.505726
-74.497437,50,121.358231
-76.558459,50,121.403775
-66.664176,50,121.442696
-75.416583,50,122.301335
-70.129366,50,122.337539
-76.630082,50,123.164767
-73.161491,50,123.209094
-67.132048,50,123.251997
-73.765413,50,124.123515
-75.621547,50,124.161801
-71.783891,50,124.20183
-77.015233,50,124.787934
-77.717423,50,124.828819
-73.236436,50,125.664063
-69.319145,50,125.703124
-73.631074,50,125.742417
-72.074068,50,126.638739
-73.03619,50,126.675488
-65.646394,50,127.439889
-72.972513,50,127.479141
-75.502332,50,127.52403
-75.397193,50,128.413481
-72.079551,50,128.449785
-79.653084,50,129.245006
-72.024473,50,129.279866
-75.079315,50,129.314656
-74.672388,50,130.199197
-74.332908,50,130.235616
-72.253023,50,130.271351
-67.325451,50,131.11419
-75.578732,50,131.157588
-69.682249,50,131.994492
-73.074119,50,132.030593
-74.312221,50,132.074124
-71.966334,50,132.949662
-64.240458,50,132.994209
-67.321543,50,133.818059
-70.212184,50,133.857439
-73.166247,50,133.897106
-68.327211,50,134.746466
-69.979639,50,134.783543
-71.122629,50,135.337687
-69.380636,50,135.379346
-77.588447,50,135.418475
-73.676444,50,136.301028
-74.544544,50,136.339237
-71.614684,50,136.843232
-72.75002,50,136.879825
-73.983512,50,136.916565
-72.143697,50,137.552267
-73.65809,50,137.591073
-76.931338,50,137.625965
-71.997527,50,138.486929
-74.597217,50,138.523819
-76.448616,50,139.346412
-72.286932,50,139.382578
-74.369481,50,139.430073
-77.49019,50,140.288982
-70.108097,50,140.325491
-69.732947,50,141.133795
-77.431724,50,141.171835
-75.718811,50,141.216296
-67.950174,50,142.085673
-76.771672,50,142.124769
-71.517503,50,142.95698
-72.601456,50,142.996315
-77.988321,50,143.036091
-74.174633,50,143.934293
-71.248803,50,143.974566
-69.705804,50,144.789415
-73.203361,50,144.825481
-73.676033,50,144.860866
-70.622637,50,145.708959
-75.233709,50,145.745488
-70.226009,50,145.78219
-72.023221,50,146.664477
-70.818291,50,146.701725
-75.011779,50,147.279529
-71.568619,50,147.315065
-72.197916,50,147.350598
-76.017846,50,148.240393
-74.635742,50,148.275373
-72.569606,50,149.059058
-74.973582,50,149.097784
-74.251649,50,149.15899
-72.847184,50,149.942611
-73.554335,50,149.97905
-71.237359,50,150.798968
-68.830521,50,150.870946
-74.166518,50,150.936614
-70.544296,50,151.813434
-75.478593,50,151.854284
-77.902608,50,151.893633
-76.580789,50,152.41159
-74.117631,50,152.450659
-70.413407,50,153.194868
-68.770782,50,153.236457
-70.85588,50,153.276115
-72.830209,50,154.169872
-77.981472,50,154.215352
-71.464548,50,154.726879
-72.291085,50,154.768406
-73.826834,50,154.806735
-73.183925,50,155.636897
-67.137435,50,155.674798
-73.129803,50,156.495943
-74.889714,50,156.541886
-71.562326,50,156.583072
-75.199775,50,157.478081
-72.153263,50,157.536302
-70.347701,50,158.354122
-71.109216,50,158.395162
-69.073203,50,158.435194
-70.277327,50,159.336057
-67.185491,50,159.371499
-74.644974,50,159.406671
-69.215471,50,160.26569
-75.811582,50,160.325911
-71.458913,50,161.187653
-66.88547,50,161.227136
-72.697566,50,161.266206
-69.679586,50,162.144058
-69.270447,50,162.179984
-75.092007,50,162.743813
-70.694126,50,162.780306
-69.959724,50,162.816217
-69.436374,50,163.620831
-70.96052,50,163.65905
-71.460109,50,164.481941
-68.800805,50,164.546954
-71.683682,50,164.587016
-67.69881,50,165.469569
-75.865335,50,165.505874
-68.912445,50,166.169114
-71.67529,50,166.205698
-73.305594,50,166.241756
-68.875137,50,167.119773
-70.978368,50,167.159558
-72.241442,50,167.201467
-69.774798,50,168.089673
-73.361951,50,168.127987
-66.404266,50,168.976387
-69.735564,50,169.011817
-68.260183,50,169.047518
-70.055808,50,169.925306
-69.538628,50,169.96766
-64.743733,50,170.553431
-70.192578,50,170.59176
-72.629978,50,170.631511
-72.764236,50,171.481232
-69.117326,50,171.525596
-66.223135,50,172.312466
-70.674658,50,172.34767
-72.886352,50,172.382533
-69.013823,50,173.259426
-69.883758,50,173.299897
-70.334251,50,173.342381
-66.918355,50,173.840677
-65.141451,50,173.879822
-70.383846,50,174.695773
-72.54006,50,174.730663
-73.491262,50,174.765374
-71.500815,50,175.644331
-68.64663,50,175.679195
-71.040046,50,176.176671
-65.753995,50,176.21989
-75.263232,50,176.272662
-70.319534,50,177.126031
-69.460839,50,177.166625
-68.072792,50,177.996331
-69.459097,50,178.036857
-65.239319,50,178.099483
-68.493898,50,178.995954
-68.942456,50,179.031108
-67.330786,50,179.859856
-76.123005,50,179.914263
-70.956996,50,179.984149
-69.545795,50,180.886011
-68.093731,50,180.922385
-71.469562,50,180.957909
-70.427656,50,181.492419
-65.842302,50,181.527911
-69.961996,50,182.314478
-72.267691,50,182.353123
-73.305048,50,182.405636
-70.274773,50,183.290879
-70.120303,50,183.331679
-65.899812,50,184.172292
-71.833491,50,184.227841
-70.547977,50,184.281834
-70.044052,50,184.94162
-70.239775,50,184.978407
-74.014654,50,185.59849
-68.979635,50,185.634991
-66.103683,50,185.675071
-67.379181,50,186.548744
-74.112247,50,186.584869
-67.421528,50,187.397291
-75.397662,50,187.439632
-71.736335,50,187.479271
-70.098874,50,188.366424
-69.825028,50,188.411531
-67.045519,50,188.448254
-70.381233,50,189.06054
-69.941171,50,189.098241
-68.788674,50,189.876638
-68.373738,50,189.943657
-66.017714,50,189.9893
-71.468501,50,190.836591
-69.494641,50,190.875263
-68.937424,50,191.735433
-66.39408,50,191.774199
-72.641091,50,191.812607
-68.090106,50,192.581926
-67.663702,50,192.624895
-66.06883,50,193.468553
-66.530164,50,193.508496
-68.602749,50,193.543569
-69.975432,50,194.415562
-69.334874,50,194.460946
-71.822838,50,194.499996
-71.9366,50,195.32458
-75.635197,50,195.372471
-69.267669,50,196.098555
-64.768517,50,196.135084
-71.422917,50,196.173113
-69.166971,50,196.765667
-73.344137,50,196.804377
-69.577757,50,197.620486
-70.606909,50,197.671736
-66.317963,50,197.736617
-70.911724,50,198.618351
-75.763648,50,198.659511
-71.102607,50,199.494884
-72.047973,50,199.536156
-67.674354,50,199.581742
-64.695626,50,200.47959
-72.287097,50,200.522487
-65.027486,50,201.346922
-70.105064,50,201.398114
-69.186002,50,201.446846
-67.29466,50,202.310164
-69.833666,50,202.346467
-66.509774,50,202.381613
-70.28901,50,203.259824
-75.974646,50,203.29693
-70.413631,50,204.122021
-69.861932,50,204.161746
-70.75238,50,204.202149
-69.355306,50,205.079458
-72.201127,50,205.114645
-71.718704,50,205.937572
-67.337257,50,205.979252
-65.359724,50,206.020518
-67.864092,50,206.868011
-70.085789,50,206.903971
-69.023897,50,207.725451
-66.105014,50,207.760918
-64.663467,50,207.797623
-69.119878,50,208.5822
-72.924297,50,208.624227
-68.280811,50,209.455532
-71.019887,50,209.492441
-68.704308,50,209.528744
-69.96353,50,210.318198
-66.531459,50,210.357475
-71.274213,50,210.396303
-63.895273,50,211.282677
-69.763581,50,211.325416
-68.960023,50,212.124961
-67.343128,50,212.188831
-62.721916,50,212.240719
-69.50771,50,213.106822
-62.685343,50,213.142192
-71.103895,50,213.641687
-73.15834,50,213.679324
-63.058039,50,213.716768
-66.60588,50,214.581416
-65.368873,50,214.62145
-66.931008,50,215.45331
-66.889519,50,215.496519
-68.450271,50,215.53219
-72.045093,50,216.414549
-63.831543,50,216.451124
-65.661238,50,216.490721
-69.037431,50,217.301864
-69.119876,50,217.345279
-69.016856,50,218.164847
-70.266323,50,218.204064
-67.812267,50,218.242207
-71.801909,50,219.124056
-70.697206,50,219.159668
-68.495092,50,219.974754
-69.658994,50,220.011666
-64.765214,50,220.048458
-71.241741,50,220.927445
-72.154532,50,220.966745
-69.192394,50,221.791608
-69.904692,50,221.828931
-72.536576,50,221.865092
-71.29672,50,222.60008
-66.009577,50,222.636285
-68.799766,50,223.150918
-68.469806,50,223.194304
-67.301384,50,223.232433
-70.379892,50,224.126435
-71.738126,50,224.165045
-65.049474,50,224.200173
-67.676117,50,224.765374
-65.713648,50,224.803933
-68.034376,50,225.633252
-68.286184,50,225.688756
-68.775377,50,225.759097
-66.650754,50,226.608354
-66.532382,50,226.64441
-63.527659,50,227.162893
-66.788837,50,227.205846
-67.93057,50,227.244643
-73.981243,50,227.834855
-66.843497,50,227.877149
-66.428189,50,228.690785
-67.220603,50,228.730392
-66.35214,50,228.790597
-66.842317,50,229.432627
-67.447025,50,229.474104
-69.963354,50,230.266599
-67.715425,50,230.3305
-68.410733,50,230.38739
-64.412995,50,231.295488
-66.095658,50,231.33531
-70.383555,50,231.375675
-72.062761,50,231.910848
-67.194914,50,231.9537
-68.634562,50,232.784873
-72.103062,50,232.823203
-68.441879,50,232.864321
-68.646986,50,233.743525
-67.809663,50,233.778766
-71.198135,50,234.28562
-70.618418,50,234.321333
-68.205481,50,234.360413
-60.286175,50,235.242905
-65.807748,50,235.278848
-65.800441,50,236.099004
-68.063546,50,236.137681
-69.194105,50,236.179522
-69.846478,50,237.072647
-71.140324,50,237.113491
-67.995562,50,237.151338
-67.749419,50,237.980758
-64.448542,50,238.016098
-70.609044,50,238.808822
-66.39541,50,238.847605
-65.912576,50,238.887901
-64.471162,50,239.764237
-66.059656,50,239.809487
-67.281222,50,240.639472
-66.650357,50,240.676692
-66.588464,50,240.711853
-67.093005,50,241.607004
-68.127592,50,241.654764
-71.505904,50,242.482841
-63.773029,50,242.519068
-64.755031,50,242.555314
-68.808736,50,243.229743
-65.49249,50,243.266786
-69.250701,50,244.08293
-69.070081,50,244.125745
-65.648672,50,244.165597
-67.100562,50,245.037953
-68.290434,50,245.075325
-70.799695,50,245.11239
-66.985047,50,245.923687
-66.372474,50,245.961503
-65.96298,50,246.788065
-69.415585,50,246.826911
-69.236357,50,246.866762
-70.39834,50,247.756495
-67.848299,50,247.795134
-66.459508,50,248.545611
-67.095063,50,248.608157
-68.037911,50,248.658065
-68.872682,50,249.319537
-69.216451,50,249.361083
-67.148836,50,250.223937
-67.630981,50,250.268762
-69.006408,50,250.327746
-67.681685,50,251.224369
-69.282664,50,251.259177
-64.095454,50,252.073268
-66.414262,50,252.119998
-68.70359,50,252.15929
-66.761411,50,253.032297
-68.028455,50,253.068988
-62.96116,50,253.104218
-63.327039,50,253.980828
-65.976908,50,254.02061
-66.139402,50,254.742972
-68.700464,50,254.781156
-68.626379,50,254.820971
-66.334136,50,255.694522
-70.160857,50,255.73069
-62.363825,50,256.532124
-70.556972,50,256.568697
-68.551998,50,256.60421
-68.688054,50,257.47717
-65.583701,50,257.514734
-65.825442,50,258.329564
-67.427977,50,258.36871
-67.335232,50,258.416411
-64.925218,50,259.198764
-64.647182,50,259.240258
-65.251463,50,259.279532
-65.211374,50,260.055282
-66.929197,50,260.090795
-66.916513,50,260.920047
-64.025394,50,260.958956
-65.120589,50,260.997952
-68.350803,50,261.878063
-64.776114,50,261.917548
-67.434344,50,262.744474
-67.829356,50,262.782672
-66.674133,50,262.821033
-66.544012,50,263.707899
-66.759591,50,263.748715
-73.7226,50,264.575655
-65.331706,50,264.622059
-65.381115,50,264.663142
-69.72876,50,265.546169
-64.722113,50,265.584397
-60.750839,50,266.443951
-67.360374,50,266.486789
-64.373795,50,266.537294
-68.263592,50,267.420502
-70.262772,50,267.456424
-69.458729,50,267.491644
-68.592303,50,268.378539
-71.542604,50,268.417357
-70.550241,50,269.244052
-67.373797,50,269.283007
-71.695466,50,269.323186
-68.35766,50,270.206762
-68.85701,50,270.247074
-72.576468,50,271.062394
-68.310135,50,271.105651
-70.374351,50,271.147689
-62.459671,50,272.03017
-72.2794,50,272.073552
-66.541686,50,272.919607
-68.302999,50,272.979385
-74.326862,50,273.023272
-66.467989,50,273.642217
-71.650988,50,273.69587
-64.68783,50,274.525979
-69.506185,50,274.578772
-65.777157,50,274.63248
-63.22476,50,275.539419
-64.109719,50,275.576313
-71.059975,50,275.613238
-61.621311,50,276.425434
-64.040839,50,276.46437
-68.069651,50,277.296484
-63.247093,50,277.350536
-70.044998,50,277.399859
-66.533496,50,278.288669
-73.129168,50,278.334025
-66.141646,50,279.16428
-63.738009,50,279.208216
-62.184955,50,279.248183
-72.000547,50,280.124662
-67.18237,50,280.166776
-65.398559,50,280.990323
-65.613053,50,281.027076
-65.068971,50,281.063527
-61.46736,50,281.611582
-64.220538,50,281.651884
-69.701921,50,281.691835
-64.875549,50,282.243008
-67.207479,50,282.279796
-68.341608,50,283.103678
-70.573135,50,283.145212
-69.952507,50,283.194219
-63.455479,50,283.797526
-66.966093,50,283.839735
-66.371116,50,284.657187
-66.194454,50,284.698036
-65.15104,50,284.737844
-66.875833,50,285.635996
-64.67493,50,285.679282
-68.047919,50,286.498687
-68.426314,50,286.535496
-69.514982,50,286.57349
-66.602605,50,287.442153
-67.420692,50,287.477801
-68.943289,50,287.98374
-70.624053,50,288.020274
-66.442923,50,288.058662
-71.505908,50,288.936032
-62.747128,50,288.974942
-65.520636,50,289.014
-68.694984,50,289.921143
-64.43166,50,289.983933
-69.714609,50,290.840384
-67.149068,50,290.886873
-68.200308,50,290.923717
-64.81808,50,291.690241
-63.355445,50,291.725645
-67.253375,50,292.547505
-61.481885,50,292.587754
-65.700449,50,292.627719
-63.897142,50,293.506328
-63.726141,50,293.550476
-68.078774,50,294.393556
-68.485612,50,294.43027
-66.322929,50,294.469141
-68.511676,50,295.342021
-62.832805,50,295.381375
-67.4767,50,296.24154
-66.068919,50,296.283325
-66.213186,50,296.322489
-65.971935,50,297.199738
-65.941881,50,297.236101
-65.421429,50,297.270609
-65.364999,50,298.125415
-66.151973,50,298.160976
-64.847513,50,298.997276
-70.877796,50,299.035688
-66.135398,50,299.08101
-70.552647,50,299.964052
-67.552223,50,300.020711
-63.390384,50,300.860099
-64.600443,50,300.926572
-69.885164,50,300.967298
-61.440753,50,301.816173
-64.601305,50,301.854256
-66.671012,50,302.683274
-65.083905,50,302.718904
-66.308779,50,302.754181
-64.887235,50,303.635332
-62.874166,50,303.671746
-69.093525,50,303.707437
-66.122499,50,304.51935
-66.971735,50,304.558156
-65.338635,50,305.063907
-68.622026,50,305.100331
-66.465195,50,305.137161
-65.770254,50,306.024041
-64.848119,50,306.064041
-61.940176,50,306.57634
-64.011251,50,306.611244
-64.2431,50,306.657284
-64.841379,50,307.528251
-63.102277,50,307.574668
-68.156561,50,308.412584
-63.199376,50,308.451586
-64.373422,50,308.494421
-61.987883,50,309.37156
-66.878254,50,309.410881
-65.412237,50,310.227827
-66.894955,50,310.272544
-61.751054,50,310.314945
-62.590327,50,311.210783
-65.629655,50,311.2481
-65.422816,50,311.292412
-63.391237,50,312.16828
-67.876229,50,312.208163
-63.53341,50,312.843568
-63.027874,50,312.879352
-63.448565,50,312.917923
-69.375721,50,313.458753
-65.884648,50,313.495588
-64.13751,50,314.309673
-63.321112,50,314.345165
-66.954136,50,314.380841
-62.11508,50,315.211726
-61.169978,50,315.250887
-65.000519,50,316.078478
-64.765407,50,316.126333
-63.583089,50,316.182563
-63.728982,50,317.076789
-65.507623,50,317.112137
-65.730123,50,317.937883
-63.734093,50,317.982711
-64.14221,50,318.029805
-60.077198,50,318.930941
-62.177511,50,318.969779
-62.806432,50,319.023558
-62.846859,50,319.915946
-61.243239,50,319.95138
-62.899087,50,320.705285
-64.472703,50,320.744231
-63.250787,50,320.784264
-67.491307,50,321.669852
-65.451745,50,321.706775
-63.16126,50,322.522999
-65.762298,50,322.562178
-62.704833,50,322.600814
-66.644819,50,323.481494
-66.834078,50,323.523604
-62.522088,50,324.313376
-63.857596,50,324.348762
-66.27725,50,324.383742
-65.419879,50,325.25632
-63.458576,50,325.294945
-60.58413,50,325.330556
-61.941403,50,325.866926
-63.044191,50,325.907633
-65.483839,50,326.4095
-69.352122,50,326.447909
-64.615022,50,326.487627
-62.550226,50,327.388625
-63.028509,50,327.429884
-60.823164,50,328.212912
-62.912061,50,328.248254
-60.355039,50,328.285851
-63.260813,50,329.184174
-64.038864,50,329.225722
-64.296501,50,330.022332
-63.619416,50,330.061511
-62.515769,50,330.100194
-61.501746,50,330.962583
-65.903772,50,331.020354
-65.015476,50,331.859921
-67.027368,50,331.901593
-61.245115,50,331.93856
-67.016505,50,332.814159
-65.834444,50,332.853508
-63.102548,50,332.891032
-61.273799,50,333.764529
-62.59764,50,333.802687
-63.584824,50,334.570487
-64.496368,50,334.609454
-59.659472,50,334.660444
-61.815863,50,335.556799
-62.798423,50,335.601392
-64.307417,50,336.376271
-65.148791,50,336.413644
-66.996562,50,336.453321
-66.701534,50,337.319522
-60.361031,50,337.35819
-63.631602,50,338.173901
-67.234177,50,338.212178
-64.341147,50,338.249885
-62.004953,50,338.86107
-63.153665,50,338.908422
-62.294993,50,339.735835
-65.663321,50,339.774812
-64.748143,50,339.81173
-64.645804,50,340.686805
-60.426815,50,340.728276
-63.868912,50,340.766752
-68.180597,50,341.642457
-63.35753,50,341.678924
-65.460918,50,342.449201
-64.673786,50,342.512295
-63.635977,50,342.56107
-63.16351,50,343.444
-62.903758,50,343.479602
-63.001936,50,344.309785
-61.293289,50,344.355181
-64.08632,50,344.401644
-65.120898,50,345.115194
-64.191795,50,345.15703
-61.305325,50,345.662966
-65.441877,50,345.705528
-65.195404,50,345.747797
-63.931231,50,346.281223
-64.909399,50,346.323557
-65.667962,50,346.367739
-64.828726,50,346.89859
-63.796845,50,346.939621
-62.718721,50,347.778644
-63.002419,50,347.851391
-61.790352,50,347.923582
-63.87099,50,348.63274
-60.014174,50,348.673875
-60.058606,50,349.472603
-64.841828,50,349.509271
-64.611537,50,349.544465
-65.182976,50,350.430182
-58.705286,50,350.471254
-61.280666,50,351.303694
-64.814772,50,351.369367
-65.622272,50,351.410568
-65.438064,50,352.286578
-64.33501,50,352.324521
-66.380837,50,353.142561
-63.342069,50,353.181071
-60.084548,50,353.216511
-65.984989,50,354.092408
-64.093172,50,354.147439
-63.153427,50,354.216981
-65.507318,50,355.103119
-65.417588,50,355.14425
-63.20532,50,355.651907
-65.136779,50,355.687326
-65.454208,50,355.722747
-64.00058,50,356.59273
-63.396459,50,356.628472
-63.036201,50,357.384735
-65.293136,50,357.421348
-65.968295,50,357.459018
-64.045904,50,358.335194
-63.693491,50,358.380739
-63.295935,50,359.205329
-64.622368,50,359.243708
-65.557591,50,359.284205
-63.046103,50,360.167427
-61.768276,50,360.205734
-63.46352,50,361.02686
-68.517373,50,361.070568
-67.49658,50,361.111222
-64.004196,50,361.999339
-67.81499,50,362.04326
-63.515485,50,362.086709
-65.394057,50,362.977475
-64.573401,50,363.016685
-65.485631,50,363.52829
-63.914404,50,363.567269
-64.6858,50,363.605573
-63.625882,50,364.495157
-65.036446,50,364.530473
-65.934664,50,365.03331
-63.243188,50,365.0694
-65.691693,50,365.105585
-65.639503,50,365.979272
-67.177242,50,366.014199
-62.65631,50,366.834857
-66.15083,50,366.876736
-64.769787,50,366.913666
-63.678281,50,367.785056
-64.912826,50,367.824672
-65.86392,50,367.868128
-65.116084,50,368.525634
-64.294786,50,368.563748
-64.964321,50,369.391217
-65.202503,50,369.427669
-64.283907,50,369.462878
-63.223598,50,370.344725
-65.227857,50,370.379831
-65.509942,50,371.168678
-66.840605,50,371.203269
-67.073736,50,371.242155
-64.753221,50,372.009934
-63.542137,50,372.051459
-64.834165,50,372.784835
-65.645115,50,372.823831
-62.120486,50,372.87852
-64.906359,50,373.772907
-66.005835,50,373.811359
-65.694769,50,374.321913
-61.59728,50,374.371376
-63.577222,50,374.409821
-65.214276,50,375.290155
-63.486063,50,375.332043
-63.952428,50,375.37261
-65.890397,50,376.269419
-64.018495,50,376.333659
-62.606958,50,377.143797
-64.480849,50,377.187231
-65.716484,50,377.228898
-63.364843,50,378.106796
-63.468333,50,378.142834
-64.184177,50,378.760019
-65.043196,50,378.811091
-64.346681,50,378.869693
-64.104034,50,379.770824
-62.571215,50,379.807353
-61.587154,50,380.643379
-64.455794,50,380.706116
-62.076758,50,380.741896
-63.330319,50,381.604573
-63.647955,50,381.646548
-65.850696,50,382.485692
-65.201058,50,382.52677
-63.939227,50,382.566711
-62.718643,50,383.447062
-64.37293,50,383.487183
-61.978374,50,383.526777
-64.041711,50,384.386472
-64.497877,50,384.424598
-66.021849,50,385.263164
-64.66298,50,385.304375
-61.070159,50,385.342155
-64.216283,50,386.223099
-64.430919,50,386.263052
-63.351557,50,387.091142
-62.305599,50,387.129276
-62.781124,50,387.166503
-64.740563,50,388.041644
-63.804648,50,388.081047
-61.999272,50,388.907841
-62.160061,50,388.949816
-60.397849,50,388.989391
-62.47016,50,389.869488
-63.509844,50,389.906856
-63.687762,50,389.943873
-62.413044,50,390.766356
-63.370325,50,390.807912
-65.297347,50,391.65041
-65.035593,50,391.691613
-65.031286,50,391.731807
-61.152949,50,392.634261
-62.609178,50,392.678339
-65.003306,50,393.506924
-63.269969,50,393.546258
-63.481312,50,393.582377
-63.648581,50,394.452588
-63.96951,50,394.496459
-65.281318,50,395.34094
-56.979523,50,395.40958
-62.948213,50,395.47496
-63.55483,50,396.389625
-63.751294,50,396.450188
-63.47994,50,397.275646
-60.756408,50,397.312
-61.498812,50,397.351145
-64.12536,50,398.232762
-61.321891,50,398.279256
-65.138449,50,398.332531
-64.693464,50,399.21049
-62.181609,50,399.254814
-64.59148,50,400.090847
-63.433287,50,400.129549
-65.51092,50,400.178308
-65.294095,50,400.997719
-62.443472,50,401.037837
-63.5428,50,401.867202
-63.541232,50,401.90483
-63.247732,50,401.940785
-61.96118,50,402.811849
-62.155201,50,402.853424
-62.885247,50,403.686023
-64.260135,50,403.721444
-63.637569,50,403.756771
-60.458559,50,404.549111
-65.752532,50,404.587372
-62.863765,50,405.329788
-64.304794,50,405.364785
-61.832754,50,405.399602
-65.906197,50,406.292312
-62.932642,50,406.336482
-63.601148,50,406.379165
-63.743486,50,407.046761
-63.298294,50,407.082437
-62.783906,50,407.625398
-64.925306,50,407.66048
-61.946327,50,407.695513
-61.695836,50,408.581086
-60.268471,50,408.619711
-62.634349,50,409.446233
-57.95651,50,409.481577
-61.631207,50,409.520629
-63.560744,50,410.409288
-62.25012,50,410.453371
-60.675134,50,411.286968
-63.239124,50,411.328491
-60.545961,50,411.373696
-64.824329,50,412.246318
-60.529985,50,412.287464
-64.354264,50,412.325686
-63.541987,50,413.055485
-64.229222,50,413.127375
-62.62277,50,413.976051
-62.727266,50,414.014602
-59.372646,50,414.072593
-63.852882,50,414.963353
-59.359367,50,415.00389
-61.307197,50,415.830876
-62.657202,50,415.869823
-61.483667,50,415.909764
-63.327306,50,416.806196
-64.916066,50,416.851674
-64.739445,50,417.676673
-62.058025,50,417.721491
-64.705274,50,417.770862
-60.521506,50,418.661301
-62.571688,50,418.703323
-63.091756,50,419.530137
-62.265279,50,419.570684
-61.760648,50,419.608909
-61.353007,50,420.490202
-60.362568,50,420.526376
-64.65829,50,420.562589
-64.276928,50,421.43028
-63.554942,50,421.470555
-65.114735,50,422.305517
-62.042327,50,422.345646
-66.376981,50,422.384022
-63.103386,50,423.284906
-62.861018,50,423.330492
-60.306467,50,424.159672
-62.609992,50,424.19844
-64.089888,50,424.234671
-65.490403,50,424.989424
-62.190578,50,425.024982
-59.828673,50,425.618377
-65.918165,50,425.65982
-65.22184,50,425.69898
-62.490697,50,426.580786
-63.120117,50,426.62052
-64.289538,50,427.459522
-65.951287,50,427.504109
-62.231294,50,427.544281
-65.917554,50,428.407609
-64.257581,50,428.45073
-63.156946,50,428.490038
-61.505672,50,429.305698
-66.404626,50,429.346667
-61.789995,50,430.05853
-60.072824,50,430.095266
-65.744765,50,430.131865
-61.570166,50,430.90025
-66.751465,50,430.939921
-64.124672,50,431.769415
-64.275503,50,431.811258
-65.17787,50,431.850953
-61.530816,50,432.726492
-63.351247,50,432.764321
-61.448294,50,433.595991
-65.242864,50,433.65404
-62.158075,50,433.713207
-64.183234,50,434.604322
-63.723413,50,434.645263
-61.379931,50,434.68499
-62.035054,50,435.466726
-61.080595,50,435.510415
-66.25133,50,436.259173
-61.303235,50,436.295568
-63.251853,50,436.33783
-68.626951,50,437.22412
-64.232877,50,437.269788
-65.496336,50,438.116431
-60.841296,50,438.157361
-59.2496,50,438.219629
-62.783329,50,439.109212
-62.565309,50,439.144396
-66.368021,50,439.968181
-62.041553,50,440.024761
-63.128982,50,440.0834
-65.97739,50,440.970486
-66.150258,50,441.010472
-69.320143,50,441.527563
-61.876797,50,441.569329
-62.715946,50,441.614323
-64.29203,50,442.493339
-66.759115,50,442.534458
-61.862006,50,442.574327
-64.8837,50,443.477496
-64.894047,50,443.516839
-68.138006,50,444.35738
-60.756044,50,444.421749
-61.490667,50,444.486506
-60.241603,50,445.377141
-63.240186,50,445.430291
-61.11906,50,446.255712
-61.630132,50,446.303642
-62.623265,50,446.364609
-61.139983,50,447.251398
-63.476773,50,447.286819
-65.299912,50,448.115644
-64.129974,50,448.156694
-64.846903,50,448.195065
-65.192456,50,449.070191
-67.01596,50,449.111082
-67.329346,50,449.898499
-59.924247,50,449.939524
-66.916361,50,449.991304
-66.596662,50,450.539475
-67.634758,50,450.579443
-59.000121,50,450.61734
-61.026577,50,451.50175
-60.063927,50,451.53698
-67.18072,50,452.345038
-60.521977,50,452.380328
-57.93624,50,452.416772
-64.032305,50,453.087619
-63.763491,50,453.134686
-61.599447,50,453.93243
-63.309838,50,453.971142
-63.943809,50,454.027607
-66.420764,50,454.919224
-55.781519,50,454.959654
-53.774538,50,455.797767
-68.917374,50,455.834373
-63.849786,50,455.86919
-54.365823,50,456.425671
-59.988033,50,456.464964
-53.923956,50,456.508194
-65.338935,50,457.024495
-64.762381,50,457.059229
-58.481006,50,457.854593
-67.223037,50,457.89111
-66.440729,50,457.926291
-65.715351,50,458.575651
-64.082959,50,458.620204
-65.393895,50,459.452651
-60.619254,50,459.493615
-64.537902,50,459.531929
-62.178063,50,460.068151
-62.171595,50,460.106884
-68.194953,50,460.905026
-59.348925,50,460.943544
-56.111262,50,460.97929
-61.088439,50,461.822294
-65.84372,50,461.857413
-62.294605,50,462.668085
-55.786146,50,462.712675
-61.69452,50,462.773864
-64.668847,50,463.667513
-56.332221,50,463.702991
-59.35108,50,463.739264
-57.175207,50,464.410764
-55.553897,50,464.450924
-54.683337,50,464.961167
-62.577893,50,465.000557
-56.721731,50,465.043292
-52.31374,50,465.940157
-55.366364,50,465.980281
-49.097073,50,466.737472
-60.402981,50,466.77404
-64.755698,50,466.808984
-61.926473,50,467.362901
-52.731171,50,467.398343
-55.913794,50,468.208115
-58.820768,50,468.27115
-55.392057,50,468.342385
-62.026439,50,469.226756
-63.451436,50,469.267919
-59.651066,50,470.098631
-65.706566,50,470.136949
-55.952615,50,470.185204
-58.712147,50,471.065802
-53.89631,50,471.102484
-60.403603,50,471.139409
-52.31837,50,471.72091
-60.899013,50,471.762161
-58.500661,50,472.289255
-63.563054,50,472.336712
-41.960627,50,472.394591
-60.850633,50,473.133001
-58.441468,50,473.171554
-50.486211,50,473.947905
-61.786519,50,473.987134
-56.315328,50,474.026199
-61.566,50,474.686404
-60.970808,50,474.732419
-59.254176,50,475.553543
-54.946344,50,475.608715
-68.941462,50,475.676701
-62.725778,50,476.570073
-51.154121,50,476.625919
-64.234163,50,476.668833
-44.852606,50,477.199572
-58.287416,50,477.238781
-58.564122,50,478.042031
-54.538866,50,478.080978
-49.57503,50,478.120197
-62.938486,50,478.877492
-53.248275,50,478.92374
-48.794482,50,479.780458
-58.131273,50,479.845032
-47.079292,50,479.908222
-64.072394,50,480.796736
-56.674737,50,480.832988
-57.467582,50,481.344457
-64.789166,50,481.381263
-62.62751,50,481.417634
-58.051054,50,482.093812
-52.859123,50,482.151223
-56.290389,50,482.92972
-64.002783,50,482.969488
-53.162919,50,483.006559
-45.909004,50,483.566554
-60.567638,50,483.601488
-56.920076,50,483.6365
-47.860149,50,484.339036
-62.883246,50,484.378545
-58.814246,50,485.210621
-53.334338,50,485.250196
-51.85866,50,485.290928
-63.478892,50,486.17421
-47.165187,50,486.218334
-64.052597,50,487.083561
-60.804161,50,487.135153
-55.121362,50,487.200536
-55.430513,50,488.097642
-53.470585,50,488.136493
-45.385562,50,488.968797
-58.57076,50,489.029664
-58.60064,50,489.096843
-57.999668,50,490.005646
-57.164285,50,490.063251
-59.428179,50,490.931401
-56.062613,50,490.997222
-54.406571,50,491.069769
-58.350028,50,491.97412
-49.951094,50,492.015953
-60.501575,50,492.057393
-57.73704,50,492.931879
-54.888567,50,492.967803
-59.237802,50,493.792758
-59.996327,50,493.831056
-64.979077,50,493.873451
-64.983083,50,494.752804
-60.269646,50,494.788831
-23.381567,50,495.613008
-58.816647,50,495.66567
-52.783077,50,495.703213
-53.664664,50,496.330974
-56.65031,50,496.380865
-57.894723,50,497.222432
-54.983224,50,497.271502
-59.631023,50,497.325782
-59.400618,50,498.216655
-61.377419,50,498.256092
-23.15269,50,498.31893
-60.833104,50,499.155416
-58.230803,50,499.220188
-51.225825,50,500.074409
-56.711455,50,500.120461
-62.154707,50,500.186592
-20.015929,50,501.088481
-54.858516,50,501.129463
-26.983645,50,501.965481
-29.381116,50,502.00569
-57.437055,50,502.041214
-56.208792,50,502.844082
-56.355735,50,502.891843
-45.864749,50,503.711874
-51.339112,50,503.758461
-53.441177,50,503.812877
-55.499987,50,504.700156
-24.689234,50,504.738868
-48.630602,50,505.560306
-55.522199,50,505.605229
-27.00405,50,505.643932
-49.1214,50,506.365415
-58.557555,50,506.405952
-51.537934,50,506.445562
-21.939294,50,507.297338
-51.377616,50,507.33526
-26.195541,50,508.156038
-63.611142,50,508.207167
-29.356828,50,508.248904
-58.05388,50,509.137875
-54.385757,50,509.176464
-53.602202,50,509.968142
-48.693032,50,510.006528
-57.821835,50,510.046416
-25.158798,50,510.901117
-46.861971,50,510.94084
-32.371689,50,511.801108
-54.707575,50,511.843023
-60.34864,50,511.883378
-54.381506,50,512.775692
-57.48806,50,512.814358
-60.402342,50,513.500691
-58.888477,50,513.538196
-52.46794,50,513.574401
-65.731253,50,514.112295
-24.950064,50,514.147715
-62.334824,50,514.185384
-27.453125,50,514.783714
-61.442561,50,514.819905
-60.743205,50,515.633461
-22.01787,50,515.668327
-27.129483,50,515.703096
-31.771228,50,516.327514
-34.253397,50,516.372864
-50.561049,50,517.205492
-62.545036,50,517.244149
-24.130801,50,517.281898
-52.954825,50,518.176224
-33.007624,50,518.213447
-47.403542,50,519.032037
-52.897646,50,519.078404
-26.283658,50,519.11826
-52.485653,50,519.979111
-19.742077,50,520.017869
-37.365728,50,520.054311
-26.023741,50,520.874031
-28.672087,50,520.917209
-55.81811,50,521.763962
-57.794228,50,521.799605
-36.22213,50,521.842666
-32.861515,50,522.706585
-25.149877,50,522.742954
-21.934965,50,523.572135
-61.48982,50,523.607644
-47.713017,50,523.644742
-26.790193,50,524.558568
-26.908337,50,524.605661
-57.406467,50,525.459833
-25.600224,50,525.496864
-27.775889,50,525.540136
-24.877468,50,526.424441
-41.810802,50,526.469342
-42.572245,50,527.306555
-60.64108,50,527.350419
-56.636474,50,527.395247
-32.277702,50,528.284388
-24.219286,50,528.319594
-18.659824,50,528.354805
-24.671805,50,529.227613
-53.875976,50,529.262893
-61.952358,50,530.090189
-19.263319,50,530.1307
-58.116167,50,530.169773
-13.109972,50,531.046216
-27.579293,50,531.082965
-50.557916,50,531.586903
-20.417828,50,531.622292
-16.886361,50,531.659617
-26.750514,50,532.533086
-20.138097,50,532.569844
-59.350726,50,533.333433
-39.833018,50,533.369819
-21.967394,50,533.405032
-48.874352,50,534.281656
-30.327149,50,534.319405
-61.79064,50,535.14228
-18.43281,50,535.183987
-30.719611,50,535.223119
-61.719906,50,536.116628
-20.174656,50,536.157319
-27.945089,50,536.200288
-25.921269,50,536.996756
-18.517208,50,537.031599
-45.865063,50,537.847555
-37.877235,50,537.886476
-18.421483,50,537.926091
-29.949401,50,538.46066
-22.03268,50,538.503927
-24.601092,50,539.332971
-61.156811,50,539.368112
-61.137464,50,539.404692
-30.539448,50,540.282635
-16.372429,50,540.32166
-35.520771,50,541.071949
-24.518058,50,541.111672
-22.105208,50,541.150827
-29.557788,50,541.972378
-32.111507,50,542.008165
-55.801306,50,542.043383
-30.116735,50,542.850443
-20.707668,50,542.889179
-23.863652,50,543.551518
-20.315871,50,543.590043
-54.089911,50,543.62646
-17.335245,50,544.158553
-17.713679,50,544.192573
-16.16774,50,544.884261
-16.687944,50,544.932436
-18.189134,50,544.973578
-27.167301,50,545.866143
-20.291071,50,545.901824
-30.972879,50,546.743496
-19.795504,50,546.782012
-24.52004,50,546.818585
-30.011914,50,547.446566
-29.294528,50,547.488961
-57.360493,50,548.316885
-24.354794,50,548.362599
-23.115845,50,548.42113
-25.538906,50,549.210014
-14.835958,50,549.247697
-47.964228,50,549.282781
-27.242951,50,550.158542
-15.094938,50,550.197119
-16.928002,50,550.718538
-21.484726,50,550.774374
-21.228092,50,550.838409
-21.474441,50,551.574852
-56.074596,50,551.61474
-42.276752,50,552.444699
-16.246119,50,552.495563
-29.021826,50,552.554784
-20.05103,50,553.43203
-44.96275,50,553.472087
-57.539796,50,554.286683
-27.701959,50,554.321683
-31.946144,50,554.372922
-15.927182,50,555.255817
-19.538512,50,555.29683
-23.248733,50,556.128943
-18.879059,50,556.164384
-27.47873,50,556.206925
-17.063553,50,556.771242
-58.223188,50,556.805934
-47.736353,50,556.842406
-24.711167,50,557.708907
-31.785951,50,557.748732
-15.819903,50,558.577848
-22.065238,50,558.613553
-19.747885,50,558.649037
-20.009923,50,559.484585
-20.697599,50,559.535098
-11.599443,50,560.346499
-19.43922,50,560.382943
-12.080427,50,560.418194
-21.248242,50,561.275514
-21.334632,50,561.312559
-16.479264,50,561.989376
-18.135789,50,562.053959
-14.614021,50,562.101786
-15.388258,50,562.976336
-25.795882,50,563.012706
-46.470788,50,563.052219
-19.851921,50,563.828008
-17.951838,50,563.870963
-22.990004,50,564.691357
-25.082018,50,564.73045
-19.271354,50,564.774784
-22.368709,50,565.582834
-25.317361,50,565.618079
-19.29216,50,566.43544
-17.948972,50,566.478504
-22.364556,50,566.526066
-20.708916,50,567.4056
-61.056505,50,567.448016
-29.992692,50,568.27155
-49.239871,50,568.306839
-16.149014,50,568.352871
-17.010987,50,568.924497
-11.167944,50,568.960405
-58.457016,50,569.783715
-12.000857,50,569.821776
-17.565544,50,569.857995
-24.642826,50,570.73829
-25.386151,50,570.784621
-34.541935,50,570.82163
-24.319303,50,571.698354
-16.124333,50,571.734085
-13.74614,50,572.449166
-25.219604,50,572.488251
-33.272765,50,572.538659
-35.999853,50,573.440328
-17.141234,50,573.477903
-11.957911,50,574.297974
-15.753337,50,574.364459
-23.815676,50,574.430001
-13.62828,50,575.319133
-20.945165,50,575.364191
-16.185575,50,576.19916
-26.002917,50,576.239244
-16.552006,50,576.27802
-25.113978,50,577.152893
-46.042661,50,577.209516
-21.48867,50,578.052922
-41.172482,50,578.124689
-22.550382,50,578.196862
-11.4581,50,579.078459
-18.807677,50,579.114732
-19.534196,50,579.151143
-29.086697,50,579.834196
-22.707484,50,579.873273
-22.27631,50,580.716947
-14.691861,50,580.755363
-19.329973,50,580.791683
-18.883158,50,581.687105
-35.636844,50,581.722199
-11.808792,50,582.54562
-24.348772,50,582.608501
-36.741492,50,582.672802
-21.179178,50,583.575652
-15.082376,50,583.615593
-14.76896,50,584.447595
-13.52843,50,584.509771
-10.900642,50,584.579185
-10.825106,50,585.482097
-56.261285,50,585.534282
-26.930193,50,585.584075
-14.549974,50,586.108078
-20.159737,50,586.172449
-14.176417,50,587.011549
-13.128758,50,587.050537
-14.053927,50,587.085683
-15.461605,50,587.860372
-14.238027,50,587.897533
-56.167942,50,588.401311
-23.51884,50,588.437281
-22.15362,50,588.473343
-47.517247,50,589.170874
-29.945211,50,589.210156
-10.352067,50,590.037054
-26.749336,50,590.088532
-16.044989,50,590.126802
-17.944157,50,590.89309
-13.108001,50,590.937291
-14.186735,50,591.77876
-23.167396,50,591.817609
-13.376884,50,591.877439
-12.337462,50,592.777722
-17.417192,50,592.813984
-24.054983,50,592.84881
-24.138866,50,593.707879
-16.067588,50,593.744309
-44.368017,50,594.569003
-11.052841,50,594.607219
-22.046246,50,594.647647
-18.362572,50,595.494723
-30.086966,50,595.538229
-17.508434,50,596.047404
-40.621219,50,596.08265
-16.557429,50,596.118864
-38.01423,50,596.991586
-11.246822,50,597.027694
-20.388034,50,597.549311
-19.3813,50,597.584187
-19.008839,50,597.618887
-24.343045,50,598.454939
-22.141243,50,598.498164
-15.709729,50,599.277701
-19.516813,50,599.317123
-17.797787,50,599.352005
-16.538561,50,600.208148
-20.614866,50,600.255165
-12.117811,50,600.291635
-12.600422,50,601.124263
-13.526487,50,601.17746
-14.645599,50,601.726629
-18.980116,50,601.762927
-43.201133,50,601.798012
-26.105868,50,602.673832
-11.227177,50,602.717348
-17.074533,50,603.568575
-37.49524,50,603.613079
-15.979259,50,603.676314
-10.863922,50,604.588453
-13.03352,50,604.623611
-15.64627,50,605.444443
-9.724113,50,605.484333
-52.976751,50,605.526248
-9.939564,50,606.403195
-23.552524,50,606.439262
-13.798897,50,606.475902
-13.686309,50,607.298481
-13.19872,50,607.343645
-12.763726,50,608.18412
-10.350609,50,608.235832
-19.449896,50,608.272748
-37.333229,50,609.023968
-13.579985,50,609.067919
-11.600046,50,609.825419
-17.553831,50,609.886976
-11.606365,50,609.957692
-9.35959,50,610.860663
-7.983441,50,610.897285
-24.182135,50,611.509043
-15.968374,50,611.560306
-16.711267,50,611.610294
-12.474065,50,612.483213
-17.332732,50,612.528317
-14.841078,50,613.372755
-10.008978,50,613.408926
-12.659908,50,613.454915
-10.803138,50,614.363036
-12.469529,50,614.399335
-17.65256,50,614.436215
-9.016047,50,615.303665
-26.486214,50,615.341712
-28.511865,50,616.168888
-10.803706,50,616.20552
-12.937711,50,616.248923
-27.24575,50,616.953548
-15.680122,50,616.993489
-11.844325,50,617.825319
-12.461819,50,617.863935
-11.590552,50,617.909539
-12.432972,50,618.590282
-13.445152,50,618.630277
-15.556192,50,619.472878
-23.075325,50,619.535544
-9.331669,50,619.60317
-15.221302,50,620.468351
-10.408714,50,620.514274
-10.55016,50,621.352852
-10.443435,50,621.425493
-9.099834,50,621.490117
-11.112968,50,622.390124
-18.903878,50,622.424885
-25.664971,50,622.459704
-48.682421,50,623.155532
-24.331995,50,623.190333
-9.999131,50,624.002521
-60.254012,50,624.061744
-21.830035,50,624.10632
-20.268231,50,625.001184
-11.242863,50,625.039161
-21.32911,50,625.863254
-12.667762,50,625.901365
-12.68193,50,625.938158
-23.987393,50,626.819305
-12.82068,50,626.857497
-9.958845,50,627.366871
-9.265531,50,627.4089
-22.159532,50,627.454617
-15.668371,50,628.352782
-49.43068,50,628.40669
-13.210175,50,628.47115
-16.497326,50,628.998367
-15.395584,50,629.04467
-14.267059,50,629.79511
-11.919396,50,629.832598
-10.622694,50,629.870647
-11.447047,50,630.782547
-15.473683,50,630.819362
-33.517354,50,631.656347
-14.939127,50,631.72099
-12.939503,50,631.769617
-19.854545,50,632.65525
-16.537282,50,632.693516
-12.58088,50,633.514275
-23.810088,50,633.549529
-19.988934,50,633.58428
-25.001766,50,634.425309
-21.518252,50,634.461458
-22.526788,50,635.274872
-46.995882,50,635.311287
-21.45313,50,635.347968
-21.786572,50,636.230609
-11.649239,50,636.270521
-9.584518,50,636.312271
-16.489315,50,637.198787
-15.051858,50,637.237646
-25.459537,50,638.069875
-9.905116,50,638.109699
-15.55296,50,638.149529
-26.366042,50,639.030871
-6.440374,50,639.067554
-10.952278,50,639.576316
-14.725907,50,639.611779
-15.447519,50,639.646666
-20.231255,50,640.26049
-11.925323,50,640.306184
-11.810306,50,641.136488
-26.015573,50,641.17534
-14.461247,50,641.211759
-14.549706,50,642.096855
-23.212234,50,642.153376
-27.882373,50,642.950305
-18.829338,50,642.99539
-12.41373,50,643.036022
-19.019151,50,643.920946
-10.814704,50,643.973017
-16.352391,50,644.008333
-24.094523,50,644.873014
-14.45008,50,644.9107
-8.79372,50,645.734764
-22.366501,50,645.795533
-17.601386,50,645.841523
-11.283498,50,646.71884
-11.439752,50,646.75737
-11.784591,50,647.588367
-22.000441,50,647.626854
-21.76907,50,647.664833
-10.533356,50,648.506712
-22.257068,50,648.542119
-15.584792,50,649.041777
-11.494977,50,649.077857
-15.894945,50,649.114201
-8.845896,50,649.987677
-17.282821,50,650.023505
-15.078449,50,650.058245
-9.0727,50,650.882566
-13.883954,50,650.947027
-12.814384,50,651.793448
-8.000335,50,651.829723
-18.334672,50,651.866868
-17.005135,50,652.749031
-18.981761,50,652.79494
-10.17083,50,653.649385
-22.646692,50,653.688036
-12.117594,50,653.727343
-23.972386,50,654.601608
-23.269788,50,654.638254
-11.029049,50,655.452824
-22.31164,50,655.517381
-10.643862,50,655.596237
-12.924251,50,656.493157
-25.725314,50,656.531594
-13.366432,50,657.332248
-11.600925,50,657.378361
-10.50665,50,657.417992
-20.259569,50,658.123356
-8.994346,50,658.16337
-17.574679,50,658.203579
-22.936094,50,659.081095
-10.349097,50,659.119972
-11.084765,50,659.94487
-13.793416,50,659.979336
-17.945974,50,660.013565
-13.765818,50,660.901907
-14.807968,50,660.939838
-13.070574,50,661.731403
-14.228292,50,661.774536
-13.760594,50,661.827372
-7.876878,50,662.721647
-11.73808,50,662.778177
-10.524622,50,663.613918
-22.709445,50,663.663284
-25.545661,50,663.710468
-13.502775,50,664.552413
-11.277255,50,664.593508
-8.97597,50,665.370729
-22.711878,50,665.406789
-24.141088,50,665.44177
-23.807611,50,666.320169
-20.736649,50,666.358977
-9.827889,50,666.397369
-10.857728,50,667.243886
-13.840785,50,667.279683
-9.207845,50,668.075629
-12.21933,50,668.131117
-9.749597,50,668.190464
-14.543849,50,669.091288
-8.184768,50,669.12982
-10.742605,50,669.963997
-14.363206,50,670.018073
-8.977667,50,670.079349
-17.571541,50,670.976157
-24.620293,50,671.015011
-24.319698,50,671.869094
-22.978046,50,671.9205
-10.069613,50,671.957352
-14.751727,50,672.845823
-11.753218,50,672.884203
-23.762732,50,672.923664
-9.773307,50,673.719033
-15.332292,50,673.754505
-11.314293,50,674.583818
-9.846337,50,674.643674
-8.427832,50,674.704485
-9.432639,50,675.57498
-8.413142,50,675.623501
-17.079085,50,676.140241
-14.182302,50,676.182136
-8.598169,50,676.224303
-22.625333,50,676.802411
-12.059332,50,676.864946
-10.767731,50,677.702854
-19.595295,50,677.767339
-23.439151,50,677.83864
-21.886396,50,678.738188
-11.180865,50,678.773455
-21.117722,50,679.591119
-23.266703,50,679.629164
-9.805751,50,679.666063
-12.893264,50,680.539387
-7.375771,50,680.574356
-10.038155,50,680.609853
-11.98614,50,681.38846
-17.956179,50,681.428886
-13.057455,50,681.936255
-8.526714,50,681.978741
-17.367631,50,682.029803
-17.310628,50,682.913057
-7.119688,50,682.957449
-9.987778,50,683.803031
-22.679031,50,683.840662
-10.105658,50,683.883858
-21.408201,50,684.748636
-27.969637,50,684.792706
-11.343657,50,685.467226
-20.773055,50,685.507579
-13.001717,50,685.548145
-13.337926,50,686.446583
-14.698686,50,686.487847
-10.353896,50,687.266811
-10.283073,50,687.306188
-11.018451,50,687.341017
-9.294344,50,688.215668
-15.111616,50,688.25439
-6.183697,50,688.303228
-11.760372,50,689.201515
-9.666998,50,689.240932
-17.374986,50,690.066254
-14.293156,50,690.11792
-19.625513,50,690.178729
-12.115286,50,691.058031
-15.011009,50,691.101998
-10.574752,50,691.944282
-8.769972,50,691.983813
-14.852081,50,692.02224
-8.04734,50,692.902141
-7.923254,50,692.943502
-12.614739,50,693.770963
-17.524071,50,693.810412
-19.90453,50,693.850268
-11.484345,50,694.7498
-11.995117,50,694.785787
-9.846563,50,694.820961
-9.623261,50,695.345922
-14.047804,50,695.387021
-18.309009,50,696.221824
-27.438312,50,696.260817
-20.119882,50,696.304501
-13.236364,50,697.194374
-7.289719,50,697.240213
-8.545039,50,697.747872
-11.66971,50,697.789026
-7.423224,50,697.82784
-15.80332,50,698.708103
-8.288484,50,698.743012
-7.194877,50,699.566349
-12.183714,50,699.605189
-6.506104,50,699.643935
-11.541289,50,700.54156
-8.388251,50,700.57878
-8.420402,50,701.099419
-15.649158,50,701.149131
-12.016848,50,701.204704
-9.243315,50,702.09502
-8.806698,50,702.134044
-21.353268,50,702.183968
-17.8735,50,703.066705
-13.020125,50,703.10293
-14.880771,50,703.916346
-19.969244,50,703.955858
-12.49125,50,703.992486
-10.833243,50,704.850205
-12.279771,50,704.89632
-11.121519,50,705.745369
-10.332778,50,705.783603
-15.269802,50,705.833855
-12.687578,50,706.573557
-6.969603,50,706.613896
-15.629182,50,707.152602
-9.823657,50,707.197718
-12.450433,50,707.236217
-16.959123,50,708.097652
-12.215902,50,708.153683
-10.203376,50,709.003912
-15.587623,50,709.040349
-10.389778,50,709.079761
-14.664985,50,709.954456
-8.045403,50,709.990904
-15.896012,50,710.027279
-17.065996,50,710.913457
-19.098468,50,710.951786
-9.04745,50,711.75127
-12.084523,50,711.789688
-20.546115,50,711.831001
-14.506529,50,712.420182
-9.575719,50,712.458991
-11.170522,50,713.287672
-8.013339,50,713.325907
-7.771431,50,713.362506
-14.262592,50,714.241073
-17.910861,50,714.276816
-12.315712,50,715.071325
-9.041157,50,715.107829
-8.521867,50,715.143202
-5.014533,50,715.990078
-7.749464,50,716.032452
-14.858583,50,716.071151
-13.89428,50,716.910204
-13.325005,50,716.965952
-12.935084,50,717.787766
-15.447516,50,717.82653
-13.700042,50,717.864433
-8.680353,50,718.75411
-12.032216,50,718.792428
-10.225453,50,719.593903
-21.739631,50,719.632807
-11.763892,50,719.678977
-12.956297,50,720.508993
-11.971878,50,720.548355
-7.124812,50,721.378166
-13.83933,50,721.424493
-13.144017,50,721.474468
-14.898588,50,722.299258
-11.716271,50,722.341098
-10.611176,50,723.12174
-6.144109,50,723.164803
-17.125914,50,723.204065
-13.147669,50,723.774226
-10.627545,50,723.824041
-13.90649,50,723.862523
-7.295674,50,724.755984
-11.49159,50,724.79214
-10.198801,50,725.616313
-7.075061,50,725.680501
-7.836917,50,725.717083
-5.998718,50,726.556915
-6.088648,50,726.593782
-9.757307,50,727.25457
-7.599224,50,727.31942
-9.552266,50,727.359469
-8.185678,50,728.239238
-8.807131,50,728.275467
-15.321127,50,729.093361
-9.210669,50,729.154523
-13.381682,50,729.214115
-19.888472,50,730.121173
-7.667829,50,730.161279
-11.965048,50,730.667711
-8.573194,50,730.714159
-16.456148,50,730.754797
-5.46348,50,731.645423
-7.73408,50,731.703206
-10.888888,50,731.76504
-14.219523,50,732.661443
-6.478936,50,732.699635
-9.201119,50,733.555521
-13.754423,50,733.62536
-14.243986,50,733.68632
-10.38067,50,734.558175
-14.716057,50,734.5999
-9.043398,50,735.454246
-16.781711,50,735.49371
-11.349703,50,735.534627
-8.880406,50,736.412333
-7.338118,50,736.456953
-7.479607,50,736.970412
-7.685336,50,737.015755
-13.764161,50,737.056601
-7.597628,50,737.938044
-8.169799,50,737.978331
-18.750017,50,738.017397
-9.138078,50,738.838206
-9.387828,50,738.878135
-12.130652,50,739.717013
-13.146116,50,739.755348
-13.004512,50,739.796165
-17.324327,50,740.686299
-12.769357,50,740.720956
-16.12091,50,741.560444
-12.555214,50,741.595416
-14.547392,50,741.630196
-7.853401,50,742.513911
-16.911063,50,742.553259
-12.756407,50,743.40008
-6.735246,50,743.43872
-19.314364,50,743.481316
-19.867035,50,744.34907
-12.678499,50,744.390819
-15.259861,50,745.18794
-14.947341,50,745.224566
-11.207398,50,745.260291
-16.215537,50,746.140885
-8.62799,50,746.178652
-13.76906,50,746.213835
-10.620443,50,747.113232
-16.948237,50,747.159687
-16.312198,50,747.956873
-8.107347,50,747.995044
-14.764964,50,748.033826
-11.76514,50,748.932837
-6.651799,50,748.972315
-19.957253,50,749.80007
-11.260544,50,749.835514
-11.5181,50,749.872961
-6.246774,50,750.753898
-12.142109,50,750.79791
-7.730239,50,751.600729
-17.654319,50,751.638595
-6.888675,50,751.674829
-14.033812,50,752.535391
-7.871196,50,752.574377
-8.610029,50,753.400643
-9.432079,50,753.447393
-9.145633,50,753.48689
-7.852067,50,754.395771
-10.210274,50,754.431496
-13.810975,50,754.46733
-12.070594,50,755.362232
-14.780308,50,755.401639
-16.753392,50,756.212219
-6.596485,50,756.249262
-7.0267,50,756.284288
-7.329795,50,757.179101
-12.614099,50,757.227724
-10.726391,50,758.077088
-13.718846,50,758.112087
-14.220907,50,758.146827
-8.085645,50,759.028764
-9.021612,50,759.074661
-13.852571,50,759.667987
-17.173093,50,759.703428
-6.283443,50,759.738541
-20.110325,50,760.619273
-8.736119,50,760.655353
-13.703,50,760.691507
-7.86484,50,761.505727
-10.174521,50,761.543742
-12.861704,50,762.350835
-6.903463,50,762.387568
-8.600467,50,762.422624
-16.169765,50,763.303426
-13.330026,50,763.338698
-10.039717,50,764.043647
-9.278952,50,764.093944
-10.246486,50,764.132212
-7.516779,50,764.980951
-10.216869,50,765.017438
-14.200854,50,765.835848
-9.370333,50,765.870888
-7.934406,50,765.906083
-17.316154,50,766.765622
-9.450331,50,766.801594
-10.224094,50,767.60284
-6.762351,50,767.642071
-6.826136,50,767.678268
-11.366479,50,768.514266
-8.040097,50,768.554836
-16.659041,50,768.596452
-5.532637,50,769.470691
-10.042872,50,769.505527
-8.00845,50,770.324475
-8.647483,50,770.360726
-10.929078,50,770.395759
-18.211079,50,771.158536
-8.981412,50,771.198798
-14.200959,50,772.03975
-13.399111,50,772.076861
-8.005234,50,772.113084
-12.913048,50,772.876039
-6.067075,50,772.934018
-14.940811,50,773.757407
-6.791892,50,773.792405
-13.176697,50,773.829035
-8.503588,50,774.725327
-9.575612,50,774.772541
-7.127423,50,775.465789
-6.412085,50,775.517217
-10.390736,50,775.564586
-8.250666,50,776.465983
-10.396847,50,776.502763
-9.084495,50,776.540044
-16.500154,50,777.435294
-11.829295,50,777.478443
-8.544369,50,778.284569
-12.30999,50,778.339712
-13.362174,50,778.385739
-8.481054,50,779.268346
-11.347591,50,779.314235
-11.602573,50,780.108517
-10.168261,50,780.147056
-9.063832,50,780.191708
-8.69656,50,781.065099
-18.71826,50,781.101681
-21.666204,50,781.616915
-11.366683,50,781.659022
-6.921811,50,781.700272
-16.463653,50,782.577803
-8.027303,50,782.628337
-9.415561,50,782.667769
-9.452597,50,783.511941
-12.334425,50,783.583707
-8.335082,50,784.228504
-14.602289,50,784.265433
-10.909642,50,784.304132
-15.072243,50,784.88856
-16.922378,50,784.931147
-13.668485,50,785.721882
-13.352393,50,785.762632
-15.34487,50,785.802041
-12.425931,50,786.683286
-9.017071,50,786.718492
-18.221683,50,787.5166
-15.358429,50,787.558751
-17.110167,50,787.61461
-11.989589,50,788.487116
-9.861727,50,788.524498
-18.599574,50,789.350532
-14.893683,50,789.391986
-9.185862,50,789.43823
-7.77815,50,790.241981
-11.705307,50,790.276912
-10.298726,50,790.311645
-11.207193,50,790.859056
-9.374223,50,790.894215
-7.848317,50,791.694693
-14.727732,50,791.731844
-15.696027,50,791.769484
-9.884582,50,792.644001
-13.534123,50,792.682249
-12.378878,50,793.495095
-16.128002,50,793.533917
-17.10427,50,793.57302
-8.645792,50,794.4429
-13.702198,50,794.487665
-12.372269,50,795.316022
-13.79806,50,795.357136
-13.021905,50,795.396176
-13.049505,50,796.268682
-7.466489,50,796.326618
-10.338455,50,797.185908
-15.210199,50,797.23015
-9.137013,50,797.281556
-12.368109,50,798.168188
-17.655298,50,798.204479
-7.093008,50,798.240164
-9.015208,50,798.804914
-18.491018,50,798.840112
-8.421989,50,799.6496
-16.561957,50,799.690161
-8.188184,50,799.728567
-13.078227,50,800.609273
-12.639729,50,800.652184
-13.406797,50,801.479165
-15.847476,50,801.516824
-9.078209,50,801.588696
-7.751348,50,802.486034
-13.293063,50,802.524741
-10.750086,50,803.333291
-13.677359,50,803.372168
-7.710201,50,803.418803
-6.812721,50,804.037896
-10.087506,50,804.078987
-11.530625,50,804.117104
-7.845441,50,804.923039
-10.941437,50,804.988849
-12.387848,50,805.768765
-11.140237,50,805.806822
-10.572716,50,805.851748
-8.440475,50,806.624533
-9.442287,50,806.659222
-10.406154,50,807.225827
-11.338435,50,807.261754
-8.256122,50,807.29754
-14.476364,50,808.106097
-14.671144,50,808.15102
-15.586195,50,808.746098
-12.057686,50,808.78283
-8.565506,50,808.823109
-9.379311,50,809.699373
-13.760651,50,809.736127
-5.422694,50,810.522581
-7.848586,50,810.564462
-10.863305,50,810.627815
-11.630129,50,811.533104
-14.255191,50,811.572317
-8.530462,50,811.613895
-7.888382,50,812.48001
-8.852032,50,812.518685
-9.004174,50,813.355729
-10.55908,50,813.40404
-9.905163,50,813.453919
-7.710249,50,814.348735
-5.764519,50,814.392435
-10.729393,50,814.918911
-10.191018,50,814.957655
-11.727247,50,814.993666
-11.152317,50,815.867752
-6.184071,50,815.908389
-7.244265,50,816.697141
-13.220116,50,816.736016
-13.009589,50,816.771854
-15.960517,50,817.626346
-6.226489,50,817.668877
-13.888638,50,818.504576
-12.286958,50,818.549943
-9.115839,50,818.590627
-13.519059,50,819.474525
-7.608825,50,819.509803
-8.884433,50,819.549012
-8.580645,50,820.418095
-10.268431,50,820.458523
-11.041382,50,821.265482
-7.820061,50,821.30204
-6.31484,50,821.336914
-14.943969,50,822.215807
-8.945898,50,822.25796
-15.804865,50,823.087387
-8.48162,50,823.126696
-8.405358,50,823.165088
-7.07994,50,823.874956
-16.433846,50,823.909959
-9.678936,50,824.716034
-15.806827,50,824.752242
-7.469918,50,824.789464
-6.291347,50,825.663852
-6.129271,50,825.71956
-7.614097,50,825.776007
-7.362916,50,826.520136
-7.792878,50,826.557056
-8.540319,50,827.385854
-13.032861,50,827.426699
-9.086105,50,827.469406
-9.206405,50,828.363477
-6.427469,50,828.40206
-9.679915,50,829.229125
-14.622674,50,829.269268
-9.065165,50,829.325522
-7.436451,50,830.220084
-15.548835,50,830.256185
-7.600734,50,830.878098
-8.358797,50,830.921054
-14.894346,50,830.958897
-9.704577,50,831.60888
-8.321664,50,831.647431
-14.506167,50,832.148584
-8.644633,50,832.211475
-9.675681,50,832.26165
-13.622444,50,833.154355
-7.694493,50,833.189572
-8.776243,50,833.224731
-11.150711,50,834.047229
-12.10971,50,834.082189
-12.914044,50,834.576301
-7.75346,50,834.619231
-7.531807,50,834.66176
-11.418094,50,835.535211
-7.589289,50,835.576612
-12.502053,50,836.402479
-11.151449,50,836.440963
-8.067932,50,836.482031
-12.014274,50,837.360132
-7.562779,50,837.418698
-9.639091,50,838.277568
-13.34462,50,838.321365
-7.642275,50,838.361412
-7.464661,50,839.243289
-12.111787,50,839.278883
-7.411537,50,840.114705
-11.058235,50,840.155376
-9.384172,50,840.200398
-12.965803,50,841.098148
-5.467059,50,841.136403
-7.807932,50,841.191599
-8.642607,50,842.091656
-8.199139,50,842.12712
-10.079027,50,842.933021
-14.391071,50,842.993563
-8.079122,50,843.047599
-13.007517,50,843.949983
-13.926856,50,843.98529
-12.434624,50,844.514074
-15.2453,50,844.551234
-15.886134,50,844.590908
-6.844521,50,845.430974
-8.783836,50,845.466331
-8.399372,50,846.289132
-16.007163,50,846.33037
-11.864313,50,846.369356
-8.011451,50,847.250046
-11.760212,50,847.289044
-11.113715,50,847.329228
-13.525926,50,848.150692
-10.380867,50,848.190077
-12.286772,50,849.014879
-10.353303,50,849.055163
-6.673758,50,849.100483
-11.8341,50,849.984891
-14.8404,50,850.023122
-8.476868,50,850.852305
-14.913014,50,850.890753
-7.629608,50,850.957144
-7.961624,50,851.844858
-8.33454,50,851.886374
-9.628122,50,852.713503
-10.517124,50,852.761258
-7.833289,50,852.80614
-8.170768,50,853.693775
-9.04459,50,853.736324
-10.298353,50,854.56637
-5.708239,50,854.606857
-4.774349,50,854.649507
-7.656298,50,855.526445
-9.687667,50,855.562871
-7.706267,50,855.600168
-8.403409,50,856.489609
-15.78758,50,856.528387
-12.909929,50,857.382154
-10.515908,50,857.417602
-5.044117,50,857.457187
-8.087178,50,858.276637
-7.653043,50,858.312061
-7.889403,50,859.133508
-8.099106,50,859.173712
-9.657252,50,859.209942
-15.283675,50,860.110383
-11.908016,50,860.148622
-11.43224,50,860.987521
-6.505295,50,861.023468
-9.751068,50,861.058925
-13.686327,50,861.929564
-4.467913,50,861.973771
-15.621128,50,862.725541
-9.16671,50,862.768686
-10.012946,50,862.808897
-12.197916,50,863.689966
-7.264502,50,863.725158
-11.145636,50,863.760452
-14.394714,50,864.640347
-5.494738,50,864.677426
-8.388156,50,865.493359
-10.434835,50,865.52845
-8.904058,50,865.563536
-7.936026,50,866.390289
-7.628704,50,866.425396
-7.865616,50,867.245037
-7.628226,50,867.291952
-9.082512,50,867.332613
-9.495025,50,868.224697
-12.049071,50,868.260667
-12.694236,50,869.080182
-11.370801,50,869.122301
-7.325868,50,869.161337
-8.23918,50,870.050604
-7.989297,50,870.08705
-9.118509,50,870.122639
-8.36812,50,870.629792
-9.641755,50,870.666803
-8.564999,50,871.434061
-13.310608,50,871.473946
-9.723711,50,871.519594
-6.51404,50,872.399998
-10.752106,50,872.442102
-7.661878,50,873.280323
-8.002545,50,873.352724
-6.85765,50,873.424699
-15.019936,50,874.238849
-12.208892,50,874.275197
-15.520758,50,874.781151
-11.48787,50,874.819609
-8.536317,50,874.86103
-10.388641,50,875.421879
-7.341728,50,875.456268
-11.132469,50,876.281652
-8.794693,50,876.32333
-9.210543,50,876.358855
-15.805477,50,876.98333
-15.584694,50,877.022749
-14.96184,50,877.057698
-13.528664,50,877.617335
-8.710447,50,877.660841
-6.161133,50,878.483184
-7.454914,50,878.535376
-6.718293,50,878.591186
-13.81296,50,879.491451
-7.197135,50,879.527631
-13.27577,50,880.329736
-14.826385,50,880.394099
-7.27606,50,880.436462
-9.329727,50,881.328395
-6.325608,50,881.365645
-9.506963,50,881.868504
-11.069585,50,881.903756
-9.534888,50,881.939159
-6.31632,50,882.471071
-7.495294,50,882.507186
-15.00484,50,883.321684
-7.430863,50,883.369484
-18.633727,50,883.405129
-17.038003,50,883.932819
-6.964941,50,883.968183
-12.783179,50,884.007467
-13.900432,50,884.875314
-7.784225,50,884.917922
-10.671649,50,885.753918
-10.811957,50,885.793166
-10.371895,50,885.832542
-13.089726,50,886.715836
-12.767019,50,886.763257
-11.016108,50,887.572685
-10.848132,50,887.60829
-13.934316,50,887.643681
-14.993764,50,888.509661
-13.112091,50,888.570424
-8.206927,50,889.379042
-10.201983,50,889.419106
-11.491588,50,889.460426
-15.828273,50,890.358053
-9.073045,50,890.398426
-9.831654,50,890.435815
-9.410469,50,890.954712
-8.012795,50,890.99686
-9.705279,50,891.81783
-8.10782,50,891.854003
-9.973762,50,891.889347
-11.621838,50,892.757756
-12.53045,50,892.802339
-8.71278,50,893.645076
-11.416323,50,893.694211
-15.766238,50,893.743
-9.157687,50,894.644747
-11.04154,50,894.683318
-7.377442,50,895.562468
-7.589807,50,895.603821
-7.777192,50,895.64364
-10.293707,50,896.280085
-11.470805,50,896.316801
-9.33387,50,897.140053
-8.96654,50,897.205025
-9.808849,50,897.278644
-10.232219,50,898.164002
-8.514408,50,898.20303
-10.770821,50,898.238086
-7.832682,50,899.106128
-7.99576,50,899.141216
-12.774943,50,899.957187
-8.922727,50,899.999461
-11.03718,50,900.063087
-10.748231,50,900.97158
-11.043664,50,901.010964
-7.064092,50,901.874947
-9.802086,50,901.939692
-9.884265,50,901.993608
-8.027562,50,902.871468
-15.46474,50,902.907453
-9.667343,50,903.67698
-8.879002,50,903.71847
-7.897679,50,903.757418
-13.406262,50,904.664831
-8.48335,50,904.705102
-15.200472,50,905.539979
-7.571471,50,905.582709
-14.456178,50,905.622383
-7.675889,50,906.492542
-11.546414,50,906.527427
-11.010963,50,906.562046
-10.306719,50,907.218634
-13.262454,50,907.253935
-7.815873,50,907.753434
-8.611947,50,907.789824
-8.002203,50,907.825378
-8.595339,50,908.724706
-11.613767,50,908.764181
-8.680763,50,909.599131
-7.922286,50,909.643872
-13.352483,50,909.687925
-7.033079,50,910.575396
-5.872125,50,910.611172
-8.463533,50,911.341282
-9.25651,50,911.380602
-13.78469,50,911.422932
-15.260709,50,911.98945
-8.663453,50,912.032231
-10.98061,50,912.077497
-8.485348,50,912.871503
-8.924125,50,912.907288
-8.382483,50,913.652434
-14.868219,50,913.698634
-8.007787,50,913.736457
-10.705828,50,914.61478
-6.787132,50,914.651333
-14.238465,50,915.476404
-8.141654,50,915.512981
-7.752967,50,915.548295
-8.201532,50,916.422416
-12.821664,50,916.461168
-15.514473,50,916.990929
-7.128329,50,917.026376
-12.808979,50,917.063858
-9.20028,50,917.942958
-9.353998,50,917.97845
-12.900151,50,918.682284
-8.578679,50,918.721165
-7.470944,50,918.76282
-8.708873,50,919.668608
-7.830853,50,919.707549
-10.098538,50,919.74701
-7.029936,50,920.619522
-8.087855,50,920.659835
-9.738795,50,921.492626
-8.747769,50,921.527744
-9.968447,50,921.56285
-7.679839,50,922.442966
-10.740683,50,922.484278
-11.46873,50,923.313117
-8.575208,50,923.36144
-7.311879,50,923.422085
-7.965759,50,924.29461
-10.643596,50,924.349972
-8.333234,50,925.178433
-9.154553,50,925.213635
-8.433147,50,925.248483
-7.833714,50,926.126211
-8.19433,50,926.165365
-7.123218,50,926.988462
-12.40594,50,927.028063
-14.304254,50,927.067099
-7.908895,50,927.97303
-10.189392,50,928.013535
-7.341764,50,928.055722
-7.88551,50,928.936511
-6.863237,50,928.974309
-8.193483,50,929.692121
-7.692395,50,929.728905
-9.116218,50,929.76432
-14.329965,50,930.630179
-10.221099,50,930.669445
-11.420914,50,931.194147
-7.023265,50,931.235088
-8.145094,50,931.274137
-11.343198,50,932.164315
-9.61674,50,932.208414
-6.656462,50,933.022841
-10.972498,50,933.062595
-9.318909,50,933.102949
-13.109972,50,933.985086
-7.559067,50,934.030356
-9.469889,50,934.07336
-10.091859,50,934.896364
-9.014805,50,934.934267
-10.906747,50,935.753345
-8.376003,50,935.794872
-14.379434,50,935.837168
-11.258029,50,936.735345
-6.349139,50,936.780275
-7.799418,50,937.623812
-14.150379,50,937.676476
-9.931225,50,937.713461
-9.648129,50,938.588618
-8.199615,50,938.631058
-9.200361,50,939.45647
-7.530244,50,939.494211
-13.727845,50,939.536053
-8.081084,50,940.421495
-7.956706,50,940.456736
-9.170734,50,941.292845
-9.202124,50,941.330581
-11.023833,50,941.373289
-6.956017,50,941.966577
-7.279617,50,942.003557
-10.955573,50,942.039844
-7.380624,50,942.817819
-9.108064,50,942.862051
-7.33272,50,943.362959
-13.353372,50,943.399236
-9.972229,50,943.434976
-8.654859,50,944.325325
-6.976979,50,944.364205
-11.262182,50,945.152504
-11.396353,50,945.196242
-8.616059,50,945.25129
-9.804424,50,946.141164
-14.825281,50,946.177749
-8.965796,50,947.015618
-8.18602,50,947.051585
-10.098492,50,947.088251
-12.582581,50,947.800881
-15.771951,50,947.835546
-8.360857,50,948.352708
-9.194174,50,948.388556
-10.831796,50,948.429842
-10.215019,50,949.309512
-7.259759,50,949.348381
-9.798825,50,949.384234
-8.832382,50,950.195177
-5.869018,50,950.230595
-7.092284,50,951.051296
-8.226026,50,951.100799
-9.99204,50,951.141677
-7.485874,50,952.024809
-11.987192,50,952.068498
-10.161646,50,952.89204
-8.039071,50,952.928635
-9.034575,50,952.964117
-8.014519,50,953.609434
-11.623151,50,953.651657
-9.237958,50,954.482412
-7.07069,50,954.520885
-7.207719,50,954.578536
-7.372277,50,955.455539
-7.044911,50,955.492662
-8.840518,50,955.532479
-6.807305,50,956.367489
-8.345276,50,956.406007
-8.714979,50,957.185971
-6.754146,50,957.248999
-7.391428,50,957.312085
-7.370954,50,958.201316
-13.216696,50,958.241177
-8.124897,50,959.013721
-13.190053,50,959.050895
-15.205245,50,959.087217
-8.061393,50,959.956623
-8.230309,50,959.999483
-10.757454,50,960.859752
-10.722447,50,960.926427
-15.248481,50,960.98925
-8.493496,50,961.892742
-13.433436,50,961.930199
-5.996082,50,962.757149
-8.622148,50,962.795492
-8.4803,50,962.834519
-9.376012,50,963.699601
-9.244057,50,963.751083
-8.107948,50,963.790263
-10.651745,50,964.669274
-10.895176,50,964.704337
-15.208517,50,965.530865
-4.246323,50,965.566411
-6.834736,50,965.603818
-9.525352,50,966.463818
-7.439244,50,966.499128
-4.970274,50,967.158495
-6.043452,50,967.194454
-5.669737,50,967.258274
-9.295191,50,968.152216
-4.79145,50,968.193787
-8.532441,50,969.02197
-12.217371,50,969.060132
-11.479791,50,969.127898
-8.748001,50,969.678876
-3.762948,50,969.723293
-7.849603,50,970.51589
-9.210249,50,970.556132
-14.475206,50,970.595426
-7.92533,50,971.459995
-14.064304,50,971.496606
-4.540909,50,971.531754
-13.832487,50,972.063118
-7.005673,50,972.111916
-5.945198,50,972.941778
-12.783579,50,972.985789
-11.027841,50,973.022745
-11.407551,50,973.898523
-3.951,50,973.938015
-12.002545,50,974.767375
-9.135092,50,974.81982
-7.609689,50,974.858966
-3.760454,50,975.739847
-5.118738,50,975.783724
-8.9083,50,976.591815
-9.290103,50,976.628158
-7.05103,50,976.66462
-4.765295,50,977.539132
-7.243878,50,977.575898
-6.966519,50,977.610846
-7.102533,50,978.436935
-4.865504,50,978.472508
-4.986531,50,979.307317
-12.927589,50,979.358614
-5.893467,50,979.394354
-5.080333,50,980.288119
-12.71714,50,980.323329
-7.432666,50,981.147945
-15.410532,50,981.188868
-4.994979,50,981.230857
-6.3941,50,982.048166
-7.817945,50,982.083447
-5.357754,50,982.787176
-7.95266,50,982.822395
-12.034327,50,982.86597
-6.705421,50,983.739589
-5.441754,50,983.781297
-14.810027,50,984.546539
-4.091139,50,984.586066
-5.182944,50,984.626434
-4.219873,50,985.496604
-10.852295,50,985.553
-8.461873,50,985.618719
-7.09981,50,986.497557
-7.041643,50,986.532944
-13.785157,50,987.353581
-5.152425,50,987.38908
-10.70359,50,987.425066
-8.910664,50,988.303322
-7.710971,50,988.339447
-6.08873,50,989.165995
-3.380265,50,989.202559
-11.372658,50,989.247518
-8.508966,50,990.128727
-7.291989,50,990.174656
-5.853149,50,991.019155
-6.450735,50,991.058429
-8.010005,50,991.108376
-6.577117,50,991.994352
-8.941369,50,992.044328
-9.999348,50,992.842446
-5.339033,50,992.884615
-5.204197,50,992.923657
-10.281817,50,993.816989
-9.333477,50,993.85876
-5.857622,50,993.90015
-10.846462,50,994.691325
-13.235807,50,994.727774
-7.452343,50,995.517179
-3.435438,50,995.556493
-7.255955,50,995.591849
-8.444365,50,996.475142
-10.804211,50,996.515375
-2.809318,50,997.348088
-11.047285,50,997.41109
-8.884137,50,997.455056
-8.817587,50,998.335576
-10.213639,50,998.370835
-8.179795,50,998.878793
-7.721132,50,998.914472
-7.156488,50,998.950854
-7.140863,50,999.831947
-12.470009,50,999.875679
-6.31587,50,999.921221
-9.17002,50,1000.760075
-8.663734,50,1000.803144
-7.611865,50,1001.453339
-8.838747,50,1001.488427
-13.579589,50,1001.533735
-8.718914,50,1002.416235
-14.800477,50,1002.451657
-5.455284,50,1002.96123
-8.897523,50,1003.001878
-8.900037,50,1003.040315
-14.914912,50,1003.934195
-9.211628,50,1003.970322
-7.016108,50,1004.799003
-5.022187,50,1004.837175
-8.668094,50,1004.875717
-7.981439,50,1005.76516
-12.176571,50,1005.801485
-13.769164,50,1006.607715
-5.120834,50,1006.647194
-8.146122,50,1006.68908
-8.808024,50,1007.225001
-4.884762,50,1007.276787
-7.526966,50,1007.318068
-12.949626,50,1008.186434
-15.459981,50,1008.225612
-14.907827,50,1008.989332
-8.575406,50,1009.028022
-8.560459,50,1009.067997
-12.076956,50,1009.864702
-12.020231,50,1009.903502
-7.855167,50,1010.767881
-9.961027,50,1010.832335
-7.295752,50,1010.899699
-11.717641,50,1011.798838
-13.070458,50,1011.838354
-11.56539,50,1012.702751
-2.822662,50,1012.774468
-9.761768,50,1012.846442
-7.151075,50,1013.75277
-3.45052,50,1013.81161
-4.947446,50,1014.628951
-13.869369,50,1014.670227
-8.689664,50,1014.706042
-8.038595,50,1015.248981
-3.416799,50,1015.283873
-5.336479,50,1015.327065
-10.297043,50,1016.20914
-13.704143,50,1016.25288
-8.856468,50,1017.079505
-14.118368,50,1017.117198
-7.309029,50,1017.153493
-7.383654,50,1018.031673
-5.186564,50,1018.067048
-12.597684,50,1018.888706
-13.340728,50,1018.923883
-4.276933,50,1018.961847
-8.369434,50,1019.834309
-6.037067,50,1019.873418
-10.63589,50,1020.70312
-10.444345,50,1020.742447
-5.056836,50,1020.778637
-8.712301,50,1021.700642
-4.637062,50,1021.745629
-11.402705,50,1021.784779
-2.091919,50,1022.617804
-8.752852,50,1022.688599
-5.421157,50,1023.535904
-4.212775,50,1023.576166
-12.153353,50,1023.640121
-5.755126,50,1024.5275
-3.946366,50,1024.562466
-7.843326,50,1025.374641
-13.307958,50,1025.414004
-6.353247,50,1025.465226
-8.423052,50,1026.360725
-7.541622,50,1026.400431
-4.723551,50,1027.234397
-9.545294,50,1027.272835
-9.208539,50,1027.309811
-14.986589,50,1028.013547
-5.96603,50,1028.048826
-10.147797,50,1028.872231
-14.616349,50,1028.910042
-7.251075,50,1028.945174
-7.173066,50,1029.49665
-2.550871,50,1029.532686
-5.980276,50,1029.568084
-6.808457,50,1030.355689
-6.558352,50,1030.390922
-11.5578,50,1031.220744
-6.590889,50,1031.260314
-9.893373,50,1031.298768
-8.497417,50,1032.173738
-5.983922,50,1032.209222
-4.695195,50,1033.038397
-8.134908,50,1033.078276
-4.620986,50,1033.140384
-11.822572,50,1034.054948
-6.082087,50,1034.098473
-7.84977,50,1034.920294
-4.582196,50,1034.956801
-7.542395,50,1034.991739
-7.83346,50,1035.651486
-6.1177,50,1035.686481
-6.491231,50,1036.507254
-14.105739,50,1036.547537
-10.104696,50,1036.58726
-3.998054,50,1037.437526
-9.3555,50,1037.476147
-6.295345,50,1037.540902
-7.057181,50,1038.085221
-15.142606,50,1038.120972
-10.116254,50,1038.951337
-7.548684,50,1039.012713
-8.411362,50,1039.057397
-7.922221,50,1039.9422
-11.449223,50,1040.003228
-5.700565,50,1040.827236
-7.77642,50,1040.873284
-7.510149,50,1040.91481
-4.121983,50,1041.78806
-8.776297,50,1041.823438
-7.744267,50,1042.630442
-6.326197,50,1042.665668
-12.983322,50,1042.700526
-7.663506,50,1043.579038
-11.344556,50,1043.616175
-8.097718,50,1043.651628
-6.767024,50,1044.375584
-11.931124,50,1044.410513
-8.081554,50,1045.219045
-6.969158,50,1045.26266
-6.983152,50,1045.298462
-8.291149,50,1045.871269
-47.487647,50,1045.913069
-8.10448,50,1046.81015
-7.621979,50,1046.849343
-7.957903,50,1046.889833
-8.38704,50,1047.75724
-10.524137,50,1047.793983
-7.060761,50,1048.614743
-10.599256,50,1048.654619
-4.697787,50,1048.696978
-11.77367,50,1049.625888
-3.941487,50,1049.666889
-5.182683,50,1050.510834
-7.756139,50,1050.553774
-12.919755,50,1050.595848
-6.559876,50,1051.465041
-10.727788,50,1051.500288
-12.301068,50,1051.536721
-8.032488,50,1052.408119
-7.272367,50,1052.443887
-7.643854,50,1053.277817
-8.38564,50,1053.314192
-4.568674,50,1053.350737
-9.349316,50,1053.891118
-3.994638,50,1053.927279
-12.827441,50,1054.755786
-9.321809,50,1054.807584
-14.015622,50,1054.85452
-9.243008,50,1055.715886
-15.38049,50,1055.750998
-6.652146,50,1056.529546
-8.443107,50,1056.564661
-10.780248,50,1056.603166
-11.719879,50,1057.145384
-5.980194,50,1057.191849
-8.410715,50,1058.012373
-11.434904,50,1058.062811
-8.775666,50,1058.09954
-13.612041,50,1058.706459
-8.759159,50,1058.744375
-13.057942,50,1058.789001
-10.563438,50,1059.66471
-7.070617,50,1059.705016
-7.727489,50,1060.505363
-9.270715,50,1060.55697
-5.916504,50,1060.612205
-11.104791,50,1061.163981
-8.646901,50,1061.199687
-6.876346,50,1062.013847
-7.630651,50,1062.06087
-5.62923,50,1062.096506
-8.922658,50,1062.978223
-15.009767,50,1063.019093
-9.517332,50,1063.859525
-7.11774,50,1063.907595
-6.8511,50,1063.951862
-10.532238,50,1064.852702
-6.294143,50,1064.890762
-14.408234,50,1064.928863
-3.997767,50,1065.721748
-6.417835,50,1065.760526
-6.905262,50,1066.504523
-9.089176,50,1066.543036
-11.645981,50,1066.581162
-5.491419,50,1067.43021
-7.882739,50,1067.468961
-14.358492,50,1068.288775
-7.542143,50,1068.326517
-7.237349,50,1068.362936
-7.702925,50,1068.894496
-11.063402,50,1068.931767
-6.958716,50,1069.76416
-6.947998,50,1069.803373
-7.505108,50,1069.844234
-5.764883,50,1070.741151
-5.756226,50,1070.779913
-7.094602,50,1071.617317
-7.585036,50,1071.65668
-8.27323,50,1071.697047
-8.216566,50,1072.562712
-6.827106,50,1072.598425
-9.40966,50,1072.633993
-5.954139,50,1073.502261
-5.54449,50,1073.53783
-13.814769,50,1074.34643
-6.832601,50,1074.405826
-10.242138,50,1074.460439
-7.103097,50,1075.361
-7.157161,50,1075.396766
-6.468459,50,1076.158482
-10.16169,50,1076.200353
-7.668178,50,1076.239372
-6.907368,50,1077.125862
-5.988871,50,1077.172995
-7.818117,50,1078.007687
-8.409306,50,1078.072568
-13.67335,50,1078.139858
-6.391927,50,1079.038908
-12.126301,50,1079.075002
-8.942932,50,1079.571962
-12.732829,50,1079.607714
-12.855601,50,1079.644001
-10.460925,50,1080.521658
-6.280298,50,1080.560638
-7.371417,50,1080.596574
-10.022866,50,1081.476754
-7.90545,50,1081.517098
-5.304984,50,1082.372939
-4.663389,50,1082.410558
-9.175203,50,1082.446027
-10.86966,50,1083.21892
-6.425023,50,1083.265613
-6.386257,50,1083.924583
-9.388539,50,1083.960019
-7.12237,50,1083.996393
-7.438698,50,1084.871379
-5.781053,50,1084.911842
-9.028866,50,1085.711287
-8.793598,50,1085.765973
-14.462235,50,1085.820515
-14.942467,50,1086.64869
-6.972226,50,1086.683709
-7.905774,50,1086.72229
-13.86204,50,1087.580956
-12.471158,50,1087.624134
-13.831626,50,1088.331197
-5.00885,50,1088.396019
-7.23971,50,1088.466277
-13.337214,50,1089.076732
-6.671233,50,1089.116556
-9.877946,50,1089.961405
-10.207567,50,1090.016941
-7.497802,50,1090.068438
-7.927244,50,1090.942612
-6.765336,50,1090.980704
-6.757815,50,1091.792814
-9.256127,50,1091.829696
-7.089017,50,1091.865021
-10.253021,50,1092.439139
-13.736906,50,1092.47601
-6.49315,50,1093.207681
-11.188036,50,1093.247252
-10.518093,50,1093.288984
-7.672358,50,1094.167067
-6.556489,50,1094.206611
-7.662662,50,1094.247053
-5.373271,50,1094.803818
-7.014246,50,1094.839953
-7.363732,50,1095.352901
-7.18254,50,1095.393123
-10.254053,50,1095.429839
-5.537444,50,1096.306906
-10.754578,50,1096.342137
-4.917188,50,1097.172496
-10.661795,50,1097.207753
-6.444175,50,1097.242374
-5.763838,50,1098.109703
-6.806392,50,1098.149893
-7.385461,50,1099.007578
-8.144373,50,1099.047789
-12.013678,50,1099.091164
-11.767737,50,1099.838292
-7.405223,50,1099.874738
-14.417201,50,1100.393104
-10.002021,50,1100.430617
-10.762014,50,1100.469086
-6.309967,50,1101.038915
-12.425727,50,1101.076142
-10.837531,50,1101.117797
-6.500157,50,1101.685379
-14.74972,50,1101.724088
-6.210987,50,1102.574248
-7.65089,50,1102.614376
-4.334632,50,1102.677889
-12.634454,50,1103.551082
-9.203055,50,1103.591852
-7.136801,50,1104.382057
-7.234212,50,1104.422682
-10.549894,50,1104.460326
-6.760989,50,1105.351643
-6.989448,50,1105.390531
-3.650115,50,1106.216626
-2.742509,50,1106.260964
-7.696584,50,1106.300373
-8.513636,50,1107.176226
-11.43279,50,1107.21543
-11.831258,50,1107.25889
-3.499748,50,1108.088967
-7.499209,50,1108.152243
-11.774378,50,1109.013103
-15.264899,50,1109.051789
-7.023343,50,1109.092959
-4.974443,50,1109.973074
-2.526417,50,1110.00953
-6.332343,50,1110.741393
-6.584843,50,1110.779786
-2.733623,50,1110.844281
-8.581348,50,1111.706225
-5.428758,50,1111.746765
-5.138419,50,1112.283956
-6.162174,50,1112.324799
-10.814821,50,1112.364392
-13.311873,50,1113.275682
-5.541813,50,1113.31469
-7.671413,50,1114.15327
-13.544731,50,1114.192464
-10.760705,50,1114.246057
-4.183486,50,1115.195887
-13.546913,50,1115.239684
-9.175718,50,1115.281558
-10.571184,50,1116.148956
-8.300405,50,1116.190341
-6.50338,50,1117.039185
-6.706462,50,1117.102572
-11.067587,50,1117.138558
-5.699912,50,1117.969976
-15.305731,50,1118.012551
-7.26327,50,1118.8165
-7.44088,50,1118.854739
-15.069925,50,1118.889923
-8.156586,50,1119.76958
-4.102951,50,1119.817635
-9.799696,50,1120.650867
-8.48453,50,1120.689301
-15.337832,50,1120.729455
-10.470518,50,1121.628637
-2.89815,50,1121.672042
-7.557782,50,1122.506856
-10.006923,50,1122.553253
-11.339939,50,1122.609786
-7.62544,50,1123.514452
-7.819852,50,1123.55302
-4.65581,50,1123.590875
-7.923258,50,1124.485927
-13.58835,50,1124.52322
-12.71021,50,1125.373769
-8.930105,50,1125.413328
-7.717193,50,1125.457705
-6.924178,50,1126.28745
-7.516962,50,1126.325756
-10.005249,50,1127.098992
-8.07015,50,1127.135681
-7.605266,50,1127.175347
-7.791545,50,1127.849195
-14.546423,50,1127.894322
-7.472634,50,1128.752034
-8.99581,50,1128.816529
-14.398652,50,1128.887748
-8.416976,50,1129.788966
-9.630616,50,1129.828306
-8.018415,50,1129.887784
-6.633222,50,1130.733534
-12.921271,50,1130.777098
-7.182799,50,1131.630773
-7.099509,50,1131.695606
-7.925795,50,1131.75505
-12.086422,50,1132.661502
-3.551253,50,1132.701456
-14.314401,50,1133.455985
-12.400932,50,1133.494946
-14.477165,50,1133.537445
-2.413533,50,1134.409293
-7.520172,50,1134.453405
-9.279738,50,1135.313317
-12.11046,50,1135.352508
-12.265286,50,1135.394354
-11.177113,50,1136.277871
-9.971826,50,1136.319128
-8.370305,50,1137.164625
-9.864366,50,1137.205645
-8.27745,50,1137.250315
-7.602651,50,1138.14276
-7.742322,50,1138.18167
-3.478071,50,1138.218318
-6.379688,50,1138.757424
-9.714017,50,1138.792446
-2.935087,50,1139.61526
-8.60033,50,1139.653108
-8.230363,50,1139.688985
-10.229894,50,1140.34208
-14.109263,50,1140.380821
-4.209571,50,1141.200898
-13.718343,50,1141.239285
-8.292843,50,1141.281069
-13.088781,50,1142.172532
-9.320663,50,1142.215475
-5.842016,50,1142.872344
-14.119168,50,1142.916238
-11.455041,50,1142.958359
-7.500613,50,1143.84504
-10.457737,50,1143.883415
-7.546166,50,1144.402758
-6.837797,50,1144.445317
-12.931408,50,1144.485864
-2.95274,50,1145.035799
-11.384113,50,1145.077558
-7.340239,50,1145.117184
-7.323709,50,1145.98666
-11.688797,50,1146.023207
-12.305636,50,1146.841005
-2.127353,50,1146.880702
-13.288905,50,1146.916552
-10.651725,50,1147.682755
-8.213438,50,1147.723854
-7.367786,50,1148.541318
-7.811892,50,1148.578444
-6.316123,50,1148.615822
-7.500413,50,1149.279039
-7.257371,50,1149.313517
-13.396652,50,1150.146105
-3.920613,50,1150.214298
-7.009486,50,1150.284937
-11.652693,50,1151.16336
-11.488084,50,1151.207195
-4.126916,50,1151.251872
-7.400824,50,1152.061532
-12.867766,50,1152.098655
-8.275315,50,1152.617034
-7.782941,50,1152.653695
-7.25218,50,1152.69042
-7.552033,50,1153.543995
-9.345533,50,1153.578856
-5.162307,50,1154.07961
-9.73504,50,1154.11473
-13.407991,50,1154.153585
-14.199673,50,1154.712498
-3.098584,50,1154.753436
-4.939226,50,1155.565694
-8.305321,50,1155.606525
-9.923832,50,1155.643686
-6.838131,50,1156.537947
-4.776156,50,1156.577205
-10.239309,50,1157.342082
-9.963714,50,1157.379597
-7.343078,50,1157.417499
-13.297537,50,1158.113502
-7.909419,50,1158.15114
-1.533598,50,1158.189384
-14.558484,50,1158.891073
-2.412469,50,1158.954673
-8.202684,50,1159.776367
-7.804491,50,1159.832566
-6.149611,50,1159.894422
-8.48751,50,1160.789412
-7.644467,50,1160.829822
-4.437376,50,1161.647075
-11.044094,50,1161.684206
-8.689901,50,1161.720971
-8.130867,50,1162.600943
-9.444124,50,1162.647021
-8.324593,50,1163.4383
-6.144806,50,1163.478707
-10.276217,50,1163.519476
-8.785508,50,1164.391632
-10.880263,50,1164.42905
-14.515621,50,1165.23744
-4.2671,50,1165.274215
-4.134179,50,1165.309714
-4.704813,50,1166.194783
-7.077852,50,1166.235824
-8.481251,50,1166.276501
-9.855752,50,1167.162626
-3.239954,50,1167.200709
-9.666296,50,1167.765582
-9.850192,50,1167.801438
-1.679959,50,1167.83904
-11.375808,50,1168.377604
-5.172954,50,1168.41578
-12.792262,50,1169.238287
-9.541931,50,1169.302677
-12.90244,50,1169.344035
-14.530582,50,1170.186716
-1.834908,50,1170.221717
-11.491231,50,1171.043092
-12.443493,50,1171.080578
-12.364907,50,1171.117476
-11.285168,50,1171.788192
-9.088056,50,1171.829165
-7.453818,50,1171.868794
-4.650857,50,1172.715178
-11.2993,50,1172.76015
-5.852245,50,1173.601438
-7.786487,50,1173.651312
-8.99721,50,1173.720394
-7.559093,50,1174.429742
-1.714227,50,1174.46668
-5.223726,50,1175.293956
-6.630786,50,1175.333459
-14.33546,50,1175.370043
-7.226281,50,1176.255822
-8.3414,50,1176.294303
-5.062863,50,1177.099405
-11.418874,50,1177.140733
-4.649599,50,1177.179911
-11.475951,50,1178.019249
-13.5594,50,1178.063121
-1.37737,50,1178.890396
-11.374083,50,1178.930144
-6.878729,50,1178.970075
-10.709173,50,1179.858561
-13.065218,50,1179.898927
-14.637767,50,1179.947413
-6.466189,50,1180.814792
-10.777848,50,1180.859724
-7.488627,50,1181.69174
-6.161096,50,1181.764451
-2.932945,50,1181.835548
-7.734502,50,1182.726793
-7.184057,50,1182.762424
-9.683496,50,1183.571248
-8.143944,50,1183.642796
-14.295702,50,1183.710231
-8.208748,50,1184.409583
-9.391703,50,1184.448895
-9.361758,50,1185.271782
-6.673355,50,1185.312747
-7.45164,50,1185.347844
-7.19604,50,1185.88691
-7.655275,50,1185.922836
-2.564817,50,1186.747614
-6.709247,50,1186.787945
-6.837439,50,1186.83442
-13.026279,50,1187.684076
-7.301278,50,1187.722287
-6.90123,50,1187.760499
-4.645133,50,1188.631048
-5.195667,50,1188.666225
-11.864993,50,1189.497498
-14.364088,50,1189.55336
-13.692259,50,1189.615282
-9.676006,50,1190.497014
-10.085012,50,1190.533581
-6.27272,50,1191.335423
-5.895041,50,1191.372449
-6.396763,50,1191.409218
-6.23135,50,1191.969626
-6.590243,50,1192.022166
-10.077813,50,1192.824172
-6.434226,50,1192.888964
-8.00111,50,1192.955345
-10.165404,50,1193.858676
-7.84916,50,1193.895027
-8.849371,50,1193.931764
-14.632764,50,1194.451336
-6.558908,50,1194.490731
-6.518346,50,1195.273585
-14.334546,50,1195.313838
-10.36336,50,1195.367502
-6.343162,50,1196.267603
-4.268413,50,1196.310843
-12.79219,50,1197.056001
-7.876538,50,1197.09467
-7.786773,50,1197.13467
-3.529332,50,1197.999018
-6.483268,50,1198.041332
-6.023858,50,1198.866116
-4.230523,50,1198.905314
-4.933941,50,1198.948396
-6.796068,50,1199.823305
-5.181908,50,1199.864369
-5.807252,50,1200.704323
-6.265721,50,1200.741878
-7.527622,50,1200.780726
-8.123037,50,1201.531574
-6.280395,50,1201.569161
-7.841563,50,1201.605107
-3.96987,50,1202.382154
-6.968867,50,1202.420641
-7.608265,50,1203.249494
-10.285672,50,1203.291147
-8.315952,50,1203.352027
-5.62562,50,1203.950963
-4.66545,50,1203.987236
-11.454235,50,1204.817031
-4.813484,50,1204.868541
-9.913652,50,1204.905269
-12.444024,50,1205.782515
-13.304172,50,1205.82187
-7.49716,50,1206.650873
-5.578339,50,1206.689244
-12.416534,50,1206.727844
-7.120225,50,1207.606315
-6.623961,50,1207.64412
-7.104575,50,1208.146244
-6.728657,50,1208.181788
-13.49872,50,1208.216613
-10.113716,50,1209.073274
-7.350103,50,1209.131789
-5.951639,50,1209.196949
-8.461655,50,1210.089504
-5.805042,50,1210.124477
-14.022379,50,1210.944142
-7.403124,50,1210.98312
-5.822795,50,1211.022852
-6.354506,50,1211.90431
-7.150057,50,1211.938968
-6.0288,50,1212.756617
-13.264883,50,1212.793029
-5.893625,50,1212.832536
-6.809358,50,1213.719246
-13.430071,50,1213.758253
-2.152601,50,1214.59447
-10.956895,50,1214.632652
-7.009706,50,1214.670869
-11.683106,50,1215.524859
-7.498113,50,1215.564824
-7.583071,50,1215.616142
-6.592113,50,1216.424706
-3.238849,50,1216.461903
-8.831327,50,1216.978473
-7.983286,50,1217.014596
-13.840101,50,1217.050414
-5.765607,50,1217.876495
-7.649174,50,1217.922939
-6.599338,50,1218.765767
-6.870823,50,1218.80518
-6.686722,50,1218.845289
-9.328157,50,1219.727454
-7.537582,50,1219.762785
-6.358984,50,1220.297603
-12.539482,50,1220.370899
-8.258103,50,1220.4397
-7.124424,50,1221.336691
-9.343958,50,1221.375129
-7.211637,50,1222.203417
-3.360027,50,1222.256019
-8.783906,50,1222.308154
-11.999313,50,1223.204789
-5.672742,50,1223.241254
-6.210324,50,1223.277466
-13.002364,50,1224.154859
-10.35897,50,1224.194214
-5.813529,50,1225.014348
-8.848414,50,1225.061532
-13.543774,50,1225.110237
-8.837868,50,1225.784584
-6.851221,50,1225.828464
-9.194087,50,1226.609225
-4.019208,50,1226.647618
-6.808242,50,1226.685177
-11.623331,50,1227.594071
-7.291089,50,1227.640307
-10.591767,50,1228.476438
-7.155917,50,1228.518639
-10.201969,50,1228.55931
-11.635599,50,1229.451084
-7.414659,50,1229.490047
-8.003093,50,1230.316358
-8.221061,50,1230.366412
-5.494578,50,1230.40225
-7.881375,50,1231.264979
-14.499627,50,1231.304768
-9.457513,50,1231.347732
-8.972855,50,1232.230863
-7.46538,50,1232.269869
-5.492395,50,1233.098674
-4.81925,50,1233.162589
-9.620171,50,1233.204275
-15.038121,50,1234.09088
-7.797861,50,1234.134233
-8.848254,50,1234.980821
-8.346206,50,1235.016413
-8.401204,50,1235.051577
-14.649729,50,1235.953316
-9.965275,50,1235.998398
-7.690324,50,1236.806646
-12.115897,50,1236.844444
-8.190695,50,1236.879939
-7.183927,50,1237.590323
-13.752734,50,1237.628578
-13.080188,50,1237.694071
-10.102403,50,1238.527257
-6.981318,50,1238.574932
-7.959034,50,1239.371336
-7.926378,50,1239.411472
-9.378034,50,1239.448357
-15.500855,50,1240.329718
-13.074757,50,1240.364645
-3.657959,50,1241.185866
-8.561407,50,1241.226789
-11.220036,50,1241.269749
-9.786022,50,1241.983577
-5.181209,50,1242.021184
-4.341895,50,1242.811628
-6.962013,50,1242.859919
-8.203617,50,1242.901661
-7.488101,50,1243.786628
-13.42086,50,1243.822712
-8.748553,50,1244.336792
-7.556053,50,1244.384623
-10.789822,50,1244.428152
-7.119221,50,1245.276761
-3.756121,50,1245.312767
-5.011339,50,1245.3479
-8.075842,50,1246.250827
-12.881725,50,1246.293167
-5.740498,50,1247.148145
-3.452295,50,1247.211075
-8.755828,50,1247.282043
-6.228566,50,1248.141799
-5.21003,50,1248.181501
-8.351365,50,1249.028246
-13.0756,50,1249.077386
-5.210046,50,1249.119649
-8.359869,50,1250.017267
-4.368723,50,1250.05794
-12.762193,50,1250.896405
-8.920767,50,1250.947904
-8.588217,50,1250.987053
-7.837214,50,1251.859948
-11.773549,50,1251.896155
-8.395422,50,1252.540194
-8.367698,50,1252.580579
-6.198701,50,1252.622976
-9.493416,50,1253.503725
-1.970135,50,1253.54234
-8.485849,50,1253.5809
-5.74113,50,1254.474988
-7.259362,50,1254.513338
-14.630205,50,1255.358068
-12.941008,50,1255.397707
-7.521082,50,1255.459848
-11.915786,50,1256.356159
-12.990773,50,1256.391881
-10.308976,50,1256.903638
-12.534929,50,1256.942993
-10.317266,50,1256.981394
-15.201066,50,1257.874139
-17.300269,50,1257.913894
-4.669905,50,1258.737086
-11.216233,50,1258.790891
-10.798595,50,1258.854009
-13.429633,50,1259.751912
-11.969815,50,1259.792078
-12.911123,50,1259.834247
-11.433776,50,1260.677118
-7.724912,50,1260.728234
-5.529269,50,1261.579971
-10.594182,50,1261.618079
-4.865427,50,1261.658342
-5.976978,50,1262.548792
-14.339848,50,1262.584021
-5.199844,50,1263.407443
-8.044506,50,1263.451519
-5.925496,50,1263.487985
-12.283998,50,1264.357878
-5.414392,50,1264.399692
-10.888141,50,1265.242415
-5.409791,50,1265.281244
-8.824833,50,1265.349261
-11.34861,50,1266.223565
-10.891156,50,1266.268814
-10.49844,50,1267.105651
-10.56432,50,1267.142091
-9.789576,50,1267.178727
-6.389645,50,1267.961349
-12.423739,50,1267.996484
-8.042973,50,1268.032055
-6.473622,50,1268.918635
-11.790547,50,1268.977858
-6.24597,50,1269.789253
-7.264328,50,1269.828127
-9.524297,50,1269.880871
-8.493668,50,1270.778527
-6.881565,50,1270.817343
-7.888609,50,1271.650348
-10.798192,50,1271.69879
-14.312605,50,1271.739185
-9.454006,50,1272.621289
-3.657966,50,1272.656276
-5.041047,50,1273.484399
-10.030889,50,1273.524551
-8.900409,50,1273.567197
-9.596662,50,1274.406294
-6.371843,50,1274.442855
-10.245436,50,1275.23898
-6.885682,50,1275.276654
-10.396158,50,1275.319718
-5.423857,50,1276.202066
-2.387179,50,1276.240729
-11.812515,50,1276.279373
-12.32146,50,1277.16687
-6.859086,50,1277.202245
-9.248359,50,1278.025027
-5.437822,50,1278.06503
-10.479449,50,1278.10656
-14.442829,50,1278.997602
-11.629488,50,1279.041331
-6.41817,50,1279.884203
-9.662796,50,1279.943098
-14.959034,50,1280.005871
-12.311808,50,1280.896455
-8.986552,50,1280.935812
-9.902885,50,1281.767059
-8.788468,50,1281.809178
-6.494429,50,1281.850571
-7.380324,50,1282.724327
-7.565083,50,1282.764298
-5.48581,50,1282.801999
-6.865786,50,1283.636669
-7.329696,50,1283.686296
-6.564085,50,1284.545977
-9.195608,50,1284.587348
-11.353929,50,1284.648292
-12.889725,50,1285.594275
-3.174369,50,1285.634645
-4.72339,50,1286.467415
-8.641072,50,1286.506691
-9.636097,50,1286.546054
-4.66427,50,1287.105806
-5.103154,50,1287.141173
-5.082181,50,1287.966617
-9.107714,50,1288.035134
-6.404389,50,1288.105701
-10.671283,50,1288.989124
-9.191093,50,1289.024608
-8.772071,50,1289.531754
-4.889187,50,1289.572925
-6.692215,50,1289.611216
-9.018526,50,1290.453529
-6.221307,50,1290.494028
-3.756668,50,1290.541636
-6.08323,50,1291.428852
-6.448644,50,1291.467905
-3.988505,50,1292.302805
-9.152997,50,1292.348753
-13.344493,50,1292.387448
-9.427811,50,1293.282708
-5.550434,50,1293.328343
-6.494427,50,1294.16438
-11.00832,50,1294.200401
-8.502039,50,1294.241006
-10.660179,50,1295.121862
-13.599791,50,1295.159959
-6.639885,50,1295.979689
-8.783355,50,1296.019858
-8.818185,50,1296.055496
-4.356361,50,1296.911678
-5.02028,50,1296.956738
-12.274829,50,1297.543614
-8.869845,50,1297.579837
-3.88646,50,1297.621806
-5.787388,50,1298.385022
-8.003128,50,1298.419548
-10.560445,50,1298.453939
-9.81569,50,1299.274183
-8.51608,50,1299.318081
-8.394345,50,1300.096308
-4.663739,50,1300.13507
-9.208177,50,1300.171229
-9.099452,50,1301.054777
-12.065079,50,1301.093548
-9.180217,50,1301.946353
-11.944874,50,1301.985615
-8.293555,50,1302.024056
-8.033844,50,1302.906331
-8.958264,50,1302.943781
-8.95075,50,1303.770272
-4.812033,50,1303.809517
-7.626071,50,1303.847842
-9.782219,50,1304.723889
-12.386411,50,1304.784474
-6.863831,50,1304.826884
-7.178403,50,1305.659322
-6.772179,50,1305.69739
-10.958593,50,1306.521077
-7.337399,50,1306.562255
-9.880694,50,1306.601498
-12.432169,50,1307.473899
-5.286209,50,1307.510195
-12.812924,50,1308.333171
-9.55757,50,1308.372413
-9.227612,50,1308.423885
-5.776056,50,1309.31482
-4.634174,50,1309.350544
-11.761129,50,1310.171691
-10.642599,50,1310.229826
-9.417561,50,1310.270001
-7.23643,50,1311.147262
-9.171609,50,1311.183931
-7.734505,50,1312.012266
-8.532768,50,1312.056833
-5.887908,50,1312.095934
-8.606963,50,1312.970349
-5.930273,50,1313.028686
-8.244203,50,1313.085752
-12.834077,50,1313.978024
-5.413473,50,1314.023747
-8.793841,50,1314.873372
-9.650483,50,1314.925127
-9.917179,50,1314.996061
-10.173446,50,1315.898422
-9.890649,50,1315.938751
-10.425392,50,1316.752699
-10.295976,50,1316.789276
-9.035409,50,1316.824595
-4.383443,50,1317.684215
-11.518126,50,1317.719476
-14.078176,50,1318.491476
-9.530204,50,1318.530577
-5.604265,50,1318.569394
-7.015855,50,1319.451847
-10.089628,50,1319.498788
-13.87758,50,1320.175317
-4.991245,50,1320.218738
-9.85948,50,1320.257587
-7.94621,50,1321.131264
-7.636449,50,1321.167739
-11.575283,50,1321.204057
-3.069605,50,1322.096097
-6.55151,50,1322.141133
-9.227187,50,1322.986804
-7.679894,50,1323.028773
-8.413759,50,1323.091442
-4.902007,50,1323.998326
-5.101295,50,1324.035629
-9.992466,50,1324.851482
-4.162093,50,1324.899949
-8.077607,50,1324.971168
-8.522795,50,1325.863713
-10.719825,50,1325.899674
-4.438183,50,1326.716925
-13.222629,50,1326.752353
-11.077927,50,1326.787783
-5.353002,50,1327.667785
-13.939981,50,1327.703685
-7.907009,50,1327.740556
-2.157595,50,1328.252246
-11.231478,50,1328.311342
-6.43739,50,1329.085142
-11.845765,50,1329.123593
-5.689035,50,1329.161912
-7.52635,50,1330.040488
-10.44921,50,1330.080771
-11.930197,50,1330.880738
-6.777001,50,1330.918105
-9.498705,50,1330.958256
-6.3843,50,1331.630899
-3.921671,50,1331.666638
-4.898764,50,1332.499634
-9.515135,50,1332.552858
-12.159014,50,1332.620268
-3.750023,50,1333.49993
-9.491647,50,1333.550355
-8.773026,50,1334.356767
-6.404009,50,1334.397698
-3.637902,50,1334.439539
-4.777182,50,1335.32202
-4.779074,50,1335.357324
-9.302311,50,1335.392307
-6.506713,50,1336.182894
-5.054581,50,1336.221684
-7.975134,50,1337.071243
-3.907936,50,1337.107609
-3.536257,50,1337.144165
-8.244503,50,1337.900108
-14.389991,50,1337.939937
-6.946872,50,1338.776781
-5.089037,50,1338.817999
-16.608458,50,1338.854148
-6.528921,50,1339.633145
-4.489198,50,1339.66939
-10.218503,50,1340.495945
-11.31665,50,1340.53289
-11.829617,50,1340.5693
-12.206295,50,1341.466279
-11.101102,50,1341.502188
-4.070983,50,1342.29061
-8.013144,50,1342.325894
-11.362069,50,1342.366449
-11.78155,50,1343.251447
-11.121336,50,1343.290053
-4.634286,50,1343.342273
-9.958928,50,1344.217958
-11.667022,50,1344.260335
-9.444713,50,1345.074636
-7.304464,50,1345.112004
-8.223589,50,1345.147274
-3.927527,50,1346.021661
-5.958386,50,1346.060175
-5.621926,50,1346.887679
-10.783687,50,1346.926483
-11.001167,50,1346.966571
-4.606274,50,1347.870007
-11.443973,50,1347.908439
-10.174104,50,1348.729745
-4.925867,50,1348.766093
-6.645254,50,1348.80055
-4.754901,50,1349.676784
-5.334168,50,1349.71416
-4.942782,50,1349.749413
-5.149062,50,1350.574354
-11.079394,50,1350.611237
-15.979716,50,1351.429356
-6.224008,50,1351.465826
-6.297074,50,1351.50239
-11.789766,50,1352.366823
-13.60864,50,1352.404404
-8.175244,50,1353.166676
-7.662467,50,1353.205787
-7.189094,50,1353.25688
-13.92517,50,1354.139727
-9.571927,50,1354.176054
-12.547192,50,1354.95549
-13.599439,50,1354.994079
-11.947993,50,1355.041286
-11.321451,50,1355.690513
-4.479436,50,1355.726746
-6.805238,50,1356.548594
-5.576415,50,1356.583715
-5.395598,50,1356.618148
-5.156149,50,1357.481347
-9.744489,50,1357.518025
-9.826434,50,1357.556799
-12.05119,50,1358.440085
-11.045859,50,1358.479782
-12.492789,50,1359.305202
-6.023179,50,1359.370075
-7.948193,50,1359.4205
-9.490034,50,1360.315289
-4.266869,50,1360.354116
-11.204221,50,1361.184783
-8.907751,50,1361.230756
-11.39852,50,1361.297757
-13.143574,50,1362.186438
-10.218567,50,1362.222622
-8.203248,50,1363.047167
-6.419604,50,1363.083256
-7.56707,50,1363.118035
-7.424795,50,1363.921008
-9.269128,50,1363.964694
-7.552798,50,1364.777601
-13.02709,50,1364.822436
-7.826819,50,1364.874237
-10.273586,50,1365.76821
-10.016682,50,1365.805253
-8.12022,50,1365.840279
-5.053801,50,1366.728502
-5.474309,50,1366.764304
-3.529704,50,1367.326991
-8.842695,50,1367.36234
-12.770372,50,1367.397629
-10.160318,50,1368.245623
-8.675085,50,1368.283329
-9.592239,50,1369.106798
-10.664212,50,1369.142167
-12.573405,50,1369.176891
-12.759413,50,1369.718998
-5.432495,50,1369.753794
-11.284274,50,1370.5705
-9.310526,50,1370.609795
-11.364493,50,1370.659892
-4.265293,50,1371.549058
-9.905838,50,1371.589481
-10.668629,50,1371.628245
-14.12726,50,1372.453707
-5.298395,50,1372.49304
-11.550169,50,1373.278512
-9.463906,50,1373.317252
-9.641747,50,1373.361617
-7.627945,50,1374.252197
-11.03292,50,1374.290668
-6.916193,50,1375.058434
-8.272966,50,1375.093175
-6.657716,50,1375.129265
-6.067933,50,1375.757085
-9.372582,50,1375.792182
-10.84963,50,1376.605452
-5.48574,50,1376.64763
-12.265269,50,1376.716587
-6.879925,50,1377.590872
-10.070508,50,1377.63035
-11.162589,50,1378.466436
-9.88722,50,1378.509218
-6.625919,50,1378.546614
-11.162548,50,1379.417834
-7.795208,50,1379.456794
-11.186624,50,1379.495695
-7.246198,50,1380.129401
-7.248532,50,1380.164839
-10.177071,50,1380.670975
-7.456369,50,1380.705376
-5.614952,50,1380.739692
-8.484956,50,1381.62183
-6.629448,50,1381.666042
-11.395955,50,1382.503548
-9.848719,50,1382.542827
-8.868593,50,1382.582966
-10.789162,50,1383.462315
-9.104754,50,1383.500788
-9.236198,50,1384.285738
-11.018749,50,1384.325987
-6.344917,50,1384.36529
-6.644477,50,1385.247496
-5.061032,50,1385.282858
-4.409996,50,1385.780261
-7.05075,50,1385.822529
-8.265652,50,1385.862109
-6.147983,50,1386.400541
-13.553848,50,1386.43535
-10.971213,50,1386.478591
-10.576252,50,1387.357066
-7.310169,50,1387.393188
-5.753419,50,1388.218992
-6.377703,50,1388.261659
-5.763244,50,1388.304442
-6.202479,50,1389.190482
-9.073548,50,1389.229323
-8.779068,50,1390.061204
-6.734422,50,1390.112397
-5.427796,50,1390.148056
-8.059451,50,1390.684546
-13.166415,50,1390.722049
-6.160542,50,1391.521893
-10.945202,50,1391.557128
-12.003127,50,1391.59331
-8.872598,50,1392.479947
-4.938999,50,1392.518631
-4.634986,50,1392.554864
-12.968943,50,1393.27169
-11.931425,50,1393.307472
-5.628464,50,1393.964275
-6.339969,50,1394.002821
-13.538873,50,1394.043969
-10.788254,50,1394.931672
-14.796463,50,1394.968316
-11.694171,50,1395.571021
-7.671812,50,1395.610858
-10.990822,50,1395.650638
-5.042433,50,1396.546881
-13.718878,50,1396.586431
-5.718823,50,1397.421727
-9.976092,50,1397.47741
-5.206469,50,1397.523429
-9.332468,50,1398.41612
-11.79853,50,1398.455335
-17.082537,50,1399.314387
-10.012276,50,1399.356621
-8.85788,50,1399.396211
-10.86241,50,1400.200832
-5.287031,50,1400.240326
-10.484324,50,1400.281915
-3.452141,50,1401.151362
-10.320259,50,1401.189753
-4.99557,50,1402.033945
-2.718582,50,1402.075059
-9.07683,50,1402.131712
-7.543933,50,1402.728312
-3.963416,50,1402.775218
-10.348747,50,1403.288725
-9.402545,50,1403.32451
-6.552464,50,1403.362352
-7.641876,50,1404.243725
-8.165471,50,1404.279247
-9.428005,50,1404.787692
-8.412363,50,1404.826169
-6.000914,50,1404.861278
-11.236286,50,1405.709606
-6.093151,50,1405.744918
-15.787852,50,1406.56477
-9.467347,50,1406.617007
-11.906219,50,1406.659898
-5.752778,50,1407.538454
-6.994877,50,1407.579475
-5.523426,50,1407.61486
-11.363023,50,1408.168657
-10.969826,50,1408.207543
-6.891098,50,1409.031157
-9.290539,50,1409.067437
-6.095346,50,1409.102849
-9.343481,50,1409.822025
-12.474301,50,1409.861758
-4.147588,50,1410.556031
-9.838613,50,1410.59171
-10.893935,50,1410.626791
-4.94228,50,1411.50821
-10.194206,50,1411.55024
-4.335056,50,1412.393656
-10.438551,50,1412.435187
-9.674431,50,1412.484452
-9.561409,50,1413.391893
-8.645183,50,1413.427781
-10.472937,50,1413.466597
-6.540063,50,1414.293051
-4.155848,50,1414.329452
-5.944331,50,1414.838085
-13.772298,50,1414.877139
-6.929687,50,1414.919238
-8.896117,50,1415.813098
-11.76202,50,1415.851568
-9.747621,50,1416.710274
-6.694952,50,1416.749981
-7.827854,50,1416.816037
-5.792255,50,1417.717612
-4.271995,50,1417.755183
-4.596203,50,1418.561598
-10.868822,50,1418.602217
-4.880187,50,1418.643552
-9.625407,50,1419.520203
-8.038633,50,1419.557055
-5.857709,50,1420.407357
-7.616848,50,1420.449009
-6.005165,50,1420.488858
-8.34379,50,1421.377838
-3.606362,50,1421.435727
-6.920472,50,1421.477741
-11.438357,50,1422.32171
-11.943871,50,1422.364671
-9.532765,50,1423.191643
-15.269465,50,1423.230182
-9.638661,50,1423.272046
-8.963229,50,1424.153844
-9.328398,50,1424.190879
-10.46768,50,1424.705013
-7.972948,50,1424.744032
-5.358855,50,1424.784564
-5.887585,50,1425.329627
-7.980197,50,1425.370503
-2.978708,50,1426.184708
-4.563521,50,1426.220243
-8.769739,50,1426.255546
-8.632352,50,1427.140169
-6.474004,50,1427.18063
-9.37304,50,1427.76573
-8.058318,50,1427.806575
-6.256371,50,1427.842446
-3.31066,50,1428.715286
-4.660363,50,1428.754044
-9.756076,50,1428.79319
-5.662576,50,1429.668198
-5.510639,50,1429.70476
-4.899735,50,1430.521959
-7.357567,50,1430.558595
-17.479431,50,1430.597799
-8.812738,50,1431.482962
-12.168991,50,1431.522039
-4.032906,50,1432.351408
-13.364815,50,1432.398283
-6.671172,50,1432.447787
-12.11502,50,1433.341323
-7.046028,50,1433.403539
-7.781575,50,1434.281697
-6.916083,50,1434.317276
-11.789275,50,1434.351987
-13.461368,50,1435.142023
-7.311097,50,1435.17777
-10.390205,50,1435.212969
-9.288383,50,1436.036353
-8.020666,50,1436.073316
-9.226503,50,1436.876129
-3.137561,50,1436.929137
-10.344545,50,1436.982207
-6.350052,50,1437.866047
-6.519622,50,1437.902781
-10.553681,50,1438.739451
-8.478819,50,1438.776937
-9.629078,50,1438.812885
-10.707101,50,1439.365071
-9.449002,50,1439.404493
-7.917149,50,1440.25714
-7.818326,50,1440.296313
-7.475216,50,1440.332424
-7.127553,50,1441.195655
-6.617589,50,1441.235738
-4.402781,50,1442.072963
-6.657244,50,1442.115285
-7.410999,50,1442.159192
-8.541912,50,1443.038119
-10.606416,50,1443.079686
-6.860018,50,1443.120609
-7.806514,50,1443.986778
-2.711499,50,1444.023625
-8.329736,50,1444.860708
-5.678352,50,1444.913837
-7.422143,50,1444.968955
-5.254342,50,1445.762617
-13.68702,50,1445.797881
-7.406739,50,1446.622332
-10.205759,50,1446.660687
-6.320665,50,1446.716556
-8.9276,50,1447.601352
-7.668256,50,1447.640932
-6.33207,50,1448.452731
-7.885059,50,1448.487902
-11.587843,50,1448.531639
-9.390715,50,1449.389256
-7.740155,50,1449.439303
-3.686163,50,1450.271816
-15.668447,50,1450.30812
-13.064848,50,1450.34705
-7.191569,50,1451.213569
-7.624242,50,1451.26453
-9.898764,50,1451.316636
-5.78983,50,1452.194079
-6.777042,50,1452.233086
-5.682147,50,1453.062082
-10.735682,50,1453.108018
-4.789744,50,1453.147542
-7.457361,50,1454.049832
-5.743323,50,1454.088259
-7.537684,50,1454.932482
-5.079265,50,1454.97327
-16.15499,50,1455.017431
-9.002355,50,1455.900288
-9.542219,50,1455.942317
-10.853902,50,1456.7654
-7.487055,50,1456.805617
-8.332698,50,1456.845006
-11.35487,50,1457.743784
-12.611486,50,1457.780818
-5.660754,50,1457.8179
-6.675207,50,1458.637721
-4.057814,50,1458.672167
-7.774336,50,1459.457571
-6.471606,50,1459.496521
-7.520656,50,1459.542204
-3.757492,50,1460.261967
-4.968032,50,1460.297905
-11.626602,50,1461.13548
-5.512908,50,1461.184178
-8.242053,50,1461.226538
-6.501273,50,1462.111006
-7.875495,50,1462.14617
-12.517549,50,1462.974018
-5.691193,50,1463.012378
-7.478812,50,1463.05045
-10.626534,50,1463.947145
-5.663636,50,1463.989155
-3.113213,50,1464.827738
-5.483194,50,1464.874488
-8.839469,50,1464.933093
-9.363852,50,1465.555827
-6.807387,50,1465.595693
-5.651484,50,1465.630663
-10.48401,50,1466.505316
-3.388221,50,1466.545598
-9.395876,50,1467.374851
-9.171469,50,1467.414924
-11.558237,50,1467.455209
-4.025889,50,1468.34224
-12.101525,50,1468.38808
-8.369654,50,1469.217534
-9.267979,50,1469.256202
-8.554514,50,1469.3072
-6.837392,50,1470.209563
-8.246006,50,1470.271379
-3.784205,50,1471.124152
-4.348876,50,1471.160379
-2.90411,50,1471.197326
-8.123913,50,1472.06568
-7.661963,50,1472.103374
-8.039959,50,1472.921979
-10.150071,50,1472.961493
-7.134241,50,1472.999805
-3.894086,50,1473.833827
-8.01085,50,1473.870481
-8.027164,50,1473.907679
-7.300098,50,1474.580294
-6.975273,50,1474.616681
-6.357007,50,1475.132028
-4.351659,50,1475.169765
-5.151846,50,1475.206754
-7.317153,50,1476.08481
-8.822513,50,1476.121194
-9.094767,50,1476.788864
-3.163272,50,1476.826189
-10.073723,50,1476.861722
-8.800362,50,1477.715714
-10.543742,50,1477.751484
-5.627299,50,1478.298138
-10.822006,50,1478.337671
-2.58275,50,1478.397369
-18.035829,50,1479.031938
-5.231034,50,1479.069404
-2.837711,50,1479.105484
-5.254709,50,1479.614326
-7.788379,50,1479.67744
-8.774242,50,1480.471284
-9.292564,50,1480.510059
-5.8727,50,1480.554311
-7.823966,50,1481.428653
-9.804632,50,1481.464097
-10.358085,50,1482.298491
-5.150149,50,1482.338864
-5.1971,50,1482.373767
-3.585165,50,1482.946414
-11.159886,50,1482.983168
-8.991378,50,1483.774442
-4.633063,50,1483.809483
-7.632449,50,1483.844871
-8.953696,50,1484.719989
-6.018883,50,1484.764535
-9.934506,50,1485.544176
-9.184953,50,1485.583028
-6.058867,50,1485.622337
-10.669991,50,1486.509388
-4.418578,50,1486.547832
-7.396164,50,1486.592162
-5.174477,50,1487.464668
-10.216799,50,1487.505091
-10.558017,50,1488.319298
-8.229637,50,1488.354439
-10.556458,50,1488.389537
-9.473951,50,1489.273532
-9.896323,50,1489.323403
-2.012463,50,1490.024261
-9.361682,50,1490.064601
-6.125742,50,1490.103375
-3.1865,50,1490.953622
-3.159271,50,1490.995034
-5.41058,50,1491.801618
-6.885917,50,1491.854424
-10.425696,50,1491.893288
-11.167285,50,1492.744796
-6.242554,50,1492.787154
-9.322014,50,1493.613246
-4.009917,50,1493.653225
-9.005225,50,1493.688466
-6.471892,50,1494.558463
-6.54752,50,1494.593896
-11.288281,50,1494.629187
-6.17806,50,1495.168223
-7.828612,50,1495.203648
-6.77815,50,1495.972118
-10.663189,50,1496.007561
-3.880613,50,1496.04319
-8.58333,50,1496.86753
-7.733907,50,1496.928216
-9.154814,50,1497.78663
-6.400422,50,1497.828565
-8.624841,50,1497.867929
-7.623302,50,1498.741127
-10.044662,50,1498.77786
-11.114663,50,1499.413524
-3.700632,50,1499.448454
-8.092845,50,1499.489228
-6.04487,50,1500.358992
-8.691802,50,1500.394019
-10.534702,50,1500.428394
-3.886432,50,1501.243376
-5.562263,50,1501.284037
-7.371231,50,1502.094984
-6.704467,50,1502.150354
-10.811175,50,1502.202814
-5.258997,50,1503.097454
-6.838575,50,1503.134805
-11.9507,50,1503.689537
-12.343678,50,1503.726434
-9.747773,50,1503.763563
-7.051973,50,1504.641962
-5.852214,50,1504.677062
-8.721508,50,1505.174832
-13.908697,50,1505.210239
-8.773675,50,1505.255611
-5.183891,50,1506.147611
-1.825998,50,1506.204965
-7.141199,50,1506.731695
-6.616047,50,1506.772231
-4.470706,50,1506.813697
-8.615171,50,1507.696714
-10.089997,50,1507.735602
-2.467929,50,1507.774482
-6.768766,50,1508.671592
-12.409318,50,1508.719938
-7.158212,50,1509.439884
-9.940707,50,1509.484505
-7.108939,50,1509.522633
-9.917327,50,1510.429593
-6.631029,50,1510.464451
-7.306125,50,1510.994157
-8.512758,50,1511.029694
-7.996125,50,1511.064732
-5.015776,50,1511.971992
-4.444008,50,1512.01732
-11.091227,50,1512.823855
-11.55827,50,1512.860762
-5.801217,50,1512.90249
-9.745121,50,1513.75435
-9.774839,50,1513.794997
-2.339973,50,1514.572433
-11.545777,50,1514.621958
-10.395552,50,1514.663848
-4.290139,50,1515.538538
-4.228033,50,1515.574069
-4.695355,50,1515.611017
-6.238554,50,1516.474666
-5.844287,50,1516.514139
-10.377896,50,1517.338628
-7.927892,50,1517.387051
-6.810136,50,1517.435678
-7.568262,50,1518.366582
-5.195976,50,1518.405421
-6.945961,50,1519.241277
-10.676708,50,1519.275901
-10.593994,50,1519.31021
-4.837492,50,1520.1763
-4.95599,50,1520.212255
-4.656571,50,1521.1005
-6.728904,50,1521.135679
-11.786753,50,1521.171822
-8.716597,50,1521.70382
-6.774305,50,1521.740273
-6.422821,50,1521.776232
-4.380438,50,1522.624995
-13.199971,50,1522.664195
-38.181105,50,1523.49403
-42.144627,50,1523.557062
-7.208675,50,1523.629399
-46.686998,50,1524.660133
-5.837342,50,1524.69656
-3.68265,50,1525.59179
-44.811223,50,1525.644606
-2.868297,50,1525.682066
-5.470345,50,1526.603576
-6.674476,50,1526.640504
-4.353632,50,1527.350814
-22.946366,50,1527.387507
-4.076824,50,1527.426355
-6.095285,50,1528.305893
-8.341489,50,1528.342953
-25.670868,50,1529.178664
-5.544011,50,1529.220128
-4.1632,50,1529.258913
-4.65899,50,1530.138189
-11.687779,50,1530.178305
-5.857802,50,1530.220678
-6.533324,50,1531.112919
-5.875445,50,1531.149105
-22.528412,50,1531.688666
-6.520535,50,1531.725891
-4.912943,50,1531.763072
-7.284303,50,1532.63953
-5.537963,50,1532.674503
-14.624996,50,1533.182365
-5.109539,50,1533.217893
-6.324832,50,1533.253419
-13.384033,50,1533.951844
-11.233111,50,1533.991036
-6.876871,50,1534.826723
-7.318575,50,1534.887887
-23.129399,50,1534.949374
-7.267049,50,1535.845626
-11.65301,50,1535.886988
-13.541672,50,1536.716849
-18.107338,50,1536.759904
-7.519639,50,1536.804687
-8.71202,50,1537.687309
-9.574084,50,1537.722687
-7.081611,50,1537.758043
-4.711639,50,1538.642298
-6.772054,50,1538.678127
-7.788189,50,1539.515193
-5.532059,50,1539.55331
-8.768613,50,1539.589953
-15.148104,50,1540.479872
-6.458071,50,1540.518939
-9.448206,50,1541.383366
-6.916031,50,1541.42262
-6.873088,50,1541.467226
-6.554444,50,1542.360645
-6.365663,50,1542.421192
-14.24934,50,1543.270329
-14.671896,50,1543.308864
-9.384051,50,1543.345558
-7.218004,50,1543.891541
-6.293906,50,1543.929742
-14.329255,50,1543.967045
-5.16503,50,1544.801934
-6.140739,50,1544.853898
-8.317589,50,1545.693145
-4.856012,50,1545.755823
-24.717879,50,1545.826157
-6.408562,50,1546.713423
-4.313948,50,1546.750333
-10.828944,50,1547.257158
-19.320935,50,1547.318045
-7.018234,50,1547.35665
-7.019974,50,1547.934968
-8.300239,50,1547.972655
-5.721234,50,1548.793419
-6.94784,50,1548.853928
-8.202382,50,1548.917814
-6.048617,50,1549.762382
-19.396436,50,1549.801333
-6.198701,50,1550.616867
-6.658576,50,1550.653232
-6.440406,50,1550.689462
-9.072594,50,1551.571675
-6.1072,50,1551.608179
-6.029675,50,1551.646484
-6.622966,50,1552.517109
-6.61709,50,1552.553852
-6.293999,50,1553.357181
-8.127005,50,1553.393407
-5.890237,50,1553.432309
-6.227939,50,1554.232273
-6.787244,50,1554.273081
-8.005533,50,1555.102728
-14.675341,50,1555.142431
-18.893226,50,1555.183501
-10.673034,50,1556.083068
-6.695948,50,1556.122841
-7.056186,50,1556.958049
-20.190216,50,1557.000324
-4.828258,50,1557.040404
-4.857894,50,1557.924133
-14.76754,50,1557.980745
-13.548782,50,1558.851661
-6.3244,50,1558.893577
-9.56802,50,1558.932682
-24.056143,50,1559.659133
-3.403182,50,1559.694618
-12.97197,50,1559.729159
-6.402037,50,1560.476174
-23.123387,50,1560.524382
-7.127209,50,1561.372593
-9.227526,50,1561.413528
-16.273437,50,1561.453662
-13.342429,50,1562.327462
-23.377248,50,1562.369171
-27.636511,50,1563.099603
-15.168755,50,1563.138375
-25.154385,50,1563.178993
-7.028952,50,1564.074011
-14.89849,50,1564.113774
-16.999908,50,1564.916094
-6.736566,50,1564.977366
-23.294538,50,1565.034465
-10.662,50,1565.931851
-5.43493,50,1565.969723
-7.785229,50,1566.005187
-6.547018,50,1566.806349
-13.366409,50,1566.844984
-15.416993,50,1567.697712
-37.674509,50,1567.734607
-6.359147,50,1567.771343
-13.446708,50,1568.669616
-15.292567,50,1568.708094
-2.52072,50,1569.231058
-3.860107,50,1569.2717
-9.373253,50,1569.319448
-22.86962,50,1570.216698
-56.261773,50,1570.252258
-6.302802,50,1570.755609
-9.369494,50,1570.791553
-7.074698,50,1570.828378
-7.947055,50,1571.547316
-18.415808,50,1571.587202
-12.74461,50,1572.406681
-6.243904,50,1572.44663
-4.937394,50,1572.49579
-7.658226,50,1573.037457
-11.592289,50,1573.083898
-6.125553,50,1573.124174
-52.187189,50,1574.000434
-62.391516,50,1574.037866
-6.253704,50,1574.853881
-5.16964,50,1574.88905
-5.57098,50,1574.927411
-6.22173,50,1575.820599
-9.217888,50,1575.858056
-6.006761,50,1576.574975
-9.729116,50,1576.619252
-46.802273,50,1576.664913
-3.269512,50,1577.568557
-43.820541,50,1577.615062
-14.625168,50,1578.365597
-9.462061,50,1578.402091
-6.18472,50,1578.440914
-3.404043,50,1579.320396
-44.313142,50,1579.360759
-38.488123,50,1580.190347
-11.92436,50,1580.232199
-3.673745,50,1580.273862
-37.543613,50,1581.154347
-41.287116,50,1581.192749
-19.984454,50,1581.23504
-43.722882,50,1581.781048
-5.990785,50,1581.818696
-40.80401,50,1582.651526
-14.219173,50,1582.707197
-41.532256,50,1582.769223
-6.581973,50,1583.659579
-4.034371,50,1583.698771
-11.743925,50,1584.534935
-42.957231,50,1584.580986
-7.562674,50,1584.627743
-12.961595,50,1585.508393
-15.678258,50,1585.553681
-6.442163,50,1586.358697
-44.791836,50,1586.39801
-9.156378,50,1586.455446
-16.616484,50,1587.279563
-6.766197,50,1587.343564
-38.680432,50,1587.389733
-18.739491,50,1588.215222
-6.341545,50,1588.266742
-7.661957,50,1589.104499
-12.242197,50,1589.139491
-25.84723,50,1589.174568
-13.645057,50,1590.030194
-12.776312,50,1590.065739
-15.569933,50,1590.892204
-9.726166,50,1590.943109
-12.819765,50,1590.982927
-9.373605,50,1591.883438
-10.911343,50,1591.923607
-12.458625,50,1592.764581
-8.470437,50,1592.809884
-11.481561,50,1592.856481
-6.826179,50,1593.727328
-6.984993,50,1593.762871
-8.470939,50,1594.590464
-12.980418,50,1594.630057
-6.491561,50,1594.671729
-16.992794,50,1595.544285
-6.363531,50,1595.599407
-6.430298,50,1595.654071
-8.94173,50,1596.517179
-12.384782,50,1596.553684
-14.485673,50,1597.387587
-6.338789,50,1597.438395
-4.534325,50,1597.498466
-7.07982,50,1598.338247
-3.571277,50,1598.375241
-9.757961,50,1599.204104
-5.789843,50,1599.251351
-6.402476,50,1599.307723
-8.660113,50,1600.195944
-13.585057,50,1600.232278
-11.699385,50,1601.053703
-7.802919,50,1601.097878
-9.794348,50,1601.133599
-11.903469,50,1602.006181
-5.473775,50,1602.045573
-16.597233,50,1602.705688
-6.78075,50,1602.743182
-10.853404,50,1602.778187
-6.60851,50,1603.646995
-8.778281,50,1603.68278
-6.279764,50,1603.719334
-6.510487,50,1604.611861
-4.375435,50,1604.654711
-7.14352,50,1605.471531
-6.554607,50,1605.508241
-7.552159,50,1605.545065
-32.972303,50,1606.43969
-6.346492,50,1606.478763
-9.034325,50,1607.302138
-6.115295,50,1607.342123
-10.781505,50,1607.382102
-41.837303,50,1608.266117
-38.345344,50,1608.30852
-7.068512,50,1609.140208
-6.852199,50,1609.18524
-35.512609,50,1609.244545
-16.536301,50,1610.150801
-19.065956,50,1610.189367
-15.243201,50,1610.257438
-5.20908,50,1611.093166
-8.535606,50,1611.12852
-12.968746,50,1611.938185
-5.758248,50,1611.97699
-5.761028,50,1612.019565
-37.960202,50,1612.891844
-6.535825,50,1612.927279
-5.762524,50,1613.533463
-6.358485,50,1613.584254
-13.906458,50,1613.652124
-7.960558,50,1614.230028
-4.594654,50,1614.266049
-14.448779,50,1615.039856
-6.471468,50,1615.075904
-5.835989,50,1615.112401
-33.818526,50,1615.989724
-7.423275,50,1616.03064
-6.433038,50,1616.871106
-6.1653,50,1616.906803
-7.117947,50,1616.942781
-30.812356,50,1617.824106
-12.596265,50,1617.867471
-5.343718,50,1617.906157
-6.084813,50,1618.78558
-6.233215,50,1618.821609
-5.950014,50,1619.64361
-6.446582,50,1619.683445
-7.449197,50,1619.722635
-7.923023,50,1620.593812
-6.271002,50,1620.634136
-5.75193,50,1621.156974
-27.047108,50,1621.192603
-6.577074,50,1621.227603
-5.821024,50,1622.07122
-6.919028,50,1622.115456
-8.474651,50,1622.624263
-14.858903,50,1622.667043
-7.313218,50,1622.711388
-13.002656,50,1623.521302
-5.96519,50,1623.556609
-6.980466,50,1624.37851
-6.419029,50,1624.422566
-20.214174,50,1624.477855
-17.080002,50,1625.32312
-7.28145,50,1625.360442
-7.018943,50,1625.39495
-16.356058,50,1626.28049
-22.061163,50,1626.318799
-9.140659,50,1627.126839
-7.227092,50,1627.182118
-17.628031,50,1627.253085
-7.308393,50,1628.150344
-6.95061,50,1628.185326
-6.059496,50,1628.719127
-6.501121,50,1628.758259
-13.519688,50,1628.800212
-32.169619,50,1629.677311
-7.895527,50,1629.713092
-7.12959,50,1630.397022
-11.462176,50,1630.444618
-6.120641,50,1630.499547
-7.113244,50,1631.41517
-18.739152,50,1631.451549
-6.938646,50,1631.489021
-13.490693,50,1632.005004
-6.142931,50,1632.061085
-12.768062,50,1632.885223
-7.87737,50,1632.920398
-7.385936,50,1632.956634
-9.67035,50,1633.615582
-34.83651,50,1633.650954
-10.163545,50,1634.473654
-6.773175,50,1634.511905
-8.436316,50,1634.554192
-6.994563,50,1635.431648
-12.375183,50,1635.466489
-6.607732,50,1636.289917
-27.072929,50,1636.337977
-22.92682,50,1636.38434
-5.638282,50,1637.191356
-9.841804,50,1637.229625
-10.986967,50,1638.002792
-7.574489,50,1638.04849
-8.486341,50,1638.108931
-15.785962,50,1638.997327
-5.263842,50,1639.034898
-6.180024,50,1639.071872
-7.783994,50,1639.962152
-4.811603,50,1640.030425
-6.288079,50,1640.884289
-6.091198,50,1640.943758
-6.90337,50,1640.982745
-11.699549,50,1641.857602
-6.821916,50,1641.906965
-7.299225,50,1642.749609
-6.888856,50,1642.786685
-16.349548,50,1642.823852
-23.250123,50,1643.719751
-6.283655,50,1643.759601
-11.711932,50,1644.583436
-6.779281,50,1644.623273
-20.40381,50,1644.663689
-8.742329,50,1645.560889
-9.047019,50,1645.601253
-12.899949,50,1646.42862
-13.655319,50,1646.468702
-7.60619,50,1646.511774
-21.748164,50,1647.384629
-11.643819,50,1647.423566
-5.964672,50,1647.462744
-5.165643,50,1648.141353
-13.681946,50,1648.176498
-6.856019,50,1648.996768
-19.552971,50,1649.032244
-8.218871,50,1649.06758
-10.685857,50,1649.944823
-12.261407,50,1650.007729
-7.505789,50,1650.861198
-25.040431,50,1650.89812
-6.373184,50,1650.936382
-7.907416,50,1651.821072
-6.148296,50,1651.86323
-21.532584,50,1652.688735
-11.429598,50,1652.727237
-6.748317,50,1652.765459
-7.076853,50,1653.662884
-23.1104,50,1653.699787
-24.461373,50,1653.734762
-7.756826,50,1654.495603
-6.797277,50,1654.5349
-12.169902,50,1655.186945
-7.19878,50,1655.227976
-6.037979,50,1655.265254
-20.748164,50,1656.036134
-7.152289,50,1656.071594
-6.691244,50,1656.900314
-6.394298,50,1656.955985
-6.540906,50,1657.001996
-8.845223,50,1657.864164
-11.042786,50,1657.903526
-6.565475,50,1658.711968
-9.097061,50,1658.751921
-12.730436,50,1658.792118
-7.591726,50,1659.645545
-7.056839,50,1659.687033
-7.772501,50,1660.515285
-6.846904,50,1660.554558
-7.890392,50,1660.591256
-17.495959,50,1661.284487
-20.733832,50,1661.320836
-11.88144,50,1661.358186
-6.196239,50,1661.968402
-6.722867,50,1662.008986
-7.027998,50,1662.839231
-5.27189,50,1662.904296
-7.247908,50,1662.957578
-6.413268,50,1663.825952
-17.778736,50,1663.864281
-6.115019,50,1664.669315
-6.288916,50,1664.706094
-18.473647,50,1664.740975
-12.714795,50,1665.619919
-6.375517,50,1665.673492
-7.687649,50,1666.470369
-6.182199,50,1666.520303
-11.770016,50,1666.560955
-7.52028,50,1667.4528
-7.201058,50,1667.493769
-7.967115,50,1668.267779
-6.570081,50,1668.30763
-6.965924,50,1668.349216
-6.627465,50,1669.203175
-20.005693,50,1669.245424
-13.31133,50,1669.284443
-14.481777,50,1669.989975
-7.162162,50,1670.02903
-7.301395,50,1670.630372
-10.45399,50,1670.668494
-6.794037,50,1670.710292
-9.319761,50,1671.590801
-5.588066,50,1671.629969
-13.212059,50,1672.459137
-14.85449,50,1672.498436
-7.919144,50,1672.56537
-11.276632,50,1673.483381
-9.891117,50,1673.546878
-11.467651,50,1674.413163
-7.734375,50,1674.48196
-6.786535,50,1674.55398
-5.561354,50,1675.489904
-7.329259,50,1675.545234
-7.381083,50,1675.588675
-15.091125,50,1676.371661
-6.70128,50,1676.412719
-6.263267,50,1677.228662
-18.087349,50,1677.267624
-8.488755,50,1677.32694
-6.52513,50,1678.218391
-10.224971,50,1678.279073
-20.563377,50,1679.134242
-6.689192,50,1679.17698
-7.009011,50,1679.240304
-7.181204,50,1680.135931
-6.85473,50,1680.17571
-6.892543,50,1680.99615
-5.986674,50,1681.031239
-5.10867,50,1681.066312
-11.186069,50,1681.676815
-8.431302,50,1681.721951
-7.414324,50,1682.24192
-6.759599,50,1682.288149
-13.900783,50,1682.343878
-21.042524,50,1683.242031
-14.172321,50,1683.299814
-14.148584,50,1683.356205
-9.293137,50,1684.232546
-10.587291,50,1684.268071
-5.807944,50,1684.864663
-16.815411,50,1684.905506
-9.138511,50,1684.961648
-8.406724,50,1685.851308
-15.419023,50,1685.8918
-8.622274,50,1686.644457
-7.800733,50,1686.681186
-6.707323,50,1686.716379
-7.343161,50,1687.41478
-18.962675,50,1687.459797
-11.564362,50,1688.286825
-11.694532,50,1688.33098
-6.607507,50,1688.37437
-8.341882,50,1689.25748
-17.687246,50,1689.297046
-6.674596,50,1690.125742
-6.052782,50,1690.170056
-14.151949,50,1690.225254
-14.5186,50,1691.122186
-10.038668,50,1691.159018
-15.311418,50,1691.193686
-7.147843,50,1692.08874
-6.407448,50,1692.133591
-10.014566,50,1692.93554
-20.750479,50,1692.976037
-6.748042,50,1693.018531
-6.774866,50,1693.618935
-19.9571,50,1693.657539
-6.582003,50,1694.478148
-10.094381,50,1694.514123
-7.106254,50,1694.551691
-7.443906,50,1695.424428
-15.186338,50,1695.485131
-17.887549,50,1696.336155
-9.883265,50,1696.377495
-17.407013,50,1696.415343
-17.321676,50,1697.305974
-20.181967,50,1697.351498
-21.656964,50,1697.394555
-6.802399,50,1698.226556
-10.567434,50,1698.296864
-16.243825,50,1699.105794
-20.535575,50,1699.142424
-17.176879,50,1699.183596
-20.490165,50,1699.865557
-12.453014,50,1699.913789
-24.228954,50,1700.456846
-11.035655,50,1700.517234
-16.324868,50,1700.553002
-11.890992,50,1701.4196
-18.149598,50,1701.458405
-7.944429,50,1702.293825
-8.499086,50,1702.332368
-7.266959,50,1702.387692
-6.295731,50,1703.271695
-21.183187,50,1703.310405
-6.968933,50,1704.148589
-8.107637,50,1704.188463
-6.987559,50,1704.228516
-13.832236,50,1705.134599
-14.0435,50,1705.175108
-9.151519,50,1705.219636
-6.106687,50,1706.099506
-7.517853,50,1706.138572
-17.876486,50,1706.98946
-6.505528,50,1707.036406
-8.682184,50,1707.084558
-5.774986,50,1707.982696
-15.352427,50,1708.020852
-6.242863,50,1708.750634
-6.82665,50,1708.791064
-12.757743,50,1708.832573
-16.561802,50,1709.586724
-6.535369,50,1709.632452
-7.317606,50,1710.451129
-7.657123,50,1710.489849
-7.800924,50,1710.525252
-13.678775,50,1711.075855
-13.233189,50,1711.111362
-17.718221,50,1711.616607
-9.982317,50,1711.652078
-10.78847,50,1711.68735
-15.614549,50,1712.56421
-19.648587,50,1712.600973
-23.341624,50,1712.635907
-6.855667,50,1713.508897
-9.452051,50,1713.545348
-8.049761,50,1714.369396
-22.241424,50,1714.407425
-13.913265,50,1714.443888
-14.619306,50,1715.28921
-15.196812,50,1715.324811
-18.828403,50,1716.138569
-7.185388,50,1716.181299
-5.795535,50,1716.225574
-6.740621,50,1717.126325
-8.041182,50,1717.173403
-6.52481,50,1718.003486
-7.717877,50,1718.042009
-7.695395,50,1718.08118
-10.142068,50,1718.952125
-6.320885,50,1719.008673
-17.228504,50,1719.05547
-9.069527,50,1719.901554
-7.368296,50,1719.962619
-17.983359,50,1720.803532
-10.81515,50,1720.853569
-15.231246,50,1720.902064
-17.524543,50,1721.79792
-18.68282,50,1721.836308
-7.195094,50,1722.66423
-6.490605,50,1722.705037
-6.344483,50,1722.741099
-6.582463,50,1723.692173
-18.93617,50,1723.727713
-7.05143,50,1724.550283
-17.633972,50,1724.589343
-6.779606,50,1724.624977
-4.290247,50,1725.402626
-13.360975,50,1725.438549
-6.546317,50,1726.25905
-11.293409,50,1726.298388
-6.056731,50,1726.341751
-14.181492,50,1727.213532
-6.855017,50,1727.25298
-4.511241,50,1727.295317
-6.208286,50,1728.178145
-14.468941,50,1728.224058
-13.915369,50,1729.064448
-6.716731,50,1729.099719
-7.570841,50,1729.134992
-9.296054,50,1729.986308
-21.622988,50,1730.025922
-7.365376,50,1730.854743
-13.107069,50,1730.893966
-5.253649,50,1730.935501
-15.836936,50,1731.828173
-9.570353,50,1731.868999
-6.61917,50,1732.642704
-8.851482,50,1732.679303
-5.780407,50,1732.715401
-10.157557,50,1733.597722
-7.614257,50,1733.633806
-17.544033,50,1734.455016
-11.506758,50,1734.490829
-7.511853,50,1734.527347
-14.918194,50,1735.40869
-19.878362,50,1735.4602
-7.008141,50,1735.527161
-11.040102,50,1736.396127
-9.32314,50,1736.434923
-12.957787,50,1737.274083
-13.47772,50,1737.316569
-7.45509,50,1737.356659
-8.734413,50,1738.23491
-14.188872,50,1738.285572
-7.356468,50,1739.136052
-15.741291,50,1739.174898
-13.052404,50,1739.217293
-10.575234,50,1740.114551
-12.470258,50,1740.156337
-22.212163,50,1740.987259
-18.991811,50,1741.026446
-18.883231,50,1741.067485
-11.483295,50,1741.957451
-12.758644,50,1741.996536
-6.185583,50,1742.036525
-7.925531,50,1742.864011
-18.648223,50,1742.902648
-6.888055,50,1743.727249
-12.951774,50,1743.764862
-6.858876,50,1743.805221
-8.368478,50,1744.669681
-8.941243,50,1744.710935
-7.57087,50,1745.544323
-7.23546,50,1745.592788
-10.936827,50,1745.635091
-7.607479,50,1746.453907
-15.465772,50,1746.503072
-9.308665,50,1747.336315
-6.783063,50,1747.375937
-14.950304,50,1747.415373
-11.439157,50,1748.296506
-4.649193,50,1748.343355
-6.963229,50,1748.862673
-12.261257,50,1748.90541
-20.575366,50,1748.947423
-7.71907,50,1749.845712
-20.268225,50,1749.881373
-9.623616,50,1749.916586
-5.674275,50,1750.768436
-5.906854,50,1750.808428
-13.375439,50,1751.659232
-16.324818,50,1751.721042
-12.349984,50,1751.792788
-19.033321,50,1752.676845
-6.096122,50,1752.716036
-12.910018,50,1753.471208
-11.590123,50,1753.510308
-7.133123,50,1753.552585
-12.389374,50,1754.369184
-6.381416,50,1754.422662
-5.428053,50,1755.225723
-9.247754,50,1755.264407
-11.369542,50,1755.331215
-12.294291,50,1756.236536
-8.49273,50,1756.272433
-11.748439,50,1757.097378
-7.087478,50,1757.137574
-8.073432,50,1757.180532
-6.343794,50,1758.055614
-5.008727,50,1758.098576
-18.726237,50,1758.162188
-6.235396,50,1759.0689
-7.693549,50,1759.104347
-6.579516,50,1759.933225
-19.01336,50,1759.975652
-18.490457,50,1760.01192
-9.036957,50,1760.896236
-13.636763,50,1760.937109
-6.933801,50,1761.733265
-5.201398,50,1761.795711
-12.544767,50,1761.832217
-8.251753,50,1762.385325
-7.78499,50,1762.430763
-6.919462,50,1763.240564
-20.323234,50,1763.279514
-7.637794,50,1763.316968
-15.494117,50,1764.192234
-19.12785,50,1764.231038
-9.420494,50,1764.269243
-11.770905,50,1765.097942
-11.610824,50,1765.13845
-6.384755,50,1765.957408
-15.560739,50,1765.995786
-13.958447,50,1766.034231
-19.702263,50,1766.917701
-18.910122,50,1766.952728
-14.984013,50,1767.621193
-10.375315,50,1767.656634
-18.738129,50,1767.691942
-5.270634,50,1768.463776
-8.585338,50,1768.511635
-12.517188,50,1769.024097
-11.120777,50,1769.061572
-7.01077,50,1769.102881
-4.060954,50,1769.980745
-11.012476,50,1770.01621
-6.54576,50,1770.83869
-7.209701,50,1770.881379
-7.269865,50,1770.923118
-8.074982,50,1771.576383
-5.955471,50,1771.611865
-7.0141,50,1771.652634
-10.492883,50,1772.526498
-13.367864,50,1772.565608
-6.832906,50,1773.429644
-7.84616,50,1773.470204
-6.691336,50,1773.514621
-5.686561,50,1774.404053
-6.982801,50,1774.444561
-15.199649,50,1775.270076
-6.977665,50,1775.310217
-10.869411,50,1775.352204
-13.187427,50,1776.239269
-16.474522,50,1776.279264
-6.866883,50,1777.120316
-6.957996,50,1777.158781
-6.196716,50,1777.20083
-15.78833,50,1778.080769
-11.658439,50,1778.119989
-6.895329,50,1778.748318
-5.309457,50,1778.785044
-10.812688,50,1778.821187
-5.89724,50,1779.665044
-16.854728,50,1779.705815
-11.681921,50,1779.745324
-17.947956,50,1780.63744
-12.867647,50,1780.676269
-8.881081,50,1781.504191
-14.40896,50,1781.553399
-10.088433,50,1781.601734
-7.428023,50,1782.486715
-11.732945,50,1782.526543
-8.962419,50,1783.351128
-7.879935,50,1783.396395
-8.822981,50,1783.448866
-13.592173,50,1784.334779
-13.361048,50,1784.37158
-10.911493,50,1784.870498
-7.751194,50,1784.905879
-9.057336,50,1784.950288
-17.898141,50,1785.835055
-10.812962,50,1785.874377
-7.964093,50,1785.914485
-9.650345,50,1786.738433
-5.652043,50,1786.777236
-6.613817,50,1787.607287
-13.52718,50,1787.670177
-9.384542,50,1787.741394
-6.269258,50,1788.63148
-8.849247,50,1788.671826
-9.93896,50,1789.180579
-5.888782,50,1789.223988
-15.293051,50,1789.262905
-8.379494,50,1790.145495
-14.190808,50,1790.182419
-6.443544,50,1791.006576
-17.879198,50,1791.043075
-12.872669,50,1791.07853
-5.889098,50,1791.963615
-9.362988,50,1792.002407
-6.95801,50,1792.831852
-7.247165,50,1792.874014
-5.89515,50,1792.920236
-7.246403,50,1793.823457
-11.302537,50,1793.859401
-9.329767,50,1793.894514
-16.968569,50,1794.774538
-11.262412,50,1794.813533
-6.369167,50,1795.659386
-6.71023,50,1795.708884
-6.679799,50,1795.757748
-7.259578,50,1796.584021
-6.607975,50,1796.629853
-10.068525,50,1797.478549
-7.178313,50,1797.522891
-8.467351,50,1797.560208
-7.312621,50,1798.441988
-15.709376,50,1798.498045
-8.964844,50,1799.338593
-13.032037,50,1799.37912
-13.167744,50,1799.418081
-7.340149,50,1800.302246
-16.585607,50,1800.341278
-13.766192,50,1801.126914
-11.115322,50,1801.193245
-15.269421,50,1801.232699
-6.958717,50,1802.106265
-11.258305,50,1802.153273
-7.064241,50,1802.194716
-4.133352,50,1803.081745
-5.248696,50,1803.122532
-14.773549,50,1803.952685
-8.529842,50,1804.004194
-10.319295,50,1804.065559
-7.359338,50,1804.956151
-5.090494,50,1804.994157
-9.364557,50,1805.803092
-4.923804,50,1805.851969
-9.18578,50,1805.888054
-4.877001,50,1806.761094
-9.382118,50,1806.800705
-6.947588,50,1807.633738
-14.457642,50,1807.671639
-12.833816,50,1807.71099
-7.869307,50,1808.505563
-7.164092,50,1808.548692
-13.395176,50,1808.588581
-7.727783,50,1809.357635
-7.444186,50,1809.394027
-8.68062,50,1809.892391
-13.341064,50,1809.93413
-4.1632,50,1809.974631
-7.336585,50,1810.86144
-10.259273,50,1810.898096
-12.111119,50,1811.736258
-9.645016,50,1811.780139
-11.578196,50,1811.819681
-7.136392,50,1812.702935
-4.173576,50,1812.763972
-16.160511,50,1813.288108
-7.684803,50,1813.323872
-11.38358,50,1813.363159
-11.424782,50,1814.247883
-6.930354,50,1814.297036
-6.923976,50,1815.127116
-7.333857,50,1815.172511
-11.877151,50,1815.213321
-8.89444,50,1816.090931
-8.480005,50,1816.127714
-10.393498,50,1816.170832
-8.788711,50,1817.053643
-13.116139,50,1817.100089
-8.165291,50,1817.925958
-5.823998,50,1817.963111
-6.648409,50,1817.998478
-6.152911,50,1818.870887
-14.881552,50,1818.910397
-11.143109,50,1819.433382
-11.811693,50,1819.477451
-12.745452,50,1819.516329
-8.471287,50,1820.410224
-14.754343,50,1820.457155
-8.30174,50,1821.317154
-6.375013,50,1821.353192
-8.018542,50,1821.389635
-6.061002,50,1822.266892
-9.568812,50,1822.302479
-6.56782,50,1823.040806
-7.862208,50,1823.081426
-6.680043,50,1823.118292
-10.772247,50,1823.802105
-7.120912,50,1823.846463
-7.51848,50,1823.887083
-6.821914,50,1824.826663
-9.565882,50,1824.865728
-14.425026,50,1825.711192
-7.01287,50,1825.762451
-6.611731,50,1825.799756
-6.56586,50,1826.678671
-16.476389,50,1826.715118
-4.859476,50,1827.54377
-8.818818,50,1827.607364
-8.227669,50,1827.643669
-6.871648,50,1828.51825
-4.446953,50,1828.558447
-8.149699,50,1829.414059
-11.71684,50,1829.480694
-8.423165,50,1829.521272
-8.258087,50,1830.388101
-8.959375,50,1830.425667
-6.397565,50,1830.460901
-6.156127,50,1831.264803
-5.051495,50,1831.303856
-8.535146,50,1832.115624
-14.460992,50,1832.151888
-13.01928,50,1832.18874
-6.680889,50,1833.076865
-6.180497,50,1833.122899
-7.90527,50,1833.957847
-7.591941,50,1833.993378
-6.983021,50,1834.028881
-10.100251,50,1834.567769
-5.712486,50,1834.606527
-7.718252,50,1835.457402
-6.413836,50,1835.494665
-11.972908,50,1835.53104
-5.12474,50,1836.427134
-9.34506,50,1836.469962
-8.68317,50,1837.331644
-11.668975,50,1837.387407
-12.310939,50,1837.447215
-6.652202,50,1838.272579
-10.788036,50,1838.313991
-6.519239,50,1838.355088
-14.104287,50,1839.222068
-9.867906,50,1839.259699
-14.890462,50,1840.091053
-11.040134,50,1840.128574
-9.456909,50,1840.163615
-11.3671,50,1841.052632
-8.444978,50,1841.096199
-7.336505,50,1841.922928
-7.418106,50,1841.96343
-7.085767,50,1842.003768
-6.104815,50,1842.883658
-5.598054,50,1842.923193
-14.550757,50,1843.755802
-9.089097,50,1843.792279
-6.377801,50,1843.828279
-8.259454,50,1844.702114
-9.100722,50,1844.743573
-14.882334,50,1845.537304
-6.533809,50,1845.577494
-10.880119,50,1845.61529
-9.551242,50,1846.48965
-7.011028,50,1846.529269
-5.481472,50,1846.568361
-12.975554,50,1847.425986
-6.393617,50,1847.468643
-8.709963,50,1848.293333
-15.111195,50,1848.328583
-9.672442,50,1848.371007
-6.189912,50,1849.251577
-6.165184,50,1849.28715
-12.836865,50,1850.110176
-6.961554,50,1850.149357
-11.168022,50,1850.189992
-6.421709,50,1851.069358
-5.905985,50,1851.107558
-11.20906,50,1851.935722
-3.758243,50,1851.975596
-11.455738,50,1852.014963
-6.618981,50,1852.896113
-7.065842,50,1852.934964
-6.687388,50,1852.977315
-8.476673,50,1853.81863
-7.164274,50,1853.857379
-14.415991,50,1854.363177
-11.269215,50,1854.400211
-6.058496,50,1854.438199
-4.963525,50,1855.297878
-11.718897,50,1855.335515
-6.775617,50,1856.145423
-10.699307,50,1856.185226
-6.590073,50,1856.219845
-7.04841,50,1857.093901
-6.020061,50,1857.129568
-16.78288,50,1857.648385
-6.467027,50,1857.689979
-7.724832,50,1857.729897
-13.968111,50,1858.608523
-10.72443,50,1858.645372
-6.735583,50,1859.472461
-4.640437,50,1859.514911
-8.00498,50,1859.555678
-8.487917,50,1860.425359
-6.251659,50,1860.4654
-5.97773,50,1860.508518
-10.395128,50,1861.384249
-10.333825,50,1861.440125
-8.723847,50,1862.275673
-3.626151,50,1862.31213
-7.85564,50,1862.348477
-6.592248,50,1863.232828
-8.910083,50,1863.295459
-8.596594,50,1864.14661
-7.077793,50,1864.194008
-7.490992,50,1864.233402
-7.414936,50,1865.117902
-8.094393,50,1865.159322
-11.904176,50,1865.949623
-8.223285,50,1865.993238
-7.251842,50,1866.034702
-10.074241,50,1866.893105
-5.436811,50,1866.935209
-15.529453,50,1867.772087
-15.881635,50,1867.837351
-4.365614,50,1867.876279
-5.223703,50,1868.725024
-13.011353,50,1868.764441
-5.826269,50,1868.806401
-6.177842,50,1869.568883
-10.095185,50,1869.605494
-5.159935,50,1870.402363
-5.769571,50,1870.43777
-10.022455,50,1870.474956
-12.801839,50,1871.108959
-3.686625,50,1871.147745
-6.169599,50,1871.950513
-10.303361,50,1871.997883
-15.340646,50,1872.040244
-4.902056,50,1872.931695
-12.613547,50,1872.973064
-7.197433,50,1873.496637
-3.675761,50,1873.557898
-8.114856,50,1873.611503
-13.819943,50,1874.496619
-5.910695,50,1874.534403
-7.194697,50,1874.576903
-12.08324,50,1875.40858
-10.947478,50,1875.444324
-15.176379,50,1875.947709
-6.965077,50,1875.984468
-6.826098,50,1876.025602
-9.941513,50,1876.903003
-9.856514,50,1876.940718
-8.322672,50,1877.728821
-8.346744,50,1877.770954
-7.788849,50,1877.811221
-8.676333,50,1878.703827
-9.263342,50,1878.744982
-7.066826,50,1879.555508
-8.100229,50,1879.593735
-8.260224,50,1879.636236
-12.994015,50,1880.517627
-8.584954,50,1880.553135
-10.530004,50,1881.385387
-8.152578,50,1881.432473
-10.34503,50,1881.476597
-6.551791,50,1882.356274
-6.775316,50,1882.391824
-7.55156,50,1882.427207
-5.875838,50,1883.303401
-6.561216,50,1883.339357
-5.459596,50,1883.874079
-8.405783,50,1883.909134
-9.087092,50,1883.944258
-9.613058,50,1884.796592
-9.192157,50,1884.842203
-7.623628,50,1885.66661
-9.687897,50,1885.719449
-11.80088,50,1885.790087
-6.25044,50,1886.657948
-6.701369,50,1886.700913
-11.123234,50,1887.526767
-7.346479,50,1887.565546
-7.07242,50,1887.602069
-6.539446,50,1888.135565
-9.898797,50,1888.171254
-10.838256,50,1889.002126
-13.3908,50,1889.044119
-6.612186,50,1889.082855
-8.076712,50,1889.984618
-5.294821,50,1890.020493
-6.839732,50,1890.057281
-7.312379,50,1890.940764
-6.890178,50,1890.978359
-6.804195,50,1891.477094
-7.954737,50,1891.514137
-5.813762,50,1891.550091
-6.993649,50,1892.235035
-10.273824,50,1892.270353
-7.667274,50,1892.768814
-12.323704,50,1892.804996
-9.139948,50,1892.840441
-6.928953,50,1893.485822
-10.029851,50,1893.522659
-11.882371,50,1894.296065
-7.601213,50,1894.335884
-7.248189,50,1894.404694
-6.91107,50,1895.276281
-13.636035,50,1895.320516
-9.12767,50,1895.358704
-6.428289,50,1896.183409
-7.651994,50,1896.221084
-14.009563,50,1897.060596
-7.203701,50,1897.099814
-6.673071,50,1897.134549
-13.177435,50,1898.008728
-10.378884,50,1898.062843
-5.603161,50,1898.926466
-5.537565,50,1898.991602
-6.58484,50,1899.056769
-6.485934,50,1899.958375
-7.570237,50,1900.004336
-6.750532,50,1900.647985
-13.511009,50,1900.687549
-9.389658,50,1900.728258
-10.208069,50,1901.617616
-5.153729,50,1901.659961
-7.674762,50,1902.452705
-5.743325,50,1902.496963
-12.301337,50,1902.53952
-6.751238,50,1903.435749
-13.185569,50,1903.475001
-11.93363,50,1903.513907
-12.404133,50,1904.394704
-3.319643,50,1904.432041
-5.607546,50,1905.254125
-13.465312,50,1905.289487
-4.606774,50,1905.325534
-9.505729,50,1906.223136
-12.872364,50,1906.279664
-12.202355,50,1907.137439
-9.43095,50,1907.181226
-7.301015,50,1907.226472
-3.206043,50,1908.100895
-13.99271,50,1908.14235
-15.245328,50,1908.94893
-6.400332,50,1908.996725
-3.926366,50,1909.059947
-8.486826,50,1909.944824
-6.455998,50,1909.986628
-9.918293,50,1910.80627
-6.657018,50,1910.846562
-9.317219,50,1910.884951
-15.411929,50,1911.740818
-12.576643,50,1911.779576
-6.428624,50,1911.816983
-10.554334,50,1912.697543
-6.839911,50,1912.737391
-7.635185,50,1913.567578
-9.524814,50,1913.607297
-6.344735,50,1913.651572
-4.7564,50,1914.501616
-9.488975,50,1914.536882
-9.237207,50,1915.362954
-15.120916,50,1915.4003
-4.019412,50,1915.441213
-5.148974,50,1916.317917
-3.452971,50,1916.353632
-9.044635,50,1917.169154
-3.42277,50,1917.216348
-10.46898,50,1917.255432
-6.302264,50,1917.889838
-13.776143,50,1917.931207
-8.29161,50,1917.983343
-4.013761,50,1918.815184
-6.124936,50,1918.851125
-3.120013,50,1919.675473
-13.484514,50,1919.711758
-12.065694,50,1919.748779
-10.808022,50,1920.487993
-3.748545,50,1920.535861
-3.695704,50,1921.286362
-6.422503,50,1921.321298
-9.109074,50,1921.355832
-12.398247,50,1922.128518
-8.415983,50,1922.16838
-5.058723,50,1922.973857
-9.688112,50,1923.011318
-6.584952,50,1923.047542
-2.968139,50,1923.924122
-12.713881,50,1923.961967
-2.123757,50,1924.789794
-14.164872,50,1924.829807
-6.758164,50,1924.879043
-7.244215,50,1925.778925
-6.603639,50,1925.821316
-11.745303,50,1925.869101
-7.173013,50,1926.739078
-6.706104,50,1926.787602
-8.456161,50,1927.619344
-7.012066,50,1927.654513
-5.076492,50,1927.690812
-4.328292,50,1928.58042
-15.688229,50,1928.615753
-6.709778,50,1929.437535
-9.971604,50,1929.48597
-11.942515,50,1929.527405
-7.171908,50,1930.42354
-7.320356,50,1930.461362
-15.779066,50,1930.967768
-6.410744,50,1931.009467
-11.794614,50,1931.048054
-14.851848,50,1931.92701
-4.519897,50,1931.964077
-13.554421,50,1932.748828
-9.351837,50,1932.783986
-7.219708,50,1932.822604
-7.118838,50,1933.501796
-7.339907,50,1933.537443
-6.069262,50,1933.572923
-6.974131,50,1934.446076
-5.524677,50,1934.482947
-9.402988,50,1935.294286
-13.119018,50,1935.335475
-6.777861,50,1935.373767
-5.361546,50,1936.241921
-5.687738,50,1936.2808
-9.901478,50,1937.091019
-8.314518,50,1937.125883
-11.473912,50,1937.160934
-6.342155,50,1937.849072
-1.12489,50,1937.890538
-10.744143,50,1938.700408
-13.203521,50,1938.742971
-3.645304,50,1938.789949
-2.605155,50,1939.679963
-10.945672,50,1939.722687
-8.520658,50,1939.761539
-11.598276,50,1940.623322
-7.963634,50,1940.696124
-10.114277,50,1941.525315
-2.73827,50,1941.567577
-4.355611,50,1941.607077
-4.762849,50,1942.469788
-11.99948,50,1942.511899
-8.70443,50,1943.34907
-11.717813,50,1943.401772
-10.486887,50,1943.449177
-6.022849,50,1944.332736
-8.312825,50,1944.372943
-4.151966,50,1945.212515
-8.051786,50,1945.250763
-12.424288,50,1945.300629
-6.998692,50,1946.061042
-4.414651,50,1946.10072
-8.16817,50,1946.937939
-9.571649,50,1946.977743
-3.871267,50,1947.041116
-5.517185,50,1947.937869
-8.656017,50,1947.97388
-8.552053,50,1948.009379
-8.24328,50,1948.559188
-6.219686,50,1948.597976
-10.590429,50,1949.447305
-8.180769,50,1949.484207
-6.821461,50,1949.518236
-4.594186,50,1950.100366
-10.126479,50,1950.146325
-9.722414,50,1950.841852
-7.798245,50,1950.881225
-6.584904,50,1950.921291
-8.17326,50,1951.802714
-3.266827,50,1951.839344
-7.561816,50,1952.668603
-10.210492,50,1952.733529
-11.73352,50,1952.770318
-8.98695,50,1953.611167
-8.371241,50,1953.650275
-7.90886,50,1954.276681
-6.673343,50,1954.316405
-4.76262,50,1954.352138
-6.016061,50,1955.225574
-6.775103,50,1955.260553
-7.64374,50,1955.295773
-4.53328,50,1955.937753
-5.048047,50,1955.981192
-5.183159,50,1956.807338
-11.331906,50,1956.84762
-8.520551,50,1956.886381
-8.405578,50,1957.668661
-5.649976,50,1957.704098
-6.293555,50,1958.522069
-5.335697,50,1958.558146
-15.582489,50,1958.59475
-7.172393,50,1959.287396
-9.80254,50,1959.329579
-3.316018,50,1960.122962
-2.689736,50,1960.178879
-6.701018,50,1960.236907
-6.799931,50,1961.136571
-4.091462,50,1961.182259
-10.756565,50,1961.221003
-2.881193,50,1962.068057
-6.166146,50,1962.11235
-10.634499,50,1962.96544
-2.15486,50,1963.014116
-7.892898,50,1963.070146
-5.298656,50,1963.958457
-9.393759,50,1963.993618
-9.027663,50,1964.795424
-4.247976,50,1964.850037
-6.524392,50,1964.915718
-7.809629,50,1965.814609
-8.285126,50,1965.851054
-14.537236,50,1966.354882
-5.808196,50,1966.391665
-7.045809,50,1966.427305
-2.31495,50,1966.959898
-10.948012,50,1966.99561
-5.339713,50,1967.617078
-12.37495,50,1967.657482
-6.466404,50,1967.6939
-7.132369,50,1968.581877
-14.000509,50,1968.620866
-6.35063,50,1968.656409
-12.632729,50,1969.53251
-12.699602,50,1969.5717
-3.205057,50,1970.398908
-9.323112,50,1970.435861
-6.679518,50,1970.477374
-7.695293,50,1971.343648
-3.888078,50,1971.378769
-6.189122,50,1972.154629
-10.946084,50,1972.191862
-11.367096,50,1972.23006
-4.378011,50,1972.882146
-11.325304,50,1972.919245
-10.200924,50,1973.612361
-12.03357,50,1973.647725
-5.510257,50,1973.684397
-12.591431,50,1974.572799
-10.747659,50,1974.616164
-7.045236,50,1975.449761
-9.087067,50,1975.484685
-1.892248,50,1975.520494
-8.149646,50,1976.095296
-3.773301,50,1976.132067
-10.509514,50,1976.167197
-2.29223,50,1976.796063
-7.766121,50,1976.832012
-13.604514,50,1977.661066
-5.104064,50,1977.701886
-3.787685,50,1977.743671
-7.668345,50,1978.639703
-12.462339,50,1978.694412
-7.477047,50,1979.560325
-12.322432,50,1979.628349
-6.89049,50,1979.691715
-8.805988,50,1980.589764
-5.241068,50,1980.624509
-9.933332,50,1981.433243
-5.332963,50,1981.469025
-3.40837,50,1981.504914
-12.025702,50,1982.333585
-10.889901,50,1982.382408
-3.9305,50,1982.423743
-5.769723,50,1983.234811
-8.850192,50,1983.273084
-7.487196,50,1984.100114
-13.335288,50,1984.160789
-12.024627,50,1984.217727
-8.702527,50,1985.131679
-4.926574,50,1985.172196
-2.414734,50,1986.02048
-4.181749,50,1986.073175
-5.559317,50,1986.109776
-10.090024,50,1986.988881
-7.145963,50,1987.049588
-12.233372,50,1987.615371
-12.53624,50,1987.657789
-5.865311,50,1987.697666
-9.146217,50,1988.583757
-8.848553,50,1988.639261
-12.703783,50,1989.475603
-9.840133,50,1989.517959
-8.893503,50,1989.559334
-4.019173,50,1990.437275
-12.857879,50,1990.483873
-10.93342,50,1990.526914
-6.976835,50,1991.411481
-5.721675,50,1991.446871
-3.895644,50,1991.944065
-12.009952,50,1991.979734
-6.551786,50,1992.014991
-7.635097,50,1992.884719
-5.77013,50,1992.943347
-2.155813,50,1993.805309
-6.424965,50,1993.869836
-3.761985,50,1993.938207
-5.613531,50,1994.852183
-11.339373,50,1994.896219
-7.913205,50,1995.697249
-13.180999,50,1995.735963
-13.582855,50,1995.780033
-5.160143,50,1996.659155
-3.16558,50,1996.698715
-4.262151,50,1997.529157
-6.849458,50,1997.572258
-13.630954,50,1997.637554
-7.275853,50,1998.565221
-13.338879,50,1998.601159
-8.943325,50,1998.636906
-11.799945,50,1999.515746
-12.463989,50,1999.554529
-11.156563,50,2000.379817
-5.325843,50,2000.4292
-3.081546,50,2000.491695
-6.020916,50,2001.360981
-11.91084,50,2001.410488
-3.766477,50,2002.260309
-7.185363,50,2002.320985
-11.937975,50,2002.35654
-4.880779,50,2003.230241
-2.68697,50,2003.269573
-12.877913,50,2004.125545
-8.603966,50,2004.170923
-9.918141,50,2004.221849
-2.15496,50,2005.093283
-2.637236,50,2005.132232
-10.941346,50,2005.172545
-4.39719,50,2005.952642
-7.067422,50,2005.992863
-7.062451,50,2006.619849
-6.77065,50,2006.66057
-7.179253,50,2006.699614
-7.476186,50,2007.582257
-11.430555,50,2007.630543
-7.0926,50,2008.478128
-2.65755,50,2008.543381
-11.480861,50,2008.587636
-2.694127,50,2009.44732
-5.586888,50,2009.483517
-2.939167,50,2010.314933
-9.871361,50,2010.352076
-10.81948,50,2010.387781
-5.968083,50,2011.173576
-5.895219,50,2011.213602
-3.107958,50,2012.036542
-6.857158,50,2012.075195
-8.265617,50,2012.111542
-6.773123,50,2012.897923
-3.723877,50,2012.937003
-3.431046,50,2012.979412
-9.959702,50,2013.850909
-9.092342,50,2013.886419
-8.189263,50,2014.409501
-8.353943,50,2014.451618
-11.959865,50,2014.49102
-7.646929,50,2015.377047
-7.000102,50,2015.417863
-8.624076,50,2016.248585
-3.507954,50,2016.286324
-6.065029,50,2016.324401
-9.860613,50,2017.198772
-4.908488,50,2017.236929
-4.547853,50,2018.050298
-5.777182,50,2018.097101
-7.89788,50,2018.157309
-12.399739,50,2019.036257
-6.947039,50,2019.071298
-6.760804,50,2019.89634
-8.429435,50,2019.932833
-11.170091,50,2019.977699
-9.59688,50,2020.837995
-3.770437,50,2020.877198
-9.283411,50,2020.939911
-9.421249,50,2021.83086
-6.47728,50,2021.869388
-12.516201,50,2022.69547
-4.607435,50,2022.73412
-10.158138,50,2022.778324
-11.022675,50,2023.669466
-9.938346,50,2023.711581
-12.088996,50,2024.546225
-9.625868,50,2024.587944
-6.086256,50,2024.627998
-7.52779,50,2025.504216
-2.947539,50,2025.541958
-11.80088,50,2026.043313
-11.049202,50,2026.08418
-4.724269,50,2026.124587
-12.268112,50,2027.020576
-12.26455,50,2027.058677
-9.988595,50,2027.104293
-10.529839,50,2027.89327
-4.164316,50,2027.931886
-3.935987,50,2028.660387
-6.863264,50,2028.713455
-3.957034,50,2028.777569
-3.709965,50,2029.671741
-4.243171,50,2029.710038
-8.389911,50,2030.487085
-6.251767,50,2030.526835
-12.091411,50,2030.56882
-6.718861,50,2031.450067
-10.305395,50,2031.489184
-8.299514,50,2032.316011
-2.374674,50,2032.354999
-8.373992,50,2032.394164
-10.28592,50,2033.276515
-7.38451,50,2033.313021
-15.409517,50,2033.820072
-6.669018,50,2033.86359
-10.650694,50,2033.905305
-7.014286,50,2034.786815
-7.483263,50,2034.823707
-7.351231,50,2034.859981
-8.59543,50,2035.427776
-6.610459,50,2035.464032
-4.862811,50,2036.281144
-3.527169,50,2036.319247
-12.930911,50,2036.355432
-6.741842,50,2037.240825
-11.23454,50,2037.287316
-10.117716,50,2038.130773
-7.796446,50,2038.175082
-6.948835,50,2038.217109
-11.248285,50,2039.107677
-7.785569,50,2039.146557
-6.078007,50,2039.936581
-5.512346,50,2039.98166
-6.955792,50,2040.02633
-2.12086,50,2040.905605
-10.155462,50,2040.945616
-6.997314,50,2041.780621
-7.248095,50,2041.819952
-11.648269,50,2041.855357
-1.716072,50,2042.724459
-9.987569,50,2042.761153
-8.955906,50,2042.802745
-9.182933,50,2043.68042
-10.644089,50,2043.716082
-10.375133,50,2044.532526
-13.549171,50,2044.59253
-2.382848,50,2044.644738
-14.211517,50,2045.547181
-5.062109,50,2045.58648
-6.451461,50,2046.44009
-3.717887,50,2046.479079
-8.265449,50,2046.517963
-7.046207,50,2047.186526
-7.153136,50,2047.225439
-6.593067,50,2048.081815
-10.400092,50,2048.132387
-6.724806,50,2048.191089
-5.374811,50,2049.100537
-9.555457,50,2049.144199
-3.707641,50,2049.197324
-7.859888,50,2050.03101
-5.58206,50,2050.085957
-6.426985,50,2050.91742
-13.599251,50,2050.955728
-8.091124,50,2050.996722
-9.155054,50,2051.878664
-8.975658,50,2051.922446
-10.563487,50,2052.742881
-8.626996,50,2052.793525
-10.296243,50,2052.854442
-10.217212,50,2053.746105
-5.47614,50,2053.783989
-3.701989,50,2054.61387
-11.578491,50,2054.661796
-6.574144,50,2054.71761
-10.351703,50,2055.616227
-9.129304,50,2055.652187
-8.745582,50,2056.475822
-5.214109,50,2056.514583
-6.327275,50,2056.549836
-14.078996,50,2057.430735
-9.770396,50,2057.469694
-6.375333,50,2057.524977
-5.926466,50,2058.353234
-6.405477,50,2058.390055
-5.800638,50,2058.904012
-6.377944,50,2058.940214
-10.448042,50,2058.975732
-11.451035,50,2059.849826
-3.022902,50,2059.89049
-6.312747,50,2060.722557
-8.493895,50,2060.764824
-7.604893,50,2060.801013
-10.154562,50,2061.394867
-6.654477,50,2061.434326
-9.281195,50,2062.265655
-10.476038,50,2062.304307
-11.985121,50,2062.339363
-3.339928,50,2063.225102
-13.394916,50,2063.280743
-7.716376,50,2064.142784
-4.082459,50,2064.184504
-10.358207,50,2064.232217
-6.752694,50,2065.155414
-10.179542,50,2065.196057
-8.281373,50,2065.238414
-5.063251,50,2066.127348
-12.337669,50,2066.17075
-7.298381,50,2066.863794
-4.061995,50,2066.902258
-8.430705,50,2066.959806
-2.078636,50,2067.864404
-13.26584,50,2067.905323
-5.705368,50,2068.583686
-6.29544,50,2068.625105
-5.39284,50,2068.664943
-13.586999,50,2069.543123
-8.384823,50,2069.579563
-9.620039,50,2070.243484
-7.936218,50,2070.282225
-8.577761,50,2070.317528
-7.48213,50,2071.198407
-8.272937,50,2071.24043
-11.284426,50,2071.284009
-10.915507,50,2072.073901
-6.009179,50,2072.112264
-10.256321,50,2072.685686
-9.881095,50,2072.722777
-6.385611,50,2072.759415
-10.249132,50,2073.304477
-6.435122,50,2073.349663
-4.482721,50,2074.186423
-6.95273,50,2074.246577
-4.806199,50,2074.309768
-7.117003,50,2075.202203
-3.99407,50,2075.245809
-8.796819,50,2076.078029
-7.52153,50,2076.116843
-12.53157,50,2076.162145
-9.274507,50,2077.052872
-12.645086,50,2077.093067
-11.443519,50,2077.914392
-10.109637,50,2077.954795
-9.45483,50,2077.994004
-3.43826,50,2078.870509
-8.643621,50,2078.907666
-6.042811,50,2078.946395
-5.069438,50,2079.823071
-9.790006,50,2079.864013
-6.605931,50,2080.713964
-7.474824,50,2080.78694
-6.868692,50,2080.860106
-12.734825,50,2081.76441
-12.096138,50,2081.80073
-13.728289,50,2082.621385
-3.846576,50,2082.660007
-10.251872,50,2082.700917
-5.747967,50,2083.572799
-3.990562,50,2083.614005
-5.679689,50,2084.451369
-13.780655,50,2084.496051
-11.532827,50,2084.535332
-9.416959,50,2085.411998
-6.123863,50,2085.455232
-10.428782,50,2086.294619
-8.718431,50,2086.333762
-7.249217,50,2086.3789
-6.738377,50,2087.263269
-6.046789,50,2087.299635
-5.458587,50,2087.33499
-9.903841,50,2088.228087
-10.654919,50,2088.26856
-2.755471,50,2089.100698
-10.282202,50,2089.150306
-7.083223,50,2089.195944
-9.450905,50,2090.092587
-6.834757,50,2090.128854
-6.788387,50,2090.923341
-7.471769,50,2090.964228
-7.679371,50,2091.017687
-8.862367,50,2091.908779
-5.9711,50,2091.951933
-8.261095,50,2092.78737
-8.442292,50,2092.826439
-6.750626,50,2092.865427
-4.9765,50,2093.648441
-9.486174,50,2093.683632
-10.058477,50,2093.71859
-8.898916,50,2094.28513
-5.300983,50,2094.32603
-12.569488,50,2095.091526
-11.550519,50,2095.133947
-9.245742,50,2095.192039
-7.017471,50,2096.082489
-8.042603,50,2096.124169
-6.472255,50,2096.9673
-9.806004,50,2097.021543
-11.859567,50,2097.066128
-8.774371,50,2097.924485
-9.666325,50,2097.986174
-4.730139,50,2098.816248
-8.900578,50,2098.855511
-8.399614,50,2098.895149
-6.520149,50,2099.795661
-9.791584,50,2099.831485
-5.583814,50,2100.630813
-8.362254,50,2100.675441
-9.034874,50,2100.720298
-10.379175,50,2101.493525
-7.051532,50,2101.540688
-6.121847,50,2101.588503
-5.503283,50,2102.476269
-9.535806,50,2102.511856
-8.655318,50,2103.26496
-7.324573,50,2103.303709
-12.818305,50,2103.345368
-11.227329,50,2104.237261
-5.666432,50,2104.273306
-9.907255,50,2105.034031
-7.999267,50,2105.069323
-12.21571,50,2105.104656
-11.955917,50,2105.988199
-11.214158,50,2106.023889
-8.191386,50,2106.738948
-6.837344,50,2106.774459
-8.635494,50,2106.810091
-6.759246,50,2107.612443
-12.361896,50,2107.653863
-7.919979,50,2108.414993
-8.570695,50,2108.451733
-6.254152,50,2108.495785
-7.7903,50,2109.379073
-9.183215,50,2109.417614
-9.415694,50,2109.457531
-6.661927,50,2110.20668
-6.188016,50,2110.246897
-7.133968,50,2111.07839
-5.922926,50,2111.115272
-7.832536,50,2111.151125
-6.573829,50,2112.02628
-8.540551,50,2112.063151
-6.268878,50,2112.872364
-7.23992,50,2112.907697
-7.30941,50,2112.943944
-6.075306,50,2113.823919
-7.829084,50,2113.866765
-7.492127,50,2114.699313
-9.345388,50,2114.734813
-9.500969,50,2114.771662
-7.118743,50,2115.544713
-6.371801,50,2115.586996
-6.997477,50,2115.627369
-8.163007,50,2116.165537
-8.244657,50,2116.210538
-7.451401,50,2117.052721
-7.839698,50,2117.091364
-9.357831,50,2117.133049
-6.76388,50,2117.97988
-7.287909,50,2118.020054
-8.559911,50,2118.603287
-8.847192,50,2118.63911
-6.896826,50,2118.676693
-12.58518,50,2119.552986
-9.432725,50,2119.589532
-9.619354,50,2120.410101
-9.912733,50,2120.449616
-11.854336,50,2120.513596
-10.339107,50,2121.411859
-8.794918,50,2121.45679
-8.186079,50,2122.299802
-8.992043,50,2122.337467
-6.761736,50,2122.374368
-7.389944,50,2123.246991
-7.553993,50,2123.286571
-7.854482,50,2123.329265
-11.323212,50,2124.199067
-8.113301,50,2124.234783
-9.948015,50,2125.081082
-8.685303,50,2125.143554
-13.94637,50,2125.214821
-8.583651,50,2126.053476
-6.541893,50,2126.09951
-6.322393,50,2126.614685
-8.938243,50,2126.650772
-7.574375,50,2126.6862
-12.91614,50,2127.41344
-6.349911,50,2127.453237
-7.143579,50,2128.185252
-15.399857,50,2128.223897
-8.792791,50,2128.263513
-11.643148,50,2129.158488
-6.422731,50,2129.196977
-14.533046,50,2130.023714
-10.564143,50,2130.059584
-12.042493,50,2130.095869
-8.36505,50,2130.637057
-8.586716,50,2130.673103
-7.52623,50,2130.708775
-7.27641,50,2131.590315
-7.461879,50,2131.638166
-8.829327,50,2132.50463
-7.046108,50,2132.54284
-8.68301,50,2132.584187
-9.660487,50,2133.487147
-15.61388,50,2133.533147
-11.637006,50,2134.355103
-8.046103,50,2134.396373
-11.110504,50,2134.458705
-8.266857,50,2135.362454
-8.020795,50,2135.403457
-12.513547,50,2136.240429
-9.238828,50,2136.281223
-7.23249,50,2136.328837
-7.055046,50,2137.201519
-9.950418,50,2137.240349
-7.809644,50,2137.281286
-9.06358,50,2138.110863
-9.12379,50,2138.152584
-6.999763,50,2138.942734
-9.022719,50,2138.978303
-8.709194,50,2139.017053
-6.878934,50,2139.651076
-6.990854,50,2139.690222
-9.167468,50,2140.51908
-5.875135,50,2140.557366
-9.023181,50,2140.620076
-10.79033,50,2141.513207
-11.03742,50,2141.549652
-7.980781,50,2142.36536
-6.433739,50,2142.402384
-5.721727,50,2142.437708
-7.926104,50,2143.289415
-6.20296,50,2143.324522
-9.396849,50,2143.826846
-12.240159,50,2143.863777
-8.256904,50,2143.900558
-7.793917,50,2144.732399
-10.497501,50,2144.769799
-7.535367,50,2144.805346
-8.891077,50,2145.341005
-10.301108,50,2145.377177
-7.083984,50,2146.205343
-6.853369,50,2146.266505
-6.366199,50,2146.326582
-9.486528,50,2147.19378
-7.240611,50,2147.232947
-6.978035,50,2148.064683
-5.819394,50,2148.112862
-8.347701,50,2148.179015
-6.329831,50,2149.069301
-9.006084,50,2149.111673
-9.592987,50,2149.924008
-7.962089,50,2149.968975
-10.407349,50,2150.00883
-5.912679,50,2150.91633
-7.500484,50,2150.957372
-6.526159,50,2151.771748
-10.363028,50,2151.807404
-7.805405,50,2151.843125
-6.946916,50,2152.721381
-6.285751,50,2152.764208
-9.882943,50,2152.806192
-7.438198,50,2153.690819
-8.575965,50,2153.727525
-8.187478,50,2154.549252
-10.224021,50,2154.586852
-6.17509,50,2154.623674
-6.871657,50,2155.225703
-6.133459,50,2155.267442
-6.046547,50,2155.791622
-7.946213,50,2155.827752
-13.259772,50,2155.86487
-5.776528,50,2156.74884
-12.326138,50,2156.794668
-8.318184,50,2157.624845
-5.924638,50,2157.662563
-5.985856,50,2157.701337
-5.935932,50,2158.585279
-7.5135,50,2158.622214
-7.59258,50,2158.659284
-8.238968,50,2159.483269
-6.339762,50,2159.546467
-6.143646,50,2160.385948
-7.455539,50,2160.422572
-7.148573,50,2160.45803
-9.853437,50,2161.306674
-11.203439,50,2161.341642
-6.301815,50,2162.032984
-7.911141,50,2162.07298
-7.054659,50,2162.113368
-7.279332,50,2162.997196
-11.177628,50,2163.049418
-11.824877,50,2163.914648
-7.567298,50,2163.953034
-6.303172,50,2163.990082
-13.237535,50,2164.528332
-9.654396,50,2164.567843
-10.33594,50,2165.377891
-9.338581,50,2165.414331
-6.327502,50,2165.450864
-9.795673,50,2166.32984
-8.756202,50,2166.368358
-6.325224,50,2166.415172
-7.738209,50,2167.30218
-7.791394,50,2167.343599
-14.663625,50,2168.15092
-12.778158,50,2168.187445
-6.489019,50,2168.223594
-7.768223,50,2169.095133
-9.672791,50,2169.130601
-9.557723,50,2169.628723
-7.186556,50,2169.665354
-4.796667,50,2169.701937
-13.022813,50,2170.562055
-8.832159,50,2170.604414
-6.740628,50,2171.441793
-6.144616,50,2171.485875
-8.404727,50,2171.526928
-6.631803,50,2172.400345
-6.254173,50,2172.443443
-6.219691,50,2173.207882
-9.252305,50,2173.245819
-7.930341,50,2173.282311
-13.311343,50,2173.887936
-6.937405,50,2173.928043
-6.022085,50,2173.966624
-10.693571,50,2174.852782
-6.400406,50,2174.888211
-8.766941,50,2175.713269
-6.85996,50,2175.777896
-9.007415,50,2175.842047
-10.784549,50,2176.731011
-8.251377,50,2176.772238
-9.947161,50,2177.602958
-7.436353,50,2177.644373
-10.497572,50,2177.683563
-9.76146,50,2178.570106
-8.993172,50,2178.614828
-6.406548,50,2179.444463
-8.902904,50,2179.492308
-9.024876,50,2179.533293
-5.978157,50,2180.291241
-6.484251,50,2180.331534
-11.925889,50,2180.369142
-7.88216,50,2180.885677
-10.205056,50,2180.927232
-7.1876,50,2181.691858
-12.288246,50,2181.728639
-7.645439,50,2181.77105
-9.43051,50,2182.65123
-9.873247,50,2182.709688
-8.984335,50,2183.55994
-10.167015,50,2183.605941
-11.807801,50,2183.64571
-13.404943,50,2184.273544
-9.66883,50,2184.318766
-7.359498,50,2185.049638
-7.255901,50,2185.104581
-9.146495,50,2185.150391
-6.434331,50,2185.841507
-9.620956,50,2185.876483
-5.271528,50,2186.704561
-7.234653,50,2186.74245
-8.187728,50,2186.778609
-13.912207,50,2187.642477
-7.157881,50,2187.678409
-7.945399,50,2187.713689
-10.123745,50,2188.597587
-9.026379,50,2188.635977
-8.971812,50,2189.481816
-11.002527,50,2189.519242
-7.362952,50,2189.561486
-5.446558,50,2190.444595
-5.779113,50,2190.48591
-13.002347,50,2191.251522
-10.722956,50,2191.286858
-7.807966,50,2191.322824
-8.477912,50,2192.039228
-8.387628,50,2192.075086
-10.240951,50,2192.901784
-11.62953,50,2192.941715
-10.200176,50,2192.980453
-8.648683,50,2193.869503
-5.083756,50,2193.90965
-8.751777,50,2194.74351
-9.012289,50,2194.783966
-7.022543,50,2194.820285
-6.77744,50,2195.696491
-7.207695,50,2195.736401
-8.045378,50,2195.784092
-14.460378,50,2196.672302
-13.184065,50,2196.71125
-5.320705,50,2197.537111
-13.85299,50,2197.579106
-13.1412,50,2197.645569
-6.249719,50,2198.509606
-6.328673,50,2198.548859
-11.01908,50,2199.383133
-10.399309,50,2199.422864
-7.064138,50,2199.462158
-7.431311,50,2200.348813
-6.234167,50,2200.388119
-10.41757,50,2201.255632
-9.486642,50,2201.328268
-11.068708,50,2201.384212
-12.671183,50,2202.269947
-6.103282,50,2202.309933
-8.621459,50,2202.34915
-7.470921,50,2203.17369
-9.427536,50,2203.21256
-7.204426,50,2204.050975
-7.588375,50,2204.087685
-6.552918,50,2204.124366
-8.948643,50,2205.003313
-9.5889,50,2205.042083
-7.240096,50,2205.872597
-13.826133,50,2205.936128
-6.292506,50,2206.004953
-7.621442,50,2206.898913
-6.807335,50,2206.934645
-8.110137,50,2207.759784
-8.381072,50,2207.802794
-9.562842,50,2207.842139
-6.486548,50,2208.722212
-10.555964,50,2208.761364
-6.635575,50,2209.580759
-9.926856,50,2209.621829
-6.195159,50,2209.674306
-7.547317,50,2210.536091
-7.036968,50,2210.572133
-6.669733,50,2210.608806
-7.567954,50,2211.150346
-9.006194,50,2211.185927
-13.089595,50,2212.019204
-5.616406,50,2212.054744
-12.996321,50,2212.091658
-11.901185,50,2212.952293
-6.586337,50,2212.996438
-5.634366,50,2213.805953
-13.084062,50,2213.844562
-10.069487,50,2213.901051
-10.116005,50,2214.806045
-7.261475,50,2214.851935
-6.095846,50,2215.689728
-5.018668,50,2215.74257
-7.325243,50,2215.781626
-7.160939,50,2216.396751
-8.855869,50,2216.436565
-8.784236,50,2217.26647
-7.883989,50,2217.303843
-6.627809,50,2217.33933
-6.606844,50,2218.124756
-7.742152,50,2218.163762
-7.392762,50,2218.199469
-13.416755,50,2219.076644
-10.385298,50,2219.112229
-8.902132,50,2219.939458
-6.644841,50,2219.990243
-6.612494,50,2220.050888
-7.035418,50,2220.936229
-7.640847,50,2220.976272
-7.90111,50,2221.792987
-8.545799,50,2221.837764
-7.461356,50,2221.876812
-8.787299,50,2222.736431
-7.810861,50,2222.776095
-6.572861,50,2223.605885
-8.961818,50,2223.659081
-6.777896,50,2223.696518
-7.49303,50,2224.637286
-11.234277,50,2224.672793
-6.552044,50,2224.707969
-6.334683,50,2225.218689
-6.342207,50,2225.258206
-6.591628,50,2226.058091
-9.249059,50,2226.09845
-5.358582,50,2226.138724
-8.817729,50,2227.028385
-7.306115,50,2227.072519
-12.120612,50,2227.890048
-7.607349,50,2227.941249
-6.150364,50,2227.997015
-5.88897,50,2228.898129
-7.437933,50,2228.937466
-6.061233,50,2229.760943
-8.6495,50,2229.801262
-6.498099,50,2229.840465
-10.780617,50,2230.721787
-7.608753,50,2230.760857
-7.396014,50,2231.586607
-13.530826,50,2231.635375
-5.804148,50,2231.679166
-3.664332,50,2232.552777
-6.475348,50,2232.589037
-8.138703,50,2232.625335
-6.051784,50,2233.178229
-5.836399,50,2233.221639
-8.709488,50,2234.055677
-3.731975,50,2234.094565
-9.68334,50,2234.133577
-8.996675,50,2235.043087
-6.183394,50,2235.079946
-4.437083,50,2235.901004
-6.907542,50,2235.93623
-5.506318,50,2235.972173
-5.144252,50,2236.859548
-7.639519,50,2236.894926
-11.000575,50,2237.721033
-9.26297,50,2237.759931
-5.116869,50,2237.801472
-7.62054,50,2238.68419
-5.584599,50,2238.733093
-6.089916,50,2239.543568
-7.960538,50,2239.585295
-6.841719,50,2239.627106
-3.120641,50,2240.524653
-13.69854,50,2240.561486
-5.136007,50,2240.600294
-7.232951,50,2241.478962
-4.558866,50,2241.519663
-6.393861,50,2242.355694
-6.583632,50,2242.392701
-7.844781,50,2242.432592
-4.10507,50,2243.279798
-3.605372,50,2243.318444
-14.385054,50,2244.146225
-8.545959,50,2244.193575
-13.374619,50,2244.249015
-4.817897,50,2245.140145
-9.232858,50,2245.19854
-6.524565,50,2246.048037
-13.589518,50,2246.083478
-4.293034,50,2246.118724
-8.312133,50,2246.977494
-9.630467,50,2247.015339
-9.359243,50,2247.053119
-11.959205,50,2247.859938
-11.304868,50,2247.904865
-8.748116,50,2248.658707
-13.598535,50,2248.699475
-3.543997,50,2248.743389
-9.449055,50,2249.505556
-8.068497,50,2249.541545
-6.903856,50,2250.130134
-9.31385,50,2250.168683
-9.618041,50,2250.222042
-4.132451,50,2251.118408
-11.660746,50,2251.157112
-5.437318,50,2251.989033
-7.21708,50,2252.028186
-8.262104,50,2252.06931
-7.59344,50,2252.962301
-10.213466,50,2253.004127
-10.885415,50,2253.822676
-7.154751,50,2253.862956
-10.360884,50,2253.910301
-9.164258,50,2254.7975
-7.364828,50,2254.837435
-11.659231,50,2254.874635
-9.775648,50,2255.743185
-10.973695,50,2255.788473
-2.809377,50,2256.63062
-4.108745,50,2256.667578
-7.298541,50,2256.702834
-12.251636,50,2257.261361
-3.530524,50,2257.304554
-8.858492,50,2257.814221
-9.826068,50,2257.853211
-6.631432,50,2257.896178
-9.185999,50,2258.779527
-6.034887,50,2258.815924
-7.00378,50,2259.329844
-4.309464,50,2259.366098
-3.911759,50,2259.407711
-2.880651,50,2260.290712
-4.645649,50,2260.32826
-4.746165,50,2260.85992
-8.215187,50,2260.906037
-7.225405,50,2260.944827
-10.356061,50,2261.846402
-5.20694,50,2261.881769
-4.88506,50,2261.91651
-13.229543,50,2262.644179
-8.029626,50,2262.692295
-7.04988,50,2263.198692
-7.330481,50,2263.234736
-4.877937,50,2263.28483
-8.922031,50,2264.176489
-10.155063,50,2264.215668
-5.628203,50,2265.072608
-3.787863,50,2265.140185
-7.657071,50,2265.191355
-7.946894,50,2266.09299
-10.526254,50,2266.134663
-1.740072,50,2266.956165
-12.140946,50,2266.991335
-7.907828,50,2267.025895
-7.890776,50,2267.888236
-7.852556,50,2267.943193
-5.910184,50,2267.991869
-4.999789,50,2268.800498
-8.0599,50,2268.836347
-8.365698,50,2269.620135
-11.725423,50,2269.659704
-3.156951,50,2269.727484
-9.890881,50,2270.374249
-10.942255,50,2270.420113
-7.439697,50,2271.12552
-9.445283,50,2271.167716
-10.88811,50,2271.210446
-7.712558,50,2272.10705
-6.621449,50,2272.155425
-6.740429,50,2272.842417
-9.794965,50,2272.880687
-3.450516,50,2272.920699
-9.145231,50,2273.806653
-6.982684,50,2273.842631
-8.168847,50,2274.343894
-8.973937,50,2274.37938
-13.916599,50,2274.414725
-3.984426,50,2275.298275
-5.838228,50,2275.333488
-11.793425,50,2275.371729
-7.556268,50,2276.054782
-4.606225,50,2276.095334
-8.361822,50,2276.912476
-6.921289,50,2276.951815
-3.409524,50,2276.991673
-8.718262,50,2277.882343
-9.098303,50,2277.925948
-9.464142,50,2278.752824
-6.853117,50,2278.791727
-11.471109,50,2278.845824
-2.442904,50,2279.714155
-5.807671,50,2279.758852
-10.757865,50,2280.581378
-10.877025,50,2280.628308
-5.617892,50,2280.689026
-6.983979,50,2281.597059
-9.930612,50,2281.634145
-5.411665,50,2282.157333
-5.493028,50,2282.201255
-8.875065,50,2282.242128
-12.807335,50,2283.12251
-8.111579,50,2283.163741
-8.522032,50,2283.202598
-7.450328,50,2284.079924
-7.581758,50,2284.116787
-3.768162,50,2284.620392
-8.303182,50,2284.655543
-3.867632,50,2284.690668
-8.460895,50,2285.369895
-4.642951,50,2285.411542
-8.621363,50,2286.239397
-6.790223,50,2286.277856
-8.415814,50,2286.321087
-7.495294,50,2287.230624
-4.656924,50,2287.271863
-7.690776,50,2287.935641
-9.080131,50,2287.980452
-8.231421,50,2288.037218
-5.806217,50,2288.931153
-11.013884,50,2288.976136
-7.834229,50,2289.015854
-7.880648,50,2289.63608
-7.348089,50,2289.677238
-6.531494,50,2290.461855
-7.147724,50,2290.502526
-11.899508,50,2290.575142
-7.837526,50,2291.461245
-6.933523,50,2291.496633
-7.038887,50,2292.287183
-7.681511,50,2292.340404
-8.771155,50,2292.37703
-7.762457,50,2293.249355
-12.882407,50,2293.284662
-1.108884,50,2293.801211
-5.285499,50,2293.837396
-5.232407,50,2293.873681
-4.952274,50,2294.717462
-2.117967,50,2294.759647
-9.248457,50,2295.267035
-3.981545,50,2295.308038
-9.670259,50,2295.346275
-8.989403,50,2296.135619
-6.399932,50,2296.179717
-1.755807,50,2296.235786
-11.45803,50,2297.124646
-8.967841,50,2297.171359
-4.586201,50,2297.987771
-7.701186,50,2298.022993
-8.702884,50,2298.066596
-5.523782,50,2298.689653
-5.809848,50,2298.728406
-3.071004,50,2299.493469
-8.065143,50,2299.529028
-6.587725,50,2299.564984
-7.994544,50,2300.398852
-14.46592,50,2300.438464
-8.290339,50,2301.281869
-8.808844,50,2301.345036
-10.452762,50,2301.396842
-8.929809,50,2302.251569
-5.702102,50,2302.292725
-8.291187,50,2303.111766
-7.263124,50,2303.156246
-7.614919,50,2303.197137
-8.788574,50,2304.071339
-4.972804,50,2304.109041
-8.40674,50,2304.174763
-6.903446,50,2305.066671
-8.763268,50,2305.105202
-12.47382,50,2305.732866
-9.308906,50,2305.776201
-10.50267,50,2305.817308
-10.002803,50,2306.703931
-8.216792,50,2306.744884
-6.753242,50,2307.577739
-5.942684,50,2307.613955
-10.051047,50,2307.651094
-6.639611,50,2308.53111
-6.287013,50,2308.570149
-13.133038,50,2309.40476
-7.416011,50,2309.449147
-2.55081,50,2309.488113
-2.417925,50,2310.338304
-6.074186,50,2310.373567
-10.747141,50,2310.409034
-10.763742,50,2310.908417
-9.191668,50,2310.944417
-7.845548,50,2311.772071
-9.982535,50,2311.808261
-8.010941,50,2311.843639
-9.717442,50,2312.51085
-7.345143,50,2312.571731
-4.264576,50,2313.43218
-9.248886,50,2313.471061
-5.045245,50,2313.511208
-7.543278,50,2314.373431
-7.481654,50,2314.411225
-8.605511,50,2315.209542
-11.283992,50,2315.271876
-7.701509,50,2315.337408
-5.28933,50,2316.234568
-11.857154,50,2316.275513
-6.958856,50,2317.103477
-8.167834,50,2317.142452
-5.39531,50,2317.20557
-3.94786,50,2318.107373
-10.420905,50,2318.142541
-11.916252,50,2318.185511
-3.502144,50,2319.059711
-5.770352,50,2319.099805
-4.418118,50,2319.667574
-5.415242,50,2319.708539
-3.065684,50,2319.745839
-9.82898,50,2320.629274
-7.467198,50,2320.665976
-6.402655,50,2321.178205
-4.677732,50,2321.215881
-8.34838,50,2321.252757
-9.521307,50,2322.102437
-6.502163,50,2322.13797
-3.363607,50,2322.967299
-12.180177,50,2323.003123
-2.440335,50,2323.039129
-6.448142,50,2323.635743
-4.592817,50,2323.670932
-6.617272,50,2324.374037
-5.571989,50,2324.434609
-4.427635,50,2324.477412
-9.897552,50,2325.342158
-6.630663,50,2325.381367
-4.163436,50,2325.425169
-7.524876,50,2326.29272
-7.339831,50,2326.328451
-12.371016,50,2327.154766
-6.066183,50,2327.19332
-7.449925,50,2327.233228
-6.213514,50,2328.117222
-7.030583,50,2328.153463
-1.625169,50,2328.978106
-9.726961,50,2329.019147
-2.639046,50,2329.061219
-8.542368,50,2329.955513
-5.667145,50,2329.992393
-12.47004,50,2330.823787
-9.208716,50,2330.859601
-4.446679,50,2330.896062
-6.148301,50,2331.78626
-4.734207,50,2331.829731
-7.513977,50,2331.86521
-3.144105,50,2332.702711
-12.243096,50,2332.741465
-8.355896,50,2333.59606
-7.583145,50,2333.650769
-7.418793,50,2333.700773
-5.999417,50,2334.589246
-5.128331,50,2334.628751
-10.038895,50,2335.474595
-8.134198,50,2335.511011
-7.606763,50,2335.5462
-9.823933,50,2336.407219
-6.368542,50,2336.451302
-11.290119,50,2336.959794
-12.427203,50,2336.999117
-5.255669,50,2337.037308
-4.29064,50,2337.931651
-11.109509,50,2337.968349
-9.337694,50,2338.794247
-8.587832,50,2338.852026
-4.072208,50,2338.891523
-6.431406,50,2339.769297
-7.236942,50,2339.805843
-9.290459,50,2339.844026
-8.826001,50,2340.441451
-8.916573,50,2340.47897
-10.094129,50,2340.993297
-10.358133,50,2341.030093
-8.123196,50,2341.068646
-4.870404,50,2341.931911
-9.520985,50,2341.970828
-10.620684,50,2342.822601
-9.804012,50,2342.881647
-3.044255,50,2342.94371
-5.14708,50,2343.838985
-7.048461,50,2343.877988
-7.36328,50,2344.702534
-3.873947,50,2344.74209
-9.706403,50,2344.784561
-11.022418,50,2345.663553
-3.213799,50,2345.721437
-13.174767,50,2346.575508
-12.701423,50,2346.615097
-7.783786,50,2346.667212
-9.397203,50,2347.526021
-5.603417,50,2347.56152
-12.454323,50,2347.596839
-9.889102,50,2348.160409
-11.376208,50,2348.198606
-5.912535,50,2349.002214
-8.93179,50,2349.04334
-8.475183,50,2349.086816
-11.751534,50,2349.974689
-6.520045,50,2350.009413
-12.890374,50,2350.51609
-11.40249,50,2350.553646
-7.486918,50,2350.589818
-11.065784,50,2351.125331
-8.446429,50,2351.166104
-12.061907,50,2351.983878
-8.288365,50,2352.026311
-9.173905,50,2352.061627
-5.994926,50,2352.862512
-5.235647,50,2352.897924
-7.80757,50,2352.936707
-4.801879,50,2353.762888
-13.876189,50,2353.806299
-5.772775,50,2354.622498
-13.236905,50,2354.676258
-4.681531,50,2354.73471
-9.078711,50,2355.637473
-6.427349,50,2355.673706
-7.963344,50,2356.333052
-10.546547,50,2356.374195
-12.155939,50,2356.4138
-8.008991,50,2357.299297
-12.387371,50,2357.340048
-10.263085,50,2358.169213
-13.627086,50,2358.208369
-9.827649,50,2358.255488
-9.528986,50,2359.149251
-6.612747,50,2359.187938
-7.77883,50,2360.031375
-9.543318,50,2360.069948
-9.996667,50,2360.105704
-8.914321,50,2360.986009
-9.20643,50,2361.026744
-5.11874,50,2361.070695
-11.7647,50,2361.957513
-7.731228,50,2361.997944
-8.031038,50,2362.838435
-3.553998,50,2362.884797
-12.833011,50,2362.931662
-4.677976,50,2363.783584
-3.007363,50,2363.818566
-6.518545,50,2364.474988
-12.485715,50,2364.516669
-4.012789,50,2364.551438
-3.931245,50,2365.425813
-11.244561,50,2365.465105
-4.722133,50,2366.260386
-3.526909,50,2366.299417
-5.369588,50,2366.335968
-8.151642,50,2366.955864
-8.915335,50,2367.007266
-4.814238,50,2367.554925
-11.615317,50,2367.590717
-6.213602,50,2367.627464
-6.514417,50,2368.433033
-7.013187,50,2368.468613
-9.738233,50,2368.504142
-8.498565,50,2369.377085
-4.796425,50,2369.415534
-4.259202,50,2370.268969
-10.325516,50,2370.30829
-9.096256,50,2370.346428
-6.530805,50,2370.883185
-9.075567,50,2370.918152
-6.961475,50,2371.752366
-7.866257,50,2371.81364
-6.883268,50,2371.87353
-3.357731,50,2372.749703
-7.745292,50,2372.785904
-10.198778,50,2373.549987
-7.848066,50,2373.605494
-6.609474,50,2373.642174
-7.196746,50,2374.513887
-11.193256,50,2374.550189
-5.289859,50,2374.585433
-9.457798,50,2375.415869
-4.946497,50,2375.454094
-5.349071,50,2376.276458
-9.09145,50,2376.312628
-8.797765,50,2376.349354
-5.823917,50,2377.207496
-6.408989,50,2377.254122
-5.83793,50,2378.103795
-8.49102,50,2378.142538
-6.064336,50,2378.191257
-5.412158,50,2379.051564
-7.903051,50,2379.090141
-8.573659,50,2379.910949
-8.282704,50,2379.948945
-3.358024,50,2379.98759
-5.13607,50,2380.864642
-8.131423,50,2380.906539
-6.826775,50,2381.706692
-5.478458,50,2381.752249
-6.718331,50,2381.82061
-5.963741,50,2382.719387
-8.240693,50,2382.757704
-6.449925,50,2382.823049
-6.34159,50,2383.703659
-8.93005,50,2383.739126
-5.975419,50,2384.237046
-6.156687,50,2384.277867
-5.537031,50,2384.319511
-4.804901,50,2385.201299
-10.256187,50,2385.239334
-13.591761,50,2385.797632
-9.101387,50,2385.832886
-7.461879,50,2385.868281
-7.323507,50,2386.736331
-9.215888,50,2386.771662
-11.368751,50,2387.566759
-6.575673,50,2387.622893
-4.552186,50,2387.669703
-7.422536,50,2388.500749
-5.467278,50,2388.550428
-5.896345,50,2389.31053
-5.830434,50,2389.346754
-5.883737,50,2389.384022
-8.402471,50,2390.170447
-6.578383,50,2390.209856
-5.159325,50,2390.245312
-9.895187,50,2391.103475
-5.623666,50,2391.16794
-8.169413,50,2391.962673
-8.001792,50,2392.027131
-9.579763,50,2392.093663
-2.790919,50,2392.987454
-10.546592,50,2393.025023
-4.137514,50,2393.651117
-10.436063,50,2393.689921
-12.209677,50,2393.744332
-5.901868,50,2394.623577
-3.189911,50,2394.659304
-8.187419,50,2395.446609
-5.975071,50,2395.50196
-10.755375,50,2395.552548
-5.499968,50,2396.447466
-12.162348,50,2396.483701
-7.217169,50,2396.518378
-9.931603,50,2397.342358
-9.119036,50,2397.378392
-5.581353,50,2398.186992
-2.038915,50,2398.230079
-8.834243,50,2398.271535
-8.087475,50,2398.812733
-7.93854,50,2398.84822
-9.240871,50,2399.652894
-7.932302,50,2399.691516
-6.140368,50,2399.749654
-7.9199,50,2400.64355
-4.959918,50,2400.692506
-7.318104,50,2401.536018
-4.731931,50,2401.571207
-9.442453,50,2401.613888
-5.554466,50,2402.151238
-2.813222,50,2402.186662
-6.472213,50,2403.000999
-4.147636,50,2403.040534
-9.615802,50,2403.080184
-6.649117,50,2403.964516
-8.882806,50,2404.006966
-8.182698,50,2404.045764
-4.474569,50,2404.937172
-5.335452,50,2404.979529
-4.28468,50,2405.824215
-11.628348,50,2405.863743
-4.900425,50,2405.903477
-8.471676,50,2406.77858
-8.165987,50,2406.816162
-8.620269,50,2407.592654
-8.07258,50,2407.630964
-6.560077,50,2407.665968
-11.285102,50,2408.47746
-9.811234,50,2408.53689
-9.697006,50,2409.339626
-11.714388,50,2409.392348
-1.761303,50,2409.44209
-3.939361,50,2410.33896
-7.12188,50,2410.374087
-9.865694,50,2411.183568
-1.932102,50,2411.222545
-5.23188,50,2411.257782
-9.633172,50,2412.126947
-12.240821,50,2412.167823
-4.115488,50,2412.208372
-6.48688,50,2413.083652
-12.474524,50,2413.123144
-6.454351,50,2413.905259
-9.984199,50,2413.94179
-5.567191,50,2413.979338
-6.941193,50,2414.619926
-7.422268,50,2414.664706
-8.343081,50,2415.498255
-5.259923,50,2415.537977
-5.415426,50,2415.588825
-7.783485,50,2416.478074
-7.555963,50,2416.516349
-12.148083,50,2417.304953
-14.464495,50,2417.346004
-8.000275,50,2417.398717
-5.959767,50,2418.292419
-8.291781,50,2418.328446
-8.115552,50,2418.364214
-5.204225,50,2419.183094
-12.097512,50,2419.220437
-8.799497,50,2419.720696
-11.511204,50,2419.757304
-7.378414,50,2419.796351
-10.434676,50,2420.678182
-8.663737,50,2420.736949
-8.543524,50,2421.435637
-13.62304,50,2421.470409
-4.571648,50,2421.507461
-10.448786,50,2422.370736
-5.091407,50,2422.414358
-5.73016,50,2423.240576
-5.634177,50,2423.280278
-11.946999,50,2423.319729
-5.572744,50,2424.195604
-6.194468,50,2424.23469
-9.653807,50,2425.067796
-4.655071,50,2425.106891
-8.283165,50,2425.143404
-5.501823,50,2426.007961
-9.727382,50,2426.043919
-6.070909,50,2426.079273
-6.813896,50,2426.892768
-10.44196,50,2426.928836
-5.006969,50,2427.430145
-9.211519,50,2427.465698
-4.970733,50,2427.50057
-6.49885,50,2428.110709
-9.648675,50,2428.153267
-9.010499,50,2428.987034
-3.978796,50,2429.031654
-11.397265,50,2429.071277
-6.17993,50,2429.939472
-5.574976,50,2429.977201
-5.730933,50,2430.694107
-9.291566,50,2430.737703
-12.246078,50,2430.777018
-5.694678,50,2431.467044
-5.177243,50,2431.515434
-4.804648,50,2432.351892
-9.048937,50,2432.407059
-12.894398,50,2432.477115
-8.33067,50,2433.379513
-5.702036,50,2433.420942
-12.202624,50,2433.462915
-9.132766,50,2434.343424
-14.72485,50,2434.382324
-12.793979,50,2435.14687
-9.472074,50,2435.185182
-11.931075,50,2435.224335
-7.04476,50,2436.099637
-4.477756,50,2436.135101
-9.969064,50,2436.960867
-7.818679,50,2437.007724
-6.488513,50,2437.071033
-5.426775,50,2437.911301
-6.509246,50,2437.950303
-4.991183,50,2438.789448
-10.765272,50,2438.853015
-5.202886,50,2438.8929
-9.352032,50,2439.675929
-9.385279,50,2439.711344
-3.976464,50,2439.746716
-4.760803,50,2440.245407
-4.786616,50,2440.281533
-4.693307,50,2441.099873
-8.231242,50,2441.15665
-6.083352,50,2441.21276
-8.961587,50,2442.102679
-13.824635,50,2442.141256
-4.683856,50,2442.979015
-7.137099,50,2443.021192
-5.249827,50,2443.084658
-8.044219,50,2443.986028
-5.142984,50,2444.02191
-4.572432,50,2444.851695
-5.138024,50,2444.891753
-8.70498,50,2444.930247
-12.499221,50,2445.752956
-12.661879,50,2445.796401
-4.30891,50,2446.622285
-5.13276,50,2446.66455
-7.819688,50,2446.710151
-8.529327,50,2447.591073
-4.942638,50,2447.634968
-12.023414,50,2447.681357
-4.93964,50,2448.539193
-13.402789,50,2448.574139
-5.224196,50,2449.217012
-9.360064,50,2449.259838
-9.255096,50,2449.301305
-4.717902,50,2450.050571
-4.96548,50,2450.091623
-12.854161,50,2450.711892
-11.763559,50,2450.751255
-5.479037,50,2450.792836
-11.485969,50,2451.673334
-6.843633,50,2451.709843
-6.17775,50,2452.21889
-7.445578,50,2452.259256
-6.122273,50,2452.302175
-6.241984,50,2453.182827
-3.879669,50,2453.221784
-7.979693,50,2454.037974
-4.82634,50,2454.08589
-7.68159,50,2454.143938
-12.804128,50,2455.045037
-5.453649,50,2455.087998
-12.369192,50,2455.126939
-7.977758,50,2455.879721
-7.665946,50,2455.925306
-6.389345,50,2456.435986
-13.103268,50,2456.472709
-10.946492,50,2456.508843
-13.554051,50,2457.396918
-5.513103,50,2457.437317
-4.227888,50,2458.271949
-11.014619,50,2458.311087
-14.606106,50,2458.350707
-4.961187,50,2459.232694
-7.811178,50,2459.269222
-6.474915,50,2460.094081
-4.202969,50,2460.136826
-6.086461,50,2460.190377
-12.549936,50,2461.072101
-11.002189,50,2461.118742
-6.985389,50,2461.159661
-4.87229,50,2461.995817
-7.120832,50,2462.034299
-6.89554,50,2462.868261
-5.369055,50,2462.907728
-12.202914,50,2462.947738
-7.586212,50,2463.824171
-5.493114,50,2463.862975
-4.694268,50,2464.706283
-7.751944,50,2464.744118
-13.98347,50,2464.779243
-10.423305,50,2465.322566
-13.249504,50,2465.358451
-6.419392,50,2465.879404
-12.658225,50,2465.917411
-9.304704,50,2465.952786
-6.787951,50,2466.715202
-10.85302,50,2466.751966
-13.224385,50,2467.539081
-8.902316,50,2467.578076
-3.62476,50,2467.631171
-13.425864,50,2468.515557
-9.529423,50,2468.551767
-10.665392,50,2468.587928
-3.525111,50,2469.412461
-7.442828,50,2469.448951
-9.409973,50,2470.28154
-6.311136,50,2470.322955
-10.404075,50,2470.358186
-8.749866,50,2471.236231
-8.656419,50,2471.273082
-10.837882,50,2471.796479
-5.356845,50,2471.832196
-8.43998,50,2471.867525
-9.83612,50,2472.760552
-5.913028,50,2472.800728
-11.00247,50,2473.628445
-6.159851,50,2473.667647
-7.101455,50,2473.741738
-9.467683,50,2474.629446
-8.221103,50,2474.665998
-5.531397,50,2475.178038
-7.142574,50,2475.219628
-13.332619,50,2475.258137
-5.216325,50,2476.111305
-2.992698,50,2476.15682
-3.67585,50,2476.215389
-5.616616,50,2477.121033
-3.091362,50,2477.162079
-9.271878,50,2477.942429
-5.42962,50,2478.005023
-13.951385,50,2478.067888
-6.541815,50,2478.960986
-10.133569,50,2479.001251
-13.599431,50,2479.841235
-11.434764,50,2479.879857
-11.693381,50,2479.918856
-7.267734,50,2480.81819
-6.972969,50,2480.857967
-4.268772,50,2481.662274
-8.843948,50,2481.701067
-13.465928,50,2481.740399
-13.8894,50,2482.628865
-8.206359,50,2482.665209
-9.043424,50,2482.701477
-10.267749,50,2483.516155
-5.417077,50,2483.553025
-8.105784,50,2484.065237
-12.377907,50,2484.103711
-2.971256,50,2484.142562
-12.765037,50,2485.028555
-12.822657,50,2485.072206
-14.592443,50,2485.905047
-10.877054,50,2485.970712
-6.855379,50,2486.04265
-13.797914,50,2486.950841
-5.965649,50,2486.989761
-14.082026,50,2487.799814
-14.427088,50,2487.835324
-2.133621,50,2487.870007
-6.168412,50,2488.746992
-7.953788,50,2488.787559
-9.182555,50,2489.637767
-10.841959,50,2489.68247
-8.112328,50,2489.733993
-3.605961,50,2490.62559
-4.867938,50,2490.672082
-5.036705,50,2490.712973
-7.755537,50,2491.573878
-11.693187,50,2491.609992
-4.601213,50,2492.120223
-3.368956,50,2492.162845
-7.103183,50,2492.199274
-7.289957,50,2493.108003
-5.267748,50,2493.155459
-6.349306,50,2493.99934
-4.670449,50,2494.042322
-4.913398,50,2494.082533
-4.565799,50,2494.673349
-2.880913,50,2494.714273
-6.821947,50,2495.53294
-9.88691,50,2495.56827
-2.380903,50,2495.603422
-11.68452,50,2496.48393
-4.506763,50,2496.522884
-9.707565,50,2497.364553
-7.199766,50,2497.403637
-8.437598,50,2497.439419
-10.208735,50,2498.097053
-6.559409,50,2498.139284
-12.933292,50,2498.180383
-12.969632,50,2498.890944
-6.37695,50,2498.926234
-13.174856,50,2499.516258
-13.832561,50,2499.552713
-3.330865,50,2499.588776
-10.710514,50,2500.338281
-12.004869,50,2500.379451
-6.686168,50,2501.179559
-3.49687,50,2501.223733
-6.344964,50,2501.263868
-8.730619,50,2502.130235
-10.380625,50,2502.170026
-11.474121,50,2502.999636
-7.890501,50,2503.035846
-3.555779,50,2503.073466
-9.792747,50,2503.728021
-13.952462,50,2503.76928
-4.977194,50,2503.809066
-4.070637,50,2504.615706
-3.868399,50,2504.655193
-13.890776,50,2505.413134
-5.230929,50,2505.451416
-7.403632,50,2505.489319
-2.62139,50,2506.379529
-5.911989,50,2506.415029
-7.856133,50,2507.24742
-4.568477,50,2507.316791
-14.055262,50,2507.383531
-4.221237,50,2508.279988
-8.826466,50,2508.315229
-6.604409,50,2509.078974
-9.127448,50,2509.120102
-11.965671,50,2509.174422
-4.362288,50,2510.063012
-13.76776,50,2510.09963
-12.832711,50,2510.622748
-10.210859,50,2510.66797
-6.46386,50,2510.708627
-5.937593,50,2511.585672
-10.992846,50,2511.628644
-13.685506,50,2511.668043
-6.682526,50,2512.535242
-4.286496,50,2512.577234
-7.702569,50,2513.4178
-4.101603,50,2513.465327
-8.770168,50,2513.521803
-5.714119,50,2514.426924
-2.588983,50,2514.468588
-5.343854,50,2515.302382
-13.969893,50,2515.338103
-2.882156,50,2515.373789
-14.614344,50,2516.254193
-4.965611,50,2516.289838
-6.178845,50,2517.149239
-7.805879,50,2517.189225
-10.37453,50,2517.227403
-4.186573,50,2518.12818
-3.357165,50,2518.165513
-10.445111,50,2518.988764
-8.790825,50,2519.031782
-9.860266,50,2519.076151
-6.30377,50,2519.969279
-13.054497,50,2520.008584
-10.730632,50,2520.04894
-13.109015,50,2520.924464
-6.651875,50,2520.969374
-12.378293,50,2521.63387
-5.266353,50,2521.677101
-7.449089,50,2521.717614
-10.560589,50,2522.613059
-13.134585,50,2522.648157
-12.456516,50,2523.475518
-7.655491,50,2523.547662
-12.068891,50,2523.613124
-4.336965,50,2524.52546
-7.833622,50,2524.565236
-5.858103,50,2525.39618
-6.26764,50,2525.459149
-10.675306,50,2525.531301
-8.636211,50,2526.407777
-12.403675,50,2526.446793
-12.608303,50,2526.495043
-2.353229,50,2527.343628
-6.275047,50,2527.382602
-7.819203,50,2528.226221
-6.583839,50,2528.264456
-3.47422,50,2528.323292
-5.57905,50,2529.204747
-3.057224,50,2529.241511
-10.934733,50,2529.751333
-8.27845,50,2529.790713
-11.916171,50,2529.828379
-8.226755,50,2530.708155
-10.968178,50,2530.756013
-3.148825,50,2531.347217
-6.291577,50,2531.407663
-7.38835,50,2531.462622
-4.817783,50,2532.336174
-7.334969,50,2532.386018
-5.012946,50,2533.204142
-5.004851,50,2533.248282
-8.980636,50,2533.309909
-11.193095,50,2534.215139
-4.483442,50,2534.254792
-9.001632,50,2534.296489
-6.802607,50,2535.17679
-9.616112,50,2535.221607
-5.178704,50,2536.062412
-4.453384,50,2536.112252
-13.373414,50,2536.173058
-11.672147,50,2537.060712
-6.700727,50,2537.099337
-2.316673,50,2537.938755
-9.949746,50,2537.986898
-11.42435,50,2538.035073
-6.364345,50,2538.897177
-3.44096,50,2538.935782
-11.740532,50,2539.748821
-10.093789,50,2539.789754
-3.969351,50,2539.831361
-7.994997,50,2540.713021
-11.394675,50,2540.752227
-14.511381,50,2541.488161
-11.111044,50,2541.531717
-6.725413,50,2541.573604
-5.786286,50,2542.460809
-8.251674,50,2542.499104
-8.259924,50,2542.534297
-5.800362,50,2543.40706
-11.787869,50,2543.443563
-13.943909,50,2544.270774
-6.398746,50,2544.306735
-11.365822,50,2544.345925
-13.78481,50,2545.185783
-8.144836,50,2545.221515
-3.080414,50,2546.023701
-3.615662,50,2546.061868
-6.385981,50,2546.097514
-7.905342,50,2546.973533
-8.24836,50,2547.01028
-4.537132,50,2547.814481
-6.326825,50,2547.854044
-6.347811,50,2547.912677
-12.931527,50,2548.812979
-11.14515,50,2548.852237
-10.547129,50,2548.893763
-2.780484,50,2549.722734
-13.024174,50,2549.765093
-14.144721,50,2550.557477
-5.921517,50,2550.599564
-12.269937,50,2550.651654
-9.446253,50,2551.542272
-5.700851,50,2551.59215
-12.546352,50,2552.439671
-13.951905,50,2552.486311
-7.455223,50,2552.529089
-8.413648,50,2553.410942
-4.314215,50,2553.450556
