#{"t_start": 1765900839.0295966, "env_id": "Reacher-v4"}
r,l,t
-68.900345,50,0.092712
-57.359014,50,0.137002
-58.756131,50,0.181459
-52.112868,50,0.225841
-56.722776,50,0.269192
-56.83852,50,0.311736
-65.957006,50,0.353086
-65.018613,50,0.39816
-58.583535,50,0.443533
-66.180794,50,0.490774
-59.137276,50,0.537885
-65.999105,50,0.583174
-56.863738,50,0.627325
-56.023272,50,0.671341
-58.010096,50,0.724425
-58.379808,50,0.774794
-67.054665,50,0.818652
-53.832065,50,0.862181
-58.80837,50,0.90681
-58.919641,50,0.94842
-59.737701,50,0.992344
-70.351162,50,1.04068
-65.448275,50,1.087096
-55.951285,50,1.132204
-68.706961,50,1.178574
-55.499325,50,1.223729
-62.572106,50,1.267303
-60.12233,50,1.309864
-64.051622,50,1.35446
-65.664226,50,1.412681
-61.666712,50,1.456131
-58.043296,50,1.502684
-68.79775,50,1.547479
-58.868564,50,1.59213
-59.935762,50,1.635195
-55.729168,50,1.677635
-62.400731,50,1.752144
-59.443837,50,1.804026
-65.257865,50,1.859176
-54.397209,50,1.910495
-55.119418,50,9.243054
-59.032012,50,9.329513
-57.244681,50,9.399243
-64.409798,50,9.466308
-58.353941,50,9.529069
-66.536575,50,9.597227
-59.513972,50,9.658533
-55.942138,50,9.718961
-54.933811,50,9.797578
-54.491735,50,9.868326
-59.210858,50,9.936246
-65.051531,50,9.999676
-60.814553,50,10.057874
-66.996948,50,10.128557
-61.014327,50,10.193172
-48.819935,50,10.261783
-69.492104,50,10.326084
-61.207257,50,10.383054
-64.10957,50,10.436834
-55.035389,50,10.492969
-53.16216,50,10.547979
-63.649601,50,10.611722
-60.200533,50,10.670818
-66.394191,50,10.728858
-58.327811,50,10.781335
-59.791005,50,10.846118
-61.065594,50,10.902631
-52.059768,50,10.970634
-59.447468,50,11.019725
-61.531594,50,11.078424
-59.467328,50,11.128283
-61.624034,50,11.192001
-56.58066,50,11.245206
-57.041181,50,11.302397
-64.55264,50,11.378937
-57.899398,50,11.458283
-51.733188,50,11.534693
-57.336478,50,11.61404
-65.825977,50,11.687152
-59.104318,50,11.756711
-59.081485,50,11.825125
-60.093149,50,18.94287
-62.215045,50,19.009998
-55.127712,50,19.081015
-62.02311,50,19.163503
-61.432204,50,19.24846
-53.843146,50,19.319229
-53.952481,50,19.403486
-48.699993,50,19.474591
-54.996578,50,19.558342
-55.856744,50,19.644023
-55.479423,50,19.716019
-63.154371,50,19.785877
-59.301518,50,19.837373
-55.595453,50,19.892699
-54.698934,50,19.95739
-51.871596,50,20.039151
-55.895118,50,20.11482
-59.861682,50,20.180828
-55.014177,50,20.254657
-61.59451,50,20.338109
-45.63679,50,20.40833
-61.709961,50,20.474269
-59.244133,50,20.543533
-58.510221,50,20.622398
-54.199655,50,20.693505
-51.725692,50,20.760376
-58.746354,50,20.834467
-50.927632,50,20.895957
-57.974758,50,20.965719
-53.771588,50,21.044723
-63.616265,50,21.105694
-60.06908,50,21.161655
-57.714574,50,21.230141
-57.534156,50,21.301424
-59.447383,50,21.371172
-51.667104,50,21.450718
-56.696799,50,21.52646
-47.879097,50,21.607344
-47.969935,50,21.679521
-60.563315,50,21.749996
-60.515612,50,21.815382
-56.87162,50,29.067064
-57.814052,50,29.134436
-60.367601,50,29.202951
-54.707628,50,29.274973
-60.551114,50,29.344197
-57.486507,50,29.407934
-58.313797,50,29.487235
-55.768523,50,29.558096
-50.250843,50,29.618651
-53.909734,50,29.708452
-56.53325,50,29.785784
-55.839987,50,29.857651
-56.321084,50,29.932081
-44.823382,50,29.995864
-48.864481,50,30.055636
-55.872586,50,30.13921
-58.461991,50,30.221384
-50.997025,50,30.299756
-56.423287,50,30.382135
-55.285245,50,30.453384
-55.489607,50,30.525713
-56.376431,50,30.58911
-55.314406,50,30.64124
-53.442983,50,30.703744
-50.847936,50,30.758096
-57.674793,50,30.819634
-50.480318,50,30.869765
-53.943101,50,30.926892
-51.313921,50,30.980996
-52.08449,50,31.026983
-55.407449,50,31.106834
-46.629476,50,31.175856
-56.354101,50,31.25332
-50.903309,50,31.317693
-48.600905,50,31.38176
-54.27601,50,31.445943
-53.486795,50,31.520386
-54.565066,50,31.600078
-52.771924,50,31.677752
-54.524257,50,31.746353
-55.647073,50,31.813209
-56.071771,50,39.0858
-48.570671,50,39.16626
-57.590424,50,39.24795
-49.288459,50,39.31782
-53.063135,50,39.39147
-58.316052,50,39.45643
-53.06229,50,39.525118
-55.980992,50,39.62665
-51.956851,50,39.674658
-45.851593,50,39.719834
-56.057273,50,39.77053
-50.548704,50,39.820384
-55.253446,50,39.866328
-60.513414,50,39.910988
-47.492069,50,39.956267
-49.915322,50,40.00305
-46.673079,50,40.051373
-53.229078,50,40.115807
-46.116674,50,40.187114
-53.387536,50,40.249094
-56.932346,50,40.322767
-55.467988,50,40.372582
-48.747996,50,40.430884
-48.420727,50,40.493607
-52.767215,50,40.543782
-49.286261,50,40.592907
-51.983116,50,40.644746
-54.901172,50,40.691234
-50.012069,50,40.737231
-57.361651,50,40.786278
-56.30129,50,40.832462
-52.614105,50,40.876773
-51.730948,50,40.920914
-45.756836,50,40.963892
-57.777713,50,41.006203
-49.666396,50,41.048431
-54.596035,50,41.091109
-55.462663,50,41.133234
-42.960523,50,41.175848
-55.660371,50,41.219312
-54.386046,50,41.261572
-47.906958,50,50.39522
-51.261798,50,50.501822
-44.34944,50,50.592336
-40.566048,50,50.6575
-45.075065,50,50.730402
-49.230758,50,50.781826
-43.537915,50,50.8641
-55.214359,50,50.957041
-46.946756,50,51.04588
-50.225649,50,51.13611
-49.914412,50,51.230991
-45.323954,50,51.320364
-48.278413,50,51.41444
-53.175224,50,51.510107
-50.269615,50,51.606709
-47.582086,50,51.70086
-51.685021,50,51.794508
-51.516133,50,51.884784
-48.283934,50,51.977639
-44.518519,50,52.068721
-52.92859,50,52.163283
-45.255236,50,52.25824
-57.817986,50,52.345824
-49.990613,50,52.441205
-49.596014,50,52.537746
-54.975906,50,52.630577
-49.906104,50,52.720025
-55.12704,50,52.811726
-47.291927,50,52.907427
-49.728678,50,53.000651
-47.313956,50,53.091663
-47.533833,50,53.18394
-46.611831,50,53.276588
-54.125832,50,53.374382
-52.519493,50,53.467825
-45.164125,50,53.561779
-44.224691,50,53.657678
-49.129898,50,53.753302
-53.182677,50,53.848273
-50.427815,50,53.945788
-52.479612,50,54.041854
-45.692082,50,62.07918
-48.153683,50,62.155321
-50.214387,50,62.220732
-38.831831,50,62.265581
-45.537646,50,62.310717
-45.774322,50,62.35522
-50.701133,50,62.398979
-47.835328,50,62.443135
-50.834733,50,62.488198
-45.427786,50,62.532688
-47.893447,50,62.576901
-42.04701,50,62.62302
-40.837718,50,62.668646
-44.340259,50,62.712622
-44.251585,50,62.757134
-39.686637,50,62.801854
-47.233409,50,62.845561
-37.995306,50,62.889424
-48.271788,50,62.934221
-46.869294,50,62.978613
-40.613841,50,63.023071
-50.319285,50,63.06793
-47.632903,50,63.137594
-48.972598,50,63.200053
-46.81881,50,63.24949
-46.055248,50,63.294748
-41.908078,50,63.340311
-44.038406,50,63.389573
-46.896657,50,63.448586
-51.525743,50,63.502192
-49.339017,50,63.567476
-42.240606,50,63.620409
-50.148837,50,63.697657
-43.33973,50,63.768895
-40.799706,50,63.831176
-40.127429,50,63.901741
-44.528043,50,63.947774
-45.339648,50,64.019682
-42.758051,50,64.091322
-45.403118,50,64.153692
-42.589276,50,64.230866
-42.853038,50,71.441415
-39.67441,50,71.527564
-43.429524,50,71.612883
-46.907516,50,71.700229
-50.50412,50,71.78665
-41.739869,50,71.877316
-43.200729,50,71.966131
-45.951056,50,72.055799
-41.104805,50,72.143163
-43.160866,50,72.209476
-36.950416,50,72.288473
-46.441204,50,72.368463
-47.855429,50,72.440519
-39.388732,50,72.52378
-42.140943,50,72.608929
-45.101102,50,72.690756
-39.63467,50,72.752288
-47.121497,50,72.829867
-39.428531,50,72.908697
-43.152034,50,72.977575
-43.384274,50,73.053583
-39.709151,50,73.127387
-44.526625,50,73.209792
-45.368777,50,73.275982
-43.78059,50,73.34511
-48.818869,50,73.405496
-50.476752,50,73.471485
-44.958418,50,73.54603
-44.651467,50,73.62542
-43.833013,50,73.691165
-38.431287,50,73.758415
-41.518558,50,73.826966
-41.587384,50,73.898829
-45.517781,50,73.968858
-37.910839,50,74.035296
-43.126295,50,74.104605
-39.995892,50,74.181343
-42.489223,50,74.247994
-41.845434,50,74.302441
-39.924425,50,74.380424
-53.740658,50,74.460696
-50.973983,50,81.741148
-38.295701,50,81.823181
-40.877978,50,81.902775
-37.51934,50,81.99249
-36.196642,50,82.078329
-32.050204,50,82.148272
-34.905432,50,82.230156
-34.817682,50,82.309076
-46.950773,50,82.387314
-38.844222,50,82.46472
-44.896563,50,82.530449
-42.136279,50,82.608961
-41.710638,50,82.680237
-36.802338,50,82.750374
-35.336988,50,82.832165
-37.808882,50,82.907427
-39.744426,50,82.989662
-31.202406,50,83.075611
-32.860146,50,83.158426
-41.963553,50,83.246927
-39.806661,50,83.318338
-51.31762,50,83.395275
-45.201377,50,83.474293
-33.092957,50,83.528746
-47.287188,50,83.591746
-38.099125,50,83.647265
-36.132843,50,83.697353
-40.48293,50,83.769681
-41.914449,50,83.8389
-40.145143,50,83.91437
-43.814415,50,83.987717
-35.804094,50,84.069997
-38.623313,50,84.135116
-43.140713,50,84.217976
-40.1316,50,84.30038
-34.059772,50,84.374392
-40.959581,50,84.442198
-37.375579,50,84.518388
-33.827073,50,84.593476
-34.778265,50,84.665505
-41.772781,50,84.730709
-34.820497,50,91.865249
-38.300563,50,91.950379
-37.912544,50,92.033127
-37.0131,50,92.104893
-34.48075,50,92.173583
-38.420488,50,92.246224
-31.770795,50,92.31941
-31.964632,50,92.402181
-33.959973,50,92.482421
-34.978189,50,92.556375
-30.121399,50,92.628667
-35.413616,50,92.706078
-40.353781,50,92.784689
-43.476614,50,92.850696
-35.409863,50,92.923377
-31.953106,50,93.011525
-33.310191,50,93.084074
-32.080448,50,93.166582
-37.239203,50,93.243781
-34.366748,50,93.32427
-39.505253,50,93.402204
-36.175139,50,93.460326
-37.295304,50,93.534622
-30.743959,50,93.604735
-37.84081,50,93.652571
-35.555857,50,93.704192
-45.770464,50,93.76207
-33.365171,50,93.819552
-28.852589,50,93.892786
-37.263647,50,93.964019
-32.765015,50,94.034697
-33.332429,50,94.103136
-37.177168,50,94.170623
-34.737513,50,94.233894
-38.326206,50,94.303231
-37.469953,50,94.365518
-31.999185,50,94.435639
-37.29131,50,94.494435
-33.954598,50,94.556245
-33.000931,50,94.616651
-37.808595,50,94.680219
-28.96885,50,101.858601
-27.338604,50,101.92037
-31.695969,50,101.995368
-35.623309,50,102.069055
-34.256808,50,102.147804
-35.633331,50,102.214571
-25.358297,50,102.276447
-40.250416,50,102.353998
-35.189695,50,102.418269
-31.340891,50,102.480257
-30.538165,50,102.555642
-29.170799,50,102.624384
-33.169845,50,102.69334
-34.601881,50,102.763067
-34.086197,50,102.835212
-34.906923,50,102.901315
-36.765177,50,102.96879
-38.347208,50,103.042657
-33.071064,50,103.123721
-35.544497,50,103.198926
-33.292096,50,103.272414
-39.259547,50,103.344493
-34.44765,50,103.409207
-32.162668,50,103.472616
-34.542777,50,103.530904
-37.982147,50,103.597569
-36.633913,50,103.657699
-30.541573,50,103.722651
-40.509331,50,103.812225
-38.807475,50,103.881667
-34.140909,50,103.960375
-28.020003,50,104.03654
-36.650983,50,104.106899
-32.796021,50,104.184589
-38.15209,50,104.253989
-28.658399,50,104.332899
-37.221974,50,104.411186
-35.695005,50,104.481363
-29.493026,50,104.547618
-30.488644,50,104.606116
-35.134315,50,104.669381
-34.455552,50,111.934583
-32.628111,50,112.017996
-30.417339,50,112.089783
-28.18089,50,112.159214
-31.308411,50,112.22937
-34.677792,50,112.301773
-26.928127,50,112.374784
-35.943478,50,112.441802
-28.875242,50,112.507626
-32.377992,50,112.580649
-27.969621,50,112.649535
-28.84666,50,112.70647
-31.539534,50,112.761144
-33.153754,50,112.816731
-37.273374,50,112.884615
-29.340323,50,112.936003
-29.859017,50,113.016606
-33.145012,50,113.085971
-29.952081,50,113.166275
-37.019596,50,113.247528
-30.809722,50,113.336803
-32.812933,50,113.422904
-33.762749,50,113.493295
-31.629832,50,113.55038
-33.667793,50,113.611391
-26.893955,50,113.664773
-34.858402,50,113.750298
-31.900675,50,113.822247
-33.625392,50,113.895741
-29.698477,50,113.987357
-32.455395,50,114.096553
-31.028989,50,114.170647
-21.680189,50,114.261204
-32.396184,50,114.331979
-30.552294,50,114.408955
-30.814415,50,114.483621
-33.995627,50,114.552472
-34.592103,50,114.630096
-26.677362,50,114.699465
-27.784509,50,114.777939
-29.068882,50,114.847196
-33.112342,50,122.188709
-26.509072,50,122.29891
-27.778302,50,122.403114
-26.890514,50,122.501798
-27.71915,50,122.595727
-29.057648,50,122.691479
-26.605646,50,122.786539
-33.405192,50,122.87716
-33.475771,50,122.973367
-37.515034,50,123.066296
-36.250129,50,123.163576
-34.537758,50,123.25974
-32.144981,50,123.357546
-29.900394,50,123.45384
-25.899337,50,123.546647
-29.079794,50,123.638774
-25.787455,50,123.729996
-29.725346,50,123.821234
-24.536402,50,123.91488
-28.08319,50,124.006755
-28.246131,50,124.098574
-25.274606,50,124.193039
-26.142033,50,124.288346
-25.50417,50,124.380491
-28.399117,50,124.474706
-29.105912,50,124.569344
-27.50576,50,124.662103
-32.219998,50,124.750378
-32.536625,50,124.842108
-30.25732,50,124.934185
-37.699475,50,125.025394
-29.360335,50,125.118576
-32.352731,50,125.211336
-29.377054,50,125.305347
-33.816352,50,125.397248
-28.516889,50,125.488992
-27.170579,50,125.578439
-27.331473,50,125.670095
-34.76125,50,125.764446
-25.085236,50,125.858434
-30.592422,50,125.950606
-28.067084,50,135.501258
-26.25005,50,135.578433
-20.529881,50,135.627263
-29.080877,50,135.680216
-26.913103,50,135.737494
-22.55894,50,135.79939
-22.118468,50,135.863265
-24.16101,50,135.911299
-26.601227,50,135.956182
-33.569857,50,135.999094
-24.280724,50,136.047553
-24.860702,50,136.09082
-31.148555,50,136.134241
-35.697812,50,136.177671
-26.437479,50,136.222468
-21.459683,50,136.265694
-23.689371,50,136.308663
-33.527832,50,136.35317
-28.627143,50,136.398273
-32.648695,50,136.443654
-21.980122,50,136.490394
-26.289279,50,136.566091
-30.110659,50,136.637309
-30.908758,50,136.689196
-25.808187,50,136.74522
-29.134564,50,136.810058
-25.025452,50,136.879704
-28.915967,50,136.953689
-26.350407,50,137.026129
-31.007224,50,137.090784
-26.202747,50,137.158754
-27.700383,50,137.223312
-25.950351,50,137.291459
-27.616075,50,137.363513
-28.349143,50,137.428584
-29.80545,50,137.492661
-27.33498,50,137.548809
-23.536335,50,137.621998
-29.037402,50,137.691266
-25.234623,50,137.763379
-25.264874,50,137.833192
-33.052064,50,144.983846
-23.398046,50,145.074524
-19.934566,50,145.16133
-23.062323,50,145.247467
-20.151549,50,145.33425
-35.018921,50,145.418448
-28.409122,50,145.482002
-29.635423,50,145.553078
-24.798994,50,145.64045
-25.310235,50,145.727041
-31.130508,50,145.805559
-23.693153,50,145.885246
-28.186996,50,145.942427
-27.122533,50,146.02952
-30.125518,50,146.092741
-28.017834,50,146.172384
-26.886751,50,146.235909
-29.295688,50,146.316616
-25.62964,50,146.387427
-23.277214,50,146.461259
-33.944735,50,146.529595
-23.882465,50,146.600536
-23.784895,50,146.652377
-20.288835,50,146.713152
-22.342545,50,146.767535
-27.207525,50,146.836841
-20.886619,50,146.903415
-25.822057,50,146.965858
-24.241795,50,147.050095
-23.843839,50,147.11847
-20.379045,50,147.193668
-27.507194,50,147.256499
-23.341716,50,147.328195
-23.578063,50,147.392158
-26.46864,50,147.469518
-28.244759,50,147.544036
-27.166865,50,147.614614
-25.057172,50,147.679837
-19.575837,50,147.741075
-25.883902,50,147.816572
-30.67172,50,147.877435
-21.787273,50,154.920033
-18.646945,50,155.008937
-20.852474,50,155.096548
-26.633746,50,155.181236
-26.103619,50,155.250674
-30.194112,50,155.326768
-16.992872,50,155.374553
-32.463836,50,155.445715
-22.796727,50,155.526228
-21.538257,50,155.610621
-23.077201,50,155.687317
-21.425787,50,155.761985
-23.775524,50,155.844387
-18.103759,50,155.924931
-18.649239,50,156.002166
-25.85959,50,156.082081
-25.410769,50,156.142047
-20.956499,50,156.224601
-19.995931,50,156.30849
-22.667881,50,156.377264
-24.654965,50,156.448385
-20.607886,50,156.509662
-18.73853,50,156.594609
-23.624384,50,156.665781
-20.163409,50,156.73034
-21.39462,50,156.813627
-21.183155,50,156.883372
-26.788999,50,156.954582
-22.315729,50,157.018788
-26.361248,50,157.085377
-24.666642,50,157.15844
-18.174199,50,157.226894
-21.934962,50,157.292075
-22.888636,50,157.365272
-22.116792,50,157.423548
-32.786154,50,157.491718
-28.09866,50,157.570458
-26.851812,50,157.636454
-27.355635,50,157.690321
-27.604378,50,157.753134
-22.378794,50,157.811885
-20.537421,50,165.039491
-20.257597,50,165.121089
-19.626177,50,165.185441
-22.817305,50,165.256219
-31.97418,50,165.324599
-27.943444,50,165.393985
-23.554328,50,165.4617
-23.209397,50,165.526833
-24.291514,50,165.599905
-24.079243,50,165.672958
-22.017686,50,165.748438
-28.436367,50,165.829287
-17.915154,50,165.906005
-23.464275,50,165.983829
-23.10811,50,166.067057
-26.183056,50,166.150295
-27.368495,50,166.243618
-23.617625,50,166.31862
-24.367808,50,166.389063
-24.323231,50,166.47038
-22.536731,50,166.539511
-25.02222,50,166.594634
-19.442737,50,166.653127
-23.632606,50,166.710463
-23.524957,50,166.759226
-25.187394,50,166.808302
-18.20647,50,166.876698
-22.624229,50,166.928076
-15.988792,50,166.973816
-24.250679,50,167.037724
-16.68485,50,167.109303
-23.816165,50,167.176631
-23.527718,50,167.239192
-22.911866,50,167.323388
-21.689873,50,167.401454
-20.77314,50,167.469366
-26.967045,50,167.524564
-21.882129,50,167.60245
-25.139567,50,167.67976
-20.134573,50,167.749803
-27.630212,50,167.81001
-25.776015,50,174.987334
-17.487379,50,175.069874
-23.28289,50,175.151254
-26.055243,50,175.228505
-21.231661,50,175.299741
-25.768671,50,175.364709
-21.9887,50,175.436384
-24.749396,50,175.502058
-19.509828,50,175.580755
-27.139478,50,175.656038
-20.666794,50,175.715752
-26.411044,50,175.769828
-24.349221,50,175.837453
-15.581541,50,175.909522
-20.168201,50,175.975756
-26.149022,50,176.042536
-20.42277,50,176.122931
-29.276942,50,176.18768
-21.488035,50,176.267023
-18.558057,50,176.338111
-24.635562,50,176.403961
-24.17197,50,176.488308
-26.415472,50,176.566062
-24.369328,50,176.6401
-21.208498,50,176.701792
-23.562685,50,176.756899
-22.478535,50,176.816543
-23.273602,50,176.873855
-23.702834,50,176.932306
-19.164085,50,177.011073
-16.83648,50,177.089585
-18.783168,50,177.153889
-18.879504,50,177.196826
-23.287858,50,177.2616
-26.930164,50,177.338576
-20.188162,50,177.40073
-21.28683,50,177.458128
-24.408527,50,177.508923
-24.392515,50,177.555933
-18.876635,50,177.61868
-18.946497,50,177.671187
-25.31101,50,184.828889
-16.898097,50,184.899205
-24.465724,50,184.96831
-21.479171,50,185.040195
-22.499755,50,185.106711
-16.728219,50,185.186471
-19.697406,50,185.239301
-22.491662,50,185.298009
-19.015166,50,185.366478
-22.908521,50,185.410325
-23.938772,50,185.475157
-20.048925,50,185.531919
-21.141151,50,185.600244
-20.012006,50,185.669634
-18.978478,50,185.726147
-23.743723,50,185.777134
-22.433468,50,185.851562
-22.614348,50,185.920385
-22.948938,50,185.9853
-21.401135,50,186.061974
-17.012117,50,186.143677
-22.81287,50,186.20711
-24.069867,50,186.267883
-17.080397,50,186.340798
-18.169585,50,186.408722
-17.41806,50,186.46587
-21.965942,50,186.537224
-20.244736,50,186.58909
-22.47632,50,186.670451
-21.528176,50,186.739779
-21.129943,50,186.798945
-18.411082,50,186.872618
-20.952761,50,186.934914
-21.085148,50,187.018756
-20.620263,50,187.083198
-24.534947,50,187.159392
-21.776918,50,187.230725
-22.747786,50,187.300292
-19.1954,50,187.371094
-24.663896,50,187.442511
-21.649579,50,187.513041
-19.213369,50,194.737515
-20.558512,50,194.819526
-14.064984,50,194.901774
-21.761463,50,194.983566
-18.069831,50,195.061108
-19.65512,50,195.128918
-19.511581,50,195.214547
-19.329951,50,195.301585
-21.524273,50,195.38915
-21.948656,50,195.466484
-15.770646,50,195.547783
-20.994577,50,195.621386
-19.371777,50,195.703915
-21.925203,50,195.788163
-18.082336,50,195.867809
-16.834763,50,195.943095
-15.343541,50,196.00868
-21.874268,50,196.080997
-23.196962,50,196.158438
-22.732192,50,196.224803
-13.726735,50,196.295505
-16.94369,50,196.368976
-21.288929,50,196.441126
-18.998922,50,196.519691
-22.911735,50,196.583948
-18.315837,50,196.641389
-22.731199,50,196.703228
-19.83012,50,196.781899
-16.579182,50,196.852906
-15.553956,50,196.923615
-20.60362,50,197.004447
-15.663127,50,197.073628
-18.266657,50,197.141119
-19.175434,50,197.214127
-17.029558,50,197.287546
-24.963165,50,197.355305
-19.769752,50,197.417659
-19.514292,50,197.465132
-20.697594,50,197.515875
-15.212054,50,197.567437
-19.962789,50,197.632157
-18.487026,50,204.772462
-15.442914,50,204.855754
-23.966178,50,204.938577
-17.555915,50,205.021219
-21.173325,50,205.09504
-24.095018,50,205.187693
-17.965018,50,205.256824
-19.538175,50,205.342687
-15.449583,50,205.424429
-16.602561,50,205.505319
-22.069243,50,205.569561
-19.567599,50,205.655528
-18.250861,50,205.730755
-16.644507,50,205.802425
-12.86238,50,205.879419
-21.230257,50,205.953907
-13.820899,50,206.027786
-15.756046,50,206.100207
-16.401844,50,206.171387
-15.272197,50,206.246539
-22.001452,50,206.318945
-18.083532,50,206.377767
-17.976915,50,206.447362
-20.7273,50,206.513718
-22.261312,50,206.580295
-12.812895,50,206.636047
-17.492636,50,206.692634
-14.948164,50,206.758034
-19.935829,50,206.820074
-17.631716,50,206.887919
-14.460224,50,206.936033
-18.235009,50,206.994958
-21.26844,50,207.061199
-21.182406,50,207.133852
-17.817121,50,207.205118
-15.34251,50,207.257514
-13.950914,50,207.305629
-18.820854,50,207.352939
-14.632718,50,207.418761
-18.919054,50,207.488369
-17.700564,50,207.544581
-19.213087,50,214.734142
-16.98901,50,214.806191
-17.07467,50,214.884078
-18.998074,50,214.96053
-17.902414,50,215.043174
-18.249062,50,215.125428
-18.185475,50,215.19658
-18.381226,50,215.269786
-22.606364,50,215.343622
-17.464306,50,215.408492
-18.75013,50,215.481224
-16.314164,50,215.547584
-18.924054,50,215.621427
-16.268421,50,215.690204
-17.925189,50,215.758761
-18.576307,50,215.84643
-22.341496,50,215.920359
-16.487132,50,215.987448
-19.952592,50,216.070689
-16.532625,50,216.138752
-15.665466,50,216.214256
-20.116863,50,216.28514
-15.044333,50,216.360072
-19.987184,50,216.433473
-16.859972,50,216.490232
-19.093437,50,216.555901
-14.968242,50,216.621096
-20.959158,50,216.679222
-19.83868,50,216.760651
-19.341351,50,216.83234
-21.043589,50,216.903902
-16.210716,50,216.992934
-17.015776,50,217.062323
-19.033119,50,217.130025
-17.22183,50,217.196702
-14.677516,50,217.262304
-18.744981,50,217.311441
-16.286922,50,217.357616
-14.915791,50,217.407448
-15.95339,50,217.453557
-20.424562,50,217.532313
-15.952499,50,224.734384
-17.885305,50,224.80861
-14.28045,50,224.876382
-18.860403,50,224.94664
-19.130476,50,225.016407
-19.139915,50,225.083357
-16.10222,50,225.166956
-20.190299,50,225.242912
-17.180704,50,225.318699
-15.413531,50,225.40238
-11.720194,50,225.470085
-17.080353,50,225.530573
-19.050017,50,225.605561
-17.526111,50,225.665234
-17.337305,50,225.74126
-14.660127,50,225.821173
-13.351328,50,225.900734
-16.540908,50,226.012086
-16.046605,50,226.103679
-15.047711,50,226.186115
-15.718706,50,226.275532
-12.437771,50,226.356171
-19.214715,50,226.432359
-12.160239,50,226.517943
-20.026711,50,226.600351
-17.062558,50,226.676734
-16.715359,50,226.760424
-13.034125,50,226.831583
-20.492998,50,226.905888
-18.672118,50,226.986375
-15.291437,50,227.074661
-14.716535,50,227.147324
-14.068256,50,227.218339
-17.721602,50,227.301269
-16.520731,50,227.377491
-17.932873,50,227.457126
-15.108791,50,227.527932
-18.690883,50,227.596836
-16.133951,50,227.66622
-17.563088,50,227.738325
-14.398721,50,227.814342
-14.264628,50,235.634918
-17.813802,50,235.73705
-19.103501,50,235.84354
-18.544006,50,235.941486
-15.394075,50,236.039989
-14.103061,50,236.134806
-11.900803,50,236.228859
-11.343869,50,236.324898
-17.825667,50,236.415762
-17.736651,50,236.509742
-15.923018,50,236.610023
-12.368136,50,236.704812
-16.044919,50,236.799195
-16.092658,50,236.893667
-14.838268,50,236.989267
-18.696624,50,237.081293
-14.496946,50,237.176925
-11.48149,50,237.272722
-19.343511,50,237.364057
-13.955598,50,237.455535
-16.12132,50,237.548292
-16.671536,50,237.645405
-16.009492,50,237.739982
-14.324452,50,237.831971
-18.598158,50,237.923152
-14.299296,50,238.015732
-16.295405,50,238.108939
-14.280346,50,238.201229
-14.448134,50,238.295393
-15.785764,50,238.390237
-18.684194,50,238.483119
-17.332324,50,238.574592
-16.765168,50,238.67003
-15.60837,50,238.763622
-20.315705,50,238.859334
-14.670527,50,238.926791
-16.81395,50,238.974307
-14.238573,50,239.019901
-15.899497,50,239.064251
-12.975715,50,239.127196
-17.870732,50,239.216341
-18.816041,50,248.365518
-15.068595,50,248.410903
-16.773523,50,248.462053
-14.433511,50,248.508751
-11.109899,50,248.560106
-17.070792,50,248.627667
-19.780568,50,248.703192
-12.939424,50,248.761235
-16.325497,50,248.823573
-14.666753,50,248.889305
-19.177536,50,248.94392
-16.403315,50,248.998738
-11.589801,50,249.059822
-13.577197,50,249.116409
-16.926776,50,249.178844
-14.771697,50,249.221894
-16.839784,50,249.280834
-13.943866,50,249.355679
-17.816689,50,249.439601
-14.52259,50,249.515212
-15.789503,50,249.589382
-15.890565,50,249.656709
-14.957654,50,249.740693
-17.187775,50,249.825749
-14.317398,50,249.898465
-13.546852,50,249.968274
-17.241037,50,250.052405
-12.52584,50,250.106203
-17.337189,50,250.157611
-17.405129,50,250.21676
-14.951711,50,250.277866
-14.102187,50,250.362312
-15.765359,50,250.428423
-14.998483,50,250.505747
-17.511641,50,250.573153
-14.577586,50,250.650492
-15.479332,50,250.724373
-15.006317,50,250.792512
-14.29762,50,250.856276
-14.844867,50,250.930407
-16.232296,50,251.004738
-15.370131,50,258.146444
-15.296487,50,258.21449
-14.152445,50,258.283947
-15.996633,50,258.344635
-13.409085,50,258.423598
-16.299658,50,258.498383
-17.203108,50,258.569787
-19.454808,50,258.63601
-19.235456,50,258.699115
-14.348806,50,258.767458
-20.177693,50,258.835423
-18.24617,50,258.908184
-15.597385,50,258.973654
-15.286538,50,259.03218
-14.412567,50,259.105441
-11.432341,50,259.175012
-14.051804,50,259.255156
-11.921926,50,259.33179
-14.885283,50,259.39941
-16.218682,50,259.475248
-17.580199,50,259.547229
-12.542534,50,259.618686
-16.053873,50,259.687037
-15.285227,50,259.763069
-16.92536,50,259.837856
-15.643439,50,259.910659
-16.441917,50,259.976811
-13.439172,50,260.049031
-13.392323,50,260.122743
-12.368554,50,260.194678
-14.739012,50,260.267742
-12.246199,50,260.351051
-13.653057,50,260.420482
-11.940066,50,260.488705
-15.578997,50,260.552781
-17.711969,50,260.622915
-15.040928,50,260.689746
-17.527932,50,260.755632
-13.858816,50,260.825336
-10.029313,50,260.89133
-14.448947,50,267.913362
-11.676729,50,267.978797
-12.981816,50,268.054652
-12.928116,50,268.131484
-11.854224,50,268.197683
-13.864521,50,268.272077
-12.960418,50,268.335867
-18.971122,50,268.410623
-12.8495,50,268.485546
-14.55528,50,268.55471
-15.257315,50,268.632572
-16.153163,50,268.71048
-15.376303,50,268.772323
-14.929239,50,268.833326
-12.09008,50,268.884937
-19.35164,50,268.94751
-13.65606,50,269.021356
-12.801911,50,269.098405
-18.11188,50,269.166769
-15.306533,50,269.238913
-12.073434,50,269.315632
-14.628344,50,269.384137
-13.964372,50,269.451121
-10.388419,50,269.530475
-12.509438,50,269.592534
-14.756592,50,269.653107
-16.945828,50,269.71093
-16.960672,50,269.784498
-11.728012,50,269.852588
-12.021536,50,269.896749
-11.657044,50,269.960334
-10.379361,50,270.040391
-14.551872,50,270.119091
-9.987181,50,270.190524
-14.814287,50,270.270136
-9.881636,50,270.341117
-15.163879,50,270.417604
-14.211979,50,270.491526
-11.567158,50,270.551218
-11.686109,50,270.604612
-11.044258,50,270.658569
-11.435048,50,277.775242
-13.333006,50,277.853351
-12.00683,50,277.927145
-11.312866,50,278.004397
-14.264431,50,278.083407
-12.093697,50,278.163481
-16.626384,50,278.238492
-12.762717,50,278.307694
-11.122262,50,278.379128
-15.733526,50,278.457279
-15.109319,50,278.509153
-16.196215,50,278.563814
-15.17869,50,278.618329
-13.377115,50,278.692609
-12.419544,50,278.758821
-15.563205,50,278.834101
-14.956984,50,278.912431
-13.368441,50,278.987221
-15.485797,50,279.06088
-14.955188,50,279.132417
-17.065009,50,279.204681
-13.102444,50,279.292865
-11.16421,50,279.377485
-13.399579,50,279.457792
-11.975748,50,279.543649
-11.612396,50,279.645619
-15.399933,50,279.720956
-16.830282,50,279.797141
-12.39968,50,279.863858
-11.739435,50,279.946679
-10.466144,50,280.021819
-14.54891,50,280.104854
-11.482122,50,280.179759
-13.887373,50,280.257826
-11.740368,50,280.336473
-16.871733,50,280.41178
-14.832038,50,280.496902
-14.892884,50,280.580223
-16.817197,50,280.655729
-12.214078,50,280.718165
-11.972176,50,280.792446
-13.085455,50,287.980593
-14.319992,50,288.044204
-18.231535,50,288.13013
-13.482751,50,288.204419
-15.437159,50,288.285631
-15.043139,50,288.37141
-18.53327,50,288.45249
-12.385037,50,288.530831
-11.028557,50,288.610905
-10.754835,50,288.682625
-13.909215,50,288.757436
-12.324313,50,288.847738
-15.125009,50,288.933264
-16.072631,50,289.012621
-14.872854,50,289.097813
-10.494448,50,289.17858
-13.643291,50,289.259209
-14.521814,50,289.336348
-10.996592,50,289.426296
-10.385633,50,289.496612
-13.251095,50,289.567341
-10.87235,50,289.647336
-6.992679,50,289.708602
-10.13231,50,289.786696
-13.009181,50,289.865599
-12.14483,50,289.935762
-11.222763,50,290.011729
-15.429267,50,290.077351
-13.294865,50,290.151402
-10.319536,50,290.222767
-8.327391,50,290.291819
-11.252808,50,290.360692
-10.33633,50,290.430193
-12.969528,50,290.493956
-16.998099,50,290.572126
-13.327636,50,290.647449
-14.832462,50,290.714222
-11.866143,50,290.790932
-11.779843,50,290.869411
-12.351288,50,290.940764
-17.390352,50,291.010815
-9.183712,50,298.253562
-12.209609,50,298.344416
-11.883029,50,298.428633
-15.963635,50,298.508366
-10.791091,50,298.586368
-11.050081,50,298.669385
-10.3398,50,298.743553
-10.403909,50,298.826719
-13.103816,50,298.910866
-11.323338,50,298.971551
-12.328035,50,299.046
-14.943884,50,299.113869
-16.007691,50,299.186296
-15.794721,50,299.256665
-13.853238,50,299.321107
-10.098678,50,299.393428
-11.576477,50,299.470956
-12.027782,50,299.551531
-14.871046,50,299.622844
-7.118837,50,299.693102
-11.046998,50,299.768365
-16.597447,50,299.83878
-6.858695,50,299.910786
-13.616111,50,299.985216
-10.079909,50,300.064728
-17.109294,50,300.136936
-9.857789,50,300.213754
-10.649952,50,300.285655
-10.31605,50,300.352825
-11.823831,50,300.429584
-11.987757,50,300.502639
-17.418849,50,300.583047
-17.406042,50,300.661005
-13.357334,50,300.744203
-9.253025,50,300.82495
-10.314961,50,300.899761
-8.647645,50,300.978537
-10.261818,50,301.050615
-13.94691,50,301.118626
-7.069229,50,301.193003
-12.626652,50,301.266864
-10.193756,50,308.585116
-10.021577,50,308.663641
-12.347651,50,308.746853
-11.886991,50,308.827701
-17.537776,50,308.911432
-13.163984,50,308.996122
-8.352262,50,309.081675
-11.111237,50,309.159589
-14.539616,50,309.214374
-9.592179,50,309.25749
-12.238307,50,309.315638
-8.531841,50,309.370482
-11.591532,50,309.430976
-15.469941,50,309.478359
-10.324945,50,309.542402
-13.914613,50,309.600716
-7.630875,50,309.683158
-9.337503,50,309.75868
-14.514689,50,309.862513
-9.388082,50,309.918312
-10.035629,50,309.967523
-11.413008,50,310.019571
-8.135461,50,310.067682
-10.176314,50,310.116793
-7.538292,50,310.182177
-11.375283,50,310.237436
-7.734002,50,310.281846
-14.305156,50,310.337249
-11.005451,50,310.395254
-12.033488,50,310.443421
-10.361817,50,310.493393
-14.737403,50,310.551536
-9.423859,50,310.598115
-15.304673,50,310.67259
-14.132315,50,310.747923
-10.157621,50,310.810528
-7.380073,50,310.872246
-10.787124,50,310.921472
-9.361764,50,310.970328
-11.991719,50,311.018544
-13.371353,50,311.067518
-12.86578,50,319.952168
-7.149889,50,320.062339
-12.691964,50,320.167339
-14.930864,50,320.264214
-9.409131,50,320.358418
-9.709527,50,320.426701
-13.137517,50,320.471768
-9.277622,50,320.517187
-11.06447,50,320.562134
-8.706482,50,320.630918
-17.592181,50,320.720126
-9.340059,50,320.80681
-12.502598,50,320.896299
-9.807814,50,320.992939
-11.823122,50,321.092462
-10.103579,50,321.183538
-10.928483,50,321.270799
-6.032985,50,321.362407
-11.488275,50,321.450397
-14.973508,50,321.543958
-8.140119,50,321.635949
-8.862306,50,321.727234
-11.630303,50,321.817588
-9.959758,50,321.907575
-9.49021,50,321.998359
-11.72918,50,322.090492
-14.688286,50,322.183022
-15.98601,50,322.272312
-10.720645,50,322.368066
-14.444427,50,322.457791
-9.187642,50,322.548172
-9.446783,50,322.63772
-11.738454,50,322.728314
-9.734598,50,322.817279
-14.292599,50,322.907568
-14.719705,50,323.004015
-11.93352,50,323.094829
-11.510429,50,323.188548
-17.227203,50,323.282717
-9.815594,50,323.376562
-13.091003,50,323.468967
-15.191631,50,331.460668
-9.619988,50,331.53106
-11.126098,50,331.582871
-13.607943,50,331.642713
-4.85606,50,331.689747
-11.801143,50,331.735918
-10.622534,50,331.780876
-9.632762,50,331.843294
-9.849718,50,331.894364
-11.4737,50,331.954847
-14.049227,50,331.999166
-10.97005,50,332.066351
-12.023737,50,332.113074
-16.050081,50,332.171216
-12.286531,50,332.216236
-6.739534,50,332.277499
-10.501516,50,332.322484
-10.790686,50,332.372192
-13.670198,50,332.415342
-10.504751,50,332.466105
-5.626709,50,332.518371
-11.548152,50,332.587234
-10.75304,50,332.648078
-10.893385,50,332.711932
-7.763814,50,332.765772
-7.649508,50,332.819467
-10.18373,50,332.893105
-12.459279,50,332.966807
-11.695165,50,333.03844
-7.945879,50,333.111621
-11.980209,50,333.195449
-9.795402,50,333.272584
-16.132454,50,333.324987
-9.6052,50,333.396877
-11.995292,50,333.454302
-10.327308,50,333.517159
-9.598044,50,333.59228
-11.706545,50,333.661258
-7.65242,50,333.717662
-10.146756,50,333.7714
-7.617732,50,333.829096
-15.648915,50,340.901569
-9.158187,50,340.982871
-6.668061,50,341.047118
-11.366917,50,341.116006
-15.309114,50,341.19166
-7.360796,50,341.262496
-7.35559,50,341.326744
-8.446626,50,341.404569
-9.205757,50,341.476535
-8.919378,50,341.53351
-8.85557,50,341.594177
-10.65374,50,341.660764
-15.946444,50,341.726896
-14.132409,50,341.792662
-8.74916,50,341.866315
-11.339595,50,341.9377
-8.385817,50,342.009052
-7.62052,50,342.082894
-9.739608,50,342.157592
-8.75939,50,342.227683
-8.024779,50,342.303444
-12.951315,50,342.368654
-8.747631,50,342.440185
-16.858224,50,342.516411
-6.602543,50,342.58476
-17.630935,50,342.641713
-16.897349,50,342.703869
-13.46912,50,342.774011
-11.100251,50,342.840217
-6.583904,50,342.913378
-6.234969,50,342.989548
-9.163156,50,343.06657
-7.261044,50,343.136418
-7.474738,50,343.208641
-9.666752,50,343.278934
-7.880979,50,343.360539
-7.768984,50,343.418206
-11.893513,50,343.490507
-12.245014,50,343.565241
-10.416161,50,343.656626
-8.808435,50,343.71307
-9.518389,50,350.762409
-9.709314,50,350.848877
-7.065674,50,350.929992
-10.559055,50,351.01515
-10.084334,50,351.099062
-10.668802,50,351.183614
-10.790098,50,351.267306
-7.63168,50,351.348106
-6.432834,50,351.424932
-5.339819,50,351.48281
-9.893326,50,351.567279
-10.522561,50,351.653782
-8.167957,50,351.739891
-9.070208,50,351.822096
-13.582517,50,351.903676
-14.540219,50,351.953734
-5.281129,50,352.02576
-8.732856,50,352.104517
-10.366307,50,352.180034
-5.117939,50,352.269357
-8.64911,50,352.338369
-9.156941,50,352.409415
-13.001654,50,352.483665
-9.57394,50,352.553397
-13.010402,50,352.617384
-10.588976,50,352.689208
-4.838499,50,352.761515
-8.674543,50,352.84214
-11.203387,50,352.915694
-14.237469,50,352.979125
-15.045987,50,353.060937
-10.22061,50,353.129515
-11.975619,50,353.209676
-16.839906,50,353.290728
-11.951768,50,353.350777
-15.279795,50,353.413632
-6.723379,50,353.470923
-14.958957,50,353.534362
-13.793518,50,353.599715
-10.316935,50,353.663688
-7.436834,50,353.722234
-9.890383,50,360.800798
-8.860641,50,360.875332
-8.98922,50,360.957279
-12.283856,50,361.02725
-13.090519,50,361.093011
-11.239319,50,361.165816
-7.252049,50,361.236528
-7.663181,50,361.312336
-13.276539,50,361.375825
-10.423166,50,361.448403
-8.138848,50,361.521401
-7.873181,50,361.590571
-11.503581,50,361.655191
-12.115311,50,361.71248
-12.265224,50,361.776297
-7.786664,50,361.845388
-7.704734,50,361.913696
-17.023681,50,361.990359
-8.747095,50,362.061715
-11.481666,50,362.123687
-10.037992,50,362.189005
-7.375092,50,362.253587
-7.118654,50,362.318064
-11.301784,50,362.368086
-10.674933,50,362.418818
-5.775196,50,362.472743
-11.148194,50,362.538442
-9.001541,50,362.595866
-12.690428,50,362.670585
-4.976535,50,362.736929
-12.521048,50,362.795468
-9.557098,50,362.873091
-8.901439,50,362.951849
-8.708782,50,363.040402
-12.79183,50,363.096861
-6.107545,50,363.154141
-5.842337,50,363.215372
-5.872,50,363.280102
-7.178206,50,363.346348
-8.993237,50,363.394618
-8.577527,50,363.44922
-10.116825,50,370.614918
-12.130563,50,370.68728
-11.970096,50,370.775452
-12.722037,50,370.865031
-12.774764,50,370.941856
-7.193614,50,371.008245
-8.237163,50,371.093348
-8.520226,50,371.171944
-15.917973,50,371.250735
-13.760056,50,371.333415
-9.619025,50,371.408584
-10.017966,50,371.464113
-6.804977,50,371.540959
-15.718624,50,371.620123
-13.764872,50,371.702499
-8.158116,50,371.773358
-8.603726,50,371.856672
-13.0885,50,371.924512
-9.392574,50,372.000833
-8.736487,50,372.082876
-9.308162,50,372.152467
-15.384923,50,372.219774
-5.894111,50,372.285273
-10.916125,50,372.353614
-12.928047,50,372.404552
-5.927368,50,372.453532
-12.779151,50,372.511583
-9.313228,50,372.574335
-13.251869,50,372.634209
-12.77465,50,372.695823
-9.474519,50,372.773411
-7.838655,50,372.828592
-11.907458,50,372.883659
-8.67603,50,372.959528
-7.500726,50,373.026371
-4.809053,50,373.092363
-7.59754,50,373.166439
-9.908504,50,373.218262
-8.322455,50,373.269464
-11.372564,50,373.323444
-6.500747,50,373.389565
-8.97019,50,380.544743
-9.812843,50,380.61394
-9.481186,50,380.690567
-12.656896,50,380.756553
-12.318936,50,380.821208
-13.075807,50,380.886944
-13.558862,50,380.958181
-6.940599,50,381.020512
-10.58706,50,381.065757
-13.121478,50,381.124232
-8.585498,50,381.196891
-12.892092,50,381.252146
-7.021496,50,381.32639
-6.523163,50,381.379715
-8.530739,50,381.430477
-4.580837,50,381.479137
-11.334756,50,381.533073
-10.322252,50,381.606499
-8.115002,50,381.665438
-5.482848,50,381.753055
-6.150801,50,381.8193
-9.755764,50,381.895953
-9.129142,50,381.956021
-9.763863,50,382.026368
-10.377759,50,382.096879
-12.312332,50,382.147562
-10.604596,50,382.21728
-11.246501,50,382.285994
-8.8565,50,382.344503
-12.581102,50,382.398906
-13.961714,50,382.459864
-12.707171,50,382.51475
-6.582953,50,382.595259
-11.756973,50,382.658681
-4.957315,50,382.730202
-16.753199,50,382.806918
-4.993961,50,382.881092
-8.834314,50,382.950761
-9.754611,50,383.013955
-7.32818,50,383.080891
-13.737576,50,383.129701
-8.679373,50,390.258187
-8.550018,50,390.327136
-9.109447,50,390.388423
-12.676686,50,390.472583
-10.822532,50,390.538021
-10.306329,50,390.611803
-8.294058,50,390.676671
-13.176847,50,390.738123
-11.679829,50,390.793385
-7.171321,50,390.857713
-8.252588,50,390.926324
-12.780117,50,390.985767
-6.605747,50,391.038555
-13.013715,50,391.09351
-8.639476,50,391.161532
-4.785608,50,391.224072
-9.744883,50,391.289798
-13.167809,50,391.361732
-9.744502,50,391.430464
-6.043165,50,391.484823
-5.238764,50,391.554763
-15.77782,50,391.618773
-11.94503,50,391.672482
-11.428776,50,391.732063
-7.448286,50,391.799415
-13.527329,50,391.846924
-7.244208,50,391.900307
-11.940732,50,391.946727
-8.813863,50,391.997434
-7.019769,50,392.063137
-14.068281,50,392.132397
-10.263907,50,392.200416
-5.725189,50,392.287872
-12.109158,50,392.355906
-6.066944,50,392.412405
-14.806478,50,392.457911
-8.794652,50,392.509088
-8.008564,50,392.578366
-6.782607,50,392.641069
-9.472223,50,392.696224
-7.973184,50,392.75737
-10.137632,50,399.988605
-4.985158,50,400.067765
-7.850059,50,400.154337
-8.989781,50,400.23255
-6.155387,50,400.31773
-7.462665,50,400.388262
-7.001733,50,400.436438
-8.070696,50,400.50522
-6.727699,50,400.563131
-11.442676,50,400.626166
-10.962677,50,400.680202
-4.740783,50,400.740696
-11.407735,50,400.817769
-11.26219,50,400.869498
-9.903655,50,400.923267
-4.173316,50,400.998224
-7.563126,50,401.068722
-11.262061,50,401.153433
-8.206913,50,401.217331
-12.907804,50,401.285601
-8.329877,50,401.35791
-11.54456,50,401.412406
-11.416259,50,401.486729
-9.002241,50,401.558635
-9.93985,50,401.610037
-5.726463,50,401.683486
-9.559948,50,401.737563
-10.292241,50,401.805568
-9.008882,50,401.854688
-15.260883,50,401.921133
-3.933406,50,401.992755
-14.157642,50,402.071885
-9.040975,50,402.148798
-7.352114,50,402.220564
-11.415151,50,402.300491
-6.141535,50,402.372674
-11.993581,50,402.429526
-12.96861,50,402.49077
-11.28515,50,402.546873
-10.930096,50,402.626808
-10.193175,50,402.6938
-5.20528,50,409.816503
-6.923753,50,409.901504
-4.365292,50,409.984315
-11.18512,50,410.067935
-11.100396,50,410.149679
-10.941861,50,410.233756
-9.715757,50,410.318301
-4.269056,50,410.403873
-9.34013,50,410.461884
-11.91192,50,410.515641
-8.26482,50,410.562722
-7.625343,50,410.617889
-7.711083,50,410.675898
-10.361363,50,410.741065
-8.850631,50,410.808192
-16.57299,50,410.87389
-9.693942,50,410.953748
-9.450375,50,411.026789
-8.823261,50,411.099777
-8.741985,50,411.178254
-12.872197,50,411.263564
-6.547374,50,411.323977
-8.144026,50,411.376894
-9.064494,50,411.428237
-7.491884,50,411.476
-13.29889,50,411.535429
-9.999318,50,411.607232
-11.388357,50,411.681973
-8.255081,50,411.749675
-12.514111,50,411.808535
-6.550023,50,411.885172
-13.456853,50,411.956305
-7.072144,50,412.025239
-9.611067,50,412.100433
-10.426688,50,412.182475
-5.359664,50,412.248586
-5.300929,50,412.313205
-9.559502,50,412.365223
-4.96709,50,412.41645
-6.728073,50,412.474305
-6.889671,50,412.530281
-15.056716,50,419.743952
-6.336498,50,419.822393
-11.036266,50,419.892783
-9.65196,50,419.971554
-11.609046,50,420.05328
-11.50482,50,420.12442
-5.394044,50,420.194766
-8.724318,50,420.258215
-8.209287,50,420.319076
-8.842186,50,420.389039
-10.233086,50,420.463228
-6.143821,50,420.524693
-10.498592,50,420.592916
-11.379642,50,420.658927
-12.12846,50,420.722855
-11.342244,50,420.790504
-5.018479,50,420.86234
-8.423789,50,420.919677
-7.956442,50,421.003135
-6.038159,50,421.054107
-12.603351,50,421.12221
-7.328431,50,421.169399
-9.583278,50,421.237653
-12.536617,50,421.299954
-7.308298,50,421.351649
-11.423566,50,421.397733
-7.792367,50,421.463047
-4.908073,50,421.526628
-7.76287,50,421.584932
-12.76769,50,421.639836
-6.102971,50,421.70883
-7.785935,50,421.775451
-5.219017,50,421.854824
-8.095583,50,421.923155
-7.992304,50,421.997011
-11.060551,50,422.069894
-7.534057,50,422.142908
-10.605551,50,422.203538
-6.666638,50,422.25734
-6.765965,50,422.324542
-11.311525,50,422.390869
-11.115539,50,429.756439
-7.432841,50,429.833069
-3.771666,50,429.895056
-6.392654,50,429.970308
-11.191939,50,430.040112
-8.758444,50,430.086301
-5.792445,50,430.130935
-4.093052,50,430.193536
-7.302855,50,430.262015
-9.455,50,430.343295
-7.066104,50,430.429498
-5.348838,50,430.484499
-6.845928,50,430.535982
-5.933798,50,430.583208
-10.593175,50,430.637956
-6.401104,50,430.700913
-9.475435,50,430.787027
-9.859921,50,430.872411
-3.683946,50,430.921279
-10.608695,50,430.963985
-6.956873,50,431.006541
-13.595252,50,431.061104
-10.601854,50,431.105931
-5.304136,50,431.15946
-9.11466,50,431.203338
-8.454375,50,431.248816
-4.0359,50,431.296338
-7.844813,50,431.34514
-5.730161,50,431.390202
-10.541848,50,431.435167
-12.878106,50,431.478895
-7.923049,50,431.528682
-6.094438,50,431.576239
-4.047416,50,431.620324
-8.168212,50,431.669833
-5.614513,50,431.723372
-12.250099,50,431.800393
-5.046398,50,431.865145
-12.40368,50,431.912688
-9.009045,50,431.956169
-8.071059,50,432.006045
-5.444386,50,442.448073
-7.890057,50,442.548722
-4.145559,50,442.648102
-5.782277,50,442.745549
-9.624601,50,442.837887
-6.171435,50,442.929091
-3.951505,50,443.021857
-8.497356,50,443.113293
-11.380898,50,443.20384
-11.26602,50,443.296749
-10.809649,50,443.387706
-10.441894,50,443.487697
-4.380071,50,443.58342
-5.045496,50,443.676431
-11.168881,50,443.752258
-12.74602,50,443.797731
-10.407089,50,443.843872
-9.053426,50,443.908173
-6.143298,50,443.951725
-4.631957,50,443.995856
-11.164047,50,444.040535
-3.878215,50,444.086186
-7.359646,50,444.136531
-11.001937,50,444.186359
-7.350635,50,444.236202
-6.937046,50,444.284721
-10.314188,50,444.338132
-3.995882,50,444.389187
-6.21841,50,444.445792
-13.195153,50,444.496807
-13.078223,50,444.552552
-5.487707,50,444.630645
-6.152089,50,444.690688
-6.256091,50,444.748775
-5.933769,50,444.800176
-6.612567,50,444.846222
-6.492667,50,444.894549
-14.205445,50,444.942529
-13.527061,50,444.989918
-10.058128,50,445.03742
-8.562821,50,445.081945
-7.065707,50,452.180897
-5.441908,50,452.233183
-11.457544,50,452.294678
-6.931479,50,452.362124
-11.66101,50,452.437285
-4.833337,50,452.511087
-8.214671,50,452.589796
-3.233171,50,452.635836
-11.882052,50,452.694587
-11.572801,50,452.745371
-8.000233,50,452.80408
-11.280656,50,452.84603
-7.38412,50,452.887713
-12.479785,50,452.940949
-6.140779,50,453.000792
-10.688619,50,453.046118
-5.884669,50,453.107673
-11.582444,50,453.16971
-8.154634,50,453.256417
-5.158583,50,453.329118
-8.383042,50,453.399885
-6.893568,50,453.468548
-6.734094,50,453.544489
-10.17436,50,453.609693
-8.039248,50,453.676477
-6.838954,50,453.738468
-4.53992,50,453.791765
-5.682519,50,453.846792
-7.287088,50,453.912379
-7.100861,50,453.977853
-5.663005,50,454.0374
-6.980593,50,454.095048
-5.448067,50,454.1421
-12.854373,50,454.205093
-13.456068,50,454.279493
-6.468085,50,454.344101
-12.644343,50,454.417434
-4.149889,50,454.49783
-10.688752,50,454.565639
-11.812097,50,454.639583
-4.410782,50,454.714818
-12.099434,50,461.759006
-10.414508,50,461.840826
-6.25265,50,461.923785
-11.686903,50,462.004704
-7.497141,50,462.080079
-3.234376,50,462.144361
-3.658301,50,462.212281
-13.586799,50,462.279685
-7.713449,50,462.361482
-4.139261,50,462.426247
-10.261518,50,462.502748
-7.434601,50,462.577378
-12.157448,50,462.653062
-9.267223,50,462.727474
-5.454268,50,462.780033
-11.713424,50,462.837149
-6.699338,50,462.911075
-9.850442,50,462.971444
-6.069163,50,463.030423
-5.247669,50,463.104339
-8.833025,50,463.162615
-7.824246,50,463.218923
-15.67296,50,463.274587
-6.734306,50,463.330267
-11.575563,50,463.405224
-11.961571,50,463.459695
-9.553593,50,463.510476
-10.129993,50,463.566767
-7.865476,50,463.620359
-5.151165,50,463.691228
-8.464783,50,463.763232
-4.29622,50,463.829041
-9.255606,50,463.889782
-8.092914,50,463.966511
-14.164484,50,464.036599
-5.460607,50,464.09952
-6.984088,50,464.156622
-7.077515,50,464.224575
-6.761184,50,464.29424
-4.482666,50,464.369873
-13.733141,50,464.436687
-7.900762,50,471.558131
-5.732172,50,471.623645
-9.260283,50,471.700613
-12.252117,50,471.764097
-6.55147,50,471.832392
-4.657924,50,471.906663
-8.743179,50,471.989373
-8.350325,50,472.055091
-7.543648,50,472.098893
-13.461304,50,472.161407
-6.561391,50,472.219296
-8.221705,50,472.286412
-9.045129,50,472.355199
-4.441359,50,472.416432
-4.761016,50,472.48046
-9.88369,50,472.559053
-8.525849,50,472.634309
-5.929843,50,472.713739
-11.826099,50,472.77915
-15.305055,50,472.850183
-8.804601,50,472.928264
-9.412956,50,472.99051
-6.641164,50,473.057429
-4.592863,50,473.120208
-13.747832,50,473.195405
-4.996545,50,473.268195
-6.537786,50,473.3489
-7.572373,50,473.417172
-7.16397,50,473.480102
-5.078505,50,473.551533
-5.064922,50,473.630213
-8.125442,50,473.699434
-7.239939,50,473.766592
-12.982982,50,473.840377
-9.055137,50,473.913026
-10.766719,50,473.993466
-8.04404,50,474.062491
-2.526835,50,474.112206
-9.849089,50,474.172852
-3.874928,50,474.23767
-10.795643,50,474.281737
-9.294437,50,481.472387
-7.456528,50,481.5511
-10.619833,50,481.631258
-6.588262,50,481.706266
-8.708215,50,481.785473
-4.532842,50,481.858082
-8.413642,50,481.92379
-7.929901,50,482.002371
-9.336356,50,482.06945
-6.762021,50,482.148142
-8.890603,50,482.232469
-6.688692,50,482.295909
-7.147161,50,482.369815
-6.064729,50,482.432059
-7.39289,50,482.5118
-11.617635,50,482.589055
-10.756629,50,482.674278
-8.213014,50,482.756577
-7.050007,50,482.825118
-8.038506,50,482.902176
-7.544395,50,482.970674
-7.715658,50,483.048894
-8.680482,50,483.122395
-6.155421,50,483.197298
-4.575722,50,483.274237
-10.339846,50,483.360135
-13.731425,50,483.438476
-6.367619,50,483.504743
-7.821006,50,483.575603
-9.543296,50,483.655495
-7.156331,50,483.728417
-3.415445,50,483.791991
-10.163872,50,483.870615
-11.055256,50,483.948119
-9.039486,50,484.025068
-7.896081,50,484.090068
-7.878528,50,484.166224
-11.519955,50,484.234083
-13.577361,50,484.308544
-9.706929,50,484.381718
-8.76502,50,484.454362
-7.79651,50,491.626642
-4.325419,50,491.685812
-4.464475,50,491.751696
-6.492761,50,491.819662
-7.810788,50,491.896387
-8.717799,50,491.953404
-11.46646,50,492.027085
-10.966229,50,492.10677
-6.599821,50,492.180609
-8.195787,50,492.251494
-5.001608,50,492.335093
-6.515235,50,492.419277
-7.718594,50,492.487038
-9.743626,50,492.554906
-5.302417,50,492.629267
-3.21791,50,492.689599
-9.707534,50,492.76776
-2.145274,50,492.830941
-8.016311,50,492.914055
-5.791278,50,492.994346
-3.48031,50,493.057099
-5.425256,50,493.130672
-6.720639,50,493.195343
-7.740888,50,493.241261
-9.756668,50,493.287856
-4.857957,50,493.361911
-5.852807,50,493.425262
-3.596777,50,493.468684
-7.00591,50,493.523235
-3.725399,50,493.591802
-9.315396,50,493.677012
-6.504336,50,493.753135
-10.826054,50,493.84242
-10.64399,50,493.915962
-11.944789,50,493.982661
-9.812146,50,494.049644
-13.118214,50,494.117306
-3.822796,50,494.181895
-9.116248,50,494.23743
-6.185941,50,494.293094
-6.2448,50,494.346961
-6.77019,50,501.44113
-2.953914,50,501.51559
-5.786287,50,501.579001
-4.851667,50,501.663496
-7.279347,50,501.750572
-9.142711,50,501.838744
-11.082619,50,501.917928
-9.257216,50,501.998662
-6.882045,50,502.084615
-4.891994,50,502.166775
-4.000176,50,502.242898
-7.968893,50,502.318656
-4.74426,50,502.387037
-8.451655,50,502.455358
-11.975696,50,502.518428
-6.921044,50,502.59324
-10.167135,50,502.66414
-3.557821,50,502.741109
-6.368291,50,502.819794
-9.200978,50,502.893589
-7.773901,50,502.958148
-7.940235,50,503.03803
-9.061006,50,503.108312
-8.962564,50,503.188031
-6.633877,50,503.263475
-4.03575,50,503.328408
-5.199032,50,503.406215
-8.526182,50,503.48021
-9.703463,50,503.553622
-11.498892,50,503.627291
-5.306333,50,503.6877
-7.777258,50,503.757606
-7.132269,50,503.831392
-4.359602,50,503.908876
-5.051898,50,503.980456
-9.935991,50,504.057423
-11.321917,50,504.133422
-6.310303,50,504.203068
-10.767365,50,504.282405
-9.249236,50,504.358081
-8.608385,50,504.433442
-11.656444,50,511.612095
-5.266219,50,511.694904
-7.715896,50,511.772747
-10.599464,50,511.85164
-16.082405,50,511.935848
-10.135518,50,512.008594
-7.69634,50,512.088178
-6.942911,50,512.173625
-2.15209,50,512.255092
-5.278355,50,512.329444
-7.622243,50,512.405382
-6.839408,50,512.477552
-7.430964,50,512.556779
-13.009259,50,512.626889
-11.387819,50,512.719555
-9.143733,50,512.787392
-5.547206,50,512.875115
-3.084479,50,512.962422
-10.442129,50,513.033048
-4.055286,50,513.111557
-4.227418,50,513.178163
-6.91619,50,513.256991
-7.519382,50,513.3306
-10.47413,50,513.396703
-11.104017,50,513.470508
-8.801655,50,513.54082
-10.164956,50,513.619741
-7.251678,50,513.665994
-10.010789,50,513.723186
-4.763625,50,513.808349
-13.017621,50,513.877194
-7.246256,50,513.948259
-8.161732,50,514.009851
-9.283943,50,514.085248
-7.619623,50,514.162384
-8.586597,50,514.232559
-4.489392,50,514.306353
-8.824335,50,514.390509
-3.883998,50,514.458004
-7.295891,50,514.510551
-5.060204,50,521.730893
-6.640594,50,521.80877
-13.576649,50,521.894561
-9.270048,50,521.972725
-3.507436,50,522.052013
-5.773368,50,522.133426
-5.552353,50,522.210446
-7.352644,50,522.283162
-11.45805,50,522.3496
-7.008521,50,522.424323
-6.984167,50,522.498442
-9.844707,50,522.569859
-5.81029,50,522.652194
-7.090551,50,522.718927
-10.371512,50,522.798628
-10.055189,50,522.870717
-4.505649,50,522.944679
-5.110521,50,523.023499
-8.069583,50,523.105524
-6.519457,50,523.1687
-9.434936,50,523.242237
-4.927645,50,523.308197
-7.551019,50,523.373329
-9.8396,50,523.443103
-8.493687,50,523.512679
-10.808905,50,523.590244
-8.351804,50,523.664556
-5.721628,50,523.725036
-4.999956,50,523.8002
-9.717728,50,523.872409
-10.266445,50,523.939617
-9.817101,50,524.014544
-12.465119,50,524.0866
-7.148676,50,524.152351
-5.931632,50,524.221574
-6.559448,50,524.293833
-7.266804,50,524.379409
-7.062153,50,524.43491
-7.324319,50,524.491686
-3.916397,50,524.549114
-4.330805,50,524.6218
-4.1545,50,531.834018
-4.674793,50,531.918655
-7.203641,50,532.007494
-10.203017,50,532.078545
-4.178176,50,532.140109
-6.782638,50,532.209235
-9.797569,50,532.276172
-6.666546,50,532.342873
-7.235557,50,532.413659
-12.306467,50,532.49598
-8.951667,50,532.573902
-4.386872,50,532.656153
-6.487752,50,532.730373
-5.461739,50,532.793985
-8.047558,50,532.877261
-6.535098,50,532.946567
-10.904803,50,533.021594
-4.67211,50,533.097504
-4.270855,50,533.167951
-7.287388,50,533.239996
-8.075027,50,533.313936
-12.611496,50,533.399923
-9.91132,50,533.468487
-11.062318,50,533.547987
-2.782156,50,533.618284
-9.077831,50,533.689463
-7.34793,50,533.762955
-9.159546,50,533.836551
-7.516618,50,533.914755
-10.39539,50,533.984029
-8.499573,50,534.04812
-16.003037,50,534.114164
-11.373284,50,534.18561
-5.463385,50,534.250035
-8.271641,50,534.321985
-7.621249,50,534.392518
-12.437553,50,534.465812
-5.24615,50,534.536314
-12.35273,50,534.619458
-9.327473,50,534.684135
-6.814287,50,534.748136
-5.726878,50,542.074079
-5.918213,50,542.138862
-4.574384,50,542.188019
-9.806036,50,542.239248
-6.300255,50,542.283687
-7.467909,50,542.358834
-12.395705,50,542.424238
-12.229805,50,542.474519
-6.286203,50,542.538622
-3.019572,50,542.591254
-6.743986,50,542.651908
-9.08031,50,542.709049
-10.073877,50,542.758989
-9.135711,50,542.824372
-5.455976,50,542.890561
-10.640925,50,542.945883
-7.217316,50,542.991649
-5.544769,50,543.043099
-10.135881,50,543.112089
-7.015408,50,543.184465
-7.124273,50,543.259548
-4.399223,50,543.336695
-5.596239,50,543.410925
-6.417544,50,543.487831
-8.558382,50,543.567008
-7.746635,50,543.631355
-5.083307,50,543.70039
-3.939003,50,543.771081
-4.531898,50,543.840982
-12.139075,50,543.894592
-4.08337,50,543.974762
-11.858193,50,544.037857
-3.728381,50,544.100986
-9.747213,50,544.187764
-5.373715,50,544.261815
-8.379626,50,544.335983
-5.359891,50,544.40344
-4.608729,50,544.473243
-7.926604,50,544.543144
-7.863419,50,544.616421
-9.092467,50,544.682769
-8.636577,50,551.869852
-6.030468,50,551.950463
-8.477109,50,552.036678
-11.07022,50,552.117993
-9.777665,50,552.197344
-7.140908,50,552.276469
-5.406541,50,552.3397
-10.125462,50,552.381438
-4.02104,50,552.447211
-14.440092,50,552.522644
-4.867203,50,552.593512
-7.289454,50,552.656389
-5.644648,50,552.711993
-11.677301,50,552.77417
-4.965295,50,552.836523
-6.983045,50,552.916102
-7.420808,50,552.993075
-5.238606,50,553.072895
-7.195099,50,553.137206
-9.857889,50,553.211666
-4.227638,50,553.290799
-6.13234,50,553.368901
-6.366274,50,553.446047
-7.102762,50,553.506402
-7.201822,50,553.582596
-4.522917,50,553.642722
-7.832481,50,553.713414
-4.712819,50,553.768327
-10.699193,50,553.814494
-8.544285,50,553.88119
-2.578083,50,553.965036
-9.427303,50,554.043629
-4.502831,50,554.112935
-6.638424,50,554.187913
-4.337802,50,554.266604
-9.771351,50,554.34017
-6.569762,50,554.39756
-4.626617,50,554.458624
-7.513395,50,554.523257
-11.612762,50,554.586316
-6.615461,50,554.664426
-7.114026,50,561.872579
-7.095644,50,561.958975
-3.657618,50,562.030489
-6.382431,50,562.113181
-5.76227,50,562.188327
-7.525632,50,562.262468
-6.908127,50,562.334825
-7.727954,50,562.411469
-6.788184,50,562.491985
-7.223098,50,562.56406
-9.920039,50,562.642312
-7.897187,50,562.723401
-5.538804,50,562.803575
-5.422055,50,562.863399
-7.371606,50,562.949144
-6.50839,50,563.027359
-8.656069,50,563.092161
-9.902725,50,563.168344
-11.81893,50,563.243016
-4.956112,50,563.324745
-10.36318,50,563.398419
-10.136894,50,563.468225
-8.565949,50,563.550066
-7.258064,50,563.618639
-4.04616,50,563.694113
-12.36308,50,563.748625
-4.595152,50,563.809131
-7.164532,50,563.880006
-10.57167,50,563.957295
-7.904029,50,564.024112
-4.968341,50,564.0947
-4.57413,50,564.164065
-3.829743,50,564.242703
-3.36291,50,564.307929
-10.111559,50,564.384473
-2.692737,50,564.451685
-8.614932,50,564.510396
-8.750577,50,564.577489
-10.501408,50,564.637372
-5.070733,50,564.709105
-12.821841,50,564.768418
-6.500018,50,572.021797
-13.056713,50,572.108891
-7.094624,50,572.19447
-5.112244,50,572.268923
-4.405547,50,572.332365
-10.31549,50,572.393914
-2.043529,50,572.459688
-8.181601,50,572.528343
-6.901279,50,572.59725
-8.844875,50,572.667525
-10.362575,50,572.743496
-6.797092,50,572.811615
-8.189742,50,572.878031
-12.690426,50,572.940921
-5.28565,50,573.001755
-7.682807,50,573.072416
-11.08729,50,573.148232
-6.459748,50,573.222723
-10.724682,50,573.291207
-3.314696,50,573.354378
-10.344229,50,573.418448
-8.253447,50,573.486318
-4.643411,50,573.554466
-12.105317,50,573.59918
-5.067925,50,573.646507
-12.228854,50,573.729452
-9.150837,50,573.806665
-6.53201,50,573.868653
-6.169522,50,573.916707
-5.646001,50,573.985905
-8.076728,50,574.057295
-5.994513,50,574.11
-8.123895,50,574.177172
-4.409519,50,574.250984
-10.779682,50,574.31535
-9.450837,50,574.380095
-3.928602,50,574.453497
-3.326323,50,574.519814
-6.814149,50,574.583925
-3.681681,50,574.653382
-11.217526,50,574.726505
-8.250411,50,582.008221
-6.673412,50,582.083378
-8.724717,50,582.15408
-3.85732,50,582.226077
-13.347879,50,582.314161
-7.042587,50,582.399224
-10.86851,50,582.464427
-7.364824,50,582.537176
-5.336178,50,582.606515
-5.421179,50,582.686161
-10.195332,50,582.766939
-7.416179,50,582.840423
-7.799019,50,582.921222
-7.179696,50,582.997332
-9.981577,50,583.060978
-7.437206,50,583.137922
-5.578189,50,583.21503
-4.749831,50,583.278101
-5.288135,50,583.342369
-2.428966,50,583.418924
-4.979592,50,583.492018
-5.429744,50,583.563544
-11.085968,50,583.633454
-10.610895,50,583.70512
-6.227069,50,583.783719
-8.27269,50,583.863364
-6.203678,50,583.933145
-7.877873,50,584.004186
-5.892061,50,584.085725
-6.451148,50,584.165802
-11.937915,50,584.237417
-6.742899,50,584.308927
-6.426184,50,584.362565
-6.927338,50,584.431139
-6.007535,50,584.491547
-9.287655,50,584.55154
-9.884096,50,584.629342
-5.190032,50,584.713356
-6.973634,50,584.785471
-5.722853,50,584.862605
-7.073528,50,584.933857
-7.266498,50,592.338177
-3.815105,50,592.421668
-5.147211,50,592.496797
-7.346506,50,592.583378
-4.826778,50,592.66366
-6.090227,50,592.749115
-4.737632,50,592.839388
-8.749849,50,592.927858
-7.438117,50,593.01156
-8.008461,50,593.096699
-6.530294,50,593.168189
-8.406653,50,593.219599
-5.11484,50,593.289193
-12.094584,50,593.363776
-7.006504,50,593.441349
-9.995415,50,593.498463
-3.679275,50,593.581891
-10.689593,50,593.662417
-8.359715,50,593.750571
-8.352867,50,593.833591
-3.798097,50,593.923659
-12.272552,50,594.002445
-10.001072,50,594.071687
-4.702281,50,594.144079
-7.484869,50,594.205173
-9.13367,50,594.259249
-3.286295,50,594.320986
-7.802134,50,594.400066
-10.134009,50,594.467099
-9.491734,50,594.53681
-10.28532,50,594.615668
-9.372269,50,594.692059
-6.444373,50,594.765085
-7.068736,50,594.835004
-5.665203,50,594.905397
-6.957256,50,594.975561
-3.132936,50,595.053541
-7.445288,50,595.119047
-6.158141,50,595.194223
-8.347282,50,595.266555
-8.5393,50,595.332078
-11.740945,50,602.762911
-5.488466,50,602.846812
-7.169519,50,602.933872
-3.319199,50,603.013231
-3.101606,50,603.091498
-6.872635,50,603.173803
-9.589245,50,603.245043
-7.204904,50,603.311729
-6.606226,50,603.384839
-10.515342,50,603.45028
-7.786704,50,603.529736
-7.718792,50,603.606405
-6.121721,50,603.669225
-8.653308,50,603.740707
-5.460757,50,603.80965
-4.560735,50,603.883695
-7.075118,50,603.967761
-3.445734,50,604.040477
-13.894182,50,604.113082
-4.70474,50,604.189243
-5.907056,50,604.263106
-11.815215,50,604.332485
-4.971984,50,604.396297
-8.128429,50,604.462188
-7.400956,50,604.516326
-8.052838,50,604.579282
-6.527718,50,604.66676
-2.490593,50,604.733974
-11.860343,50,604.826879
-9.384013,50,604.915348
-10.730565,50,604.996426
-5.280302,50,605.076106
-8.605771,50,605.150128
-6.0476,50,605.219842
-5.663646,50,605.293633
-5.138525,50,605.37171
-5.186713,50,605.443536
-8.741141,50,605.517529
-5.923676,50,605.572909
-7.355018,50,605.622492
-6.222144,50,605.681623
-3.311153,50,612.976978
-6.120909,50,613.053634
-5.440147,50,613.124532
-5.962656,50,613.211092
-8.801463,50,613.272117
-4.369289,50,613.34581
-7.369446,50,613.411806
-4.641982,50,613.481063
-5.94461,50,613.550149
-11.043211,50,613.620545
-7.607617,50,613.673063
-4.783442,50,613.727199
-6.937844,50,613.790188
-6.296058,50,613.860973
-7.196639,50,613.920804
-3.062306,50,613.994549
-6.711492,50,614.05935
-7.376714,50,614.135598
-8.57175,50,614.205211
-11.540627,50,614.284483
-6.615914,50,614.351436
-4.164595,50,614.422439
-5.453961,50,614.489208
-3.408214,50,614.575075
-6.925657,50,614.651411
-8.873944,50,614.72041
-10.442198,50,614.7957
-5.426581,50,614.859707
-8.616057,50,614.932441
-5.735975,50,615.007326
-6.544551,50,615.075883
-4.364719,50,615.147285
-4.959751,50,615.21189
-7.352423,50,615.28406
-5.636109,50,615.334613
-8.175382,50,615.411776
-7.518183,50,615.491244
-12.241418,50,615.558197
-10.260353,50,615.613077
-11.822522,50,615.672955
-5.279583,50,615.73347
-7.843393,50,622.993313
-14.351131,50,623.082086
-3.70299,50,623.167232
-7.247779,50,623.257018
-5.890217,50,623.335059
-4.870402,50,623.420356
-6.815575,50,623.484286
-10.274383,50,623.557395
-4.024028,50,623.602215
-7.332422,50,623.666617
-11.01295,50,623.733183
-4.539998,50,623.794956
-11.201758,50,623.855015
-4.325819,50,623.93635
-8.876746,50,624.005361
-7.697724,50,624.080066
-10.365135,50,624.153316
-6.162509,50,624.231176
-12.7435,50,624.298883
-4.734592,50,624.36504
-5.145948,50,624.427542
-10.522994,50,624.475831
-11.678696,50,624.529186
-10.412003,50,624.591613
-11.891795,50,624.645151
-8.267391,50,624.704771
-6.965814,50,624.762871
-7.087206,50,624.831971
-8.094679,50,624.903446
-2.923544,50,624.966474
-13.025811,50,625.042898
-7.928571,50,625.117407
-11.411044,50,625.199719
-8.771116,50,625.281648
-7.810235,50,625.33757
-8.819081,50,625.421552
-8.627289,50,625.509448
-6.112184,50,625.5923
-4.194792,50,625.681599
-4.864538,50,625.752975
-3.765972,50,625.81685
-3.390765,50,633.186793
-3.098945,50,633.261945
-9.226462,50,633.339833
-9.403753,50,633.417508
-7.586222,50,633.496784
-5.268502,50,633.572305
-6.762265,50,633.642458
-5.386716,50,633.708462
-4.202755,50,633.772336
-2.94089,50,633.840014
-8.073818,50,633.916529
-5.111171,50,633.973972
-6.579903,50,634.037647
-10.234831,50,634.097622
-6.769156,50,634.156097
-5.187784,50,634.239457
-8.837338,50,634.318774
-3.517546,50,634.397705
-10.041582,50,634.476264
-8.760288,50,634.54895
-7.334994,50,634.617158
-4.790193,50,634.681497
-10.886609,50,634.741359
-8.476011,50,634.799945
-3.664705,50,634.86378
-8.926523,50,634.918284
-5.920173,50,634.989646
-5.186769,50,635.053815
-4.44839,50,635.100613
-5.270716,50,635.153914
-15.465581,50,635.220681
-7.262604,50,635.303811
-5.525887,50,635.376721
-7.741179,50,635.451247
-9.991208,50,635.526289
-8.11167,50,635.603547
-5.608634,50,635.676239
-5.030833,50,635.748585
-8.167084,50,635.811793
-5.373227,50,635.872098
-10.762584,50,635.932582
-10.676473,50,642.96154
-8.83913,50,643.033267
-5.42118,50,643.116377
-11.153187,50,643.189033
-3.818703,50,643.261169
-8.011571,50,643.332464
-11.092845,50,643.39829
-6.048319,50,643.464097
-2.703589,50,643.542524
-4.248147,50,643.610694
-7.451428,50,643.677306
-9.605271,50,643.737158
-7.064316,50,643.797536
-15.441895,50,643.847446
-6.927779,50,643.902954
-7.393176,50,643.954103
-6.486629,50,644.032341
-10.694059,50,644.11062
-7.234512,50,644.176485
-2.895616,50,644.251359
-6.780916,50,644.321372
-11.399268,50,644.398899
-5.798118,50,644.462085
-8.644183,50,644.54213
-2.671031,50,644.608829
-10.347873,50,644.667714
-2.975648,50,644.723734
-6.388131,50,644.781987
-5.993637,50,644.855219
-13.128252,50,644.927206
-6.049206,50,645.009727
-7.874252,50,645.076839
-5.745658,50,645.14527
-9.905727,50,645.214298
-6.0336,50,645.282822
-10.469592,50,645.350217
-3.325062,50,645.421476
-8.392496,50,645.498343
-10.318891,50,645.579862
-15.81112,50,645.651141
-7.632814,50,645.726159
-4.811172,50,653.000889
-7.451307,50,653.081721
-7.85337,50,653.15536
-2.870483,50,653.226555
-4.482293,50,653.301743
-5.480443,50,653.37774
-3.706106,50,653.446421
-7.480917,50,653.526356
-3.0288,50,653.604084
-8.665879,50,653.663102
-6.856263,50,653.728653
-6.698824,50,653.787357
-9.539257,50,653.852867
-6.309922,50,653.905444
-7.70876,50,653.96786
-6.993066,50,654.049459
-4.243312,50,654.127231
-4.738221,50,654.200519
-4.599567,50,654.278887
-3.611399,50,654.351099
-6.2154,50,654.439183
-6.975298,50,654.519667
-6.362852,50,654.596631
-6.00151,50,654.669409
-3.867757,50,654.742212
-7.058254,50,654.800468
-7.173875,50,654.855069
-8.665465,50,654.926825
-8.077388,50,654.995461
-9.912256,50,655.071353
-3.593047,50,655.144409
-4.070696,50,655.228908
-5.504664,50,655.3092
-4.121489,50,655.383347
-9.578025,50,655.460001
-4.865105,50,655.518473
-7.793379,50,655.572576
-4.54726,50,655.62713
-4.317957,50,655.694591
-6.474554,50,655.756344
-5.496846,50,655.81141
-2.900526,50,662.944562
-7.400642,50,663.0322
-9.763155,50,663.117269
-3.535336,50,663.19905
-8.596583,50,663.279545
-7.035481,50,663.359824
-3.460588,50,663.419339
-6.492754,50,663.497776
-3.966142,50,663.573333
-5.784247,50,663.653468
-5.147585,50,663.714389
-6.194291,50,663.766885
-3.459258,50,663.83645
-2.649588,50,663.906703
-10.702781,50,663.981455
-8.124489,50,664.049354
-6.327295,50,664.113763
-4.08048,50,664.187376
-7.035995,50,664.254654
-3.059519,50,664.328249
-4.988002,50,664.392617
-7.507017,50,664.453684
-6.389859,50,664.524583
-8.591528,50,664.595648
-5.618585,50,664.668227
-3.76784,50,664.731852
-5.765709,50,664.79047
-8.208281,50,664.860287
-10.621501,50,664.930357
-4.232025,50,665.010073
-7.093269,50,665.08437
-12.006131,50,665.150425
-17.023809,50,665.216847
-1.745718,50,665.286699
-5.967234,50,665.356592
-6.46487,50,665.424087
-3.295972,50,665.500686
-2.716677,50,665.573152
-11.064256,50,665.618715
-7.042172,50,665.685423
-4.90348,50,665.753225
-5.481501,50,672.832497
-4.973264,50,672.909323
-6.245093,50,672.995847
-9.714434,50,673.071398
-4.918805,50,673.151638
-5.241498,50,673.238765
-5.426555,50,673.304053
-8.957,50,673.367441
-6.604965,50,673.449596
-5.526997,50,673.53678
-9.469984,50,673.608405
-7.729378,50,673.688307
-7.770621,50,673.763463
-4.732784,50,673.834528
-5.802902,50,673.907407
-5.109132,50,673.983359
-7.945842,50,674.05723
-6.471483,50,674.132038
-3.343219,50,674.207521
-7.382102,50,674.273766
-5.27501,50,674.353239
-4.167817,50,674.429343
-4.799899,50,674.503611
-10.037538,50,674.580523
-6.301636,50,674.662205
-6.259829,50,674.72863
-5.464939,50,674.800722
-8.682916,50,674.85996
-6.535283,50,674.942566
-6.797384,50,675.022808
-7.187265,50,675.098399
-9.837955,50,675.17861
-7.827253,50,675.251456
-7.58312,50,675.328172
-4.866821,50,675.396431
-9.969408,50,675.467931
-3.71354,50,675.540384
-4.106562,50,675.610615
-8.110488,50,675.685186
-5.746745,50,675.761957
-10.664512,50,675.847088
-5.825425,50,683.151461
-7.263508,50,683.223083
-5.903853,50,683.298083
-3.685064,50,683.37627
-5.96225,50,683.452499
-5.100859,50,683.524341
-7.067892,50,683.594643
-8.599357,50,683.657416
-4.489154,50,683.730974
-3.526451,50,683.798534
-9.508273,50,683.882171
-6.791032,50,683.951312
-4.753711,50,684.013992
-7.042064,50,684.075459
-9.686328,50,684.151568
-6.122416,50,684.229483
-4.47735,50,684.295819
-7.803024,50,684.379776
-7.569065,50,684.453521
-11.319825,50,684.540156
-7.026827,50,684.610612
-4.776419,50,684.693724
-4.034718,50,684.762393
-6.890999,50,684.846879
-4.024094,50,684.922842
-8.849721,50,685.003842
-10.11935,50,685.082541
-2.89806,50,685.15617
-10.390243,50,685.223959
-9.320576,50,685.307328
-5.036137,50,685.387349
-8.326531,50,685.459751
-2.612006,50,685.535098
-6.233835,50,685.596543
-6.650855,50,685.661573
-6.221797,50,685.723912
-8.110343,50,685.792654
-13.408841,50,685.838285
-12.116548,50,685.923071
-9.053993,50,685.993866
-7.288136,50,686.073724
-8.556711,50,693.81211
-3.051434,50,693.897907
-6.692474,50,693.978929
-15.777099,50,694.060433
-9.397142,50,694.13169
-7.457329,50,694.179836
-7.021159,50,694.245328
-9.855201,50,694.317862
-6.076795,50,694.372997
-4.529064,50,694.443718
-1.902348,50,694.495276
-8.640697,50,694.542786
-4.037122,50,694.597507
-3.956713,50,694.650213
-2.55507,50,694.700145
-6.995018,50,694.74523
-12.164401,50,694.81259
-4.964687,50,694.890915
-5.952304,50,694.958699
-5.895177,50,695.030248
-5.114277,50,695.076671
-3.293604,50,695.120083
-9.809984,50,695.168182
-5.218623,50,695.215133
-8.23584,50,695.259652
-7.676692,50,695.309766
-5.095573,50,695.352489
-4.520006,50,695.409072
-7.527582,50,695.453872
-6.947845,50,695.499276
-4.998046,50,695.546835
-5.132707,50,695.596967
-5.919777,50,695.654752
-8.475468,50,695.703239
-11.220321,50,695.760922
-4.384661,50,695.834259
-5.896071,50,695.917091
-6.783947,50,695.966939
-7.111633,50,696.020624
-5.639312,50,696.074974
-10.265181,50,696.134157
-9.107645,50,703.344886
-3.76073,50,703.425156
-11.737553,50,703.490947
-10.688066,50,703.55479
-6.377407,50,703.619084
-5.48149,50,703.674735
-5.754159,50,703.736348
-4.292907,50,703.802071
-6.044678,50,703.873598
-6.660881,50,703.93025
-4.038299,50,703.993788
-5.730025,50,704.046732
-4.443891,50,704.103152
-3.830918,50,704.182954
-3.546021,50,704.243701
-5.204551,50,704.316678
-10.633153,50,704.395474
-7.466792,50,704.473311
-2.665165,50,704.549048
-5.843048,50,704.620283
-3.331484,50,704.696234
-3.116,50,704.768122
-6.199213,50,704.843231
-7.059107,50,704.906317
-2.354397,50,704.977337
-5.979745,50,705.044414
-4.00944,50,705.121074
-6.85041,50,705.187241
-4.436206,50,705.237176
-8.590485,50,705.294537
-7.257354,50,705.369329
-2.726296,50,705.432717
-7.013556,50,705.489378
-7.558139,50,705.568508
-10.509979,50,705.63753
-8.739815,50,705.712582
-7.559315,50,705.778002
-5.784406,50,705.847641
-3.048562,50,705.902735
-6.338406,50,705.950815
-4.318288,50,706.028412
-4.879977,50,713.308048
-7.291259,50,713.384218
-5.930581,50,713.466272
-6.423015,50,713.543216
-11.834175,50,713.617036
-4.848485,50,713.692118
-5.273861,50,713.755401
-13.39921,50,713.821341
-3.270447,50,713.879623
-12.214426,50,713.941946
-5.850357,50,714.005163
-10.782634,50,714.064374
-3.699603,50,714.121298
-11.959557,50,714.171804
-3.286294,50,714.225467
-5.500782,50,714.290374
-7.541503,50,714.36451
-3.604215,50,714.440931
-5.094255,50,714.509854
-4.509847,50,714.565449
-5.433398,50,714.626674
-5.773023,50,714.676946
-2.714825,50,714.743581
-6.656699,50,714.79627
-4.329733,50,714.865323
-6.666686,50,714.934661
-11.376036,50,714.996866
-10.395607,50,715.05086
-10.351038,50,715.103458
-6.637569,50,715.149367
-4.529387,50,715.201496
-7.376202,50,715.276568
-11.369011,50,715.335874
-10.507659,50,715.4124
-3.746508,50,715.484494
-4.026114,50,715.552221
-5.578402,50,715.630451
-11.278074,50,715.704384
-13.157538,50,715.780444
-3.058721,50,715.860789
-3.8269,50,715.926289
-4.83237,50,723.118626
-6.400124,50,723.200873
-4.386507,50,723.271352
-13.270071,50,723.333442
-7.708187,50,723.418138
-5.623258,50,723.492914
-5.03211,50,723.571476
-7.109031,50,723.640805
-4.958326,50,723.726442
-5.84857,50,723.799973
-5.188258,50,723.870647
-3.939553,50,723.943682
-6.10157,50,724.020269
-10.711221,50,724.084308
-9.041331,50,724.158838
-12.501519,50,724.231397
-6.011198,50,724.305456
-8.198643,50,724.381767
-8.323368,50,724.441382
-6.306138,50,724.508434
-4.546728,50,724.584361
-9.169565,50,724.658432
-3.744044,50,724.736278
-5.211422,50,724.81832
-5.398134,50,724.892904
-6.315467,50,724.95706
-9.23116,50,725.02642
-11.464787,50,725.088597
-3.684887,50,725.15505
-3.673745,50,725.231044
-5.37506,50,725.307149
-4.40881,50,725.387526
-9.811689,50,725.458077
-9.075039,50,725.53298
-4.588216,50,725.608126
-5.399514,50,725.678587
-11.720414,50,725.755298
-7.105632,50,725.824639
-4.283109,50,725.891229
-8.979893,50,725.95499
-6.712846,50,726.012259
-9.05507,50,733.168592
-11.452316,50,733.245741
-4.674436,50,733.333562
-5.435431,50,733.405517
-9.977545,50,733.473199
-8.874531,50,733.546431
-5.088867,50,733.626469
-4.536927,50,733.687261
-4.95922,50,733.762291
-6.555322,50,733.834059
-4.689198,50,733.907715
-7.545947,50,733.968111
-1.889908,50,734.022219
-3.815213,50,734.090564
-5.169128,50,734.139466
-4.831604,50,734.204479
-5.545276,50,734.270733
-7.88455,50,734.34532
-12.10488,50,734.412661
-9.34437,50,734.47602
-10.364187,50,734.552179
-5.950929,50,734.623235
-6.428606,50,734.696548
-6.6417,50,734.772565
-8.127912,50,734.821315
-5.674903,50,734.864751
-8.569037,50,734.910309
-5.312741,50,734.976348
-2.855263,50,735.024027
-8.566902,50,735.084125
-8.133801,50,735.161542
-5.126914,50,735.237265
-13.425586,50,735.305602
-4.80116,50,735.374377
-7.445787,50,735.442005
-5.634983,50,735.518072
-5.783797,50,735.583303
-6.988248,50,735.633914
-10.220274,50,735.705944
-9.050271,50,735.7617
-7.056336,50,735.831159
-5.626925,50,742.995678
-6.000753,50,743.072816
-3.590772,50,743.13515
-5.574939,50,743.210636
-4.699539,50,743.278812
-5.109203,50,743.34743
-5.555119,50,743.412599
-3.411397,50,743.478369
-8.076171,50,743.552067
-4.541667,50,743.627962
-6.402075,50,743.702841
-7.080083,50,743.778234
-6.112643,50,743.845677
-12.022903,50,743.912387
-5.51981,50,743.989917
-6.853158,50,744.076643
-8.22895,50,744.154762
-13.203445,50,744.229625
-6.962242,50,744.296548
-8.629569,50,744.378375
-11.584919,50,744.456307
-4.536399,50,744.531978
-8.776798,50,744.597082
-5.865542,50,744.675786
-7.846456,50,744.76422
-6.982236,50,744.838725
-2.87379,50,744.905564
-5.541174,50,744.966926
-3.529788,50,745.035236
-7.7508,50,745.101853
-4.36623,50,745.171484
-7.645472,50,745.236166
-10.047678,50,745.300415
-7.132683,50,745.355064
-9.804111,50,745.432264
-5.071714,50,745.497491
-6.45183,50,745.561807
-2.644635,50,745.632991
-11.798882,50,745.70258
-10.560769,50,745.753426
-6.6931,50,745.811538
-8.534615,50,753.066296
-6.300137,50,753.156229
-11.095198,50,753.238288
-7.349597,50,753.317463
-2.801879,50,753.386914
-5.596867,50,753.457708
-3.877183,50,753.542681
-5.273748,50,753.613234
-6.8912,50,753.683876
-2.114761,50,753.732858
-4.999493,50,753.787718
-5.461426,50,753.839761
-6.016625,50,753.898867
-8.120516,50,753.965103
-5.060947,50,754.029715
-9.128823,50,754.101019
-7.48905,50,754.170129
-6.168338,50,754.256422
-9.199745,50,754.33058
-3.732611,50,754.401075
-8.233485,50,754.459693
-10.36772,50,754.5468
-5.253694,50,754.62372
-9.642665,50,754.704946
-11.321186,50,754.776182
-5.176666,50,754.853482
-9.440922,50,754.927704
-3.750437,50,755.008292
-6.743269,50,755.085616
-5.421774,50,755.156451
-10.995322,50,755.227077
-3.406662,50,755.303202
-7.678897,50,755.383186
-5.861129,50,755.444737
-6.137129,50,755.518809
-4.521868,50,755.574165
-5.913252,50,755.623448
-4.081517,50,755.695027
-8.421781,50,755.76544
-11.236035,50,755.840584
-3.390956,50,755.908741
-10.997515,50,763.218974
-7.748583,50,763.289871
-3.478342,50,763.367567
-4.15141,50,763.43769
-7.818787,50,763.513084
-2.900031,50,763.579634
-6.261567,50,763.654418
-2.994579,50,763.73112
-8.928235,50,763.797869
-4.204572,50,763.865928
-5.441407,50,763.934765
-7.539566,50,764.012315
-6.40295,50,764.086441
-4.898283,50,764.140031
-5.83326,50,764.210454
-10.320939,50,764.280894
-9.056151,50,764.343491
-4.41968,50,764.402109
-6.930559,50,764.470528
-9.254077,50,764.536329
-7.601624,50,764.601455
-4.867473,50,764.654714
-7.639321,50,764.7101
-7.31559,50,764.777098
-4.123699,50,764.84462
-12.972746,50,764.917386
-4.297755,50,764.993073
-8.209493,50,765.047777
-6.329381,50,765.099922
-4.42528,50,765.168002
-4.877911,50,765.244231
-6.693553,50,765.328094
-4.67676,50,765.405995
-7.538673,50,765.47578
-8.328871,50,765.536232
-4.586912,50,765.589236
-4.938611,50,765.633057
-4.542394,50,765.687711
-5.663685,50,765.748131
-5.046369,50,765.800101
-6.290075,50,772.951238
-3.428561,50,773.027481
-2.184801,50,773.11526
-9.897788,50,773.196028
-6.43592,50,773.273388
-5.86703,50,773.348663
-8.813866,50,773.423019
-9.847867,50,773.491021
-4.649669,50,773.560658
-7.30048,50,773.629427
-9.167747,50,773.701357
-5.453922,50,773.781672
-4.222137,50,773.844436
-5.661412,50,773.903376
-5.68954,50,773.961705
-3.722013,50,774.039101
-4.455345,50,774.11303
-8.991182,50,774.18705
-6.945545,50,774.258743
-6.185909,50,774.337004
-5.679363,50,774.408476
-3.913602,50,774.483273
-9.119714,50,774.552184
-6.278011,50,774.612481
-4.057881,50,774.673571
-6.118594,50,774.726115
-7.92562,50,774.79807
-4.719027,50,774.859849
-6.922234,50,774.921609
-7.5357,50,774.992237
-6.311938,50,775.064061
-5.017314,50,775.136271
-8.7105,50,775.22125
-6.319401,50,775.304383
-5.636177,50,775.381461
-3.057187,50,775.458743
-10.210127,50,775.524692
-7.375178,50,775.596263
-6.374712,50,775.650463
-8.900826,50,775.712362
-4.083207,50,775.780107
-4.068366,50,783.00512
-8.433633,50,783.090652
-8.164698,50,783.172654
-7.771716,50,783.257359
-3.120036,50,783.321595
-2.394164,50,783.393107
-5.97534,50,783.453156
-3.297194,50,783.52964
-4.615332,50,783.611211
-10.091081,50,783.684916
-4.722036,50,783.767184
-5.252786,50,783.852847
-9.05183,50,783.936997
-9.785873,50,784.006593
-9.014658,50,784.092904
-7.239582,50,784.173574
-5.952024,50,784.263671
-4.981555,50,784.347128
-6.134624,50,784.432343
-4.786048,50,784.523977
-7.675231,50,784.61038
-7.0677,50,784.685503
-6.7938,50,784.754432
-5.948959,50,784.828832
-11.305941,50,784.893365
-7.709047,50,784.968726
-8.292204,50,785.042658
-2.345521,50,785.104874
-7.9381,50,785.18423
-9.783845,50,785.257109
-5.283565,50,785.333897
-4.598811,50,785.400247
-6.652209,50,785.474391
-7.421817,50,785.550937
-4.795786,50,785.623141
-6.857449,50,785.713188
-2.792263,50,785.779636
-10.032192,50,785.850438
-4.109295,50,785.934474
-5.663329,50,786.015035
-2.665939,50,786.095813
-5.229129,50,793.519112
-2.525783,50,793.594297
-4.222825,50,793.672215
-5.854965,50,793.75587
-9.455254,50,793.81896
-2.193513,50,793.891376
-5.406363,50,793.964859
-5.786282,50,794.040792
-3.086199,50,794.116149
-7.563407,50,794.202662
-4.149212,50,794.277873
-5.272452,50,794.374113
-4.07975,50,794.465268
-4.393298,50,794.54573
-5.379257,50,794.636761
-9.770588,50,794.71155
-11.874225,50,794.779152
-3.657643,50,794.85331
-6.573017,50,794.941122
-2.58094,50,795.014629
-6.320951,50,795.084789
-4.433418,50,795.166823
-9.962328,50,795.252902
-7.463846,50,795.328923
-7.253831,50,795.396327
-3.545534,50,795.461281
-2.68609,50,795.525048
-3.112228,50,795.604463
-7.074475,50,795.680981
-3.753455,50,795.756462
-3.588222,50,795.842385
-7.125353,50,795.916785
-2.593764,50,796.002851
-3.284928,50,796.088607
-5.194099,50,796.173858
-6.453253,50,796.255843
-2.495156,50,796.326452
-4.879632,50,796.409825
-8.208701,50,796.48817
-7.666773,50,796.559062
-5.509691,50,796.621211
-11.582473,50,804.025229
-7.086452,50,804.101201
-3.246359,50,804.180226
-9.07119,50,804.252708
-3.846893,50,804.316704
-6.586395,50,804.36875
-3.694322,50,804.418312
-7.319428,50,804.470556
-2.052778,50,804.52629
-3.202519,50,804.581272
-12.376228,50,804.642385
-13.990998,50,804.695548
-7.475596,50,804.743087
-8.5951,50,804.789985
-4.495347,50,804.833849
-2.247167,50,804.876762
-4.767899,50,804.919882
-2.985391,50,804.962945
-4.610725,50,805.006761
-5.269451,50,805.064657
-4.778,50,805.114833
-7.821113,50,805.178301
-2.840769,50,805.237014
-4.149764,50,805.298218
-6.857006,50,805.348934
-10.411084,50,805.415502
-5.825952,50,805.462081
-3.717441,50,805.517123
-2.564762,50,805.562711
-9.439277,50,805.611088
-5.965097,50,805.657998
-9.648743,50,805.705679
-9.2419,50,805.752948
-2.960664,50,805.797466
-5.79319,50,805.845089
-7.851565,50,805.889591
-6.235847,50,805.934062
-9.814086,50,805.97996
-7.773062,50,806.026806
-9.363502,50,806.078991
-5.824144,50,806.131432
-11.148275,50,813.358047
-2.908233,50,813.429477
-9.000197,50,813.501462
-4.704037,50,813.566999
-2.561304,50,813.641839
-5.978392,50,813.694652
-4.954672,50,813.768083
-8.050026,50,813.819981
-9.397952,50,813.874035
-7.116035,50,813.924126
-3.008551,50,813.974018
-6.860679,50,814.024047
-7.679848,50,814.092691
-6.607357,50,814.142732
-7.271345,50,814.194235
-6.88832,50,814.248708
-7.36862,50,814.291857
-5.216282,50,814.338179
-8.62509,50,814.404407
-3.503446,50,814.4733
-5.456467,50,814.530827
-2.305818,50,814.575824
-6.099389,50,814.62846
-8.153566,50,814.675898
-10.627377,50,814.734189
-8.337263,50,814.782765
-3.248184,50,814.828428
-4.040434,50,814.874642
-5.654488,50,814.920279
-3.024418,50,814.982178
-7.968109,50,815.028291
-5.033899,50,815.076167
-6.444722,50,815.136094
-5.243154,50,815.182315
-2.3801,50,815.232265
-3.21446,50,815.279069
-7.474673,50,815.324007
-5.578467,50,815.371161
-3.685622,50,815.414843
-3.560176,50,815.466389
-4.403676,50,815.535209
-10.009441,50,822.849123
-8.144607,50,822.936175
-2.207963,50,822.993583
-4.590249,50,823.044729
-7.283143,50,823.09697
-5.144982,50,823.163839
-9.454051,50,823.228126
-7.267138,50,823.27517
-5.483584,50,823.320783
-11.377708,50,823.366158
-7.775338,50,823.411705
-5.099729,50,823.458199
-5.18702,50,823.507663
-9.980509,50,823.556085
-9.242262,50,823.61083
-3.018106,50,823.653748
-4.890778,50,823.711451
-7.931253,50,823.760801
-3.82478,50,823.819118
-7.032186,50,823.890442
-4.548113,50,823.969507
-7.364008,50,824.032621
-3.577486,50,824.080448
-6.697456,50,824.160749
-9.135767,50,824.213879
-3.926661,50,824.274479
-7.672594,50,824.33187
-8.005685,50,824.377375
-5.554475,50,824.427181
-7.078638,50,824.474058
-5.575197,50,824.522602
-3.391521,50,824.570955
-3.235691,50,824.619039
-4.648455,50,824.68995
-5.162959,50,824.739553
-5.650803,50,824.786687
-5.928526,50,824.831662
-4.825341,50,824.887071
-6.613069,50,824.956169
-3.281175,50,825.014143
-9.854392,50,825.08727
-5.986653,50,832.251568
-5.09619,50,832.3358
-3.663362,50,832.422024
-8.045035,50,832.509622
-4.489324,50,832.575576
-8.382729,50,832.652516
-10.712453,50,832.70582
-5.997903,50,832.764217
-4.914132,50,832.843804
-6.750121,50,832.909115
-4.552742,50,832.97258
-2.496668,50,833.032662
-7.918547,50,833.091836
-9.365142,50,833.160239
-6.340736,50,833.221894
-5.300574,50,833.288729
-6.593542,50,833.366203
-3.959311,50,833.432647
-3.486489,50,833.502138
-2.513846,50,833.583115
-4.699461,50,833.637972
-5.899026,50,833.697318
-7.9008,50,833.750646
-7.305014,50,833.820588
-2.983928,50,833.892618
-5.959966,50,833.965737
-8.261971,50,834.040268
-7.012178,50,834.123722
-9.993206,50,834.206745
-4.187976,50,834.285267
-7.923198,50,834.371787
-6.097944,50,834.453618
-2.836311,50,834.52562
-3.719866,50,834.602903
-6.278353,50,834.682777
-4.615461,50,834.766109
-4.452306,50,834.843275
-4.52741,50,834.910455
-3.063444,50,834.969805
-5.787099,50,835.023648
-7.123529,50,835.0951
-4.603197,50,842.241621
-9.725373,50,842.327433
-5.236531,50,842.410956
-4.868082,50,842.493222
-6.191461,50,842.579292
-5.163178,50,842.665032
-4.275907,50,842.750361
-5.564619,50,842.832513
-4.357575,50,842.915129
-5.084651,50,842.983471
-12.917158,50,843.053688
-7.876934,50,843.122794
-8.653749,50,843.200908
-2.746496,50,843.278998
-5.606941,50,843.340986
-4.831972,50,843.411097
-4.718941,50,843.473
-9.550001,50,843.54733
-3.38711,50,843.628114
-3.878223,50,843.713386
-4.164663,50,843.790003
-9.878878,50,843.860649
-4.11344,50,843.931351
-6.099971,50,844.006348
-5.245959,50,844.078565
-6.188745,50,844.141977
-10.348029,50,844.210649
-3.904575,50,844.279881
-6.613944,50,844.353615
-4.274214,50,844.411595
-7.716373,50,844.487092
-3.760598,50,844.55789
-7.807202,50,844.636719
-8.11232,50,844.706177
-5.956647,50,844.778523
-5.254719,50,844.843282
-4.443767,50,844.915687
-2.604294,50,844.981976
-9.106987,50,845.034823
-7.137463,50,845.094911
-5.870182,50,845.158425
-4.355534,50,852.328467
-10.623285,50,852.40012
-7.763411,50,852.465485
-5.081935,50,852.540808
-7.079984,50,852.612293
-5.215981,50,852.702606
-4.928203,50,852.775212
-5.111108,50,852.852526
-6.53403,50,852.924653
-11.135734,50,852.984055
-3.705809,50,853.038576
-3.394073,50,853.091201
-10.276385,50,853.162884
-6.255893,50,853.222447
-4.161769,50,853.29236
-5.189017,50,853.369385
-6.469943,50,853.434155
-4.887734,50,853.508395
-2.129451,50,853.575142
-7.451251,50,853.659335
-2.981189,50,853.739713
-3.739761,50,853.81634
-4.274152,50,853.889655
-10.755417,50,853.97365
-4.708152,50,854.039005
-5.124097,50,854.110185
-3.642442,50,854.180223
-11.586768,50,854.244525
-5.050682,50,854.30244
-6.94384,50,854.36899
-6.844262,50,854.43644
-5.714248,50,854.498389
-3.874692,50,854.573104
-6.543228,50,854.641959
-5.02805,50,854.729649
-6.174117,50,854.808675
-8.567389,50,854.874436
-5.959184,50,854.951597
-2.26744,50,855.019912
-8.050564,50,855.102491
-4.927206,50,855.173053
-6.943472,50,862.311423
-4.399953,50,862.381216
-4.714697,50,862.458962
-9.358885,50,862.535503
-7.302614,50,862.60962
-9.855848,50,862.6902
-4.718804,50,862.758542
-3.798697,50,862.829773
-5.063363,50,862.903322
-5.153249,50,862.981814
-7.938841,50,863.060191
-4.610416,50,863.119539
-6.997159,50,863.184571
-10.262402,50,863.268627
-5.549135,50,863.341647
-5.946673,50,863.417252
-6.873988,50,863.485334
-9.362768,50,863.539554
-6.273074,50,863.616236
-6.248564,50,863.689277
-8.691912,50,863.760594
-9.88948,50,863.838701
-5.271395,50,863.911346
-4.955888,50,863.984402
-11.29392,50,864.052948
-6.303729,50,864.126747
-7.275236,50,864.202285
-5.552219,50,864.268736
-6.195375,50,864.340715
-5.279451,50,864.407468
-3.685872,50,864.483611
-5.057407,50,864.556902
-9.01258,50,864.627515
-5.640689,50,864.702109
-4.40995,50,864.767464
-2.752772,50,864.842571
-5.215146,50,864.917295
-6.207803,50,864.993298
-6.526865,50,865.059136
-5.003867,50,865.119185
-11.229391,50,865.182613
-5.526533,50,872.318373
-9.31236,50,872.387451
-3.517796,50,872.473058
-5.314522,50,872.536845
-6.323774,50,872.607604
-11.439528,50,872.67957
-5.099687,50,872.753392
-9.616627,50,872.828459
-11.227469,50,872.889234
-9.803345,50,872.954899
-3.366264,50,873.015317
-6.083377,50,873.071803
-6.856655,50,873.13594
-3.452809,50,873.199329
-5.472012,50,873.268816
-8.222752,50,873.351562
-3.827881,50,873.413407
-3.287678,50,873.48313
-6.974696,50,873.548931
-7.341185,50,873.624357
-5.258135,50,873.693309
-1.592582,50,873.777531
-7.997218,50,873.852525
-8.622352,50,873.9085
-4.11265,50,873.962923
-5.469101,50,874.033279
-7.735004,50,874.107754
-5.902135,50,874.172667
-2.562286,50,874.242248
-4.614942,50,874.298356
-3.664326,50,874.368335
-3.809213,50,874.432592
-5.897655,50,874.504585
-9.404141,50,874.572816
-4.103384,50,874.631589
-5.320746,50,874.708643
-2.281415,50,874.778766
-4.670597,50,874.84339
-2.876886,50,874.898963
-4.782435,50,874.964777
-11.513636,50,875.017971
-7.610539,50,882.249642
-9.073263,50,882.339587
-4.76366,50,882.43003
-6.573585,50,882.518231
-4.268263,50,882.60231
-5.586767,50,882.678137
-4.799211,50,882.750782
-10.072835,50,882.831554
-6.537223,50,882.914358
-5.703378,50,882.998337
-7.421946,50,883.072654
-9.990562,50,883.139092
-5.169754,50,883.193212
-12.562539,50,883.271892
-2.709918,50,883.34728
-5.136732,50,883.42451
-2.695497,50,883.494445
-7.097343,50,883.575493
-5.818584,50,883.636542
-12.417146,50,883.708714
-4.580028,50,883.786913
-2.867065,50,883.859719
-5.211584,50,883.941467
-4.545743,50,883.999388
-7.14457,50,884.06117
-4.330225,50,884.115837
-9.016686,50,884.203061
-9.000829,50,884.278491
-5.155906,50,884.348065
-5.182191,50,884.41804
-6.947206,50,884.489628
-4.119879,50,884.564302
-6.677327,50,884.634745
-10.207448,50,884.72042
-4.129698,50,884.803383
-6.846722,50,884.875778
-5.070575,50,884.947077
-4.530699,50,885.013218
-5.133182,50,885.062665
-3.44667,50,885.118455
-4.531874,50,885.169545
-1.964439,50,892.509039
-8.861975,50,892.589281
-3.161405,50,892.651905
-3.955201,50,892.737137
-4.780907,50,892.824989
-9.087879,50,892.887217
-6.683823,50,892.965374
-3.993768,50,893.041001
-5.337842,50,893.112588
-4.245328,50,893.193494
-4.193883,50,893.269977
-5.835582,50,893.338596
-6.067524,50,893.409354
-7.836404,50,893.472564
-4.11046,50,893.543555
-7.557956,50,893.620574
-8.893944,50,893.69389
-4.84334,50,893.771861
-8.648627,50,893.858581
-9.610459,50,893.940817
-6.967775,50,894.017887
-9.376014,50,894.096074
-4.054924,50,894.168684
-9.995,50,894.234037
-3.805848,50,894.301097
-4.473806,50,894.371006
-8.374664,50,894.443506
-8.24777,50,894.510625
-8.028851,50,894.57322
-5.427158,50,894.644075
-2.181947,50,894.729505
-7.616109,50,894.799153
-5.646673,50,894.868298
-4.546038,50,894.944783
-4.582775,50,895.010355
-11.358765,50,895.075986
-6.018195,50,895.161628
-9.651419,50,895.219067
-4.956369,50,895.271382
-3.624744,50,895.343812
-4.812924,50,895.404909
-2.573564,50,902.540577
-5.57115,50,902.61971
-12.532976,50,902.698149
-10.937835,50,902.785222
-5.014913,50,902.87442
-5.486079,50,902.952282
-9.495061,50,903.020391
-9.168417,50,903.10212
-3.748281,50,903.168099
-3.216174,50,903.234763
-6.265356,50,903.299973
-5.084359,50,903.367087
-6.738766,50,903.417932
-5.18713,50,903.473902
-6.284991,50,903.535394
-4.583128,50,903.610572
-7.351018,50,903.677951
-4.761839,50,903.73885
-6.262802,50,903.818856
-8.700984,50,903.889126
-8.951025,50,903.969467
-2.754454,50,904.032629
-7.706783,50,904.100607
-8.21451,50,904.167416
-8.370476,50,904.226426
-10.295537,50,904.28281
-3.099581,50,904.361958
-6.391833,50,904.421312
-3.630893,50,904.479213
-4.60672,50,904.555873
-4.456192,50,904.637196
-4.833008,50,904.703204
-5.885224,50,904.792865
-10.611589,50,904.867464
-2.820924,50,904.937924
-4.580694,50,905.013651
-4.028983,50,905.077527
-2.906015,50,905.152653
-13.999048,50,905.236511
-2.900727,50,905.299295
-6.384541,50,905.376709
-10.206071,50,912.737225
-4.19387,50,912.819466
-8.73642,50,912.900782
-8.931699,50,912.969623
-4.839225,50,913.043586
-5.552274,50,913.117126
-4.980193,50,913.186924
-5.538358,50,913.265039
-6.028243,50,913.344057
-3.090655,50,913.415063
-9.30898,50,913.486088
-5.193939,50,913.570487
-5.888791,50,913.655583
-5.529522,50,913.728229
-7.049476,50,913.801517
-5.483836,50,913.86932
-8.237441,50,913.94498
-3.089683,50,914.025946
-2.260566,50,914.098157
-9.617505,50,914.182564
-4.061899,50,914.258906
-6.204572,50,914.347689
-4.874673,50,914.41906
-9.068855,50,914.494184
-5.114075,50,914.569937
-4.249012,50,914.631369
-7.162145,50,914.689325
-3.806282,50,914.762058
-5.520416,50,914.846699
-5.065534,50,914.937201
-7.170176,50,915.016269
-8.75435,50,915.091441
-4.958121,50,915.152702
-6.990269,50,915.225372
-6.189818,50,915.289081
-3.080159,50,915.345551
-5.013017,50,915.4159
-4.538152,50,915.481357
-4.483032,50,915.537937
-7.725247,50,915.610466
-7.383654,50,915.681145
-3.857524,50,922.904539
-8.272544,50,922.980788
-4.411717,50,923.062514
-4.219792,50,923.135219
-6.181549,50,923.202754
-3.931435,50,923.264319
-6.108354,50,923.32969
-5.151859,50,923.403152
-5.627308,50,923.46507
-4.526126,50,923.52617
-4.010551,50,923.601609
-5.951374,50,923.667593
-8.464015,50,923.740277
-4.304992,50,923.815687
-7.046516,50,923.880913
-5.39669,50,923.946074
-5.195107,50,924.015659
-6.852818,50,924.084914
-7.665405,50,924.151187
-6.087588,50,924.231761
-8.239393,50,924.298772
-6.552566,50,924.364424
-7.299815,50,924.438537
-6.437463,50,924.502109
-5.760966,50,924.571405
-3.572283,50,924.630117
-2.886267,50,924.686668
-10.987888,50,924.756694
-12.624266,50,924.823503
-3.807551,50,924.904998
-5.601415,50,924.981714
-2.788819,50,925.062564
-5.922185,50,925.144171
-5.96799,50,925.217798
-10.546559,50,925.288098
-7.315526,50,925.361002
-8.088929,50,925.435247
-5.657531,50,925.502808
-5.52928,50,925.566686
-4.113502,50,925.626213
-7.316339,50,925.679736
-2.772215,50,933.114917
-4.222585,50,933.180651
-7.561791,50,933.237003
-8.862671,50,933.308688
-4.885279,50,933.374377
-3.183826,50,933.432127
-4.762729,50,933.499386
-6.266598,50,933.564635
-4.595027,50,933.629655
-4.968744,50,933.701935
-3.718624,50,933.761596
-9.523769,50,933.828704
-8.826155,50,933.886519
-2.872184,50,933.952345
-12.138128,50,934.008273
-3.5017,50,934.061071
-4.482429,50,934.129821
-5.541438,50,934.188591
-5.680922,50,934.246382
-11.567513,50,934.297645
-8.550522,50,934.363284
-12.497908,50,934.43584
-3.905798,50,934.496434
-10.893023,50,934.561073
-9.142235,50,934.628007
-4.953091,50,934.694601
-4.323601,50,934.762914
-7.367278,50,934.835478
-5.890466,50,934.889395
-6.514771,50,934.942391
-5.621917,50,934.996645
-5.601092,50,935.064635
-6.963478,50,935.13971
-4.31064,50,935.195689
-4.936458,50,935.262511
-3.136701,50,935.33738
-10.528851,50,935.397687
-5.15923,50,935.450198
-4.533207,50,935.513698
-6.159286,50,935.56951
-7.871222,50,935.630882
-7.716514,50,943.035298
-4.779284,50,943.097331
-8.801796,50,943.180789
-8.600493,50,943.25327
-3.997836,50,943.31916
-8.557618,50,943.37878
-9.156218,50,943.444523
-5.441264,50,943.515523
-3.156481,50,943.584467
-7.047817,50,943.636446
-5.814393,50,943.705018
-4.697532,50,943.767154
-4.237404,50,943.823641
-4.483734,50,943.892311
-6.678207,50,943.962664
-4.100307,50,944.024458
-2.980156,50,944.087626
-3.503922,50,944.157982
-2.959999,50,944.22186
-4.870615,50,944.291159
-3.461892,50,944.357225
-4.83113,50,944.425116
-4.606953,50,944.479704
-2.910542,50,944.544559
-3.093305,50,944.608514
-5.588338,50,944.65562
-4.297783,50,944.728331
-5.015636,50,944.787707
-5.907373,50,944.846113
-5.423326,50,944.922456
-6.080647,50,944.98653
-5.783303,50,945.045978
-3.997782,50,945.106992
-6.904213,50,945.167754
-9.580712,50,945.241783
-7.646647,50,945.321437
-5.96774,50,945.388023
-10.029196,50,945.461904
-6.527915,50,945.534571
-3.463333,50,945.605214
-9.832891,50,945.666086
-2.618057,50,953.183544
-4.686829,50,953.26492
-9.306803,50,953.333242
-6.903977,50,953.409133
-3.675554,50,953.478992
-2.376475,50,953.535803
-5.415423,50,953.612535
-5.11645,50,953.679784
-9.763331,50,953.745515
-4.579161,50,953.815874
-4.86142,50,953.876169
-6.06297,50,953.943308
-9.63948,50,954.025107
-10.278302,50,954.081113
-7.65398,50,954.128087
-4.080135,50,954.211225
-10.334792,50,954.279593
-3.613209,50,954.351359
-4.126701,50,954.410098
-7.947302,50,954.464784
-3.389108,50,954.544201
-4.660021,50,954.615447
-7.126617,50,954.683444
-8.171298,50,954.749046
-5.489979,50,954.823388
-4.316149,50,954.901855
-3.078034,50,954.968114
-2.431337,50,955.03966
-4.473779,50,955.092442
-5.378591,50,955.144552
-5.897557,50,955.200677
-7.696833,50,955.272988
-2.872717,50,955.332811
-2.900664,50,955.393845
-3.295344,50,955.4552
-4.665678,50,955.509812
-4.592325,50,955.580451
-2.162855,50,955.65957
-4.630644,50,955.740023
-9.550068,50,955.795166
-8.43718,50,955.851715
-5.811332,50,963.285183
-6.645678,50,963.355608
-7.711015,50,963.424493
-2.120867,50,963.502029
-6.516495,50,963.568841
-16.093917,50,963.62585
-3.672975,50,963.700797
-6.138883,50,963.768953
-4.077801,50,963.837255
-5.122684,50,963.895454
-3.547117,50,963.953216
-3.751421,50,964.022049
-4.410851,50,964.076098
-5.210535,50,964.150701
-9.410196,50,964.201349
-5.280108,50,964.267735
-2.373049,50,964.350282
-4.444375,50,964.420304
-4.983656,50,964.487751
-4.839876,50,964.56226
-2.925483,50,964.636893
-2.224851,50,964.703113
-4.981586,50,964.78343
-7.780271,50,964.852881
-5.209401,50,964.918556
-6.436348,50,964.973619
-3.688369,50,965.041432
-3.656666,50,965.096913
-4.854176,50,965.150449
-7.057221,50,965.217818
-5.784629,50,965.28898
-5.626133,50,965.368248
-5.147479,50,965.444003
-4.149478,50,965.514465
-3.52309,50,965.59833
-5.818558,50,965.680631
-11.525755,50,965.758785
-5.511936,50,965.827744
-5.985775,50,965.898604
-4.698826,50,965.958857
-9.181733,50,966.027248
-7.81049,50,973.322221
-3.746843,50,973.388353
-3.744682,50,973.469999
-9.530983,50,973.539034
-4.219398,50,973.612496
-4.093533,50,973.687619
-4.190808,50,973.764533
-4.428453,50,973.831179
-7.918232,50,973.905298
-8.595059,50,973.966941
-6.377058,50,974.035076
-8.143503,50,974.106153
-7.456632,50,974.167776
-8.890199,50,974.246709
-3.990189,50,974.314767
-7.448582,50,974.38339
-5.682072,50,974.441548
-8.438171,50,974.495469
-2.29577,50,974.559452
-5.656829,50,974.624561
-4.759491,50,974.69616
-5.367228,50,974.76477
-11.9175,50,974.834464
-5.105469,50,974.888245
-5.246532,50,974.953073
-5.167042,50,975.026086
-5.760126,50,975.081516
-1.824766,50,975.144985
-4.738843,50,975.2008
-5.809232,50,975.262528
-7.222184,50,975.331904
-5.836788,50,975.403392
-6.44457,50,975.474924
-5.114071,50,975.537129
-4.79626,50,975.59666
-6.159388,50,975.6585
-4.393951,50,975.718686
-10.469363,50,975.792915
-5.09531,50,975.851331
-3.183445,50,975.920622
-4.732136,50,975.987459
-5.780332,50,983.334327
-6.040084,50,983.411023
-3.769463,50,983.491974
-8.561952,50,983.547465
-6.629836,50,983.61968
-5.864445,50,983.704282
-2.941195,50,983.780722
-6.440293,50,983.860445
-4.89925,50,983.937109
-4.930838,50,984.021636
-8.60157,50,984.102197
-7.576593,50,984.18048
-5.59061,50,984.261328
-3.964126,50,984.3421
-6.180681,50,984.413677
-5.194119,50,984.492295
-5.992541,50,984.573043
-7.003138,50,984.653334
-6.278523,50,984.71628
-3.700687,50,984.784542
-5.09042,50,984.852347
-3.316776,50,984.914116
-7.442079,50,984.977871
-4.260288,50,985.050447
-5.270343,50,985.13416
-6.521462,50,985.205594
-7.481233,50,985.259564
-4.564923,50,985.333484
-3.698808,50,985.407051
-8.392532,50,985.473317
-6.110952,50,985.554919
-6.250992,50,985.637982
-6.443288,50,985.719911
-5.246387,50,985.800975
-5.300715,50,985.874551
-3.67487,50,985.943942
-7.897539,50,985.999293
-6.399583,50,986.071246
-5.64434,50,986.145152
-5.551901,50,986.221617
-4.517138,50,986.286143
-6.395279,50,993.690356
-1.968248,50,993.776161
-5.8725,50,993.856547
-6.454128,50,993.927479
-5.332282,50,994.008913
-2.598676,50,994.081517
-11.085473,50,994.159139
-4.632958,50,994.2272
-7.891006,50,994.299347
-4.962609,50,994.370517
-3.128202,50,994.44575
-6.516733,50,994.51233
-8.0577,50,994.574416
-2.980182,50,994.647675
-8.405947,50,994.726078
-4.716114,50,994.798788
-6.867363,50,994.875141
-8.377828,50,994.94528
-3.46622,50,995.022821
-5.023856,50,995.099571
-5.287228,50,995.187376
-7.863595,50,995.271115
-4.599953,50,995.343715
-6.456589,50,995.417415
-7.159344,50,995.477839
-7.858148,50,995.543414
-4.50539,50,995.617684
-5.503207,50,995.697569
-7.401346,50,995.764223
-2.323428,50,995.837058
-12.750175,50,995.918256
-4.023806,50,996.010143
-8.032847,50,996.085496
-6.659609,50,996.158398
-7.886955,50,996.231525
-6.954197,50,996.292254
-6.471907,50,996.372506
-4.891711,50,996.432428
-6.234931,50,996.502951
-8.815874,50,996.582119
-4.721217,50,996.650166
-6.511992,50,1004.115348
-4.699568,50,1004.17914
-6.801741,50,1004.250605
-4.235652,50,1004.320136
-3.811427,50,1004.398655
-6.125444,50,1004.470908
-4.676113,50,1004.545201
-6.10747,50,1004.626839
-5.018402,50,1004.694473
-2.901435,50,1004.771558
-8.677108,50,1004.839577
-5.540341,50,1004.908128
-5.900146,50,1004.977613
-5.32212,50,1005.057546
-5.632392,50,1005.1374
-6.168707,50,1005.206911
-4.517268,50,1005.285701
-8.98021,50,1005.363713
-6.915503,50,1005.435355
-2.654227,50,1005.510496
-5.161327,50,1005.588678
-7.118629,50,1005.670823
-4.789703,50,1005.756833
-7.215544,50,1005.839358
-7.232727,50,1005.90899
-8.926539,50,1005.974534
-10.715353,50,1006.03812
-8.97107,50,1006.118501
-4.762857,50,1006.2016
-9.792824,50,1006.283736
-7.675305,50,1006.366697
-4.303218,50,1006.446678
-3.683288,50,1006.530734
-6.077441,50,1006.612027
-8.289849,50,1006.68081
-8.81558,50,1006.735478
-9.112527,50,1006.792339
-2.767774,50,1006.850008
-9.443765,50,1006.915056
-6.857085,50,1006.973499
-8.675166,50,1007.035386
-2.09239,50,1014.390189
-4.541677,50,1014.458881
-4.491466,50,1014.53457
-5.83634,50,1014.605352
-3.364269,50,1014.683394
-2.899077,50,1014.75387
-4.036505,50,1014.833203
-4.991637,50,1014.888208
-5.435131,50,1014.957242
-3.967805,50,1015.019519
-3.977222,50,1015.091878
-9.164972,50,1015.162093
-10.08297,50,1015.236751
-10.851562,50,1015.308287
-9.072378,50,1015.394979
-5.963911,50,1015.467148
-4.25142,50,1015.549407
-7.997876,50,1015.61331
-9.722767,50,1015.694187
-3.665558,50,1015.780263
-3.090952,50,1015.852548
-5.941121,50,1015.919321
-6.026357,50,1015.981144
-4.4788,50,1016.046302
-5.317253,50,1016.10898
-9.775316,50,1016.174286
-5.821405,50,1016.230824
-3.525039,50,1016.308773
-8.571145,50,1016.376751
-5.457861,50,1016.450647
-5.082399,50,1016.527726
-3.643852,50,1016.592403
-8.842066,50,1016.675367
-5.924077,50,1016.752526
-2.852302,50,1016.838304
-6.612495,50,1016.918365
-2.555011,50,1016.993054
-9.934824,50,1017.066182
-5.168219,50,1017.122018
-3.027118,50,1017.189262
-3.487754,50,1024.549066
-4.774387,50,1024.618429
-4.696185,50,1024.684213
-1.914947,50,1024.762131
-7.07213,50,1024.838458
-3.704932,50,1024.911948
-2.286836,50,1024.990712
-6.284976,50,1025.063354
-4.522875,50,1025.139091
-4.104304,50,1025.207627
-2.876134,50,1025.285158
-3.76559,50,1025.339242
-8.581107,50,1025.402938
-4.354166,50,1025.46927
-5.238993,50,1025.542199
-6.535473,50,1025.608288
-2.320267,50,1025.690387
-4.68176,50,1025.753081
-2.828133,50,1025.835941
-5.602267,50,1025.916379
-2.355976,50,1025.977731
-5.887382,50,1026.049391
-4.436273,50,1026.113408
-2.424284,50,1026.179319
-4.95094,50,1026.247907
-4.641305,50,1026.31166
-4.543385,50,1026.384884
-7.148704,50,1026.451334
-6.06195,50,1026.5295
-7.708236,50,1026.587419
-7.469175,50,1026.662666
-6.637878,50,1026.744936
-5.593981,50,1026.822202
-3.748702,50,1026.891684
-9.530797,50,1026.95827
-3.405411,50,1027.033321
-7.132132,50,1027.102143
-4.62603,50,1027.167348
-5.34978,50,1027.228405
-5.890649,50,1027.278723
-6.934563,50,1027.35017
-6.092563,50,1034.71958
-8.141315,50,1034.79329
-3.911109,50,1034.882287
-3.912601,50,1034.960644
-9.6935,50,1035.034865
-4.053045,50,1035.109138
-9.143991,50,1035.179877
-7.143077,50,1035.244096
-2.807351,50,1035.307445
-4.126297,50,1035.365384
-9.44859,50,1035.426615
-4.541811,50,1035.493238
-5.373141,50,1035.562705
-8.60739,50,1035.642009
-7.446897,50,1035.720144
-4.144876,50,1035.79227
-5.250842,50,1035.860633
-5.404401,50,1035.925807
-5.799976,50,1035.994556
-2.990778,50,1036.071176
-4.528795,50,1036.13848
-4.223372,50,1036.20737
-4.185972,50,1036.279137
-4.392895,50,1036.346251
-3.433766,50,1036.414871
-3.271589,50,1036.48014
-6.925215,50,1036.542972
-5.10556,50,1036.610556
-6.564571,50,1036.66775
-7.804057,50,1036.737849
-5.475551,50,1036.807306
-4.90216,50,1036.889242
-7.021756,50,1036.97172
-3.844561,50,1037.057113
-8.256732,50,1037.145016
-7.252598,50,1037.230729
-4.734463,50,1037.316373
-5.414547,50,1037.402035
-6.964533,50,1037.473165
-3.618439,50,1037.557622
-3.665661,50,1037.638671
-4.621599,50,1045.109947
-11.480248,50,1045.185228
-2.920801,50,1045.270633
-5.218338,50,1045.353213
-8.30301,50,1045.431009
-6.668457,50,1045.50373
-6.099008,50,1045.573469
-8.038805,50,1045.649265
-4.564082,50,1045.715153
-5.442994,50,1045.800141
-9.394696,50,1045.870559
-8.615326,50,1045.938354
-3.612575,50,1046.003992
-2.887053,50,1046.072051
-6.9876,50,1046.145662
-4.522428,50,1046.224857
-6.104637,50,1046.305336
-4.856278,50,1046.377762
-6.471596,50,1046.449908
-6.084233,50,1046.509542
-2.557605,50,1046.56415
-3.860336,50,1046.642976
-3.148043,50,1046.698015
-3.343398,50,1046.761444
-4.160935,50,1046.827281
-7.522152,50,1046.896027
-2.223787,50,1046.958811
-9.081193,50,1047.013825
-4.212959,50,1047.091247
-2.986316,50,1047.163428
-9.819901,50,1047.228574
-8.792009,50,1047.301935
-5.711735,50,1047.375817
-5.474922,50,1047.448187
-6.214437,50,1047.514359
-3.711276,50,1047.576253
-5.656171,50,1047.629714
-6.72477,50,1047.697591
-4.521567,50,1047.760173
-3.90632,50,1047.818338
-8.660441,50,1047.879381
-3.346156,50,1055.287903
-7.077248,50,1055.372721
-4.052193,50,1055.453293
-4.096433,50,1055.51807
-5.396858,50,1055.58061
-3.981448,50,1055.63977
-7.133447,50,1055.704642
-4.827376,50,1055.776085
-6.257767,50,1055.849184
-3.520793,50,1055.90908
-6.519068,50,1055.972605
-8.878618,50,1056.021974
-2.804174,50,1056.078033
-8.417361,50,1056.1515
-9.184802,50,1056.211869
-8.285607,50,1056.264814
-4.958977,50,1056.339289
-4.028801,50,1056.413194
-7.330804,50,1056.492749
-1.57243,50,1056.567406
-8.755326,50,1056.644684
-10.523819,50,1056.714045
-4.114894,50,1056.787864
-4.04174,50,1056.84996
-4.078241,50,1056.911783
-4.075521,50,1056.97843
-4.808643,50,1057.028219
-5.370481,50,1057.09432
-6.467903,50,1057.164888
-3.279491,50,1057.224598
-5.218025,50,1057.277016
-6.063942,50,1057.349968
-4.378382,50,1057.420554
-6.049247,50,1057.497556
-9.823113,50,1057.577882
-5.028307,50,1057.654161
-4.868401,50,1057.708834
-8.566945,50,1057.775531
-2.968479,50,1057.843462
-6.731023,50,1057.894115
-3.002227,50,1057.956544
-3.419255,50,1065.090859
-9.333411,50,1065.171454
-4.823879,50,1065.251288
-4.733106,50,1065.336363
-5.955834,50,1065.422857
-3.740718,50,1065.482955
-7.331881,50,1065.531701
-4.144165,50,1065.597188
-5.995804,50,1065.65952
-5.812466,50,1065.732124
-5.075046,50,1065.802392
-4.263776,50,1065.868405
-7.852065,50,1065.925265
-6.675975,50,1065.988689
-4.498018,50,1066.066315
-7.77811,50,1066.128905
-7.949263,50,1066.203048
-4.838099,50,1066.275968
-9.845132,50,1066.344743
-6.106604,50,1066.420192
-4.697054,50,1066.489556
-9.343868,50,1066.564087
-3.734985,50,1066.642782
-3.861736,50,1066.718204
-4.834593,50,1066.802051
-7.450416,50,1066.870871
-9.723557,50,1066.953865
-1.57213,50,1067.004642
-9.688177,50,1067.060894
-7.114245,50,1067.124809
-4.803798,50,1067.2066
-1.899995,50,1067.280575
-2.570611,50,1067.354159
-2.599296,50,1067.431671
-6.688466,50,1067.495223
-6.819403,50,1067.577865
-4.278366,50,1067.644242
-4.000111,50,1067.726701
-5.200736,50,1067.79765
-5.966775,50,1067.870503
-6.037631,50,1067.930357
-5.390993,50,1075.064202
-4.449299,50,1075.137307
-6.731276,50,1075.218383
-4.103573,50,1075.283536
-7.599495,50,1075.362079
-5.160607,50,1075.437559
-6.015488,50,1075.521574
-3.883901,50,1075.610605
-2.753245,50,1075.689462
-4.63033,50,1075.752598
-6.983656,50,1075.826629
-8.201367,50,1075.895675
-3.066968,50,1075.957558
-6.327056,50,1076.030889
-5.371235,50,1076.116599
-6.411649,50,1076.19713
-4.729886,50,1076.27182
-6.331796,50,1076.345547
-4.102695,50,1076.414463
-10.434481,50,1076.482661
-4.779546,50,1076.554076
-11.385973,50,1076.624801
-4.162156,50,1076.709606
-8.579858,50,1076.782581
-6.325293,50,1076.841111
-6.810136,50,1076.907925
-7.28253,50,1076.989602
-3.488832,50,1077.061141
-3.270292,50,1077.150306
-5.343548,50,1077.234545
-6.02657,50,1077.312347
-4.784961,50,1077.390569
-2.49667,50,1077.466163
-5.26074,50,1077.547606
-8.679324,50,1077.623486
-5.615008,50,1077.70911
-4.749191,50,1077.787498
-6.084205,50,1077.879432
-4.414988,50,1077.964682
-9.636456,50,1078.031639
-3.24278,50,1078.094374
-4.596383,50,1085.422565
-7.51854,50,1085.505006
-9.237268,50,1085.567767
-6.296244,50,1085.642141
-6.64493,50,1085.725632
-7.126672,50,1085.799642
-4.301484,50,1085.877861
-6.558068,50,1085.950827
-7.126461,50,1086.029975
-1.621143,50,1086.108519
-3.566531,50,1086.196913
-9.474528,50,1086.285267
-7.57637,50,1086.346335
-6.079845,50,1086.394722
-3.276608,50,1086.468366
-4.601225,50,1086.55086
-5.52739,50,1086.632634
-7.535665,50,1086.711196
-9.372258,50,1086.785557
-5.940819,50,1086.857134
-1.763288,50,1086.942536
-3.507838,50,1087.030299
-6.319771,50,1087.100531
-15.588321,50,1087.178619
-9.40451,50,1087.251319
-2.564765,50,1087.318599
-3.230795,50,1087.385455
-3.254193,50,1087.457547
-7.050327,50,1087.535919
-2.527342,50,1087.60694
-4.247828,50,1087.687728
-9.388386,50,1087.76792
-8.614635,50,1087.851254
-2.454213,50,1087.924596
-8.629122,50,1087.988229
-4.327828,50,1088.056248
-6.109845,50,1088.123594
-3.198734,50,1088.197589
-2.958467,50,1088.295991
-4.34562,50,1088.371526
-6.503271,50,1088.446111
-3.278875,50,1096.261191
-7.481223,50,1096.374997
-3.581068,50,1096.483075
-6.367192,50,1096.588538
-5.764782,50,1096.691281
-3.754809,50,1096.790936
-4.170132,50,1096.890784
-7.089145,50,1096.983124
-1.346593,50,1097.075928
-4.549387,50,1097.168905
-6.297525,50,1097.266208
-6.247507,50,1097.366912
-4.933336,50,1097.462225
-8.024205,50,1097.557118
-7.676215,50,1097.648933
-6.342823,50,1097.742561
-5.912908,50,1097.837426
-6.534808,50,1097.92906
-3.054456,50,1098.021453
-2.728394,50,1098.113143
-4.596366,50,1098.207651
-7.600463,50,1098.302702
-8.394446,50,1098.39728
-5.171567,50,1098.492935
-3.742244,50,1098.588781
-3.278977,50,1098.681391
-10.066893,50,1098.773624
-3.350171,50,1098.86763
-2.586815,50,1098.963002
-7.552924,50,1099.058663
-8.648315,50,1099.153248
-2.150263,50,1099.246361
-6.084663,50,1099.342101
-5.607345,50,1099.435265
-7.233777,50,1099.530538
-5.667834,50,1099.622696
-11.007456,50,1099.717502
-9.985091,50,1099.809321
-10.417363,50,1099.88965
-12.688348,50,1099.949164
-6.767703,50,1099.994089
-4.958917,50,1107.116666
-5.468058,50,1107.158309
-4.375886,50,1107.203446
-6.889993,50,1107.245156
-3.674808,50,1107.289448
-8.578816,50,1107.333746
-6.033119,50,1107.378772
-7.398351,50,1107.42131
-4.520114,50,1107.465212
-2.773258,50,1107.506361
-3.669058,50,1107.547436
-3.625869,50,1107.588523
-4.01281,50,1107.632583
-7.921337,50,1107.675651
-4.844219,50,1107.718688
-5.629212,50,1107.761654
-1.658861,50,1107.804645
-9.845671,50,1107.846998
-7.69936,50,1107.892658
-2.040678,50,1107.934923
-2.955256,50,1107.976716
-4.447081,50,1108.018293
-4.327646,50,1108.059927
-5.796157,50,1108.105117
-4.472779,50,1108.148753
-3.621498,50,1108.195197
-11.052774,50,1108.259888
-6.533002,50,1108.316622
-1.375319,50,1108.361112
-3.368045,50,1108.428499
-5.551557,50,1108.485389
-8.008646,50,1108.54584
-2.995098,50,1108.590555
-4.635745,50,1108.64916
-7.675614,50,1108.716909
-6.511758,50,1108.762203
-6.831066,50,1108.807595
-12.03161,50,1108.852998
-3.547154,50,1108.898412
-7.676537,50,1108.944464
-4.499686,50,1108.996274
-6.52859,50,1116.268563
-2.735912,50,1116.344961
-6.763741,50,1116.411755
-2.942998,50,1116.468091
-2.8862,50,1116.518364
-4.398032,50,1116.567102
-7.595498,50,1116.611349
-3.563092,50,1116.66142
-6.108033,50,1116.70485
-6.331448,50,1116.758134
-3.395057,50,1116.805275
-5.510841,50,1116.85162
-4.085321,50,1116.89536
-5.649509,50,1116.939885
-3.771855,50,1116.984651
-8.175081,50,1117.030123
-8.295622,50,1117.073542
-2.25534,50,1117.119029
-6.642574,50,1117.166786
-5.319688,50,1117.212093
-2.703629,50,1117.268496
-9.59439,50,1117.332808
-5.452045,50,1117.406242
-6.080397,50,1117.456
-2.613124,50,1117.510975
-7.698118,50,1117.552243
-6.617701,50,1117.594002
-7.030871,50,1117.640385
-6.121575,50,1117.690806
-3.929155,50,1117.757195
-2.765066,50,1117.822915
-4.133164,50,1117.866576
-5.751966,50,1117.915484
-4.762284,50,1117.95949
-7.852032,50,1118.014395
-2.6841,50,1118.070867
-3.233001,50,1118.119977
-5.285645,50,1118.163987
-7.938305,50,1118.207381
-3.177609,50,1118.252712
-7.89729,50,1118.308127
-3.26936,50,1125.571931
-3.63644,50,1125.614772
-3.64326,50,1125.658371
-4.626684,50,1125.704478
-6.833101,50,1125.750424
-8.057631,50,1125.796165
-3.49299,50,1125.842294
-3.5381,50,1125.898617
-4.787719,50,1125.957445
-4.779376,50,1126.023504
-5.729628,50,1126.067702
-4.404891,50,1126.127846
-4.895393,50,1126.173539
-7.654446,50,1126.217129
-5.744344,50,1126.267403
-5.659227,50,1126.312025
-3.061409,50,1126.364195
-3.736883,50,1126.408432
-3.874618,50,1126.454156
-6.493114,50,1126.499552
-1.475018,50,1126.54555
-7.378691,50,1126.620683
-4.759681,50,1126.670099
-8.400821,50,1126.719356
-8.083695,50,1126.778447
-5.555854,50,1126.82489
-7.865833,50,1126.871386
-5.002251,50,1126.929306
-6.236497,50,1126.992924
-4.280557,50,1127.036555
-2.261846,50,1127.081434
-4.175554,50,1127.125152
-1.420749,50,1127.170495
-5.190886,50,1127.220033
-3.862279,50,1127.263466
-8.064613,50,1127.308931
-3.928141,50,1127.352482
-7.242336,50,1127.396463
-3.652636,50,1127.446312
-6.935181,50,1127.490077
-4.628768,50,1127.533889
-1.988616,50,1134.737491
-10.462645,50,1134.813296
-5.881708,50,1134.869593
-6.044675,50,1134.915342
-7.8663,50,1134.960243
-5.280059,50,1135.006157
-4.382241,50,1135.051191
-6.297597,50,1135.105504
-4.667908,50,1135.150576
-4.057043,50,1135.203083
-4.887265,50,1135.256185
-5.267805,50,1135.304354
-3.488958,50,1135.347628
-5.054027,50,1135.391607
-6.573819,50,1135.434916
-1.57419,50,1135.483176
-5.438985,50,1135.528227
-1.217313,50,1135.573217
-1.738065,50,1135.61815
-3.327194,50,1135.666092
-2.457269,50,1135.71033
-6.713258,50,1135.764031
-4.722182,50,1135.821809
-4.9567,50,1135.871687
-7.994295,50,1135.917632
-3.412808,50,1135.962681
-5.998123,50,1136.007939
-7.591185,50,1136.053825
-5.503831,50,1136.120466
-5.91072,50,1136.175637
-6.349962,50,1136.231462
-6.007075,50,1136.275105
-2.234213,50,1136.320338
-1.110797,50,1136.365066
-8.086248,50,1136.412907
-4.739999,50,1136.457629
-3.614614,50,1136.502078
-8.685907,50,1136.54663
-5.447939,50,1136.592362
-4.97009,50,1136.639997
-8.823272,50,1136.688198
-6.680366,50,1143.837092
-3.596751,50,1143.913306
-3.568233,50,1143.985241
-7.840633,50,1144.033951
-10.700649,50,1144.084558
-5.710537,50,1144.128557
-5.488784,50,1144.178365
-4.21905,50,1144.226653
-5.347576,50,1144.282907
-4.155329,50,1144.330578
-8.840685,50,1144.377872
-9.269816,50,1144.422884
-4.019547,50,1144.474794
-10.932301,50,1144.522019
-3.897586,50,1144.568239
-7.366408,50,1144.632807
-2.811662,50,1144.678393
-5.343408,50,1144.723279
-4.143856,50,1144.767999
-6.440647,50,1144.809693
-8.463298,50,1144.874861
-5.223977,50,1144.951496
-3.933158,50,1145.015784
-5.46484,50,1145.070214
-1.910505,50,1145.127174
-4.426814,50,1145.179484
-6.070475,50,1145.24002
-5.867642,50,1145.292698
-4.176057,50,1145.345003
-4.829278,50,1145.39362
-5.128659,50,1145.444259
-3.698654,50,1145.491766
-3.603155,50,1145.542751
-8.165062,50,1145.591085
-3.89754,50,1145.641201
-5.920948,50,1145.694971
-5.958578,50,1145.749571
-5.215007,50,1145.802524
-6.817192,50,1145.85568
-3.765072,50,1145.920372
-2.78048,50,1145.988061
-5.176696,50,1153.392611
-4.732903,50,1153.460909
-4.44883,50,1153.539821
-9.640092,50,1153.606746
-1.974663,50,1153.663122
-3.26047,50,1153.714276
-4.88519,50,1153.766043
-3.775541,50,1153.816747
-7.263508,50,1153.864344
-2.752221,50,1153.912988
-5.403161,50,1153.959387
-4.379573,50,1154.008384
-3.159461,50,1154.068828
-5.431289,50,1154.114959
-4.76424,50,1154.175869
-4.869143,50,1154.222548
-5.000962,50,1154.26934
-2.716727,50,1154.320453
-8.038375,50,1154.378783
-3.979943,50,1154.43373
-4.05119,50,1154.494843
-7.94682,50,1154.544475
-4.909441,50,1154.593927
-10.616382,50,1154.639955
-5.037929,50,1154.697833
-4.891431,50,1154.756728
-8.501972,50,1154.805924
-5.210659,50,1154.853005
-7.567979,50,1154.90952
-4.198967,50,1154.956996
-6.905922,50,1155.007871
-5.753456,50,1155.05705
-4.819144,50,1155.1072
-4.379248,50,1155.156391
-4.615515,50,1155.2054
-8.650936,50,1155.252388
-4.624368,50,1155.299499
-5.105983,50,1155.346971
-4.057222,50,1155.413024
-7.039211,50,1155.484016
-5.528479,50,1155.532059
-6.23814,50,1162.814241
-3.01312,50,1162.882607
-4.102893,50,1162.941232
-5.187443,50,1163.001956
-5.763653,50,1163.068301
-7.008877,50,1163.113775
-5.169567,50,1163.158689
-4.422122,50,1163.202227
-6.449122,50,1163.247594
-2.980871,50,1163.292739
-4.895005,50,1163.338039
-8.243073,50,1163.384296
-4.820768,50,1163.430069
-5.736507,50,1163.482293
-4.783644,50,1163.529108
-3.809699,50,1163.573373
-6.835704,50,1163.618373
-4.718903,50,1163.666359
-4.457073,50,1163.712357
-4.997997,50,1163.758526
-5.356169,50,1163.819783
-6.709488,50,1163.875486
-3.865607,50,1163.923209
-4.418209,50,1163.965388
-3.754511,50,1164.007654
-2.816303,50,1164.060904
-4.283848,50,1164.123092
-4.962632,50,1164.203513
-1.672265,50,1164.259063
-1.841632,50,1164.318533
-13.905295,50,1164.371652
-4.264155,50,1164.420102
-4.078111,50,1164.494218
-7.496871,50,1164.541969
-4.858511,50,1164.589422
-10.338097,50,1164.637626
-4.152712,50,1164.684017
-2.829441,50,1164.729432
-7.710494,50,1164.774346
-3.64034,50,1164.847028
-2.445299,50,1164.915448
-2.524557,50,1172.092477
-6.098452,50,1172.156428
-4.515236,50,1172.22988
-4.186581,50,1172.291911
-3.653399,50,1172.339612
-3.430118,50,1172.382694
-6.400747,50,1172.425925
-8.968605,50,1172.472257
-6.382021,50,1172.524446
-5.351893,50,1172.589735
-5.575395,50,1172.634532
-6.418679,50,1172.68185
-4.113636,50,1172.729021
-5.513671,50,1172.774591
-4.419845,50,1172.828533
-4.677753,50,1172.873252
-3.859191,50,1172.916873
-4.455276,50,1172.96142
-10.670925,50,1173.004315
-6.975452,50,1173.048153
-4.087575,50,1173.106448
-4.957194,50,1173.160089
-5.738612,50,1173.224133
-4.099708,50,1173.280859
-1.86691,50,1173.331734
-3.971558,50,1173.375056
-5.58811,50,1173.418989
-3.068762,50,1173.466785
-3.319104,50,1173.51055
-7.887071,50,1173.556273
-1.940777,50,1173.617912
-9.22045,50,1173.661288
-7.402374,50,1173.708369
-7.264984,50,1173.755308
-8.437925,50,1173.800149
-4.940609,50,1173.850181
-4.156426,50,1173.896773
-5.138411,50,1173.942846
-4.875183,50,1173.988609
-5.872163,50,1174.034624
-5.238592,50,1174.097226
-3.806402,50,1181.360056
-9.770865,50,1181.425582
-2.276762,50,1181.486468
-3.355492,50,1181.543034
-4.146137,50,1181.608912
-4.958013,50,1181.675529
-4.068023,50,1181.7524
-3.846713,50,1181.8131
-3.693711,50,1181.870852
-2.891317,50,1181.926107
-3.259764,50,1181.985607
-10.557988,50,1182.042122
-2.95473,50,1182.093631
-3.884723,50,1182.137166
-3.97955,50,1182.180967
-5.151481,50,1182.22383
-7.403496,50,1182.268087
-6.832968,50,1182.313487
-3.947886,50,1182.370318
-5.903676,50,1182.42832
-6.171007,50,1182.482879
-2.724178,50,1182.543849
-9.786708,50,1182.625217
-3.494513,50,1182.690733
-8.035209,50,1182.737203
-3.430811,50,1182.785002
-6.080142,50,1182.831053
-2.842887,50,1182.887035
-6.434909,50,1182.932106
-4.413199,50,1182.976449
-5.367993,50,1183.020391
-3.589318,50,1183.066242
-5.022351,50,1183.112461
-4.506394,50,1183.157607
-10.769678,50,1183.199387
-2.398187,50,1183.241432
-7.626241,50,1183.28279
-5.398157,50,1183.324247
-2.962737,50,1183.370596
-4.11952,50,1183.446083
-6.443433,50,1183.521168
-4.666393,50,1190.710821
-1.115656,50,1190.790583
-5.967123,50,1190.862329
-10.618718,50,1190.915843
-4.053756,50,1190.985849
-4.243777,50,1191.063763
-1.811292,50,1191.120348
-3.948475,50,1191.176287
-4.992395,50,1191.228811
-4.237983,50,1191.287764
-7.919286,50,1191.332572
-5.22815,50,1191.383381
-5.586752,50,1191.430871
-4.816084,50,1191.475497
-3.367232,50,1191.535615
-2.79665,50,1191.581354
-7.145994,50,1191.628508
-5.006649,50,1191.693417
-3.466925,50,1191.770214
-3.905035,50,1191.846742
-7.744056,50,1191.895732
-6.709095,50,1191.950238
-5.933258,50,1192.005145
-6.347132,50,1192.056456
-6.514669,50,1192.102273
-3.800908,50,1192.148263
-2.54245,50,1192.193589
-2.313814,50,1192.237396
-8.866764,50,1192.282396
-5.985095,50,1192.326944
-5.816735,50,1192.371859
-7.289345,50,1192.417895
-2.9951,50,1192.462234
-3.595239,50,1192.507246
-3.762252,50,1192.551721
-4.623891,50,1192.597049
-4.552856,50,1192.64044
-2.413164,50,1192.700981
-9.025703,50,1192.763597
-3.017837,50,1192.829269
-4.927026,50,1192.890559
-8.01545,50,1200.022918
-7.559337,50,1200.098047
-6.631132,50,1200.172736
-6.544745,50,1200.219646
-1.657533,50,1200.274204
-4.015905,50,1200.320141
-3.495862,50,1200.37401
-5.002917,50,1200.426311
-6.961222,50,1200.486268
-4.994073,50,1200.542193
-8.150433,50,1200.603379
-5.482208,50,1200.657254
-7.206698,50,1200.707261
-4.962388,50,1200.752201
-8.005457,50,1200.811621
-1.965569,50,1200.854086
-1.767503,50,1200.895514
-4.578974,50,1200.936939
-3.084223,50,1200.997835
-7.089529,50,1201.083198
-4.482951,50,1201.142113
-5.920857,50,1201.209759
-3.116961,50,1201.272618
-4.967912,50,1201.328947
-4.865477,50,1201.381819
-5.281684,50,1201.438706
-10.469825,50,1201.502611
-3.741486,50,1201.551369
-7.257078,50,1201.595382
-5.602543,50,1201.648136
-2.422827,50,1201.707795
-5.869175,50,1201.774611
-8.246478,50,1201.818203
-4.649558,50,1201.862306
-7.274243,50,1201.905428
-5.087329,50,1201.949278
-7.643986,50,1201.992521
-3.449675,50,1202.036505
-1.728447,50,1202.109027
-3.950201,50,1202.16862
-2.577089,50,1202.239316
-4.957059,50,1209.399939
-6.053298,50,1209.47766
-2.47176,50,1209.552261
-2.067195,50,1209.626579
-2.526546,50,1209.699569
-10.934355,50,1209.754728
-5.892636,50,1209.798906
-10.80205,50,1209.854142
-3.693828,50,1209.911051
-5.913035,50,1209.954521
-6.142689,50,1209.998533
-6.563232,50,1210.042336
-3.641272,50,1210.085488
-5.13971,50,1210.129567
-5.771148,50,1210.182149
-1.777375,50,1210.226098
-6.007547,50,1210.270999
-4.170593,50,1210.319686
-6.015739,50,1210.366659
-6.128381,50,1210.424866
-7.294383,50,1210.484818
-7.796,50,1210.552449
-2.847243,50,1210.612302
-4.667976,50,1210.658197
-2.942907,50,1210.701299
-4.143582,50,1210.753179
-5.193896,50,1210.809398
-3.919884,50,1210.854168
-6.255835,50,1210.8996
-2.696897,50,1210.944851
-5.516139,50,1210.989905
-4.159402,50,1211.034643
-5.078893,50,1211.080647
-1.673335,50,1211.124834
-6.058896,50,1211.169981
-3.623725,50,1211.21458
-4.993318,50,1211.258206
-4.145799,50,1211.301762
-4.625052,50,1211.346634
-4.982822,50,1211.397734
-2.598997,50,1211.463019
-3.231813,50,1218.520665
-6.241057,50,1218.593585
-9.041363,50,1218.672482
-10.793667,50,1218.721786
-5.392023,50,1218.77514
-5.318359,50,1218.847738
-5.041953,50,1218.913447
-6.030791,50,1218.964475
-2.724683,50,1219.014913
-7.11765,50,1219.082706
-10.75583,50,1219.139363
-7.302592,50,1219.183806
-3.253483,50,1219.237745
-5.282236,50,1219.285116
-8.127469,50,1219.337779
-4.481272,50,1219.409559
-3.040587,50,1219.478654
-7.608307,50,1219.545244
-3.58792,50,1219.599049
-5.412591,50,1219.667702
-4.106658,50,1219.730325
-4.403207,50,1219.781559
-4.812598,50,1219.842907
-6.66397,50,1219.902324
-8.448608,50,1219.959674
-6.619699,50,1220.022533
-8.339407,50,1220.086911
-4.75244,50,1220.162239
-1.856827,50,1220.228062
-3.538045,50,1220.286736
-11.336831,50,1220.357537
-3.403573,50,1220.432498
-7.501386,50,1220.490694
-7.626756,50,1220.56557
-6.528521,50,1220.623476
-8.992205,50,1220.685088
-2.192224,50,1220.768463
-5.341758,50,1220.848558
-3.936872,50,1220.922261
-2.647395,50,1220.993118
-2.361004,50,1221.061754
-2.463405,50,1228.251343
-6.946062,50,1228.312933
-4.649072,50,1228.367397
-7.136922,50,1228.428208
-8.512714,50,1228.483554
-3.967666,50,1228.526289
-7.453968,50,1228.571905
-12.447782,50,1228.617354
-3.906224,50,1228.671539
-7.497995,50,1228.729466
-4.49321,50,1228.77504
-6.91246,50,1228.82252
-2.28022,50,1228.874696
-7.18265,50,1228.920476
-5.972516,50,1228.966113
-4.13253,50,1229.012116
-3.566201,50,1229.068834
-3.443634,50,1229.114314
-7.657422,50,1229.158888
-4.568562,50,1229.202777
-1.696951,50,1229.259174
-1.467748,50,1229.31727
-7.404829,50,1229.368
-9.776474,50,1229.428116
-3.764984,50,1229.477859
-3.424252,50,1229.522786
-3.003586,50,1229.576969
-7.009764,50,1229.6305
-3.880471,50,1229.676813
-3.71731,50,1229.722227
-4.062722,50,1229.776498
-3.789509,50,1229.832927
-3.115498,50,1229.877684
-2.691885,50,1229.921819
-6.584478,50,1229.969104
-5.686445,50,1230.018962
-1.968196,50,1230.074074
-2.24351,50,1230.127601
-11.186219,50,1230.17492
-2.74665,50,1230.240301
-6.362241,50,1230.306016
-10.299029,50,1237.399365
-11.570422,50,1237.468924
-5.234369,50,1237.556542
-6.641595,50,1237.625168
-1.660678,50,1237.692668
-9.051765,50,1237.75743
-5.118499,50,1237.803085
-9.536475,50,1237.850063
-7.519752,50,1237.897899
-9.621866,50,1237.954659
-5.079723,50,1238.003302
-4.191171,50,1238.053913
-5.81162,50,1238.105143
-7.60466,50,1238.152332
-4.633386,50,1238.197484
-5.78211,50,1238.245873
-4.850647,50,1238.290915
-4.500016,50,1238.336459
-9.330159,50,1238.407403
-3.104026,50,1238.474427
-4.461808,50,1238.530299
-7.18029,50,1238.57411
-4.823214,50,1238.628161
-4.58837,50,1238.673794
-9.554521,50,1238.728833
-3.801236,50,1238.787753
-3.705197,50,1238.850999
-5.495782,50,1238.899291
-4.592435,50,1238.957449
-1.40256,50,1239.001543
-4.064492,50,1239.045707
-2.381859,50,1239.089498
-5.467597,50,1239.134808
-2.717004,50,1239.185437
-6.379261,50,1239.234861
-6.664041,50,1239.287454
-2.734632,50,1239.332253
-1.632019,50,1239.397982
-5.216845,50,1239.444392
-7.157915,50,1239.505437
-2.461628,50,1239.548338
-6.457534,50,1246.727947
-8.043691,50,1246.797631
-3.384226,50,1246.879275
-4.985956,50,1246.943117
-8.14524,50,1246.996767
-6.971734,50,1247.059373
-5.911611,50,1247.106542
-7.647365,50,1247.164603
-8.504063,50,1247.222273
-4.757955,50,1247.270143
-2.576866,50,1247.31366
-6.570089,50,1247.363517
-4.603987,50,1247.416947
-4.634393,50,1247.460981
-5.514744,50,1247.507879
-3.854304,50,1247.55227
-6.184064,50,1247.606204
-3.805292,50,1247.669411
-3.508346,50,1247.751715
-1.692723,50,1247.819409
-4.878906,50,1247.87589
-4.990933,50,1247.926886
-4.557553,50,1247.976662
-3.045811,50,1248.022974
-2.813607,50,1248.072895
-6.434473,50,1248.11818
-7.246911,50,1248.164437
-4.394498,50,1248.208392
-4.928955,50,1248.25588
-2.417664,50,1248.302831
-2.962996,50,1248.357453
-5.468965,50,1248.404263
-5.03325,50,1248.450777
-2.687222,50,1248.495601
-3.875266,50,1248.540028
-5.28587,50,1248.593571
-3.119005,50,1248.639056
-2.129394,50,1248.685649
-1.807598,50,1248.759037
-5.465733,50,1248.83193
-2.284618,50,1248.887286
-7.786824,50,1256.161537
-3.178597,50,1256.23337
-4.050775,50,1256.297176
-8.129553,50,1256.362236
-7.25805,50,1256.411583
-9.57215,50,1256.47278
-4.956785,50,1256.550419
-6.21085,50,1256.610217
-9.029586,50,1256.665679
-6.124065,50,1256.732679
-3.722758,50,1256.781002
-2.509301,50,1256.827841
-8.169625,50,1256.874914
-3.624637,50,1256.917307
-8.655769,50,1256.961279
-4.563594,50,1257.004003
-10.613964,50,1257.0507
-2.168114,50,1257.096292
-1.9181,50,1257.140506
-7.121808,50,1257.181994
-4.430655,50,1257.223298
-6.772835,50,1257.264594
-11.229915,50,1257.306004
-4.383098,50,1257.354078
-5.173204,50,1257.39843
-4.88031,50,1257.449897
-9.768474,50,1257.507656
-5.457327,50,1257.556776
-3.795102,50,1257.603303
-7.713383,50,1257.659844
-8.299256,50,1257.723233
-2.007566,50,1257.775759
-6.109829,50,1257.822817
-5.379608,50,1257.87188
-3.202337,50,1257.928993
-8.214194,50,1257.980406
-6.230025,50,1258.033312
-4.562658,50,1258.077783
-4.832718,50,1258.134752
-3.257918,50,1258.203168
-4.980402,50,1265.620538
-2.912533,50,1265.700237
-5.461176,50,1265.769013
-3.914591,50,1265.843041
-5.895902,50,1265.909856
-3.312302,50,1265.988537
-6.174944,50,1266.048104
-3.167207,50,1266.121167
-2.239248,50,1266.185648
-5.67249,50,1266.257111
-7.576919,50,1266.322734
-5.106979,50,1266.389278
-4.589388,50,1266.446018
-4.742739,50,1266.521582
-2.439645,50,1266.583869
-3.681836,50,1266.654167
-4.252929,50,1266.728551
-8.321222,50,1266.80914
-6.174502,50,1266.872957
-2.861551,50,1266.929532
-2.721975,50,1266.988028
-5.25617,50,1267.039152
-2.980133,50,1267.097881
-7.88683,50,1267.156118
-2.846272,50,1267.227266
-2.707061,50,1267.285418
-3.879378,50,1267.354789
-7.268493,50,1267.423039
-5.852208,50,1267.471635
-6.487357,50,1267.520825
-5.575371,50,1267.579559
-3.595937,50,1267.637749
-6.655235,50,1267.711654
-1.724491,50,1267.769351
-5.339242,50,1267.833344
-2.38496,50,1267.893821
-6.004398,50,1267.950644
-6.134212,50,1268.008189
-5.424632,50,1268.074443
-10.489225,50,1268.13151
-5.249995,50,1268.187471
-3.528625,50,1275.573697
-2.875946,50,1275.656232
-7.957486,50,1275.738126
-8.548683,50,1275.817477
-4.751912,50,1275.885825
-6.449917,50,1275.934738
-5.165223,50,1276.000904
-4.949305,50,1276.062158
-2.126683,50,1276.108688
-2.381107,50,1276.16523
-5.3511,50,1276.218878
-4.19787,50,1276.26617
-5.560548,50,1276.312486
-4.619903,50,1276.358527
-2.718857,50,1276.404155
-6.431508,50,1276.452939
-2.329777,50,1276.50087
-5.052301,50,1276.546553
-2.735747,50,1276.606136
-9.282043,50,1276.671961
-2.19326,50,1276.743892
-5.27341,50,1276.813901
-3.58217,50,1276.861944
-5.240838,50,1276.914658
-10.131565,50,1276.958715
-5.618028,50,1277.00492
-7.676005,50,1277.049007
-2.755272,50,1277.097967
-11.427464,50,1277.146181
-5.993639,50,1277.19123
-5.283999,50,1277.236278
-3.231365,50,1277.279827
-3.563519,50,1277.322375
-1.592179,50,1277.36625
-6.55432,50,1277.408085
-3.906211,50,1277.45334
-6.954325,50,1277.499859
-3.169241,50,1277.544956
-7.537053,50,1277.589249
-4.721093,50,1277.632025
-4.185865,50,1277.70177
-8.290372,50,1286.983593
-4.431514,50,1287.066321
-6.105963,50,1287.121648
-1.148039,50,1287.183437
-2.999419,50,1287.2273
-1.530942,50,1287.274693
-6.901001,50,1287.316494
-5.805922,50,1287.358437
-7.015817,50,1287.400842
-4.779242,50,1287.445269
-3.642522,50,1287.491236
-4.114057,50,1287.536829
-6.227999,50,1287.578354
-2.203998,50,1287.622399
-4.027986,50,1287.672169
-4.550786,50,1287.726856
-4.605647,50,1287.798662
-2.914914,50,1287.844893
-2.356679,50,1287.899455
-4.300023,50,1287.945107
-2.930123,50,1287.991227
-7.792279,50,1288.052318
-3.666396,50,1288.113326
-6.930101,50,1288.181823
-4.088874,50,1288.246653
-4.498861,50,1288.292509
-3.59643,50,1288.340977
-3.15876,50,1288.388088
-4.186887,50,1288.436315
-3.349779,50,1288.48483
-4.83665,50,1288.543476
-8.167528,50,1288.610752
-8.926679,50,1288.664079
-8.120829,50,1288.710826
-1.933458,50,1288.757375
-3.760135,50,1288.804231
-4.077965,50,1288.856393
-7.927259,50,1288.904781
-6.669613,50,1288.95388
-3.419938,50,1289.003543
-5.567521,50,1289.062183
-5.338773,50,1296.307275
-6.620962,50,1296.381307
-4.520744,50,1296.438582
-6.906885,50,1296.498321
-7.488646,50,1296.54847
-3.916165,50,1296.59467
-10.770375,50,1296.654354
-4.924203,50,1296.705866
-3.042255,50,1296.762491
-8.095328,50,1296.809321
-5.5911,50,1296.856012
-4.388463,50,1296.902849
-4.065607,50,1296.956926
-6.324278,50,1297.01623
-8.448525,50,1297.073405
-7.771428,50,1297.126358
-8.316938,50,1297.176581
-7.402452,50,1297.227814
-6.085088,50,1297.297719
-8.329626,50,1297.363135
-5.029286,50,1297.425218
-5.99199,50,1297.477098
-7.80605,50,1297.529601
-4.44006,50,1297.576221
-5.164046,50,1297.638133
-8.446874,50,1297.712595
-7.960396,50,1297.769264
-2.999869,50,1297.815552
-8.953922,50,1297.859001
-2.982997,50,1297.911811
-6.684098,50,1297.95602
-2.674635,50,1298.007312
-5.792576,50,1298.064594
-9.814027,50,1298.122201
-7.208744,50,1298.193823
-2.830395,50,1298.248594
-4.066174,50,1298.298536
-1.900741,50,1298.365251
-9.544957,50,1298.435716
-3.97475,50,1298.515581
-7.069376,50,1298.576615
-5.709203,50,1305.729253
-3.523561,50,1305.803641
-8.107287,50,1305.881332
-2.696318,50,1305.947143
-5.701709,50,1306.016112
-7.264069,50,1306.086882
-6.816065,50,1306.153988
-2.663465,50,1306.216184
-0.827173,50,1306.264206
-7.004961,50,1306.325621
-3.092505,50,1306.403557
-5.10896,50,1306.45812
-5.580119,50,1306.515639
-7.248612,50,1306.569429
-6.124361,50,1306.620904
-6.211291,50,1306.663094
-6.473423,50,1306.708004
-2.063243,50,1306.775283
-3.436413,50,1306.858184
-7.978681,50,1306.939391
-2.327159,50,1307.0167
-3.763568,50,1307.093987
-1.658372,50,1307.164014
-4.608053,50,1307.251297
-5.107265,50,1307.32336
-4.943882,50,1307.39554
-3.23597,50,1307.464607
-3.67809,50,1307.542563
-6.952999,50,1307.604149
-4.388705,50,1307.683335
-10.679514,50,1307.74707
-6.50597,50,1307.811609
-9.081415,50,1307.870425
-5.842754,50,1307.930268
-2.63009,50,1307.981915
-2.752314,50,1308.040338
-1.448059,50,1308.096221
-2.20526,50,1308.167398
-6.837052,50,1308.219521
-7.783779,50,1308.287778
-2.265677,50,1308.360173
-7.124538,50,1315.728442
-4.879383,50,1315.811865
-5.781543,50,1315.871043
-3.350337,50,1315.936262
-3.035719,50,1316.002123
-4.550797,50,1316.053801
-4.054511,50,1316.105986
-8.731558,50,1316.17113
-4.025561,50,1316.229512
-7.851054,50,1316.28489
-3.947943,50,1316.330168
-7.803177,50,1316.392412
-5.254927,50,1316.471104
-8.964281,50,1316.544736
-3.957213,50,1316.625149
-5.356616,50,1316.699559
-2.920477,50,1316.7774
-4.54527,50,1316.874595
-5.039952,50,1316.949825
-6.917223,50,1317.038411
-7.211774,50,1317.114371
-4.120493,50,1317.178614
-6.174665,50,1317.238316
-9.763502,50,1317.282513
-1.709875,50,1317.325417
-3.694751,50,1317.368572
-4.796376,50,1317.418877
-4.730664,50,1317.466938
-6.617659,50,1317.511525
-4.788541,50,1317.557268
-5.367693,50,1317.600845
-4.699242,50,1317.648984
-3.421763,50,1317.703135
-4.909548,50,1317.775273
-10.324477,50,1317.847478
-7.974549,50,1317.910438
-5.329504,50,1317.968522
-2.97144,50,1318.021505
-1.814377,50,1318.099114
-4.762832,50,1318.172007
-4.149943,50,1318.23085
-4.470492,50,1327.339724
-7.192422,50,1327.413242
-6.967349,50,1327.489614
-6.551254,50,1327.547382
-4.848262,50,1327.604387
-5.441898,50,1327.675256
-6.383225,50,1327.735929
-2.14755,50,1327.78865
-1.363496,50,1327.832111
-3.276918,50,1327.889158
-6.7424,50,1327.933172
-3.918351,50,1327.979332
-6.624781,50,1328.02399
-3.202762,50,1328.081539
-2.792683,50,1328.136126
-6.960051,50,1328.181398
-7.521235,50,1328.243695
-2.0715,50,1328.292729
-6.784258,50,1328.3385
-2.514777,50,1328.383682
-4.721667,50,1328.433477
-4.723993,50,1328.475858
-10.547086,50,1328.522521
-6.338324,50,1328.583613
-5.591521,50,1328.627823
-4.352337,50,1328.679099
-1.934163,50,1328.750221
-6.459781,50,1328.805685
-1.991242,50,1328.858466
-5.50262,50,1328.909995
-1.641513,50,1328.977484
-5.577761,50,1329.043324
-9.615748,50,1329.105106
-2.53448,50,1329.150598
-6.157394,50,1329.203375
-4.980657,50,1329.248169
-1.628453,50,1329.292603
-2.251193,50,1329.342583
-4.140922,50,1329.40381
-5.428386,50,1329.460979
-4.252584,50,1329.532981
-3.277818,50,1336.901197
-8.213001,50,1336.9797
-7.134667,50,1337.047142
-6.353149,50,1337.099631
-4.493204,50,1337.164725
-6.686794,50,1337.236395
-5.594721,50,1337.285513
-3.44718,50,1337.332503
-3.309374,50,1337.379604
-8.955592,50,1337.427959
-7.891024,50,1337.476943
-2.589718,50,1337.525492
-8.616012,50,1337.574326
-6.123817,50,1337.621673
-4.377748,50,1337.669648
-9.783493,50,1337.728401
-7.993959,50,1337.777199
-6.406513,50,1337.82623
-5.088884,50,1337.87463
-5.236741,50,1337.948846
-1.895463,50,1338.02711
-4.77378,50,1338.082605
-4.049811,50,1338.134463
-5.595153,50,1338.188594
-8.541026,50,1338.236322
-4.442617,50,1338.291539
-5.761956,50,1338.341567
-3.792381,50,1338.390831
-2.387603,50,1338.450699
-8.069316,50,1338.499712
-11.260737,50,1338.548892
-2.45411,50,1338.595785
-6.463752,50,1338.649255
-6.588101,50,1338.695514
-3.738807,50,1338.741207
-2.611179,50,1338.799249
-3.985597,50,1338.84968
-5.264664,50,1338.901217
-1.885905,50,1338.97267
-2.51813,50,1339.039627
-4.063608,50,1339.099653
-8.341299,50,1346.541735
-2.342249,50,1346.612576
-4.403213,50,1346.687388
-4.024556,50,1346.742953
-1.164394,50,1346.791169
-5.546293,50,1346.844096
-7.681974,50,1346.889413
-3.225346,50,1346.950838
-4.970566,50,1346.998946
-6.45235,50,1347.045441
-2.948726,50,1347.095396
-6.09581,50,1347.143327
-7.290844,50,1347.18917
-3.79634,50,1347.237398
-4.091516,50,1347.282166
-4.924457,50,1347.327439
-4.743565,50,1347.373795
-4.088156,50,1347.418798
-5.689645,50,1347.465302
-4.587246,50,1347.509502
-1.666304,50,1347.576992
-6.571176,50,1347.641611
-4.957985,50,1347.702995
-5.161947,50,1347.75184
-8.751053,50,1347.815983
-2.82501,50,1347.861235
-3.797099,50,1347.906043
-9.067513,50,1347.950147
-9.41891,50,1347.99402
-10.522873,50,1348.045686
-7.124044,50,1348.090156
-10.774051,50,1348.134263
-5.812342,50,1348.17884
-2.945362,50,1348.22181
-2.265204,50,1348.2656
-3.972309,50,1348.310311
-5.027655,50,1348.354589
-6.206098,50,1348.402501
-5.309057,50,1348.449277
-3.723771,50,1348.492601
-8.070039,50,1348.537301
-2.63018,50,1355.704466
-5.605653,50,1355.791559
-5.962541,50,1355.854918
-4.286818,50,1355.912712
-2.239627,50,1355.959314
-5.581987,50,1356.011273
-3.325985,50,1356.064229
-3.140205,50,1356.11398
-9.526554,50,1356.171978
-5.718802,50,1356.225028
-7.419714,50,1356.282464
-4.854871,50,1356.326499
-7.198799,50,1356.386781
-3.959816,50,1356.431283
-5.564888,50,1356.484535
-6.253753,50,1356.52947
-3.323012,50,1356.579268
-3.310551,50,1356.623887
-1.29017,50,1356.66863
-1.652849,50,1356.71397
-7.636899,50,1356.791144
-3.579175,50,1356.858718
-2.932011,50,1356.913388
-5.895826,50,1356.967591
-6.992971,50,1357.012048
-3.075831,50,1357.056152
-5.084505,50,1357.100698
-5.616903,50,1357.157297
-3.367901,50,1357.201451
-5.394458,50,1357.252699
-6.28078,50,1357.306738
-5.906205,50,1357.351619
-3.25116,50,1357.413858
-3.239734,50,1357.464606
-2.296982,50,1357.530787
-5.866905,50,1357.583571
-6.371416,50,1357.62805
-2.411343,50,1357.675457
-10.50021,50,1357.739302
-3.7016,50,1357.817296
-9.24787,50,1357.867454
-6.807206,50,1365.13256
-4.337268,50,1365.19814
-3.961498,50,1365.249335
-2.173396,50,1365.323418
-6.704587,50,1365.391943
-3.7515,50,1365.475123
-4.59999,50,1365.529986
-5.788338,50,1365.576571
-2.368165,50,1365.628628
-4.196619,50,1365.683953
-7.471617,50,1365.73104
-5.224825,50,1365.776458
-5.707467,50,1365.821255
-6.464912,50,1365.866619
-8.468475,50,1365.911412
-8.400458,50,1365.955486
-7.337694,50,1365.999802
-3.630337,50,1366.043562
-6.048459,50,1366.087
-6.571529,50,1366.139721
-5.699663,50,1366.206615
-3.833147,50,1366.264802
-7.386232,50,1366.337915
-6.144875,50,1366.38624
-4.017339,50,1366.434263
-3.620717,50,1366.48123
-5.561018,50,1366.530677
-5.181216,50,1366.575279
-3.219636,50,1366.628786
-1.383967,50,1366.699033
-9.1999,50,1366.74485
-4.836795,50,1366.789305
-8.003564,50,1366.833299
-5.42915,50,1366.878675
-6.744766,50,1366.923048
-3.800553,50,1366.967464
-5.041586,50,1367.011318
-2.26299,50,1367.055909
-4.215413,50,1367.101542
-2.702105,50,1367.158779
-3.949747,50,1367.203693
-3.330422,50,1374.421842
-7.434536,50,1374.479372
-7.295191,50,1374.553286
-3.708509,50,1374.623827
-5.479893,50,1374.680842
-8.192478,50,1374.739536
-1.433453,50,1374.785644
-10.598997,50,1374.831457
-4.89036,50,1374.885473
-6.027562,50,1374.942016
-4.005709,50,1374.986535
-3.234365,50,1375.031616
-6.559572,50,1375.077662
-5.805865,50,1375.121525
-2.248769,50,1375.168034
-3.091159,50,1375.218177
-9.137961,50,1375.264246
-3.977616,50,1375.308642
-5.450533,50,1375.352701
-7.403252,50,1375.396447
-5.515387,50,1375.461715
-3.267028,50,1375.527983
-2.893884,50,1375.605899
-3.877068,50,1375.650027
-3.354258,50,1375.717076
-5.178363,50,1375.765343
-6.956868,50,1375.81621
-2.259726,50,1375.861744
-4.827853,50,1375.913343
-2.994507,50,1375.969535
-4.347087,50,1376.017384
-4.819159,50,1376.061228
-6.253814,50,1376.108469
-3.893776,50,1376.156256
-2.236192,50,1376.201235
-4.826729,50,1376.244299
-3.062302,50,1376.2895
-3.996735,50,1376.335136
-6.180142,50,1376.385345
-5.380063,50,1376.43978
-4.557342,50,1376.488142
-6.206569,50,1383.743976
-4.521715,50,1383.814819
-7.378213,50,1383.881075
-5.304415,50,1383.952207
-2.125471,50,1384.007411
-4.69484,50,1384.068715
-3.017625,50,1384.133959
-6.37839,50,1384.19137
-4.661447,50,1384.257763
-7.150504,50,1384.301851
-7.745193,50,1384.365168
-3.728302,50,1384.424322
-11.117599,50,1384.474303
-2.368249,50,1384.521977
-5.487631,50,1384.5828
-2.275115,50,1384.634648
-3.477149,50,1384.701517
-2.770561,50,1384.769616
-2.751435,50,1384.851536
-5.337076,50,1384.918607
-2.839791,50,1384.992957
-3.496991,50,1385.063615
-4.058411,50,1385.136124
-5.602651,50,1385.190624
-3.474713,50,1385.245768
-3.458476,50,1385.305631
-2.867398,50,1385.360582
-4.16576,50,1385.412608
-2.883554,50,1385.458493
-9.855651,50,1385.512922
-5.232441,50,1385.570683
-3.474853,50,1385.618526
-4.857973,50,1385.671125
-4.830284,50,1385.721347
-5.344273,50,1385.783386
-6.494702,50,1385.863188
-6.160875,50,1385.906866
-4.003864,50,1385.966495
-4.87442,50,1386.028367
-5.29617,50,1386.087173
-5.070299,50,1386.138474
-5.309623,50,1393.496322
-6.940854,50,1393.557897
-7.154339,50,1393.630625
-3.21686,50,1393.708476
-5.120721,50,1393.766045
-4.58171,50,1393.830529
-5.460912,50,1393.885962
-9.728747,50,1393.952788
-8.558159,50,1394.001235
-8.146958,50,1394.051035
-5.047686,50,1394.098344
-6.413216,50,1394.145333
-8.198311,50,1394.193852
-2.604447,50,1394.241653
-4.073102,50,1394.285722
-3.288725,50,1394.331891
-4.461256,50,1394.377733
-2.49869,50,1394.423822
-4.362814,50,1394.47348
-7.32393,50,1394.537311
-2.889689,50,1394.602994
-7.899735,50,1394.660818
-1.956896,50,1394.71447
-2.241359,50,1394.769769
-9.476582,50,1394.839265
-3.157057,50,1394.890468
-4.411107,50,1394.948309
-5.868591,50,1394.99911
-2.532386,50,1395.043955
-7.623906,50,1395.090605
-3.256167,50,1395.141837
-2.141413,50,1395.18672
-4.295603,50,1395.232014
-2.476187,50,1395.275777
-1.595939,50,1395.319665
-6.987042,50,1395.363374
-4.765086,50,1395.407855
-8.066197,50,1395.452951
-3.639113,50,1395.500437
-3.430293,50,1395.566266
-6.422003,50,1395.614985
-4.869912,50,1402.808184
-5.434025,50,1402.891405
-3.383774,50,1402.979001
-8.419826,50,1403.064343
-5.755527,50,1403.113944
-2.458949,50,1403.185255
-4.311295,50,1403.259676
-11.099529,50,1403.32141
-3.759423,50,1403.379742
-5.276236,50,1403.440302
-6.276471,50,1403.49304
-7.81011,50,1403.536458
-4.389473,50,1403.580004
-3.714764,50,1403.642587
-8.609636,50,1403.69535
-5.752753,50,1403.765415
-5.812853,50,1403.840369
-4.359124,50,1403.921024
-9.668943,50,1403.991344
-5.221934,50,1404.050912
-3.039096,50,1404.106798
-2.208793,50,1404.155753
-3.777997,50,1404.203811
-4.892671,50,1404.252675
-9.430475,50,1404.297386
-7.167207,50,1404.340667
-2.571994,50,1404.385245
-4.723809,50,1404.428539
-4.760358,50,1404.474765
-2.658733,50,1404.517977
-9.281938,50,1404.561996
-3.913679,50,1404.605717
-4.70354,50,1404.649331
-3.903498,50,1404.692666
-6.29748,50,1404.736272
-6.725022,50,1404.781605
-4.322352,50,1404.854401
-3.068254,50,1404.917933
-4.127073,50,1404.990603
-2.972611,50,1405.058047
-5.159105,50,1405.12384
-2.424435,50,1412.375199
-5.294049,50,1412.445607
-3.085656,50,1412.508442
-4.000895,50,1412.565202
-4.657319,50,1412.612607
-7.19846,50,1412.666787
-3.177869,50,1412.738496
-1.59764,50,1412.787882
-6.042436,50,1412.837896
-3.652848,50,1412.885381
-4.332572,50,1412.932577
-4.691942,50,1412.978743
-10.419032,50,1413.023696
-4.550072,50,1413.082106
-5.106799,50,1413.128154
-7.094497,50,1413.178876
-7.674674,50,1413.222617
-5.971967,50,1413.266988
-10.14979,50,1413.313251
-3.801848,50,1413.364299
-3.216105,50,1413.430115
-6.597278,50,1413.490556
-2.321168,50,1413.534206
-4.960957,50,1413.579679
-6.069395,50,1413.62867
-2.747324,50,1413.690262
-3.1264,50,1413.745927
-3.522961,50,1413.798818
-8.292435,50,1413.855881
-2.343403,50,1413.921278
-3.880057,50,1413.977795
-4.604114,50,1414.026263
-4.380614,50,1414.089991
-5.26758,50,1414.143133
-5.475931,50,1414.190328
-5.530548,50,1414.24123
-8.097859,50,1414.286392
-5.662362,50,1414.332746
-8.126951,50,1414.385459
-7.163388,50,1414.453282
-9.701957,50,1414.514173
-5.001717,50,1421.744613
-2.638811,50,1421.821807
-2.320144,50,1421.893884
-6.265404,50,1421.957051
-9.99033,50,1422.008843
-4.658456,50,1422.073637
-8.115901,50,1422.117882
-6.965392,50,1422.161119
-4.552558,50,1422.210917
-6.034416,50,1422.260711
-5.928868,50,1422.306355
-5.160496,50,1422.351595
-3.348347,50,1422.396414
-4.524114,50,1422.441833
-4.666093,50,1422.487358
-4.410546,50,1422.532936
-5.736783,50,1422.578271
-9.499859,50,1422.624826
-2.046905,50,1422.671998
-6.483768,50,1422.730053
-4.291184,50,1422.791575
-6.967713,50,1422.836668
-2.387082,50,1422.885176
-7.61766,50,1422.932684
-3.355506,50,1423.003397
-3.728619,50,1423.056405
-4.833422,50,1423.124888
-2.886748,50,1423.169044
-4.50043,50,1423.213438
-4.286353,50,1423.257841
-6.079977,50,1423.317893
-6.445773,50,1423.364172
-5.676673,50,1423.412158
-3.913242,50,1423.45976
-4.04784,50,1423.50661
-5.650451,50,1423.551364
-2.766909,50,1423.596777
-6.079851,50,1423.641019
-3.290205,50,1423.688431
-3.863732,50,1423.735313
-5.140581,50,1423.778554
-5.495032,50,1431.044648
-5.478442,50,1431.122849
-3.889081,50,1431.189955
-9.343756,50,1431.247274
-3.881906,50,1431.321744
-4.265203,50,1431.375403
-8.028887,50,1431.442208
-5.185478,50,1431.510499
-7.291347,50,1431.576516
-7.377888,50,1431.646181
-4.950293,50,1431.711802
-4.862323,50,1431.787812
-5.784139,50,1431.849347
-1.976308,50,1431.927543
-6.802798,50,1431.994045
-2.503153,50,1432.075321
-8.775878,50,1432.157238
-6.271944,50,1432.230903
-2.576695,50,1432.315667
-11.265228,50,1432.4061
-5.354801,50,1432.465739
-5.352481,50,1432.531386
-4.05096,50,1432.59445
-2.15051,50,1432.677369
-8.789759,50,1432.747007
-5.428475,50,1432.824876
-4.20084,50,1432.895378
-6.777291,50,1432.956119
-6.480156,50,1433.025838
-3.169534,50,1433.087757
-7.87898,50,1433.155281
-4.91177,50,1433.228714
-7.956599,50,1433.306729
-6.025398,50,1433.377542
-4.730101,50,1433.449371
-8.851812,50,1433.503587
-6.198273,50,1433.564094
-4.965373,50,1433.631324
-4.372362,50,1433.68891
-2.000359,50,1433.747871
-7.50575,50,1433.804124
-3.324114,50,1441.26073
-8.208915,50,1441.334865
-5.902607,50,1441.397629
-7.541071,50,1441.464678
-5.387985,50,1441.514556
-5.60216,50,1441.563281
-6.047071,50,1441.619767
-6.085894,50,1441.686269
-6.070176,50,1441.741037
-2.904858,50,1441.801795
-4.344035,50,1441.846639
-4.515087,50,1441.903929
-2.656225,50,1441.945502
-5.188673,50,1442.004678
-4.544314,50,1442.085459
-4.068782,50,1442.138087
-7.454596,50,1442.187977
-2.411917,50,1442.255699
-6.20662,50,1442.335064
-2.193214,50,1442.415578
-2.991881,50,1442.495447
-4.83893,50,1442.548431
-3.595593,50,1442.612278
-6.784303,50,1442.665053
-10.347805,50,1442.714056
-4.054974,50,1442.757929
-9.061632,50,1442.801703
-4.907526,50,1442.854612
-3.345249,50,1442.898591
-4.994318,50,1442.946954
-5.936184,50,1442.991347
-11.438622,50,1443.037293
-5.690504,50,1443.083357
-9.891811,50,1443.127957
-4.247584,50,1443.17657
-5.704351,50,1443.235008
-5.293532,50,1443.311447
-5.761854,50,1443.387472
-5.178131,50,1443.449108
-6.349787,50,1443.502619
-7.053144,50,1443.564857
-8.964246,50,1454.220316
-3.29173,50,1454.327455
-5.319803,50,1454.426795
-6.660669,50,1454.526083
-5.460195,50,1454.620623
-2.090381,50,1454.718856
-4.699435,50,1454.812472
-4.380476,50,1454.90497
-6.695,50,1454.998041
-5.569993,50,1455.091851
-8.729277,50,1455.186716
-5.427828,50,1455.284585
-2.008175,50,1455.37907
-7.655289,50,1455.47178
-4.389354,50,1455.558984
-6.039438,50,1455.606043
-7.327742,50,1455.653491
-3.167461,50,1455.706945
-4.795005,50,1455.751551
-5.897611,50,1455.795483
-9.095163,50,1455.84343
-2.403897,50,1455.888518
-3.958347,50,1455.932857
-1.275157,50,1455.998932
-4.164529,50,1456.061271
-2.475048,50,1456.114026
-5.966816,50,1456.157638
-3.125752,50,1456.20874
-3.346594,50,1456.270076
-7.283533,50,1456.316026
-2.323194,50,1456.36939
-4.714237,50,1456.438237
-9.390626,50,1456.485515
-4.280913,50,1456.55512
-8.029653,50,1456.62874
-3.055748,50,1456.681012
-7.870065,50,1456.729249
-1.479195,50,1456.773445
-3.83748,50,1456.820781
-1.112726,50,1456.876623
-8.854296,50,1456.920755
-8.24294,50,1464.297902
-3.557427,50,1464.354726
-4.653893,50,1464.399217
-3.665983,50,1464.450032
-3.877104,50,1464.496392
-7.278938,50,1464.541181
-8.244384,50,1464.598496
-6.046356,50,1464.658288
-4.710872,50,1464.726656
-8.145127,50,1464.775571
-3.964682,50,1464.821688
-2.58812,50,1464.866559
-2.325696,50,1464.922666
-8.28105,50,1464.970055
-5.396614,50,1465.022064
-6.345076,50,1465.070038
-5.523628,50,1465.129556
-5.619715,50,1465.182439
-1.402545,50,1465.227647
-5.549914,50,1465.280298
-5.384689,50,1465.331428
-4.729635,50,1465.395162
-6.224874,50,1465.445549
-6.357652,50,1465.504352
-4.550406,50,1465.572762
-5.624826,50,1465.638198
-2.316264,50,1465.710269
-5.94716,50,1465.7835
-8.033111,50,1465.850786
-7.104752,50,1465.903297
-4.642561,50,1465.947793
-7.754744,50,1466.00204
-6.251632,50,1466.055321
-1.678268,50,1466.125366
-5.14828,50,1466.177482
-5.269944,50,1466.230135
-6.94109,50,1466.278539
-7.638152,50,1466.364424
-4.737257,50,1466.429685
-3.074443,50,1466.47774
-4.626449,50,1466.540136
-6.5924,50,1473.746932
-5.274986,50,1473.829234
-5.193832,50,1473.897743
-6.728127,50,1473.968825
-5.903723,50,1474.044897
-6.63797,50,1474.109297
-3.861173,50,1474.182809
-1.323908,50,1474.257615
-4.280506,50,1474.318393
-1.042341,50,1474.386173
-4.574767,50,1474.450191
-3.187572,50,1474.505279
-4.92693,50,1474.557098
-10.384532,50,1474.620099
-2.943662,50,1474.690467
-3.312709,50,1474.769967
-3.298243,50,1474.845586
-12.41112,50,1474.907982
-3.999505,50,1474.981193
-3.502765,50,1475.057694
-3.151023,50,1475.1225
-4.847105,50,1475.191486
-7.198076,50,1475.257702
-4.570292,50,1475.331453
-3.686527,50,1475.388918
-4.587069,50,1475.45466
-2.557857,50,1475.506741
-1.527342,50,1475.567672
-2.785481,50,1475.645197
-9.55488,50,1475.729264
-1.375517,50,1475.814512
-6.919511,50,1475.893353
-3.990258,50,1475.960272
-4.424292,50,1476.044199
-4.95358,50,1476.11343
-1.370686,50,1476.187338
-5.313428,50,1476.247692
-5.292806,50,1476.320816
-4.597854,50,1476.399831
-5.711342,50,1476.444866
-7.394129,50,1476.522993
-6.900345,50,1483.770428
-4.822202,50,1483.844719
-3.685963,50,1483.920176
-1.747202,50,1484.005657
-6.63335,50,1484.081879
-7.0481,50,1484.160718
-5.159803,50,1484.234216
-4.514662,50,1484.302621
-1.254716,50,1484.387418
-4.796864,50,1484.456646
-2.948684,50,1484.526608
-3.661637,50,1484.596025
-8.359334,50,1484.668343
-5.986183,50,1484.739124
-3.435529,50,1484.823777
-6.388252,50,1484.892707
-9.301357,50,1484.955231
-1.779748,50,1485.032073
-5.447295,50,1485.107511
-7.612607,50,1485.179153
-5.345682,50,1485.259086
-5.598932,50,1485.327241
-8.901943,50,1485.400513
-4.367916,50,1485.456478
-3.440879,50,1485.529659
-2.69809,50,1485.608916
-3.94466,50,1485.679214
-8.22093,50,1485.759521
-6.431164,50,1485.835456
-3.8087,50,1485.915773
-3.560218,50,1485.978088
-3.119358,50,1486.051263
-3.111794,50,1486.131097
-8.349921,50,1486.210237
-7.443631,50,1486.286275
-4.319451,50,1486.362213
-5.715865,50,1486.438373
-6.202352,50,1486.506874
-3.901556,50,1486.595428
-4.108121,50,1486.671099
-3.992563,50,1486.751462
-2.597758,50,1493.953737
-1.816663,50,1494.041441
-3.066644,50,1494.131687
-1.663039,50,1494.203469
-5.399765,50,1494.262658
-6.453244,50,1494.341067
-4.118743,50,1494.410254
-6.651593,50,1494.485925
-2.743613,50,1494.549595
-5.422116,50,1494.620018
-7.117817,50,1494.690009
-1.997587,50,1494.761314
-7.118382,50,1494.837821
-3.938271,50,1494.899648
-7.707172,50,1494.973861
-3.517613,50,1495.04573
-8.152986,50,1495.127842
-5.280241,50,1495.197693
-4.484878,50,1495.265064
-2.711875,50,1495.340201
-3.946153,50,1495.404539
-1.191907,50,1495.464166
-3.239704,50,1495.537201
-7.30716,50,1495.608545
-2.432688,50,1495.683283
-5.6204,50,1495.754209
-5.014491,50,1495.831898
-8.604056,50,1495.901705
-2.935815,50,1495.972926
-6.724998,50,1496.04496
-4.458857,50,1496.114223
-3.169891,50,1496.191186
-4.990898,50,1496.266491
-3.879639,50,1496.328748
-6.347326,50,1496.398108
-4.789092,50,1496.465157
-2.841277,50,1496.523058
-5.058027,50,1496.584802
-7.591097,50,1496.654041
-5.11927,50,1496.715932
-4.007561,50,1496.777113
-6.72009,50,1503.857904
-2.83684,50,1503.946017
-2.836856,50,1504.032079
-10.639023,50,1504.119453
-4.375029,50,1504.194913
-1.499289,50,1504.26197
-8.341831,50,1504.303267
-6.405925,50,1504.374259
-4.534586,50,1504.440219
-4.971461,50,1504.523592
-4.596058,50,1504.590639
-5.770559,50,1504.654268
-1.632721,50,1504.723539
-2.291933,50,1504.792864
-5.492472,50,1504.862013
-5.882371,50,1504.924194
-7.162785,50,1505.001474
-3.419104,50,1505.066938
-4.047104,50,1505.141439
-1.275379,50,1505.21054
-11.895957,50,1505.275179
-5.188179,50,1505.354178
-2.338781,50,1505.416504
-2.105419,50,1505.48407
-2.28072,50,1505.538469
-5.644865,50,1505.60331
-5.875323,50,1505.659528
-4.030621,50,1505.721784
-5.661844,50,1505.789857
-8.960619,50,1505.862805
-1.340399,50,1505.936613
-3.905747,50,1505.999238
-11.498055,50,1506.080234
-6.294137,50,1506.166442
-4.294349,50,1506.230278
-4.07889,50,1506.298548
-7.775374,50,1506.366144
-8.012826,50,1506.440597
-3.527017,50,1506.500541
-6.955628,50,1506.543247
-4.108887,50,1513.581943
-1.151168,50,1513.658529
-3.682378,50,1513.730752
-3.867629,50,1513.81276
-3.048396,50,1513.89903
-6.079852,50,1513.9458
-3.557413,50,1514.026682
-7.202191,50,1514.103868
-5.245131,50,1514.172277
-8.047285,50,1514.248253
-6.940168,50,1514.315133
-5.498872,50,1514.390893
-3.029429,50,1514.451429
-3.375162,50,1514.512317
-4.322393,50,1514.583176
-7.1751,50,1514.660662
-6.271569,50,1514.724957
-4.537945,50,1514.794333
-8.49073,50,1514.859575
-4.622928,50,1514.934125
-3.946084,50,1515.002179
-6.225528,50,1515.064248
-2.200051,50,1515.135383
-7.271437,50,1515.202489
-3.141186,50,1515.261271
-1.284177,50,1515.323065
-3.332092,50,1515.400273
-7.512724,50,1515.467111
-4.298431,50,1515.530167
-1.745523,50,1515.593622
-1.302775,50,1515.660057
-7.977341,50,1515.744525
-3.500645,50,1515.817647
-7.969792,50,1515.891189
-6.993403,50,1515.965755
-7.438813,50,1516.033748
-5.50126,50,1516.097432
-7.721118,50,1516.14944
-3.171221,50,1516.203647
-7.148496,50,1516.253982
-6.051187,50,1516.311646
-4.97225,50,1523.362189
-3.036336,50,1523.449967
-6.388264,50,1523.535359
-2.775647,50,1523.620643
-3.260642,50,1523.701158
-2.888027,50,1523.788533
-3.865263,50,1523.864145
-3.872693,50,1523.934189
-4.067978,50,1524.010524
-5.358855,50,1524.097083
-3.900776,50,1524.173514
-7.084471,50,1524.240108
-5.208675,50,1524.300118
-4.610608,50,1524.361469
-3.330017,50,1524.43435
-8.391164,50,1524.501527
-4.272617,50,1524.575504
-3.362851,50,1524.646399
-6.797427,50,1524.712446
-8.725936,50,1524.782516
-4.885726,50,1524.855643
-4.401986,50,1524.925787
-3.108657,50,1524.992018
-5.874945,50,1525.054161
-6.901948,50,1525.115131
-5.576376,50,1525.169665
-3.842191,50,1525.229644
-5.935687,50,1525.289302
-2.996532,50,1525.34178
-9.957816,50,1525.407069
-3.029929,50,1525.476005
-6.498269,50,1525.529864
-4.477121,50,1525.601763
-6.125548,50,1525.676712
-2.600783,50,1525.745671
-4.898414,50,1525.822702
-3.005409,50,1525.892385
-8.882445,50,1525.959594
-4.325962,50,1526.037913
-1.475483,50,1526.111131
-6.442343,50,1526.186601
-4.659207,50,1533.21475
-3.592482,50,1533.304246
-4.744903,50,1533.391729
-6.011897,50,1533.479195
-2.795578,50,1533.554805
-5.914623,50,1533.631055
-1.681405,50,1533.709436
-5.683265,50,1533.796897
-6.464118,50,1533.883902
-2.937645,50,1533.97229
-3.658934,50,1534.058064
-1.28515,50,1534.144361
-3.970523,50,1534.231951
-6.488957,50,1534.302483
-7.110714,50,1534.372393
-7.72013,50,1534.451492
-3.29632,50,1534.518384
-4.611703,50,1534.588738
-2.762206,50,1534.670592
-4.809845,50,1534.742532
-4.326295,50,1534.80868
-3.042053,50,1534.877354
-6.842728,50,1534.943127
-10.106194,50,1535.025887
-5.217816,50,1535.092277
-3.872951,50,1535.16661
-3.541086,50,1535.243783
-3.392332,50,1535.317646
-3.621905,50,1535.403143
-6.236171,50,1535.469784
-9.090104,50,1535.539029
-2.481429,50,1535.6149
-2.23505,50,1535.688215
-3.53513,50,1535.759551
-2.252467,50,1535.824994
-3.077108,50,1535.901806
-4.777782,50,1535.966118
-3.478661,50,1536.037067
-4.209042,50,1536.100667
-2.097868,50,1536.172615
-3.69033,50,1536.230144
-2.440384,50,1543.296163
-4.461244,50,1543.382694
-3.064031,50,1543.469269
-1.640791,50,1543.555262
-3.163247,50,1543.629192
-4.524174,50,1543.696285
-7.132542,50,1543.771954
-4.519966,50,1543.854812
-4.122943,50,1543.919886
-6.660674,50,1543.98465
-6.595432,50,1544.059984
-4.732755,50,1544.125784
-2.771557,50,1544.186016
-6.096748,50,1544.26426
-4.524088,50,1544.327002
-6.878673,50,1544.403361
-9.107214,50,1544.46128
-3.607998,50,1544.534516
-5.637145,50,1544.604302
-3.732004,50,1544.67506
-5.870409,50,1544.741114
-6.316228,50,1544.806632
-5.035847,50,1544.870934
-5.10309,50,1544.943076
-7.610997,50,1545.019212
-4.978323,50,1545.081349
-5.209632,50,1545.157036
-5.714956,50,1545.233768
-7.420056,50,1545.292931
-2.994471,50,1545.383214
-3.125974,50,1545.455313
-3.956257,50,1545.524977
-7.466857,50,1545.59446
-6.668663,50,1545.660407
-10.653367,50,1545.722399
-3.546142,50,1545.797801
-4.36252,50,1545.863146
-6.067264,50,1545.930306
-2.173353,50,1545.99859
-3.42161,50,1546.06771
-5.213748,50,1546.123657
-7.51027,50,1553.176866
-5.590544,50,1553.263445
-3.614998,50,1553.339046
-1.221145,50,1553.408502
-8.911229,50,1553.491732
-8.083802,50,1553.56015
-3.529131,50,1553.649412
-5.344467,50,1553.716309
-8.380996,50,1553.781717
-2.126692,50,1553.847451
-6.585802,50,1553.924192
-4.741459,50,1553.98605
-5.447261,50,1554.05506
-7.841524,50,1554.118749
-6.911368,50,1554.176204
-3.078494,50,1554.247975
-8.374587,50,1554.317289
-2.693146,50,1554.379225
-5.100527,50,1554.437825
-3.011712,50,1554.518252
-3.997275,50,1554.590798
-6.799105,50,1554.666756
-6.269066,50,1554.732002
-6.88034,50,1554.783218
-5.442348,50,1554.845845
-5.129366,50,1554.90343
-3.629998,50,1554.949774
-5.070465,50,1555.013509
-1.695698,50,1555.079574
-4.605651,50,1555.136085
-8.075425,50,1555.209626
-2.279524,50,1555.269588
-2.657554,50,1555.355608
-3.643649,50,1555.423364
-2.879819,50,1555.50123
-4.313086,50,1555.575449
-3.264417,50,1555.645485
-6.998183,50,1555.714748
-3.212132,50,1555.769825
-3.167789,50,1555.839682
-5.675056,50,1555.910167
-1.471881,50,1562.974845
-1.882149,50,1563.0569
-6.01891,50,1563.142827
-4.631438,50,1563.221181
-7.21026,50,1563.2906
-1.742138,50,1563.36239
-8.793475,50,1563.433773
-4.390296,50,1563.509507
-7.849509,50,1563.580098
-5.510256,50,1563.652141
-9.291233,50,1563.736721
-5.209986,50,1563.792516
-3.648095,50,1563.857862
-7.513332,50,1563.928137
-6.479877,50,1563.993315
-3.902413,50,1564.06644
-10.21249,50,1564.141381
-3.014449,50,1564.225819
-6.537313,50,1564.298933
-5.618882,50,1564.371256
-3.406556,50,1564.432574
-3.936217,50,1564.505901
-6.309892,50,1564.581047
-5.314983,50,1564.640446
-0.905692,50,1564.712737
-7.141213,50,1564.780491
-3.612737,50,1564.845704
-4.775654,50,1564.906948
-5.860673,50,1564.976711
-6.795725,50,1565.053552
-2.454592,50,1565.124425
-6.696884,50,1565.2047
-2.185478,50,1565.274803
-3.309753,50,1565.354547
-7.86876,50,1565.426387
-4.377477,50,1565.503489
-8.441718,50,1565.550083
-4.313204,50,1565.634959
-3.059973,50,1565.706158
-2.412359,50,1565.771151
-6.494631,50,1565.837197
-2.066776,50,1572.857474
-2.957574,50,1572.945652
-9.341883,50,1573.027181
-2.560135,50,1573.112349
-5.152815,50,1573.194541
-2.07194,50,1573.274725
-4.362532,50,1573.348801
-3.571304,50,1573.432697
-7.057917,50,1573.518744
-5.957274,50,1573.602645
-3.245691,50,1573.669222
-4.569075,50,1573.750963
-3.792301,50,1573.83447
-2.798354,50,1573.922277
-6.436471,50,1574.008443
-7.536017,50,1574.083703
-2.447741,50,1574.157348
-7.977017,50,1574.244722
-6.799846,50,1574.320297
-5.940055,50,1574.40393
-4.866851,50,1574.484802
-7.586893,50,1574.552837
-5.705486,50,1574.632797
-6.340543,50,1574.712251
-2.974467,50,1574.789316
-5.08751,50,1574.861341
-9.044608,50,1574.947449
-5.164767,50,1575.021202
-4.018877,50,1575.09673
-4.141784,50,1575.174623
-10.42679,50,1575.242852
-4.352025,50,1575.311944
-3.839465,50,1575.380323
-7.323171,50,1575.450728
-1.721474,50,1575.531509
-3.684143,50,1575.602455
-6.977722,50,1575.679664
-4.491623,50,1575.758259
-2.149417,50,1575.823119
-4.903958,50,1575.898724
-8.674913,50,1575.982579
-3.320513,50,1583.013576
-5.79701,50,1583.098713
-7.596933,50,1583.183223
-5.213063,50,1583.26685
-4.939533,50,1583.340223
-3.785876,50,1583.427984
-3.436572,50,1583.502844
-2.60788,50,1583.586815
-3.855646,50,1583.6687
-4.724611,50,1583.741583
-4.561669,50,1583.815986
-8.722937,50,1583.89339
-4.434212,50,1583.958945
-9.627868,50,1584.030465
-6.008128,50,1584.097655
-3.5922,50,1584.165857
-5.705207,50,1584.234648
-6.392785,50,1584.308671
-7.426297,50,1584.375214
-1.901091,50,1584.440394
-4.122473,50,1584.517437
-6.770854,50,1584.58606
-3.763537,50,1584.658339
-2.937962,50,1584.730178
-5.278333,50,1584.796373
-2.959057,50,1584.862843
-4.378262,50,1584.932866
-6.576757,50,1584.991841
-5.897789,50,1585.061192
-2.091915,50,1585.129306
-4.524722,50,1585.197725
-3.448584,50,1585.268802
-4.698242,50,1585.343355
-10.447689,50,1585.405149
-3.368977,50,1585.471462
-4.395802,50,1585.548361
-5.527716,50,1585.620305
-3.48452,50,1585.678979
-5.248199,50,1585.735094
-6.792198,50,1585.793612
-4.438157,50,1585.85755
-6.17416,50,1592.880667
-6.860447,50,1592.945884
-2.235925,50,1593.030682
-2.260199,50,1593.117311
-3.966226,50,1593.203461
-3.319164,50,1593.290156
-3.959973,50,1593.372311
-1.250318,50,1593.448293
-4.59881,50,1593.532888
-3.645843,50,1593.622621
-4.702892,50,1593.693022
-3.363326,50,1593.762067
-4.219965,50,1593.848263
-4.967682,50,1593.934516
-5.757225,50,1594.020769
-7.107868,50,1594.104441
-1.66608,50,1594.189176
-3.562678,50,1594.272206
-5.594745,50,1594.346969
-4.51556,50,1594.418087
-5.586594,50,1594.487105
-4.742192,50,1594.548388
-8.918023,50,1594.600429
-7.476425,50,1594.667497
-5.23471,50,1594.73406
-3.258141,50,1594.792357
-2.454706,50,1594.84728
-1.720176,50,1594.925117
-8.222857,50,1594.989512
-2.894035,50,1595.055965
-4.001551,50,1595.135608
-6.79414,50,1595.20754
-1.927781,50,1595.266098
-3.676655,50,1595.33877
-4.224952,50,1595.387389
-3.448856,50,1595.445839
-2.801775,50,1595.507463
-2.692275,50,1595.561855
-2.423424,50,1595.622635
-5.04234,50,1595.676778
-5.724815,50,1595.740836
-5.134325,50,1602.868152
-4.933074,50,1602.913938
-6.605037,50,1603.003335
-4.354161,50,1603.067746
-3.262926,50,1603.137739
-8.024378,50,1603.196392
-4.49875,50,1603.25586
-4.491369,50,1603.330393
-6.660752,50,1603.410753
-2.8876,50,1603.49686
-11.696396,50,1603.55385
-7.634332,50,1603.607147
-5.780606,50,1603.667506
-7.256493,50,1603.719978
-5.420888,50,1603.789561
-1.888391,50,1603.856579
-6.139924,50,1603.932348
-5.266544,50,1604.007853
-8.063726,50,1604.076953
-4.916294,50,1604.152115
-4.476717,50,1604.208313
-12.071516,50,1604.262925
-6.118757,50,1604.336314
-4.19074,50,1604.3949
-3.60764,50,1604.46053
-6.585955,50,1604.525664
-1.655007,50,1604.583639
-2.036101,50,1604.644189
-4.279174,50,1604.711462
-6.780659,50,1604.779576
-2.296509,50,1604.845108
-2.004495,50,1604.924151
-8.16309,50,1604.990625
-6.448368,50,1605.06274
-8.767564,50,1605.125131
-7.249572,50,1605.185075
-6.393837,50,1605.249385
-3.722891,50,1605.310701
-5.26169,50,1605.368494
-9.380997,50,1605.420229
-3.642012,50,1605.478278
-3.142681,50,1612.754722
-5.420778,50,1612.804581
-5.336934,50,1612.873567
-2.524935,50,1612.946446
-6.438294,50,1613.008578
-4.634172,50,1613.079781
-8.257624,50,1613.147815
-6.49266,50,1613.211125
-6.570773,50,1613.265917
-7.322737,50,1613.32072
-6.003704,50,1613.381536
-5.176137,50,1613.432569
-3.067622,50,1613.50067
-3.236872,50,1613.551769
-5.090719,50,1613.597286
-5.735044,50,1613.642052
-6.796659,50,1613.690029
-9.008366,50,1613.740006
-4.106807,50,1613.808145
-0.756323,50,1613.884933
-5.581616,50,1613.9515
-9.142577,50,1613.99907
-3.711897,50,1614.053786
-7.502634,50,1614.107945
-4.377032,50,1614.157161
-3.965495,50,1614.213826
-5.980659,50,1614.267784
-3.774956,50,1614.320504
-3.142289,50,1614.363318
-5.784429,50,1614.415795
-5.853832,50,1614.480595
-3.855628,50,1614.547438
-2.102314,50,1614.606549
-5.426726,50,1614.661399
-1.430237,50,1614.724165
-7.971544,50,1614.796394
-6.79431,50,1614.859743
-4.291646,50,1614.925517
-9.391761,50,1615.001442
-5.301693,50,1615.07819
-4.285961,50,1615.14359
-4.353732,50,1622.333212
-5.365182,50,1622.407348
-7.453175,50,1622.479989
-4.968362,50,1622.548354
-3.84006,50,1622.619013
-7.091519,50,1622.687739
-5.244305,50,1622.742443
-5.240253,50,1622.801857
-4.329692,50,1622.886541
-5.611488,50,1622.950966
-2.214275,50,1623.018948
-2.066019,50,1623.087039
-6.957134,50,1623.147712
-5.996752,50,1623.214417
-5.390403,50,1623.284029
-5.834351,50,1623.36645
-6.222931,50,1623.446323
-7.745891,50,1623.529101
-3.539342,50,1623.620351
-3.380753,50,1623.692175
-5.964437,50,1623.77669
-4.191164,50,1623.860284
-6.773141,50,1623.931563
-5.540522,50,1623.984538
-2.70335,50,1624.035424
-5.141364,50,1624.088789
-4.963723,50,1624.149156
-2.01312,50,1624.208435
-5.391791,50,1624.278228
-8.167695,50,1624.357574
-5.603127,50,1624.428892
-4.387272,50,1624.497593
-8.778104,50,1624.561759
-8.658487,50,1624.616114
-8.418964,50,1624.682611
-6.42856,50,1624.753243
-9.171113,50,1624.819376
-5.024711,50,1624.886349
-6.867396,50,1624.956136
-4.836142,50,1625.025879
-7.809204,50,1625.096191
-3.558858,50,1632.31615
-6.951065,50,1632.402972
-4.771584,50,1632.453845
-7.772096,50,1632.541549
-7.310944,50,1632.628325
-1.861033,50,1632.710767
-6.751435,50,1632.795509
-6.828574,50,1632.883402
-5.254736,50,1632.971695
-5.808875,50,1633.056596
-7.001723,50,1633.140667
-9.707573,50,1633.221345
-3.385751,50,1633.309264
-5.962029,50,1633.379375
-3.177908,50,1633.454284
-4.454165,50,1633.529592
-6.51985,50,1633.615211
-4.169979,50,1633.684408
-3.159299,50,1633.755569
-2.02405,50,1633.83824
-7.127176,50,1633.926933
-4.405588,50,1633.998644
-6.547679,50,1634.073995
-5.382741,50,1634.141454
-5.568204,50,1634.198519
-6.96742,50,1634.253925
-1.814337,50,1634.326302
-8.194161,50,1634.395064
-6.449873,50,1634.470752
-2.680205,50,1634.532968
-6.923691,50,1634.615358
-4.585628,50,1634.693443
-5.361428,50,1634.760053
-7.33512,50,1634.838264
-6.06008,50,1634.892559
-4.124038,50,1634.971621
-5.413537,50,1635.03865
-2.861203,50,1635.110715
-6.245836,50,1635.17746
-4.395921,50,1635.245732
-7.710268,50,1635.316568
-2.710417,50,1642.590356
-4.823909,50,1642.658449
-3.387894,50,1642.730546
-6.367643,50,1642.801887
-4.185938,50,1642.873595
-3.743323,50,1642.95288
-2.956134,50,1643.028369
-2.134852,50,1643.098837
-3.534675,50,1643.178187
-4.423264,50,1643.247457
-4.509615,50,1643.324493
-5.185097,50,1643.387799
-3.881752,50,1643.45817
-4.435445,50,1643.526057
-5.645582,50,1643.591385
-9.726303,50,1643.659721
-8.897125,50,1643.733777
-3.794423,50,1643.812828
-2.432028,50,1643.888932
-2.416394,50,1643.976583
-4.029526,50,1644.049455
-4.419945,50,1644.116239
-9.975955,50,1644.186303
-1.687599,50,1644.261341
-4.865465,50,1644.32233
-3.433546,50,1644.391076
-3.752489,50,1644.460617
-2.054006,50,1644.512086
-4.694297,50,1644.584301
-3.099333,50,1644.660562
-6.182166,50,1644.731647
-6.218339,50,1644.809625
-2.679601,50,1644.877625
-1.363586,50,1644.937047
-6.546975,50,1645.00035
-4.821848,50,1645.064083
-3.615582,50,1645.116515
-4.493282,50,1645.176059
-2.484222,50,1645.238399
-8.477836,50,1645.295493
-7.480804,50,1645.349461
-5.589881,50,1652.538947
-6.091044,50,1652.606494
-6.535795,50,1652.6588
-2.103199,50,1652.73953
-3.834597,50,1652.804454
-6.567121,50,1652.881857
-5.322366,50,1652.951359
-3.92535,50,1653.010356
-5.637495,50,1653.081747
-2.994341,50,1653.144509
-4.171323,50,1653.209645
-2.875164,50,1653.277239
-6.754175,50,1653.345362
-5.456376,50,1653.410651
-4.791734,50,1653.479998
-4.682668,50,1653.554542
-5.402023,50,1653.638812
-8.349897,50,1653.718781
-5.832972,50,1653.814431
-2.989902,50,1653.891173
-5.958993,50,1653.964404
-4.384797,50,1654.039269
-2.952931,50,1654.108183
-5.427064,50,1654.165388
-6.638819,50,1654.216112
-5.6534,50,1654.281736
-3.566468,50,1654.350079
-5.287611,50,1654.410662
-3.740884,50,1654.461065
-4.580718,50,1654.516601
-1.484669,50,1654.58699
-1.133293,50,1654.654292
-8.533336,50,1654.731045
-2.113327,50,1654.788171
-5.921618,50,1654.858591
-7.049039,50,1654.917953
-8.469894,50,1654.975135
-3.951031,50,1655.048611
-4.112342,50,1655.099465
-6.587792,50,1655.15572
-8.586005,50,1655.211094
-7.149845,50,1662.451095
-5.172113,50,1662.520111
-4.531828,50,1662.593838
-3.153227,50,1662.670099
-6.097009,50,1662.744792
-3.898816,50,1662.815682
-6.466101,50,1662.878721
-1.224355,50,1662.945585
-3.137731,50,1663.0123
-2.814229,50,1663.075052
-8.841016,50,1663.136567
-5.782634,50,1663.195414
-5.484964,50,1663.262219
-11.199914,50,1663.309574
-1.745521,50,1663.360691
-6.282052,50,1663.417664
-3.058618,50,1663.480313
-6.37545,50,1663.544491
-3.225071,50,1663.614918
-3.92351,50,1663.694813
-4.55134,50,1663.771624
-3.615868,50,1663.847395
-6.590391,50,1663.918511
-5.627619,50,1663.990352
-6.611928,50,1664.063226
-3.242766,50,1664.118167
-3.919998,50,1664.186476
-4.437315,50,1664.252051
-5.361337,50,1664.324213
-3.566784,50,1664.394806
-4.296092,50,1664.457163
-3.762483,50,1664.507844
-1.521414,50,1664.57725
-2.680734,50,1664.650793
-3.931065,50,1664.722068
-1.938322,50,1664.796074
-6.292673,50,1664.865746
-7.888713,50,1664.928261
-3.553609,50,1665.001214
-5.632848,50,1665.065741
-6.841708,50,1665.139436
-7.044572,50,1672.303408
-3.842335,50,1672.381843
-5.372459,50,1672.451056
-1.818242,50,1672.524183
-2.528572,50,1672.585976
-7.728298,50,1672.665095
-3.380079,50,1672.740027
-5.136329,50,1672.824146
-4.782832,50,1672.909597
-2.627295,50,1672.977902
-4.135792,50,1673.036719
-3.551118,50,1673.095626
-4.950008,50,1673.150058
-3.16095,50,1673.202824
-1.759752,50,1673.257315
-5.202828,50,1673.329226
-2.602171,50,1673.408322
-3.200867,50,1673.476165
-1.703439,50,1673.557356
-2.322279,50,1673.622485
-5.556311,50,1673.698106
-6.123006,50,1673.770916
-4.591829,50,1673.840088
-6.656771,50,1673.924089
-2.54559,50,1673.99252
-3.894168,50,1674.068012
-5.224197,50,1674.138065
-11.711604,50,1674.20807
-7.062168,50,1674.28896
-5.430293,50,1674.358472
-3.487318,50,1674.42043
-3.826362,50,1674.493006
-8.238019,50,1674.559349
-4.799029,50,1674.624611
-1.926143,50,1674.69567
-4.766323,50,1674.761574
-6.068881,50,1674.827337
-2.382278,50,1674.896142
-3.581335,50,1674.969733
-5.53216,50,1675.034168
-0.96635,50,1675.10276
-1.836899,50,1682.239877
-3.90736,50,1682.318235
-6.689426,50,1682.393685
-3.400082,50,1682.469384
-7.532342,50,1682.543343
-7.087442,50,1682.625669
-3.602348,50,1682.713974
-5.191403,50,1682.791329
-3.507999,50,1682.862761
-5.194126,50,1682.936711
-2.612767,50,1683.017123
-5.421884,50,1683.099444
-5.136891,50,1683.176253
-3.491051,50,1683.252507
-4.101374,50,1683.329579
-5.823815,50,1683.403505
-9.635096,50,1683.457571
-5.015592,50,1683.532136
-6.230835,50,1683.607094
-2.492537,50,1683.677593
-4.148312,50,1683.743144
-0.89081,50,1683.806725
-3.039929,50,1683.878717
-10.44514,50,1683.947522
-2.231885,50,1684.01596
-7.613447,50,1684.094855
-2.803795,50,1684.161792
-6.762487,50,1684.228379
-5.561921,50,1684.293246
-2.894579,50,1684.37321
-8.747631,50,1684.449838
-2.061285,50,1684.522387
-5.879414,50,1684.601521
-3.759671,50,1684.681601
-6.362226,50,1684.753269
-3.601711,50,1684.827752
-4.268619,50,1684.885772
-1.753927,50,1684.937083
-3.688732,50,1684.998768
-2.776789,50,1685.072436
-5.079556,50,1685.12547
-7.689849,50,1692.279493
-4.121152,50,1692.366529
-6.532188,50,1692.45561
-6.905484,50,1692.537543
-4.099067,50,1692.624876
-8.476388,50,1692.700466
-4.935444,50,1692.778693
-7.649943,50,1692.851376
-2.235724,50,1692.91531
-4.900208,50,1692.999912
-6.514178,50,1693.064619
-5.152013,50,1693.118557
-5.192044,50,1693.188943
-4.547662,50,1693.264687
-7.45291,50,1693.349655
-5.277883,50,1693.430539
-5.761252,50,1693.501915
-4.713618,50,1693.584093
-3.866723,50,1693.667336
-4.045568,50,1693.748462
-2.639923,50,1693.819785
-1.725936,50,1693.898664
-5.061449,50,1693.967811
-2.492852,50,1694.041762
-3.062348,50,1694.108593
-4.363498,50,1694.173671
-2.416478,50,1694.216631
-6.109771,50,1694.285796
-4.188836,50,1694.356685
-3.260061,50,1694.440402
-2.549805,50,1694.504914
-3.691987,50,1694.576462
-2.315198,50,1694.645447
-5.258289,50,1694.714263
-7.699186,50,1694.79279
-6.4167,50,1694.869593
-4.426015,50,1694.922233
-1.318424,50,1694.992362
-4.153522,50,1695.072301
-5.045901,50,1695.141273
-6.30196,50,1695.201535
-5.252547,50,1702.353351
-5.041097,50,1702.426397
-4.770841,50,1702.506931
-2.4436,50,1702.571937
-4.015587,50,1702.653939
-3.949046,50,1702.714195
-4.360291,50,1702.789271
-4.974022,50,1702.846298
-3.533593,50,1702.89717
-4.07344,50,1702.960805
-5.801209,50,1703.028296
-4.518748,50,1703.094012
-4.940912,50,1703.153169
-7.458377,50,1703.208426
-4.560924,50,1703.278287
-6.880891,50,1703.33724
-5.702722,50,1703.397548
-2.487178,50,1703.458747
-4.006682,50,1703.521168
-6.235303,50,1703.588437
-8.447744,50,1703.650298
-8.364594,50,1703.730913
-2.81927,50,1703.795759
-3.668357,50,1703.869012
-7.070683,50,1703.940641
-4.021696,50,1704.029119
-6.273539,50,1704.091735
-4.165703,50,1704.162665
-7.992513,50,1704.227294
-6.295169,50,1704.290978
-6.514008,50,1704.356214
-5.603167,50,1704.42756
-5.810236,50,1704.505596
-7.491256,50,1704.57154
-5.643174,50,1704.642673
-5.370164,50,1704.713532
-7.782386,50,1704.782989
-6.344269,50,1704.853863
-3.661681,50,1704.934947
-6.352528,50,1704.999366
-4.47579,50,1705.055263
-5.046738,50,1712.141759
-2.527159,50,1712.223707
-6.552531,50,1712.302735
-6.470596,50,1712.387743
-3.895035,50,1712.459736
-3.076771,50,1712.53776
-5.065757,50,1712.603319
-5.071318,50,1712.661136
-2.221222,50,1712.744456
-4.701556,50,1712.813607
-7.900962,50,1712.865885
-6.779129,50,1712.927265
-3.325347,50,1712.975224
-4.556997,50,1713.044623
-5.669718,50,1713.119414
-5.414285,50,1713.181253
-6.047822,50,1713.250825
-7.577124,50,1713.326038
-6.016458,50,1713.394098
-4.069864,50,1713.464386
-3.568758,50,1713.544164
-5.894921,50,1713.621368
-4.340657,50,1713.680013
-3.208443,50,1713.737814
-5.136351,50,1713.809352
-9.600619,50,1713.876117
-6.282393,50,1713.949476
-4.388799,50,1714.011777
-5.623172,50,1714.08805
-5.104037,50,1714.164309
-5.804623,50,1714.235678
-3.896985,50,1714.301276
-7.002651,50,1714.373231
-5.549702,50,1714.435293
-6.543755,50,1714.486741
-4.740214,50,1714.531168
-4.865859,50,1714.590765
-5.142317,50,1714.658624
-10.713011,50,1714.713923
-2.032802,50,1714.771848
-7.066123,50,1714.828028
-2.915766,50,1721.981555
-7.1218,50,1722.068561
-6.664417,50,1722.147376
-8.420005,50,1722.217299
-6.392635,50,1722.28843
-8.536402,50,1722.363046
-5.187351,50,1722.443774
-4.298851,50,1722.51532
-4.483442,50,1722.587574
-4.40911,50,1722.645601
-3.421156,50,1722.725258
-4.513709,50,1722.796809
-1.932873,50,1722.863533
-5.310868,50,1722.933455
-3.874126,50,1723.008018
-4.655456,50,1723.074501
-8.736469,50,1723.148835
-3.051134,50,1723.206861
-5.130691,50,1723.279143
-3.857032,50,1723.344379
-2.659424,50,1723.401556
-4.445915,50,1723.465177
-6.643832,50,1723.521203
-5.594052,50,1723.580346
-6.944986,50,1723.637511
-2.725708,50,1723.692736
-3.390523,50,1723.762534
-4.548579,50,1723.818404
-4.27164,50,1723.872593
-4.975237,50,1723.944692
-2.876603,50,1724.014586
-7.214721,50,1724.081702
-4.89075,50,1724.150655
-3.467513,50,1724.214909
-4.447594,50,1724.287458
-3.090268,50,1724.354205
-5.727504,50,1724.419083
-1.696517,50,1724.475651
-4.943732,50,1724.538332
-2.778745,50,1724.608401
-6.055373,50,1724.661926
-7.47482,50,1731.781926
-6.846773,50,1731.856725
-4.913879,50,1731.931553
-3.304144,50,1731.994767
-8.182255,50,1732.072204
-4.356796,50,1732.124908
-5.315651,50,1732.173679
-5.268084,50,1732.236951
-1.559126,50,1732.296631
-2.984881,50,1732.363542
-4.56988,50,1732.426193
-3.662574,50,1732.484961
-4.091219,50,1732.547322
-7.79531,50,1732.599465
-6.796879,50,1732.664275
-4.989371,50,1732.752554
-3.817567,50,1732.830447
-2.479414,50,1732.903077
-3.803153,50,1732.976342
-8.606181,50,1733.045697
-4.373345,50,1733.125122
-6.723138,50,1733.197713
-6.755984,50,1733.275878
-4.647022,50,1733.349289
-4.209908,50,1733.418417
-5.364987,50,1733.481117
-4.085731,50,1733.538755
-4.212642,50,1733.599855
-1.388806,50,1733.668044
-1.324477,50,1733.732746
-1.676054,50,1733.792442
-5.78961,50,1733.86427
-2.621064,50,1733.935216
-2.706392,50,1734.020487
-3.655165,50,1734.087409
-5.546074,50,1734.151579
-6.583092,50,1734.223714
-2.815061,50,1734.302589
-9.775888,50,1734.370461
-5.352331,50,1734.449334
-8.051908,50,1734.517181
-4.219108,50,1741.779221
-4.558855,50,1741.849596
-3.517135,50,1741.911807
-6.113331,50,1741.988732
-4.610896,50,1742.070092
-4.924881,50,1742.144907
-4.358625,50,1742.223329
-4.117068,50,1742.298249
-4.349515,50,1742.370219
-1.517564,50,1742.43399
-2.68771,50,1742.511654
-6.331272,50,1742.583774
-4.690002,50,1742.659434
-4.018167,50,1742.744689
-4.273248,50,1742.825285
-6.261234,50,1742.903352
-3.494731,50,1742.990655
-7.614954,50,1743.059813
-7.067028,50,1743.136158
-3.111221,50,1743.200519
-2.808685,50,1743.284326
-2.078192,50,1743.361264
-1.663841,50,1743.431808
-4.631317,50,1743.499239
-4.692502,50,1743.575496
-6.096782,50,1743.64422
-8.654778,50,1743.704378
-6.432047,50,1743.77651
-3.069414,50,1743.853961
-4.812634,50,1743.934827
-1.700802,50,1744.016306
-3.403755,50,1744.09471
-7.526655,50,1744.165746
-3.88922,50,1744.238695
-5.442803,50,1744.311348
-4.53529,50,1744.385953
-6.932977,50,1744.468212
-4.599674,50,1744.548646
-4.283228,50,1744.616495
-3.002976,50,1744.69863
-7.618331,50,1744.772102
-7.19417,50,1752.105292
-5.195392,50,1752.1906
-3.140491,50,1752.278192
-5.033496,50,1752.36355
-4.658834,50,1752.44975
-7.01911,50,1752.526848
-5.990089,50,1752.599524
-6.231392,50,1752.673144
-4.029231,50,1752.752676
-6.375168,50,1752.830308
-5.036793,50,1752.904678
-4.159547,50,1752.97916
-6.674366,50,1753.050844
-1.894969,50,1753.124437
-5.727839,50,1753.193357
-6.316636,50,1753.264539
-5.076751,50,1753.34554
-4.184225,50,1753.417291
-5.521008,50,1753.488379
-3.268988,50,1753.564379
-6.835369,50,1753.651926
-5.684232,50,1753.731944
-5.210546,50,1753.807099
-3.362952,50,1753.888138
-7.353037,50,1753.954501
-3.262815,50,1754.037488
-10.497438,50,1754.103452
-6.094211,50,1754.174336
-3.420311,50,1754.256444
-3.827262,50,1754.343632
-7.829704,50,1754.420194
-3.681305,50,1754.493424
-3.422812,50,1754.555729
-3.393189,50,1754.631926
-6.716304,50,1754.719681
-2.56933,50,1754.791356
-9.258054,50,1754.87801
-4.789374,50,1754.962284
-6.590898,50,1755.045647
-3.415997,50,1755.130635
-4.058775,50,1762.243321
-6.469156,50,1762.330631
-4.341846,50,1762.416782
-3.702344,50,1762.504075
-4.950812,50,1762.581215
-5.143299,50,1762.648877
-8.35523,50,1762.72428
-2.441466,50,1762.792643
-7.798145,50,1762.870394
-3.181735,50,1762.9423
-3.192273,50,1763.006382
-7.034985,50,1763.090775
-9.763749,50,1763.164559
-5.729396,50,1763.225698
-2.749844,50,1763.304883
-4.316819,50,1763.382712
-7.869111,50,1763.452264
-3.038002,50,1763.534725
-4.408782,50,1763.60886
-5.742383,50,1763.693578
-6.870269,50,1763.77445
-7.514974,50,1763.849183
-3.17795,50,1763.929546
-3.686007,50,1764.003237
-5.510801,50,1764.058639
-6.631385,50,1764.123529
-1.485636,50,1764.191186
-5.737142,50,1764.263648
-2.083241,50,1764.33169
-4.196779,50,1764.405513
-5.735596,50,1764.480859
-5.058447,50,1764.54503
-4.744094,50,1764.622426
-4.414502,50,1764.696771
-7.054228,50,1764.774085
-3.249867,50,1764.83262
-2.734061,50,1764.898953
-5.13695,50,1764.966627
-4.153256,50,1765.044424
-2.728228,50,1765.109185
-4.254077,50,1765.159895
-5.859181,50,1772.334774
-6.611778,50,1772.416871
-6.696826,50,1772.489389
-5.670395,50,1772.559074
-5.514032,50,1772.627712
-6.893102,50,1772.707862
-4.665052,50,1772.775818
-6.702385,50,1772.864259
-3.013356,50,1772.930152
-7.346011,50,1772.989897
-5.714168,50,1773.056901
-3.309459,50,1773.124656
-6.261633,50,1773.180124
-4.606018,50,1773.227984
-3.656776,50,1773.291538
-2.31485,50,1773.35409
-4.542188,50,1773.428227
-4.972241,50,1773.50312
-1.72276,50,1773.571114
-3.273497,50,1773.654261
-6.939837,50,1773.72523
-6.421577,50,1773.794156
-5.429645,50,1773.867488
-2.037125,50,1773.942972
-10.00478,50,1774.025403
-5.119725,50,1774.082421
-5.88699,50,1774.135053
-7.082961,50,1774.188984
-3.645414,50,1774.2421
-3.587584,50,1774.302074
-4.72479,50,1774.365219
-3.672612,50,1774.439142
-7.37012,50,1774.519068
-2.957404,50,1774.583727
-4.050384,50,1774.65492
-5.158631,50,1774.739461
-6.277986,50,1774.811376
-6.679745,50,1774.879781
-9.402607,50,1774.950801
-8.896219,50,1775.021174
-5.498486,50,1775.097681
-5.404872,50,1782.209684
-7.029208,50,1782.291344
-3.48124,50,1782.361906
-3.541714,50,1782.435341
-5.759791,50,1782.504408
-5.560915,50,1782.587961
-3.980459,50,1782.66069
-3.807814,50,1782.738366
-2.884153,50,1782.812781
-4.613529,50,1782.895365
-6.447613,50,1782.961289
-5.379803,50,1783.036863
-7.603273,50,1783.108544
-3.951427,50,1783.187744
-4.555365,50,1783.259932
-4.47782,50,1783.3361
-2.862025,50,1783.414592
-4.627181,50,1783.494681
-5.568312,50,1783.565111
-6.993162,50,1783.643475
-5.487517,50,1783.714849
-2.924548,50,1783.787281
-4.641232,50,1783.859279
-5.3776,50,1783.939443
-3.132714,50,1784.008601
-7.698299,50,1784.084518
-5.504396,50,1784.148797
-6.127008,50,1784.214131
-6.863898,50,1784.287358
-5.933262,50,1784.36222
-4.100993,50,1784.435197
-1.889084,50,1784.50868
-2.995227,50,1784.57238
-5.8861,50,1784.648535
-4.482491,50,1784.724293
-4.750878,50,1784.789993
-5.203579,50,1784.867193
-5.635533,50,1784.939878
-7.399051,50,1785.014465
-4.120562,50,1785.087186
-3.913755,50,1785.148552
-6.706971,50,1792.343033
-4.729946,50,1792.41118
-5.020244,50,1792.468523
-4.114382,50,1792.55739
-5.853924,50,1792.619415
-6.171659,50,1792.702271
-6.730697,50,1792.788892
-6.525633,50,1792.866112
-6.021147,50,1792.956017
-6.184582,50,1793.017945
-8.672322,50,1793.087746
-3.003244,50,1793.162234
-3.031718,50,1793.215234
-2.143138,50,1793.274998
-6.926922,50,1793.357587
-5.829202,50,1793.437045
-2.47217,50,1793.518834
-1.660421,50,1793.597605
-6.878246,50,1793.674123
-3.404673,50,1793.744328
-4.849208,50,1793.814117
-8.126686,50,1793.876924
-2.985561,50,1793.954245
-3.725142,50,1794.025092
-3.652104,50,1794.098774
-4.61493,50,1794.176113
-5.86726,50,1794.242109
-6.701119,50,1794.311169
-2.871732,50,1794.382424
-7.329547,50,1794.451095
-2.701576,50,1794.514791
-4.685343,50,1794.586888
-6.279563,50,1794.667474
-6.189653,50,1794.741136
-7.214716,50,1794.811352
-9.207724,50,1794.885436
-4.507038,50,1794.958709
-1.712521,50,1795.02807
-4.986833,50,1795.103971
-2.069528,50,1795.1741
-5.665196,50,1795.243387
-4.609214,50,1802.36117
-2.711423,50,1802.43324
-5.842247,50,1802.481284
-4.459175,50,1802.538883
-7.826948,50,1802.602025
-2.635122,50,1802.679471
-6.262173,50,1802.743091
-2.010396,50,1802.819362
-2.391285,50,1802.887151
-4.850844,50,1802.96556
-6.581589,50,1803.040296
-7.000016,50,1803.109433
-5.782997,50,1803.188315
-6.792111,50,1803.266288
-3.967494,50,1803.351724
-6.123483,50,1803.435754
-3.054927,50,1803.514807
-6.441482,50,1803.596435
-7.226948,50,1803.661202
-5.807079,50,1803.728449
-3.870133,50,1803.797197
-7.256013,50,1803.8745
-3.705485,50,1803.944525
-7.401518,50,1804.014926
-3.174568,50,1804.094294
-5.429297,50,1804.170557
-3.163914,50,1804.241606
-7.353863,50,1804.319957
-6.400281,50,1804.395691
-5.496153,50,1804.475222
-4.393904,50,1804.553813
-2.79583,50,1804.6142
-4.953516,50,1804.699352
-6.354458,50,1804.764803
-5.74203,50,1804.836516
-8.336941,50,1804.91984
-10.078377,50,1804.989733
-5.006052,50,1805.05557
-5.996957,50,1805.119227
-2.319591,50,1805.181164
-2.521544,50,1805.259001
-4.635565,50,1812.340561
-4.674771,50,1812.420573
-4.737992,50,1812.486279
-3.551583,50,1812.559244
-3.314425,50,1812.637484
-7.509501,50,1812.711066
-6.865471,50,1812.783326
-3.59532,50,1812.85159
-6.889528,50,1812.923052
-3.112582,50,1812.986254
-2.785472,50,1813.049343
-7.249456,50,1813.116889
-6.34898,50,1813.191757
-4.860648,50,1813.254401
-3.337472,50,1813.311453
-7.398132,50,1813.37032
-2.023293,50,1813.447421
-5.168313,50,1813.510146
-4.309206,50,1813.585533
-6.378505,50,1813.652597
-5.159859,50,1813.723196
-4.087603,50,1813.790119
-2.229047,50,1813.860044
-3.186456,50,1813.933118
-7.478638,50,1813.988342
-6.855237,50,1814.055748
-4.492966,50,1814.110357
-7.29551,50,1814.162735
-5.267737,50,1814.226514
-3.500467,50,1814.287114
-2.884579,50,1814.351027
-3.076476,50,1814.428692
-3.435897,50,1814.492342
-1.343429,50,1814.565829
-3.209492,50,1814.620261
-6.337448,50,1814.683523
-0.857411,50,1814.746729
-5.775087,50,1814.806931
-6.299465,50,1814.874185
-2.522895,50,1814.938781
-8.078899,50,1814.99032
-5.782227,50,1822.154005
-6.470548,50,1822.238069
-4.343198,50,1822.307634
-5.766797,50,1822.37448
-8.208683,50,1822.449457
-3.756569,50,1822.503424
-2.782671,50,1822.563792
-2.287134,50,1822.616875
-5.313209,50,1822.670547
-6.00639,50,1822.738137
-4.00027,50,1822.804321
-3.475396,50,1822.864782
-7.204284,50,1822.941328
-4.474234,50,1822.995917
-9.425715,50,1823.053463
-3.864943,50,1823.110848
-7.580381,50,1823.174073
-2.90541,50,1823.243012
-5.51473,50,1823.310387
-4.878041,50,1823.368009
-5.689917,50,1823.416159
-5.016534,50,1823.48472
-5.673968,50,1823.537919
-4.643051,50,1823.60525
-3.275803,50,1823.670779
-3.167167,50,1823.723737
-4.0786,50,1823.794003
-8.475679,50,1823.85319
-7.830472,50,1823.907
-5.488421,50,1823.972824
-4.876833,50,1824.031893
-7.091071,50,1824.10405
-5.299224,50,1824.174482
-4.218628,50,1824.245813
-9.106678,50,1824.320734
-4.883976,50,1824.395521
-9.024863,50,1824.449864
-8.059217,50,1824.526976
-9.142608,50,1824.598645
-4.176351,50,1824.660631
-3.561822,50,1824.719707
-2.831218,50,1831.908155
-2.8635,50,1831.992899
-5.082468,50,1832.076417
-4.306759,50,1832.145021
-4.411333,50,1832.222835
-2.761571,50,1832.265599
-3.731703,50,1832.308353
-4.922406,50,1832.382199
-3.063805,50,1832.428925
-6.120795,50,1832.478259
-6.607488,50,1832.525485
-7.677552,50,1832.587336
-6.053457,50,1832.64626
-2.989166,50,1832.705812
-7.140993,50,1832.759449
-1.169785,50,1832.818104
-5.503918,50,1832.875681
-2.464492,50,1832.951032
-4.37382,50,1832.996961
-2.877171,50,1833.06861
-5.253408,50,1833.134987
-2.438406,50,1833.203197
-3.702782,50,1833.283373
-5.19319,50,1833.364189
-1.666347,50,1833.437736
-7.274868,50,1833.505637
-10.241547,50,1833.591159
-5.425462,50,1833.64659
-3.622009,50,1833.701267
-2.194561,50,1833.757924
-4.545859,50,1833.813879
-3.520246,50,1833.880617
-3.178812,50,1833.964801
-3.024319,50,1834.028391
-6.249078,50,1834.091509
-6.213374,50,1834.161485
-4.259426,50,1834.230993
-5.233117,50,1834.296208
-7.374252,50,1834.359725
-5.643441,50,1834.42028
-4.873166,50,1834.493191
-4.317597,50,1841.676819
-6.887978,50,1841.753147
-4.875622,50,1841.825884
-5.337113,50,1841.899503
-5.42637,50,1841.967581
-7.073051,50,1842.053375
-6.113333,50,1842.121876
-5.703676,50,1842.196734
-3.844806,50,1842.272615
-5.067158,50,1842.347931
-3.784977,50,1842.417681
-5.533454,50,1842.489925
-5.383043,50,1842.55213
-3.020431,50,1842.607788
-6.10352,50,1842.680748
-8.186277,50,1842.758915
-5.589268,50,1842.835595
-3.869603,50,1842.912897
-3.369451,50,1842.987825
-3.066166,50,1843.057493
-3.896534,50,1843.1247
-5.235138,50,1843.194473
-3.80982,50,1843.242286
-3.925293,50,1843.308807
-5.551785,50,1843.395141
-7.860232,50,1843.474626
-4.216802,50,1843.551084
-6.72141,50,1843.619491
-5.289231,50,1843.671427
-5.081025,50,1843.743547
-6.147309,50,1843.816738
-4.570619,50,1843.886941
-6.905706,50,1843.956691
-9.314159,50,1844.031893
-4.288811,50,1844.115902
-4.846602,50,1844.181751
-3.309777,50,1844.25566
-3.540374,50,1844.329182
-3.606392,50,1844.402928
-3.848153,50,1844.454892
-6.35701,50,1844.535732
-4.053455,50,1851.744753
-5.309567,50,1851.787258
-7.372928,50,1851.831889
-5.129433,50,1851.904732
-5.562449,50,1851.972573
-6.946739,50,1852.034521
-3.331063,50,1852.081476
-5.767782,50,1852.134164
-2.331305,50,1852.190703
-5.940393,50,1852.256051
-5.741104,50,1852.308921
-3.495224,50,1852.35721
-3.530315,50,1852.407487
-4.986465,50,1852.473351
-4.055323,50,1852.538747
-6.817374,50,1852.595826
-3.094196,50,1852.654863
-6.385735,50,1852.721692
-7.262007,50,1852.799196
-5.274563,50,1852.885352
-4.842426,50,1852.959135
-3.441861,50,1853.032242
-4.904682,50,1853.094359
-5.093654,50,1853.162624
-3.048938,50,1853.222874
-1.625605,50,1853.269999
-7.609462,50,1853.337398
-3.307816,50,1853.391527
-2.835087,50,1853.439417
-1.535369,50,1853.508557
-4.228216,50,1853.569219
-1.769795,50,1853.646197
-4.455082,50,1853.7207
-3.055552,50,1853.79523
-4.376416,50,1853.867264
-4.663904,50,1853.938206
-4.772207,50,1853.994521
-5.423413,50,1854.056451
-5.174622,50,1854.132563
-1.384053,50,1854.191077
-2.91716,50,1854.245504
-2.157922,50,1861.509767
-3.394818,50,1861.552099
-3.507749,50,1861.636498
-8.181157,50,1861.721827
-2.302267,50,1861.792781
-4.929087,50,1861.872992
-2.020834,50,1861.953918
-3.312419,50,1862.02511
-4.430469,50,1862.088416
-3.256512,50,1862.161889
-3.379363,50,1862.235234
-6.308361,50,1862.317375
-5.329618,50,1862.396708
-4.760575,50,1862.473073
-2.09381,50,1862.551032
-6.574586,50,1862.670994
-2.669723,50,1862.755135
-6.345482,50,1862.834152
-3.120496,50,1862.92027
-8.3801,50,1863.005591
-8.185661,50,1863.078213
-4.910267,50,1863.155495
-6.459113,50,1863.219724
-7.58097,50,1863.277782
-4.561228,50,1863.330578
-2.709159,50,1863.379779
-3.363396,50,1863.436943
-5.448403,50,1863.486454
-4.0175,50,1863.533737
-3.058426,50,1863.605022
-4.048351,50,1863.681902
-4.607375,50,1863.754421
-3.073635,50,1863.824901
-4.24448,50,1863.886996
-4.229528,50,1863.933009
-5.461094,50,1863.980238
-4.876458,50,1864.034809
-2.642194,50,1864.088923
-10.491104,50,1864.142704
-7.554538,50,1864.197715
-3.75455,50,1864.248074
-5.717246,50,1871.928404
-7.383343,50,1871.996493
-3.152281,50,1872.045782
-4.215235,50,1872.09949
-3.661394,50,1872.143241
-5.972034,50,1872.200716
-7.405096,50,1872.249722
-6.965549,50,1872.299545
-1.626843,50,1872.346942
-5.310823,50,1872.392201
-5.022933,50,1872.436741
-4.214929,50,1872.481312
-1.82441,50,1872.525646
-5.751273,50,1872.570878
-7.679663,50,1872.615929
-5.916558,50,1872.659861
-4.059877,50,1872.706988
-4.009269,50,1872.751235
-5.395942,50,1872.796804
-7.536715,50,1872.842288
-4.984534,50,1872.8886
-4.949929,50,1872.944436
-2.575154,50,1873.015516
-2.158888,50,1873.083036
-6.926952,50,1873.129368
-3.953863,50,1873.174165
-3.079916,50,1873.219809
-2.046775,50,1873.266454
-3.589872,50,1873.316024
-3.46746,50,1873.3697
-7.495186,50,1873.415563
-4.632095,50,1873.461433
-5.491825,50,1873.506261
-2.047714,50,1873.551806
-2.697044,50,1873.597999
-4.942887,50,1873.642844
-8.1878,50,1873.68695
-5.795674,50,1873.732999
-3.447385,50,1873.776905
-3.698775,50,1873.822231
-2.296072,50,1873.866624
-2.387499,50,1881.03015
-5.200056,50,1881.0939
-3.633453,50,1881.146651
-2.737378,50,1881.200643
-5.974144,50,1881.261406
-2.452922,50,1881.308524
-2.423089,50,1881.372244
-3.943641,50,1881.421782
-4.68515,50,1881.467768
-2.475315,50,1881.513061
-4.992659,50,1881.556565
-2.640236,50,1881.601481
-4.409844,50,1881.645453
-1.135461,50,1881.708969
-5.681108,50,1881.755327
-6.023068,50,1881.800075
-2.254863,50,1881.844832
-7.27895,50,1881.889407
-3.775118,50,1881.934783
-2.59841,50,1881.979553
-5.282309,50,1882.025924
-6.768226,50,1882.086658
-6.008511,50,1882.147984
-3.544338,50,1882.205139
-6.851252,50,1882.260915
-1.868031,50,1882.321592
-6.308213,50,1882.37549
-2.546645,50,1882.422131
-3.730145,50,1882.473752
-2.594381,50,1882.517176
-9.011196,50,1882.571125
-5.10996,50,1882.623653
-7.588518,50,1882.668003
-6.682389,50,1882.712895
-1.925363,50,1882.756996
-4.035222,50,1882.802902
-6.822012,50,1882.853191
-3.460151,50,1882.897048
-3.273291,50,1882.942093
-6.651634,50,1882.986217
-4.418622,50,1883.029465
-5.900555,50,1890.170995
-5.692015,50,1890.226077
-5.187799,50,1890.284655
-5.393896,50,1890.333815
-7.319239,50,1890.380149
-4.227899,50,1890.428485
-10.237609,50,1890.473109
-2.062765,50,1890.518389
-9.969178,50,1890.561907
-5.493663,50,1890.611121
-3.106153,50,1890.66117
-7.009527,50,1890.71053
-1.940606,50,1890.766543
-6.436698,50,1890.828333
-2.30985,50,1890.878711
-6.048036,50,1890.941955
-5.231368,50,1890.995944
-6.749914,50,1891.041144
-5.325346,50,1891.084528
-3.465763,50,1891.129762
-2.256412,50,1891.189721
-5.88961,50,1891.262402
-5.734518,50,1891.311726
-3.85238,50,1891.35696
-6.652618,50,1891.403556
-2.824327,50,1891.451767
-5.161379,50,1891.49737
-4.919248,50,1891.542927
-7.89963,50,1891.601538
-4.053145,50,1891.664772
-2.826895,50,1891.735343
-7.282276,50,1891.783494
-4.425773,50,1891.831519
-1.210223,50,1891.884129
-3.405147,50,1891.932881
-5.437626,50,1891.983202
-4.703911,50,1892.034868
-5.770689,50,1892.08057
-2.954337,50,1892.125084
-5.16633,50,1892.171717
-5.197836,50,1892.230505
-4.532894,50,1899.448392
-3.206816,50,1899.519986
-5.829994,50,1899.593689
-2.752282,50,1899.662921
-7.584913,50,1899.743735
-2.92561,50,1899.802636
-3.781837,50,1899.860982
-5.434514,50,1899.909411
-5.776313,50,1899.953917
-5.549656,50,1899.9965
-2.790346,50,1900.039953
-6.64333,50,1900.097873
-5.374572,50,1900.144856
-5.402419,50,1900.191003
-4.401073,50,1900.236409
-1.764009,50,1900.287165
-3.83009,50,1900.330975
-1.540032,50,1900.375934
-4.193609,50,1900.419042
-2.973549,50,1900.465179
-4.829507,50,1900.549789
-4.779916,50,1900.61641
-1.077939,50,1900.662806
-5.586707,50,1900.720657
-2.232739,50,1900.781053
-5.546542,50,1900.831802
-6.866652,50,1900.881749
-5.308729,50,1900.932178
-6.936424,50,1900.976594
-4.162275,50,1901.021648
-6.175982,50,1901.066479
-5.918352,50,1901.116759
-6.140875,50,1901.161735
-4.162335,50,1901.205493
-3.503594,50,1901.251237
-2.443713,50,1901.298101
-5.62787,50,1901.343813
-8.518633,50,1901.389154
-5.577916,50,1901.435139
-6.807407,50,1901.480401
-3.89228,50,1901.529587
-4.17331,50,1908.706951
-6.825791,50,1908.784775
-7.412631,50,1908.853894
-6.755968,50,1908.936289
-2.397441,50,1908.995174
-6.680045,50,1909.051167
-8.14723,50,1909.096434
-2.924845,50,1909.14185
-3.672925,50,1909.185264
-3.814028,50,1909.230585
-4.149507,50,1909.273779
-5.27593,50,1909.316833
-7.886146,50,1909.361443
-2.344605,50,1909.406971
-8.221886,50,1909.450855
-5.340931,50,1909.495293
-3.76834,50,1909.541865
-4.123959,50,1909.58592
-6.598501,50,1909.630949
-5.232181,50,1909.685055
-4.538404,50,1909.751438
-4.260951,50,1909.822614
-2.926643,50,1909.871458
-4.01693,50,1909.91674
-5.994561,50,1909.958922
-4.968707,50,1910.002577
-7.660143,50,1910.046582
-6.255675,50,1910.08983
-2.432611,50,1910.13338
-6.79385,50,1910.175552
-5.66079,50,1910.217666
-3.839904,50,1910.261596
-8.164703,50,1910.306124
-4.019696,50,1910.351686
-2.302514,50,1910.39766
-2.326943,50,1910.445311
-4.471417,50,1910.490778
-2.160029,50,1910.537278
-5.449546,50,1910.582453
-3.125304,50,1910.628656
-4.696115,50,1910.674176
-4.285127,50,1917.904839
-3.354363,50,1917.972273
-2.41055,50,1918.035514
-2.522795,50,1918.079822
-1.913889,50,1918.131589
-2.909517,50,1918.183981
-5.087747,50,1918.237639
-5.851606,50,1918.28236
-3.799856,50,1918.326436
-5.808121,50,1918.370157
-3.559802,50,1918.414118
-5.616661,50,1918.458298
-3.364992,50,1918.502331
-4.077172,50,1918.54557
-2.363447,50,1918.589031
-3.559853,50,1918.635135
-6.80414,50,1918.679805
-5.950329,50,1918.725202
-1.702609,50,1918.770646
-5.808642,50,1918.815881
-3.34817,50,1918.860715
-4.755484,50,1918.922188
-5.067957,50,1918.965818
-6.781005,50,1919.018664
-8.670383,50,1919.068309
-2.726183,50,1919.113211
-6.953545,50,1919.156659
-2.029611,50,1919.222647
-2.963206,50,1919.295705
-6.92606,50,1919.349834
-6.840337,50,1919.39593
-5.894949,50,1919.444271
-1.924825,50,1919.491056
-7.683844,50,1919.564582
-2.611913,50,1919.613491
-6.250349,50,1919.664055
-2.755307,50,1919.712686
-7.577668,50,1919.761599
-5.556744,50,1919.809115
-7.559857,50,1919.85668
-7.970123,50,1919.933396
-6.669566,50,1928.117435
-3.74973,50,1928.216012
-5.574159,50,1928.308207
-8.143231,50,1928.404041
-2.63391,50,1928.480077
-7.440557,50,1928.556976
-6.766237,50,1928.630601
-3.581251,50,1928.704505
-5.152247,50,1928.783128
-4.880925,50,1928.854203
-5.306965,50,1928.927126
-6.14843,50,1929.003637
-7.209383,50,1929.078397
-3.687232,50,1929.150618
-2.475317,50,1929.222146
-3.092512,50,1929.293236
-6.41058,50,1929.367669
-6.960562,50,1929.439656
-2.132219,50,1929.515623
-5.506057,50,1929.586471
-7.652207,50,1929.659172
-3.123611,50,1929.73198
-5.238088,50,1929.803408
-5.966052,50,1929.877588
-2.376862,50,1929.949898
-4.059432,50,1930.023196
-6.409454,50,1930.098228
-0.986852,50,1930.175862
-4.59629,50,1930.245561
-1.699822,50,1930.316749
-6.528498,50,1930.391057
-2.64596,50,1930.464583
-2.634076,50,1930.539977
-5.571664,50,1930.618255
-6.596049,50,1930.69036
-4.352325,50,1930.762449
-2.313677,50,1930.844874
-6.267915,50,1930.915845
-6.462111,50,1930.988212
-5.818775,50,1931.05959
-9.225155,50,1931.129989
-6.171561,50,1939.651793
-6.662832,50,1939.741698
-1.718765,50,1939.816747
-3.593656,50,1939.893193
-3.758587,50,1939.968898
-2.44156,50,1940.041593
-7.650495,50,1940.116174
-4.221727,50,1940.18942
-4.359204,50,1940.263586
-5.254629,50,1940.339143
-7.967236,50,1940.423645
-4.132825,50,1940.492665
-5.609709,50,1940.570035
-4.830652,50,1940.649459
-3.664541,50,1940.734771
-5.935589,50,1940.803432
-2.880484,50,1940.876481
-3.939491,50,1940.947153
-6.351383,50,1941.021944
-2.504849,50,1941.094183
-5.208997,50,1941.158442
-4.675379,50,1941.21752
-2.941606,50,1941.284958
-7.105209,50,1941.355692
-4.242287,50,1941.430362
-3.146264,50,1941.507564
-6.029062,50,1941.581371
-6.107714,50,1941.657196
-4.353536,50,1941.732772
-6.767319,50,1941.813628
-2.410739,50,1941.888077
-5.030309,50,1941.963569
-5.628166,50,1942.037105
-8.301133,50,1942.111347
-6.399379,50,1942.186719
-5.427971,50,1942.26181
-5.434913,50,1942.33428
-5.587702,50,1942.408116
-5.087209,50,1942.485196
-4.668921,50,1942.557475
-4.698623,50,1942.631485
-4.77895,50,1951.264109
-4.294262,50,1951.350417
-7.789919,50,1951.438632
-6.678446,50,1951.517339
-6.934426,50,1951.595529
-3.253272,50,1951.671175
-1.83933,50,1951.750767
-2.887205,50,1951.822982
-5.408964,50,1951.896698
-3.103375,50,1951.968547
-3.356793,50,1952.040459
-6.779747,50,1952.12258
-4.917443,50,1952.196589
-2.588969,50,1952.267837
-4.473722,50,1952.343874
-4.579692,50,1952.433912
-5.633408,50,1952.509167
-3.638974,50,1952.585282
-4.832894,50,1952.660771
-7.092496,50,1952.735097
-2.352335,50,1952.806376
-4.321113,50,1952.879342
-3.555005,50,1952.953675
-4.389823,50,1953.02637
-3.970165,50,1953.103837
-3.787373,50,1953.17644
-5.448562,50,1953.246739
-6.364435,50,1953.318883
-5.036345,50,1953.392653
-3.542112,50,1953.469648
-5.650237,50,1953.545059
-5.21544,50,1953.617438
-4.549388,50,1953.686049
-3.834779,50,1953.760106
-3.310042,50,1953.834344
-3.982346,50,1953.907265
-3.88355,50,1953.977714
-1.943476,50,1954.052298
-2.924348,50,1954.12658
-4.327247,50,1954.200115
-5.735114,50,1954.277793
-4.069719,50,1962.456494
-1.509562,50,1962.523631
-1.574138,50,1962.5839
-4.150029,50,1962.647033
-6.087026,50,1962.697419
-5.533865,50,1962.750152
-2.229817,50,1962.80747
-3.874817,50,1962.849533
-7.389398,50,1962.891567
-5.917604,50,1962.933333
-3.944166,50,1962.994946
-7.620613,50,1963.072405
-6.59696,50,1963.144441
-6.502135,50,1963.218026
-4.803627,50,1963.266147
-1.801828,50,1963.338597
-4.736086,50,1963.397145
-6.149886,50,1963.471305
-5.142486,50,1963.559283
-5.664319,50,1963.636385
-1.994726,50,1963.70231
-6.910135,50,1963.767692
-5.466267,50,1963.83157
-5.070487,50,1963.886693
-2.228791,50,1963.941533
-5.120798,50,1963.996322
-2.570154,50,1964.041445
-5.961735,50,1964.084903
-6.833398,50,1964.139252
-8.096514,50,1964.20139
-3.701424,50,1964.251409
-6.818846,50,1964.311323
-5.348001,50,1964.358854
-6.473889,50,1964.427558
-6.08991,50,1964.496137
-1.267082,50,1964.566285
-5.988006,50,1964.622483
-4.013336,50,1964.679778
-6.215356,50,1964.741886
-2.694391,50,1964.804778
-4.951967,50,1964.862277
-2.573085,50,1972.083014
-1.878479,50,1972.170367
-2.226775,50,1972.246167
-2.910937,50,1972.323682
-6.154033,50,1972.394663
-4.545148,50,1972.463566
-7.442767,50,1972.541558
-7.929184,50,1972.599757
-5.190513,50,1972.661426
-3.468236,50,1972.713043
-2.339566,50,1972.778831
-2.316699,50,1972.847249
-2.820689,50,1972.907579
-5.155306,50,1972.962513
-2.272755,50,1973.006691
-5.588545,50,1973.052811
-2.97031,50,1973.128842
-5.46363,50,1973.200326
-5.369687,50,1973.263548
-2.50095,50,1973.322741
-6.259396,50,1973.380099
-3.171115,50,1973.44434
-4.637225,50,1973.514565
-2.712742,50,1973.567791
-2.865395,50,1973.627234
-3.096131,50,1973.688036
-4.052996,50,1973.763719
-5.903945,50,1973.81273
-5.106284,50,1973.859413
-3.290624,50,1973.912024
-6.547304,50,1973.964926
-3.009493,50,1974.024805
-4.766053,50,1974.11447
-3.402823,50,1974.191416
-2.44239,50,1974.264162
-2.00156,50,1974.330493
-9.906266,50,1974.412813
-6.675214,50,1974.472241
-5.613352,50,1974.542689
-4.826428,50,1974.613454
-4.089161,50,1974.679734
-2.614368,50,1981.767914
-9.592617,50,1981.855699
-3.994421,50,1981.916128
-6.990906,50,1981.983535
-8.252527,50,1982.049117
-1.544645,50,1982.121138
-2.937368,50,1982.196603
-2.830194,50,1982.25968
-6.718196,50,1982.336831
-9.271384,50,1982.411873
-5.607181,50,1982.484549
-3.204547,50,1982.551368
-6.449374,50,1982.608128
-3.959645,50,1982.653959
-2.928935,50,1982.711612
-11.518971,50,1982.784998
-3.731665,50,1982.852655
-5.371307,50,1982.925393
-3.641727,50,1982.998069
-4.614415,50,1983.067201
-1.520219,50,1983.12594
-3.020175,50,1983.187621
-5.637909,50,1983.26581
-4.329268,50,1983.343348
-2.846619,50,1983.40159
-5.041799,50,1983.464715
-3.29457,50,1983.522527
-3.498981,50,1983.588851
-5.754279,50,1983.654645
-6.494785,50,1983.734578
-1.972383,50,1983.814915
-5.691742,50,1983.891042
-2.285903,50,1983.976686
-9.457624,50,1984.043545
-5.615677,50,1984.101375
-7.608092,50,1984.169521
-9.461578,50,1984.220589
-6.607974,50,1984.290348
-3.443831,50,1984.353879
-7.038577,50,1984.415798
-2.966387,50,1984.472386
-16.503564,50,1991.698145
-3.771356,50,1991.767423
-2.828777,50,1991.82465
-6.780798,50,1991.882401
-6.182524,50,1991.950206
-5.05143,50,1992.015629
-5.147448,50,1992.060725
-3.714544,50,1992.105494
-4.06079,50,1992.15788
-8.040334,50,1992.211486
-3.415244,50,1992.276126
-6.449507,50,1992.327837
-5.742869,50,1992.374648
-3.685332,50,1992.419698
-4.173295,50,1992.487924
-5.629028,50,1992.561436
-17.752904,50,1992.633305
-2.858246,50,1992.698499
-4.796811,50,1992.782521
-6.870074,50,1992.863339
-2.391996,50,1992.936007
-2.818208,50,1993.001867
-6.452987,50,1993.06366
-4.806526,50,1993.125796
-3.485567,50,1993.177498
-5.550338,50,1993.228283
-3.66387,50,1993.278684
-4.721643,50,1993.333612
-6.585744,50,1993.38565
-6.096801,50,1993.444803
-9.999475,50,1993.50447
-5.320773,50,1993.57113
-5.491375,50,1993.624724
-2.288972,50,1993.680396
-6.465917,50,1993.758294
-5.625931,50,1993.827361
-2.868422,50,1993.90363
-2.869797,50,1993.966206
-2.913588,50,1994.03957
-6.11493,50,1994.110682
-5.385129,50,1994.177984
-3.455388,50,2001.41547
-6.133073,50,2001.492861
-6.790781,50,2001.574401
-4.587189,50,2001.64803
-6.01728,50,2001.721629
-2.90022,50,2001.784123
-8.18085,50,2001.850626
-5.177859,50,2001.913865
-1.431886,50,2001.974652
-1.638184,50,2002.052172
-6.183456,50,2002.115693
-6.919493,50,2002.170321
-1.124584,50,2002.234544
-5.562166,50,2002.306544
-5.166846,50,2002.371341
-6.371379,50,2002.429688
-6.559001,50,2002.493621
-5.422693,50,2002.559827
-7.265218,50,2002.642302
-2.131538,50,2002.709713
-5.922391,50,2002.765987
-3.896935,50,2002.819503
-1.775151,50,2002.881481
-4.661482,50,2002.940079
-5.448954,50,2002.998434
-5.364169,50,2003.057688
-3.094085,50,2003.112165
-4.706474,50,2003.166631
-5.028601,50,2003.231586
-6.648861,50,2003.307507
-5.935172,50,2003.371469
-4.31383,50,2003.441385
-3.763802,50,2003.518391
-3.792048,50,2003.590153
-4.963316,50,2003.653435
-2.271136,50,2003.734822
-3.741664,50,2003.816722
-4.945002,50,2003.889207
-2.608061,50,2003.956371
-4.603651,50,2004.004567
-2.34015,50,2011.775707
-3.792424,50,2011.855432
-1.395524,50,2011.941313
-5.660682,50,2012.017972
-7.900731,50,2012.094754
-7.213837,50,2012.151457
-1.817596,50,2012.207635
-5.964178,50,2012.262757
-4.058917,50,2012.313118
-4.570907,50,2012.369912
-2.172462,50,2012.420666
-2.637286,50,2012.466329
-5.078836,50,2012.519206
-5.608199,50,2012.56806
-7.577605,50,2012.614809
-4.929206,50,2012.662066
-1.500628,50,2012.707995
-5.580835,50,2012.752117
-6.040209,50,2012.795562
-7.133256,50,2012.860376
-2.765314,50,2012.931654
-4.269932,50,2012.998483
-3.336892,50,2013.050711
-3.693767,50,2013.113405
-4.535807,50,2013.19464
-4.208959,50,2013.266702
-5.818085,50,2013.311927
-5.096608,50,2013.365752
-4.590166,50,2013.416362
-2.082972,50,2013.466059
-2.976391,50,2013.519753
-2.237188,50,2013.571752
-5.406238,50,2013.624079
-5.931316,50,2013.67699
-6.449642,50,2013.724644
-3.040939,50,2013.770365
-5.04356,50,2013.821186
-7.49096,50,2013.867545
-2.898726,50,2013.920883
-6.424082,50,2013.983044
-5.712008,50,2014.029866
-2.377796,50,2021.275568
-4.107282,50,2021.33924
-6.126791,50,2021.405459
-4.088731,50,2021.470552
-3.323935,50,2021.531368
-3.585106,50,2021.575725
-5.019303,50,2021.632205
-3.846844,50,2021.680839
-3.539406,50,2021.745161
-6.516693,50,2021.792742
-4.913312,50,2021.838323
-4.169441,50,2021.883062
-5.308388,50,2021.927403
-6.000905,50,2021.97297
-1.425739,50,2022.024979
-4.026363,50,2022.070934
-2.208309,50,2022.115949
-7.41921,50,2022.163821
-4.271977,50,2022.209867
-2.450676,50,2022.254086
-6.035989,50,2022.312041
-5.439608,50,2022.375391
-4.087247,50,2022.437687
-6.609224,50,2022.487434
-5.772755,50,2022.540518
-2.299341,50,2022.587323
-4.202038,50,2022.631502
-4.082881,50,2022.676484
-4.334325,50,2022.720055
-5.230424,50,2022.766999
-7.638644,50,2022.814809
-0.857741,50,2022.874508
-2.167857,50,2022.926119
-6.706,50,2022.989208
-5.467697,50,2023.040523
-4.053876,50,2023.091955
-7.370908,50,2023.137245
-5.404168,50,2023.181607
-3.654177,50,2023.233699
-7.820072,50,2023.278208
-4.676167,50,2023.328542
-3.750475,50,2030.563006
-8.811917,50,2030.650358
-6.893679,50,2030.7283
-7.810097,50,2030.809693
-1.352718,50,2030.895539
-5.064744,50,2030.954908
-4.116697,50,2031.040039
-6.461367,50,2031.117742
-7.817976,50,2031.186238
-7.486522,50,2031.263173
-3.736517,50,2031.317291
-3.206669,50,2031.390046
-4.486237,50,2031.448587
-8.008855,50,2031.504996
-7.280909,50,2031.5659
-3.186147,50,2031.650471
-2.50437,50,2031.709296
-6.798993,50,2031.781289
-3.090328,50,2031.859267
-4.59717,50,2031.927576
-5.317295,50,2032.001866
-2.729419,50,2032.068361
-4.265212,50,2032.125031
-1.199066,50,2032.175287
-3.926957,50,2032.228091
-5.76648,50,2032.288718
-5.506415,50,2032.341556
-3.601483,50,2032.385238
-1.757896,50,2032.44419
-6.461548,50,2032.498508
-5.372785,50,2032.560721
-7.652939,50,2032.631518
-4.515174,50,2032.693923
-5.587423,50,2032.770525
-5.00645,50,2032.845202
-7.684781,50,2032.924006
-6.822906,50,2032.98188
-5.016905,50,2033.03127
-4.467217,50,2033.087285
-3.262729,50,2033.146541
-3.151597,50,2033.20383
-3.377068,50,2040.353218
-2.681853,50,2040.433822
-6.282399,50,2040.506833
-4.681889,50,2040.574536
-2.853221,50,2040.648299
-6.511705,50,2040.73174
-4.38373,50,2040.812205
-2.88832,50,2040.887444
-6.643322,50,2040.959378
-2.750851,50,2041.020756
-4.028715,50,2041.091921
-5.51725,50,2041.148934
-7.472939,50,2041.196362
-2.847716,50,2041.25286
-6.308154,50,2041.315334
-7.54035,50,2041.376571
-6.731094,50,2041.44484
-4.477839,50,2041.509356
-7.057859,50,2041.589703
-3.588329,50,2041.657722
-2.839766,50,2041.722087
-7.069692,50,2041.779727
-7.126888,50,2041.839133
-2.840709,50,2041.911134
-5.002148,50,2041.977232
-5.868429,50,2042.030658
-2.751506,50,2042.100913
-5.750187,50,2042.16982
-6.827045,50,2042.237779
-5.243232,50,2042.290564
-6.912775,50,2042.344374
-3.204992,50,2042.427505
-2.986455,50,2042.502703
-5.808059,50,2042.576971
-4.662741,50,2042.652763
-3.654366,50,2042.722942
-3.301385,50,2042.800526
-3.783444,50,2042.863894
-5.042462,50,2042.931477
-1.944008,50,2042.978922
-3.270003,50,2043.020618
-4.768839,50,2050.269521
-6.728011,50,2050.343262
-1.69059,50,2050.413636
-1.670384,50,2050.47683
-2.592968,50,2050.539169
-5.500378,50,2050.615642
-5.203111,50,2050.681937
-6.113344,50,2050.747333
-6.34244,50,2050.804408
-3.053835,50,2050.867486
-4.375649,50,2050.931598
-5.149363,50,2050.985557
-5.78258,50,2051.029062
-5.592881,50,2051.092089
-6.146963,50,2051.141859
-5.10017,50,2051.20728
-7.467509,50,2051.277627
-2.48827,50,2051.348684
-6.871145,50,2051.426641
-8.450697,50,2051.491362
-7.152486,50,2051.563135
-4.416598,50,2051.628762
-4.83028,50,2051.715647
-7.717402,50,2051.787334
-6.724766,50,2051.864354
-6.300853,50,2051.932687
-5.423598,50,2051.994483
-1.289248,50,2052.062186
-7.148627,50,2052.115605
-4.807727,50,2052.173868
-5.062873,50,2052.246383
-3.226733,50,2052.308557
-4.346436,50,2052.380639
-8.503636,50,2052.448543
-4.135388,50,2052.521641
-2.201191,50,2052.590337
-3.417764,50,2052.647082
-1.694292,50,2052.722668
-2.899943,50,2052.7954
-6.170684,50,2052.868348
-3.944039,50,2052.929425
-2.940387,50,2060.102077
-3.803835,50,2060.191808
-3.728334,50,2060.275045
-1.468671,50,2060.361402
-3.519932,50,2060.445398
-7.767392,50,2060.528315
-4.276456,50,2060.612486
-2.970405,50,2060.681346
-6.517318,50,2060.763818
-3.935948,50,2060.839963
-1.268924,50,2060.925277
-5.348613,50,2061.00993
-5.148622,50,2061.094927
-3.824118,50,2061.165881
-2.50118,50,2061.23871
-3.256163,50,2061.321582
-4.111542,50,2061.402676
-3.633629,50,2061.470951
-2.935537,50,2061.544224
-4.522893,50,2061.608419
-3.163549,50,2061.680693
-1.984313,50,2061.752182
-6.215349,50,2061.82834
-6.062405,50,2061.88599
-7.20905,50,2061.962504
-5.800726,50,2062.018365
-5.936074,50,2062.094358
-3.612227,50,2062.162177
-3.419821,50,2062.233324
-3.851827,50,2062.305648
-2.111275,50,2062.36737
-2.674235,50,2062.435079
-1.411883,50,2062.513582
-7.116863,50,2062.592685
-7.366279,50,2062.667295
-3.937356,50,2062.73328
-4.523719,50,2062.784431
-2.349103,50,2062.839397
-2.052967,50,2062.899343
-6.964639,50,2062.965148
-3.166937,50,2063.027848
-7.98531,50,2070.111596
-3.559012,50,2070.199811
-1.546485,50,2070.285344
-8.120093,50,2070.361851
-4.160303,50,2070.431515
-8.502706,50,2070.504776
-4.918853,50,2070.58201
-3.255286,50,2070.65599
-5.861836,50,2070.734941
-5.892564,50,2070.815335
-4.412623,50,2070.882581
-3.081633,50,2070.966688
-3.274366,50,2071.031209
-4.657631,50,2071.108447
-3.164201,50,2071.186408
-5.065242,50,2071.271493
-7.649791,50,2071.348076
-2.872904,50,2071.423257
-5.50156,50,2071.485414
-1.973738,50,2071.568534
-4.779663,50,2071.634392
-1.511817,50,2071.721653
-3.198158,50,2071.793609
-4.456137,50,2071.870106
-5.075293,50,2071.941013
-5.841793,50,2072.000444
-4.172922,50,2072.061552
-4.004761,50,2072.127378
-4.507199,50,2072.184925
-5.486319,50,2072.263074
-9.248822,50,2072.337524
-1.901238,50,2072.40159
-6.688366,50,2072.459946
-2.593088,50,2072.519698
-4.723375,50,2072.578654
-1.661723,50,2072.642643
-7.563355,50,2072.705029
-2.793049,50,2072.786234
-5.754349,50,2072.837898
-1.069377,50,2072.88704
-4.675253,50,2072.944059
-5.274205,50,2080.082978
-4.003136,50,2080.150627
-7.194872,50,2080.235478
-4.164197,50,2080.305606
-4.762858,50,2080.390811
-5.077165,50,2080.476176
-1.934934,50,2080.561555
-6.799745,50,2080.646665
-4.361326,50,2080.730689
-2.458915,50,2080.814565
-2.751515,50,2080.900405
-5.413135,50,2080.984463
-3.047261,50,2081.068599
-4.949655,50,2081.152321
-2.544059,50,2081.236384
-6.019033,50,2081.320374
-7.425697,50,2081.404342
-1.612127,50,2081.478472
-3.448745,50,2081.555341
-3.959165,50,2081.620277
-3.688549,50,2081.695125
-2.233237,50,2081.775442
-4.60689,50,2081.86279
-5.427175,50,2081.952273
-1.698286,50,2082.014817
-6.895107,50,2082.084117
-5.140612,50,2082.165648
-7.363309,50,2082.247757
-4.563562,50,2082.33162
-2.484473,50,2082.415827
-4.85184,50,2082.480584
-2.230478,50,2082.548486
-7.788996,50,2082.621934
-6.131123,50,2082.692486
-1.046584,50,2082.742126
-2.801769,50,2082.796504
-5.789956,50,2082.849101
-4.682335,50,2082.908795
-5.214739,50,2082.955947
-6.346196,50,2083.027606
-5.685162,50,2083.089395
-4.160262,50,2090.159184
-4.593117,50,2090.242244
-2.200248,50,2090.325974
-2.996822,50,2090.404612
-8.96573,50,2090.477293
-5.365522,50,2090.536196
-7.456257,50,2090.615285
-2.948041,50,2090.679278
-4.543181,50,2090.754008
-2.658112,50,2090.823173
-5.417951,50,2090.897485
-5.487181,50,2090.974591
-5.403583,50,2091.042859
-2.868583,50,2091.113226
-2.89263,50,2091.191492
-5.06283,50,2091.263328
-4.972217,50,2091.339574
-1.990072,50,2091.407643
-1.896854,50,2091.481308
-4.97395,50,2091.549653
-5.037483,50,2091.619808
-5.545737,50,2091.68821
-4.28699,50,2091.747566
-2.107465,50,2091.82167
-6.248733,50,2091.885667
-6.238308,50,2091.95131
-2.449538,50,2092.012578
-7.142468,50,2092.070099
-4.421456,50,2092.137203
-2.700824,50,2092.218645
-2.504557,50,2092.281681
-8.146755,50,2092.353088
-6.290204,50,2092.427184
-5.079269,50,2092.499536
-4.7399,50,2092.572756
-4.308867,50,2092.648798
-7.160401,50,2092.725144
-4.739869,50,2092.794755
-5.281361,50,2092.873857
-3.819408,50,2092.928078
-4.697971,50,2092.982546
-6.251685,50,2100.041203
-5.706974,50,2100.121222
-6.82351,50,2100.188751
-5.844169,50,2100.27705
-4.958936,50,2100.364472
-5.220301,50,2100.451494
-4.938593,50,2100.531201
-4.312394,50,2100.606456
-4.833264,50,2100.688865
-3.169563,50,2100.750387
-4.121199,50,2100.83933
-2.656456,50,2100.911757
-2.753698,50,2100.992301
-3.721122,50,2101.078358
-3.27844,50,2101.159801
-1.579052,50,2101.227375
-3.585265,50,2101.297398
-4.473037,50,2101.365192
-4.059616,50,2101.446676
-5.938718,50,2101.526735
-3.75407,50,2101.611352
-8.187892,50,2101.683895
-6.010417,50,2101.761741
-5.571356,50,2101.831435
-6.245339,50,2101.894872
-4.195899,50,2101.977299
-2.408495,50,2102.041371
-7.823612,50,2102.119637
-4.948311,50,2102.203
-1.700952,50,2102.280665
-5.544801,50,2102.355148
-5.682697,50,2102.428246
-2.510567,50,2102.49965
-5.612207,50,2102.578341
-5.707373,50,2102.651671
-3.563246,50,2102.731338
-6.858776,50,2102.804464
-5.740243,50,2102.887076
-3.309856,50,2102.959598
-1.592038,50,2103.032901
-5.463389,50,2103.095045
-5.904804,50,2110.157656
-3.445035,50,2110.24306
-5.195129,50,2110.31257
-0.983022,50,2110.368855
-6.508175,50,2110.451373
-2.840486,50,2110.536455
-2.478577,50,2110.616068
-5.528723,50,2110.692429
-4.419313,50,2110.772808
-5.108958,50,2110.854716
-6.068105,50,2110.928892
-7.693765,50,2111.001237
-2.065197,50,2111.076596
-5.396169,50,2111.149616
-6.345988,50,2111.229623
-5.041292,50,2111.300533
-5.775513,50,2111.38208
-2.813385,50,2111.455408
-4.389149,50,2111.54223
-5.018837,50,2111.626699
-4.573634,50,2111.699094
-5.45621,50,2111.762166
-4.072821,50,2111.847276
-2.833331,50,2111.91906
-4.591898,50,2111.992403
-3.729172,50,2112.066586
-2.383079,50,2112.138002
-8.011574,50,2112.21649
-2.765991,50,2112.293392
-5.008087,50,2112.367441
-4.228002,50,2112.446353
-2.790012,50,2112.518301
-4.392632,50,2112.592496
-3.941773,50,2112.657804
-1.889921,50,2112.721144
-5.351592,50,2112.787744
-3.785295,50,2112.858357
-3.565097,50,2112.930875
-3.975864,50,2112.998319
-5.039621,50,2113.06691
-5.889388,50,2113.13904
-3.19909,50,2120.203892
-5.720911,50,2120.28372
-7.784023,50,2120.364037
-6.603283,50,2120.455748
-2.400322,50,2120.529577
-2.943275,50,2120.597335
-5.396724,50,2120.674
-3.815511,50,2120.745953
-3.222328,50,2120.810634
-5.227006,50,2120.881372
-7.126458,50,2120.952571
-3.247077,50,2121.030386
-6.859048,50,2121.0974
-2.02717,50,2121.162824
-8.348153,50,2121.226352
-7.370063,50,2121.296152
-5.356468,50,2121.374363
-5.055418,50,2121.446797
-5.741086,50,2121.520557
-2.765874,50,2121.591638
-4.8339,50,2121.657424
-5.237582,50,2121.734378
-3.029177,50,2121.795236
-4.051892,50,2121.864246
-5.478465,50,2121.947706
-2.854226,50,2122.020174
-7.046525,50,2122.090068
-4.153191,50,2122.156552
-4.442038,50,2122.231881
-6.38081,50,2122.306818
-3.307136,50,2122.373488
-1.160928,50,2122.444347
-3.534213,50,2122.502837
-1.942062,50,2122.577711
-4.556983,50,2122.659992
-4.946942,50,2122.724248
-5.654737,50,2122.793764
-4.993385,50,2122.866166
-6.2375,50,2122.939155
-4.906345,50,2123.014592
-6.54024,50,2123.07238
-2.624935,50,2130.142046
-5.97057,50,2130.216064
-4.543708,50,2130.298361
-5.966314,50,2130.383923
-4.580146,50,2130.460371
-3.139681,50,2130.546682
-3.806962,50,2130.635776
-2.394867,50,2130.715931
-7.6102,50,2130.791554
-4.733734,50,2130.877588
-5.774212,50,2130.949208
-2.543244,50,2131.031405
-5.885129,50,2131.098547
-2.802672,50,2131.179851
-2.808035,50,2131.262681
-4.809989,50,2131.344565
-3.735669,50,2131.427077
-4.799643,50,2131.49137
-4.776188,50,2131.555346
-4.085355,50,2131.635765
-2.461577,50,2131.717364
-6.70008,50,2131.80276
-5.654853,50,2131.88553
-6.023969,50,2131.957477
-5.151495,50,2132.029636
-2.966826,50,2132.099255
-5.008489,50,2132.154505
-2.412627,50,2132.241659
-7.054512,50,2132.322867
-1.860412,50,2132.405568
-4.206707,50,2132.474856
-3.557813,50,2132.551359
-5.583119,50,2132.620649
-5.868505,50,2132.704075
-2.043281,50,2132.779718
-5.298044,50,2132.849412
-6.11801,50,2132.923277
-5.821869,50,2132.992509
-5.008645,50,2133.056311
-5.985349,50,2133.126109
-5.149797,50,2133.20248
-6.329486,50,2140.250626
-3.499459,50,2140.293142
-9.26763,50,2140.374124
-6.726474,50,2140.452123
-6.158973,50,2140.517075
-6.72381,50,2140.595736
-2.867761,50,2140.669291
-5.699513,50,2140.745559
-5.427676,50,2140.82318
-4.068396,50,2140.89571
-5.003607,50,2140.967916
-2.890783,50,2141.024909
-3.238162,50,2141.088259
-5.635754,50,2141.13564
-2.834316,50,2141.202408
-4.124929,50,2141.284907
-5.027144,50,2141.362391
-4.331863,50,2141.428247
-7.675521,50,2141.508668
-5.688502,50,2141.577918
-8.314345,50,2141.649974
-6.582188,50,2141.720298
-3.756303,50,2141.785596
-6.117204,50,2141.852439
-4.813612,50,2141.925165
-2.780139,50,2141.987135
-3.786217,50,2142.03895
-8.812698,50,2142.101947
-4.457828,50,2142.151281
-4.214839,50,2142.217909
-6.603484,50,2142.296398
-4.258524,50,2142.369403
-5.748699,50,2142.438436
-10.246904,50,2142.520494
-6.924438,50,2142.59603
-3.563221,50,2142.661452
-4.500675,50,2142.731613
-7.987975,50,2142.813296
-2.13794,50,2142.893486
-3.940551,50,2142.959568
-3.955699,50,2143.032277
-5.542773,50,2150.094273
-2.379705,50,2150.183887
-3.122433,50,2150.268847
-5.336625,50,2150.354233
-5.778541,50,2150.428391
-9.733909,50,2150.518208
-1.866855,50,2150.603626
-3.220981,50,2150.684021
-6.709682,50,2150.76955
-6.114079,50,2150.854087
-7.452562,50,2150.929763
-5.022087,50,2151.014146
-5.373976,50,2151.089696
-2.11926,50,2151.17157
-2.139851,50,2151.245434
-4.355841,50,2151.322709
-6.659826,50,2151.404728
-6.905599,50,2151.473396
-6.284442,50,2151.515426
-6.590651,50,2151.584191
-8.928362,50,2151.671789
-4.36431,50,2151.755388
-3.080753,50,2151.827968
-4.791459,50,2151.919497
-1.979598,50,2151.985865
-7.038949,50,2152.062004
-4.169408,50,2152.134902
-5.97072,50,2152.209329
-2.848488,50,2152.296285
-2.191748,50,2152.371328
-4.612075,50,2152.453053
-7.731131,50,2152.537693
-2.404527,50,2152.613129
-7.31767,50,2152.679313
-1.342855,50,2152.742467
-5.00786,50,2152.813173
-3.011709,50,2152.87945
-2.398713,50,2152.939592
-6.676111,50,2152.995963
-3.528765,50,2153.067265
-3.098526,50,2153.141842
-3.982577,50,2160.295105
-4.203305,50,2160.378342
-6.212764,50,2160.443901
-3.910066,50,2160.516533
-2.038967,50,2160.571601
-2.855353,50,2160.65003
-4.854441,50,2160.727386
-5.013832,50,2160.789919
-5.31455,50,2160.856391
-6.876264,50,2160.927401
-5.062992,50,2160.99783
-6.610006,50,2161.071753
-2.689357,50,2161.143097
-6.130999,50,2161.202599
-3.405463,50,2161.266022
-4.451958,50,2161.35009
-6.250184,50,2161.433703
-5.965447,50,2161.506268
-1.866603,50,2161.582258
-3.86085,50,2161.654889
-6.437237,50,2161.727842
-5.50936,50,2161.797727
-5.063295,50,2161.882792
-7.04256,50,2161.954682
-1.668523,50,2162.023072
-5.024248,50,2162.103464
-5.021622,50,2162.173252
-6.421317,50,2162.241356
-6.762695,50,2162.309081
-6.997989,50,2162.382175
-5.884267,50,2162.448374
-3.452411,50,2162.516477
-2.654,50,2162.582861
-6.279066,50,2162.652084
-6.817077,50,2162.727398
-3.93529,50,2162.80072
-5.308307,50,2162.877554
-5.414789,50,2162.943201
-4.855062,50,2163.013192
-2.921705,50,2163.070834
-5.058347,50,2163.135607
-5.104263,50,2170.295123
-4.193991,50,2170.384062
-4.802987,50,2170.472277
-4.117642,50,2170.54145
-5.043873,50,2170.61763
-6.133901,50,2170.700772
-2.817743,50,2170.782576
-1.327879,50,2170.864414
-4.696221,50,2170.950119
-3.009299,50,2171.022957
-2.26237,50,2171.091051
-2.770321,50,2171.145821
-3.435692,50,2171.203501
-2.838641,50,2171.265752
-2.606243,50,2171.342853
-4.945986,50,2171.407564
-4.596979,50,2171.463067
-4.960475,50,2171.518038
-5.346332,50,2171.586887
-3.75666,50,2171.651768
-5.669359,50,2171.722266
-3.227587,50,2171.778333
-2.029016,50,2171.83832
-4.036302,50,2171.898379
-3.2189,50,2171.962095
-10.857376,50,2172.024771
-7.12756,50,2172.071887
-9.037373,50,2172.122565
-2.735299,50,2172.186513
-2.991675,50,2172.262896
-6.082809,50,2172.327958
-6.269087,50,2172.396837
-6.741502,50,2172.470455
-7.275291,50,2172.528948
-9.134555,50,2172.590558
-6.989618,50,2172.668578
-3.704576,50,2172.727025
-6.197953,50,2172.775679
-6.512527,50,2172.844453
-6.923355,50,2172.920105
-6.504132,50,2172.989751
-6.845902,50,2180.270662
-2.901705,50,2180.34089
-4.121178,50,2180.421586
-4.894258,50,2180.490908
-2.344833,50,2180.566566
-2.635548,50,2180.635202
-3.427718,50,2180.70348
-8.128017,50,2180.754886
-7.778469,50,2180.806829
-1.842632,50,2180.869638
-6.672165,50,2180.931118
-4.741789,50,2180.982005
-5.428182,50,2181.042224
-4.648471,50,2181.101404
-5.019095,50,2181.172535
-3.885975,50,2181.22839
-7.702821,50,2181.308365
-1.846994,50,2181.383816
-5.512973,50,2181.455241
-1.535548,50,2181.525137
-6.575051,50,2181.598258
-1.9939,50,2181.659568
-4.484172,50,2181.712422
-1.936619,50,2181.761158
-6.241846,50,2181.830247
-3.07346,50,2181.891711
-5.25174,50,2181.949765
-5.384593,50,2182.00499
-5.237138,50,2182.056245
-3.789727,50,2182.118173
-2.967835,50,2182.178909
-6.239594,50,2182.231234
-7.204691,50,2182.291675
-6.282377,50,2182.352756
-4.470902,50,2182.424866
-5.871186,50,2182.50053
-2.123087,50,2182.574314
-8.004097,50,2182.642241
-3.69205,50,2182.714056
-2.173134,50,2182.772397
-1.842241,50,2182.840345
-4.246626,50,2190.067473
-3.597924,50,2190.13847
-3.651755,50,2190.206574
-6.614336,50,2190.273578
-4.864494,50,2190.345093
-4.646212,50,2190.413579
-5.143118,50,2190.477934
-5.221101,50,2190.54895
-7.205244,50,2190.61441
-3.878975,50,2190.663131
-2.212741,50,2190.722072
-1.856493,50,2190.799471
-1.765412,50,2190.85641
-6.88119,50,2190.925141
-3.285868,50,2190.988282
-4.996962,50,2191.049727
-3.85282,50,2191.132457
-6.179008,50,2191.197376
-4.442216,50,2191.265506
-1.922524,50,2191.34119
-3.546505,50,2191.409434
-5.083383,50,2191.481365
-3.875052,50,2191.54434
-2.001598,50,2191.624861
-5.327585,50,2191.690527
-3.335672,50,2191.769571
-5.149875,50,2191.829051
-2.576641,50,2191.90621
-6.051176,50,2191.976538
-3.01205,50,2192.035937
-7.738181,50,2192.117096
-3.745701,50,2192.186218
-2.141597,50,2192.249736
-0.612646,50,2192.323503
-2.021498,50,2192.395673
-3.960687,50,2192.461436
-7.229304,50,2192.511385
-5.990112,50,2192.580564
-1.781318,50,2192.650378
-3.60879,50,2192.70672
-2.331478,50,2192.776387
-5.876706,50,2200.17609
-2.962499,50,2200.243639
-5.71561,50,2200.317041
-4.843533,50,2200.389061
-5.289703,50,2200.465238
-6.613414,50,2200.547583
-4.643862,50,2200.622524
-4.805061,50,2200.682826
-5.456842,50,2200.741899
-4.193331,50,2200.814141
-4.33099,50,2200.881837
-5.82774,50,2200.929985
-2.621338,50,2200.985491
-5.829928,50,2201.068455
-6.290789,50,2201.147475
-2.559238,50,2201.227578
-1.456112,50,2201.309668
-4.687171,50,2201.393227
-7.837321,50,2201.480633
-2.38765,50,2201.561677
-3.603758,50,2201.637085
-4.305119,50,2201.716725
-2.338853,50,2201.797435
-2.560479,50,2201.871559
-2.609486,50,2201.937435
-4.549929,50,2202.009572
-8.280719,50,2202.118351
-4.508892,50,2202.202291
-3.114755,50,2202.29138
-1.927304,50,2202.376749
-7.044389,50,2202.465829
-3.84274,50,2202.548115
-4.668982,50,2202.629806
-5.264487,50,2202.689939
-4.35941,50,2202.734268
-6.379756,50,2202.801028
-6.190215,50,2202.866363
-5.629383,50,2202.930358
-5.790693,50,2202.97452
-6.963897,50,2203.02814
-2.164741,50,2203.078858
-4.680676,50,2210.929348
-7.356745,50,2210.986581
-5.105977,50,2211.040354
-2.727888,50,2211.106875
-3.100004,50,2211.168187
-1.537479,50,2211.213666
-7.088211,50,2211.26986
-3.972033,50,2211.337447
-8.428147,50,2211.394763
-5.856725,50,2211.452802
-2.083068,50,2211.505927
-4.927609,50,2211.569175
-4.313891,50,2211.614759
-3.616658,50,2211.69621
-5.47403,50,2211.813464
-5.245831,50,2211.949889
-5.545542,50,2212.060213
-4.830705,50,2212.14982
-5.355974,50,2212.243359
-7.086579,50,2212.337144
-4.693562,50,2212.430148
-2.403943,50,2212.529294
-3.549814,50,2212.631602
-4.560911,50,2212.753215
-4.921841,50,2212.874292
-5.210568,50,2213.002079
-5.577428,50,2213.116278
-7.902541,50,2213.229505
-5.797762,50,2213.356307
-5.408929,50,2213.479572
-1.586352,50,2213.607185
-4.993567,50,2213.714148
-5.183668,50,2213.839924
-4.310614,50,2213.961811
-1.777378,50,2214.082239
-4.237841,50,2214.19865
-4.59712,50,2214.316647
-4.919236,50,2214.435084
-5.689585,50,2214.566954
-4.675645,50,2214.684087
-3.06054,50,2214.796543
-4.5811,50,2225.762764
-2.80528,50,2225.881709
-3.169038,50,2226.015152
-3.091116,50,2226.131396
-5.748265,50,2226.245956
-5.511228,50,2226.364028
-4.100199,50,2226.477136
-5.213996,50,2226.583929
-2.004578,50,2226.699758
-7.274889,50,2226.812835
-3.400482,50,2226.927391
-3.55424,50,2227.03465
-6.271375,50,2227.147943
-5.288094,50,2227.254919
-4.219293,50,2227.369894
-5.806269,50,2227.497696
-3.005727,50,2227.606984
-3.469564,50,2227.721852
-7.246074,50,2227.836828
-6.295934,50,2227.953543
-5.817564,50,2228.061504
-1.675136,50,2228.175896
-3.101151,50,2228.288773
-4.065127,50,2228.405097
-3.536431,50,2228.526542
-3.985401,50,2228.640192
-6.057492,50,2228.7559
-4.344239,50,2228.861585
-6.0572,50,2228.978797
-4.16082,50,2229.092204
-5.784423,50,2229.199423
-9.967002,50,2229.316648
-7.432317,50,2229.429143
-3.574503,50,2229.546241
-4.670606,50,2229.663402
-6.019502,50,2229.77898
-3.837551,50,2229.886231
-1.943684,50,2230.00088
-4.450376,50,2230.114352
-4.847326,50,2230.232931
-6.115015,50,2230.352663
-5.40256,50,2239.170869
-5.64067,50,2239.248518
-1.142547,50,2239.321009
-1.537771,50,2239.392284
-1.915775,50,2239.463242
-2.273437,50,2239.537319
-2.513843,50,2239.608243
-7.48733,50,2239.68131
-4.244803,50,2239.754371
-4.688274,50,2239.825799
-4.192395,50,2239.901742
-5.803458,50,2239.971056
-5.493159,50,2240.043733
-3.806637,50,2240.113627
-5.368448,50,2240.185225
-4.423064,50,2240.256486
-2.318874,50,2240.327247
-7.64072,50,2240.399304
-7.691733,50,2240.474744
-1.786357,50,2240.551478
-4.236938,50,2240.623467
-4.316819,50,2240.70063
-3.94374,50,2240.776206
-6.494698,50,2240.851954
-3.295687,50,2240.925072
-7.928386,50,2240.999917
-6.938245,50,2241.073673
-4.942738,50,2241.147363
-5.42847,50,2241.222634
-4.845364,50,2241.297699
-5.705236,50,2241.378886
-5.287139,50,2241.452668
-2.727424,50,2241.527423
-3.826912,50,2241.60177
-3.866059,50,2241.673929
-3.575108,50,2241.746266
-4.918444,50,2241.814705
-5.386462,50,2241.88733
-6.905074,50,2241.957384
-4.160893,50,2242.03041
-5.2737,50,2242.10467
-5.016282,50,2250.746778
-1.507681,50,2250.835324
-4.728427,50,2250.910317
-3.548157,50,2250.989006
-2.40665,50,2251.064045
-3.649543,50,2251.144112
-9.529321,50,2251.215372
-2.407223,50,2251.286143
-2.417155,50,2251.36007
-3.157751,50,2251.434057
-3.315981,50,2251.508198
-5.152602,50,2251.580551
-4.793726,50,2251.654119
-1.173717,50,2251.729821
-4.156832,50,2251.803143
-1.677349,50,2251.876192
-1.822114,50,2251.949951
-2.911225,50,2252.017163
-3.380199,50,2252.092742
-2.02656,50,2252.165166
-1.035066,50,2252.237037
-5.577479,50,2252.306801
-4.017349,50,2252.380907
-3.764183,50,2252.456548
-2.546353,50,2252.528899
-4.668802,50,2252.601023
-4.46641,50,2252.674945
-5.034526,50,2252.747226
-5.235266,50,2252.82183
-4.40595,50,2252.895832
-2.907403,50,2252.973405
-8.256983,50,2253.046979
-3.725733,50,2253.121133
-1.218073,50,2253.19317
-2.581536,50,2253.26969
-6.958857,50,2253.338943
-7.311425,50,2253.411283
-2.826927,50,2253.481471
-4.54399,50,2253.553201
-3.800308,50,2253.62479
-4.410496,50,2253.697761
-6.720292,50,2262.549105
-7.512108,50,2262.63134
-4.756896,50,2262.720691
-5.771225,50,2262.795942
-2.910818,50,2262.871441
-5.56021,50,2262.949453
-4.64114,50,2263.029297
-4.668145,50,2263.106244
-7.106749,50,2263.186773
-6.933628,50,2263.258197
-5.338574,50,2263.33445
-5.371045,50,2263.412523
-6.038173,50,2263.497625
-5.383856,50,2263.579441
-4.853022,50,2263.656355
-7.275686,50,2263.736426
-6.586102,50,2263.814496
-6.307188,50,2263.89944
-6.270715,50,2263.975745
-4.368424,50,2264.049635
-6.654561,50,2264.133632
-5.478506,50,2264.210867
-4.321761,50,2264.292605
-4.705417,50,2264.371357
-3.206318,50,2264.45139
-8.984629,50,2264.527135
-3.647701,50,2264.607977
-3.900248,50,2264.701046
-4.627035,50,2264.779023
-3.608972,50,2264.851047
-7.68957,50,2264.92828
-6.425792,50,2265.008716
-3.668235,50,2265.083999
-5.977024,50,2265.158433
-3.403747,50,2265.234383
-7.601896,50,2265.311447
-6.902923,50,2265.390486
-6.373562,50,2265.468208
-5.73142,50,2265.547034
-7.051752,50,2265.623418
-4.915352,50,2273.536856
-5.935156,50,2273.618183
-4.126467,50,2273.685413
-4.896053,50,2273.748842
-3.943592,50,2273.826829
-5.486254,50,2273.898816
-3.104317,50,2273.952668
-3.944614,50,2274.01721
-5.943093,50,2274.096633
-2.310763,50,2274.154457
-5.108627,50,2274.215823
-3.952664,50,2274.276324
-3.116199,50,2274.32452
-4.793426,50,2274.385682
-5.328526,50,2274.438454
-3.871751,50,2274.492662
-3.560837,50,2274.548331
-4.328868,50,2274.621566
-3.870658,50,2274.686906
-5.671217,50,2274.738834
-9.167023,50,2274.801487
-6.537258,50,2274.868628
-4.372934,50,2274.920706
-1.100112,50,2274.969446
-4.19086,50,2275.037272
-5.420632,50,2275.108812
-6.235161,50,2275.194597
-4.508789,50,2275.255553
-4.949186,50,2275.318479
-2.604412,50,2275.384933
-6.809957,50,2275.443227
-2.591395,50,2275.49623
-2.896855,50,2275.556166
-4.144151,50,2275.637606
-3.244178,50,2275.707653
-1.862274,50,2275.765476
-4.076038,50,2275.82638
-5.503487,50,2275.874315
-5.939519,50,2275.942297
-3.927217,50,2276.008417
-4.247981,50,2276.082501
-5.224899,50,2283.581092
-6.032071,50,2283.644793
-2.416842,50,2283.719982
-4.780295,50,2283.803804
-5.911634,50,2283.887879
-7.196815,50,2283.965771
-6.035636,50,2284.0475
-4.149469,50,2284.116887
-2.226716,50,2284.190643
-3.613234,50,2284.255663
-5.738837,50,2284.341121
-3.197807,50,2284.422767
-2.688227,50,2284.499706
-3.999791,50,2284.56103
-5.634717,50,2284.633424
-3.770206,50,2284.705895
-3.669488,50,2284.774595
-4.27207,50,2284.858179
-5.109615,50,2284.932586
-4.149336,50,2285.020096
-5.02537,50,2285.104628
-3.177615,50,2285.18267
-5.078023,50,2285.276751
-4.494657,50,2285.351425
-4.528918,50,2285.433455
-7.806748,50,2285.500818
-1.664785,50,2285.569699
-5.384845,50,2285.650442
-5.239894,50,2285.731846
-3.982944,50,2285.815019
-3.467658,50,2285.901981
-6.584504,50,2285.983373
-7.491134,50,2286.062712
-4.36724,50,2286.149747
-1.409672,50,2286.231986
-4.711037,50,2286.318264
-3.140624,50,2286.391447
-6.220923,50,2286.475702
-2.494025,50,2286.543693
-5.868871,50,2286.615638
-3.664474,50,2286.697396
-6.786193,50,2294.046664
-3.005007,50,2294.13358
-2.9411,50,2294.206622
-5.283242,50,2294.284795
-2.913772,50,2294.349506
-5.208284,50,2294.43097
-7.865639,50,2294.499492
-1.875758,50,2294.568455
-7.416289,50,2294.634596
-3.141088,50,2294.708351
-4.023423,50,2294.792685
-4.605653,50,2294.860033
-5.075905,50,2294.940936
-2.279973,50,2295.026591
-3.046428,50,2295.089003
-3.241954,50,2295.165917
-4.883705,50,2295.235888
-2.375332,50,2295.311537
-7.140994,50,2295.374116
-5.68549,50,2295.455111
-6.506223,50,2295.537444
-6.319999,50,2295.62269
-5.64003,50,2295.702717
-7.412731,50,2295.770391
-5.353787,50,2295.854533
-5.568103,50,2295.923048
-5.782145,50,2295.982074
-5.993242,50,2296.049972
-1.451521,50,2296.13743
-3.430406,50,2296.223288
-4.739545,50,2296.297189
-4.951688,50,2296.365404
-5.470598,50,2296.444859
-5.086312,50,2296.525012
-6.539088,50,2296.598595
-4.38951,50,2296.672613
-4.001974,50,2296.732704
-2.500573,50,2296.805218
-5.048392,50,2296.868244
-5.106216,50,2296.948802
-4.622336,50,2297.023494
-5.82804,50,2304.091673
-2.508848,50,2304.180539
-5.018751,50,2304.263107
-3.24009,50,2304.338605
-4.653093,50,2304.413732
-6.26344,50,2304.483678
-6.669658,50,2304.562317
-5.43314,50,2304.651171
-7.489333,50,2304.723746
-5.982225,50,2304.79178
-6.672786,50,2304.875861
-4.521832,50,2304.948789
-4.779667,50,2305.019102
-4.592292,50,2305.068181
-5.49324,50,2305.143378
-4.817797,50,2305.211596
-5.81894,50,2305.280465
-2.988464,50,2305.350021
-4.475172,50,2305.422065
-4.305403,50,2305.500792
-7.220548,50,2305.572561
-3.627727,50,2305.643776
-4.827487,50,2305.690956
-5.632453,50,2305.756662
-2.043315,50,2305.832677
-2.063713,50,2305.892843
-5.196882,50,2305.962392
-1.835037,50,2306.026515
-2.095498,50,2306.082959
-4.895147,50,2306.159556
-4.320573,50,2306.223402
-3.298039,50,2306.279515
-5.912471,50,2306.343131
-5.0031,50,2306.417227
-3.429509,50,2306.49164
-4.862219,50,2306.558587
-2.004674,50,2306.636619
-5.473024,50,2306.716152
-4.593002,50,2306.79185
-2.983338,50,2306.860166
-5.463761,50,2306.933747
-2.649601,50,2313.982907
-7.67501,50,2314.067437
-1.753056,50,2314.150633
-6.449993,50,2314.236538
-3.841183,50,2314.310628
-6.56545,50,2314.394611
-3.722221,50,2314.467518
-5.271966,50,2314.543805
-3.061041,50,2314.608413
-2.691561,50,2314.6825
-1.962365,50,2314.751582
-3.46332,50,2314.824427
-7.761489,50,2314.873707
-3.659215,50,2314.930845
-3.074305,50,2314.992637
-2.712692,50,2315.069204
-2.343661,50,2315.140522
-1.845579,50,2315.215254
-4.946513,50,2315.288426
-4.31677,50,2315.365387
-3.936231,50,2315.441443
-7.324567,50,2315.509328
-2.239102,50,2315.576173
-2.896877,50,2315.647166
-3.213524,50,2315.69577
-5.41878,50,2315.757398
-3.908952,50,2315.830273
-5.444423,50,2315.895219
-7.270792,50,2315.945724
-6.754043,50,2316.024594
-5.750458,50,2316.100418
-7.547706,50,2316.17596
-2.609995,50,2316.243958
-5.642694,50,2316.326981
-3.337669,50,2316.414477
-7.176132,50,2316.485451
-5.076876,50,2316.541351
-3.819725,50,2316.624005
-3.510695,50,2316.691193
-5.391867,50,2316.771561
-6.046935,50,2316.847593
-5.925495,50,2323.927422
-1.41975,50,2324.014631
-2.666386,50,2324.104393
-2.895872,50,2324.189951
-4.660251,50,2324.274114
-2.317267,50,2324.358497
-1.570621,50,2324.443668
-3.720584,50,2324.526567
-0.926867,50,2324.611532
-5.832835,50,2324.695809
-5.428174,50,2324.776629
-5.106874,50,2324.859923
-4.355842,50,2324.937161
-5.220768,50,2325.016453
-5.440884,50,2325.100599
-6.76783,50,2325.186395
-4.772985,50,2325.256936
-4.975904,50,2325.333345
-6.178113,50,2325.410195
-5.465745,50,2325.470721
-4.813048,50,2325.54036
-4.949246,50,2325.626092
-5.227018,50,2325.711539
-3.689186,50,2325.799267
-2.539428,50,2325.877325
-6.493479,50,2325.962827
-3.565269,50,2326.048192
-3.614404,50,2326.130095
-4.055821,50,2326.215712
-0.852386,50,2326.30041
-10.47277,50,2326.381509
-5.711307,50,2326.454587
-4.805564,50,2326.519238
-6.749111,50,2326.586431
-5.006965,50,2326.659643
-5.394325,50,2326.717408
-5.210758,50,2326.764477
-5.063425,50,2326.807073
-3.681109,50,2326.863999
-2.852368,50,2326.91088
-1.832917,50,2326.982865
-6.110154,50,2334.052892
-4.718617,50,2334.141263
-6.170136,50,2334.225724
-2.163373,50,2334.312954
-3.122161,50,2334.385476
-3.992153,50,2334.458699
-2.163665,50,2334.531873
-5.860058,50,2334.598531
-3.23482,50,2334.662554
-5.508492,50,2334.72707
-3.319129,50,2334.791489
-3.646262,50,2334.857612
-5.180505,50,2334.924327
-4.232027,50,2334.992089
-1.977884,50,2335.060856
-1.706148,50,2335.136946
-5.797213,50,2335.196592
-5.446904,50,2335.261617
-4.623366,50,2335.34832
-2.081516,50,2335.42328
-7.613119,50,2335.493541
-2.909065,50,2335.56636
-7.62094,50,2335.629215
-2.52017,50,2335.716121
-2.718469,50,2335.790152
-6.100448,50,2335.85714
-5.941152,50,2335.92644
-7.513943,50,2335.971046
-3.432791,50,2336.029004
-8.890754,50,2336.107047
-7.115967,50,2336.175548
-4.68683,50,2336.244957
-6.822007,50,2336.310108
-6.311943,50,2336.379055
-5.169068,50,2336.447416
-1.817001,50,2336.520547
-2.139778,50,2336.582475
-2.436524,50,2336.66454
-6.578942,50,2336.728179
-3.700954,50,2336.80643
-5.622807,50,2336.875807
-4.759227,50,2343.961786
-6.912462,50,2344.049407
-5.172027,50,2344.119962
-3.827672,50,2344.190283
-2.076386,50,2344.263709
-2.878941,50,2344.326705
-4.415634,50,2344.413398
-3.389451,50,2344.484546
-3.179092,50,2344.55837
-4.305355,50,2344.621546
-4.966573,50,2344.69935
-6.367503,50,2344.779416
-6.993682,50,2344.856815
-2.554297,50,2344.935732
-3.628792,50,2345.004578
-2.354194,50,2345.070457
-5.128127,50,2345.144088
-2.733461,50,2345.209633
-6.434969,50,2345.279944
-4.713342,50,2345.353269
-7.538694,50,2345.428838
-2.444387,50,2345.502036
-4.488223,50,2345.583156
-4.681643,50,2345.657438
-4.131468,50,2345.726785
-6.335693,50,2345.797385
-1.714042,50,2345.872383
-6.5406,50,2345.92195
-4.461079,50,2345.979354
-4.927206,50,2346.047496
-6.415456,50,2346.12207
-3.99032,50,2346.194681
-6.87057,50,2346.267487
-5.226546,50,2346.341847
-3.969738,50,2346.420722
-3.269641,50,2346.487054
-6.505177,50,2346.565459
-6.684866,50,2346.62929
-4.251686,50,2346.681038
-3.584906,50,2346.73385
-9.263269,50,2346.803565
-4.728046,50,2353.914765
-6.01614,50,2353.987673
-7.008784,50,2354.061735
-6.166225,50,2354.127686
-6.940872,50,2354.197789
-4.622293,50,2354.274589
-5.465634,50,2354.339268
-4.586344,50,2354.408252
-4.083749,50,2354.467294
-2.483286,50,2354.525632
-5.350287,50,2354.584467
-1.394863,50,2354.657732
-2.492648,50,2354.724147
-2.613911,50,2354.782736
-1.728404,50,2354.8389
-5.708608,50,2354.908469
-1.403588,50,2354.996384
-7.4421,50,2355.08331
-5.262032,50,2355.163962
-3.469702,50,2355.23942
-2.404243,50,2355.312104
-6.638242,50,2355.384805
-4.285814,50,2355.455146
-5.052164,50,2355.511126
-4.226064,50,2355.564847
-4.789864,50,2355.644261
-3.694643,50,2355.723322
-6.11899,50,2355.796831
-3.889376,50,2355.875111
-2.770426,50,2355.944226
-4.865213,50,2356.014384
-7.634817,50,2356.08231
-5.869769,50,2356.16037
-5.537003,50,2356.24262
-3.530415,50,2356.319039
-3.332566,50,2356.378311
-3.644172,50,2356.429783
-4.71365,50,2356.517438
-2.119554,50,2356.596617
-5.57098,50,2356.658691
-4.644953,50,2356.727658
-5.20262,50,2363.984511
-3.349777,50,2364.057581
-2.684129,50,2364.121052
-1.957371,50,2364.194013
-5.625179,50,2364.262071
-5.747034,50,2364.328111
-5.588128,50,2364.396088
-1.791406,50,2364.460848
-5.127826,50,2364.529551
-5.943305,50,2364.59061
-3.912863,50,2364.641384
-4.342566,50,2364.708397
-4.052043,50,2364.776006
-4.517541,50,2364.834265
-7.143476,50,2364.889605
-2.737093,50,2364.958806
-4.342944,50,2365.04034
-4.729083,50,2365.114789
-4.060693,50,2365.188534
-2.473423,50,2365.262304
-6.505396,50,2365.342252
-4.014694,50,2365.422186
-5.564393,50,2365.505627
-5.425262,50,2365.591322
-4.490329,50,2365.670618
-2.974646,50,2365.752216
-5.102686,50,2365.820878
-6.15996,50,2365.887318
-3.432892,50,2365.961093
-5.089191,50,2366.039316
-3.402868,50,2366.112401
-4.491671,50,2366.173376
-2.435153,50,2366.247057
-4.407181,50,2366.315696
-1.979197,50,2366.384815
-4.965735,50,2366.449571
-3.56513,50,2366.518784
-4.904837,50,2366.597225
-3.36908,50,2366.658044
-4.7821,50,2366.746192
-5.075687,50,2366.817355
-2.721554,50,2374.090815
-4.066788,50,2374.162944
-4.576909,50,2374.238389
-2.843769,50,2374.312142
-3.854331,50,2374.388762
-8.334338,50,2374.47617
-5.760439,50,2374.561554
-3.72897,50,2374.639539
-5.593509,50,2374.753125
-2.471929,50,2374.838225
-5.019128,50,2374.921753
-6.077465,50,2374.995647
-5.807916,50,2375.078765
-5.578946,50,2375.156166
-5.304585,50,2375.233746
-3.801797,50,2375.316451
-2.021923,50,2375.392372
-4.138711,50,2375.504737
-4.161931,50,2375.58821
-7.825721,50,2375.67116
-4.857135,50,2375.761518
-5.369423,50,2375.846468
-5.553686,50,2375.924835
-4.109686,50,2376.001956
-1.541696,50,2376.092316
-6.348012,50,2376.169376
-4.439278,50,2376.245391
-6.174696,50,2376.315579
-5.637664,50,2376.372126
-5.387132,50,2376.43252
-6.855051,50,2376.505919
-4.362456,50,2376.56152
-6.401196,50,2376.634551
-2.581833,50,2376.693316
-5.580678,50,2376.742585
-4.621524,50,2376.79712
-6.107626,50,2376.856408
-5.785832,50,2376.902594
-5.407104,50,2376.953476
-3.413281,50,2377.003268
-2.061864,50,2377.054465
-4.886902,50,2384.86943
-3.956134,50,2384.949132
-4.755577,50,2385.001405
-4.131375,50,2385.050088
-7.003001,50,2385.104655
-5.431681,50,2385.208497
-4.504007,50,2385.331014
-3.207544,50,2385.424677
-5.284698,50,2385.521508
-6.800551,50,2385.609241
-3.333024,50,2385.714229
-5.49392,50,2385.817975
-5.887669,50,2385.906838
-5.901824,50,2385.998425
-7.228933,50,2386.109264
-5.625668,50,2386.229504
-5.075485,50,2386.353123
-5.071246,50,2386.484913
-4.921211,50,2386.605747
-6.305167,50,2386.722883
-4.077581,50,2386.848162
-2.463456,50,2386.969929
-1.614836,50,2387.088748
-4.091638,50,2387.211683
-2.219943,50,2387.337613
-3.783846,50,2387.45787
-6.225093,50,2387.570333
-4.160235,50,2387.687465
-6.258829,50,2387.804969
-2.682409,50,2387.938586
-3.875502,50,2388.053921
-6.873779,50,2388.162843
-3.38888,50,2388.277173
-3.88531,50,2388.391009
-8.04271,50,2388.506763
-6.352695,50,2388.613556
-1.893601,50,2388.728487
-7.421609,50,2388.846168
-5.613536,50,2388.960729
-3.187568,50,2389.077295
-6.272172,50,2389.193636
-3.389743,50,2397.695017
-5.40769,50,2397.76583
-3.460089,50,2397.811973
-4.815062,50,2397.858834
-4.55686,50,2397.906163
-1.906124,50,2397.95189
-4.643272,50,2397.997993
-4.487873,50,2398.053096
-5.476171,50,2398.106858
-4.601752,50,2398.154213
-5.015084,50,2398.198752
-5.384858,50,2398.24397
-6.974726,50,2398.28945
-9.644855,50,2398.333158
-3.08014,50,2398.377737
-3.497078,50,2398.422521
-7.7658,50,2398.46769
-6.61469,50,2398.511902
-4.092035,50,2398.557526
-5.132762,50,2398.602788
-4.825526,50,2398.648794
-4.344499,50,2398.694186
-6.277044,50,2398.738678
-5.755331,50,2398.802449
-2.235962,50,2398.847514
-2.463065,50,2398.892478
-4.518695,50,2398.938364
-5.368419,50,2398.982841
-1.253307,50,2399.036592
-4.483723,50,2399.083254
-5.501786,50,2399.139749
-2.744603,50,2399.186182
-6.479466,50,2399.230571
-6.713257,50,2399.274211
-4.1134,50,2399.327754
-4.513947,50,2399.402388
-5.086115,50,2399.449241
-3.504306,50,2399.503995
-3.450946,50,2399.555236
-4.949877,50,2399.600191
-6.477491,50,2399.646998
-2.846561,50,2406.8182
-4.697615,50,2406.886291
-5.92191,50,2406.944902
-2.339814,50,2407.008303
-4.735662,50,2407.072217
-4.561704,50,2407.143353
-12.009645,50,2407.186724
-12.802984,50,2407.232587
-13.181371,50,2407.278836
-2.204299,50,2407.324862
-5.649463,50,2407.369276
-1.794581,50,2407.414882
-1.766505,50,2407.460949
-4.295879,50,2407.507224
-3.359281,50,2407.552709
-11.429441,50,2407.597237
-1.908246,50,2407.641431
-4.286189,50,2407.685449
-7.505649,50,2407.731758
-3.341144,50,2407.782768
-4.473615,50,2407.844587
-4.511765,50,2407.898074
-5.302136,50,2407.960719
-3.958845,50,2408.011656
-2.856443,50,2408.061428
-6.87245,50,2408.110753
-6.265454,50,2408.161846
-3.245646,50,2408.209647
-6.312007,50,2408.261086
-2.497465,50,2408.314353
-6.128172,50,2408.364312
-6.42381,50,2408.415582
-3.92227,50,2408.465863
-4.866163,50,2408.513829
-7.230007,50,2408.573615
-5.67505,50,2408.618776
-3.658709,50,2408.663948
-10.742012,50,2408.711238
-4.190643,50,2408.756603
-8.393083,50,2408.802528
-6.056692,50,2408.848047
-1.876957,50,2416.005385
-3.097905,50,2416.074673
-2.8242,50,2416.138464
-2.681924,50,2416.211369
-9.540931,50,2416.292419
-5.544286,50,2416.362027
-5.069704,50,2416.409215
-4.928257,50,2416.453492
-5.797085,50,2416.49928
-4.205999,50,2416.543214
-4.125677,50,2416.587018
-5.738388,50,2416.630684
-3.267167,50,2416.674544
-4.164478,50,2416.718461
-6.500236,50,2416.763033
-1.940855,50,2416.80693
-4.342025,50,2416.850721
-1.382306,50,2416.895665
-10.103666,50,2416.940145
-5.317622,50,2417.001598
-3.372606,50,2417.068608
-4.833613,50,2417.123875
-5.748558,50,2417.196829
-5.787024,50,2417.261758
-2.270404,50,2417.332687
-2.789049,50,2417.383849
-2.886694,50,2417.434521
-4.68416,50,2417.479548
-4.279818,50,2417.525192
-1.674329,50,2417.570595
-7.245842,50,2417.615649
-2.536289,50,2417.658581
-5.217651,50,2417.701804
-4.919634,50,2417.752016
-3.430153,50,2417.795977
-4.525019,50,2417.83999
-3.707806,50,2417.883653
-4.938009,50,2417.927728
-2.380187,50,2417.986269
-3.09237,50,2418.052134
-4.04898,50,2418.116359
-3.690058,50,2425.259307
-3.834667,50,2425.322601
-4.575787,50,2425.396518
-6.515479,50,2425.47451
-5.448283,50,2425.535751
-7.195121,50,2425.60042
-4.861816,50,2425.658194
-4.098394,50,2425.737128
-5.575881,50,2425.809551
-4.868764,50,2425.887994
-4.00374,50,2425.941624
-4.808087,50,2426.002681
-5.102055,50,2426.074366
-5.706915,50,2426.119104
-3.149671,50,2426.17578
-2.790829,50,2426.232316
-7.441236,50,2426.29409
-4.423289,50,2426.366773
-3.201236,50,2426.423282
-8.238426,50,2426.486515
-7.793533,50,2426.557552
-5.696269,50,2426.610024
-3.557265,50,2426.657596
-5.24731,50,2426.702513
-6.736944,50,2426.7456
-4.807447,50,2426.791745
-7.484755,50,2426.836983
-2.422694,50,2426.882839
-5.014034,50,2426.927408
-2.99982,50,2426.992405
-4.473832,50,2427.043835
-10.20255,50,2427.087
-3.616178,50,2427.132527
-9.163801,50,2427.175814
-3.424329,50,2427.228632
-3.518667,50,2427.296575
-5.378089,50,2427.362008
-4.826013,50,2427.417958
-5.613523,50,2427.470633
-5.007675,50,2427.516292
-4.344805,50,2427.563817
-3.579222,50,2434.713388
-2.577148,50,2434.79594
-3.904561,50,2434.866628
-5.456267,50,2434.918843
-3.492528,50,2434.963565
-5.052838,50,2435.030303
-5.180966,50,2435.076275
-7.94103,50,2435.132427
-2.711524,50,2435.180273
-2.754451,50,2435.236739
-2.761091,50,2435.282402
-4.001751,50,2435.326164
-7.465884,50,2435.370714
-3.200096,50,2435.413895
-4.746814,50,2435.458467
-5.263362,50,2435.502325
-5.538881,50,2435.545814
-4.166436,50,2435.589359
-6.829359,50,2435.632674
-4.552801,50,2435.684468
-6.817352,50,2435.740495
-5.988067,50,2435.787206
-3.272433,50,2435.831788
-1.656033,50,2435.893242
-4.130315,50,2435.941464
-2.165142,50,2435.99044
-2.925777,50,2436.049843
-5.021741,50,2436.094342
-5.510859,50,2436.153146
-3.886891,50,2436.198073
-5.823937,50,2436.247265
-2.438532,50,2436.307691
-4.974539,50,2436.350982
-5.326738,50,2436.402827
-3.196735,50,2436.447014
-4.351775,50,2436.494663
-10.337675,50,2436.540074
-5.538713,50,2436.585303
-1.022728,50,2436.630304
-3.887594,50,2436.675358
-6.599962,50,2436.733968
-2.041168,50,2443.91519
-5.276555,50,2443.992437
-4.395213,50,2444.055304
-4.208893,50,2444.138235
-4.11826,50,2444.18592
-3.367684,50,2444.237124
-5.652967,50,2444.291256
-4.949512,50,2444.342549
-2.576929,50,2444.387545
-4.30511,50,2444.441811
-6.63568,50,2444.488037
-4.609752,50,2444.536176
-5.501512,50,2444.580679
-5.768443,50,2444.626744
-1.212255,50,2444.671613
-6.004624,50,2444.723316
-1.581945,50,2444.769191
-5.971286,50,2444.812737
-5.016168,50,2444.85965
-4.397562,50,2444.933988
-6.205888,50,2444.996332
-5.243574,50,2445.062094
-3.968282,50,2445.122494
-5.922918,50,2445.17869
-3.746996,50,2445.23701
-6.307834,50,2445.280493
-5.689263,50,2445.324151
-4.847404,50,2445.367624
-2.14378,50,2445.411302
-4.562379,50,2445.455332
-4.006339,50,2445.49972
-3.773277,50,2445.544233
-6.045044,50,2445.588436
-5.980044,50,2445.635239
-5.905592,50,2445.679868
-4.611324,50,2445.723032
-2.636252,50,2445.766036
-5.089254,50,2445.810347
-3.609059,50,2445.855049
-7.63274,50,2445.903493
-2.414341,50,2445.97615
-1.654075,50,2453.245802
-5.75509,50,2453.333165
-3.255352,50,2453.420846
-9.174331,50,2453.504506
-2.225713,50,2453.579563
-4.05035,50,2453.656112
-8.394698,50,2453.728731
-2.803774,50,2453.81092
-5.671897,50,2453.870621
-1.374468,50,2453.950417
-4.360811,50,2454.00501
-6.173215,50,2454.049574
-4.407823,50,2454.104235
-2.606498,50,2454.180913
-4.160097,50,2454.268508
-9.275237,50,2454.359859
-6.381365,50,2454.441252
-8.769508,50,2454.516861
-4.751365,50,2454.5865
-6.173521,50,2454.667829
-1.598316,50,2454.740418
-8.207802,50,2454.821393
-5.396414,50,2454.888396
-5.279413,50,2454.965046
-4.164278,50,2455.048295
-5.336925,50,2455.125668
-5.859238,50,2455.19266
-2.888947,50,2455.271434
-4.720351,50,2455.337249
-5.260555,50,2455.413539
-5.826968,50,2455.488865
-4.436878,50,2455.563674
-6.211409,50,2455.635462
-11.327792,50,2455.697162
-6.243589,50,2455.754327
-7.156643,50,2455.830064
-4.588901,50,2455.900905
-3.099905,50,2455.966143
-2.402009,50,2456.041504
-5.428681,50,2456.114151
-7.967673,50,2456.165202
-5.49209,50,2463.284561
-9.037409,50,2463.37295
-5.84283,50,2463.44543
-3.946247,50,2463.517922
-4.741983,50,2463.590662
-4.350869,50,2463.666669
-4.552413,50,2463.713587
-5.067721,50,2463.76038
-4.02909,50,2463.819147
-5.733542,50,2463.867436
-5.538978,50,2463.914901
-5.865057,50,2463.962491
-3.94654,50,2464.010395
-5.918268,50,2464.067081
-12.17746,50,2464.12276
-3.031022,50,2464.193222
-4.207418,50,2464.251808
-3.322285,50,2464.325671
-5.764942,50,2464.391811
-4.304713,50,2464.456878
-1.334921,50,2464.523727
-4.881999,50,2464.588955
-3.758349,50,2464.659991
-4.454784,50,2464.721751
-2.926586,50,2464.78907
-4.136288,50,2464.864567
-2.623083,50,2464.921625
-3.994116,50,2464.979329
-10.943291,50,2465.039166
-5.673585,50,2465.093898
-5.273579,50,2465.150854
-4.799897,50,2465.21686
-4.506614,50,2465.28508
-3.858702,50,2465.344569
-4.023595,50,2465.402322
-5.559908,50,2465.461037
-4.30425,50,2465.526405
-6.645178,50,2465.591159
-4.409203,50,2465.655115
-7.803293,50,2465.719649
-6.547584,50,2465.779696
-3.185989,50,2472.881953
-5.636252,50,2472.951539
-5.501828,50,2473.031264
-3.21494,50,2473.109783
-4.076826,50,2473.176291
-5.520023,50,2473.251661
-4.99541,50,2473.322773
-5.772737,50,2473.402816
-3.408546,50,2473.481082
-5.165178,50,2473.537367
-5.32843,50,2473.617658
-5.12347,50,2473.691139
-5.800309,50,2473.743278
-4.045434,50,2473.817377
-2.959897,50,2473.876709
-2.892393,50,2473.945589
-1.72701,50,2474.035517
-6.177023,50,2474.100845
-4.777594,50,2474.147935
-4.504532,50,2474.212389
-4.020191,50,2474.269721
-4.917983,50,2474.325492
-5.73055,50,2474.376205
-4.511969,50,2474.448014
-4.831601,50,2474.501471
-4.675424,50,2474.557381
-5.759117,50,2474.620924
-5.738723,50,2474.67091
-3.967271,50,2474.73236
-4.627249,50,2474.795088
-5.8983,50,2474.868319
-5.080076,50,2474.948601
-4.466445,50,2475.023588
-5.624349,50,2475.093156
-3.493868,50,2475.158546
-6.260785,50,2475.226428
-5.566061,50,2475.288915
-4.021347,50,2475.35002
-6.168634,50,2475.406733
-3.626906,50,2475.458814
-6.18654,50,2475.523861
-6.949758,50,2482.636402
-1.510092,50,2482.707237
-4.422045,50,2482.772615
-3.856156,50,2482.822497
-6.498154,50,2482.872451
-6.53962,50,2482.919019
-4.409447,50,2482.986505
-3.77385,50,2483.049426
-3.536165,50,2483.11752
-8.971451,50,2483.173331
-4.056416,50,2483.23164
-2.50881,50,2483.290166
-6.353767,50,2483.335539
-4.55918,50,2483.380183
-6.913211,50,2483.424937
-4.615509,50,2483.4772
-3.327886,50,2483.522162
-4.845939,50,2483.566025
-5.867686,50,2483.626803
-6.173823,50,2483.698627
-5.040211,50,2483.777201
-5.327373,50,2483.871508
-4.064045,50,2483.942182
-3.611854,50,2484.013809
-3.807171,50,2484.072748
-3.769856,50,2484.13116
-4.944846,50,2484.192058
-1.720482,50,2484.251278
-5.873447,50,2484.316536
-5.316878,50,2484.381167
-10.061262,50,2484.451584
-2.971223,50,2484.50995
-7.602036,50,2484.568798
-4.569535,50,2484.640475
-2.292326,50,2484.719275
-9.544009,50,2484.786015
-5.726968,50,2484.84698
-5.774084,50,2484.914792
-4.21752,50,2484.974831
-5.682426,50,2485.02679
-5.656506,50,2485.080235
-4.607982,50,2492.301775
-8.658244,50,2492.383159
-10.732621,50,2492.469217
-3.405607,50,2492.538468
-4.889734,50,2492.625052
-3.336004,50,2492.731517
-6.809957,50,2492.808917
-6.368177,50,2492.897875
-4.308785,50,2492.982843
-5.290646,50,2493.060524
-3.578883,50,2493.126378
-3.650644,50,2493.184837
-4.30367,50,2493.271598
-3.169094,50,2493.34411
-2.431108,50,2493.459811
-4.507119,50,2493.539586
-3.824095,50,2493.624588
-5.883168,50,2493.718543
-1.463984,50,2493.791469
-4.41449,50,2493.861459
-1.801595,50,2493.93592
-3.096106,50,2494.006235
-6.245833,50,2494.055382
-4.767847,50,2494.114573
-6.160685,50,2494.170155
-5.726442,50,2494.218913
-3.414782,50,2494.293752
-3.148727,50,2494.361856
-4.976231,50,2494.433323
-3.59336,50,2494.506156
-5.691256,50,2494.572216
-6.31724,50,2494.625336
-2.822375,50,2494.687143
-5.417465,50,2494.735672
-4.749393,50,2494.790049
-1.60385,50,2494.837682
-7.442062,50,2494.888349
-2.678524,50,2494.943315
-6.40746,50,2494.995905
-6.700574,50,2495.048555
-4.951397,50,2495.096866
-5.716683,50,2502.920002
-6.319911,50,2502.983749
-3.986917,50,2503.02915
-5.060567,50,2503.086557
-3.561418,50,2503.15386
-7.442413,50,2503.208306
-5.88796,50,2503.252254
-4.691163,50,2503.345922
-6.63733,50,2503.44379
-2.669721,50,2503.557504
-6.409035,50,2503.655368
-4.166116,50,2503.747565
-4.781311,50,2503.847573
-7.459835,50,2503.949638
-6.417784,50,2504.048991
-3.829941,50,2504.150204
-4.859122,50,2504.251503
-6.198724,50,2504.371612
-5.765677,50,2504.501426
-6.905648,50,2504.631495
-2.965496,50,2504.754999
-5.050093,50,2504.881785
-4.218032,50,2504.996567
-6.758733,50,2505.11545
-2.534616,50,2505.237379
-1.467085,50,2505.35337
-5.30314,50,2505.474672
-7.741925,50,2505.601962
-4.270246,50,2505.723563
-5.459726,50,2505.83755
-4.331636,50,2505.969379
-5.891783,50,2506.086938
-2.60288,50,2506.204764
-2.166139,50,2506.31146
-8.882918,50,2506.429698
-5.055991,50,2506.548154
-4.552976,50,2506.662286
-1.988345,50,2506.775132
-5.174388,50,2506.882468
-2.210821,50,2506.993693
-9.591808,50,2507.108958
-5.245026,50,2518.120348
-4.612327,50,2518.248916
-4.065899,50,2518.358717
-4.75395,50,2518.47212
-2.004058,50,2518.58898
-4.26846,50,2518.7028
-5.366449,50,2518.81839
-3.092525,50,2518.927254
-3.680353,50,2519.043783
-5.485779,50,2519.161239
-5.29902,50,2519.276178
-3.714684,50,2519.391073
-6.060602,50,2519.505233
-4.102354,50,2519.613879
-4.55389,50,2519.731064
-4.971692,50,2519.846089
-3.124381,50,2519.967293
-1.85305,50,2520.082062
-4.468834,50,2520.196266
-3.956009,50,2520.315975
-5.115072,50,2520.430215
-3.614252,50,2520.550193
-6.805199,50,2520.664246
-5.609653,50,2520.777388
-5.926156,50,2520.884196
-4.951545,50,2520.998073
-3.807784,50,2521.105234
-5.683348,50,2521.219752
-4.207799,50,2521.334463
-4.576002,50,2521.448742
-4.586218,50,2521.565675
-7.484373,50,2521.682247
-4.068454,50,2521.790919
-5.234313,50,2521.904895
-2.398302,50,2522.01984
-2.689253,50,2522.126048
-4.683492,50,2522.243032
-3.33213,50,2522.356737
-5.953183,50,2522.472497
-3.982581,50,2522.589008
-6.717388,50,2531.224445
-3.281853,50,2531.324932
-5.318836,50,2531.414576
-2.362454,50,2531.497172
-2.854857,50,2531.566442
-4.886503,50,2531.637084
-6.035061,50,2531.708183
-5.375435,50,2531.780463
-4.904575,50,2531.850748
-3.914657,50,2531.921606
-5.093488,50,2531.992902
-2.421422,50,2532.064403
-3.370666,50,2532.137951
-4.247228,50,2532.209195
-3.435885,50,2532.280426
-4.19338,50,2532.357054
-5.595054,50,2532.43291
-3.798815,50,2532.503808
-4.926981,50,2532.578246
-3.566876,50,2532.654316
-4.348346,50,2532.730481
-3.259241,50,2532.802595
-7.864413,50,2532.875926
-6.010697,50,2532.946953
-2.641124,50,2533.018374
-5.537417,50,2533.09055
-5.247394,50,2533.16415
-6.334939,50,2533.238128
-3.129647,50,2533.312047
-5.694997,50,2533.384004
-6.206661,50,2533.457792
-4.049076,50,2533.530286
-5.225171,50,2533.597712
-2.185185,50,2533.675701
-5.078147,50,2533.748622
-2.779362,50,2533.817435
-2.457594,50,2533.888099
-3.772326,50,2533.96241
-3.428814,50,2534.046272
-3.888084,50,2534.121559
-5.812863,50,2534.19454
-3.219037,50,2542.785661
-7.460829,50,2542.883646
-5.109332,50,2542.970452
-4.258481,50,2543.044193
-3.315556,50,2543.115215
-3.449189,50,2543.186651
-2.09973,50,2543.25672
-5.270475,50,2543.329792
-6.090348,50,2543.404371
-8.236295,50,2543.477997
-3.858735,50,2543.55096
-4.198019,50,2543.626449
-3.96966,50,2543.699587
-4.486872,50,2543.772254
-5.491458,50,2543.845509
-4.980403,50,2543.92206
-7.185841,50,2543.995358
-2.387956,50,2544.069961
-3.974778,50,2544.141974
-5.701911,50,2544.21534
-2.164656,50,2544.282929
-4.878674,50,2544.36245
-2.95543,50,2544.436936
-4.501059,50,2544.512587
-5.927707,50,2544.581386
-2.542371,50,2544.659925
-5.079496,50,2544.731493
-1.934817,50,2544.806712
-5.44358,50,2544.879116
-5.210972,50,2544.953129
-8.963034,50,2545.022032
-4.101236,50,2545.099197
-5.340369,50,2545.173293
-4.345885,50,2545.247447
-1.941337,50,2545.322485
-5.306971,50,2545.396219
-2.113963,50,2545.471412
-1.401871,50,2545.548466
-7.456429,50,2545.621463
-2.782041,50,2545.695969
-4.313602,50,2545.770868
-3.481668,50,2554.17366
-2.812153,50,2554.280736
-8.304086,50,2554.360099
-6.205647,50,2554.435638
-6.829521,50,2554.509437
-4.049371,50,2554.582467
-4.766876,50,2554.656237
-6.19201,50,2554.724931
-5.459553,50,2554.796794
-5.745396,50,2554.869404
-4.113516,50,2554.943437
-4.999304,50,2555.016912
-4.158876,50,2555.090672
-6.340802,50,2555.163414
-1.870254,50,2555.235047
-6.006057,50,2555.307871
-5.072378,50,2555.381692
-7.150836,50,2555.459627
-5.438088,50,2555.534287
-2.433429,50,2555.606975
-5.46527,50,2555.681311
-4.770005,50,2555.757186
-5.453196,50,2555.830019
-4.773813,50,2555.90589
-5.783869,50,2555.98424
-4.575563,50,2556.056585
-4.675142,50,2556.124871
-6.22438,50,2556.200329
-4.538324,50,2556.271735
-4.073244,50,2556.343986
-3.537531,50,2556.41776
-4.739091,50,2556.491927
-2.540775,50,2556.56393
-5.867411,50,2556.638976
-5.026092,50,2556.718631
-4.161641,50,2556.792076
-4.213347,50,2556.868489
-5.186709,50,2556.945893
-5.099399,50,2557.0223
-4.134657,50,2557.097703
-2.343214,50,2557.1715
-2.295995,50,2564.728125
-6.801441,50,2564.81522
-3.704229,50,2564.882322
-4.14732,50,2564.955784
-6.732556,50,2565.014078
-6.987219,50,2565.085369
-6.572361,50,2565.149686
-5.865802,50,2565.205297
-4.236978,50,2565.264551
-7.558131,50,2565.332877
-6.553509,50,2565.392196
-4.781478,50,2565.454727
-4.785785,50,2565.505766
-3.608988,50,2565.559422
-3.191072,50,2565.634967
-6.255871,50,2565.684739
-3.577398,50,2565.741773
-2.118816,50,2565.822755
-6.761431,50,2565.894311
-1.703934,50,2565.963885
-5.700706,50,2566.038784
-5.116737,50,2566.10478
-5.113388,50,2566.171803
-4.105236,50,2566.229332
-5.569171,50,2566.287736
-5.395569,50,2566.334016
-6.539742,50,2566.409384
-3.592529,50,2566.479411
-5.623671,50,2566.534065
-4.112499,50,2566.584295
-4.183972,50,2566.645589
-2.618225,50,2566.711961
-1.803673,50,2566.775873
-6.047421,50,2566.860859
-3.41531,50,2566.938056
-1.946958,50,2567.020655
-6.397159,50,2567.102128
-3.85733,50,2567.185737
-3.563484,50,2567.259783
-1.03339,50,2567.310297
-3.271438,50,2567.377292
-6.823618,50,2574.50866
-4.045586,50,2574.577628
-2.471398,50,2574.656039
-1.920283,50,2574.731223
-2.0965,50,2574.810522
-5.800033,50,2574.874495
-6.17303,50,2574.943694
-3.672672,50,2575.015702
-6.219981,50,2575.076327
-4.499941,50,2575.139411
-3.316146,50,2575.201888
-6.919079,50,2575.254522
-4.199286,50,2575.312638
-6.345878,50,2575.378136
-3.187995,50,2575.4468
-3.233112,50,2575.513132
-5.167128,50,2575.58386
-4.578449,50,2575.652388
-5.865079,50,2575.708821
-9.396562,50,2575.780401
-4.757625,50,2575.845267
-2.744141,50,2575.894836
-7.250727,50,2575.959822
-5.363834,50,2576.02329
-5.375205,50,2576.090648
-3.225189,50,2576.152901
-3.417046,50,2576.205641
-3.722587,50,2576.272341
-4.186023,50,2576.335146
-5.880113,50,2576.389934
-6.522675,50,2576.443095
-3.91696,50,2576.499178
-2.805674,50,2576.574279
-4.358443,50,2576.646694
-4.874622,50,2576.725705
-5.22553,50,2576.798547
-5.401529,50,2576.86403
-6.533166,50,2576.937726
-4.757799,50,2577.014249
-5.966258,50,2577.080203
-3.140085,50,2577.153994
-4.715823,50,2584.46612
-8.421141,50,2584.548679
-4.990105,50,2584.632568
-4.7169,50,2584.707682
-4.543272,50,2584.773236
-4.073964,50,2584.834794
-6.307657,50,2584.891619
-2.992317,50,2584.966276
-2.970131,50,2585.03744
-2.373219,50,2585.082326
-5.327851,50,2585.131787
-3.747961,50,2585.194903
-4.449184,50,2585.2412
-5.767133,50,2585.286759
-2.911907,50,2585.331937
-6.000752,50,2585.379702
-5.429381,50,2585.429181
-4.993084,50,2585.478055
-4.833351,50,2585.551142
-4.919264,50,2585.602242
-3.166633,50,2585.645491
-2.43866,50,2585.708988
-3.090416,50,2585.762018
-4.175417,50,2585.806776
-6.413925,50,2585.855242
-4.784882,50,2585.902974
-3.320355,50,2585.957161
-4.858507,50,2586.001337
-3.818466,50,2586.05988
-4.222613,50,2586.10686
-4.849601,50,2586.158737
-6.521011,50,2586.207197
-2.54281,50,2586.252511
-3.312003,50,2586.303262
-4.54206,50,2586.349907
-4.975501,50,2586.399151
-4.038327,50,2586.443834
-2.305723,50,2586.515789
-7.206475,50,2586.579771
-5.757845,50,2586.639835
-5.0271,50,2586.694069
-6.862422,50,2596.760173
-4.583088,50,2596.847452
-4.539123,50,2596.925864
-5.532124,50,2597.001369
-3.414907,50,2597.064605
-4.435968,50,2597.118523
-5.247096,50,2597.180676
-5.199034,50,2597.235272
-3.564885,50,2597.29368
-5.511336,50,2597.348355
-3.645036,50,2597.404025
-6.118886,50,2597.460603
-3.891126,50,2597.513817
-3.505025,50,2597.574031
-1.995224,50,2597.630078
-4.315273,50,2597.686872
-5.439628,50,2597.747607
-5.853814,50,2597.802824
-5.940507,50,2597.858184
-5.872517,50,2597.913683
-5.03813,50,2597.968398
-6.637009,50,2598.023357
-5.493469,50,2598.077187
-1.530131,50,2598.13416
-2.314581,50,2598.193583
-6.122844,50,2598.256429
-6.070338,50,2598.315659
-5.310132,50,2598.369485
-1.850378,50,2598.424613
-2.542115,50,2598.48387
-2.152472,50,2598.535737
-6.505905,50,2598.592032
-7.429381,50,2598.650133
-4.710823,50,2598.704732
-4.587482,50,2598.766828
-2.143609,50,2598.821085
-6.908271,50,2598.875521
-4.387674,50,2598.931268
-4.722004,50,2598.992879
-6.467907,50,2599.049603
-2.269134,50,2599.107523
-3.565174,50,2607.337792
-5.483445,50,2607.423464
-6.539834,50,2607.500952
-2.875273,50,2607.579748
-2.730557,50,2607.634799
-5.08701,50,2607.694211
-5.456635,50,2607.747713
-1.236631,50,2607.800199
-2.817167,50,2607.854182
-5.006951,50,2607.914282
-4.285001,50,2607.967998
-3.401879,50,2608.030266
-4.04796,50,2608.082639
-8.899876,50,2608.136307
-3.72696,50,2608.189658
-3.486272,50,2608.242744
-3.300874,50,2608.295704
-3.757391,50,2608.351313
-5.333475,50,2608.408523
-1.883513,50,2608.459086
-4.439595,50,2608.513434
-2.063651,50,2608.567126
-3.873213,50,2608.620118
-5.036824,50,2608.678528
-2.766531,50,2608.733073
-6.449955,50,2608.787871
-4.79369,50,2608.840269
-7.150662,50,2608.898475
-5.712015,50,2608.954021
-3.559275,50,2609.007056
-3.268152,50,2609.064145
-6.129613,50,2609.118823
-5.237386,50,2609.173259
-6.55377,50,2609.228659
-3.615057,50,2609.28167
-5.642737,50,2609.332784
-3.570923,50,2609.384525
-6.50137,50,2609.442736
-2.800064,50,2609.498571
-5.305338,50,2609.550031
-2.945147,50,2609.607792
-5.937653,50,2617.435309
-4.619234,50,2617.519305
-5.869499,50,2617.576389
-6.365501,50,2617.622609
-2.786355,50,2617.666492
-6.822748,50,2617.710698
-6.94344,50,2617.753867
-4.589055,50,2617.800932
-3.257273,50,2617.850776
-4.647417,50,2617.895119
-5.857845,50,2617.939701
-4.468137,50,2617.983839
-3.183694,50,2618.027703
-5.324127,50,2618.072154
-5.873983,50,2618.116137
-4.729209,50,2618.160175
-3.208079,50,2618.203889
-5.87346,50,2618.248089
-1.849499,50,2618.29112
-5.675501,50,2618.334846
-6.1758,50,2618.37921
-5.713573,50,2618.423613
-2.670174,50,2618.467811
-6.30008,50,2618.512373
-2.815643,50,2618.561648
-2.627293,50,2618.610411
-2.660614,50,2618.660462
-5.1889,50,2618.704322
-4.26059,50,2618.748035
-4.904243,50,2618.791171
-6.675134,50,2618.834478
-5.380341,50,2618.878005
-4.364142,50,2618.921422
-1.90922,50,2618.965114
-2.809674,50,2619.019135
-4.907834,50,2619.06246
-2.590791,50,2619.105665
-4.435954,50,2619.149131
-4.749519,50,2619.193247
-5.438586,50,2619.236896
-5.269783,50,2619.282335
-7.734485,50,2627.233713
-2.991285,50,2627.313251
-6.548654,50,2627.373806
-3.749064,50,2627.432585
-1.307493,50,2627.487334
-2.633808,50,2627.541735
-4.3643,50,2627.592286
-6.368437,50,2627.644475
-2.465469,50,2627.695915
-6.61665,50,2627.747664
-3.39972,50,2627.806868
-2.455336,50,2627.858784
-6.127501,50,2627.91476
-6.367776,50,2627.967378
-4.199503,50,2628.021189
-1.347442,50,2628.071962
-4.243341,50,2628.123701
-3.838772,50,2628.177136
-4.954266,50,2628.232494
-4.962477,50,2628.288179
-5.911723,50,2628.345018
-4.773719,50,2628.397793
-3.385941,50,2628.45184
-1.846279,50,2628.502742
-2.224239,50,2628.55405
-4.893347,50,2628.604954
-3.696344,50,2628.658281
-5.162122,50,2628.711691
-7.637602,50,2628.763526
-2.073158,50,2628.814835
-4.055648,50,2628.872775
-4.089833,50,2628.926889
-14.742291,50,2628.979969
-3.599393,50,2629.032449
-10.058287,50,2629.085446
-5.01529,50,2629.139537
-4.718071,50,2629.195771
-5.757435,50,2629.247654
-6.137433,50,2629.301724
-6.529172,50,2629.357513
-3.361144,50,2629.411565
-3.129083,50,2637.501633
-3.645442,50,2637.580779
-4.50931,50,2637.632522
-4.362333,50,2637.685972
-5.556999,50,2637.737831
-2.937534,50,2637.792983
-5.982171,50,2637.847221
-4.557129,50,2637.897348
-1.314591,50,2637.950264
-6.737072,50,2638.001893
-4.946482,50,2638.053621
-3.544304,50,2638.10657
-1.134879,50,2638.164757
-6.166512,50,2638.217505
-1.513619,50,2638.269777
-4.882316,50,2638.320078
-1.501204,50,2638.373353
-2.353952,50,2638.425104
-3.769972,50,2638.482895
-6.133695,50,2638.534872
-4.570851,50,2638.591214
-3.944245,50,2638.642523
-5.943978,50,2638.699373
-3.700124,50,2638.753437
-3.349575,50,2638.806762
-2.478699,50,2638.86052
-2.362688,50,2638.915239
-2.640958,50,2638.968415
-4.857119,50,2639.023695
-5.975912,50,2639.082354
-5.309081,50,2639.133606
-4.801788,50,2639.186602
-4.582888,50,2639.239551
-5.731375,50,2639.296326
-5.413365,50,2639.352468
-3.883347,50,2639.408358
-4.438359,50,2639.467474
-4.882394,50,2639.519824
-2.115772,50,2639.579696
-3.978303,50,2639.631681
-4.850939,50,2639.684616
-9.155685,50,2647.775277
-2.694267,50,2647.854318
-4.740664,50,2647.91332
-5.025099,50,2647.964664
-8.878533,50,2648.022459
-2.515349,50,2648.076956
-6.250227,50,2648.12904
-3.473108,50,2648.183779
-4.80779,50,2648.240184
-4.677723,50,2648.29528
-5.54691,50,2648.347878
-4.500154,50,2648.401515
-4.207616,50,2648.456982
-4.031639,50,2648.508853
-6.352566,50,2648.562361
-7.788259,50,2648.615465
-4.121258,50,2648.668342
-3.100544,50,2648.721422
-4.850565,50,2648.775671
-3.136269,50,2648.830675
-3.854392,50,2648.884155
-1.545152,50,2648.935032
-2.968843,50,2648.988049
-9.250555,50,2649.041696
-3.767612,50,2649.095586
-5.941889,50,2649.148193
-5.561582,50,2649.204479
-2.586182,50,2649.257379
-3.165333,50,2649.313321
-1.297287,50,2649.372664
-4.221951,50,2649.429316
-2.757208,50,2649.483251
-3.363454,50,2649.538748
-3.519373,50,2649.592505
-6.351841,50,2649.656666
-4.725263,50,2649.710025
-3.010616,50,2649.762349
-4.788305,50,2649.816379
-5.520009,50,2649.869751
-5.707948,50,2649.925042
-2.462126,50,2649.976895
-4.289079,50,2658.043021
-3.585525,50,2658.11893
-4.354088,50,2658.174109
-5.960744,50,2658.224633
-3.784894,50,2658.276166
-4.629483,50,2658.332564
-3.679558,50,2658.385516
-3.50041,50,2658.440044
-5.171571,50,2658.501335
-3.632893,50,2658.554157
-4.210493,50,2658.606265
-4.029679,50,2658.667128
-5.168407,50,2658.721299
-2.769146,50,2658.775938
-5.174132,50,2658.830871
-1.83812,50,2658.884235
-4.864668,50,2658.936434
-2.83419,50,2658.987658
-4.621415,50,2659.044407
-5.473217,50,2659.095099
-4.128113,50,2659.152612
-3.205579,50,2659.204027
-4.245501,50,2659.258353
-1.162724,50,2659.307947
-5.966805,50,2659.359346
-4.041306,50,2659.410763
-2.21698,50,2659.465779
-2.669619,50,2659.517536
-5.603298,50,2659.568582
-5.954529,50,2659.624931
-6.357782,50,2659.679009
-3.053592,50,2659.731716
-3.090162,50,2659.785984
-8.544533,50,2659.836615
-6.086657,50,2659.888941
-4.284958,50,2659.938912
-1.948915,50,2659.992249
-4.142844,50,2660.043166
-2.576388,50,2660.094055
-3.177125,50,2660.144423
-4.091936,50,2660.195566
-5.698586,50,2668.348777
-4.844415,50,2668.421079
-3.961543,50,2668.473419
-6.215067,50,2668.527499
-6.266133,50,2668.579725
-4.957258,50,2668.634023
-5.307364,50,2668.687484
-4.37887,50,2668.737889
-5.7133,50,2668.787843
-4.486239,50,2668.837509
-6.368231,50,2668.888004
-7.492325,50,2668.939436
-5.524585,50,2668.991029
-2.804659,50,2669.048959
-2.207341,50,2669.10234
-3.882725,50,2669.16095
-6.195729,50,2669.216152
-4.454506,50,2669.272771
-3.017318,50,2669.324572
-5.290498,50,2669.377738
-5.164029,50,2669.436173
-3.280333,50,2669.490021
-6.301301,50,2669.550064
-5.346003,50,2669.601814
-2.92163,50,2669.654165
-3.697062,50,2669.707188
-3.734804,50,2669.762272
-1.64512,50,2669.815772
-5.155386,50,2669.872081
-4.210185,50,2669.928164
-2.34245,50,2669.982258
-4.921103,50,2670.038075
-6.469257,50,2670.089738
-1.262989,50,2670.137641
-6.441589,50,2670.182336
-4.172923,50,2670.225765
-1.892512,50,2670.279907
-4.435354,50,2670.326801
-4.015653,50,2670.37527
-4.894954,50,2670.42294
-4.798955,50,2670.472024
-3.313813,50,2678.570765
-4.075757,50,2678.646136
-2.708909,50,2678.718425
-3.410765,50,2678.772455
-5.018177,50,2678.82434
-2.653437,50,2678.87681
-3.879308,50,2678.930512
-3.759552,50,2678.981279
-3.040925,50,2679.033191
-6.151491,50,2679.086248
-6.001934,50,2679.140631
-4.594581,50,2679.194567
-7.749388,50,2679.249604
-3.529961,50,2679.303513
-8.523716,50,2679.356974
-6.028548,50,2679.412637
-4.444016,50,2679.469029
-3.797639,50,2679.522046
-6.138247,50,2679.579477
-2.322392,50,2679.631742
-5.30012,50,2679.687271
-5.405709,50,2679.738991
-3.173883,50,2679.794664
-6.217413,50,2679.846229
-1.447766,50,2679.900372
-5.556034,50,2679.95375
-5.406149,50,2680.011515
-4.299789,50,2680.069967
-2.451203,50,2680.123397
-5.697055,50,2680.17817
-6.629573,50,2680.237578
-5.096909,50,2680.292156
-4.675909,50,2680.342823
-2.655089,50,2680.394364
-4.557906,50,2680.447655
-5.725652,50,2680.500344
-6.55384,50,2680.551379
-4.793771,50,2680.605138
-5.054348,50,2680.655934
-4.804032,50,2680.715059
-5.115765,50,2680.76884
-4.523862,50,2688.885902
-1.897022,50,2688.941448
-2.797913,50,2689.002411
-8.890652,50,2689.055309
-6.047649,50,2689.111584
-4.635747,50,2689.165473
-4.710759,50,2689.221301
-5.596351,50,2689.278629
-3.192537,50,2689.330595
-3.628498,50,2689.384483
-6.068459,50,2689.437559
-6.694749,50,2689.496312
-6.115123,50,2689.548681
-5.537677,50,2689.605855
-4.019322,50,2689.662525
-1.389924,50,2689.712542
-4.050069,50,2689.763832
-6.306251,50,2689.817134
-3.968953,50,2689.869865
-3.852045,50,2689.922936
-1.669893,50,2689.984303
-5.689248,50,2690.038907
-4.127773,50,2690.090195
-6.755243,50,2690.142601
-5.234104,50,2690.198724
-1.978775,50,2690.253936
-4.516427,50,2690.308018
-3.415904,50,2690.363508
-4.398713,50,2690.41712
-6.185338,50,2690.475808
-3.784803,50,2690.528539
-3.833555,50,2690.579582
-4.384128,50,2690.630029
-2.406926,50,2690.684374
-7.353076,50,2690.735735
-4.44821,50,2690.79052
-2.626988,50,2690.846773
-6.931545,50,2690.898857
-4.982098,50,2690.956985
-2.132338,50,2691.009545
-3.452533,50,2691.062147
-3.789323,50,2699.225279
-5.893614,50,2699.295398
-3.997024,50,2699.353147
-5.565595,50,2699.40514
-6.363703,50,2699.459138
-2.899991,50,2699.515062
-2.134563,50,2699.568246
-2.544945,50,2699.622997
-5.363939,50,2699.677473
-5.586031,50,2699.730294
-4.446371,50,2699.78289
-5.823589,50,2699.835286
-6.552199,50,2699.889627
-3.262287,50,2699.941912
-5.004267,50,2699.993879
-4.457563,50,2700.046101
-4.72806,50,2700.099288
-3.344158,50,2700.151869
-1.269851,50,2700.20841
-5.538958,50,2700.260902
-3.178915,50,2700.314738
-4.940506,50,2700.369009
-4.587005,50,2700.423222
-3.593257,50,2700.477053
-4.607357,50,2700.531916
-4.029081,50,2700.586281
-3.085047,50,2700.638409
-6.36283,50,2700.690949
-1.666556,50,2700.743454
-4.576384,50,2700.797134
-4.548484,50,2700.850071
-5.993573,50,2700.90293
-5.53733,50,2700.96719
-5.53388,50,2701.025971
-3.18215,50,2701.081547
-2.999294,50,2701.136858
-1.429263,50,2701.191452
-1.879195,50,2701.245908
-7.370868,50,2701.300565
-3.616309,50,2701.355903
-3.930132,50,2701.409604
-7.408891,50,2709.517312
-5.789183,50,2709.595507
-5.620395,50,2709.652219
-5.421422,50,2709.712176
-3.075112,50,2709.76476
-3.807754,50,2709.82109
-6.455574,50,2709.875141
-3.432919,50,2709.930247
-5.344359,50,2709.985413
-1.26234,50,2710.038523
-4.922573,50,2710.089041
-4.369831,50,2710.144398
-1.391632,50,2710.196834
-6.170935,50,2710.249396
-4.864068,50,2710.301031
-6.075961,50,2710.355049
-5.603419,50,2710.40729
-5.352345,50,2710.462317
-4.985153,50,2710.514014
-5.267463,50,2710.567335
-7.038294,50,2710.61922
-5.992634,50,2710.671346
-4.627818,50,2710.72513
-4.781759,50,2710.779014
-4.270881,50,2710.835899
-3.005589,50,2710.885587
-2.71509,50,2710.942461
-7.438508,50,2710.995077
-5.45415,50,2711.052231
-5.224915,50,2711.104308
-2.632549,50,2711.157643
-5.835223,50,2711.210422
-4.411208,50,2711.268823
-4.821481,50,2711.323287
-3.689874,50,2711.37917
-4.486973,50,2711.435425
-1.847833,50,2711.495229
-5.964624,50,2711.547753
-1.748203,50,2711.599377
-1.830868,50,2711.6515
-3.775916,50,2711.704723
-4.383048,50,2719.793892
-2.137334,50,2719.864437
-6.520372,50,2719.926397
-1.588008,50,2719.979445
-1.43881,50,2720.036503
-5.464604,50,2720.08854
-4.708357,50,2720.143765
-4.663806,50,2720.194899
-5.75774,50,2720.248001
-2.601585,50,2720.30082
-2.595171,50,2720.360018
-4.369527,50,2720.413297
-3.894357,50,2720.471333
-4.50642,50,2720.523783
-4.142666,50,2720.577117
-4.429513,50,2720.631128
-4.667139,50,2720.684301
-5.207995,50,2720.735383
-5.73192,50,2720.791245
-2.216415,50,2720.845954
-2.971543,50,2720.900472
-2.231458,50,2720.954285
-3.115485,50,2721.011873
-6.123816,50,2721.071718
-5.106603,50,2721.126288
-1.890016,50,2721.178947
-6.255301,50,2721.23374
-5.069243,50,2721.297076
-6.632659,50,2721.35259
-3.429835,50,2721.4064
-3.777806,50,2721.461648
-4.273283,50,2721.521301
-6.465048,50,2721.575484
-4.204796,50,2721.629343
-4.941262,50,2721.688112
-4.46412,50,2721.742003
-6.405061,50,2721.794126
-4.89223,50,2721.849739
-1.827525,50,2721.904382
-6.182065,50,2721.957197
-2.931591,50,2722.010312
-4.114046,50,2730.121725
-3.857701,50,2730.186485
-5.369826,50,2730.245022
-6.992382,50,2730.302552
-5.304632,50,2730.353974
-6.4115,50,2730.407293
-4.215106,50,2730.45889
-5.280907,50,2730.510772
-5.550305,50,2730.56231
-2.438275,50,2730.617162
-3.046464,50,2730.670411
-3.937913,50,2730.723392
-4.160148,50,2730.777772
-2.339966,50,2730.832544
-3.156608,50,2730.891168
-2.62109,50,2730.945928
-5.087284,50,2730.998982
-6.513205,50,2731.053468
-5.543276,50,2731.111938
-4.378512,50,2731.164788
-2.706085,50,2731.217698
-2.003408,50,2731.269683
-5.071562,50,2731.324393
-2.52995,50,2731.377201
-3.772648,50,2731.428987
-2.121403,50,2731.48229
-3.227266,50,2731.536931
-8.398564,50,2731.591285
-5.011447,50,2731.64434
-4.694433,50,2731.701926
-2.880864,50,2731.755664
-5.143525,50,2731.812898
-6.444109,50,2731.866712
-4.194285,50,2731.925012
-2.355486,50,2731.97973
-5.869347,50,2732.033276
-1.872971,50,2732.087268
-6.0458,50,2732.141768
-3.053558,50,2732.194705
-1.334614,50,2732.246583
-5.077322,50,2732.303775
-5.344411,50,2740.428445
-4.116659,50,2740.488505
-5.460802,50,2740.542572
-4.09478,50,2740.597576
-4.928001,50,2740.652952
-6.89001,50,2740.707335
-6.526504,50,2740.764821
-5.862405,50,2740.81939
-6.133578,50,2740.869788
-6.292593,50,2740.921785
-2.662749,50,2740.974884
-4.724526,50,2741.029083
-6.090943,50,2741.083272
-5.683764,50,2741.142506
-4.473909,50,2741.197054
-4.262764,50,2741.249231
-1.999339,50,2741.307431
-4.128399,50,2741.362309
-2.321248,50,2741.416081
-2.760468,50,2741.481192
-3.672156,50,2741.536927
-3.650799,50,2741.602591
-2.002815,50,2741.659994
-4.447897,50,2741.712144
-6.92355,50,2741.770723
-2.940031,50,2741.827565
-9.615416,50,2741.882912
-4.002246,50,2741.934391
-4.225662,50,2741.99103
-3.338035,50,2742.042667
-5.782403,50,2742.096305
-6.205125,50,2742.148879
-5.125342,50,2742.204179
-4.052313,50,2742.261715
-6.508476,50,2742.315319
-4.766192,50,2742.366963
-2.924579,50,2742.421085
-5.813572,50,2742.475109
-5.596371,50,2742.530277
-3.02379,50,2742.582983
-6.682475,50,2742.636
-1.667765,50,2750.746721
-3.381179,50,2750.826666
-5.442998,50,2750.880706
-6.565487,50,2750.935056
-5.408074,50,2750.993271
-5.959415,50,2751.050901
-5.927544,50,2751.107212
-6.491638,50,2751.158598
-2.594014,50,2751.215654
-6.271375,50,2751.269185
-3.428542,50,2751.321691
-5.783233,50,2751.374938
-5.135218,50,2751.427151
-6.948994,50,2751.47955
-4.908607,50,2751.533506
-2.364387,50,2751.589665
-4.894473,50,2751.643375
-3.918758,50,2751.702643
-3.597858,50,2751.754269
-4.612885,50,2751.806787
-2.447787,50,2751.863435
-3.172753,50,2751.915074
-5.389805,50,2751.971185
-4.565262,50,2752.023821
-3.986165,50,2752.076169
-1.886434,50,2752.133577
-2.148341,50,2752.187629
-5.327008,50,2752.243554
-3.804944,50,2752.297532
-6.423457,50,2752.349385
-4.926633,50,2752.399199
-2.528724,50,2752.457059
-4.660168,50,2752.510352
-6.497715,50,2752.564423
-5.908522,50,2752.620301
-3.289196,50,2752.675505
-3.999234,50,2752.729407
-6.10511,50,2752.783379
-4.624146,50,2752.839155
-4.775946,50,2752.893326
-2.981469,50,2752.945407
-4.681185,50,2761.067097
-2.399637,50,2761.137191
-5.428863,50,2761.198021
-5.390204,50,2761.248566
-6.589546,50,2761.302793
-2.705975,50,2761.355692
-1.507692,50,2761.409475
-6.256682,50,2761.465835
-6.345341,50,2761.521153
-2.214674,50,2761.575017
-3.645413,50,2761.631418
-4.201,50,2761.687962
-6.646687,50,2761.740883
-8.545604,50,2761.793677
-5.79206,50,2761.845465
-2.310387,50,2761.896394
-5.356358,50,2761.949018
-6.114773,50,2762.002844
-1.216921,50,2762.054077
-6.407994,50,2762.10698
-5.091735,50,2762.160084
-3.490702,50,2762.214457
-5.607526,50,2762.269275
-3.007936,50,2762.327389
-5.829531,50,2762.381793
-5.713146,50,2762.436147
-4.302865,50,2762.489007
-2.67577,50,2762.542803
-4.681619,50,2762.592621
-5.380632,50,2762.637102
-5.638976,50,2762.681794
-7.198071,50,2762.725707
-6.524031,50,2762.772051
-4.847974,50,2762.820974
-6.345048,50,2762.868262
-7.375931,50,2762.914863
-4.773993,50,2762.960705
-5.416118,50,2763.006807
-5.650623,50,2763.050347
-4.843789,50,2763.093718
-3.912374,50,2763.137594
-3.356148,50,2770.498848
-5.928098,50,2770.552022
-2.233947,50,2770.602718
-7.204695,50,2770.658218
-4.422755,50,2770.708315
-1.951417,50,2770.764023
-4.611594,50,2770.824357
-4.42503,50,2770.880902
-5.798074,50,2770.942531
-2.864921,50,2770.987396
-4.476961,50,2771.050173
-4.925167,50,2771.126175
-5.816544,50,2771.190435
-4.823389,50,2771.248802
-3.57762,50,2771.309245
-3.681279,50,2771.368338
-3.471719,50,2771.421376
-2.091037,50,2771.46951
-3.036853,50,2771.52359
-4.083423,50,2771.570392
-6.289892,50,2771.6233
-4.723208,50,2771.668087
-3.278307,50,2771.713365
-3.941783,50,2771.762089
-5.664223,50,2771.81355
-4.195279,50,2771.876296
-5.11678,50,2771.938777
-2.581089,50,2771.991566
-5.470074,50,2772.046031
-7.813376,50,2772.114026
-4.386833,50,2772.192018
-7.16132,50,2772.254384
-3.555226,50,2772.329488
-4.114533,50,2772.392407
-5.111269,50,2772.461187
-5.775542,50,2772.523618
-5.954183,50,2772.612432
-2.389523,50,2772.684834
-5.99047,50,2772.75501
-2.807141,50,2772.82243
-4.814267,50,2772.909914
-5.759835,50,2780.741859
-4.686712,50,2780.806228
-2.8854,50,2780.870085
-3.105542,50,2780.942687
-4.823936,50,2780.99695
-4.746069,50,2781.05441
-4.220572,50,2781.11499
-2.300021,50,2781.159445
-6.484852,50,2781.202809
-3.848992,50,2781.248324
-4.34801,50,2781.293005
-1.505164,50,2781.336726
-3.538674,50,2781.380342
-2.587305,50,2781.424618
-2.960396,50,2781.468032
-4.304179,50,2781.511439
-6.631012,50,2781.554378
-5.5192,50,2781.601588
-4.086896,50,2781.666728
-5.601256,50,2781.720394
-5.403343,50,2781.774614
-4.901058,50,2781.819899
-3.820586,50,2781.890304
-2.125811,50,2781.946517
-4.313481,50,2781.999499
-5.619384,50,2782.055938
-1.618932,50,2782.10303
-4.254721,50,2782.155385
-5.848765,50,2782.213328
-3.252793,50,2782.267825
-1.792095,50,2782.315415
-4.680626,50,2782.36011
-5.51626,50,2782.403392
-5.342515,50,2782.447908
-5.140151,50,2782.491452
-3.088573,50,2782.535563
-6.06467,50,2782.579306
-5.560056,50,2782.623617
-7.6071,50,2782.67056
-7.165244,50,2782.742399
-5.023761,50,2793.317697
-4.133401,50,2793.452377
-2.944516,50,2793.580745
-3.51389,50,2793.697913
-5.348319,50,2793.816283
-5.249694,50,2793.93297
-4.633383,50,2794.049839
-4.380953,50,2794.163301
-7.041358,50,2794.222323
-6.969356,50,2794.269598
-3.689873,50,2794.318846
-3.513383,50,2794.372667
-2.993792,50,2794.419427
-4.56681,50,2794.464956
-5.295362,50,2794.509909
-5.168279,50,2794.553765
-5.798474,50,2794.61202
-3.270689,50,2794.656916
-5.257161,50,2794.701931
-3.52735,50,2794.747461
-4.233529,50,2794.798015
-3.018114,50,2794.842126
-2.432514,50,2794.885683
-4.317777,50,2794.931142
-3.369992,50,2794.975742
-4.99756,50,2795.019648
-3.481191,50,2795.064489
-2.325708,50,2795.110612
-5.413166,50,2795.155779
-4.49643,50,2795.199634
-4.804123,50,2795.243481
-2.677694,50,2795.296225
-3.861709,50,2795.341918
-3.840434,50,2795.386629
-2.582924,50,2795.432321
-3.749806,50,2795.482064
-5.656174,50,2795.527159
-4.635663,50,2795.571038
-5.630091,50,2795.622307
-4.037685,50,2795.672028
-7.827721,50,2795.728693
-2.621733,50,2802.945328
-6.394138,50,2803.008063
-1.763255,50,2803.063781
-4.15348,50,2803.130054
-5.441163,50,2803.189071
-4.055353,50,2803.238483
-5.794578,50,2803.298312
-5.499718,50,2803.341759
-5.184672,50,2803.391469
-5.217126,50,2803.435536
-5.531286,50,2803.480566
-6.471131,50,2803.527614
-3.084681,50,2803.575013
-5.106787,50,2803.620639
-4.281633,50,2803.666397
-4.227949,50,2803.712069
-1.874306,50,2803.757981
-3.047514,50,2803.803018
-5.255623,50,2803.849137
-4.431466,50,2803.89522
-4.443922,50,2803.94072
-6.072035,50,2804.008568
-4.02973,50,2804.063149
-3.191,50,2804.132587
-2.080104,50,2804.18486
-5.914674,50,2804.228713
-7.359952,50,2804.28583
-4.563761,50,2804.338984
-4.645961,50,2804.39182
-2.981954,50,2804.439813
-3.78505,50,2804.484649
-2.479607,50,2804.541323
-5.969442,50,2804.596029
-7.115527,50,2804.642047
-7.845259,50,2804.688692
-3.869551,50,2804.731947
-5.454054,50,2804.777052
-6.217108,50,2804.831533
-5.519022,50,2804.880848
-2.198351,50,2804.934377
-5.227293,50,2804.999418
-3.434304,50,2812.156142
-3.875803,50,2812.230162
-4.302532,50,2812.309685
-5.811709,50,2812.378203
-2.050422,50,2812.460526
-2.202472,50,2812.507344
-3.744917,50,2812.554048
-4.41187,50,2812.597564
-2.925862,50,2812.641324
-9.033125,50,2812.684679
-6.960263,50,2812.728412
-5.701206,50,2812.772128
-3.169248,50,2812.816131
-4.980465,50,2812.859679
-2.686542,50,2812.904134
-2.525109,50,2812.947703
-6.0654,50,2812.991511
-5.438776,50,2813.035506
-3.665207,50,2813.08014
-5.365654,50,2813.125114
-7.800848,50,2813.17654
-5.271146,50,2813.237979
-3.879046,50,2813.290388
-4.167824,50,2813.344057
-5.706287,50,2813.408163
-5.081292,50,2813.478367
-4.67759,50,2813.528236
-2.842764,50,2813.573412
-4.324362,50,2813.617138
-6.872501,50,2813.660765
-5.380933,50,2813.714233
-3.022291,50,2813.758888
-1.743204,50,2813.804598
-3.9028,50,2813.850064
-2.627015,50,2813.893668
-6.270853,50,2813.937274
-5.422018,50,2813.980506
-5.53716,50,2814.023751
-4.151173,50,2814.067982
-4.550871,50,2814.112207
-5.438866,50,2814.157142
-5.047125,50,2821.30338
-4.999041,50,2821.368035
-6.324694,50,2821.444739
-5.195791,50,2821.513766
-4.647884,50,2821.583708
-5.115695,50,2821.646361
-3.633988,50,2821.691209
-4.040184,50,2821.734667
-4.517676,50,2821.785419
-5.446216,50,2821.836266
-3.056575,50,2821.885382
-5.36449,50,2821.929901
-2.878918,50,2821.998559
-3.086616,50,2822.044969
-4.66178,50,2822.089817
-2.514036,50,2822.134521
-3.394712,50,2822.180627
-6.683976,50,2822.228156
-6.535968,50,2822.273653
-5.405945,50,2822.339839
-3.915258,50,2822.408888
-3.726021,50,2822.463373
-5.736881,50,2822.509592
-6.448701,50,2822.554109
-4.346685,50,2822.597957
-3.584066,50,2822.642028
-7.468487,50,2822.686748
-4.094672,50,2822.73234
-2.807691,50,2822.777165
-2.44263,50,2822.821459
-6.499837,50,2822.865209
-7.74617,50,2822.909919
-5.573791,50,2822.953683
-4.015818,50,2822.997904
-2.839387,50,2823.04275
-5.295045,50,2823.086159
-6.077617,50,2823.130978
-8.256525,50,2823.174364
-5.858225,50,2823.218752
-5.61226,50,2823.262496
-3.766305,50,2823.309197
-1.924349,50,2830.517338
-3.892713,50,2830.595904
-3.265679,50,2830.673047
-6.65302,50,2830.745918
-7.436464,50,2830.821615
-4.868902,50,2830.890881
-2.888515,50,2830.96742
-3.203464,50,2831.037929
-5.784762,50,2831.104654
-5.322887,50,2831.181064
-4.80211,50,2831.251275
-4.45063,50,2831.329602
-2.827539,50,2831.4104
-3.437452,50,2831.492764
-1.521473,50,2831.572319
-3.655347,50,2831.638938
-3.288931,50,2831.713317
-5.667919,50,2831.783098
-6.436182,50,2831.85533
-3.958254,50,2831.927886
-3.17318,50,2832.000062
-2.605535,50,2832.070503
-1.405997,50,2832.139449
-2.833301,50,2832.199624
-2.758511,50,2832.259349
-2.383311,50,2832.329813
-8.472964,50,2832.389933
-3.395649,50,2832.458541
-5.230812,50,2832.525088
-3.650109,50,2832.590619
-5.374707,50,2832.65667
-5.466224,50,2832.729302
-3.009158,50,2832.807288
-5.931429,50,2832.868531
-5.920888,50,2832.929455
-6.088712,50,2832.980294
-2.616251,50,2833.050348
-4.588691,50,2833.10307
-3.483267,50,2833.168757
-5.352565,50,2833.226491
-4.272004,50,2833.288534
-4.621058,50,2841.06216
-3.646357,50,2841.146657
-1.656837,50,2841.28372
-5.908333,50,2841.350118
-4.292034,50,2841.411527
-7.751013,50,2841.46029
-4.769318,50,2841.521149
-2.530382,50,2841.572649
-5.287695,50,2841.618648
-4.962209,50,2841.66476
-5.409243,50,2841.708577
-6.447209,50,2841.752862
-6.553937,50,2841.796089
-2.201493,50,2841.839029
-3.272762,50,2841.882447
-6.494233,50,2841.927266
-6.983281,50,2841.970335
-5.9529,50,2842.015815
-6.716022,50,2842.068694
-5.095987,50,2842.129563
-3.244047,50,2842.188067
-4.78634,50,2842.233825
-2.576461,50,2842.280446
-4.261507,50,2842.327585
-4.235383,50,2842.37435
-1.953408,50,2842.420629
-4.988458,50,2842.468474
-7.793741,50,2842.520529
-1.426028,50,2842.566272
-5.399607,50,2842.615651
-5.937862,50,2842.671199
-5.590809,50,2842.716488
-6.165299,50,2842.769982
-4.509095,50,2842.815613
-4.766653,50,2842.86625
-3.927133,50,2842.912427
-3.499976,50,2842.958345
-5.320303,50,2843.002117
-4.611311,50,2843.046697
-3.425109,50,2843.092363
-4.399445,50,2843.141904
-5.038396,50,2852.96699
-4.049891,50,2853.111635
-3.223304,50,2853.230216
-2.479181,50,2853.346482
-6.409138,50,2853.453221
-5.01594,50,2853.56723
-1.487357,50,2853.680428
-4.99741,50,2853.79754
-3.982781,50,2853.906978
-4.381338,50,2854.038061
-2.020515,50,2854.157367
-5.021213,50,2854.273857
-5.233393,50,2854.387721
-6.367553,50,2854.503162
-4.083987,50,2854.618448
-5.412185,50,2854.725608
-5.817766,50,2854.838597
-3.461722,50,2854.949036
-3.185188,50,2855.073874
-5.06449,50,2855.18201
-2.669051,50,2855.309563
-6.926049,50,2855.418441
-4.963627,50,2855.532553
-7.07069,50,2855.644951
-3.070977,50,2855.75369
-3.706472,50,2855.869717
-3.727122,50,2855.982033
-4.523546,50,2856.098055
-3.690314,50,2856.215641
-2.983913,50,2856.321771
-5.37781,50,2856.433916
-3.606881,50,2856.549795
-4.724136,50,2856.657014
-7.077685,50,2856.776665
-4.793027,50,2856.891775
-5.445364,50,2857.008367
-2.621108,50,2857.126511
-5.885187,50,2857.242173
-2.941067,50,2857.355105
-2.986298,50,2857.474156
-2.233293,50,2857.579948
-4.210297,50,2867.807536
-4.662305,50,2867.897143
-4.765715,50,2867.969303
-6.717263,50,2868.049052
-5.176499,50,2868.120883
-7.066348,50,2868.189276
-3.928296,50,2868.258813
-3.99714,50,2868.33344
-3.457225,50,2868.404446
-6.053663,50,2868.478089
-6.373843,50,2868.548106
-3.633983,50,2868.6194
-5.220343,50,2868.693567
-5.981468,50,2868.767195
-5.403182,50,2868.838337
-2.541974,50,2868.914785
-3.470809,50,2868.988858
-5.427678,50,2869.066
-4.972158,50,2869.120797
-4.999881,50,2869.199949
-2.939727,50,2869.298407
-3.828395,50,2869.393361
-5.909488,50,2869.484833
-5.103675,50,2869.579092
-3.542105,50,2869.674458
-4.923387,50,2869.76267
-5.441943,50,2869.855406
-5.432888,50,2869.947625
-5.454474,50,2870.043153
-3.222321,50,2870.129668
-3.318999,50,2870.222882
-3.119479,50,2870.316931
-1.952361,50,2870.417362
-6.60254,50,2870.512177
-4.085746,50,2870.610116
-5.350217,50,2870.705738
-5.566786,50,2870.801272
-3.517794,50,2870.898268
-5.37803,50,2870.994039
-4.311445,50,2871.08952
-5.666516,50,2871.185214
-5.369515,50,2880.721824
-4.204744,50,2880.831801
-2.920162,50,2880.937789
-5.547524,50,2881.035036
-1.53135,50,2881.134524
-4.801118,50,2881.221767
-5.132833,50,2881.31304
-3.150397,50,2881.409542
-4.056328,50,2881.503321
-4.804928,50,2881.590763
-3.453517,50,2881.690746
-2.047795,50,2881.788391
-4.657172,50,2881.885343
-4.840069,50,2881.978534
-2.771881,50,2882.074034
-3.672501,50,2882.16092
-3.937366,50,2882.253495
-5.595356,50,2882.348969
-3.95594,50,2882.44611
-2.096755,50,2882.53336
-4.759561,50,2882.627237
-6.638253,50,2882.722482
-1.905308,50,2882.821162
-2.341221,50,2882.920098
-7.074174,50,2883.019708
-4.787656,50,2883.115016
-2.937836,50,2883.201357
-4.398279,50,2883.297358
-4.160134,50,2883.390041
-2.671681,50,2883.454541
-3.07064,50,2883.566128
-5.208287,50,2883.666579
-4.373715,50,2883.766671
-2.252656,50,2883.866604
-4.638849,50,2883.964673
-3.614223,50,2884.030612
-9.532922,50,2884.079661
-5.651293,50,2884.124417
-3.398479,50,2884.211844
-4.135285,50,2884.314447
-5.519717,50,2884.413983
-5.146412,50,2895.803714
-5.358988,50,2895.927665
-4.321457,50,2896.037572
-3.262841,50,2896.143305
-7.811773,50,2896.26173
-5.12882,50,2896.364887
-2.126332,50,2896.471034
-6.137528,50,2896.582656
-5.339952,50,2896.684108
-3.448504,50,2896.78172
-6.271095,50,2896.882362
-5.256622,50,2896.984481
-6.843749,50,2897.089134
-2.846536,50,2897.182897
-3.555164,50,2897.282533
-5.611012,50,2897.394619
-5.782622,50,2897.506418
-3.226046,50,2897.622651
-3.684802,50,2897.737437
-3.064423,50,2897.848376
-3.241485,50,2897.955086
-5.135108,50,2898.068339
-3.927433,50,2898.166917
-1.133687,50,2898.266252
-2.214206,50,2898.382626
-1.229214,50,2898.492037
-5.167935,50,2898.603705
-4.231521,50,2898.706721
-2.486018,50,2898.810864
-4.202464,50,2898.923232
-2.919655,50,2899.030898
-3.096126,50,2899.134316
-1.840461,50,2899.240611
-6.601249,50,2899.34822
-6.623761,50,2899.452538
-5.494035,50,2899.56751
-4.054466,50,2899.673907
-8.268728,50,2899.777323
-4.782504,50,2899.885457
-3.804646,50,2899.992299
-3.314299,50,2900.097562
-4.889297,50,2908.40237
-5.163415,50,2908.481164
-3.033666,50,2908.536472
-8.933548,50,2908.598289
-8.888586,50,2908.656469
-3.030845,50,2908.708189
-4.647624,50,2908.751391
-5.899542,50,2908.794936
-5.035373,50,2908.839268
-7.694259,50,2908.905751
-6.308453,50,2908.963509
-4.576888,50,2909.027655
-3.578321,50,2909.086726
-2.574152,50,2909.131296
-4.057562,50,2909.174674
-4.551428,50,2909.218696
-4.181599,50,2909.261744
-4.159025,50,2909.309617
-5.25456,50,2909.364351
-4.239778,50,2909.423632
-6.326651,50,2909.477731
-4.77539,50,2909.525353
-1.101655,50,2909.580564
-6.868539,50,2909.642328
-5.050794,50,2909.695962
-4.566606,50,2909.743053
-5.319498,50,2909.799802
-3.645364,50,2909.857727
-3.224532,50,2909.928458
-5.336136,50,2909.996137
-4.794816,50,2910.043477
-3.592813,50,2910.100166
-2.417499,50,2910.145638
-8.568615,50,2910.204938
-5.413849,50,2910.250824
-2.789966,50,2910.312656
-6.338179,50,2910.357869
-3.717218,50,2910.434468
-5.227065,50,2910.501108
-4.109965,50,2910.563567
-4.442806,50,2910.639469
-7.195492,50,2917.70253
-2.257489,50,2917.78823
-4.093511,50,2917.873191
-4.95899,50,2917.958033
-4.375326,50,2918.028225
-5.58999,50,2918.112988
-2.407986,50,2918.193241
-4.875597,50,2918.27011
-4.196019,50,2918.355804
-4.430504,50,2918.43058
-3.381173,50,2918.50262
-5.095905,50,2918.577419
-5.214865,50,2918.644747
-5.580402,50,2918.718304
-5.588498,50,2918.800804
-5.253934,50,2918.876472
-5.253825,50,2918.951276
-3.389113,50,2919.034519
-2.952027,50,2919.108941
-2.301927,50,2919.18807
-3.963771,50,2919.258932
-1.940527,50,2919.333778
-4.75653,50,2919.40781
-6.062531,50,2919.46777
-3.917138,50,2919.526953
-6.67819,50,2919.577749
-5.201161,50,2919.635766
-2.797193,50,2919.694115
-4.180631,50,2919.758559
-4.506157,50,2919.840238
-3.512482,50,2919.908649
-4.071239,50,2919.975818
-2.723512,50,2920.056134
-4.691953,50,2920.116272
-5.441624,50,2920.168573
-6.583015,50,2920.225591
-2.914727,50,2920.283742
-4.549811,50,2920.338797
-5.597461,50,2920.398173
-1.80297,50,2920.465119
-3.803331,50,2920.522599
-5.699141,50,2928.018823
-4.639082,50,2928.100419
-7.052993,50,2928.17156
-4.123645,50,2928.224183
-5.592046,50,2928.302716
-5.491617,50,2928.371395
-2.00332,50,2928.43852
-3.274603,50,2928.490343
-1.317296,50,2928.546971
-4.024906,50,2928.592688
-6.27694,50,2928.642825
-2.46161,50,2928.700313
-3.634119,50,2928.746519
-4.418572,50,2928.791182
-3.842458,50,2928.837971
-5.469674,50,2928.891545
-2.976072,50,2928.943275
-5.394667,50,2929.005085
-6.549462,50,2929.074489
-6.075647,50,2929.146172
-5.293652,50,2929.236517
-2.023016,50,2929.284682
-2.890603,50,2929.330979
-5.319956,50,2929.379905
-6.400707,50,2929.429597
-6.300858,50,2929.478018
-7.34804,50,2929.543856
-2.88546,50,2929.605896
-7.493618,50,2929.663326
-6.778356,50,2929.730366
-4.556986,50,2929.790606
-3.859141,50,2929.838101
-6.156711,50,2929.888217
-4.004565,50,2929.945577
-2.582053,50,2929.991506
-5.791616,50,2930.035117
-5.00309,50,2930.078575
-6.946949,50,2930.122968
-5.860924,50,2930.167255
-6.375813,50,2930.227218
-8.501078,50,2930.27604
-4.878209,50,2940.91608
-2.893921,50,2941.203897
-2.349342,50,2941.435033
-4.521294,50,2941.70367
-3.161626,50,2941.967684
-4.209479,50,2942.209741
-2.244347,50,2942.44935
-4.370789,50,2942.702185
-5.265916,50,2942.963644
-2.390582,50,2943.218064
-2.140849,50,2943.465006
-4.473882,50,2943.699093
-1.396907,50,2943.925041
-5.237835,50,2944.15897
-6.872789,50,2944.400005
-5.159542,50,2944.644888
-5.090912,50,2944.878249
-3.487534,50,2945.132654
-2.711805,50,2945.387262
-4.170713,50,2945.637894
-3.480318,50,2945.872816
-5.698109,50,2946.106994
-5.952525,50,2946.361931
-3.862168,50,2946.613273
-4.12961,50,2946.849351
-3.478139,50,2947.115821
-6.412118,50,2947.367478
-1.808023,50,2947.615152
-6.232701,50,2947.88331
-4.612134,50,2948.159697
-2.686558,50,2948.416517
-2.544895,50,2948.682261
-3.428946,50,2948.948184
-3.552501,50,2949.181794
-5.809406,50,2949.448927
-3.829544,50,2949.696902
-2.920828,50,2949.936237
-3.219586,50,2950.17668
-2.616045,50,2950.423502
-8.132979,50,2950.674419
-5.244115,50,2950.905123
-3.349032,50,2961.529063
-5.808468,50,2961.656447
-5.009181,50,2961.749666
-4.808802,50,2961.845423
-4.057347,50,2961.940105
-3.358806,50,2962.033583
-3.63405,50,2962.119844
-3.253919,50,2962.211626
-4.945495,50,2962.305402
-3.260718,50,2962.399688
-3.604904,50,2962.489444
-2.268067,50,2962.582073
-3.281239,50,2962.677061
-4.138649,50,2962.769078
-3.990179,50,2962.861668
-2.821115,50,2962.95592
-6.857021,50,2963.043854
-4.182861,50,2963.134941
-4.082713,50,2963.228929
-6.644444,50,2963.319172
-1.464992,50,2963.411712
-3.152798,50,2963.506581
-5.198376,50,2963.596833
-2.47024,50,2963.68537
-4.356304,50,2963.78136
-7.209552,50,2963.874773
-3.915454,50,2963.968798
-6.842548,50,2964.065168
-3.288972,50,2964.151824
-1.245725,50,2964.246411
-2.820599,50,2964.335775
-5.691033,50,2964.423407
-3.943957,50,2964.51889
-4.384553,50,2964.611701
-3.417188,50,2964.705591
-5.271094,50,2964.791981
-2.696131,50,2964.881569
-5.339156,50,2964.976465
-3.3617,50,2965.072325
-3.094177,50,2965.158273
-2.18305,50,2965.248287
-4.56284,50,2974.798005
-3.967703,50,2974.904343
-3.988185,50,2975.003523
-2.962518,50,2975.089519
-2.130576,50,2975.182388
-6.619689,50,2975.275789
-5.381944,50,2975.364935
-8.382959,50,2975.456313
-5.729173,50,2975.55017
-6.513016,50,2975.637143
-5.056899,50,2975.726037
-4.176746,50,2975.822711
-4.475109,50,2975.917347
-3.527924,50,2976.003527
-5.255287,50,2976.098639
-6.191781,50,2976.185555
-2.50001,50,2976.282908
-6.125811,50,2976.375091
-6.587159,50,2976.46803
-5.781993,50,2976.55439
-2.271402,50,2976.646675
-3.5369,50,2976.739591
-5.348894,50,2976.828367
-3.712797,50,2976.921675
-5.962164,50,2977.011752
-4.889147,50,2977.099347
-2.789522,50,2977.194881
-4.225922,50,2977.28777
-4.31399,50,2977.379061
-3.767283,50,2977.467384
-2.891427,50,2977.559327
-6.776783,50,2977.650792
-4.493022,50,2977.738075
-3.072999,50,2977.836206
-4.721673,50,2977.927223
-6.511767,50,2978.022438
-5.121182,50,2978.112871
-5.532438,50,2978.2013
-6.392185,50,2978.292735
-4.688754,50,2978.379562
-6.256467,50,2978.472865
-3.657688,50,2988.003488
-2.592041,50,2988.108946
-2.345409,50,2988.203885
-7.168258,50,2988.29673
-2.651524,50,2988.394421
-4.456243,50,2988.484255
-1.715704,50,2988.578547
-6.072683,50,2988.679743
-4.743869,50,2988.768795
-5.255951,50,2988.865156
-3.828863,50,2988.962543
-4.855783,50,2989.054199
-2.172112,50,2989.153904
-4.321937,50,2989.250771
-2.570492,50,2989.340146
-5.905088,50,2989.434794
-3.654224,50,2989.527451
-5.114462,50,2989.616211
-3.997499,50,2989.711351
-4.078693,50,2989.805034
-5.261348,50,2989.900251
-2.224743,50,2990.001068
-5.548825,50,2990.101745
-6.344371,50,2990.199755
-5.402847,50,2990.298333
-2.364352,50,2990.387298
-7.336827,50,2990.48276
-2.707472,50,2990.577105
-2.864947,50,2990.674743
-2.104141,50,2990.769846
-6.037358,50,2990.8556
-4.810399,50,2990.945864
-3.905566,50,2991.043671
-4.922972,50,2991.12993
-6.871275,50,2991.224939
-3.754493,50,2991.319766
-5.004538,50,2991.405198
-6.461475,50,2991.450031
-2.185622,50,2991.49736
-5.381045,50,2991.544692
-4.142926,50,2991.592745
-4.386756,50,2998.87694
-5.079735,50,2998.953944
-3.608982,50,2999.015185
-3.72844,50,2999.066352
-4.150812,50,2999.124573
-1.571662,50,2999.174175
-4.274223,50,2999.230797
-5.714754,50,2999.27883
-6.979741,50,2999.334909
-8.131428,50,2999.379449
-5.584957,50,2999.424465
-1.446691,50,2999.469459
-3.228192,50,2999.519783
-3.124914,50,2999.566288
-3.561715,50,2999.611026
-5.849443,50,2999.6571
-3.618642,50,2999.70105
-5.22088,50,2999.746379
-7.710982,50,2999.805394
-3.86131,50,2999.850472
-4.668368,50,2999.910854
-3.228328,50,2999.978276
-6.182815,50,3000.036347
-5.373461,50,3000.107469
-4.791219,50,3000.163976
-2.188014,50,3000.216831
-13.290107,50,3000.288414
-4.731091,50,3000.342684
-2.446375,50,3000.392408
-6.62982,50,3000.453249
-3.053021,50,3000.524476
-4.743296,50,3000.576263
-6.647978,50,3000.643939
-5.646162,50,3000.713808
-2.980601,50,3000.783709
-4.973761,50,3000.847641
-5.47757,50,3000.918197
-5.578677,50,3000.977916
-2.606548,50,3001.042767
-4.321047,50,3001.099669
-4.360425,50,3001.156818
-2.323596,50,3008.428433
-4.82196,50,3008.497975
-6.05335,50,3008.577402
-6.184808,50,3008.661163
-6.948598,50,3008.741599
-3.247709,50,3008.857872
-6.696373,50,3008.945107
-4.857563,50,3009.018281
-3.076859,50,3009.104578
-4.129394,50,3009.180728
-5.529264,50,3009.260214
-4.381004,50,3009.332396
-1.775145,50,3009.414609
-6.05717,50,3009.485066
-7.694081,50,3009.5783
-5.3048,50,3009.667542
-2.418717,50,3009.753812
-4.741077,50,3009.841767
-4.480246,50,3009.913357
-3.174641,50,3009.99442
-2.894964,50,3010.06609
-4.058583,50,3010.150868
-3.604525,50,3010.220582
-5.052788,50,3010.287358
-4.28038,50,3010.336228
-6.483424,50,3010.40827
-2.209759,50,3010.486799
-3.2382,50,3010.560705
-5.180687,50,3010.60864
-3.696925,50,3010.674778
-4.425165,50,3010.733026
-5.810467,50,3010.777872
-3.324562,50,3010.825635
-2.129853,50,3010.885238
-3.878272,50,3010.962543
-4.916843,50,3011.015403
-2.827844,50,3011.065236
-6.81866,50,3011.119479
-1.498886,50,3011.174232
-4.599115,50,3011.22377
-4.045975,50,3011.273108
-4.781163,50,3018.995131
-2.542445,50,3019.090743
-5.863984,50,3019.139939
-4.626098,50,3019.18419
-6.21089,50,3019.316933
-5.122875,50,3019.509349
-3.959475,50,3019.681781
-4.963156,50,3019.85144
-6.008339,50,3020.026696
-4.29017,50,3020.218487
-3.033575,50,3020.460089
-3.593618,50,3020.715868
-3.826196,50,3020.934774
-6.980859,50,3021.07031
-3.502906,50,3021.327788
-6.614826,50,3021.590887
-6.507632,50,3021.848924
-4.961761,50,3022.089338
-3.546073,50,3022.341678
-5.653661,50,3022.587126
-5.424974,50,3022.824431
-4.119353,50,3023.075473
-6.654974,50,3023.326903
-3.556092,50,3023.563535
-3.613298,50,3023.798041
-5.697551,50,3024.03388
-3.410645,50,3024.284771
-4.437963,50,3024.538593
-6.360052,50,3024.780972
-5.042775,50,3025.02639
-3.426766,50,3025.28029
-2.938378,50,3025.532411
-7.821665,50,3025.779295
-3.904143,50,3026.01482
-4.414597,50,3026.25065
-3.64538,50,3026.49966
-4.100324,50,3026.741035
-5.249163,50,3026.984547
-4.528036,50,3027.214916
-6.430093,50,3027.466445
-5.817555,50,3027.699973
-3.311261,50,3043.118538
-4.864582,50,3043.370022
-3.360195,50,3043.624624
-4.357059,50,3043.890318
-5.729432,50,3044.146343
-4.174449,50,3044.396403
-3.669089,50,3044.631792
-4.776915,50,3044.865815
-6.151451,50,3045.134887
-4.896338,50,3045.383342
-1.801995,50,3045.620662
-1.941873,50,3045.875009
-1.743295,50,3046.147612
-4.650166,50,3046.39812
-1.673079,50,3046.649652
-4.57344,50,3046.900826
-7.242196,50,3047.153294
-3.345949,50,3047.40847
-7.732657,50,3047.658124
-2.8442,50,3047.911842
-6.456629,50,3048.158615
-7.207044,50,3048.415238
-4.470742,50,3048.657849
-4.798811,50,3048.903296
-4.041456,50,3049.176423
-5.036862,50,3049.427546
-3.796158,50,3049.678725
-5.28554,50,3049.927392
-3.490893,50,3050.165111
-2.297413,50,3050.417296
-6.252305,50,3050.670081
-4.351129,50,3050.938893
-5.31772,50,3051.196954
-4.799314,50,3051.448739
-6.499546,50,3051.683694
-1.345718,50,3051.932532
-4.631301,50,3052.152945
-4.874566,50,3052.384283
-6.361525,50,3052.635517
-7.038745,50,3052.889068
-4.745372,50,3053.141254
-6.390186,50,3064.873497
-8.762811,50,3064.976313
-2.104937,50,3065.082078
-4.695122,50,3065.173477
-1.253996,50,3065.265959
-5.241728,50,3065.360665
-3.665889,50,3065.455914
-6.55117,50,3065.539816
-4.970442,50,3065.630397
-5.006917,50,3065.724544
-7.572336,50,3065.820071
-4.961076,50,3065.913845
-3.726081,50,3066.006407
-3.517068,50,3066.091419
-0.932781,50,3066.186325
-3.343881,50,3066.279058
-5.024771,50,3066.371697
-3.444699,50,3066.46205
-5.493981,50,3066.555912
-2.802166,50,3066.649649
-6.336005,50,3066.744789
-2.709956,50,3066.832823
-2.181966,50,3066.92412
-1.144646,50,3067.014542
-4.672503,50,3067.10405
-7.166955,50,3067.195822
-3.699191,50,3067.281976
-6.88439,50,3067.375064
-3.793164,50,3067.464839
-3.02168,50,3067.560491
-5.830481,50,3067.655008
-7.661646,50,3067.75571
-5.554739,50,3067.850347
-3.454124,50,3067.955374
-5.304724,50,3068.044785
-3.513174,50,3068.148995
-5.929424,50,3068.24297
-6.235812,50,3068.327208
-3.598434,50,3068.418314
-2.401011,50,3068.513044
-5.846326,50,3068.611591
-3.3534,50,3078.582557
-6.590173,50,3078.690813
-6.622767,50,3078.803119
-4.758098,50,3078.907322
-2.909796,50,3079.016137
-1.508379,50,3079.115189
-2.156918,50,3079.219364
-4.829523,50,3079.337194
-4.977484,50,3079.438936
-3.103248,50,3079.539235
-6.18485,50,3079.637946
-6.90179,50,3079.738894
-6.365962,50,3079.839078
-7.279536,50,3079.938759
-3.50781,50,3080.040328
-5.670905,50,3080.141216
-6.702592,50,3080.241288
-2.567752,50,3080.343196
-2.0404,50,3080.443714
-5.975868,50,3080.545822
-6.87209,50,3080.648087
-5.564005,50,3080.759435
-5.526866,50,3080.859494
-4.013362,50,3080.963175
-4.538947,50,3081.067971
-3.993798,50,3081.168743
-6.022129,50,3081.270883
-3.689959,50,3081.377165
-5.347677,50,3081.480418
-1.513545,50,3081.592402
-4.297264,50,3081.695456
-4.386674,50,3081.794674
-4.115059,50,3081.898046
-5.247258,50,3081.999457
-6.5548,50,3082.102433
-2.953076,50,3082.203104
-3.863724,50,3082.301695
-3.151966,50,3082.405536
-4.270905,50,3082.514708
-5.812566,50,3082.628456
-3.56935,50,3082.730887
-1.742535,50,3093.994046
-4.725021,50,3094.107413
-2.860733,50,3094.210055
-5.682291,50,3094.303468
-3.460634,50,3094.399207
-1.510122,50,3094.49952
-2.536845,50,3094.599452
-3.288058,50,3094.709735
-3.709315,50,3094.812006
-8.05022,50,3094.9138
-4.776302,50,3095.0174
-4.020675,50,3095.123768
-4.760553,50,3095.228188
-3.342016,50,3095.331183
-2.3082,50,3095.43927
-6.512918,50,3095.539409
-2.073768,50,3095.644006
-5.638531,50,3095.748801
-5.41832,50,3095.846799
-5.257305,50,3095.949528
-2.236158,50,3096.049041
-6.929076,50,3096.096089
-4.226609,50,3096.141742
-6.480178,50,3096.187141
-4.814886,50,3096.233639
-3.339007,50,3096.28003
-2.429433,50,3096.326419
-4.964225,50,3096.373016
-3.784581,50,3096.419671
-5.257262,50,3096.464507
-2.831002,50,3096.508252
-4.088144,50,3096.552242
-2.905129,50,3096.600193
-4.312246,50,3096.652722
-3.355749,50,3096.700252
-4.089413,50,3096.74955
-2.970924,50,3096.796607
-4.732088,50,3096.840455
-3.585565,50,3096.883838
-3.78905,50,3096.939399
-4.989536,50,3097.02636
-2.580773,50,3104.292694
-5.424604,50,3104.377376
-2.415399,50,3104.42273
-2.247598,50,3104.486554
-3.076638,50,3104.551773
-4.987529,50,3104.629006
-1.865689,50,3104.687827
-4.265227,50,3104.754837
-5.441497,50,3104.818448
-1.21503,50,3104.880751
-4.710506,50,3104.958116
-5.997857,50,3105.006422
-2.788215,50,3105.060403
-2.620766,50,3105.120136
-5.719702,50,3105.181057
-4.749728,50,3105.242678
-3.147921,50,3105.314036
-1.763749,50,3105.378931
-2.59248,50,3105.452207
-6.147087,50,3105.524181
-4.28526,50,3105.599301
-7.256939,50,3105.658276
-4.495439,50,3105.725768
-2.797533,50,3105.785304
-3.233208,50,3105.857849
-4.803256,50,3105.913051
-3.182549,50,3105.973467
-5.460858,50,3106.046699
-5.644692,50,3106.103895
-3.627747,50,3106.175208
-1.631516,50,3106.25151
-1.311013,50,3106.325149
-4.857767,50,3106.401363
-3.146901,50,3106.468561
-5.299453,50,3106.548456
-5.558272,50,3106.613251
-5.222159,50,3106.689463
-8.524014,50,3106.772532
-4.804411,50,3106.845761
-3.714713,50,3106.920551
-6.384169,50,3113.980211
-5.208431,50,3114.052762
-4.614807,50,3114.140134
-7.045159,50,3114.21519
-5.326162,50,3114.29658
-5.772595,50,3114.383905
-4.06871,50,3114.462321
-3.61073,50,3114.54658
-5.397124,50,3114.634311
-5.146349,50,3114.70681
-4.591046,50,3114.78573
-3.256207,50,3114.866533
-3.080615,50,3114.940528
-5.538258,50,3114.982662
-3.904756,50,3115.024801
-3.773486,50,3115.099854
-4.088117,50,3115.182245
-6.224678,50,3115.269246
-5.426702,50,3115.350132
-5.243369,50,3115.434902
-2.132277,50,3115.495162
-5.260804,50,3115.58005
-5.695368,50,3115.664541
-5.622909,50,3115.748679
-4.173688,50,3115.819755
-3.778127,50,3115.904089
-4.456475,50,3115.973071
-3.044236,50,3116.041503
-7.072056,50,3116.113089
-3.506937,50,3116.19369
-2.184803,50,3116.277839
-4.468637,50,3116.355751
-1.61577,50,3116.425817
-5.644564,50,3116.486533
-5.266013,50,3116.567626
-4.020106,50,3116.639261
-5.825295,50,3116.719116
-4.98003,50,3116.806277
-3.158212,50,3116.888176
-7.142036,50,3116.957681
-6.197855,50,3117.045067
-4.367325,50,3124.113009
-2.113923,50,3124.184081
-5.480049,50,3124.265351
-1.344955,50,3124.331835
-5.113831,50,3124.405636
-6.405227,50,3124.482167
-4.375416,50,3124.562609
-6.028062,50,3124.629306
-2.963073,50,3124.691583
-2.538483,50,3124.774583
-3.455334,50,3124.840918
-4.880321,50,3124.917698
-3.936982,50,3124.990705
-5.076974,50,3125.064755
-3.288291,50,3125.130877
-6.779308,50,3125.201009
-3.8305,50,3125.278174
-2.526237,50,3125.351951
-3.943088,50,3125.422147
-2.409518,50,3125.493358
-3.786389,50,3125.57484
-5.333047,50,3125.647867
-4.451758,50,3125.722579
-6.381056,50,3125.789735
-5.499907,50,3125.850729
-5.154171,50,3125.912771
-3.596691,50,3125.981263
-3.577736,50,3126.053398
-2.301818,50,3126.122674
-3.326745,50,3126.186597
-4.011041,50,3126.257336
-5.950488,50,3126.330785
-2.4964,50,3126.399732
-2.855328,50,3126.479075
-5.362752,50,3126.550858
-5.338559,50,3126.620686
-2.217844,50,3126.690831
-7.214878,50,3126.770653
-5.502282,50,3126.840034
-5.612683,50,3126.900588
-3.278571,50,3126.978436
-3.641254,50,3134.265
-6.290847,50,3134.347441
-6.47157,50,3134.423262
-2.540486,50,3134.501176
-3.655471,50,3134.57664
-5.138319,50,3134.646727
-7.354301,50,3134.712785
-4.493857,50,3134.788713
-2.693336,50,3134.856553
-3.144706,50,3134.923443
-7.908381,50,3134.992728
-4.045528,50,3135.061589
-3.589132,50,3135.119458
-2.106923,50,3135.183099
-6.990203,50,3135.241787
-7.621359,50,3135.314246
-6.406735,50,3135.388292
-4.206446,50,3135.464405
-7.811568,50,3135.53526
-3.594219,50,3135.59242
-4.536496,50,3135.648526
-1.122254,50,3135.719675
-4.230693,50,3135.790631
-3.098007,50,3135.863087
-3.315644,50,3135.923796
-3.662257,50,3135.974849
-4.910367,50,3136.033412
-4.820282,50,3136.092757
-4.581827,50,3136.152382
-4.289341,50,3136.212845
-4.163637,50,3136.272264
-5.83267,50,3136.338229
-1.970487,50,3136.394089
-5.352205,50,3136.44967
-4.221174,50,3136.52764
-2.725692,50,3136.601267
-4.605791,50,3136.663833
-3.480849,50,3136.725457
-6.723129,50,3136.782369
-5.5505,50,3136.853324
-3.00571,50,3136.91191
-3.255828,50,3144.236719
-6.270489,50,3144.308892
-6.380236,50,3144.360779
-4.197831,50,3144.410256
-5.823043,50,3144.476391
-4.666114,50,3144.532472
-4.873778,50,3144.587272
-3.509963,50,3144.647143
-6.575829,50,3144.731854
-5.119616,50,3144.796949
-4.050469,50,3144.874576
-6.51098,50,3144.951677
-3.574041,50,3145.011717
-5.89706,50,3145.066635
-6.761295,50,3145.117932
-3.228208,50,3145.181751
-3.738077,50,3145.251749
-5.020837,50,3145.335602
-2.607875,50,3145.421679
-4.620896,50,3145.504104
-6.307155,50,3145.582854
-5.577076,50,3145.657447
-6.310294,50,3145.730802
-6.275216,50,3145.814988
-4.209941,50,3145.87285
-3.797933,50,3145.933077
-4.9603,50,3145.988985
-3.471913,50,3146.053503
-6.396808,50,3146.101938
-5.773035,50,3146.164363
-2.652403,50,3146.215784
-4.87293,50,3146.283618
-4.599831,50,3146.361414
-3.321579,50,3146.426755
-5.862895,50,3146.50065
-5.797359,50,3146.567314
-4.338371,50,3146.643816
-5.39663,50,3146.698542
-1.821914,50,3146.767713
-2.957152,50,3146.830951
-3.321683,50,3146.897684
-4.940894,50,3154.230157
-3.340289,50,3154.308605
-6.678788,50,3154.391021
-2.28247,50,3154.474671
-5.634619,50,3154.558011
-5.571212,50,3154.623321
-3.446949,50,3154.677183
-2.71011,50,3154.755919
-2.674579,50,3154.805943
-7.113628,50,3154.857554
-4.353995,50,3154.91569
-7.241941,50,3154.965727
-4.079785,50,3155.01366
-6.060756,50,3155.060878
-8.197794,50,3155.107361
-5.413013,50,3155.153501
-5.992947,50,3155.210413
-3.371416,50,3155.282644
-4.367444,50,3155.331032
-5.251287,50,3155.379704
-4.951942,50,3155.435453
-3.470451,50,3155.483635
-2.48047,50,3155.541167
-4.3718,50,3155.603204
-5.846429,50,3155.663106
-2.841689,50,3155.716692
-5.01378,50,3155.764716
-4.18271,50,3155.810818
-2.639916,50,3155.865104
-7.196597,50,3155.913861
-4.424432,50,3155.961128
-5.106499,50,3156.008523
-1.431145,50,3156.053398
-5.181271,50,3156.099146
-6.680696,50,3156.145406
-5.409596,50,3156.192156
-6.896683,50,3156.245609
-5.851943,50,3156.304439
-2.684238,50,3156.36471
-7.477893,50,3156.412718
-4.252281,50,3156.471613
