#{"t_start": 1765900060.5453227, "env_id": "Reacher-v4"}
r,l,t
-64.214397,50,0.311009
-59.838964,50,0.346665
-62.414389,50,0.39258
-63.761185,50,0.441439
-61.760226,50,0.483707
-64.820096,50,0.515706
-55.841389,50,0.547497
-58.407435,50,0.579134
-56.638315,50,0.610816
-56.868572,50,0.642488
-59.316631,50,0.674259
-61.986086,50,0.708086
-61.276614,50,0.742386
-53.833486,50,0.776573
-54.620272,50,0.808103
-62.812095,50,0.839598
-61.361978,50,0.871792
-62.645724,50,0.906844
-55.870424,50,0.941588
-55.497336,50,0.974677
-61.221433,50,1.008692
-62.042338,50,1.040831
-63.790507,50,1.0755
-66.17532,50,1.107493
-46.694916,50,1.139879
-59.505023,50,1.174099
-71.161432,50,1.207376
-59.384405,50,1.240152
-62.357661,50,1.284116
-64.103471,50,1.31671
-58.155043,50,1.361647
-68.328557,50,1.408666
-60.098262,50,1.469047
-58.383326,50,1.510895
-53.658541,50,1.563066
-56.098731,50,1.603888
-57.050166,50,1.667367
-58.206808,50,1.739522
-63.412425,50,1.807784
-57.746368,50,1.881198
-60.140401,50,2.794148
-65.6786,50,2.870114
-53.965725,50,2.939292
-62.739574,50,3.007966
-66.337814,50,3.077307
-58.376813,50,3.149582
-63.333306,50,3.217923
-62.520637,50,3.288308
-51.449812,50,3.358323
-59.618292,50,3.430257
-54.934374,50,3.500488
-54.97968,50,3.572346
-60.3564,50,3.64017
-59.944568,50,3.708594
-69.174155,50,3.778341
-54.929536,50,3.849934
-68.925199,50,3.919324
-64.807805,50,3.990886
-58.627632,50,4.060446
-67.144077,50,4.128808
-52.315261,50,4.200098
-58.35678,50,4.270064
-60.007052,50,4.340003
-67.37191,50,4.408571
-65.84241,50,4.479883
-59.461582,50,4.55086
-60.66499,50,4.619685
-53.64942,50,4.68921
-54.851795,50,4.758038
-64.352989,50,4.829475
-60.686465,50,4.899184
-53.504269,50,4.968995
-66.902004,50,5.03712
-61.448247,50,5.110153
-64.354509,50,5.163716
-63.464516,50,5.20087
-59.518319,50,5.234858
-58.04514,50,5.267339
-64.969261,50,5.299668
-58.522277,50,5.33461
-64.214118,50,5.404076
-67.551495,50,6.323841
-62.019651,50,6.398315
-52.439744,50,6.470567
-66.255341,50,6.543895
-58.19403,50,6.61251
-56.30215,50,6.682317
-59.258886,50,6.754863
-60.534069,50,6.822399
-55.188309,50,6.893585
-58.535885,50,6.964598
-57.020449,50,7.035623
-55.97952,50,7.104563
-52.254269,50,7.173027
-53.46549,50,7.242204
-54.564663,50,7.309328
-63.604356,50,7.377629
-65.866032,50,7.447524
-57.561321,50,7.516089
-63.26095,50,7.587256
-58.110141,50,7.656229
-59.661117,50,7.723625
-58.893528,50,7.790958
-56.79394,50,7.860519
-57.146644,50,7.928029
-64.007105,50,7.996754
-56.577736,50,8.064167
-57.09095,50,8.132582
-59.611987,50,8.202821
-53.554152,50,8.270282
-59.289446,50,8.338613
-52.755964,50,8.407312
-56.858425,50,8.478271
-52.086564,50,8.5465
-58.504056,50,8.613934
-59.664905,50,8.68071
-57.542448,50,8.74949
-63.285146,50,8.818658
-61.857767,50,8.887349
-53.923124,50,8.956879
-57.441947,50,9.025262
-52.790827,50,9.092215
-60.910417,50,9.602198
-55.344527,50,9.644329
-46.204682,50,9.676636
-55.71964,50,9.712704
-62.601847,50,9.74584
-64.685183,50,9.781972
-55.106738,50,9.815521
-43.386943,50,9.859113
-59.015067,50,9.903366
-56.731185,50,9.937157
-60.092748,50,9.978581
-53.092567,50,10.014134
-54.558574,50,10.048767
-63.99187,50,10.087398
-56.601422,50,10.121877
-59.518282,50,10.155868
-54.98733,50,10.200404
-52.891288,50,10.236646
-58.418784,50,10.270673
-53.576928,50,10.302868
-52.894457,50,10.333918
-56.866517,50,10.373899
-62.201969,50,10.409137
-48.925239,50,10.441344
-57.344956,50,10.47525
-56.678809,50,10.510302
-56.521653,50,10.545242
-62.347304,50,10.581174
-54.63678,50,10.618112
-51.149832,50,10.657033
-59.227511,50,10.699799
-56.451515,50,10.75912
-54.423737,50,10.808583
-53.608106,50,10.86491
-50.491127,50,10.906415
-62.919821,50,10.945524
-56.470787,50,10.994497
-53.711662,50,11.041385
-52.305114,50,11.09816
-51.237229,50,11.152151
-53.831707,50,11.205158
-57.78084,50,11.655345
-49.72522,50,11.717451
-55.363913,50,11.767973
-51.35614,50,11.815014
-49.947485,50,11.852911
-52.266578,50,11.892527
-58.851697,50,11.936862
-55.881674,50,11.991628
-48.380086,50,12.044191
-56.87893,50,12.083999
-57.647608,50,12.134211
-45.396007,50,12.1777
-56.897233,50,12.221292
-48.736539,50,12.266941
-57.57396,50,12.317187
-48.824956,50,12.357374
-54.499469,50,12.410304
-53.522573,50,12.460108
-52.027631,50,12.513718
-48.514176,50,12.556722
-52.519464,50,12.605669
-63.158453,50,12.653803
-52.020075,50,12.70209
-63.490171,50,12.738912
-55.340411,50,12.789063
-44.266095,50,12.822023
-51.282499,50,12.865008
-51.669161,50,12.897487
-54.644521,50,12.935957
-54.61364,50,12.98239
-53.209424,50,13.023669
-65.57477,50,13.056638
-60.649519,50,13.09671
-51.122581,50,13.145382
-50.947956,50,13.192475
-49.590441,50,13.22561
-53.604605,50,13.266429
-61.49969,50,13.326473
-53.405551,50,13.370097
-50.208917,50,13.419101
-47.652649,50,13.454885
-45.861081,50,13.908895
-50.23566,50,13.955121
-51.043562,50,13.998279
-49.850591,50,14.049488
-49.363413,50,14.092991
-50.802768,50,14.126887
-48.075939,50,14.164815
-49.473803,50,14.201774
-48.533614,50,14.234734
-42.852039,50,14.278909
-49.611197,50,14.314603
-53.01403,50,14.361796
-49.364848,50,14.404557
-50.004079,50,14.454586
-45.597559,50,14.5021
-49.467112,50,14.556803
-48.633063,50,14.614805
-54.490132,50,14.656374
-54.735475,50,14.707695
-45.899558,50,14.762463
-52.105559,50,14.815503
-50.408216,50,14.859222
-55.460006,50,14.924698
-41.16241,50,14.983204
-49.976265,50,15.034899
-52.369687,50,15.083718
-58.970779,50,15.139789
-47.076201,50,15.182503
-53.650968,50,15.21819
-53.084573,50,15.253223
-47.5136,50,15.295899
-57.843923,50,15.348025
-48.798052,50,15.394689
-62.218172,50,15.449539
-53.560083,50,15.487119
-50.215467,50,15.525769
-41.557518,50,15.576742
-44.375317,50,15.623113
-49.532123,50,15.676493
-56.18617,50,15.731065
-50.65245,50,15.779486
-53.23003,50,16.27364
-46.554895,50,16.332344
-53.304142,50,16.390354
-48.249375,50,16.451533
-49.521336,50,16.510172
-51.088455,50,16.562289
-49.102299,50,16.616992
-50.186955,50,16.665741
-48.315223,50,16.716122
-48.656369,50,16.759996
-40.479641,50,16.810797
-42.987035,50,16.854772
-48.458985,50,16.908178
-52.941915,50,16.94372
-48.837044,50,16.990383
-51.400657,50,17.033615
-48.770041,50,17.069891
-48.817857,50,17.103803
-45.851601,50,17.140211
-44.222753,50,17.184705
-49.582291,50,17.232895
-55.22863,50,17.281072
-52.395954,50,17.331992
-49.959616,50,17.388631
-49.445374,50,17.452562
-39.831894,50,17.506655
-43.993676,50,17.558796
-47.689549,50,17.615315
-53.850288,50,17.670789
-50.175137,50,17.726761
-49.554256,50,17.782151
-50.711331,50,17.837974
-44.90033,50,17.888765
-48.454119,50,17.939756
-52.826662,50,17.97937
-45.134349,50,18.030161
-48.31785,50,18.068076
-40.317925,50,18.112858
-47.098311,50,18.164153
-57.098966,50,18.208864
-43.071363,50,18.263173
-44.282034,50,18.741563
-39.420562,50,18.795885
-42.703756,50,18.849082
-41.427377,50,18.903718
-49.826436,50,18.95101
-46.337458,50,19.010686
-48.35651,50,19.064124
-42.850257,50,19.117612
-48.876964,50,19.164884
-52.736875,50,19.205764
-57.30662,50,19.242601
-43.080595,50,19.297433
-49.263525,50,19.352699
-50.352022,50,19.408378
-43.012619,50,19.464057
-45.550257,50,19.517494
-48.40334,50,19.574166
-41.846821,50,19.633703
-44.858946,50,19.687369
-50.563099,50,19.746636
-42.829927,50,19.807346
-44.183272,50,19.86355
-45.152666,50,19.914658
-49.447755,50,19.975522
-41.34292,50,20.024159
-48.344028,50,20.080117
-43.826397,50,20.125417
-46.500721,50,20.169893
-45.372365,50,20.211842
-47.249934,50,20.256489
-39.985979,50,20.306868
-50.540514,50,20.359984
-54.954859,50,20.414489
-45.666765,50,20.479815
-43.054332,50,20.534343
-42.39727,50,20.592967
-48.031482,50,20.655966
-39.813247,50,20.712906
-46.035917,50,20.748603
-45.042772,50,20.797144
-45.952791,50,20.839215
-52.758298,50,21.292014
-44.426019,50,21.357933
-44.39935,50,21.414888
-40.056511,50,21.473342
-37.510211,50,21.531593
-38.939601,50,21.596462
-45.715139,50,21.650178
-38.396934,50,21.70549
-40.790779,50,21.758586
-41.313078,50,21.812291
-44.597527,50,21.868835
-36.550416,50,21.919604
-44.228237,50,21.977125
-38.053647,50,22.021443
-44.377256,50,22.064329
-42.893789,50,22.10807
-38.002189,50,22.157218
-44.872025,50,22.203064
-49.672867,50,22.237959
-39.320998,50,22.28515
-41.604422,50,22.342511
-46.348882,50,22.400734
-45.776185,50,22.457416
-39.803967,50,22.51222
-43.827548,50,22.5777
-40.698562,50,22.629802
-43.120215,50,22.690116
-40.322217,50,22.731885
-47.68475,50,22.776918
-39.682077,50,22.833877
-38.745784,50,22.886358
-38.205758,50,22.933807
-45.769688,50,22.975835
-45.706588,50,23.033282
-51.880668,50,23.086699
-44.282193,50,23.137519
-42.988771,50,23.173321
-45.578855,50,23.224002
-41.862116,50,23.285577
-38.289117,50,23.340025
-42.453063,50,23.40233
-42.244614,50,23.873205
-39.755031,50,23.933379
-37.207943,50,23.982967
-34.234294,50,24.03999
-47.760092,50,24.090946
-36.786791,50,24.138259
-39.349098,50,24.182502
-46.046212,50,24.228879
-41.531431,50,24.284276
-44.342303,50,24.342264
-43.632107,50,24.399951
-43.051746,50,24.45707
-47.758482,50,24.513023
-35.740973,50,24.566248
-38.442283,50,24.623873
-41.835569,50,24.669112
-44.54331,50,24.711231
-41.547078,50,24.765762
-33.158859,50,24.807819
-39.611593,50,24.854691
-37.477066,50,24.904064
-43.128802,50,24.956974
-43.410746,50,25.008682
-45.709878,50,25.051427
-38.239147,50,25.107579
-41.697769,50,25.162347
-36.632081,50,25.205849
-33.882025,50,25.250375
-31.938185,50,25.295155
-41.48917,50,25.352582
-32.51437,50,25.401122
-36.486603,50,25.458732
-41.842103,50,25.515368
-45.320376,50,25.569232
-41.109091,50,25.622551
-40.481695,50,25.678803
-37.347989,50,25.731921
-39.01463,50,25.788194
-37.975575,50,25.844662
-44.403926,50,25.886137
-49.944475,50,25.93784
-41.351441,50,26.40181
-35.79017,50,26.455861
-27.019104,50,26.513282
-31.923398,50,26.576216
-44.555687,50,26.631711
-33.467864,50,26.693909
-45.135825,50,26.749395
-37.654564,50,26.809475
-36.715252,50,26.862359
-39.442587,50,26.922459
-42.108164,50,26.955968
-33.33523,50,26.991419
-33.52167,50,27.026839
-43.893354,50,27.060145
-34.328776,50,27.111489
-38.409077,50,27.168036
-38.888423,50,27.227627
-40.755815,50,27.277725
-40.813321,50,27.323931
-42.978709,50,27.363978
-37.766691,50,27.407899
-35.168985,50,27.465399
-34.555549,50,27.514511
-32.545861,50,27.574675
-49.161504,50,27.632013
-37.790461,50,27.68751
-43.00929,50,27.742428
-42.71278,50,27.804852
-38.626339,50,27.867387
-48.011219,50,27.923282
-45.335855,50,27.965323
-36.795694,50,28.003459
-35.776714,50,28.060591
-35.147667,50,28.098116
-37.647886,50,28.130622
-33.718828,50,28.169426
-38.076165,50,28.20128
-35.772742,50,28.239851
-34.778965,50,28.293983
-39.855333,50,28.342982
-35.244284,50,28.375945
-39.21659,50,28.851824
-28.769054,50,28.908692
-36.390888,50,28.967356
-35.007713,50,29.021575
-33.670046,50,29.083201
-35.620939,50,29.136683
-40.576633,50,29.196663
-35.54033,50,29.257814
-42.566214,50,29.312575
-31.788906,50,29.369979
-36.188268,50,29.427667
-40.032387,50,29.480242
-37.183687,50,29.536577
-43.661444,50,29.591344
-44.308689,50,29.642133
-32.303153,50,29.699373
-36.246372,50,29.755374
-29.976054,50,29.816876
-33.723188,50,29.874297
-33.712876,50,29.92233
-37.563671,50,29.975107
-36.873098,50,30.026782
-35.347307,50,30.079482
-45.454989,50,30.120399
-34.181607,50,30.173542
-36.904436,50,30.226753
-42.942315,50,30.273268
-40.528741,50,30.328988
-32.257073,50,30.386372
-36.800873,50,30.442042
-44.032098,50,30.493934
-42.726605,50,30.547586
-39.472672,50,30.607651
-36.715121,50,30.662735
-35.381222,50,30.720214
-45.506048,50,30.772357
-29.118456,50,30.832834
-30.390445,50,30.872519
-28.063078,50,30.903988
-36.320553,50,30.955198
-37.273561,50,30.999437
-32.277795,50,31.447184
-28.019628,50,31.500662
-33.618071,50,31.561733
-30.957025,50,31.619426
-33.519449,50,31.676087
-30.585937,50,31.731886
-40.714359,50,31.793296
-38.22328,50,31.843151
-30.360451,50,31.897154
-40.074081,50,31.948874
-29.545657,50,32.007636
-34.063583,50,32.048443
-30.138036,50,32.105809
-33.532168,50,32.152443
-32.288441,50,32.193664
-33.966925,50,32.244578
-36.166249,50,32.297342
-31.124458,50,32.344306
-31.684192,50,32.386398
-37.642268,50,32.430777
-31.208735,50,32.484046
-30.995934,50,32.542467
-32.947071,50,32.597302
-33.243501,50,32.655968
-34.962947,50,32.711977
-28.947377,50,32.768629
-36.871659,50,32.826959
-34.222748,50,32.869296
-39.602004,50,32.919114
-26.258356,50,32.962669
-31.964426,50,33.002167
-35.710834,50,33.04035
-22.303813,50,33.0832
-30.358449,50,33.125403
-32.676046,50,33.17039
-37.179199,50,33.222242
-27.437854,50,33.267685
-38.152328,50,33.311456
-30.312208,50,33.366513
-30.541011,50,33.406898
-39.692689,50,33.462161
-26.119418,50,33.917233
-23.994015,50,33.976099
-27.298781,50,34.036138
-33.054086,50,34.091451
-33.651265,50,34.152206
-34.626825,50,34.214763
-35.747378,50,34.250936
-30.950299,50,34.307045
-26.442045,50,34.34784
-26.327354,50,34.393778
-29.02696,50,34.445813
-34.599059,50,34.493725
-33.268638,50,34.550257
-24.621145,50,34.606318
-36.851314,50,34.658883
-21.49648,50,34.71303
-27.261958,50,34.767509
-34.361455,50,34.822857
-39.02249,50,34.887809
-34.012934,50,34.939414
-30.606367,50,34.99637
-24.997479,50,35.048264
-31.961335,50,35.104774
-29.629273,50,35.166643
-34.146699,50,35.221929
-29.332711,50,35.258754
-32.716161,50,35.304268
-33.165876,50,35.340579
-35.543718,50,35.384179
-30.484563,50,35.421134
-37.343966,50,35.476035
-31.884035,50,35.524066
-26.435307,50,35.581875
-29.688503,50,35.636072
-34.525723,50,35.690375
-34.843128,50,35.751521
-29.205889,50,35.810469
-29.887367,50,35.867379
-24.975951,50,35.915553
-27.930557,50,35.969144
-32.186552,50,36.009801
-32.820977,50,36.454048
-28.826602,50,36.496595
-31.715457,50,36.553746
-27.636328,50,36.606181
-32.008295,50,36.659822
-29.514626,50,36.713257
-28.53559,50,36.763526
-25.970516,50,36.823605
-30.758871,50,36.874298
-20.786684,50,36.926897
-24.772774,50,36.986547
-37.207365,50,37.039634
-28.521278,50,37.084556
-31.991299,50,37.135809
-27.942465,50,37.183922
-22.225836,50,37.230344
-28.259314,50,37.277169
-28.273521,50,37.318812
-33.745739,50,37.35798
-26.608838,50,37.397765
-36.171012,50,37.441873
-30.949135,50,37.497943
-30.496075,50,37.553865
-30.25395,50,37.60935
-24.425403,50,37.659355
-22.94381,50,37.716874
-23.837718,50,37.770522
-35.388907,50,37.826607
-32.400406,50,37.876998
-24.160034,50,37.938447
-31.63558,50,37.994856
-26.703781,50,38.046447
-30.312549,50,38.104974
-31.798765,50,38.151727
-28.866109,50,38.204272
-23.344981,50,38.253541
-24.453123,50,38.301077
-29.092227,50,38.356003
-27.810569,50,38.396811
-31.25224,50,38.43878
-37.435381,50,38.500833
-28.472483,50,38.963412
-22.09055,50,39.0223
-29.558331,50,39.078103
-22.463004,50,39.138053
-23.465183,50,39.198947
-22.77594,50,39.261391
-28.901643,50,39.312243
-27.55198,50,39.365637
-25.276497,50,39.408266
-28.253009,50,39.445868
-27.324528,50,39.494045
-30.569638,50,39.547603
-28.587184,50,39.599862
-35.063034,50,39.653728
-24.918498,50,39.713961
-28.934111,50,39.761524
-30.347242,50,39.796519
-21.37603,50,39.839149
-24.606331,50,39.888512
-23.779729,50,39.924922
-28.439709,50,39.97807
-23.6676,50,40.029298
-21.156511,50,40.084451
-26.624207,50,40.130616
-23.926448,50,40.178871
-25.132961,50,40.22189
-27.03644,50,40.265951
-24.293462,50,40.305307
-28.201233,50,40.363315
-28.947528,50,40.423782
-22.653035,50,40.475993
-22.680974,50,40.529488
-22.279602,50,40.582114
-27.588213,50,40.621161
-23.387365,50,40.675617
-29.867111,50,40.723367
-25.830054,50,40.770015
-27.254489,50,40.818628
-26.004084,50,40.875873
-25.911128,50,40.925207
-28.6433,50,40.963784
-30.150188,50,41.439772
-18.937481,50,41.4965
-27.882985,50,41.544314
-21.192066,50,41.592793
-30.402809,50,41.645337
-29.269646,50,41.683745
-29.478115,50,41.731938
-21.193491,50,41.769846
-27.399083,50,41.806813
-21.292714,50,41.863055
-25.030117,50,41.917825
-24.161128,50,41.958219
-27.4571,50,41.995425
-30.768691,50,42.045274
-30.616385,50,42.088458
-27.354129,50,42.13976
-21.245977,50,42.180297
-23.288622,50,42.22526
-19.891103,50,42.275793
-21.13405,50,42.331537
-22.56865,50,42.386321
-28.358519,50,42.439541
-22.973115,50,42.494427
-28.560564,50,42.536063
-27.756186,50,42.592535
-21.921403,50,42.636493
-24.265131,50,42.695152
-24.569666,50,42.739391
-19.015938,50,42.789073
-28.400429,50,42.834046
-24.533269,50,42.875556
-22.391176,50,42.929753
-26.450678,50,42.973135
-22.60565,50,43.027234
-24.725647,50,43.085777
-25.518458,50,43.127466
-18.129164,50,43.166153
-25.826432,50,43.213736
-24.419178,50,43.267523
-21.364418,50,43.31199
-20.238612,50,43.372867
-17.246595,50,43.867791
-18.650497,50,43.920478
-21.307503,50,43.969519
-21.823837,50,44.019304
-22.623128,50,44.060812
-22.69437,50,44.101215
-24.106333,50,44.155257
-17.915809,50,44.209282
-15.836001,50,44.253351
-25.04146,50,44.290501
-18.62862,50,44.329557
-20.17466,50,44.364252
-21.477759,50,44.400969
-23.280958,50,44.441953
-27.712034,50,44.485074
-24.563674,50,44.52159
-27.52138,50,44.562424
-21.410088,50,44.597653
-19.074447,50,44.651491
-19.39618,50,44.70477
-17.077438,50,44.755078
-20.641704,50,44.798061
-21.624781,50,44.848748
-21.726276,50,44.901688
-20.974766,50,44.960787
-24.921347,50,45.018214
-27.038672,50,45.069399
-20.590401,50,45.124038
-20.97375,50,45.180192
-17.978391,50,45.230895
-20.555245,50,45.285236
-21.549416,50,45.342806
-21.313108,50,45.400362
-23.368003,50,45.451851
-23.134899,50,45.503775
-25.346559,50,45.5501
-20.810459,50,45.597953
-26.926549,50,45.649179
-20.117701,50,45.692452
-22.889441,50,45.728921
-26.863127,50,45.78178
-19.62524,50,46.246528
-17.889742,50,46.304161
-23.676159,50,46.364975
-20.8461,50,46.422667
-21.030245,50,46.474808
-18.892344,50,46.532311
-22.788576,50,46.5904
-21.293787,50,46.655294
-19.15982,50,46.713664
-19.864829,50,46.755269
-20.452974,50,46.803215
-19.736895,50,46.847569
-24.734029,50,46.894716
-23.841642,50,46.94391
-23.825957,50,47.003933
-15.932153,50,47.042452
-26.615006,50,47.098619
-23.153393,50,47.146961
-18.6661,50,47.185403
-18.926934,50,47.240728
-22.109245,50,47.295584
-27.058173,50,47.3505
-19.055131,50,47.414971
-26.994568,50,47.476279
-21.018738,50,47.530561
-20.865253,50,47.594277
-19.276153,50,47.646745
-20.473627,50,47.690963
-25.175792,50,47.739638
-15.807756,50,47.793864
-21.680993,50,47.842351
-23.462546,50,47.888772
-17.898404,50,47.936107
-26.496092,50,47.998095
-20.513405,50,48.047314
-21.033202,50,48.085619
-17.755575,50,48.142745
-21.02196,50,48.194968
-24.111847,50,48.250268
-18.513869,50,48.311149
-15.563692,50,48.369942
-16.937768,50,48.853353
-17.557309,50,48.9026
-21.475498,50,48.959249
-20.144283,50,49.005218
-13.892031,50,49.062528
-21.486163,50,49.12791
-21.052746,50,49.184942
-15.862126,50,49.241175
-17.351214,50,49.303725
-23.099596,50,49.372249
-22.218162,50,49.431787
-19.033059,50,49.483193
-19.286734,50,49.541233
-20.145914,50,49.603135
-21.443739,50,49.659636
-21.46653,50,49.700725
-24.570713,50,49.764848
-19.816448,50,49.820079
-18.797173,50,49.875383
-19.218788,50,49.928127
-14.414643,50,49.97217
-14.465846,50,50.027528
-16.629547,50,50.081973
-17.562699,50,50.127252
-19.078799,50,50.173156
-18.472219,50,50.227115
-24.20131,50,50.285499
-19.446209,50,50.341787
-21.062051,50,50.393699
-23.758955,50,50.452988
-17.832713,50,50.518468
-26.061187,50,50.576265
-22.250833,50,50.638166
-23.464474,50,50.691533
-22.356646,50,50.750599
-21.60499,50,50.797829
-16.052121,50,50.838987
-20.88178,50,50.879201
-14.220724,50,50.935345
-20.955638,50,50.974373
-19.532204,50,51.020172
-19.938082,50,51.508793
-18.868373,50,51.561698
-23.646204,50,51.62151
-22.675703,50,51.672955
-18.978679,50,51.723518
-14.681413,50,51.788726
-14.478118,50,51.843683
-15.088098,50,51.897312
-16.027246,50,51.954772
-14.153447,50,51.998745
-18.649909,50,52.046443
-19.536736,50,52.094616
-18.334392,50,52.147797
-14.174564,50,52.196866
-13.52237,50,52.23082
-22.896629,50,52.267514
-16.758666,50,52.320901
-16.878622,50,52.364059
-18.708154,50,52.403282
-20.436717,50,52.440906
-17.573455,50,52.487348
-21.101054,50,52.535306
-23.488256,50,52.57536
-23.464517,50,52.625175
-15.123068,50,52.665661
-17.032449,50,52.711841
-25.876566,50,52.77059
-18.307474,50,52.820613
-22.773815,50,52.867913
-17.302027,50,52.919621
-16.132393,50,52.962022
-24.909191,50,53.023319
-22.510869,50,53.084741
-14.233682,50,53.144948
-18.926605,50,53.191222
-18.930078,50,53.23484
-14.020618,50,53.271636
-18.139739,50,53.326375
-18.776373,50,53.38067
-15.451222,50,53.432215
-19.621946,50,53.474007
-18.230125,50,53.920991
-16.185132,50,53.967001
-14.941443,50,54.019242
-18.008572,50,54.062111
-20.171818,50,54.113081
-13.01407,50,54.161967
-13.419792,50,54.21685
-15.751193,50,54.264205
-14.888812,50,54.298461
-12.626221,50,54.331387
-16.633941,50,54.365771
-14.194994,50,54.399571
-19.435975,50,54.448742
-15.558311,50,54.499956
-14.388338,50,54.564256
-17.499645,50,54.630496
-17.38562,50,54.68359
-16.51944,50,54.739506
-21.75301,50,54.795095
-16.127785,50,54.852527
-17.410149,50,54.905032
-14.934948,50,54.946483
-15.205818,50,54.993721
-18.494747,50,55.036427
-17.336488,50,55.0662
-20.163002,50,55.128969
-19.490019,50,55.188698
-23.28842,50,55.229191
-13.767702,50,55.271947
-13.626204,50,55.320396
-17.736617,50,55.361547
-13.487251,50,55.413771
-17.608943,50,55.454915
-19.462577,50,55.519756
-18.151385,50,55.560556
-15.943279,50,55.606382
-16.823987,50,55.663648
-15.114372,50,55.710562
-15.327596,50,55.771199
-18.085343,50,55.820216
-19.533267,50,55.870913
-12.193015,50,56.350144
-13.217302,50,56.391259
-17.969856,50,56.447132
-16.21754,50,56.491445
-19.696659,50,56.546678
-14.296443,50,56.602614
-11.562507,50,56.652127
-16.794609,50,56.705827
-15.813822,50,56.758768
-14.239632,50,56.806733
-13.272159,50,56.85441
-16.346884,50,56.899791
-19.429647,50,56.940903
-11.944066,50,57.000297
-14.937229,50,57.060511
-13.431803,50,57.119055
-14.054131,50,57.166619
-15.037095,50,57.213643
-13.244449,50,57.26415
-13.171343,50,57.317363
-19.498393,50,57.368471
-15.383785,50,57.421955
-13.117394,50,57.476339
-15.618502,50,57.531365
-18.775252,50,57.570455
-15.86887,50,57.606048
-18.508458,50,57.6611
-13.810378,50,57.715727
-14.263589,50,57.764716
-13.144193,50,57.815377
-13.537666,50,57.859023
-20.248922,50,57.898885
-13.245528,50,57.937308
-14.364647,50,57.98851
-13.695595,50,58.038561
-19.312374,50,58.08752
-24.613187,50,58.132443
-16.925382,50,58.186631
-16.021535,50,58.235349
-19.924297,50,58.27801
-11.302311,50,58.333535
-17.678642,50,58.821502
-12.661855,50,58.878863
-13.670513,50,58.934469
-17.921031,50,58.992454
-13.344059,50,59.049405
-19.310649,50,59.105659
-11.646184,50,59.161451
-15.900023,50,59.213083
-10.974154,50,59.273079
-17.297498,50,59.3287
-19.7322,50,59.390995
-14.761633,50,59.440224
-18.901046,50,59.493336
-17.034197,50,59.563331
-19.576647,50,59.622265
-16.036792,50,59.68327
-13.393084,50,59.740459
-13.716726,50,59.800583
-15.583493,50,59.857676
-18.828917,50,59.910839
-15.897248,50,59.958587
-12.873528,50,60.00984
-20.663765,50,60.072889
-20.217231,50,60.128636
-13.194939,50,60.18786
-21.221893,50,60.243883
-13.059914,50,60.301061
-19.354709,50,60.353141
-13.870654,50,60.402212
-13.75929,50,60.462089
-16.028897,50,60.516675
-14.7168,50,60.560449
-16.169775,50,60.608764
-12.450064,50,60.655499
-16.954016,50,60.698911
-13.77964,50,60.766436
-16.423899,50,60.816037
-15.617216,50,60.869698
-21.311028,50,60.933241
-16.396633,50,60.994992
-19.80275,50,61.041351
-19.862349,50,61.529409
-15.191312,50,61.567637
-10.968709,50,61.608342
-18.100304,50,61.645054
-15.520324,50,61.680716
-13.707457,50,61.737981
-18.901505,50,61.791553
-18.060441,50,61.840577
-17.875721,50,61.896841
-13.696441,50,61.952668
-16.587967,50,62.009195
-16.397993,50,62.041553
-12.112484,50,62.077955
-17.388888,50,62.1173
-16.789137,50,62.151622
-16.635491,50,62.187353
-12.01358,50,62.227738
-15.843542,50,62.262741
-19.758357,50,62.302822
-18.648221,50,62.338753
-13.981042,50,62.373822
-17.625532,50,62.410176
-10.709635,50,62.445662
-13.528428,50,62.490247
-13.155615,50,62.536099
-14.219844,50,62.593607
-14.428384,50,62.635424
-15.844861,50,62.671922
-9.745214,50,62.724036
-12.370181,50,62.763289
-13.840808,50,62.812592
-15.467007,50,62.869368
-16.069691,50,62.909496
-13.247885,50,62.946222
-13.757706,50,62.991098
-10.365856,50,63.032157
-13.559933,50,63.069506
-10.919699,50,63.107096
-14.962571,50,63.144695
-15.540443,50,63.185998
-13.098629,50,63.232618
-17.738366,50,63.715621
-12.167737,50,63.747586
-13.536242,50,63.783952
-14.986393,50,63.816557
-12.637986,50,63.853323
-12.482741,50,63.89633
-11.557323,50,63.945812
-12.163625,50,63.984973
-10.55816,50,64.029705
-11.500344,50,64.09024
-16.550072,50,64.131986
-11.26123,50,64.169042
-14.942871,50,64.202187
-15.631215,50,64.234199
-17.34345,50,64.267425
-12.517979,50,64.315723
-14.597437,50,64.352397
-15.329178,50,64.385451
-11.924623,50,64.418365
-17.727623,50,64.450894
-15.849053,50,64.483343
-11.411029,50,64.515687
-12.704956,50,64.548108
-13.896354,50,64.580636
-14.984489,50,64.612911
-16.132493,50,64.648107
-12.292773,50,64.687636
-18.990092,50,64.737159
-14.756548,50,64.778752
-18.981112,50,64.82347
-17.884058,50,64.865404
-12.297851,50,64.895939
-13.398035,50,64.930099
-12.236065,50,64.978025
-15.356946,50,65.029973
-12.593587,50,65.072765
-13.327802,50,65.118507
-13.632529,50,65.168166
-17.351131,50,65.200949
-14.939478,50,65.232882
-11.796827,50,65.670252
-12.185557,50,65.705984
-15.728368,50,65.738744
-10.779648,50,65.770982
-13.873852,50,65.803172
-15.454159,50,65.841037
-13.121702,50,65.894898
-11.978139,50,65.936892
-10.926351,50,65.985828
-12.398123,50,66.021353
-12.89564,50,66.057707
-19.189487,50,66.09032
-11.538492,50,66.124083
-19.595704,50,66.169538
-12.430038,50,66.212298
-11.534889,50,66.245682
-10.370031,50,66.282249
-13.536755,50,66.315964
-12.566138,50,66.35803
-10.605571,50,66.398809
-14.378991,50,66.438023
-12.844652,50,66.469907
-11.397883,50,66.500416
-10.04142,50,66.532109
-12.460072,50,66.564467
-9.954786,50,66.594235
-12.567313,50,66.624066
-12.801115,50,66.653803
-16.772388,50,66.683662
-14.503375,50,66.71414
-12.517994,50,66.748303
-10.285642,50,66.792086
-17.076851,50,66.829211
-12.274749,50,66.866585
-13.179413,50,66.918041
-13.50353,50,66.953689
-13.042235,50,66.999335
-13.003792,50,67.034276
-14.493199,50,67.070508
-15.361232,50,67.130051
-13.798067,50,67.18879
-14.273388,50,67.647998
-11.92159,50,67.682475
-10.319347,50,67.722881
-17.652383,50,67.760754
-18.414917,50,67.797967
-11.657213,50,67.833821
-10.436595,50,67.867302
-11.834603,50,67.926864
-10.609932,50,67.974641
-11.239011,50,68.016753
-17.619863,50,68.055127
-15.309499,50,68.108516
-19.288844,50,68.147609
-19.893962,50,68.187613
-16.55715,50,68.248472
-10.858858,50,68.318768
-16.335417,50,68.387039
-12.163569,50,68.457791
-10.160184,50,68.52909
-14.203728,50,68.607736
-10.48688,50,68.681081
-10.259537,50,68.752476
-17.128612,50,68.829041
-17.643146,50,68.905388
-16.329714,50,68.974444
-16.173727,50,69.044667
-12.928308,50,69.11307
-9.336078,50,69.181317
-9.95235,50,69.253489
-12.713701,50,69.325028
-12.490861,50,69.402293
-12.370345,50,69.47625
-9.745003,50,69.548837
-10.708304,50,69.621336
-10.592111,50,69.693741
-13.593909,50,69.766577
-14.109246,50,69.841583
-11.759517,50,69.915486
-12.065553,50,69.988004
-12.070371,50,70.060998
-14.87948,50,70.135638
-14.719606,50,71.106986
-12.609956,50,71.185683
-9.890573,50,71.2627
-17.278754,50,71.332347
-10.73858,50,71.401172
-13.190256,50,71.474607
-11.351287,50,71.546772
-9.186605,50,71.621195
-10.198703,50,71.693962
-11.934587,50,71.765236
-13.113995,50,71.838555
-10.324455,50,71.889808
-11.285636,50,71.934111
-10.93531,50,71.96891
-14.296111,50,72.002958
-10.355273,50,72.038606
-10.066876,50,72.073345
-8.994812,50,72.130296
-15.316345,50,72.201642
-10.497354,50,72.273998
-13.24094,50,72.343017
-11.067458,50,72.414671
-13.737126,50,72.486266
-12.000378,50,72.556369
-17.720127,50,72.629388
-12.669713,50,72.699926
-11.193329,50,72.771985
-10.962079,50,72.841779
-11.985565,50,72.914271
-13.324973,50,72.985783
-13.925185,50,73.055439
-12.130712,50,73.123246
-13.818771,50,73.194614
-10.518034,50,73.263619
-14.455927,50,73.334719
-9.453602,50,73.403274
-14.092033,50,73.474535
-11.479577,50,73.546229
-16.47671,50,73.618255
-11.229726,50,73.689093
-16.776865,50,73.761953
-11.627592,50,74.680208
-11.5896,50,74.753862
-18.406445,50,74.822763
-12.853647,50,74.896029
-13.462565,50,74.965438
-9.691275,50,75.033842
-12.520551,50,75.103622
-16.537249,50,75.172733
-15.876487,50,75.243743
-17.171335,50,75.314322
-16.900525,50,75.385578
-15.237569,50,75.455642
-10.447404,50,75.523117
-15.171957,50,75.590873
-15.86087,50,75.660506
-14.228054,50,75.732099
-14.226383,50,75.80188
-11.015281,50,75.869833
-9.326066,50,75.939337
-12.144207,50,76.009924
-11.843143,50,76.048723
-14.538551,50,76.08434
-15.789774,50,76.120291
-11.569945,50,76.158835
-13.069787,50,76.195261
-10.632772,50,76.228914
-15.965956,50,76.262602
-10.290788,50,76.295831
-9.478496,50,76.329732
-10.024735,50,76.363067
-10.488139,50,76.400046
-10.518355,50,76.442072
-10.101707,50,76.47882
-18.096526,50,76.52342
-10.555096,50,76.555311
-11.572934,50,76.590222
-10.814917,50,76.623146
-13.203625,50,76.656968
-11.346425,50,76.69301
-11.846469,50,76.729925
-12.094198,50,76.762511
-15.009162,50,77.230637
-11.202996,50,77.278137
-9.215965,50,77.313229
-10.601692,50,77.345329
-16.266388,50,77.381981
-9.754932,50,77.418823
-11.55238,50,77.451401
-9.65178,50,77.49145
-11.933463,50,77.527366
-12.29905,50,77.567059
-14.881689,50,77.611883
-14.474099,50,77.651353
-13.782673,50,77.68991
-16.527548,50,77.733605
-9.763936,50,77.765381
-11.390775,50,77.797451
-10.855543,50,77.838271
-11.48497,50,77.899902
-11.442421,50,77.955746
-16.518041,50,77.996939
-10.551192,50,78.049177
-18.674568,50,78.103181
-11.948805,50,78.148702
-10.897178,50,78.194531
-12.247648,50,78.231861
-13.7139,50,78.279391
-10.379199,50,78.32729
-15.714055,50,78.36141
-10.766828,50,78.393685
-10.146338,50,78.438756
-12.920834,50,78.47668
-14.851772,50,78.508672
-8.298666,50,78.560864
-12.319301,50,78.594171
-9.815647,50,78.626474
-10.176395,50,78.661398
-10.856624,50,78.705874
-15.037595,50,78.749127
-11.000197,50,78.79257
-9.526455,50,78.825289
-9.741107,50,78.866219
-10.804559,50,79.310088
-14.732258,50,79.361606
-8.301666,50,79.412168
-10.891556,50,79.45141
-9.221107,50,79.488933
-9.532318,50,79.520105
-9.344134,50,79.570971
-11.784038,50,79.616628
-13.52543,50,79.653065
-11.095769,50,79.697976
-9.278854,50,79.751795
-10.104789,50,79.808319
-13.888867,50,79.864647
-11.414384,50,79.922818
-10.80865,50,79.976009
-15.554434,50,80.014466
-10.891203,50,80.063165
-11.452596,50,80.104236
-15.544982,50,80.13939
-17.709084,50,80.179863
-11.145451,50,80.240444
-11.860791,50,80.286739
-17.394365,50,80.353023
-15.481866,50,80.415249
-10.004706,50,80.454958
-14.289463,50,80.499326
-15.066861,50,80.552086
-17.81867,50,80.602673
-11.373331,50,80.655345
-13.833235,50,80.711333
-10.751899,50,80.772694
-14.397111,50,80.838443
-11.630435,50,80.904208
-9.265136,50,80.964314
-9.511086,50,81.026146
-18.360916,50,81.084903
-12.11432,50,81.141836
-9.498786,50,81.198392
-11.095239,50,81.258098
-10.675379,50,81.316158
-14.816635,50,81.369249
-11.827684,50,81.837481
-12.745953,50,81.897989
-14.16259,50,81.940362
-16.821529,50,81.998998
-15.854416,50,82.049128
-10.703923,50,82.08686
-7.79953,50,82.120657
-10.124964,50,82.163807
-13.948753,50,82.201628
-11.223103,50,82.2453
-9.773626,50,82.274792
-19.719314,50,82.305306
-10.832743,50,82.349376
-12.848425,50,82.38456
-15.265891,50,82.419551
-12.734722,50,82.470288
-13.15258,50,82.528827
-11.315102,50,82.587979
-9.465244,50,82.634025
-12.550188,50,82.678513
-11.803191,50,82.729534
-10.037373,50,82.76142
-12.484033,50,82.807983
-10.714358,50,82.863074
-13.687392,50,82.906629
-10.285905,50,82.959443
-11.481337,50,83.000915
-11.025204,50,83.045338
-17.646916,50,83.085933
-14.640912,50,83.132822
-9.91638,50,83.172713
-11.776092,50,83.225978
-11.111642,50,83.266243
-14.376616,50,83.313246
-15.023093,50,83.358171
-9.766175,50,83.41313
-12.445639,50,83.458664
-17.605934,50,83.510935
-11.561947,50,83.545777
-11.127726,50,83.595365
-18.264023,50,83.643955
-8.934764,50,84.127722
-11.043803,50,84.188842
-7.897268,50,84.238932
-12.563321,50,84.300617
-11.078975,50,84.334539
-10.395837,50,84.38923
-9.500867,50,84.437329
-9.510234,50,84.486003
-12.589742,50,84.532216
-12.33492,50,84.584186
-16.496301,50,84.640966
-8.172988,50,84.69937
-15.455001,50,84.74119
-12.252048,50,84.798385
-15.845433,50,84.848583
-16.554423,50,84.891372
-9.86773,50,84.934844
-8.50656,50,84.979488
-13.202605,50,85.033164
-7.414556,50,85.082034
-8.108492,50,85.138072
-13.841304,50,85.195522
-8.439655,50,85.254518
-9.395287,50,85.296185
-10.150235,50,85.346768
-10.513645,50,85.393501
-13.240105,50,85.452116
-15.264718,50,85.488978
-13.684858,50,85.541594
-11.83723,50,85.592868
-7.992955,50,85.648667
-8.357855,50,85.702508
-10.942006,50,85.762743
-10.47504,50,85.817474
-12.596046,50,85.866537
-12.12201,50,85.924669
-11.000359,50,85.97341
-7.795469,50,86.023525
-14.257804,50,86.068574
-7.603064,50,86.112605
-9.256445,50,86.15289
-9.748576,50,86.640898
-11.970361,50,86.694214
-8.361699,50,86.732387
-8.450498,50,86.782306
-11.650819,50,86.833476
-11.00334,50,86.866545
-13.569918,50,86.916883
-8.24827,50,86.959818
-9.783168,50,87.010583
-12.909518,50,87.065736
-8.434111,50,87.123724
-7.057916,50,87.18773
-14.548804,50,87.253352
-9.642981,50,87.308424
-6.868463,50,87.370083
-13.601887,50,87.43388
-13.650131,50,87.500203
-9.559423,50,87.561704
-9.322558,50,87.622563
-16.190853,50,87.68301
-13.878443,50,87.743758
-14.100026,50,87.791003
-9.479811,50,87.840456
-12.946167,50,87.899723
-17.394585,50,87.958652
-12.716337,50,88.00994
-12.684526,50,88.064077
-13.178474,50,88.12374
-12.735616,50,88.175739
-12.216225,50,88.215447
-11.892392,50,88.278267
-15.30956,50,88.321264
-10.512513,50,88.376332
-8.890157,50,88.424012
-12.146894,50,88.466654
-10.518751,50,88.506976
-10.070386,50,88.559881
-10.500818,50,88.62248
-15.391992,50,88.664412
-8.050653,50,88.714233
-14.163001,50,88.759175
-14.904438,50,89.247415
-10.340009,50,89.308056
-8.65852,50,89.362644
-15.190651,50,89.425877
-8.830514,50,89.464946
-11.881567,50,89.506466
-8.779944,50,89.543481
-11.240066,50,89.58429
-7.714779,50,89.641074
-9.276252,50,89.698314
-9.566353,50,89.746759
-14.023183,50,89.791399
-17.535329,50,89.831983
-12.295145,50,89.876188
-14.926609,50,89.9192
-8.080857,50,89.963753
-13.807804,50,90.00116
-13.603053,50,90.048235
-15.045691,50,90.089367
-8.199561,50,90.129217
-13.596034,50,90.175673
-12.381988,50,90.22216
-13.182526,50,90.280653
-12.619286,50,90.335563
-9.751459,50,90.373925
-7.866482,50,90.419214
-13.406125,50,90.474699
-12.605001,50,90.518641
-9.17678,50,90.563794
-10.535479,50,90.603691
-8.817018,50,90.65664
-10.38525,50,90.702031
-10.45695,50,90.742435
-17.225276,50,90.7978
-8.002662,50,90.844611
-12.151236,50,90.892123
-9.724766,50,90.933612
-15.89151,50,90.972161
-14.706086,50,91.026701
-10.161,50,91.06797
-13.557889,50,91.118535
-7.979255,50,91.5745
-13.202652,50,91.628518
-10.429391,50,91.681788
-15.818786,50,91.724782
-11.01552,50,91.76299
-16.104756,50,91.809327
-11.497889,50,91.849702
-12.589626,50,91.895455
-10.299192,50,91.936935
-9.758168,50,91.985424
-11.667456,50,92.029345
-13.970266,50,92.064934
-16.826344,50,92.116758
-7.386848,50,92.156362
-7.952145,50,92.188318
-14.342775,50,92.236113
-8.125052,50,92.280272
-11.122424,50,92.332359
-9.738928,50,92.391823
-12.375262,50,92.430111
-7.285483,50,92.491928
-14.177397,50,92.551252
-10.778035,50,92.599834
-9.643383,50,92.655741
-11.295209,50,92.719475
-12.031369,50,92.773506
-7.229025,50,92.829331
-11.736195,50,92.881427
-9.568192,50,92.926951
-10.406673,50,92.979711
-17.854482,50,93.029972
-9.582265,50,93.085288
-9.945896,50,93.121745
-15.334885,50,93.164114
-8.231873,50,93.214437
-9.328952,50,93.266186
-9.093035,50,93.306353
-11.915075,50,93.341932
-8.99758,50,93.38973
-11.688508,50,93.441514
-8.800779,50,93.491876
-9.432687,50,93.977776
-6.20861,50,94.017372
-10.54712,50,94.064362
-8.474964,50,94.122022
-11.249671,50,94.180697
-11.668066,50,94.235971
-10.057157,50,94.286639
-8.138387,50,94.324905
-15.575747,50,94.365738
-15.298852,50,94.41855
-11.182842,50,94.468194
-12.081714,50,94.52188
-7.294702,50,94.56384
-9.140877,50,94.621644
-9.342603,50,94.674487
-8.007628,50,94.731699
-16.213973,50,94.786462
-11.533601,50,94.837476
-7.490889,50,94.891321
-11.680038,50,94.946337
-8.485552,50,95.003676
-8.862949,50,95.05282
-11.512749,50,95.09248
-9.759796,50,95.124169
-13.060978,50,95.181629
-12.138059,50,95.225544
-11.864844,50,95.271728
-14.399099,50,95.325315
-9.386867,50,95.363629
-8.450941,50,95.415753
-8.122417,50,95.461588
-6.804787,50,95.533857
-9.441137,50,95.588744
-10.873934,50,95.628934
-15.049405,50,95.68248
-11.154625,50,95.724297
-8.377412,50,95.763639
-7.847058,50,95.813753
-6.850027,50,95.858518
-10.270479,50,95.911613
-16.100083,50,95.971806
-14.203971,50,96.420948
-8.871582,50,96.473272
-8.14301,50,96.514832
-7.428694,50,96.556438
-15.341575,50,96.611354
-9.547966,50,96.664648
-17.451279,50,96.719406
-7.373977,50,96.765847
-9.029004,50,96.813267
-8.031999,50,96.855612
-8.379562,50,96.895116
-7.268665,50,96.93313
-10.743534,50,96.979558
-12.252196,50,97.034222
-11.384064,50,97.09274
-7.352639,50,97.147326
-6.280671,50,97.201154
-14.737454,50,97.258197
-10.386225,50,97.308808
-7.187989,50,97.360196
-15.89751,50,97.400631
-11.530043,50,97.448482
-10.348307,50,97.485778
-7.731421,50,97.527362
-15.580036,50,97.576568
-12.482116,50,97.607892
-7.747143,50,97.647976
-10.019334,50,97.685923
-8.766357,50,97.739378
-6.878212,50,97.789947
-8.538342,50,97.840404
-15.537554,50,97.874838
-12.724219,50,97.907179
-9.217264,50,97.949411
-10.849346,50,98.006789
-7.04304,50,98.064274
-7.755351,50,98.117907
-11.329177,50,98.171368
-10.502941,50,98.229892
-9.376984,50,98.276536
-10.563844,50,98.328825
-8.154582,50,98.764872
-10.001712,50,98.81055
-12.470925,50,98.848408
-9.589523,50,98.883815
-11.207442,50,98.918624
-15.884794,50,98.979504
-9.090655,50,99.035869
-8.528989,50,99.093971
-12.459788,50,99.15313
-8.501701,50,99.206667
-7.564066,50,99.26294
-12.643679,50,99.321522
-7.248742,50,99.380734
-12.43466,50,99.436465
-8.073503,50,99.489693
-7.469206,50,99.533981
-14.180056,50,99.570262
-15.566822,50,99.61536
-7.11915,50,99.657053
-9.580931,50,99.706963
-9.686411,50,99.744971
-7.825027,50,99.792002
-10.101097,50,99.830968
-8.98232,50,99.873463
-9.666836,50,99.927267
-7.801112,50,99.973552
-10.110973,50,100.027387
-11.66665,50,100.0809
-9.863407,50,100.135467
-8.992647,50,100.189459
-12.605522,50,100.251031
-9.757705,50,100.303646
-15.647902,50,100.359991
-8.555886,50,100.416677
-10.670571,50,100.4663
-10.835268,50,100.512977
-12.785766,50,100.563319
-9.506867,50,100.600889
-14.663342,50,100.650076
-16.210651,50,100.691178
-14.845465,50,100.731793
-15.93006,50,101.196913
-9.546116,50,101.252382
-7.040001,50,101.304857
-12.035931,50,101.361794
-7.262185,50,101.412946
-6.956626,50,101.47547
-9.362857,50,101.528566
-5.80208,50,101.588765
-12.289798,50,101.640542
-13.431558,50,101.699332
-14.193998,50,101.741587
-10.592973,50,101.780825
-9.660141,50,101.822964
-8.804651,50,101.864
-13.624922,50,101.908892
-7.846195,50,101.951499
-8.878022,50,101.994499
-11.86644,50,102.037872
-13.723918,50,102.077271
-7.637071,50,102.129357
-14.758056,50,102.18424
-11.442183,50,102.233676
-9.255387,50,102.293385
-11.636528,50,102.34809
-6.840955,50,102.400098
-9.527686,50,102.456015
-6.931483,50,102.517479
-7.424348,50,102.561666
-6.298347,50,102.599539
-14.843462,50,102.641116
-7.626598,50,102.678609
-14.781946,50,102.717667
-14.171332,50,102.755741
-7.146803,50,102.799808
-7.310004,50,102.847762
-10.132949,50,102.886854
-6.327538,50,102.933288
-7.406749,50,102.967993
-9.648294,50,103.011461
-9.242605,50,103.046541
-8.81344,50,103.077365
-11.988825,50,103.541925
-9.511171,50,103.593479
-12.794119,50,103.646647
-12.652085,50,103.705693
-7.711424,50,103.757729
-15.528727,50,103.819666
-13.120733,50,103.876979
-14.116618,50,103.93838
-10.939999,50,103.985785
-6.704828,50,104.046351
-7.157347,50,104.091672
-7.56503,50,104.142092
-13.5953,50,104.186087
-13.403945,50,104.228909
-7.987638,50,104.266105
-13.859421,50,104.302618
-9.574336,50,104.348841
-10.661157,50,104.407872
-10.695916,50,104.447529
-7.859058,50,104.507091
-6.607395,50,104.551635
-7.471641,50,104.607781
-16.011534,50,104.661641
-11.980121,50,104.712681
-9.964209,50,104.759777
-10.721828,50,104.81194
-8.542697,50,104.864373
-8.197919,50,104.921031
-10.728002,50,104.961063
-10.744504,50,104.994525
-12.463972,50,105.03968
-6.421643,50,105.086758
-13.605616,50,105.130285
-12.939164,50,105.169645
-14.186046,50,105.218475
-9.18305,50,105.274422
-7.935066,50,105.31534
-8.901857,50,105.369962
-10.227037,50,105.418313
-8.583588,50,105.470061
-7.706588,50,105.52931
-7.207222,50,105.989457
-8.375566,50,106.049653
-10.781428,50,106.103066
-7.663004,50,106.141303
-11.27019,50,106.188855
-14.58992,50,106.22715
-13.795525,50,106.278248
-15.866532,50,106.32251
-9.562601,50,106.363406
-9.459633,50,106.413689
-9.479425,50,106.454855
-8.688279,50,106.50175
-10.289886,50,106.563608
-9.74859,50,106.615196
-16.432917,50,106.668254
-7.815814,50,106.728834
-7.524937,50,106.7854
-7.23517,50,106.839148
-7.876871,50,106.892016
-10.263635,50,106.942162
-17.065067,50,106.995353
-8.884026,50,107.044116
-8.052759,50,107.093675
-6.26506,50,107.15233
-10.908408,50,107.192627
-9.811436,50,107.232917
-10.876852,50,107.281558
-12.028331,50,107.325759
-11.537681,50,107.36888
-6.301433,50,107.422819
-14.780636,50,107.468948
-12.726286,50,107.518473
-10.373869,50,107.571185
-15.384825,50,107.619791
-16.936057,50,107.670789
-6.84007,50,107.718281
-14.894265,50,107.761974
-10.933951,50,107.807787
-7.953201,50,107.844006
-11.745807,50,107.887457
-14.260026,50,107.929428
-13.338065,50,108.46205
-9.441675,50,108.516731
-11.708456,50,108.57505
-15.107473,50,108.629062
-14.722231,50,108.682308
-7.151004,50,108.728966
-11.807264,50,108.780046
-12.947728,50,108.826812
-10.572193,50,108.88643
-14.068171,50,108.93358
-8.126236,50,108.980129
-10.712071,50,109.028236
-10.981637,50,109.075091
-16.28075,50,109.120613
-16.962312,50,109.1719
-7.413748,50,109.221577
-9.102072,50,109.281227
-12.745858,50,109.33375
-5.530361,50,109.376385
-9.239552,50,109.432305
-14.861597,50,109.486255
-7.202605,50,109.542349
-14.227571,50,109.599386
-10.487046,50,109.656853
-9.423654,50,109.71384
-9.625125,50,109.754855
-9.087252,50,109.800828
-10.430185,50,109.845763
-16.243235,50,109.893129
-13.931401,50,109.9308
-9.342195,50,109.976196
-10.803129,50,110.011517
-7.827543,50,110.048244
-16.172169,50,110.095202
-12.742272,50,110.13814
-8.754055,50,110.188567
-12.982756,50,110.234913
-6.075136,50,110.277863
-15.347875,50,110.319251
-9.747594,50,110.363625
-8.952431,50,110.402919
-8.487519,50,110.880147
-18.023715,50,110.929622
-11.175959,50,110.993111
-10.782378,50,111.049104
-9.363394,50,111.098903
-9.745343,50,111.129898
-6.531689,50,111.186302
-17.557424,50,111.21729
-12.096742,50,111.281304
-9.572881,50,111.326952
-16.304127,50,111.373495
-13.814717,50,111.420314
-6.336632,50,111.45359
-16.244243,50,111.4865
-14.875397,50,111.519343
-7.325294,50,111.552753
-15.30784,50,111.587219
-6.290063,50,111.634958
-6.144281,50,111.682777
-12.392938,50,111.71627
-6.498844,50,111.755889
-10.972739,50,111.789597
-14.992393,50,111.822673
-14.222495,50,111.879813
-9.449471,50,111.936216
-13.982399,50,112.000843
-17.782087,50,112.065989
-14.172812,50,112.124938
-11.216615,50,112.181507
-10.151188,50,112.240463
-15.166354,50,112.303179
-5.933787,50,112.367651
-9.507048,50,112.42541
-12.18044,50,112.477523
-9.356003,50,112.510504
-13.831751,50,112.55007
-10.573643,50,112.590351
-7.435915,50,112.646108
-14.565635,50,112.697879
-9.405147,50,112.738367
-9.549037,50,112.779845
-13.848174,50,113.253809
-6.696394,50,113.314112
-7.993372,50,113.370123
-11.560079,50,113.430329
-12.630058,50,113.487098
-8.699619,50,113.559221
-8.894148,50,113.613364
-10.641259,50,113.683296
-8.583786,50,113.750685
-8.466582,50,113.815162
-7.497734,50,113.871542
-11.846125,50,113.916023
-11.548155,50,113.971594
-8.866148,50,114.038394
-9.604733,50,114.080524
-10.713253,50,114.139248
-7.309215,50,114.20161
-11.7986,50,114.265071
-13.723518,50,114.324587
-8.652441,50,114.381698
-8.928574,50,114.446488
-6.140232,50,114.513638
-6.761492,50,114.567614
-7.716758,50,114.62729
-13.825028,50,114.691928
-9.112727,50,114.729817
-7.467335,50,114.765041
-6.740385,50,114.811613
-8.444437,50,114.859623
-14.592156,50,114.904547
-11.145908,50,114.93912
-9.603629,50,114.985904
-10.20426,50,115.026675
-9.379125,50,115.073366
-10.674921,50,115.112103
-12.702931,50,115.166624
-10.408978,50,115.233554
-4.659319,50,115.294674
-14.640251,50,115.350068
-11.35109,50,115.414796
-7.149529,50,115.476573
-12.206059,50,115.966686
-11.394321,50,116.02417
-9.010169,50,116.064524
-9.270541,50,116.103878
-13.171728,50,116.146205
-12.622097,50,116.18973
-7.838691,50,116.238627
-11.415755,50,116.289942
-9.584489,50,116.343181
-10.24251,50,116.39801
-10.145643,50,116.456471
-6.394743,50,116.522456
-7.619973,50,116.579695
-10.624623,50,116.640227
-14.035677,50,116.695557
-10.352156,50,116.75062
-12.222957,50,116.809214
-13.50379,50,116.857228
-8.207287,50,116.902516
-8.367005,50,116.943675
-9.415866,50,116.993993
-16.820592,50,117.051986
-8.171391,50,117.100125
-8.33699,50,117.149657
-10.451843,50,117.19169
-7.212701,50,117.244808
-15.253109,50,117.304357
-14.738961,50,117.368578
-12.676319,50,117.429964
-9.637225,50,117.478824
-10.015422,50,117.530571
-13.656634,50,117.577044
-15.514165,50,117.637298
-14.087098,50,117.686508
-8.159669,50,117.733168
-10.413825,50,117.776198
-16.845327,50,117.834865
-15.54265,50,117.889453
-9.103807,50,117.950024
-7.862465,50,118.001451
-13.346015,50,118.064005
-10.587159,50,118.548382
-11.488109,50,118.595698
-13.40226,50,118.650838
-15.12182,50,118.708663
-17.343375,50,118.75771
-16.94014,50,118.814478
-6.276805,50,118.867184
-13.196324,50,118.919044
-10.902407,50,118.977924
-9.333196,50,119.025565
-13.592798,50,119.078195
-8.197336,50,119.122003
-13.665113,50,119.183163
-9.28473,50,119.23879
-10.887411,50,119.295113
-7.766266,50,119.330558
-10.164247,50,119.376176
-5.549914,50,119.420152
-8.868309,50,119.461414
-8.611599,50,119.524911
-9.408643,50,119.579601
-7.377553,50,119.637655
-8.567427,50,119.693658
-8.531458,50,119.737532
-14.236786,50,119.775333
-11.599993,50,119.810787
-8.411293,50,119.849542
-6.037588,50,119.89887
-10.137601,50,119.935128
-14.231673,50,119.973658
-10.068953,50,120.01497
-7.11978,50,120.06633
-7.433993,50,120.118352
-16.610207,50,120.177584
-16.47661,50,120.220611
-13.368525,50,120.27617
-8.164195,50,120.323249
-7.068223,50,120.362166
-13.655923,50,120.405821
-13.064868,50,120.438798
-7.38457,50,120.474789
-7.719709,50,120.94655
-9.407858,50,121.003949
-14.250635,50,121.062684
-8.576531,50,121.121885
-10.604132,50,121.180551
-12.634968,50,121.230657
-12.287907,50,121.280315
-16.746979,50,121.337065
-9.387845,50,121.392829
-10.773294,50,121.431602
-12.492877,50,121.47163
-11.632306,50,121.522102
-9.913445,50,121.559403
-7.269437,50,121.606841
-18.478833,50,121.660854
-12.96188,50,121.696536
-5.221709,50,121.748746
-15.155451,50,121.806676
-10.659374,50,121.868426
-7.350748,50,121.908224
-12.018509,50,121.973363
-7.940978,50,122.026741
-10.983751,50,122.080496
-9.637127,50,122.141086
-8.371601,50,122.197681
-8.976225,50,122.250811
-9.753547,50,122.294418
-13.072822,50,122.339748
-9.218712,50,122.380517
-9.398876,50,122.413612
-10.450259,50,122.447108
-6.122379,50,122.498713
-12.344346,50,122.548931
-8.677267,50,122.604854
-6.016365,50,122.656157
-13.281204,50,122.7075
-9.200637,50,122.747641
-11.632865,50,122.788836
-16.274123,50,122.853888
-10.584637,50,122.895176
-8.468838,50,122.955325
-14.3631,50,123.459751
-5.343584,50,123.506436
-6.69748,50,123.551083
-8.638238,50,123.583829
-15.734989,50,123.63198
-7.800889,50,123.686895
-12.367593,50,123.730275
-8.845073,50,123.781982
-6.978748,50,123.820837
-15.266192,50,123.880992
-8.150525,50,123.932202
-7.318654,50,123.987261
-10.051395,50,124.035805
-11.787807,50,124.094362
-12.265011,50,124.154996
-17.508377,50,124.21652
-12.123993,50,124.260041
-8.49202,50,124.317209
-16.853613,50,124.372131
-10.86207,50,124.425595
-4.81684,50,124.462089
-12.186699,50,124.520293
-17.011627,50,124.577758
-12.386329,50,124.643211
-6.558054,50,124.703046
-10.257019,50,124.750025
-13.423259,50,124.810056
-7.525856,50,124.847446
-6.277237,50,124.891737
-9.767796,50,124.943217
-13.988037,50,124.995773
-8.673824,50,125.036689
-7.796057,50,125.082086
-13.337414,50,125.129083
-11.136201,50,125.180421
-8.731119,50,125.242573
-5.514318,50,125.308824
-11.248904,50,125.369391
-12.399985,50,125.424366
-7.983478,50,125.476245
-8.783443,50,125.571347
-8.63068,50,126.075223
-10.253432,50,126.136269
-6.336235,50,126.193638
-17.496179,50,126.255583
-14.423213,50,126.31197
-10.282585,50,126.370706
-14.950289,50,126.428664
-6.623083,50,126.480467
-18.804782,50,126.534938
-11.35092,50,126.600034
-6.561499,50,126.65841
-10.512629,50,126.715558
-17.261323,50,126.772105
-14.380269,50,126.831644
-8.727053,50,126.888711
-15.800483,50,126.934866
-13.924871,50,126.974134
-13.674006,50,127.018944
-9.250763,50,127.052151
-13.984946,50,127.11156
-13.380795,50,127.171729
-16.805152,50,127.222746
-13.889533,50,127.267656
-10.78218,50,127.30266
-6.220342,50,127.334427
-13.997084,50,127.370493
-8.909363,50,127.405047
-7.143898,50,127.439025
-10.9911,50,127.474065
-11.112943,50,127.510624
-8.358607,50,127.547313
-7.173095,50,127.581439
-7.122146,50,127.616586
-12.139408,50,127.669371
-14.599347,50,127.710519
-10.755049,50,127.741869
-10.511676,50,127.77331
-11.14484,50,127.804604
-15.945442,50,127.835914
-8.589294,50,127.867311
-14.863615,50,128.333983
-7.393427,50,128.375535
-14.369889,50,128.427159
-10.541725,50,128.476284
-15.902555,50,128.528246
-14.266558,50,128.570248
-7.251673,50,128.605045
-11.43609,50,128.641015
-8.611428,50,128.679333
-8.647006,50,128.722548
-14.018355,50,128.761711
-14.324256,50,128.800532
-14.197974,50,128.838999
-12.142365,50,128.874923
-13.874127,50,128.909805
-9.134382,50,128.945107
-6.694192,50,128.977339
-18.391283,50,129.009221
-15.765374,50,129.045228
-7.192036,50,129.080468
-9.384565,50,129.114962
-9.063876,50,129.150159
-16.992513,50,129.187087
-11.037534,50,129.223329
-12.284324,50,129.259036
-9.889573,50,129.29873
-9.88677,50,129.330349
-6.59817,50,129.364615
-13.930996,50,129.39963
-16.292397,50,129.43401
-9.561397,50,129.468418
-11.943515,50,129.502809
-11.90087,50,129.537219
-12.881708,50,129.571974
-9.56671,50,129.607021
-7.156359,50,129.642446
-9.34615,50,129.691831
-9.957617,50,129.745807
-11.443602,50,129.778735
-9.912536,50,129.81221
-7.619794,50,129.861167
-6.663015,50,130.33282
-8.281059,50,130.389823
-6.516133,50,130.442288
-4.947535,50,130.492738
-14.310355,50,130.537644
-9.79633,50,130.582279
-5.022338,50,130.621723
-9.68808,50,130.675801
-16.166698,50,130.714747
-11.7397,50,130.757495
-10.78293,50,130.789917
-7.772386,50,130.824116
-9.016502,50,130.862265
-8.385805,50,130.898647
-9.598927,50,130.930536
-12.970564,50,130.969824
-8.869337,50,131.017585
-10.31572,50,131.050936
-7.758822,50,131.083008
-10.316285,50,131.114547
-15.750898,50,131.159324
-14.747478,50,131.195229
-13.549175,50,131.240107
-16.456234,50,131.289462
-9.857242,50,131.320958
-9.035032,50,131.353095
-14.031817,50,131.384885
-8.287751,50,131.417553
-10.238391,50,131.462311
-10.182224,50,131.495718
-17.980866,50,131.541561
-13.998628,50,131.58073
-10.328179,50,131.634065
-14.565382,50,131.667223
-8.930311,50,131.701144
-13.484816,50,131.753868
-13.375932,50,131.803581
-17.026953,50,131.842403
-15.820675,50,131.882532
-12.961565,50,131.916293
-12.69111,50,131.95676
-14.02406,50,132.409831
-17.873368,50,132.452521
-9.337473,50,132.504887
-10.355259,50,132.550568
-10.588673,50,132.600038
-7.785574,50,132.634117
-14.038139,50,132.669851
-10.456375,50,132.702433
-17.012259,50,132.755073
-10.348217,50,132.801513
-8.704886,50,132.847164
-7.616782,50,132.884402
-9.044473,50,132.92796
-7.136736,50,132.963627
-7.947876,50,132.99782
-16.868158,50,133.031166
-10.318291,50,133.062869
-12.991953,50,133.097469
-17.104565,50,133.130714
-7.829053,50,133.166127
-16.159198,50,133.199961
-15.947462,50,133.234326
-9.701961,50,133.270087
-16.277649,50,133.305362
-8.506995,50,133.340005
-10.126287,50,133.3747
-14.457651,50,133.423873
-7.6834,50,133.479233
-9.719956,50,133.535118
-10.824591,50,133.585667
-14.172002,50,133.640296
-10.376834,50,133.712989
-14.772226,50,133.783992
-9.119174,50,133.857467
-9.492889,50,133.9267
-9.259152,50,133.99723
-3.640255,50,134.068866
-14.791227,50,134.141281
-8.944908,50,134.211956
-15.315367,50,134.285995
-16.630744,50,134.358566
-10.380083,50,135.290622
-17.487606,50,135.364797
-16.325609,50,135.437096
-5.361194,50,135.508429
-12.110219,50,135.580227
-14.856442,50,135.654776
-10.011224,50,135.726303
-8.709577,50,135.795439
-12.450388,50,135.863209
-18.410552,50,135.933634
-13.820819,50,136.003275
-13.103207,50,136.072504
-15.016779,50,136.141891
-9.634533,50,136.214559
-13.060343,50,136.287966
-10.728074,50,136.35967
-9.048765,50,136.433849
-9.925482,50,136.504587
-15.776958,50,136.574379
-14.171484,50,136.645334
-12.427349,50,136.714277
-7.976909,50,136.783459
-13.595843,50,136.852108
-10.196632,50,136.922681
-7.035031,50,136.992831
-16.76531,50,137.06407
-12.421246,50,137.117979
-8.326396,50,137.164425
-10.579807,50,137.196837
-15.040349,50,137.228587
-13.015928,50,137.262056
-14.274113,50,137.297305
-9.215877,50,137.363492
-13.374088,50,137.430537
-13.151903,50,137.499533
-6.809379,50,137.573157
-17.307757,50,137.647394
-4.988497,50,137.717817
-15.667885,50,137.789716
-8.617065,50,137.859932
-15.41254,50,137.932179
-9.734292,50,138.855633
-11.958735,50,138.929818
-13.979794,50,139.005274
-9.354357,50,139.075043
-16.430023,50,139.143971
-9.94244,50,139.212969
-17.763035,50,139.280555
-13.276612,50,139.348272
-8.279615,50,139.416144
-4.543301,50,139.488291
-13.205387,50,139.559368
-14.059516,50,139.632786
-5.817385,50,139.70496
-9.830706,50,139.775804
-8.817275,50,139.843382
-4.815207,50,139.912908
-10.503414,50,139.983037
-11.46991,50,140.054034
-14.456356,50,140.123544
-10.72672,50,140.193235
-9.326798,50,140.266548
-11.925411,50,140.337289
-10.492772,50,140.406473
-10.687372,50,140.480553
-8.434839,50,140.552336
-7.248108,50,140.61965
-12.854614,50,140.685714
-8.378544,50,140.753785
-10.349253,50,140.821132
-16.09156,50,140.888865
-8.122639,50,140.956937
-9.339568,50,141.028165
-9.144775,50,141.099312
-9.615682,50,141.169304
-16.260375,50,141.212673
-8.861899,50,141.247987
-10.779575,50,141.282768
-10.52368,50,141.322721
-16.575584,50,141.357903
-10.47855,50,141.392452
-13.895174,50,141.427509
-5.978139,50,141.91204
-9.41329,50,141.968282
-7.442619,50,142.022466
-14.018079,50,142.067141
-16.493277,50,142.108016
-8.94005,50,142.141729
-15.516229,50,142.178924
-7.685396,50,142.239111
-12.4159,50,142.288091
-10.84123,50,142.345288
-15.885566,50,142.384934
-9.25991,50,142.4305
-19.371381,50,142.468813
-12.485962,50,142.507493
-17.953947,50,142.540965
-11.145197,50,142.574067
-9.842372,50,142.617459
-8.082241,50,142.656294
-8.600816,50,142.691347
-9.089537,50,142.726285
-13.943249,50,142.765141
-7.386082,50,142.804573
-8.25501,50,142.857634
-14.641107,50,142.900115
-14.938101,50,142.936498
-9.222102,50,142.986732
-14.16487,50,143.032075
-7.463769,50,143.082148
-15.804306,50,143.126362
-10.33986,50,143.187333
-9.96264,50,143.233806
-15.503735,50,143.277178
-7.622908,50,143.310912
-14.332683,50,143.358586
-7.07327,50,143.411914
-16.686335,50,143.466554
-10.840406,50,143.516001
-9.120267,50,143.572158
-14.946693,50,143.624955
-4.808794,50,143.672706
-7.823822,50,143.716945
-11.401045,50,144.182403
-12.111314,50,144.240116
-11.383659,50,144.28449
-7.777559,50,144.337411
-11.026514,50,144.379206
-10.411243,50,144.425182
-11.292078,50,144.472421
-12.550459,50,144.507891
-11.211107,50,144.552478
-14.747369,50,144.595319
-15.536105,50,144.654693
-15.991221,50,144.694711
-15.597117,50,144.742049
-9.415181,50,144.791833
-7.68137,50,144.841842
-14.692373,50,144.907645
-14.546118,50,144.966463
-11.015594,50,145.017684
-12.544399,50,145.076216
-18.184127,50,145.123087
-14.937363,50,145.171858
-10.763427,50,145.20981
-8.293606,50,145.250943
-10.79642,50,145.30075
-17.06862,50,145.347728
-11.17267,50,145.383724
-12.752229,50,145.442583
-7.717095,50,145.492457
-11.474405,50,145.541606
-16.537378,50,145.588129
-8.716521,50,145.641654
-14.22539,50,145.678283
-16.01477,50,145.713024
-14.207391,50,145.758711
-8.783986,50,145.810468
-8.905003,50,145.860941
-11.13516,50,145.908763
-16.450019,50,145.95783
-10.948688,50,146.01163
-7.161446,50,146.051293
-13.684624,50,146.091566
-7.00526,50,146.546885
-10.33742,50,146.610863
-19.226499,50,146.665544
-14.759051,50,146.71727
-15.323543,50,146.767022
-8.232265,50,146.811501
-15.881337,50,146.856188
-9.223152,50,146.903741
-8.554112,50,146.964852
-10.255642,50,147.018543
-12.63928,50,147.062213
-10.954008,50,147.104051
-14.046158,50,147.139536
-9.534742,50,147.202677
-11.791413,50,147.254017
-11.509124,50,147.314388
-5.352867,50,147.360906
-9.604721,50,147.416837
-9.167722,50,147.463345
-13.505607,50,147.508927
-15.865662,50,147.565947
-7.009068,50,147.627074
-12.888295,50,147.680889
-5.903381,50,147.73876
-15.242433,50,147.79619
-16.790812,50,147.853207
-9.420521,50,147.907445
-14.261836,50,147.95993
-7.030381,50,148.021778
-5.119542,50,148.07189
-14.397409,50,148.13123
-14.427577,50,148.189887
-6.012507,50,148.232661
-12.92226,50,148.279341
-5.57311,50,148.325212
-17.262015,50,148.363356
-10.714971,50,148.417897
-8.621773,50,148.458771
-9.970881,50,148.500324
-7.391789,50,148.54533
-11.090378,50,148.60338
-7.975744,50,149.078018
-15.782816,50,149.138646
-18.013974,50,149.195604
-9.473235,50,149.258696
-9.334389,50,149.319083
-11.727807,50,149.371069
-10.670019,50,149.423404
-8.477848,50,149.463022
-9.444993,50,149.50632
-9.130226,50,149.566949
-6.905526,50,149.621041
-17.72079,50,149.676714
-10.440108,50,149.730489
-12.976115,50,149.786129
-12.28412,50,149.844334
-9.219565,50,149.896782
-8.067916,50,149.935534
-11.490616,50,149.979575
-15.006007,50,150.027421
-11.567055,50,150.06589
-12.508694,50,150.103081
-13.016531,50,150.146577
-14.610198,50,150.19753
-14.749115,50,150.23634
-10.663234,50,150.27467
-8.802453,50,150.311416
-8.627517,50,150.363345
-10.869181,50,150.405172
-9.320236,50,150.455512
-6.915493,50,150.507403
-13.098116,50,150.556756
-13.053702,50,150.610356
-17.450074,50,150.658691
-7.293959,50,150.714917
-14.834548,50,150.769673
-10.476938,50,150.831138
-9.189973,50,150.879574
-8.399252,50,150.943427
-14.48428,50,151.002047
-10.515483,50,151.05732
-15.067598,50,151.116978
-10.133229,50,151.584514
-16.528388,50,151.639882
-15.20739,50,151.702541
-8.961201,50,151.759123
-7.072951,50,151.813947
-16.956262,50,151.872698
-9.245018,50,151.929972
-6.936753,50,151.983255
-10.489713,50,152.036357
-10.618853,50,152.093193
-8.087521,50,152.139781
-11.832418,50,152.178477
-10.860585,50,152.213772
-17.183332,50,152.263454
-10.852783,50,152.294476
-17.871756,50,152.334079
-9.450442,50,152.393028
-19.998667,50,152.449233
-8.684184,50,152.500547
-10.656138,50,152.549094
-13.891064,50,152.612574
-10.914595,50,152.671462
-8.838147,50,152.728452
-7.571498,50,152.77948
-18.187771,50,152.840479
-8.019332,50,152.882252
-9.034061,50,152.928339
-8.454182,50,152.979502
-10.776486,50,153.018608
-12.368214,50,153.063939
-9.94824,50,153.097241
-6.360068,50,153.128633
-14.163376,50,153.164242
-8.667147,50,153.193932
-16.279822,50,153.223659
-7.351575,50,153.266778
-14.859045,50,153.314191
-11.313603,50,153.353391
-9.407443,50,153.387451
-16.028872,50,153.417276
-9.704561,50,153.450064
-12.618634,50,153.907732
-13.403927,50,153.959718
-8.16665,50,154.00363
-13.727598,50,154.051482
-17.509158,50,154.103852
-14.058343,50,154.147248
-14.471879,50,154.194027
-10.981822,50,154.24101
-8.943963,50,154.291203
-10.54558,50,154.335648
-18.381427,50,154.382856
-11.089848,50,154.423005
-17.104908,50,154.467846
-13.298291,50,154.514739
-10.725511,50,154.545821
-12.860596,50,154.57666
-9.835072,50,154.608319
-6.840243,50,154.652137
-8.970913,50,154.694111
-9.315124,50,154.747017
-11.874553,50,154.782903
-12.061533,50,154.824552
-10.69068,50,154.861404
-17.277808,50,154.903568
-11.143219,50,154.965326
-11.644267,50,155.019138
-15.155185,50,155.069389
-13.48619,50,155.108163
-12.383903,50,155.14544
-18.449229,50,155.18557
-10.162893,50,155.234048
-8.417129,50,155.283692
-10.108077,50,155.325646
-11.102486,50,155.363214
-13.153504,50,155.418206
-13.284812,50,155.45727
-12.510225,50,155.514093
-9.846581,50,155.559642
-17.764612,50,155.598474
-11.047086,50,155.632645
-7.955851,50,155.668087
-10.155532,50,156.115754
-10.467117,50,156.173839
-11.60089,50,156.231151
-12.479125,50,156.295373
-16.70474,50,156.353183
-10.436549,50,156.414109
-11.867888,50,156.463122
-15.421156,50,156.517842
-10.141249,50,156.580778
-10.18609,50,156.641149
-9.312279,50,156.701397
-8.302224,50,156.758171
-6.492822,50,156.811132
-17.471337,50,156.855783
-12.675833,50,156.90361
-10.669033,50,156.960663
-6.445424,50,157.006257
-10.056699,50,157.053113
-6.542842,50,157.097393
-12.556529,50,157.14669
-9.183836,50,157.206523
-15.829422,50,157.253954
-16.044432,50,157.308472
-10.476573,50,157.362633
-14.055121,50,157.426497
-8.810161,50,157.46451
-11.859672,50,157.515608
-14.313504,50,157.573847
-10.246752,50,157.621703
-9.608375,50,157.669765
-11.218975,50,157.702137
-12.853734,50,157.7345
-14.09263,50,157.766834
-15.651027,50,157.799722
-8.596542,50,157.832043
-9.791533,50,157.865584
-9.344837,50,157.897978
-11.876752,50,157.945272
-18.220083,50,157.985283
-13.556272,50,158.022484
-16.413965,50,158.059581
-11.289238,50,158.522442
-17.828354,50,158.582127
-16.958361,50,158.632888
-13.883432,50,158.695621
-15.467245,50,158.7485
-8.120265,50,158.798263
-10.719202,50,158.855449
-9.043586,50,158.912668
-10.217274,50,158.966991
-9.007939,50,159.018065
-11.026524,50,159.072922
-8.43121,50,159.130574
-16.564792,50,159.187207
-8.376414,50,159.229161
-8.798346,50,159.281353
-12.437408,50,159.330162
-9.164748,50,159.369934
-8.453215,50,159.432529
-19.022987,50,159.471516
-9.052799,50,159.516998
-11.884652,50,159.569551
-9.956573,50,159.633657
-8.130865,50,159.688591
-9.227938,50,159.742616
-15.856757,50,159.799613
-12.929441,50,159.854744
-12.990323,50,159.90758
-9.995416,50,159.965466
-9.834851,50,160.01974
-14.143613,50,160.073596
-10.77788,50,160.132583
-13.215618,50,160.173535
-13.135721,50,160.21851
-16.388148,50,160.267475
-10.135339,50,160.317735
-8.965653,50,160.363936
-17.246244,50,160.406647
-9.513005,50,160.451913
-17.423946,50,160.484042
-6.753523,50,160.541908
-18.328091,50,160.598003
-16.133778,50,161.064294
-9.676552,50,161.125609
-15.667581,50,161.176415
-9.624316,50,161.232534
-8.877537,50,161.274419
-7.100784,50,161.329737
-11.259655,50,161.385032
-13.837736,50,161.431976
-14.55893,50,161.482002
-10.193798,50,161.533969
-13.455774,50,161.585319
-10.781793,50,161.636869
-12.344075,50,161.694897
-16.103627,50,161.750542
-10.772183,50,161.803717
-8.964159,50,161.854318
-16.337951,50,161.906726
-8.048475,50,161.9502
-10.054083,50,161.992162
-11.536274,50,162.033103
-6.641987,50,162.070945
-13.408995,50,162.124308
-12.741482,50,162.160875
-9.085633,50,162.196326
-7.7707,50,162.236484
-9.119098,50,162.284696
-5.630155,50,162.325638
-18.603458,50,162.357345
-14.617666,50,162.389005
-14.43624,50,162.433513
-10.080274,50,162.482937
-10.557559,50,162.52814
-8.223038,50,162.571587
-13.758188,50,162.624647
-13.147368,50,162.678416
-10.840046,50,162.728511
-9.303255,50,162.781855
-12.036081,50,162.833345
-9.220401,50,162.891927
-18.154395,50,162.946066
-9.754141,50,163.001299
-11.062357,50,163.475077
-11.46118,50,163.538645
-10.999093,50,163.593371
-15.435308,50,163.65165
-16.532394,50,163.705602
-12.230143,50,163.761693
-9.484567,50,163.820573
-14.979765,50,163.873209
-7.706016,50,163.930157
-9.582373,50,163.983727
-16.296438,50,164.039786
-15.636856,50,164.081017
-17.277076,50,164.124336
-10.537308,50,164.172059
-11.580185,50,164.223227
-12.439473,50,164.267817
-7.04783,50,164.321916
-8.312186,50,164.377142
-15.587947,50,164.42162
-10.218245,50,164.458561
-9.705385,50,164.507206
-17.663358,50,164.563849
-7.680642,50,164.622607
-12.611556,50,164.682529
-8.342087,50,164.741595
-17.433026,50,164.798939
-10.493755,50,164.854855
-10.694119,50,164.914882
-15.767284,50,164.971668
-14.410115,50,165.036371
-12.598142,50,165.085939
-8.764347,50,165.140634
-13.294604,50,165.185401
-17.848311,50,165.224856
-18.387046,50,165.272363
-10.711259,50,165.317149
-12.371826,50,165.355102
-18.939729,50,165.393224
-9.505346,50,165.435651
-11.321913,50,165.48113
-9.107947,50,165.536828
-10.353766,50,166.010695
-11.288272,50,166.066571
-11.302198,50,166.123969
-15.821576,50,166.180197
-8.492715,50,166.226256
-10.332769,50,166.270336
-11.631847,50,166.311926
-9.724357,50,166.377031
-11.134516,50,166.438324
-8.432816,50,166.484676
-9.429475,50,166.534827
-11.542976,50,166.600532
-11.512332,50,166.660881
-9.112852,50,166.723847
-18.488678,50,166.781549
-8.382412,50,166.836105
-16.868502,50,166.887404
-8.990315,50,166.924507
-8.805023,50,166.970321
-8.787311,50,167.010473
-18.715239,50,167.067966
-11.016084,50,167.111829
-17.639524,50,167.162764
-11.87709,50,167.210986
-8.25962,50,167.253926
-11.928855,50,167.305662
-6.347194,50,167.35853
-7.499921,50,167.408167
-13.45593,50,167.455735
-14.567575,50,167.502365
-15.333221,50,167.539673
-17.201711,50,167.599568
-10.471082,50,167.65236
-10.630963,50,167.6963
-16.477923,50,167.743799
-16.767401,50,167.788357
-10.422109,50,167.838189
-15.570199,50,167.886965
-16.348501,50,167.921094
-17.180934,50,167.963033
-12.259063,50,168.006797
-9.296659,50,168.467566
-11.532024,50,168.527359
-18.094229,50,168.586236
-5.447496,50,168.641529
-9.541441,50,168.699145
-9.361396,50,168.75092
-16.212878,50,168.804765
-18.503197,50,168.857472
-15.776889,50,168.902565
-13.270025,50,168.950016
-9.888113,50,168.998068
-9.602844,50,169.049725
-9.526921,50,169.091671
-13.019352,50,169.134621
-6.899063,50,169.18364
-12.90864,50,169.234841
-11.617568,50,169.289086
-11.463177,50,169.343499
-12.569165,50,169.390462
-9.873483,50,169.430803
-14.679057,50,169.49183
-19.242739,50,169.545855
-8.971596,50,169.600414
-14.288181,50,169.662477
-13.287822,50,169.730384
-13.301406,50,169.792723
-13.446378,50,169.846878
-13.640323,50,169.896286
-14.616818,50,169.952869
-17.774079,50,170.010628
-11.761068,50,170.072196
-15.876787,50,170.126666
-9.667475,50,170.169618
-8.900498,50,170.228235
-12.635891,50,170.273231
-10.505523,50,170.324393
-8.381398,50,170.383924
-9.965447,50,170.444891
-17.558314,50,170.496981
-9.386772,50,170.552236
-15.56476,50,170.61025
-9.836915,50,171.115993
-8.232897,50,171.16934
-15.116892,50,171.228154
-8.150613,50,171.289596
-10.603389,50,171.342566
-10.801193,50,171.392322
-9.346443,50,171.429959
-10.752811,50,171.477651
-7.787878,50,171.528608
-12.105427,50,171.586887
-15.289485,50,171.650505
-12.877554,50,171.716231
-14.520715,50,171.774715
-13.04442,50,171.839847
-9.548638,50,171.904019
-11.345523,50,171.960874
-10.118192,50,172.004766
-5.572625,50,172.054569
-14.979786,50,172.108984
-12.444796,50,172.164871
-8.809901,50,172.21238
-12.801727,50,172.256359
-9.694296,50,172.313685
-14.679275,50,172.362695
-8.586417,50,172.406916
-11.35972,50,172.457341
-14.068721,50,172.505552
-6.601762,50,172.559974
-9.055487,50,172.618409
-8.554499,50,172.686841
-16.385447,50,172.755493
-11.287576,50,172.823586
-15.351947,50,172.882171
-13.135123,50,172.944991
-9.770344,50,173.001172
-14.666005,50,173.059275
-9.955721,50,173.119977
-9.836869,50,173.17878
-17.669415,50,173.23489
-11.884573,50,173.290438
-9.224192,50,173.357642
-11.782801,50,173.887281
-8.071882,50,173.94722
-15.022746,50,174.007323
-10.926203,50,174.065781
-9.45354,50,174.129049
-10.465507,50,174.192776
-17.842829,50,174.247653
-15.716331,50,174.309952
-15.038186,50,174.370811
-14.201591,50,174.426042
-11.425637,50,174.484535
-18.704183,50,174.545547
-16.73723,50,174.601164
-11.23961,50,174.667596
-10.625013,50,174.727766
-7.340884,50,174.780478
-8.010697,50,174.830026
-9.748412,50,174.886613
-6.256088,50,174.942414
-12.108982,50,174.989629
-9.593344,50,175.029872
-10.678301,50,175.074446
-14.578367,50,175.121729
-17.009992,50,175.173467
-18.318038,50,175.225492
-16.09986,50,175.285155
-16.12035,50,175.338217
-18.049473,50,175.375546
-12.623177,50,175.417126
-14.067589,50,175.453401
-16.72695,50,175.490663
-19.755187,50,175.533127
-17.293659,50,175.579129
-16.017164,50,175.628683
-15.896927,50,175.667248
-11.452324,50,175.714272
-19.370431,50,175.766313
-13.473158,50,175.802615
-11.486555,50,175.837853
-10.834409,50,175.884346
-15.078896,50,175.917398
-7.177739,50,176.400631
-9.822279,50,176.434113
-8.601248,50,176.477257
-8.026268,50,176.527596
-10.654863,50,176.573699
-17.827876,50,176.608788
-14.164022,50,176.643077
-15.120213,50,176.675961
-8.860701,50,176.711015
-8.399027,50,176.748544
-11.973408,50,176.797787
-9.40121,50,176.840078
-10.28642,50,176.875567
-9.665758,50,176.911526
-10.658292,50,176.945855
-9.572484,50,176.98104
-7.557162,50,177.018165
-10.988197,50,177.062967
-12.124695,50,177.099915
-11.559589,50,177.145311
-10.563581,50,177.177426
-16.690052,50,177.210426
-8.835043,50,177.245763
-17.053294,50,177.281275
-11.169451,50,177.323221
-11.257388,50,177.357393
-11.024181,50,177.39563
-13.915757,50,177.432858
-10.969734,50,177.468402
-5.434182,50,177.502288
-9.014325,50,177.535952
-11.097965,50,177.590902
-14.380777,50,177.636067
-11.160153,50,177.671747
-6.693852,50,177.712104
-10.436611,50,177.746325
-12.192863,50,177.778959
-14.389206,50,177.810989
-11.102596,50,177.848843
-6.500512,50,177.88174
-9.653398,50,177.915963
-7.307464,50,178.35574
-15.768431,50,178.389176
-9.38537,50,178.434971
-13.612215,50,178.483616
-5.488167,50,178.526234
-14.30903,50,178.560649
-16.03577,50,178.607664
-17.767712,50,178.652514
-10.126114,50,178.688458
-16.350901,50,178.720321
-19.650704,50,178.753013
-9.610764,50,178.798262
-17.148251,50,178.83648
-14.171852,50,178.869329
-11.683526,50,178.902944
-10.043896,50,178.935978
-8.892684,50,178.97347
-13.559975,50,179.00808
-10.352281,50,179.04052
-14.491954,50,179.072349
-13.183929,50,179.105177
-11.007444,50,179.13656
-9.243062,50,179.16629
-9.70264,50,179.200478
-8.827123,50,179.23668
-17.643151,50,179.275946
-10.285275,50,179.331055
-6.705803,50,179.371307
-10.556655,50,179.407743
-14.331498,50,179.453021
-10.067138,50,179.505459
-9.064955,50,179.557693
-13.647433,50,179.595986
-9.902119,50,179.629653
-11.6385,50,179.668919
-15.371226,50,179.703301
-12.238017,50,179.740654
-10.535691,50,179.779363
-13.804517,50,179.817568
-8.38296,50,179.857147
-16.787291,50,179.899277
-11.174904,50,180.34624
-13.528172,50,180.392588
-9.222354,50,180.438012
-10.350242,50,180.473588
-12.540768,50,180.523295
-8.352189,50,180.559182
-9.127823,50,180.595084
-11.371651,50,180.634374
-17.114705,50,180.678919
-9.001448,50,180.722766
-8.362753,50,180.765127
-15.96091,50,180.800134
-12.64538,50,180.837513
-19.598019,50,180.890005
-9.16123,50,180.92368
-11.060172,50,180.956072
-18.84243,50,180.989761
-8.410924,50,181.021107
-9.036992,50,181.052395
-9.817799,50,181.087183
-18.187207,50,181.120605
-10.614794,50,181.155475
-15.888929,50,181.18874
-10.692158,50,181.220536
-15.189225,50,181.252169
-16.772042,50,181.284538
-11.739315,50,181.317731
-11.176212,50,181.35157
-17.50352,50,181.384764
-9.299437,50,181.420269
-18.824911,50,181.452783
-8.072032,50,181.492753
-7.370812,50,181.526301
-7.656094,50,181.571704
-12.308541,50,181.618491
-15.266709,50,181.653951
-9.259689,50,181.689126
-13.080547,50,181.73608
-7.86048,50,181.768674
-14.929987,50,181.814137
-18.460959,50,181.857474
-11.506868,50,182.677939
-8.963597,50,182.752114
-16.827033,50,182.826491
-17.980508,50,182.89756
-11.037495,50,182.971376
-13.154916,50,183.03808
-10.898047,50,183.108566
-10.421374,50,183.177536
-11.923728,50,183.247443
-14.682778,50,183.316009
-8.77609,50,183.385971
-14.23511,50,183.458098
-12.042322,50,183.526127
-10.909855,50,183.596682
-7.936043,50,183.667895
-12.894105,50,183.740641
-9.208648,50,183.811946
-11.603919,50,183.882358
-8.875705,50,183.951623
-10.559715,50,184.020401
-18.815329,50,184.091841
-8.042119,50,184.161036
-8.927026,50,184.232912
-8.800102,50,184.303375
-9.613722,50,184.373548
-13.593746,50,184.442178
-9.748748,50,184.5105
-8.464757,50,184.580147
-10.453889,50,184.651054
-9.854201,50,184.7262
-12.632266,50,184.7993
-12.765051,50,184.868303
-10.487002,50,184.939228
-17.723264,50,185.009602
-14.108983,50,185.080697
-11.066895,50,185.151911
-10.430011,50,185.220455
-12.839379,50,185.290134
-15.661248,50,185.360852
-15.903972,50,185.415963
-10.88639,50,185.455948
-10.102162,50,186.235295
-11.739302,50,186.304922
-19.141778,50,186.373892
-9.558193,50,186.440438
-9.942785,50,186.507535
-7.602393,50,186.575211
-14.353121,50,186.645385
-10.941132,50,186.714929
-11.9068,50,186.784374
-11.706154,50,186.853519
-12.263582,50,186.921234
-9.306656,50,186.99033
-8.945136,50,187.062082
-10.01004,50,187.128937
-12.050302,50,187.20058
-10.302167,50,187.272997
-7.72546,50,187.344916
-10.913898,50,187.415485
-6.570725,50,187.48521
-8.044695,50,187.55738
-11.140438,50,187.625523
-9.49164,50,187.692197
-11.685972,50,187.761146
-11.539738,50,187.82857
-10.003017,50,187.897074
-13.590245,50,187.966548
-11.149568,50,188.035122
-11.924079,50,188.104374
-7.722548,50,188.172631
-11.034868,50,188.242742
-13.34145,50,188.312491
-10.676696,50,188.380041
-8.114883,50,188.448872
-12.276007,50,188.519005
-10.897028,50,188.586578
-9.390807,50,188.657018
-13.40736,50,188.729751
-14.420442,50,188.798874
-13.424472,50,188.865307
-17.357234,50,188.935693
-13.997663,50,189.002986
-19.060991,50,189.731275
-10.684044,50,189.763601
-8.980341,50,189.795777
-12.531642,50,189.834531
-7.209389,50,189.870746
-11.529751,50,189.914884
-11.764141,50,189.957006
-17.601927,50,189.990314
-7.665908,50,190.02589
-10.197406,50,190.073772
-11.486274,50,190.107881
-7.508055,50,190.154986
-12.346088,50,190.190752
-12.351514,50,190.222738
-16.649406,50,190.25608
-7.586093,50,190.291615
-10.21946,50,190.336664
-11.551495,50,190.380666
-10.487171,50,190.416147
-14.192766,50,190.450482
-16.680038,50,190.483941
-12.30142,50,190.516537
-10.186243,50,190.549059
-11.516766,50,190.589083
-6.149283,50,190.624005
-12.97846,50,190.658431
-10.579909,50,190.692776
-9.096059,50,190.725673
-12.055805,50,190.757808
-14.51591,50,190.794938
-8.093218,50,190.847654
-8.709675,50,190.892349
-18.167054,50,190.930411
-14.834669,50,190.962389
-7.782529,50,190.997783
-11.365184,50,191.049237
-14.336568,50,191.09269
-12.537772,50,191.133459
-15.761051,50,191.173584
-7.926859,50,191.214649
-9.669011,50,191.679524
-9.452486,50,191.742574
-9.258106,50,191.792396
-13.206704,50,191.839034
-16.111076,50,191.876467
-13.035356,50,191.918219
-10.519356,50,191.961002
-13.800346,50,192.007694
-8.094049,50,192.06005
-9.539182,50,192.11086
-6.767594,50,192.163349
-16.785533,50,192.21204
-12.827635,50,192.268449
-7.730849,50,192.307344
-12.336274,50,192.354277
-15.568741,50,192.390246
-10.690708,50,192.436595
-9.283128,50,192.486847
-10.397582,50,192.53987
-7.720094,50,192.571858
-9.444374,50,192.603083
-10.147462,50,192.63416
-14.107239,50,192.691567
-11.029587,50,192.745722
-16.539483,50,192.78503
-8.318276,50,192.824708
-6.69972,50,192.870194
-10.691084,50,192.920279
-13.344174,50,192.969002
-6.485119,50,193.016034
-14.404767,50,193.067031
-17.107888,50,193.105361
-5.548298,50,193.152586
-10.538819,50,193.200236
-10.403154,50,193.233766
-13.936294,50,193.285917
-10.846529,50,193.339424
-13.874824,50,193.393374
-10.424138,50,193.438702
-11.096982,50,193.477944
-7.200396,50,193.524048
-17.458271,50,193.993699
-12.294651,50,194.052932
-13.489661,50,194.104906
-15.420058,50,194.156492
-11.488937,50,194.192488
-14.612586,50,194.246655
-7.732165,50,194.303197
-17.319368,50,194.357687
-9.023439,50,194.413971
-15.749744,50,194.454097
-15.745062,50,194.495215
-17.211648,50,194.553071
-13.534057,50,194.610745
-11.650004,50,194.665872
-8.788352,50,194.703892
-16.26202,50,194.765637
-11.250242,50,194.823241
-10.580089,50,194.880714
-10.724113,50,194.932398
-12.270388,50,194.981407
-12.103549,50,195.04031
-19.235109,50,195.10488
-16.277605,50,195.15279
-18.225389,50,195.191228
-13.010238,50,195.240314
-11.896432,50,195.299702
-16.422202,50,195.344861
-11.6943,50,195.404647
-14.672903,50,195.450097
-10.651998,50,195.49201
-6.868707,50,195.535103
-10.246101,50,195.5761
-6.553444,50,195.634272
-10.590132,50,195.679381
-10.541546,50,195.717406
-13.036823,50,195.748859
-7.541486,50,195.786837
-12.583693,50,195.831552
-18.003199,50,195.887497
-18.365958,50,195.922018
-9.014219,50,195.959619
-7.477036,50,196.40768
-17.497811,50,196.476577
-11.818366,50,196.533273
-10.71594,50,196.587247
-17.711866,50,196.631829
-10.632848,50,196.679068
-16.531923,50,196.730921
-16.444806,50,196.763866
-12.711591,50,196.81655
-10.574555,50,196.863899
-15.775073,50,196.903646
-9.375243,50,196.941916
-16.825847,50,196.978956
-8.809088,50,197.025837
-9.488525,50,197.07646
-10.319146,50,197.124676
-8.154916,50,197.177034
-8.348988,50,197.232607
-10.774155,50,197.270605
-9.755734,50,197.314616
-13.453291,50,197.359517
-9.723446,50,197.402604
-14.510837,50,197.467453
-8.290336,50,197.523113
-7.787677,50,197.582899
-11.331953,50,197.630837
-5.413295,50,197.691962
-7.949578,50,197.746567
-9.486468,50,197.802616
-10.746928,50,197.861464
-6.538403,50,197.918595
-11.901159,50,197.968318
-17.835661,50,198.005687
-8.153395,50,198.043576
-9.57508,50,198.086201
-7.424566,50,198.141249
-11.339924,50,198.183116
-7.177922,50,198.230967
-9.390103,50,198.267689
-17.085939,50,198.300837
-12.279243,50,198.347064
-12.992255,50,198.821763
-19.257214,50,198.879594
-11.605743,50,198.937576
-10.567097,50,198.987959
-13.452563,50,199.043035
-16.681094,50,199.104285
-18.250187,50,199.161572
-10.43239,50,199.217711
-17.545335,50,199.271084
-7.672209,50,199.32163
-11.850839,50,199.370781
-10.37266,50,199.431318
-16.12234,50,199.489115
-15.213723,50,199.546964
-11.3756,50,199.600673
-18.57828,50,199.641335
-16.762262,50,199.688731
-16.641186,50,199.726586
-16.452446,50,199.759522
-11.366716,50,199.79817
-17.784947,50,199.852686
-10.661421,50,199.905574
-12.076258,50,199.964623
-10.79075,50,200.020899
-10.790955,50,200.072937
-7.096034,50,200.127722
-14.958348,50,200.182589
-5.892021,50,200.234638
-9.150644,50,200.2984
-7.777182,50,200.363585
-13.358749,50,200.409512
-9.397486,50,200.467773
-8.190465,50,200.509518
-11.563601,50,200.555329
-11.053603,50,200.598432
-10.984458,50,200.650838
-9.795223,50,200.68534
-11.678094,50,200.716557
-12.443398,50,200.755767
-10.696372,50,200.804274
-12.584425,50,200.850905
-9.918847,50,201.319716
-10.103418,50,201.378205
-10.137146,50,201.433876
-12.871088,50,201.492708
-8.987148,50,201.55872
-11.322333,50,201.61197
-12.500078,50,201.668901
-10.188338,50,201.729655
-12.165256,50,201.780575
-7.832594,50,201.834226
-11.12752,50,201.885933
-9.329489,50,201.947156
-6.926464,50,202.001903
-11.319652,50,202.058863
-12.356546,50,202.116126
-18.716557,50,202.161145
-10.894039,50,202.220749
-10.28213,50,202.273016
-16.865111,50,202.337472
-12.577745,50,202.39434
-7.089895,50,202.444773
-10.624074,50,202.495785
-13.059366,50,202.554536
-17.052904,50,202.612559
-12.324976,50,202.666295
-11.436755,50,202.717735
-10.002041,50,202.758704
-9.119346,50,202.802664
-9.726531,50,202.849724
-14.20387,50,202.909206
-10.416417,50,202.965835
-10.706235,50,203.022138
-17.655246,50,203.080653
-5.878357,50,203.132265
-12.317095,50,203.185524
-9.361941,50,203.238077
-6.178933,50,203.293485
-11.308024,50,203.360343
-7.564562,50,203.415336
-12.825768,50,203.464421
-9.725584,50,203.520441
-12.162001,50,203.996415
-18.215479,50,204.054778
-18.061675,50,204.106825
-10.742915,50,204.157171
-7.025573,50,204.217976
-9.964437,50,204.272656
-9.802599,50,204.330086
-8.028908,50,204.378405
-11.128001,50,204.434844
-7.735522,50,204.47245
-10.06679,50,204.520241
-16.509421,50,204.557209
-14.66602,50,204.618227
-9.061129,50,204.655076
-15.811371,50,204.694468
-8.181785,50,204.745851
-10.417626,50,204.787895
-11.027938,50,204.82965
-8.295781,50,204.879565
-9.663182,50,204.924988
-10.476309,50,204.974139
-15.480549,50,205.031862
-17.384779,50,205.086161
-10.424625,50,205.142663
-13.891942,50,205.199329
-8.480621,50,205.257989
-6.934226,50,205.314042
-11.268021,50,205.361005
-11.853088,50,205.419749
-10.424061,50,205.474594
-15.082622,50,205.530697
-10.191743,50,205.586514
-15.150792,50,205.627641
-5.789503,50,205.683234
-10.329899,50,205.72596
-7.947192,50,205.763037
-8.274445,50,205.811141
-8.157851,50,205.851305
-9.012608,50,205.88821
-7.947104,50,205.93706
-11.943703,50,205.987997
-10.543754,50,206.459901
-8.08149,50,206.517856
-6.935274,50,206.569441
-9.671599,50,206.625788
-14.623924,50,206.688575
-13.674407,50,206.75003
-15.539811,50,206.80542
-10.064028,50,206.857729
-9.302995,50,206.913506
-13.005485,50,206.963836
-7.466486,50,207.011453
-7.344423,50,207.070211
-9.667261,50,207.123281
-17.618127,50,207.184516
-12.803872,50,207.239552
-9.632943,50,207.296711
-10.457174,50,207.354755
-9.275612,50,207.408626
-12.92829,50,207.46683
-8.7749,50,207.5208
-5.422286,50,207.576459
-8.408011,50,207.628372
-11.966914,50,207.678531
-7.084181,50,207.737626
-16.276017,50,207.802755
-17.0816,50,207.845097
-16.58601,50,207.886761
-18.442764,50,207.929451
-19.320827,50,207.970623
-14.005908,50,208.029489
-7.784427,50,208.083691
-10.770193,50,208.138753
-11.371789,50,208.195855
-9.893603,50,208.256321
-12.271241,50,208.318554
-12.929334,50,208.36814
-9.842634,50,208.426725
-9.5681,50,208.490067
-11.873575,50,208.544056
-11.955769,50,208.605626
-8.790011,50,208.666342
-9.520174,50,209.145856
-5.877492,50,209.208724
-8.945472,50,209.261706
-7.526928,50,209.316278
-10.915366,50,209.372712
-10.115103,50,209.4332
-6.200246,50,209.484842
-14.004993,50,209.537473
-11.542005,50,209.591215
-14.0392,50,209.644312
-13.541245,50,209.697334
-8.19126,50,209.752242
-12.983414,50,209.806965
-6.333019,50,209.859484
-9.864944,50,209.909817
-7.714176,50,209.953822
-14.078322,50,210.001199
-15.785411,50,210.044466
-10.472984,50,210.085502
-16.979675,50,210.1267
-14.117282,50,210.188066
-13.955112,50,210.249698
-13.022814,50,210.307206
-18.909294,50,210.363052
-12.570382,50,210.417057
-12.417723,50,210.47843
-9.335936,50,210.539019
-13.727759,50,210.593755
-9.587761,50,210.660856
-9.139735,50,210.716809
-10.536433,50,210.776522
-9.557894,50,210.838566
-5.286458,50,210.893506
-11.602472,50,210.935448
-14.842785,50,210.989699
-5.28981,50,211.030076
-15.0704,50,211.084266
-5.9883,50,211.13508
-10.714038,50,211.197006
-13.388295,50,211.248889
-13.416631,50,211.302788
-8.959702,50,211.762041
-16.388668,50,211.826363
-10.413919,50,211.879952
-7.857907,50,211.941198
-9.34796,50,211.99667
-9.945071,50,212.057888
-16.399345,50,212.11413
-10.303968,50,212.179016
-4.500223,50,212.242502
-10.658357,50,212.299139
-10.024901,50,212.357109
-11.1213,50,212.417118
-9.883698,50,212.47314
-9.224228,50,212.536523
-11.394666,50,212.591185
-5.171144,50,212.646251
-16.146,50,212.707029
-10.991139,50,212.761561
-12.525443,50,212.811189
-13.869808,50,212.86592
-19.444315,50,212.918407
-8.382313,50,212.976823
-12.015519,50,213.037406
-10.463321,50,213.084809
-9.958181,50,213.138476
-14.440518,50,213.201194
-9.693523,50,213.261481
-7.710494,50,213.318556
-7.444011,50,213.370834
-6.743942,50,213.428631
-15.29608,50,213.480476
-10.932853,50,213.529079
-11.068194,50,213.582881
-11.755241,50,213.624566
-14.856861,50,213.662597
-8.878434,50,213.702542
-8.663008,50,213.742012
-14.982797,50,213.806807
-14.43505,50,213.844491
-18.643036,50,213.90509
-12.432872,50,213.962538
-6.620516,50,214.447093
-8.178755,50,214.503706
-10.010436,50,214.55479
-15.7071,50,214.612861
-11.048474,50,214.649814
-10.341995,50,214.683435
-9.050534,50,214.740436
-17.93319,50,214.790068
-17.013225,50,214.849245
-8.398595,50,214.893456
-7.439854,50,214.952223
-17.360504,50,214.990545
-9.657078,50,215.036776
-11.407343,50,215.077002
-15.156435,50,215.125399
-7.328684,50,215.16245
-8.099575,50,215.198509
-15.475972,50,215.239199
-10.946875,50,215.282595
-15.697124,50,215.326791
-14.427747,50,215.365612
-17.648032,50,215.428611
-15.136663,50,215.473676
-9.167611,50,215.527104
-8.736256,50,215.591626
-10.46501,50,215.636591
-7.212212,50,215.68594
-8.640619,50,215.739907
-8.251269,50,215.774652
-11.310548,50,215.82495
-11.624702,50,215.884554
-9.740682,50,215.924429
-13.534716,50,215.962905
-11.059333,50,216.007589
-6.588271,50,216.063944
-5.519275,50,216.106623
-5.8441,50,216.168434
-14.535987,50,216.223326
-8.335327,50,216.271641
-7.714098,50,216.332111
-7.053871,50,216.380599
-12.103244,50,216.866215
-9.331143,50,216.918602
-9.138533,50,216.975845
-16.691442,50,217.028224
-5.367187,50,217.092007
-13.669758,50,217.140665
-9.92082,50,217.201797
-5.910445,50,217.25139
-15.965935,50,217.302496
-11.034065,50,217.360768
-11.220447,50,217.406697
-12.241451,50,217.462295
-9.406851,50,217.51743
-10.772464,50,217.570056
-18.488625,50,217.620981
-8.324011,50,217.672768
-12.602554,50,217.714618
-5.717618,50,217.761188
-7.798205,50,217.821635
-15.620383,50,217.873863
-9.277861,50,217.930107
-10.948217,50,217.98318
-7.43296,50,218.037568
-6.710199,50,218.071676
-8.40917,50,218.106535
-18.907695,50,218.150441
-10.47444,50,218.210362
-5.691633,50,218.27471
-10.759016,50,218.335699
-12.703161,50,218.38069
-10.899887,50,218.432914
-14.138077,50,218.484209
-5.823595,50,218.534678
-7.035997,50,218.582336
-10.230976,50,218.624611
-11.306184,50,218.656621
-8.555238,50,218.713667
-10.598547,50,218.752377
-9.737392,50,218.787865
-18.978243,50,218.827668
-7.519587,50,218.86959
-9.89861,50,219.353842
-12.068154,50,219.417603
-14.351327,50,219.480339
-13.380526,50,219.54139
-9.809691,50,219.585838
-9.173222,50,219.634635
-18.834438,50,219.674791
-8.618965,50,219.724606
-18.424474,50,219.775123
-8.735646,50,219.825141
-17.569274,50,219.884538
-10.348928,50,219.938308
-7.316608,50,219.993322
-17.160652,50,220.046488
-15.734446,50,220.110341
-8.823345,50,220.166957
-9.952984,50,220.210916
-8.459381,50,220.251806
-8.793874,50,220.312877
-12.502241,50,220.373445
-11.839553,50,220.43398
-10.607307,50,220.47649
-12.93865,50,220.529303
-6.988585,50,220.587117
-7.723124,50,220.636466
-10.503567,50,220.678511
-15.904323,50,220.719095
-16.048719,50,220.770633
-9.423664,50,220.83275
-11.608845,50,220.892206
-10.383336,50,220.953669
-11.633873,50,221.018737
-15.654545,50,221.077652
-6.298032,50,221.124793
-7.808865,50,221.162691
-15.060591,50,221.214701
-9.752568,50,221.266262
-16.023649,50,221.322206
-16.72307,50,221.381493
-16.746428,50,221.431137
-4.525017,50,221.475299
-10.806872,50,221.961897
-10.45034,50,222.01486
-9.021443,50,222.074032
-12.752023,50,222.13712
-12.46798,50,222.196237
-16.991901,50,222.247841
-12.796494,50,222.308469
-9.309781,50,222.36315
-14.079799,50,222.413471
-15.301481,50,222.447814
-15.005926,50,222.487252
-12.816087,50,222.532313
-10.634107,50,222.579118
-5.143648,50,222.6336
-17.532303,50,222.668571
-10.138543,50,222.707454
-8.071099,50,222.765757
-7.328898,50,222.817626
-10.118184,50,222.870163
-17.48654,50,222.914177
-17.972596,50,222.957167
-11.67171,50,222.995807
-9.114803,50,223.050916
-9.977419,50,223.098352
-11.304062,50,223.136749
-9.919134,50,223.176579
-15.026345,50,223.214365
-9.05963,50,223.259291
-7.214267,50,223.308517
-19.781155,50,223.360997
-8.121895,50,223.410352
-9.895819,50,223.466249
-9.237283,50,223.511628
-8.673344,50,223.566067
-12.185944,50,223.616187
-9.609292,50,223.662591
-10.42517,50,223.718659
-7.0519,50,223.778481
-10.512632,50,223.836885
-6.852101,50,223.89859
-18.472494,50,223.949069
-10.588574,50,224.410564
-8.74092,50,224.450127
-13.460577,50,224.497806
-7.396024,50,224.533469
-17.519913,50,224.593108
-9.496788,50,224.641134
-10.774333,50,224.690384
-14.414949,50,224.737524
-11.386827,50,224.775315
-8.412309,50,224.816233
-10.776824,50,224.853833
-4.867609,50,224.895603
-9.684767,50,224.939406
-9.936328,50,224.998866
-19.288579,50,225.052152
-15.805961,50,225.102261
-10.005327,50,225.149771
-11.195767,50,225.206893
-7.982566,50,225.262079
-9.933544,50,225.314193
-10.785079,50,225.359076
-15.237087,50,225.406512
-13.496243,50,225.44419
-13.510872,50,225.501283
-14.769261,50,225.554596
-15.009719,50,225.599127
-10.877476,50,225.63493
-9.118047,50,225.672669
-10.087865,50,225.722625
-10.633607,50,225.759104
-9.269554,50,225.815033
-7.300956,50,225.86065
-8.00615,50,225.906837
-8.06119,50,225.945161
-15.572878,50,225.986589
-10.932735,50,226.045146
-10.628212,50,226.103095
-9.440754,50,226.159618
-6.455725,50,226.208545
-9.868727,50,226.267097
-8.109237,50,226.317751
-14.354169,50,226.776269
-7.165899,50,226.836424
-11.173687,50,226.884104
-9.184951,50,226.923154
-5.799347,50,226.976965
-10.53116,50,227.037744
-12.089539,50,227.09674
-9.154588,50,227.155542
-17.791273,50,227.2157
-10.179835,50,227.271034
-11.365037,50,227.327513
-16.717494,50,227.370549
-17.709019,50,227.417559
-11.342288,50,227.45755
-7.970403,50,227.517867
-8.053767,50,227.578034
-11.251408,50,227.616518
-14.488529,50,227.658985
-8.893444,50,227.694729
-9.817688,50,227.741621
-6.271276,50,227.789225
-5.91861,50,227.841599
-11.769511,50,227.892534
-10.272596,50,227.939004
-12.60709,50,227.989344
-10.400197,50,228.043509
-9.403363,50,228.103147
-9.202546,50,228.164675
-10.185626,50,228.217041
-9.576369,50,228.259765
-7.960925,50,228.305264
-8.220592,50,228.358557
-12.787382,50,228.405334
-17.114147,50,228.454986
-17.413207,50,228.49745
-17.58564,50,228.557456
-7.398097,50,228.605508
-8.513299,50,228.657352
-8.93248,50,228.704046
-10.71517,50,228.762819
-19.083553,50,228.81694
-9.805126,50,229.292509
-16.637598,50,229.33966
-15.63469,50,229.393577
-18.68135,50,229.447828
-9.86087,50,229.505217
-11.55405,50,229.55141
-9.51398,50,229.599271
-16.988444,50,229.651509
-13.020114,50,229.70845
-12.127697,50,229.745006
-10.888683,50,229.784682
-12.294478,50,229.819782
-9.089213,50,229.850925
-8.718682,50,229.890234
-10.161218,50,229.931601
-7.825813,50,229.979341
-5.126202,50,230.016047
-6.63475,50,230.069322
-8.889992,50,230.108173
-10.608817,50,230.147256
-6.975136,50,230.195987
-9.196853,50,230.242718
-12.736753,50,230.281356
-9.365715,50,230.311773
-9.484938,50,230.377064
-8.677278,50,230.436824
-8.499376,50,230.481777
-10.402125,50,230.521372
-9.855703,50,230.552358
-5.877021,50,230.595409
-8.855861,50,230.644008
-11.835302,50,230.692846
-12.921939,50,230.750605
-13.114899,50,230.78784
-7.606283,50,230.831274
-12.878646,50,230.874641
-10.596127,50,230.918748
-4.620614,50,230.974522
-11.829082,50,231.012521
-10.591661,50,231.051502
-12.252621,50,231.083173
-10.516205,50,231.544053
-15.255606,50,231.596886
-7.690981,50,231.656129
-10.268003,50,231.710455
-17.037257,50,231.773507
-16.217613,50,231.829763
-6.335261,50,231.885778
-6.68054,50,231.931589
-13.181019,50,231.980936
-10.746127,50,232.036937
-10.308346,50,232.099996
-8.822026,50,232.155249
-7.3117,50,232.196526
-9.90639,50,232.250751
-10.475339,50,232.307822
-14.879082,50,232.361657
-13.169314,50,232.401652
-8.56059,50,232.441717
-7.957358,50,232.475922
-19.239601,50,232.536158
-11.110033,50,232.585489
-8.469796,50,232.646464
-6.262347,50,232.708737
-7.558598,50,232.764716
-8.876353,50,232.810249
-19.528234,50,232.853137
-9.126863,50,232.899822
-16.755728,50,232.935661
-5.899389,50,232.986969
-9.218556,50,233.02626
-11.41257,50,233.07289
-7.373407,50,233.122206
-10.437489,50,233.164397
-12.581215,50,233.200504
-10.92756,50,233.23285
-9.282309,50,233.280216
-11.531876,50,233.325427
-18.79764,50,233.366607
-6.595459,50,233.403299
-10.605884,50,233.448783
-14.127985,50,233.483611
-8.223123,50,233.942219
-9.794359,50,233.994849
-6.926871,50,234.049263
-14.43941,50,234.105821
-10.839705,50,234.148427
-8.094429,50,234.185585
-15.467292,50,234.234373
-6.726203,50,234.288315
-9.472196,50,234.347514
-9.237175,50,234.398249
-8.762799,50,234.454972
-8.647206,50,234.508323
-6.850482,50,234.548021
-7.349147,50,234.602792
-8.251545,50,234.6551
-9.333486,50,234.714058
-9.229215,50,234.771013
-9.074085,50,234.817881
-8.037618,50,234.869003
-7.834684,50,234.916558
-12.947447,50,234.974274
-13.059797,50,235.027813
-10.866707,50,235.084349
-7.52578,50,235.134753
-9.56874,50,235.185872
-12.210979,50,235.23366
-15.669365,50,235.269392
-9.185795,50,235.313231
-12.144047,50,235.358014
-6.776394,50,235.40105
-9.687954,50,235.440052
-7.295634,50,235.481877
-7.333054,50,235.533999
-5.833085,50,235.580054
-10.056255,50,235.624979
-12.282373,50,235.676831
-17.431261,50,235.721908
-9.920336,50,235.778391
-14.03763,50,235.822668
-12.160661,50,235.861113
-9.800746,50,235.897247
-13.194298,50,236.350308
-11.498669,50,236.410633
-6.870638,50,236.463897
-6.714296,50,236.521136
-11.557863,50,236.578523
-15.019504,50,236.635464
-9.569199,50,236.680908
-9.364687,50,236.731139
-8.098427,50,236.77417
-7.694009,50,236.817935
-10.052874,50,236.86482
-12.811988,50,236.911081
-9.650036,50,236.947435
-14.059879,50,236.997372
-8.825334,50,237.032123
-9.146788,50,237.069607
-9.078407,50,237.101284
-11.539877,50,237.15516
-9.001368,50,237.191436
-8.895821,50,237.250955
-12.368058,50,237.297158
-9.690189,50,237.348857
-12.922803,50,237.408818
-11.504043,50,237.463666
-5.291023,50,237.515565
-11.072463,50,237.57123
-9.037668,50,237.628174
-10.248318,50,237.690648
-5.792706,50,237.742217
-13.219799,50,237.786483
-12.195482,50,237.835568
-5.708955,50,237.874068
-18.450745,50,237.930962
-12.347714,50,237.976908
-8.320681,50,238.027203
-14.425877,50,238.066186
-9.506388,50,238.117729
-8.618621,50,238.150995
-9.686962,50,238.200752
-8.210846,50,238.257654
-16.124374,50,238.314446
-8.492153,50,238.803351
-10.667478,50,238.856559
-14.408407,50,238.908989
-6.337876,50,238.962706
-8.580344,50,239.016093
-12.053451,50,239.065344
-5.605738,50,239.111645
-9.186767,50,239.156515
-7.577184,50,239.209299
-9.648468,50,239.249774
-7.542307,50,239.288199
-10.757617,50,239.321862
-9.856324,50,239.354136
-9.10927,50,239.400032
-9.665654,50,239.448647
-10.618477,50,239.478867
-12.529621,50,239.512511
-14.173593,50,239.561528
-15.393803,50,239.613095
-9.520508,50,239.665449
-9.252155,50,239.704648
-9.564515,50,239.751544
-19.36062,50,239.803877
-7.399483,50,239.85354
-12.567746,50,239.90528
-12.709241,50,239.963398
-9.162223,50,240.007206
-12.565782,50,240.05008
-10.203759,50,240.100294
-7.889558,50,240.145861
-11.317899,50,240.196718
-14.660332,50,240.23931
-11.284421,50,240.286564
-8.504275,50,240.34178
-9.691299,50,240.394053
-8.31376,50,240.447805
-9.001655,50,240.489871
-8.626796,50,240.539857
-10.530901,50,240.589678
-10.800885,50,240.639116
-14.370567,50,240.683002
-9.125272,50,241.160256
-10.978732,50,241.216417
-14.345899,50,241.274378
-13.239893,50,241.332105
-9.787509,50,241.384716
-13.118806,50,241.445689
-14.083212,50,241.503771
-7.268531,50,241.55961
-6.812591,50,241.616257
-13.840218,50,241.679046
-10.549886,50,241.737595
-9.322383,50,241.783901
-9.936487,50,241.829978
-9.503792,50,241.879491
-9.646313,50,241.921722
-10.375292,50,241.979917
-11.413147,50,242.02373
-11.949759,50,242.080433
-14.629507,50,242.136128
-14.301661,50,242.19058
-13.058272,50,242.250206
-6.999083,50,242.309051
-17.765199,50,242.359555
-9.631984,50,242.415641
-7.003361,50,242.472233
-9.332099,50,242.529129
-9.773951,50,242.576182
-6.530474,50,242.61701
-11.347707,50,242.668705
-7.693704,50,242.716393
-8.395276,50,242.757819
-6.561323,50,242.813588
-11.809818,50,242.865512
-10.436885,50,242.91333
-9.772189,50,242.955361
-9.062872,50,243.006441
-11.649323,50,243.06266
-7.807238,50,243.098858
-6.242585,50,243.153158
-10.714813,50,243.211753
-6.22242,50,243.272392
-12.374802,50,243.774537
-7.505279,50,243.831923
-13.509416,50,243.884644
-9.152887,50,243.94371
-9.997519,50,244.000731
-7.39727,50,244.057109
-9.259645,50,244.109783
-8.640296,50,244.172028
-8.923,50,244.228966
-12.463926,50,244.286642
-10.113241,50,244.342285
-13.482273,50,244.398419
-9.799256,50,244.447261
-7.955078,50,244.504525
-8.888308,50,244.55954
-11.427823,50,244.620273
-13.734394,50,244.677494
-16.177117,50,244.738723
-7.338261,50,244.790603
-9.270497,50,244.851727
-15.966801,50,244.90763
-8.621761,50,244.9653
-7.568547,50,245.014146
-12.188498,50,245.058523
-8.781167,50,245.098671
-16.293076,50,245.151607
-17.660172,50,245.21278
-12.879082,50,245.270985
-6.717794,50,245.326306
-9.937475,50,245.379274
-9.457034,50,245.436046
-8.641295,50,245.488772
-8.005902,50,245.52893
-9.322168,50,245.58386
-9.702568,50,245.626648
-10.005461,50,245.670886
-9.481107,50,245.718035
-8.430475,50,245.75607
-7.158959,50,245.79726
-6.740414,50,245.842348
-13.459011,50,245.878533
-10.603105,50,246.339927
-9.160363,50,246.394434
-8.706455,50,246.45254
-13.819749,50,246.507257
-13.970293,50,246.567124
-14.871222,50,246.629089
-9.985772,50,246.685421
-9.897381,50,246.741605
-5.298454,50,246.797885
-11.278358,50,246.848313
-14.376255,50,246.909954
-10.838534,50,246.966305
-9.311021,50,247.021722
-8.07176,50,247.079699
-9.559712,50,247.131192
-12.998608,50,247.171413
-5.620192,50,247.213192
-6.002474,50,247.244855
-8.820957,50,247.294914
-8.957287,50,247.35237
-11.841726,50,247.40836
-17.908848,50,247.461868
-9.441578,50,247.516601
-7.810018,50,247.574126
-13.515649,50,247.628591
-13.473424,50,247.685871
-9.52542,50,247.74214
-9.835923,50,247.793249
-8.457224,50,247.842086
-7.458976,50,247.883784
-8.971316,50,247.935881
-4.934905,50,247.979528
-9.510647,50,248.032552
-13.196101,50,248.087819
-7.135191,50,248.143874
-9.695212,50,248.189861
-10.296108,50,248.228046
-8.319699,50,248.274911
-15.89859,50,248.323631
-7.470269,50,248.375813
-15.323699,50,248.426227
-6.856335,50,248.914167
-14.713485,50,248.978975
-10.933757,50,249.034106
-10.304331,50,249.099431
-7.056242,50,249.158237
-6.570304,50,249.206518
-10.948288,50,249.261033
-12.40944,50,249.306551
-10.512738,50,249.364183
-8.403251,50,249.420246
-6.446973,50,249.477961
-12.988462,50,249.531574
-6.141266,50,249.592207
-16.961871,50,249.648786
-9.839321,50,249.708099
-9.746881,50,249.768344
-10.325797,50,249.821788
-12.965239,50,249.87486
-12.038823,50,249.928761
-10.858814,50,249.980009
-14.798124,50,250.034299
-12.872964,50,250.071132
-11.96308,50,250.126629
-16.892417,50,250.17678
-11.625687,50,250.223689
-10.867153,50,250.260307
-9.974146,50,250.302214
-8.515166,50,250.339428
-17.674899,50,250.400548
-12.780877,50,250.457056
-10.009819,50,250.517068
-14.429794,50,250.57386
-11.623876,50,250.628783
-5.637669,50,250.687151
-9.47009,50,250.746386
-9.645331,50,250.802758
-12.959718,50,250.8617
-10.13868,50,250.921011
-11.836656,50,250.967377
-8.232988,50,251.016678
-9.623062,50,251.077572
-9.383481,50,251.575245
-11.114679,50,251.63464
-6.87468,50,251.698838
-9.527481,50,251.747148
-16.012318,50,251.799328
-7.430423,50,251.85353
-5.604511,50,251.901832
-11.294041,50,251.94345
-7.166037,50,251.978137
-7.572145,50,252.026799
-6.171558,50,252.074858
-14.407681,50,252.124482
-13.800977,50,252.169241
-6.156778,50,252.21229
-11.215243,50,252.262363
-7.608449,50,252.305597
-14.056213,50,252.347432
-13.189797,50,252.385845
-10.430987,50,252.419647
-15.607819,50,252.475155
-12.393838,50,252.51442
-8.491802,50,252.574423
-9.151086,50,252.626479
-9.483788,50,252.684922
-7.922812,50,252.746859
-8.383478,50,252.804697
-9.027503,50,252.859658
-15.503542,50,252.915003
-14.660889,50,252.966464
-13.344653,50,253.022564
-7.02453,50,253.065833
-8.83218,50,253.108876
-7.458818,50,253.140633
-9.27899,50,253.177921
-7.264095,50,253.223534
-11.840435,50,253.27727
-10.955863,50,253.322473
-10.282921,50,253.369195
-9.098534,50,253.41108
-9.512391,50,253.461895
-8.768745,50,253.950419
-9.781709,50,253.983049
-9.715641,50,254.015175
-9.889674,50,254.053629
-13.241536,50,254.110868
-6.557717,50,254.16525
-8.276536,50,254.22495
-7.230755,50,254.289917
-14.812056,50,254.344549
-4.905457,50,254.385797
-11.801052,50,254.440148
-10.918978,50,254.484894
-8.230222,50,254.533381
-15.965919,50,254.584567
-17.010363,50,254.628188
-10.402011,50,254.675552
-8.486902,50,254.721048
-10.213314,50,254.760922
-10.356128,50,254.793593
-8.56022,50,254.82781
-9.792255,50,254.877117
-12.769498,50,254.928629
-7.215968,50,254.984644
-10.581154,50,255.038708
-10.803462,50,255.095567
-7.044885,50,255.155205
-9.823328,50,255.214168
-10.522477,50,255.267208
-7.235617,50,255.323768
-8.681375,50,255.366599
-8.592287,50,255.414701
-7.715063,50,255.466025
-9.705923,50,255.51684
-9.932624,50,255.562758
-9.843146,50,255.607182
-5.863965,50,255.654533
-6.325627,50,255.702641
-5.598972,50,255.761364
-9.260653,50,255.815871
-9.393327,50,255.85823
-8.948826,50,255.905453
-13.399091,50,256.381811
-11.478353,50,256.447966
-10.634481,50,256.50535
-5.249098,50,256.554878
-9.274086,50,256.614472
-13.771527,50,256.672095
-10.179408,50,256.727811
-11.455844,50,256.778522
-12.045674,50,256.830565
-8.651103,50,256.875261
-6.822288,50,256.924752
-8.37699,50,256.981172
-7.634236,50,257.025216
-13.300509,50,257.073298
-8.165913,50,257.123147
-9.690589,50,257.178106
-8.481859,50,257.218515
-6.378276,50,257.279907
-8.884627,50,257.329272
-9.699204,50,257.373235
-6.238106,50,257.427782
-8.836473,50,257.487237
-11.851834,50,257.548514
-8.670959,50,257.602967
-10.723925,50,257.663435
-9.662068,50,257.719887
-10.31771,50,257.766909
-8.615701,50,257.827184
-8.626581,50,257.87482
-11.045729,50,257.927932
-13.526808,50,257.974086
-9.945957,50,258.022922
-8.1889,50,258.070683
-15.793431,50,258.121701
-11.838725,50,258.168447
-8.913176,50,258.210798
-12.202489,50,258.262326
-6.183877,50,258.310612
-6.418745,50,258.352411
-7.968609,50,258.412141
-11.212981,50,258.470122
-8.612935,50,258.92175
-8.751794,50,258.976453
-6.274251,50,259.029284
-9.592218,50,259.081204
-10.594318,50,259.126612
-8.853349,50,259.180513
-11.274408,50,259.23812
-10.233988,50,259.290948
-8.196167,50,259.346058
-10.518048,50,259.393951
-10.444205,50,259.451811
-6.273062,50,259.518276
-8.796796,50,259.577824
-13.934903,50,259.638926
-15.872534,50,259.691026
-8.051937,50,259.729163
-5.530076,50,259.766784
-10.41716,50,259.823633
-8.387979,50,259.884704
-16.039547,50,259.923937
-10.767502,50,259.97007
-14.212272,50,260.020631
-8.018785,50,260.065239
-9.167644,50,260.111352
-5.679055,50,260.150004
-8.863869,50,260.195236
-7.232953,50,260.227947
-9.900968,50,260.262227
-7.998664,50,260.296153
-10.051968,50,260.344135
-8.341458,50,260.386698
-10.017078,50,260.434625
-12.695049,50,260.49991
-7.60811,50,260.555424
-9.242376,50,260.59401
-14.501254,50,260.629693
-10.404955,50,260.693645
-13.573176,50,260.740122
-15.353433,50,260.798517
-9.779329,50,260.859792
-13.591415,50,260.908768
-7.848011,50,261.366924
-15.297532,50,261.42209
-6.15706,50,261.484662
-8.424021,50,261.53785
-10.951856,50,261.593961
-10.086976,50,261.648538
-12.503435,50,261.711322
-11.491642,50,261.763523
-10.138003,50,261.825045
-5.970937,50,261.884479
-8.910332,50,261.940579
-7.333736,50,261.995621
-10.470998,50,262.050382
-6.368008,50,262.087401
-7.514739,50,262.126741
-9.167461,50,262.169548
-9.640325,50,262.209793
-9.41288,50,262.254011
-8.400621,50,262.289308
-13.26943,50,262.333578
-8.598427,50,262.385136
-9.435934,50,262.451013
-8.943756,50,262.507663
-8.748425,50,262.565648
-8.835838,50,262.624794
-10.542636,50,262.678065
-11.181058,50,262.736883
-9.054852,50,262.797601
-8.362075,50,262.856118
-8.803562,50,262.908229
-13.778901,50,262.966827
-9.600626,50,263.02571
-7.140153,50,263.083024
-8.031558,50,263.140647
-11.841295,50,263.191285
-7.823342,50,263.2446
-8.376462,50,263.29376
-8.498354,50,263.329679
-5.999725,50,263.375302
-10.81884,50,263.431671
-9.244398,50,263.489443
-6.94022,50,263.956718
-8.062593,50,264.010657
-10.980223,50,264.069485
-11.232759,50,264.121951
-8.620264,50,264.174882
-8.299512,50,264.227713
-8.174816,50,264.272833
-13.448334,50,264.335109
-9.392161,50,264.385375
-9.102857,50,264.44779
-8.862997,50,264.501428
-10.69035,50,264.555195
-9.166777,50,264.613607
-6.504158,50,264.667093
-13.0425,50,264.722651
-8.65395,50,264.788431
-8.422177,50,264.846738
-11.16554,50,264.890844
-5.223921,50,264.956579
-12.901225,50,265.013861
-9.388688,50,265.051849
-9.243219,50,265.118612
-8.742922,50,265.168365
-10.006666,50,265.219472
-10.024071,50,265.270312
-12.49357,50,265.322834
-8.967276,50,265.36171
-11.639073,50,265.419717
-5.678568,50,265.478493
-7.586212,50,265.530762
-12.231249,50,265.588954
-7.473906,50,265.646473
-9.590386,50,265.700979
-11.361328,50,265.755279
-13.668645,50,265.804149
-14.251997,50,265.845183
-8.892689,50,265.876751
-8.849837,50,265.919758
-8.883096,50,265.968574
-9.721005,50,266.011841
-10.986713,50,266.06256
-10.593656,50,266.538971
-6.635577,50,266.592498
-12.436539,50,266.656789
-10.567151,50,266.712802
-9.922303,50,266.767092
-11.261365,50,266.825745
-7.371477,50,266.880833
-12.588981,50,266.939332
-8.434017,50,266.987957
-12.991006,50,267.048798
-11.023384,50,267.106037
-11.346936,50,267.167202
-12.322716,50,267.216874
-10.324899,50,267.279883
-7.828026,50,267.332046
-14.379272,50,267.388519
-13.77791,50,267.445223
-11.840126,50,267.503449
-9.743428,50,267.55973
-6.068237,50,267.613107
-10.071815,50,267.670077
-13.208601,50,267.725184
-12.87957,50,267.78423
-8.406168,50,267.844572
-12.664883,50,267.902414
-7.014463,50,267.946872
-10.286757,50,268.007725
-13.27238,50,268.054148
-6.075667,50,268.098173
-8.626885,50,268.1429
-13.116197,50,268.191626
-12.331127,50,268.229421
-11.477599,50,268.275132
-7.91009,50,268.316323
-14.280434,50,268.359909
-8.971839,50,268.401169
-13.532364,50,268.459347
-10.264342,50,268.518495
-7.125548,50,268.557492
-9.510312,50,268.607879
-8.890768,50,268.65258
-6.163168,50,269.111842
-8.201043,50,269.166536
-9.287624,50,269.211897
-8.946044,50,269.246671
-10.718999,50,269.294083
-10.965404,50,269.334942
-8.08516,50,269.369905
-8.102614,50,269.414817
-13.895656,50,269.474598
-8.073573,50,269.521445
-13.583202,50,269.570513
-10.043576,50,269.623609
-12.354017,50,269.668817
-10.971164,50,269.727216
-7.109114,50,269.780169
-11.511767,50,269.831618
-12.472491,50,269.889934
-8.628051,50,269.945595
-11.066088,50,270.003727
-11.200966,50,270.058753
-13.047842,50,270.113189
-8.033744,50,270.162175
-8.024491,50,270.206032
-8.491651,50,270.264117
-12.176573,50,270.295774
-10.436758,50,270.342626
-6.877692,50,270.382698
-8.885999,50,270.433478
-7.802493,50,270.465336
-10.796865,50,270.511634
-5.187556,50,270.561644
-6.125036,50,270.624681
-11.278272,50,270.681903
-9.383748,50,270.72439
-8.622767,50,270.774799
-8.400295,50,270.833409
-10.576553,50,270.883639
-8.139396,50,270.928377
-9.453051,50,270.975554
-13.345044,50,271.03486
-9.016613,50,271.074117
-11.130743,50,271.523507
-10.14769,50,271.576624
-6.915963,50,271.636753
-8.550111,50,271.697647
-9.761302,50,271.754625
-9.030844,50,271.818301
-5.991476,50,271.8822
-9.745249,50,271.938021
-13.484646,50,271.995165
-8.833946,50,272.051083
-10.478621,50,272.098861
-8.825663,50,272.160492
-7.90903,50,272.207498
-15.677653,50,272.247555
-13.420108,50,272.284126
-12.177114,50,272.330214
-10.108256,50,272.373579
-9.61822,50,272.412721
-7.509117,50,272.454308
-9.446032,50,272.502442
-11.39984,50,272.555944
-13.711044,50,272.616191
-6.704794,50,272.678528
-8.734699,50,272.741425
-11.506089,50,272.797771
-8.885135,50,272.849957
-9.75471,50,272.909491
-11.566657,50,272.964259
-8.702543,50,273.024357
-11.442056,50,273.06469
-9.032666,50,273.117038
-11.845539,50,273.176411
-7.972468,50,273.23334
-12.969383,50,273.273098
-9.200034,50,273.304927
-10.605999,50,273.353521
-11.477208,50,273.410778
-10.164683,50,273.459485
-10.446053,50,273.509762
-8.891264,50,273.565927
-12.98817,50,273.619439
-10.234557,50,274.096508
-5.820237,50,274.156198
-13.134313,50,274.210358
-14.328333,50,274.26573
-10.549883,50,274.327685
-6.15363,50,274.382874
-5.290896,50,274.439077
-15.557324,50,274.494205
-11.040384,50,274.542907
-11.272166,50,274.604952
-6.701251,50,274.666058
-6.912875,50,274.717384
-9.494125,50,274.779058
-8.58811,50,274.836697
-14.886282,50,274.888147
-10.8558,50,274.937387
-10.070374,50,274.997983
-10.290161,50,275.055985
-12.097702,50,275.113726
-13.474097,50,275.169756
-13.554823,50,275.226322
-10.775689,50,275.282427
-8.290456,50,275.33247
-10.792663,50,275.387736
-12.274272,50,275.444666
-8.665032,50,275.498417
-13.315931,50,275.538192
-8.469598,50,275.580242
-6.357747,50,275.639319
-10.607849,50,275.691927
-10.181628,50,275.752459
-6.160018,50,275.810515
-9.94927,50,275.867526
-11.30397,50,275.928444
-8.688562,50,275.985828
-6.858583,50,276.036637
-12.518279,50,276.085275
-14.766906,50,276.133404
-7.455316,50,276.181019
-10.554114,50,276.229228
-9.788869,50,276.270306
-11.329446,50,276.756064
-11.111863,50,276.812928
-4.979845,50,276.871123
-7.518928,50,276.934846
-13.172879,50,276.989828
-12.903674,50,277.052324
-14.193715,50,277.112716
-15.46127,50,277.17146
-11.873167,50,277.237264
-9.690084,50,277.295633
-8.510972,50,277.352589
-10.83636,50,277.414721
-9.212882,50,277.476379
-9.515293,50,277.53673
-11.28019,50,277.584044
-8.708885,50,277.63555
-12.860586,50,277.686873
-11.05305,50,277.735245
-5.918012,50,277.797355
-7.852019,50,277.848119
-8.801569,50,277.904148
-7.889843,50,277.957632
-9.056755,50,278.01479
-13.971882,50,278.071981
-6.291783,50,278.12783
-9.615905,50,278.186697
-8.66271,50,278.249007
-10.007811,50,278.291672
-12.179482,50,278.352669
-6.872974,50,278.399481
-12.330837,50,278.448806
-10.993542,50,278.492559
-9.246377,50,278.548556
-13.465253,50,278.60619
-10.729336,50,278.651066
-12.663789,50,278.697206
-9.750077,50,278.741408
-10.63632,50,278.800757
-8.737794,50,278.853769
-13.383355,50,278.917876
-10.283939,50,278.974392
-13.191785,50,279.467654
-13.170648,50,279.521371
-11.879824,50,279.569277
-8.488807,50,279.61433
-10.639121,50,279.6634
-7.707908,50,279.71553
-10.810504,50,279.769036
-10.603153,50,279.826689
-8.916843,50,279.885053
-11.102825,50,279.942791
-12.554101,50,279.995773
-7.152021,50,280.04925
-10.399776,50,280.109085
-8.970246,50,280.165332
-13.679386,50,280.206841
-13.25869,50,280.254979
-13.137075,50,280.300491
-12.08726,50,280.348556
-11.810575,50,280.401568
-10.714491,50,280.443579
-7.282978,50,280.494373
-12.385593,50,280.552321
-9.709948,50,280.613108
-7.205441,50,280.656394
-14.254605,50,280.703183
-11.209817,50,280.753205
-8.426506,50,280.8118
-10.285698,50,280.868951
-14.813412,50,280.92195
-8.847879,50,280.972907
-13.539153,50,281.023187
-11.582121,50,281.083314
-12.862153,50,281.14052
-10.345997,50,281.192291
-7.656184,50,281.241384
-5.733524,50,281.28734
-13.075457,50,281.330393
-13.442943,50,281.36214
-5.848049,50,281.396477
-5.631177,50,281.457874
-8.065569,50,281.511459
-9.835643,50,281.986618
-8.046229,50,282.047472
-11.966639,50,282.104321
-10.48664,50,282.164616
-14.471659,50,282.226029
-8.576579,50,282.281474
-5.670844,50,282.334182
-5.369395,50,282.399346
-10.101646,50,282.456635
-6.207516,50,282.507105
-8.718829,50,282.560798
-12.917693,50,282.617282
-12.117509,50,282.656196
-8.930566,50,282.708562
-8.794524,50,282.755676
-8.332624,50,282.797999
-12.587126,50,282.834369
-8.986221,50,282.863837
-8.717065,50,282.903631
-12.492952,50,282.944197
-9.777416,50,282.981468
-8.034765,50,283.03592
-11.665794,50,283.095676
-9.980096,50,283.151464
-10.024564,50,283.20543
-9.11222,50,283.270153
-11.541506,50,283.328276
-14.122533,50,283.371267
-13.181164,50,283.416535
-14.958502,50,283.453878
-11.705106,50,283.507215
-7.451142,50,283.553436
-12.911789,50,283.600833
-8.652224,50,283.644665
-8.403999,50,283.703229
-15.612946,50,283.746377
-13.962131,50,283.796591
-9.755411,50,283.839743
-10.673755,50,283.893763
-11.980564,50,283.950063
-9.717395,50,284.005387
-7.834803,50,284.503433
-10.97435,50,284.56277
-5.641212,50,284.622413
-11.199349,50,284.677699
-7.116231,50,284.721836
-9.361076,50,284.783112
-6.103581,50,284.821573
-8.003527,50,284.872853
-6.789167,50,284.910217
-7.324566,50,284.958204
-11.845113,50,285.01455
-8.096087,50,285.07214
-9.161549,50,285.130337
-10.585766,50,285.189891
-8.054623,50,285.244498
-9.461118,50,285.301565
-16.970998,50,285.352367
-8.179382,50,285.397862
-9.229047,50,285.45768
-6.800872,50,285.493853
-12.143416,50,285.539875
-8.591258,50,285.593272
-14.563493,50,285.641307
-11.027189,50,285.70015
-10.38162,50,285.743344
-6.128843,50,285.791686
-11.44955,50,285.846159
-8.595913,50,285.887633
-16.21258,50,285.926148
-16.6715,50,285.972895
-15.501687,50,286.025634
-11.549001,50,286.081819
-11.426575,50,286.145531
-10.293715,50,286.200077
-8.226447,50,286.245115
-7.839471,50,286.299832
-15.57268,50,286.332782
-10.234681,50,286.376277
-10.902031,50,286.431639
-11.240266,50,286.483578
-9.622857,50,286.520528
-6.948258,50,286.999982
-9.383365,50,287.052237
-12.086569,50,287.114912
-9.792772,50,287.175374
-7.82681,50,287.235511
-11.507181,50,287.28297
-8.235859,50,287.335178
-11.516476,50,287.394801
-9.66838,50,287.440271
-14.0137,50,287.485601
-6.030344,50,287.524705
-14.370935,50,287.574914
-9.306497,50,287.615423
-7.098762,50,287.661237
-11.704924,50,287.707295
-13.940048,50,287.748181
-15.428963,50,287.787882
-11.448815,50,287.83823
-8.281142,50,287.88198
-8.73275,50,287.923975
-14.012403,50,287.967648
-8.818331,50,288.021398
-10.660198,50,288.065364
-9.034821,50,288.123574
-12.257282,50,288.179
-7.887761,50,288.23557
-9.639186,50,288.288992
-8.85267,50,288.346023
-11.188056,50,288.401017
-13.659099,50,288.458316
-10.851706,50,288.514407
-11.041594,50,288.560534
-9.089297,50,288.596439
-8.419508,50,288.639258
-13.567606,50,288.69595
-8.736583,50,288.740843
-13.438503,50,288.780183
-11.893276,50,288.836973
-9.841078,50,288.883249
-10.048536,50,288.929397
-16.040542,50,288.982841
-16.636155,50,289.456501
-6.773339,50,289.513278
-10.464392,50,289.568446
-8.600798,50,289.622326
-9.926969,50,289.681179
-10.958383,50,289.737355
-16.563055,50,289.794032
-9.212405,50,289.849823
-15.225656,50,289.905359
-11.105469,50,289.967039
-13.51223,50,290.017044
-13.279383,50,290.077816
-9.857447,50,290.139753
-9.544561,50,290.199734
-7.791786,50,290.260011
-15.669977,50,290.319557
-8.271284,50,290.372972
-5.900284,50,290.433132
-10.227626,50,290.488125
-8.255328,50,290.532505
-15.096974,50,290.589622
-8.044383,50,290.640304
-9.57324,50,290.690002
-15.293689,50,290.737836
-8.209385,50,290.798498
-11.363312,50,290.843672
-8.231871,50,290.897029
-8.562195,50,290.952382
-16.036684,50,291.009796
-9.929933,50,291.06787
-8.433275,50,291.126271
-11.354384,50,291.190071
-9.222931,50,291.248791
-9.097152,50,291.30683
-9.521824,50,291.366479
-9.320187,50,291.422953
-11.634135,50,291.4819
-10.338728,50,291.524357
-8.767601,50,291.585462
-12.389768,50,291.640003
-9.04689,50,291.681045
-14.220451,50,292.179688
-7.196428,50,292.233526
-9.067773,50,292.29002
-9.01559,50,292.345305
-9.080409,50,292.399122
-9.590812,50,292.45429
-9.284346,50,292.512459
-11.528985,50,292.566128
-8.292806,50,292.631955
-9.410848,50,292.692727
-9.768205,50,292.762101
-10.473862,50,292.813931
-5.739805,50,292.867659
-8.468608,50,292.916787
-8.43696,50,292.97815
-10.238458,50,293.018643
-8.118087,50,293.073162
-14.408865,50,293.125752
-7.798176,50,293.182623
-6.934513,50,293.241552
-6.444899,50,293.300119
-13.798398,50,293.357416
-12.604982,50,293.41229
-7.869345,50,293.460486
-11.149218,50,293.5148
-8.477244,50,293.56678
-8.253485,50,293.626094
-8.745389,50,293.674645
-7.858962,50,293.723052
-12.095153,50,293.77213
-12.95422,50,293.811508
-7.326952,50,293.844919
-10.843472,50,293.886685
-12.792957,50,293.925684
-10.560931,50,293.980016
-12.949833,50,294.032462
-7.057577,50,294.06872
-12.776466,50,294.122083
-12.850326,50,294.172301
-6.858664,50,294.235326
-9.229918,50,294.282381
-9.324751,50,294.76052
-7.042742,50,294.816501
-8.121503,50,294.872877
-11.635018,50,294.924225
-12.6049,50,294.966969
-13.098648,50,295.015448
-11.840017,50,295.061038
-9.125077,50,295.100971
-16.561295,50,295.147268
-9.492604,50,295.195439
-12.255146,50,295.232876
-13.857157,50,295.265689
-11.533463,50,295.306833
-8.498453,50,295.365006
-12.608922,50,295.42482
-12.889393,50,295.469428
-7.341816,50,295.529086
-7.941318,50,295.590842
-9.100347,50,295.631848
-9.766919,50,295.680851
-11.396001,50,295.713592
-16.306505,50,295.755079
-9.748548,50,295.80791
-15.299265,50,295.858834
-11.828878,50,295.89761
-8.188032,50,295.941601
-8.671614,50,295.986691
-10.108838,50,296.028426
-11.121427,50,296.072537
-8.082171,50,296.124903
-12.66837,50,296.182553
-9.1232,50,296.226616
-8.51422,50,296.273577
-16.469077,50,296.325762
-8.099951,50,296.374278
-12.815138,50,296.411413
-11.786383,50,296.450131
-16.939412,50,296.508437
-9.266306,50,296.562407
-9.626236,50,296.620796
-8.479421,50,296.667747
-11.459899,50,297.202599
-7.884218,50,297.26198
-8.397897,50,297.323675
-11.911978,50,297.375945
-11.704018,50,297.431469
-9.806302,50,297.491352
-9.805881,50,297.549714
-11.77798,50,297.606546
-10.537892,50,297.662954
-6.609071,50,297.722913
-14.852791,50,297.767335
-11.962709,50,297.826735
-8.677759,50,297.887185
-13.813823,50,297.94135
-12.082592,50,297.992503
-15.810076,50,298.049512
-10.190568,50,298.105491
-11.604395,50,298.161177
-15.463927,50,298.218417
-11.033432,50,298.281794
-13.974235,50,298.337909
-8.715846,50,298.393858
-13.342781,50,298.45319
-10.59244,50,298.512896
-6.823433,50,298.571717
-6.309782,50,298.63795
-8.822888,50,298.695596
-15.26098,50,298.751387
-14.805066,50,298.803687
-13.702498,50,298.851456
-8.234907,50,298.893089
-9.017146,50,298.937823
-7.984041,50,298.986392
-8.445833,50,299.040101
-12.047287,50,299.097302
-12.070429,50,299.138644
-9.31658,50,299.184032
-16.035783,50,299.243821
-9.973149,50,299.304819
-9.167212,50,299.369852
-11.614705,50,299.427577
-9.044195,50,299.938661
-11.294951,50,299.996514
-9.437281,50,300.053263
-6.389537,50,300.112564
-11.928239,50,300.151824
-8.901728,50,300.200486
-12.234994,50,300.258126
-8.011663,50,300.313915
-13.540301,50,300.369846
-7.858088,50,300.425511
-6.251108,50,300.489315
-13.539358,50,300.544225
-14.748944,50,300.604964
-8.535155,50,300.66801
-7.786581,50,300.72522
-7.318095,50,300.791589
-9.472013,50,300.850162
-8.408086,50,300.906554
-12.681205,50,300.961033
-7.681934,50,301.016713
-14.974587,50,301.078808
-10.411833,50,301.122286
-9.196267,50,301.160336
-13.304703,50,301.224642
-14.270536,50,301.288913
-9.413356,50,301.351594
-7.025776,50,301.407192
-11.10705,50,301.464898
-11.135908,50,301.530523
-11.875557,50,301.586571
-12.27105,50,301.645726
-6.299271,50,301.705359
-10.446187,50,301.762141
-10.517936,50,301.820015
-7.877449,50,301.862848
-10.21811,50,301.927522
-10.113059,50,301.986232
-13.1332,50,302.03546
-11.441381,50,302.08584
-7.969878,50,302.121692
-8.548246,50,302.16987
-9.211023,50,302.651062
-16.660974,50,302.71685
-10.674454,50,302.783429
-9.172325,50,302.838355
-10.531891,50,302.90381
-8.389033,50,302.967998
-11.133727,50,303.021825
-11.247621,50,303.087663
-7.446469,50,303.145322
-8.80655,50,303.195898
-11.248365,50,303.242606
-10.005378,50,303.288679
-8.071369,50,303.333828
-10.16761,50,303.375917
-7.653382,50,303.415056
-8.405654,50,303.47053
-11.935069,50,303.521206
-9.659286,50,303.56545
-9.633568,50,303.618691
-9.7913,50,303.677004
-7.852308,50,303.738359
-8.52628,50,303.802767
-9.234887,50,303.865435
-9.526969,50,303.908233
-6.010101,50,303.962495
-10.586533,50,304.000006
-10.172818,50,304.044616
-9.854383,50,304.097018
-5.665162,50,304.15222
-7.721407,50,304.199609
-7.992057,50,304.270553
-9.863187,50,304.312522
-6.992201,50,304.362167
-11.710731,50,304.414266
-8.298028,50,304.455696
-8.544,50,304.495812
-8.127825,50,304.530885
-10.12374,50,304.570163
-10.177273,50,304.607045
-7.92297,50,304.646882
-14.835931,50,304.70389
-10.455467,50,305.205547
-6.416112,50,305.261783
-9.865759,50,305.32173
-11.390346,50,305.388298
-7.116906,50,305.450101
-10.369891,50,305.510118
-6.136913,50,305.56043
-6.914799,50,305.625782
-16.955448,50,305.689052
-12.526818,50,305.74687
-14.113391,50,305.799733
-9.132776,50,305.851274
-10.119385,50,305.895441
-7.947094,50,305.945189
-8.614016,50,305.997024
-10.514643,50,306.050716
-9.605899,50,306.102727
-7.526099,50,306.156139
-10.81391,50,306.20612
-12.62592,50,306.254245
-9.406132,50,306.308411
-6.003515,50,306.350087
-9.031724,50,306.409173
-9.21468,50,306.456624
-12.186838,50,306.50307
-7.896943,50,306.550426
-5.531094,50,306.596886
-13.183258,50,306.657894
-6.539168,50,306.706612
-9.998925,50,306.76147
-8.82975,50,306.807778
-11.344825,50,306.866032
-9.130725,50,306.922264
-9.303493,50,306.969803
-12.499026,50,307.026727
-9.583624,50,307.076134
-11.266659,50,307.117858
-6.088109,50,307.158686
-10.85853,50,307.216147
-8.847625,50,307.274014
-9.34421,50,307.334849
-10.646141,50,307.854229
-9.778154,50,307.910715
-7.763935,50,307.97121
-6.785814,50,308.023273
-11.231793,50,308.074615
-7.983908,50,308.117751
-7.037356,50,308.162673
-13.402433,50,308.205897
-15.145458,50,308.245358
-8.335033,50,308.296494
-16.337363,50,308.340621
-9.055842,50,308.394336
-8.046683,50,308.449491
-9.175773,50,308.505091
-6.292717,50,308.559332
-8.874511,50,308.615559
-9.760737,50,308.670135
-10.991421,50,308.720502
-8.029503,50,308.764106
-13.901902,50,308.796932
-8.622324,50,308.847922
-11.26772,50,308.90819
-9.897232,50,308.967106
-9.280302,50,309.022802
-5.41728,50,309.080509
-6.834896,50,309.134315
-6.766765,50,309.172259
-10.123836,50,309.222704
-10.399203,50,309.266588
-9.426824,50,309.311715
-8.738574,50,309.369145
-7.75363,50,309.407423
-15.915395,50,309.454463
-6.842446,50,309.495131
-7.981971,50,309.543665
-7.805046,50,309.579269
-8.691909,50,309.617771
-7.025295,50,309.674341
-10.879499,50,309.725431
-6.211359,50,309.778565
-7.955641,50,309.823066
-8.610017,50,310.335925
-8.782861,50,310.405153
-9.539588,50,310.469909
-12.791775,50,310.538044
-9.77931,50,310.590027
-9.609331,50,310.641983
-9.792356,50,310.699624
-7.707919,50,310.74733
-12.881729,50,310.802673
-13.723381,50,310.868321
-14.194579,50,310.931751
-6.335734,50,310.989103
-8.703263,50,311.041098
-9.419517,50,311.10835
-7.069653,50,311.182924
-9.301705,50,311.238487
-10.364565,50,311.303322
-10.479889,50,311.365403
-6.040438,50,311.430616
-7.45483,50,311.493479
-10.282406,50,311.560124
-6.020505,50,311.622868
-9.190881,50,311.682382
-9.038516,50,311.733052
-12.055291,50,311.792548
-12.667929,50,311.851396
-9.55403,50,311.912927
-8.355417,50,311.962486
-12.596911,50,312.023547
-8.512603,50,312.080683
-8.50441,50,312.133292
-10.988093,50,312.186857
-9.99863,50,312.242592
-14.415493,50,312.304871
-12.814629,50,312.36948
-11.835067,50,312.421999
-7.768417,50,312.484703
-13.034593,50,312.537835
-9.998194,50,312.589263
-9.119718,50,312.633612
-11.249149,50,312.667022
-9.342872,50,313.158405
-8.287247,50,313.193733
-15.234745,50,313.229248
-10.34979,50,313.271937
-9.233178,50,313.332304
-7.135398,50,313.393162
-12.398923,50,313.455733
-9.457717,50,313.503622
-8.205248,50,313.551336
-9.754989,50,313.58598
-7.470634,50,313.618922
-8.79497,50,313.652058
-9.406143,50,313.698543
-5.766641,50,313.734045
-11.407512,50,313.771998
-9.105523,50,313.806952
-10.008467,50,313.841615
-6.31493,50,313.876634
-8.641711,50,313.912292
-12.233378,50,313.949183
-9.805623,50,313.988183
-12.700464,50,314.024343
-11.930613,50,314.061682
-12.959588,50,314.098184
-10.862286,50,314.143853
-15.272966,50,314.191983
-13.28364,50,314.235534
-13.487421,50,314.28271
-10.35413,50,314.320981
-8.227242,50,314.358441
-10.49317,50,314.39701
-8.49036,50,314.455202
-8.26836,50,314.507672
-9.499075,50,314.549302
-7.503603,50,314.591236
-10.137693,50,314.641446
-14.202144,50,314.675744
-6.628431,50,314.711472
-7.510154,50,314.744573
-14.932673,50,314.778224
-12.308179,50,314.813256
-9.406955,50,315.29459
-7.867022,50,315.331155
-9.379757,50,315.364188
-10.907564,50,315.404645
-7.227198,50,315.453064
-13.896207,50,315.497599
-16.29548,50,315.539203
-7.600583,50,315.584157
-6.141349,50,315.632613
-9.196301,50,315.688637
-14.729962,50,315.724973
-9.100072,50,315.761373
-12.48553,50,315.794926
-7.075812,50,315.831477
-8.977856,50,315.870972
-10.501211,50,315.910774
-8.945951,50,315.946493
-9.402845,50,315.982226
-9.503646,50,316.022717
-10.494137,50,316.06155
-7.358577,50,316.098648
-14.754685,50,316.134442
-9.399552,50,316.169263
-7.616136,50,316.204012
-7.470617,50,316.245928
-11.332879,50,316.277644
-9.621097,50,316.310169
-8.671075,50,316.348869
-9.912816,50,316.401825
-13.785246,50,316.458462
-13.878442,50,316.501489
-6.325128,50,316.540664
-11.136159,50,316.576414
-10.267586,50,316.612271
-14.432026,50,316.652985
-8.046172,50,316.687907
-7.308687,50,316.725332
-8.157036,50,316.767434
-11.671915,50,316.831757
-11.774646,50,316.868828
-10.1946,50,317.352321
-9.043148,50,317.403132
-8.460745,50,317.456586
-9.659614,50,317.500529
-10.190551,50,317.537205
-12.419756,50,317.583844
-10.87861,50,317.620431
-9.083399,50,317.662299
-11.042631,50,317.710554
-10.948402,50,317.745296
-8.551747,50,317.781588
-12.087272,50,317.826602
-8.299738,50,317.860744
-9.984812,50,317.899826
-8.868634,50,317.937108
-12.807578,50,317.973676
-12.861925,50,318.013253
-6.998718,50,318.058863
-8.66529,50,318.096148
-10.016622,50,318.131767
-10.755504,50,318.165612
-13.768017,50,318.199994
-9.931639,50,318.232986
-10.080845,50,318.265617
-9.930532,50,318.299685
-10.733535,50,318.333068
-12.789511,50,318.366659
-8.846802,50,318.400062
-9.636566,50,318.443189
-8.02872,50,318.49872
-9.319554,50,318.537368
-10.09749,50,318.583209
-5.893914,50,318.62564
-12.026179,50,318.668108
-10.028185,50,318.712305
-8.278751,50,318.756564
-8.985025,50,318.793117
-7.09198,50,318.82775
-7.154384,50,318.862834
-13.183459,50,318.898225
-9.047214,50,318.93576
-8.071812,50,319.763292
-8.512275,50,319.850033
-11.266459,50,319.927198
-11.946969,50,319.999552
-10.659491,50,320.068781
-8.83094,50,320.138132
-7.235045,50,320.206641
-8.708767,50,320.278023
-5.402709,50,320.349873
-7.46912,50,320.425161
-6.513756,50,320.501351
-9.174351,50,320.575282
-11.827428,50,320.648791
-10.802839,50,320.719218
-10.731108,50,320.789016
-10.34461,50,320.859664
-9.270052,50,320.927731
-8.97255,50,320.996152
-7.77469,50,321.066888
-15.157394,50,321.139672
-7.464738,50,321.21433
-14.633864,50,321.287814
-8.42544,50,321.359161
-10.964819,50,321.432853
-7.913206,50,321.503298
-8.440898,50,321.572913
-11.063577,50,321.642182
-5.894888,50,321.713257
-10.968165,50,321.783332
-8.611803,50,321.857064
-12.192326,50,321.9304
-16.250874,50,322.006246
-9.355534,50,322.077754
-7.802827,50,322.148672
-9.897513,50,322.220388
-10.547498,50,322.290587
-8.975083,50,322.361561
-9.645246,50,322.433332
-7.274618,50,322.504231
-9.078914,50,322.579137
-10.147257,50,322.652605
-10.150638,50,323.407973
-12.146047,50,323.481115
-12.132881,50,323.552475
-9.649037,50,323.622344
-8.658568,50,323.695413
-9.09854,50,323.767036
-14.833742,50,323.841055
-9.284926,50,323.913124
-10.529995,50,323.983741
-7.480764,50,324.058146
-11.762269,50,324.125773
-12.48796,50,324.19935
-9.73852,50,324.272566
-10.498156,50,324.346674
-9.494491,50,324.416829
-9.196285,50,324.491402
-9.597504,50,324.563241
-12.695349,50,324.634586
-7.959073,50,324.701638
-11.37343,50,324.770671
-11.738308,50,324.839505
-13.644023,50,324.908172
-10.30467,50,324.97804
-8.903156,50,325.048656
-11.985602,50,325.123072
-5.845864,50,325.192955
-11.7003,50,325.260993
-6.125047,50,325.334059
-6.546287,50,325.409585
-10.951329,50,325.482248
-8.476406,50,325.552036
-10.711694,50,325.622143
-12.584858,50,325.691963
-6.203458,50,325.760029
-11.62487,50,325.827817
-8.270418,50,325.899927
-11.823909,50,325.977432
-8.451008,50,326.050086
-7.8025,50,326.123516
-15.047565,50,326.194542
-6.430434,50,326.266126
-10.871294,50,327.167506
-7.395825,50,327.206053
-8.994668,50,327.245777
-9.392206,50,327.281258
-9.349529,50,327.316638
-12.661293,50,327.350871
-6.029294,50,327.386094
-16.055432,50,327.41913
-8.04597,50,327.454133
-6.057,50,327.491423
-12.905313,50,327.533468
-15.740572,50,327.569909
-6.778609,50,327.60561
-13.592892,50,327.641474
-13.00816,50,327.675158
-8.420637,50,327.712237
-15.776108,50,327.757573
-7.722783,50,327.793342
-11.187746,50,327.843444
-6.187989,50,327.878063
-10.592444,50,327.916246
-6.894932,50,327.951322
-9.049325,50,327.98929
-14.794941,50,328.027478
-15.704283,50,328.063428
-12.282554,50,328.097403
-9.124712,50,328.13159
-8.853293,50,328.16794
-11.95406,50,328.216191
-12.091071,50,328.265718
-13.173213,50,328.312349
-8.621627,50,328.355364
-11.822005,50,328.395128
-9.921515,50,328.447412
-8.946151,50,328.485335
-10.815475,50,328.520875
-6.52869,50,328.558293
-9.493245,50,328.595415
-16.929867,50,328.631644
-6.655701,50,328.675917
-8.486819,50,328.715837
-13.41642,50,329.245265
-8.75971,50,329.296247
-8.32568,50,329.357737
-8.20556,50,329.416762
-10.7276,50,329.455313
-10.162694,50,329.494045
-6.370049,50,329.537983
-10.646275,50,329.577433
-9.241244,50,329.617785
-7.041169,50,329.677392
-10.633857,50,329.731518
-8.668124,50,329.79481
-8.796612,50,329.858762
-12.834771,50,329.907062
-8.672034,50,329.967867
-9.745639,50,330.009863
-13.348621,50,330.05231
-8.369157,50,330.087778
-12.914762,50,330.125149
-14.133299,50,330.165457
-10.649093,50,330.20132
-9.057401,50,330.240299
-15.340382,50,330.286533
-10.875825,50,330.344836
-6.873335,50,330.401798
-10.309131,50,330.453283
-10.228534,50,330.513913
-11.77403,50,330.567289
-7.107129,50,330.613718
-9.817628,50,330.669874
-9.338815,50,330.730834
-11.432031,50,330.783313
-6.440642,50,330.834512
-6.687875,50,330.891426
-7.497849,50,330.941783
-11.649896,50,330.990064
-12.744619,50,331.039462
-7.001663,50,331.099684
-10.529856,50,331.135425
-9.108593,50,331.174449
-7.138509,50,331.22054
-15.27493,50,331.767742
-10.87767,50,331.815204
-12.480045,50,331.863529
-8.918104,50,331.924542
-7.31382,50,331.971548
-12.24505,50,332.02473
-10.219211,50,332.077049
-9.808394,50,332.134387
-8.791015,50,332.188353
-9.358479,50,332.242001
-11.637916,50,332.277204
-12.385177,50,332.312458
-9.804764,50,332.378659
-9.657747,50,332.433311
-8.928755,50,332.490813
-9.527,50,332.551045
-9.26061,50,332.600854
-8.746994,50,332.650766
-7.915032,50,332.696864
-7.763426,50,332.750687
-7.341995,50,332.813648
-10.878898,50,332.871012
-9.152934,50,332.923433
-10.810605,50,332.982582
-12.981892,50,333.018068
-13.748239,50,333.065674
-15.278932,50,333.128186
-13.116873,50,333.187364
-7.359754,50,333.223512
-13.637956,50,333.287355
-9.64544,50,333.345435
-9.930963,50,333.410064
-7.118277,50,333.468086
-14.642291,50,333.523963
-11.719663,50,333.583709
-7.813966,50,333.638511
-8.05373,50,333.693785
-12.761975,50,333.752609
-7.3156,50,333.8113
-7.175398,50,333.852153
-8.827262,50,333.904284
-8.390036,50,334.429119
-16.423945,50,334.48976
-6.679092,50,334.541707
-8.106126,50,334.597307
-10.935842,50,334.649963
-9.473182,50,334.713344
-5.922387,50,334.76476
-6.059053,50,334.828302
-6.793719,50,334.886373
-13.252395,50,334.941877
-10.996891,50,335.00208
-12.525466,50,335.062939
-10.608474,50,335.115455
-12.568499,50,335.178293
-11.129352,50,335.237286
-11.306778,50,335.282305
-9.148017,50,335.338628
-10.169374,50,335.389678
-9.958091,50,335.448036
-10.199627,50,335.509222
-7.158326,50,335.56658
-8.365849,50,335.622266
-12.524668,50,335.683555
-9.650418,50,335.747511
-8.806941,50,335.805764
-9.275312,50,335.864789
-8.593034,50,335.912926
-11.246403,50,335.976315
-8.965594,50,336.033634
-10.719467,50,336.081021
-12.767307,50,336.143113
-7.629906,50,336.190696
-9.302415,50,336.245269
-14.85154,50,336.298741
-8.82409,50,336.34374
-13.405321,50,336.392043
-11.633293,50,336.451478
-10.813953,50,336.508248
-9.199241,50,336.566783
-11.63657,50,336.621505
-7.980413,50,336.679018
-11.897527,50,337.216667
-13.325442,50,337.27224
-16.754625,50,337.325925
-14.27711,50,337.382214
-13.351289,50,337.437115
-12.14727,50,337.506644
-6.122367,50,337.562613
-9.854846,50,337.61715
-13.447513,50,337.676754
-13.706091,50,337.728853
-9.534862,50,337.78652
-11.948369,50,337.840305
-15.454092,50,337.895913
-9.264285,50,337.951807
-13.286785,50,338.009244
-10.501415,50,338.068459
-5.590235,50,338.124142
-8.737371,50,338.18221
-10.771121,50,338.222878
-11.695588,50,338.273954
-6.801809,50,338.327162
-10.245961,50,338.374987
-8.620422,50,338.435416
-11.041345,50,338.498488
-8.582819,50,338.560164
-12.16314,50,338.608337
-10.730759,50,338.667499
-11.548841,50,338.729819
-16.564939,50,338.783634
-9.348607,50,338.836839
-13.233655,50,338.877862
-6.08287,50,338.925314
-14.620412,50,338.97878
-12.86821,50,339.040621
-15.137599,50,339.086939
-8.147605,50,339.128411
-11.938505,50,339.175173
-12.476064,50,339.221372
-8.001142,50,339.262791
-15.2016,50,339.314056
-11.744414,50,339.367687
-8.751935,50,339.865821
-9.684277,50,339.925132
-16.474515,50,339.986636
-10.317086,50,340.04486
-8.336599,50,340.095191
-9.006644,50,340.150702
-6.497184,50,340.205249
-9.251145,50,340.260885
-10.763997,50,340.309719
-5.907316,50,340.372751
-8.274381,50,340.420008
-11.895631,50,340.478476
-10.673941,50,340.530649
-9.774741,50,340.580235
-10.291222,50,340.63097
-7.62777,50,340.680058
-10.741002,50,340.737004
-10.495457,50,340.797089
-10.49461,50,340.850636
-12.664331,50,340.903566
-10.038631,50,340.958671
-11.052161,50,341.015745
-10.491666,50,341.066692
-9.142387,50,341.107556
-10.770293,50,341.156814
-10.781053,50,341.214594
-9.686829,50,341.254002
-6.19119,50,341.299749
-9.420586,50,341.339106
-11.766973,50,341.388945
-10.106374,50,341.425316
-9.966926,50,341.483661
-9.705307,50,341.531961
-8.559347,50,341.587612
-14.928027,50,341.642155
-7.332607,50,341.685788
-9.777422,50,341.736263
-7.546783,50,341.793828
-13.891844,50,341.849217
-12.368931,50,341.901788
-11.529066,50,341.963998
-10.849814,50,342.46569
-10.6209,50,342.526833
-10.421663,50,342.588884
-6.990668,50,342.636362
-9.570539,50,342.678839
-8.601731,50,342.726325
-8.78434,50,342.77956
-10.19245,50,342.845647
-10.341602,50,342.903352
-8.593025,50,342.960475
-7.965946,50,343.013906
-7.156923,50,343.068983
-9.938364,50,343.13182
-16.055221,50,343.195191
-8.446558,50,343.256964
-15.84938,50,343.318092
-9.875732,50,343.385576
-10.289061,50,343.444156
-11.076028,50,343.504887
-12.177468,50,343.550216
-8.956456,50,343.595752
-10.454217,50,343.634412
-8.856303,50,343.680504
-8.128231,50,343.743388
-7.328924,50,343.784442
-10.75965,50,343.84125
-10.985241,50,343.898319
-7.477826,50,343.959132
-9.797053,50,344.01601
-5.807913,50,344.077538
-11.603657,50,344.130979
-16.195114,50,344.191008
-13.209991,50,344.24689
-8.918599,50,344.303893
-9.704892,50,344.356832
-7.148564,50,344.403312
-11.163455,50,344.458969
-12.909082,50,344.501961
-8.040585,50,344.555589
-8.27937,50,344.606975
-6.166521,50,344.65293
-7.771529,50,345.161403
-8.576617,50,345.212971
-6.10497,50,345.269173
-14.941627,50,345.326853
-17.433823,50,345.383849
-9.09238,50,345.445355
-11.719666,50,345.499473
-10.933151,50,345.558274
-11.222374,50,345.614367
-13.618281,50,345.668459
-6.063105,50,345.730144
-9.698196,50,345.786224
-7.550228,50,345.836813
-8.842689,50,345.891254
-10.673119,50,345.946366
-8.653386,50,345.995115
-9.122466,50,346.054697
-10.974936,50,346.112835
-6.448561,50,346.172803
-6.597459,50,346.235824
-11.246356,50,346.295692
-9.718871,50,346.355966
-11.130862,50,346.410985
-9.53579,50,346.468317
-7.487073,50,346.524891
-9.910336,50,346.580737
-13.476913,50,346.624547
-8.710855,50,346.682318
-11.50415,50,346.745341
-8.143443,50,346.796443
-6.719705,50,346.84642
-10.326895,50,346.888973
-6.593672,50,346.94009
-15.300802,50,346.988757
-11.224687,50,347.042477
-7.27108,50,347.09466
-15.922182,50,347.152841
-14.798973,50,347.215973
-7.225429,50,347.281766
-9.113705,50,347.324304
-10.336119,50,347.381853
-12.81948,50,347.889932
-7.729874,50,347.949075
-9.156948,50,348.002371
-13.752052,50,348.061018
-11.302182,50,348.115589
-7.566307,50,348.173285
-8.29513,50,348.228587
-6.924073,50,348.286498
-11.047215,50,348.340594
-10.565888,50,348.410246
-7.191011,50,348.47655
-9.646831,50,348.525568
-10.094667,50,348.56109
-8.134521,50,348.600957
-11.555821,50,348.658013
-11.573097,50,348.724141
-7.318307,50,348.785741
-15.421173,50,348.834613
-8.265141,50,348.885771
-11.656484,50,348.927168
-11.216556,50,348.986537
-9.605464,50,349.041615
-10.235226,50,349.096388
-8.838099,50,349.13836
-9.910341,50,349.182266
-12.599275,50,349.237538
-10.42806,50,349.293341
-12.469843,50,349.350613
-5.580561,50,349.399398
-8.220346,50,349.438986
-14.724991,50,349.477243
-12.55877,50,349.518713
-12.777013,50,349.562963
-11.505262,50,349.612774
-10.618057,50,349.661917
-15.836138,50,349.729916
-13.442619,50,349.777771
-9.759538,50,349.823417
-8.88998,50,349.866891
-10.197278,50,349.904826
-9.408549,50,349.947105
-9.918508,50,350.460976
-10.093917,50,350.4995
-8.535596,50,350.540735
-12.937164,50,350.58479
-9.479911,50,350.640635
-11.355005,50,350.680923
-12.835216,50,350.728235
-11.851552,50,350.779204
-6.982897,50,350.83238
-5.755669,50,350.87923
-10.18011,50,350.938491
-10.60272,50,350.993367
-11.585876,50,351.050276
-9.474071,50,351.108333
-9.723589,50,351.157603
-6.663425,50,351.208779
-9.819279,50,351.259373
-8.909137,50,351.313253
-13.356431,50,351.364791
-17.411474,50,351.420911
-10.474358,50,351.478299
-6.487642,50,351.537848
-9.511751,50,351.602501
-8.092028,50,351.637534
-9.239636,50,351.691951
-8.476813,50,351.74813
-8.942875,50,351.809555
-11.03635,50,351.854621
-10.337307,50,351.898618
-7.236784,50,351.951774
-8.973201,50,352.007167
-8.853489,50,352.053477
-6.45763,50,352.107541
-11.443441,50,352.159915
-8.643012,50,352.209156
-7.321431,50,352.263157
-11.613898,50,352.325705
-6.20176,50,352.380067
-18.063837,50,352.427112
-12.606873,50,352.480512
-7.730172,50,352.537657
-10.203131,50,353.046521
-15.251818,50,353.090276
-7.384708,50,353.153344
-10.426364,50,353.213135
-9.647685,50,353.260263
-11.878417,50,353.303265
-10.264488,50,353.356027
-7.958377,50,353.403621
-16.215369,50,353.455271
-8.453666,50,353.518071
-17.596305,50,353.576397
-11.598574,50,353.637125
-7.54428,50,353.688983
-8.420301,50,353.740628
-14.756424,50,353.786657
-6.513509,50,353.837742
-10.576894,50,353.888847
-16.34314,50,353.931804
-12.380042,50,353.983807
-10.303571,50,354.026294
-9.645653,50,354.07854
-9.429087,50,354.139663
-12.339578,50,354.204693
-11.122992,50,354.254673
-15.335647,50,354.313393
-12.884971,50,354.367129
-15.736557,50,354.424736
-12.646103,50,354.485754
-8.028244,50,354.53049
-8.818441,50,354.566636
-7.562327,50,354.62193
-6.766599,50,354.674798
-8.912064,50,354.732654
-9.14065,50,354.792594
-6.856481,50,354.839353
-10.411985,50,354.904934
-7.323607,50,354.942856
-11.091849,50,354.993297
-10.588997,50,355.045192
-9.547632,50,355.095781
-13.122155,50,355.145864
-5.492946,50,355.630348
-7.592782,50,355.686651
-8.618427,50,355.743258
-16.287742,50,355.798027
-10.061925,50,355.839215
-13.56981,50,355.878813
-8.621057,50,355.913471
-6.948657,50,355.959434
-8.378844,50,356.006976
-13.028152,50,356.055835
-11.921471,50,356.094492
-9.965422,50,356.143248
-12.799986,50,356.185111
-13.126193,50,356.220126
-10.890166,50,356.273256
-12.437984,50,356.31157
-9.381548,50,356.358049
-9.362667,50,356.390751
-5.769372,50,356.44473
-8.977969,50,356.492971
-9.34482,50,356.544176
-7.768619,50,356.594249
-9.883458,50,356.647595
-10.088001,50,356.702765
-9.126043,50,356.756269
-15.353514,50,356.819975
-7.146133,50,356.875134
-10.761422,50,356.928906
-14.345845,50,356.982228
-7.534937,50,357.026891
-14.504445,50,357.069277
-8.915732,50,357.128632
-14.243469,50,357.188359
-9.028361,50,357.234633
-9.641949,50,357.26874
-14.842978,50,357.312145
-10.773682,50,357.354133
-13.145743,50,357.396631
-8.790968,50,357.452897
-9.542586,50,357.510649
-13.338693,50,357.563933
-11.728098,50,358.027807
-14.322764,50,358.085716
-7.997201,50,358.145852
-8.289411,50,358.180118
-7.985898,50,358.2146
-10.445902,50,358.262246
-9.362295,50,358.298784
-10.138394,50,358.334565
-10.109041,50,358.37235
-7.997682,50,358.405291
-5.175803,50,358.455366
-10.743846,50,358.489842
-6.341746,50,358.539114
-11.380264,50,358.594206
-8.157814,50,358.642862
-6.998177,50,358.685368
-9.64573,50,358.725833
-8.406694,50,358.785699
-12.699637,50,358.831371
-7.046256,50,358.882898
-12.390597,50,358.94345
-14.839019,50,358.997159
-9.742143,50,359.054093
-11.96002,50,359.112131
-12.303383,50,359.155678
-7.226222,50,359.213921
-12.931743,50,359.272137
-12.972665,50,359.326048
-10.727776,50,359.382024
-11.135581,50,359.441775
-7.58534,50,359.498432
-9.786141,50,359.551579
-8.702818,50,359.587748
-7.168976,50,359.627953
-9.501292,50,359.671057
-6.421525,50,359.726923
-9.415707,50,359.773044
-9.218041,50,359.819294
-6.982361,50,359.868964
-10.125627,50,359.912411
-15.418692,50,359.958013
-8.147411,50,360.420472
-5.729988,50,360.473119
-8.1054,50,360.527223
-8.717007,50,360.589508
-13.371983,50,360.643689
-10.848571,50,360.692212
-7.990611,50,360.735875
-8.213508,50,360.772962
-8.923207,50,360.816905
-10.500546,50,360.878182
-11.676878,50,360.925339
-16.639408,50,360.970373
-7.243475,50,361.011259
-6.295052,50,361.050163
-12.754928,50,361.092689
-12.520228,50,361.128233
-11.230176,50,361.164216
-9.689039,50,361.20906
-10.376448,50,361.245838
-16.101419,50,361.280591
-12.795711,50,361.316946
-8.405684,50,361.362597
-16.159383,50,361.418665
-7.371714,50,361.48648
-7.754895,50,361.542039
-11.466091,50,361.597919
-11.743008,50,361.653831
-10.786737,50,361.709606
-7.773336,50,361.767527
-9.227318,50,361.824359
-11.082854,50,361.875845
-10.809439,50,361.934204
-10.317571,50,361.996498
-13.492076,50,362.053841
-16.068794,50,362.10541
-10.690274,50,362.142583
-12.514655,50,362.202191
-10.387012,50,362.245535
-10.753644,50,362.29205
-7.790389,50,362.340221
-7.557265,50,362.398106
-8.610399,50,362.870259
-9.491418,50,362.930499
-13.265756,50,362.983414
-19.592236,50,363.042374
-10.707768,50,363.100733
-18.302207,50,363.159219
-8.601444,50,363.215705
-13.032209,50,363.276608
-11.986853,50,363.317962
-9.712598,50,363.366634
-6.848136,50,363.423672
-15.349952,50,363.485624
-10.361157,50,363.547823
-9.604929,50,363.60205
-13.382628,50,363.661171
-10.880284,50,363.721513
-8.67297,50,363.777669
-14.271462,50,363.816428
-14.674315,50,363.867501
-14.315896,50,363.907574
-9.842228,50,363.960662
-10.735731,50,363.995559
-8.24585,50,364.047848
-10.584208,50,364.101444
-8.531267,50,364.155583
-10.553696,50,364.195646
-11.99974,50,364.236131
-13.321171,50,364.270302
-8.606133,50,364.318733
-8.252385,50,364.386969
-9.203566,50,364.451585
-10.65691,50,364.507209
-11.806625,50,364.573731
-9.444176,50,364.6216
-13.414455,50,364.660475
-14.18805,50,364.714457
-8.482444,50,364.767459
-8.555779,50,364.823265
-6.680899,50,364.868463
-10.251269,50,364.917443
-9.668101,50,364.977205
-11.963406,50,365.457435
-17.555998,50,365.5161
-11.077407,50,365.57443
-9.420265,50,365.632866
-5.793345,50,365.681636
-7.702113,50,365.740128
-11.607095,50,365.801203
-7.080363,50,365.869152
-9.297994,50,365.928802
-7.84897,50,365.990637
-11.868215,50,366.045602
-10.065792,50,366.090492
-6.041807,50,366.149423
-12.685641,50,366.216825
-13.167471,50,366.272528
-9.381232,50,366.327731
-10.146037,50,366.386184
-7.083147,50,366.445812
-10.490462,50,366.504253
-10.478899,50,366.553507
-8.541477,50,366.612086
-13.069532,50,366.679986
-9.360729,50,366.736688
-13.969311,50,366.784342
-6.630347,50,366.84067
-12.563292,50,366.880095
-11.291124,50,366.929061
-9.621032,50,366.986103
-8.437695,50,367.030195
-9.384908,50,367.086502
-8.740459,50,367.142341
-10.405234,50,367.192509
-8.329141,50,367.234814
-10.92358,50,367.294632
-8.640169,50,367.351675
-10.578645,50,367.419942
-13.819807,50,367.462097
-13.268725,50,367.51595
-9.446152,50,367.558325
-11.283445,50,367.605157
-14.11428,50,367.652627
-12.539206,50,368.116987
-10.15724,50,368.160335
-11.573211,50,368.219624
-16.786619,50,368.262728
-14.684752,50,368.304271
-10.340171,50,368.342498
-9.67599,50,368.377222
-14.301998,50,368.419461
-7.192243,50,368.477524
-10.128441,50,368.533897
-8.464421,50,368.591716
-13.209543,50,368.641438
-7.133768,50,368.692479
-10.078576,50,368.730368
-10.785007,50,368.77206
-10.264509,50,368.831392
-8.972924,50,368.876946
-10.469468,50,368.92861
-7.541724,50,368.992536
-8.712766,50,369.043094
-13.668421,50,369.088704
-13.356797,50,369.142514
-11.267068,50,369.193923
-10.217924,50,369.252847
-7.550056,50,369.293836
-8.076653,50,369.338595
-8.843895,50,369.381899
-9.821149,50,369.437094
-10.876142,50,369.487373
-13.723115,50,369.541401
-6.868803,50,369.586482
-9.236045,50,369.636932
-8.96763,50,369.683703
-15.905242,50,369.744479
-7.275015,50,369.814363
-8.798129,50,369.860612
-9.153756,50,369.923278
-9.433026,50,369.986728
-11.420464,50,370.040112
-11.108474,50,370.095663
-7.851885,50,370.157229
-16.529834,50,370.693687
-7.389909,50,370.743634
-10.25014,50,370.786657
-15.243449,50,370.834963
-7.278088,50,370.876405
-11.799722,50,370.931616
-7.124097,50,370.987754
-8.524902,50,371.030483
-11.166364,50,371.079718
-13.265186,50,371.123051
-7.67147,50,371.16146
-7.37627,50,371.203626
-13.966527,50,371.249725
-12.022113,50,371.302997
-9.923397,50,371.338973
-8.051313,50,371.402321
-12.109132,50,371.45168
-7.216887,50,371.499573
-12.158088,50,371.533937
-12.915092,50,371.576888
-8.783557,50,371.615358
-7.341316,50,371.652525
-9.084567,50,371.716703
-11.310191,50,371.768558
-9.628345,50,371.819308
-12.720008,50,371.869773
-9.826321,50,371.913873
-9.337308,50,371.969446
-10.124901,50,372.013629
-8.255241,50,372.057593
-19.251114,50,372.106419
-14.814372,50,372.168158
-10.229707,50,372.218473
-9.357383,50,372.275282
-9.819709,50,372.321629
-8.950343,50,372.371292
-6.987261,50,372.430928
-9.531446,50,372.488102
-13.03148,50,372.546615
-11.186246,50,372.608479
-19.306837,50,372.671184
-10.193193,50,373.199885
-10.943909,50,373.264938
-7.854229,50,373.339044
-9.127552,50,373.399544
-8.368281,50,373.461688
-8.241214,50,373.51238
-11.61887,50,373.566992
-10.621009,50,373.62589
-12.411785,50,373.681614
-15.724208,50,373.738448
-7.824629,50,373.795204
-10.336511,50,373.859828
-12.984475,50,373.911659
-7.52942,50,373.964767
-6.66452,50,374.017513
-10.579477,50,374.068703
-8.892628,50,374.128819
-9.911995,50,374.18912
-11.154118,50,374.241981
-7.305066,50,374.294713
-8.520343,50,374.350298
-8.59602,50,374.41389
-9.404879,50,374.469697
-11.216946,50,374.530699
-7.122029,50,374.590922
-15.287562,50,374.650938
-8.884282,50,374.701624
-16.561837,50,374.75221
-9.296849,50,374.801412
-8.461888,50,374.846572
-6.62151,50,374.892492
-11.324112,50,374.937637
-7.979729,50,374.989895
-18.057254,50,375.04107
-12.754014,50,375.078247
-9.203575,50,375.110695
-8.87774,50,375.142899
-9.486365,50,375.178426
-10.271621,50,375.212305
-10.33375,50,375.269674
-5.119746,50,375.322244
-13.482772,50,375.842076
-7.374875,50,375.892702
-9.435605,50,375.928768
-12.712917,50,375.979979
-9.893968,50,376.022907
-11.945869,50,376.05647
-9.834671,50,376.100568
-8.874048,50,376.134732
-11.864031,50,376.171542
-10.489574,50,376.214889
-8.294895,50,376.251996
-10.005917,50,376.287496
-14.001136,50,376.336309
-12.774073,50,376.372128
-15.904303,50,376.41627
-17.499123,50,376.462698
-9.162587,50,376.506346
-11.206576,50,376.547148
-6.114451,50,376.582654
-10.29927,50,376.622713
-9.515631,50,376.657922
-11.145228,50,376.693032
-10.627088,50,376.728437
-11.529003,50,376.765062
-8.198835,50,376.798841
-9.517357,50,376.836684
-10.735207,50,376.875284
-7.2592,50,376.912648
-12.533165,50,376.954414
-9.777052,50,376.992765
-10.862755,50,377.02765
-8.018971,50,377.062454
-10.949425,50,377.096462
-9.893474,50,377.130483
-12.306196,50,377.163757
-14.805846,50,377.199692
-12.731105,50,377.236816
-10.748738,50,377.273363
-9.731921,50,377.309559
-6.957112,50,377.345756
-11.230065,50,377.387087
-10.432291,50,377.848689
-13.088645,50,377.88097
-15.045315,50,377.929613
-9.979753,50,377.975975
-7.897608,50,378.019048
-9.141903,50,378.057569
-9.220986,50,378.092575
-11.579289,50,378.136121
-10.450049,50,378.193164
-8.592483,50,378.241687
-11.792693,50,378.286282
-8.990725,50,378.323153
-6.923998,50,378.36439
-16.383249,50,378.40162
-15.94875,50,378.46144
-10.7535,50,378.503494
-7.035007,50,378.544525
-9.542792,50,378.578973
-6.482817,50,378.624739
-8.882352,50,378.669542
-10.058755,50,378.705757
-9.036619,50,378.742031
-8.68945,50,378.776623
-9.665599,50,378.813475
-7.644407,50,378.871747
-7.227992,50,378.923204
-7.452329,50,378.958665
-11.079502,50,378.993068
-13.175128,50,379.026733
-6.554557,50,379.060477
-10.002093,50,379.100694
-16.659818,50,379.140665
-12.596503,50,379.180495
-14.56746,50,379.218343
-11.21084,50,379.253703
-9.196142,50,379.29031
-5.886097,50,379.329605
-5.847452,50,379.366863
-7.797486,50,379.404757
-8.64305,50,379.445677
-9.684363,50,379.479072
-6.701816,50,379.952622
-8.017684,50,379.990507
-14.250559,50,380.023335
-17.359224,50,380.055646
-9.807315,50,380.099067
-8.276973,50,380.145031
-13.890798,50,380.179391
-11.280434,50,380.214426
-7.735118,50,380.250133
-11.896962,50,380.282997
-10.693829,50,380.317026
-6.251697,50,380.349971
-9.5499,50,380.383393
-8.22769,50,380.420031
-9.601748,50,380.472046
-7.825211,50,380.505022
-8.055422,50,380.545246
-9.513643,50,380.580938
-9.641461,50,380.630035
-11.434894,50,380.667912
-10.439743,50,380.706885
-7.312862,50,380.741179
-14.662944,50,380.776323
-8.216228,50,380.817268
-10.519926,50,380.854599
-13.101308,50,380.891004
-12.738072,50,380.932727
-8.523099,50,380.975387
-15.455,50,381.011318
-11.520687,50,381.046876
-11.081255,50,381.087984
-8.709027,50,381.135889
-8.631913,50,381.194906
-14.458735,50,381.269325
-8.398112,50,381.34564
-12.724644,50,381.419657
-6.136739,50,381.492919
-14.149421,50,381.562577
-8.856755,50,381.635369
-9.044032,50,381.707811
-12.098034,50,382.669932
-9.167684,50,382.749132
-8.870354,50,382.826604
-8.733714,50,382.898538
-9.403861,50,382.970938
-9.487857,50,383.043461
-11.671233,50,383.117244
-9.874131,50,383.189495
-6.793737,50,383.26082
-8.38074,50,383.33375
-8.339208,50,383.405183
-10.558944,50,383.473837
-6.709148,50,383.543599
-8.550084,50,383.613738
-11.737169,50,383.686309
-7.053533,50,383.755775
-13.219724,50,383.826511
-8.976733,50,383.897719
-6.3315,50,383.968681
-12.551527,50,384.038988
-11.984856,50,384.109318
-18.515903,50,384.179289
-6.154451,50,384.248392
-14.148804,50,384.321135
-10.337234,50,384.392081
-7.944534,50,384.463126
-11.782664,50,384.53555
-10.752063,50,384.605739
-7.261452,50,384.675159
-12.304847,50,384.748653
-10.336719,50,384.819638
-9.682098,50,384.889411
-9.401684,50,384.959628
-11.769375,50,385.030503
-9.59572,50,385.100488
-7.628134,50,385.17021
-9.760526,50,385.239454
-13.910588,50,385.307902
-8.832715,50,385.380107
-10.777929,50,385.450085
-10.921087,50,385.52103
-13.456904,50,386.336755
-13.372874,50,386.377601
-15.325238,50,386.428034
-11.681192,50,386.49777
-8.453194,50,386.564883
-15.552383,50,386.633138
-13.409637,50,386.700583
-8.061384,50,386.768883
-14.821658,50,386.837898
-8.834784,50,386.906481
-15.676988,50,386.976377
-13.143155,50,387.045653
-9.64457,50,387.11562
-11.475316,50,387.18494
-16.038533,50,387.251723
-9.216545,50,387.322275
-11.848743,50,387.390404
-15.861853,50,387.459665
-9.357745,50,387.526517
-14.702855,50,387.594735
-15.686882,50,387.666394
-11.802892,50,387.736963
-8.265982,50,387.808948
-9.066846,50,387.878
-13.665279,50,387.947021
-8.868552,50,388.015115
-8.525801,50,388.082969
-10.580861,50,388.151633
-7.9663,50,388.220872
-5.79718,50,388.28872
-7.909993,50,388.357834
-11.930941,50,388.428133
-11.075751,50,388.49715
-9.26481,50,388.564781
-7.789931,50,388.635357
-9.596696,50,388.702175
-13.945158,50,388.768614
-11.876936,50,388.838357
-13.264888,50,388.907391
-10.632138,50,388.975468
-8.447709,50,389.044599
-9.05858,50,389.963008
-8.992128,50,390.043713
-11.964434,50,390.114694
-8.318474,50,390.182732
-12.499763,50,390.251624
-10.062845,50,390.321939
-9.08995,50,390.390954
-8.794696,50,390.457482
-6.844378,50,390.52805
-9.240013,50,390.594897
-10.80622,50,390.661824
-13.155464,50,390.730837
-7.98013,50,390.796915
-9.731565,50,390.8698
-8.255971,50,390.935546
-7.915495,50,391.005782
-10.378351,50,391.075468
-12.966012,50,391.145953
-17.749243,50,391.214819
-9.706215,50,391.284376
-11.411615,50,391.353915
-9.130758,50,391.421532
-11.604827,50,391.489821
-8.902526,50,391.559817
-11.827486,50,391.622211
-7.871361,50,391.654909
-9.853484,50,391.687073
-7.994294,50,391.726541
-8.001503,50,391.761934
-8.830774,50,391.797531
-18.663138,50,391.831091
-10.231959,50,391.864845
-12.842589,50,391.898418
-8.913451,50,391.931211
-10.222395,50,391.965778
-8.154933,50,392.008487
-8.583451,50,392.052297
-7.903622,50,392.08726
-10.687194,50,392.130588
-11.193841,50,392.174953
-11.780703,50,392.211015
-7.642545,50,392.693095
-6.201776,50,392.727697
-10.604984,50,392.762436
-8.620236,50,392.796426
-8.198391,50,392.831385
-13.165438,50,392.870518
-10.086182,50,392.905513
-9.326759,50,392.942279
-12.265704,50,392.981372
-9.878411,50,393.026073
-9.116047,50,393.072575
-9.728379,50,393.140602
-8.67257,50,393.202133
-14.128357,50,393.258977
-11.006329,50,393.304472
-11.399278,50,393.352176
-7.8826,50,393.40553
-9.169869,50,393.461114
-12.86196,50,393.503067
-15.047891,50,393.546761
-10.939582,50,393.598263
-13.671643,50,393.65746
-10.325947,50,393.711928
-13.744127,50,393.765477
-11.71642,50,393.826032
-9.485271,50,393.880529
-12.375713,50,393.915368
-13.877913,50,393.962998
-13.801536,50,394.014551
-9.598465,50,394.071525
-11.550616,50,394.113845
-10.006588,50,394.162328
-15.234005,50,394.220509
-7.478787,50,394.27538
-13.434708,50,394.328233
-8.995593,50,394.37635
-9.321628,50,394.428495
-5.850077,50,394.481239
-10.238181,50,394.520763
-13.327658,50,394.569384
-14.711079,50,394.607313
-12.753583,50,395.093434
-11.3951,50,395.149845
-8.315784,50,395.211348
-13.746121,50,395.27161
-16.793431,50,395.327553
-19.469697,50,395.388087
-13.331157,50,395.439673
-13.63258,50,395.502409
-13.883848,50,395.562096
-14.862549,50,395.61854
-8.016029,50,395.678213
-13.206135,50,395.741511
-14.825698,50,395.794667
-12.917476,50,395.841505
-9.494867,50,395.894089
-9.285706,50,395.951473
-8.733165,50,396.004542
-11.137676,50,396.060184
-9.487219,50,396.123772
-12.166089,50,396.187694
-8.991035,50,396.245899
-13.131308,50,396.297504
-5.910833,50,396.364997
-10.618048,50,396.43296
-14.486055,50,396.49474
-7.065341,50,396.549504
-10.117747,50,396.599112
-9.220334,50,396.654907
-13.421699,50,396.707789
-10.878961,50,396.759023
-8.066826,50,396.803951
-14.68008,50,396.851832
-8.224492,50,396.895249
-12.71696,50,396.950016
-8.500169,50,396.994997
-9.721106,50,397.038522
-11.669409,50,397.08625
-8.495487,50,397.134686
-12.381306,50,397.18466
-17.260853,50,397.22554
-10.840147,50,397.274196
-6.912758,50,397.756449
-15.562611,50,397.794513
-8.83239,50,397.837554
-11.652775,50,397.899421
-9.161906,50,397.957391
-12.194406,50,398.003316
-6.684863,50,398.060311
-7.427219,50,398.108734
-9.773192,50,398.167672
-9.307339,50,398.230014
-12.214969,50,398.290817
-8.961027,50,398.339074
-10.704825,50,398.377392
-11.781334,50,398.407531
-14.814724,50,398.437583
-11.793188,50,398.483546
-7.911326,50,398.521709
-13.434089,50,398.551475
-8.288364,50,398.581023
-9.846695,50,398.615057
-8.142376,50,398.671546
-9.834818,50,398.708352
-11.457269,50,398.748997
-10.592273,50,398.793182
-9.736529,50,398.834362
-12.950345,50,398.877249
-8.126752,50,398.917756
-14.576594,50,398.969694
-10.812034,50,399.018101
-12.828833,50,399.067642
-8.855512,50,399.121955
-12.391071,50,399.173907
-14.372716,50,399.233876
-8.212481,50,399.284643
-13.168632,50,399.336258
-16.365204,50,399.384466
-7.137684,50,399.43109
-9.243927,50,399.466237
-11.056653,50,399.522244
-9.861684,50,399.580388
-9.87976,50,399.621614
-9.156013,50,400.084544
-9.304375,50,400.141491
-8.775123,50,400.197139
-13.738188,50,400.257483
-9.091659,50,400.305903
-13.602821,50,400.360612
-10.636936,50,400.418185
-8.892094,50,400.477354
-6.481339,50,400.533317
-9.420832,50,400.593097
-9.732757,50,400.644343
-12.671876,50,400.686508
-11.896145,50,400.728286
-14.448082,50,400.778399
-14.801843,50,400.817316
-9.591161,50,400.865449
-10.307199,50,400.903683
-14.563319,50,400.953397
-10.35031,50,400.999738
-11.391994,50,401.046472
-7.324908,50,401.096872
-13.917914,50,401.156069
-9.11425,50,401.211423
-9.600617,50,401.271419
-10.522544,50,401.324926
-10.100663,50,401.375125
-13.867911,50,401.434128
-9.899843,50,401.493763
-8.562548,50,401.546149
-10.487231,50,401.589617
-7.649427,50,401.6319
-13.043678,50,401.670021
-8.780229,50,401.712795
-8.707368,50,401.760594
-10.670209,50,401.791756
-12.583948,50,401.845325
-9.005226,50,401.899383
-9.925103,50,401.939084
-8.112656,50,401.980951
-7.081842,50,402.034196
-10.371262,50,402.07844
-8.561241,50,402.54106
-19.092624,50,402.60668
-11.533974,50,402.656104
-10.695532,50,402.71377
-10.252976,50,402.778853
-17.568831,50,402.832767
-17.680545,50,402.895501
-8.837859,50,402.939645
-8.658745,50,402.980946
-7.680513,50,403.039635
-10.363587,50,403.078778
-16.493573,50,403.132347
-12.297506,50,403.183711
-9.244572,50,403.238813
-7.802859,50,403.303736
-15.507223,50,403.354439
-10.578,50,403.407533
-15.406376,50,403.463616
-10.61058,50,403.528838
-8.554599,50,403.580372
-10.852362,50,403.631014
-15.0631,50,403.675142
-16.57319,50,403.718941
-9.592128,50,403.761808
-8.832341,50,403.800491
-6.042863,50,403.844781
-7.883743,50,403.875755
-8.233853,50,403.918317
-8.388892,50,403.97954
-9.779264,50,404.019203
-14.274652,50,404.072578
-9.502637,50,404.134444
-11.011714,50,404.194738
-15.011111,50,404.244471
-8.234544,50,404.30248
-7.707608,50,404.356989
-8.810295,50,404.4156
-10.686284,50,404.474185
-9.851161,50,404.52192
-9.284029,50,404.578903
-13.90896,50,404.634735
-9.515655,50,405.108282
-16.295562,50,405.170151
-8.354566,50,405.226402
-9.866603,50,405.273855
-8.896766,50,405.328494
-12.552316,50,405.384729
-13.149939,50,405.439686
-15.075862,50,405.493755
-10.037094,50,405.551479
-9.912885,50,405.608656
-9.829463,50,405.659338
-8.033629,50,405.699486
-11.948033,50,405.748021
-10.27631,50,405.789629
-14.976024,50,405.84294
-8.733034,50,405.884305
-6.919612,50,405.934506
-10.584591,50,405.970929
-9.8314,50,406.027009
-12.531503,50,406.083031
-12.310831,50,406.1384
-12.272456,50,406.195427
-6.052308,50,406.254091
-11.84641,50,406.31028
-9.638181,50,406.364802
-9.935564,50,406.424139
-15.39881,50,406.4859
-12.341958,50,406.535945
-11.281048,50,406.591583
-12.111124,50,406.651633
-6.601492,50,406.700985
-9.504052,50,406.758581
-14.448112,50,406.814297
-12.816498,50,406.853979
-16.150067,50,406.905997
-10.402056,50,406.95209
-12.8409,50,406.997263
-12.539716,50,407.040175
-18.954153,50,407.095527
-15.353195,50,407.161563
-9.256521,50,407.223263
-14.69874,50,407.689536
-12.50588,50,407.748417
-9.85936,50,407.805851
-11.343415,50,407.861762
-15.886878,50,407.915685
-18.846258,50,407.967932
-15.559452,50,408.011831
-10.06616,50,408.071988
-9.76281,50,408.111858
-8.22835,50,408.172796
-10.099788,50,408.229662
-9.242466,50,408.282598
-10.621854,50,408.338706
-9.896727,50,408.400068
-9.692881,50,408.453389
-9.693691,50,408.509864
-11.222645,50,408.563706
-10.248177,50,408.622522
-10.498166,50,408.679989
-15.320709,50,408.739
-13.31774,50,408.790656
-14.423458,50,408.857444
-11.203304,50,408.913462
-13.289006,50,408.964247
-15.790643,50,409.018759
-9.909913,50,409.068297
-16.12333,50,409.122653
-10.477547,50,409.181401
-8.546859,50,409.240054
-15.437729,50,409.289704
-5.44697,50,409.348642
-10.227091,50,409.402139
-11.953547,50,409.451181
-10.600328,50,409.505597
-16.948358,50,409.54917
-7.702028,50,409.597733
-9.310064,50,409.649235
-8.521303,50,409.692443
-12.931629,50,409.744143
-10.296277,50,409.791801
-10.752539,50,409.840186
-9.632401,50,410.295237
-6.49968,50,410.353769
-14.789209,50,410.406808
-13.443835,50,410.45012
-5.97336,50,410.499794
-9.66354,50,410.547341
-12.136118,50,410.580998
-9.128863,50,410.613533
-10.894177,50,410.645701
-7.765372,50,410.691975
-8.769546,50,410.725386
-7.761189,50,410.760254
-8.088274,50,410.798922
-13.664945,50,410.842604
-14.741041,50,410.88264
-11.387018,50,410.924423
-6.781066,50,410.966454
-8.042407,50,411.015258
-10.585316,50,411.053275
-8.749947,50,411.096881
-15.089981,50,411.143271
-13.395395,50,411.182864
-18.589858,50,411.231655
-10.244052,50,411.270931
-11.148003,50,411.322623
-8.582668,50,411.388179
-9.898781,50,411.441465
-9.59702,50,411.500875
-10.072001,50,411.555611
-13.342795,50,411.617064
-7.703494,50,411.678402
-9.61391,50,411.729858
-14.992119,50,411.781751
-7.968762,50,411.83366
-10.137304,50,411.892592
-9.137772,50,411.939179
-8.929367,50,411.997638
-7.471117,50,412.054892
-8.610466,50,412.10384
-15.316381,50,412.136729
-11.015555,50,412.190342
-9.21765,50,412.647385
-7.824819,50,412.703458
-9.222402,50,412.75623
-10.849078,50,412.81372
-9.016591,50,412.878479
-8.716167,50,412.930864
-11.332848,50,412.97743
-10.804855,50,413.030994
-11.269808,50,413.086022
-9.149721,50,413.142882
-9.615514,50,413.196558
-16.268551,50,413.247768
-14.175807,50,413.300639
-17.691995,50,413.343637
-8.408198,50,413.401511
-9.181553,50,413.444309
-18.568434,50,413.491496
-13.069672,50,413.528585
-8.597138,50,413.570924
-10.407604,50,413.607659
-16.232288,50,413.660544
-15.319164,50,413.714326
-13.867208,50,413.767539
-9.346522,50,413.82345
-10.201854,50,413.87666
-9.447822,50,413.918209
-8.290881,50,413.970093
-12.011201,50,414.009633
-11.337534,50,414.054822
-12.920167,50,414.102635
-9.385675,50,414.144289
-9.178605,50,414.177176
-10.996198,50,414.217558
-7.657967,50,414.251587
-10.315015,50,414.285115
-8.729403,50,414.345145
-12.631481,50,414.379939
-12.928698,50,414.416056
-14.136645,50,414.466217
-16.363585,50,414.500572
-12.858117,50,414.534781
-13.97123,50,414.991374
-10.291562,50,415.047559
-13.685335,50,415.1036
-10.999651,50,415.157948
-12.678286,50,415.20473
-9.163468,50,415.24905
-8.223509,50,415.288803
-11.91315,50,415.339623
-9.075087,50,415.379203
-8.23844,50,415.422438
-9.697251,50,415.458882
-14.183689,50,415.511592
-7.64829,50,415.563663
-14.389273,50,415.608224
-14.27276,50,415.666838
-11.581289,50,415.708625
-7.620745,50,415.762051
-9.78863,50,415.810243
-12.510744,50,415.86745
-10.658196,50,415.923615
-7.562932,50,415.970891
-10.203605,50,416.025483
-9.211942,50,416.078856
-13.919414,50,416.133775
-15.197622,50,416.178131
-12.249378,50,416.225547
-9.676609,50,416.269042
-12.992475,50,416.319116
-8.112327,50,416.373139
-10.436818,50,416.423686
-10.257156,50,416.483305
-18.443565,50,416.540825
-13.071257,50,416.580069
-7.829404,50,416.625629
-8.829619,50,416.681529
-7.452063,50,416.736246
-9.115027,50,416.773675
-9.576069,50,416.820336
-11.469511,50,416.85961
-11.041863,50,416.909304
-11.665981,50,416.952286
-8.672986,50,417.433629
-15.40647,50,417.498764
-14.304658,50,417.554134
-14.2635,50,417.609895
-10.066512,50,417.662837
-10.868386,50,417.717462
-9.017266,50,417.764065
-13.462214,50,417.810486
-14.827168,50,417.867779
-12.188894,50,417.925148
-16.751915,50,417.986296
-13.63375,50,418.049458
-10.489588,50,418.115749
-7.679145,50,418.170146
-10.160703,50,418.223296
-6.376253,50,418.281221
-9.363387,50,418.326278
-10.809952,50,418.388282
-10.793022,50,418.422886
-15.786287,50,418.471467
-13.065675,50,418.519268
-12.397828,50,418.577855
-8.83773,50,418.627186
-13.458133,50,418.676629
-10.438214,50,418.728932
-8.688146,50,418.767626
-17.816032,50,418.811217
-10.176145,50,418.853909
-10.668784,50,418.895545
-9.090732,50,418.945422
-13.560675,50,418.983977
-14.64789,50,419.038503
-9.383125,50,419.107177
-9.388076,50,419.165759
-15.136058,50,419.218201
-11.089266,50,419.262745
-6.90489,50,419.317756
-15.393313,50,419.367701
-7.670964,50,419.41219
-18.241429,50,419.464536
-12.724179,50,419.510086
-10.579872,50,419.983467
-14.452484,50,420.033708
-9.709425,50,420.088046
-17.047217,50,420.140707
-20.217916,50,420.197965
-8.194797,50,420.253206
-8.466274,50,420.305336
-12.12896,50,420.361813
-8.509305,50,420.405798
-7.520651,50,420.453233
-18.844887,50,420.498554
-9.206587,50,420.555046
-14.122211,50,420.604073
-13.292632,50,420.651519
-15.369564,50,420.707655
-18.027282,50,420.76479
-8.653595,50,420.808025
-8.681709,50,420.855914
-11.269805,50,420.902479
-10.070103,50,420.944852
-8.33296,50,420.996048
-8.907879,50,421.051884
-14.048763,50,421.11027
-12.668107,50,421.16749
-11.38631,50,421.225058
-13.462795,50,421.282995
-8.265326,50,421.332597
-12.507976,50,421.386392
-16.208791,50,421.44519
-6.687994,50,421.505386
-8.713865,50,421.556107
-16.716487,50,421.610552
-9.245596,50,421.655215
-9.606235,50,421.697642
-14.465718,50,421.747994
-9.468055,50,421.805699
-8.270188,50,421.849654
-15.158142,50,421.894819
-15.927366,50,421.93828
-9.026717,50,421.980419
-9.735964,50,422.037787
-8.981195,50,422.496416
-16.086074,50,422.562896
-15.030135,50,422.62645
-6.974622,50,422.681895
-6.733466,50,422.738586
-7.876132,50,422.785932
-9.148874,50,422.823406
-9.878842,50,422.865867
-13.01035,50,422.917471
-12.959583,50,422.969537
-8.928361,50,423.017715
-17.885154,50,423.076484
-15.365358,50,423.127687
-8.383537,50,423.18202
-7.156396,50,423.236133
-8.439042,50,423.289296
-12.204063,50,423.346386
-15.398961,50,423.393897
-18.848119,50,423.430777
-8.190363,50,423.479825
-8.168033,50,423.514118
-12.662084,50,423.566618
-10.198554,50,423.604274
-8.205567,50,423.650697
-15.181614,50,423.681642
-11.121481,50,423.713532
-7.502577,50,423.747553
-9.827358,50,423.795619
-9.007964,50,423.826789
-8.555783,50,423.857587
-10.810405,50,423.888598
-8.238447,50,423.946075
-11.107029,50,423.993577
-19.68563,50,424.034396
-11.075574,50,424.100274
-9.774963,50,424.15602
-7.023745,50,424.211318
-15.477392,50,424.268843
-8.756713,50,424.325019
-16.325726,50,424.372067
-9.128198,50,424.40426
-6.882281,50,424.838752
-15.619754,50,424.870308
-13.206183,50,424.909864
-10.220621,50,424.951408
-9.945165,50,424.993542
-11.54719,50,425.047702
-9.149647,50,425.101506
-9.704538,50,425.164946
-11.939075,50,425.221478
-12.690173,50,425.285931
-9.616311,50,425.352076
-11.8764,50,425.418333
-9.735059,50,425.476285
-10.325932,50,425.529157
-13.437023,50,425.577517
-6.609388,50,425.623012
-8.048067,50,425.682873
-14.771514,50,425.733328
-8.536303,50,425.779411
-13.520316,50,425.825615
-10.604653,50,425.878437
-8.381186,50,425.923465
-15.276497,50,425.970764
-12.93407,50,426.027697
-10.35994,50,426.08641
-14.376084,50,426.138895
-10.195323,50,426.195662
-8.472739,50,426.242856
-13.66534,50,426.291809
-12.031417,50,426.343309
-7.183283,50,426.395153
-14.822711,50,426.448752
-10.536106,50,426.492899
-9.521569,50,426.52692
-7.910765,50,426.571875
-14.245372,50,426.609045
-8.501202,50,426.665459
-13.496497,50,426.735921
-9.48704,50,426.801655
-7.414844,50,426.853418
-8.576602,50,426.913157
-9.495607,50,427.390931
-12.567799,50,427.44102
-9.092876,50,427.489853
-10.725318,50,427.529306
-16.834611,50,427.566367
-16.370044,50,427.59866
-10.249396,50,427.64181
-6.051095,50,427.701095
-6.321647,50,427.744034
-12.649483,50,427.792819
-12.967588,50,427.837409
-8.793718,50,427.881743
-10.384789,50,427.922415
-11.999119,50,427.972672
-8.637862,50,428.023644
-10.907841,50,428.067329
-13.392366,50,428.113221
-10.364543,50,428.167572
-11.457709,50,428.208308
-14.405817,50,428.266097
-10.797861,50,428.31824
-9.753841,50,428.374242
-15.716883,50,428.431175
-12.503584,50,428.478358
-11.410726,50,428.524597
-12.726451,50,428.572585
-7.464045,50,428.619313
-7.227722,50,428.669464
-9.312796,50,428.707893
-10.373687,50,428.746321
-6.878284,50,428.796642
-12.798807,50,428.83601
-6.739167,50,428.877736
-17.838082,50,428.920326
-9.779852,50,428.974642
-15.968824,50,429.032095
-11.044625,50,429.080804
-14.593225,50,429.121439
-8.082438,50,429.170829
-15.018565,50,429.222048
-8.478418,50,429.266558
-7.501461,50,429.748879
-14.912255,50,429.810537
-7.115544,50,429.868207
-11.603138,50,429.923128
-8.898305,50,429.964209
-15.628356,50,430.018775
-12.554324,50,430.066931
-14.685573,50,430.12633
-8.159305,50,430.179976
-7.971499,50,430.231912
-8.240505,50,430.286378
-12.746375,50,430.334337
-13.863795,50,430.370269
-9.437985,50,430.421208
-7.472394,50,430.461264
-13.158649,50,430.508759
-11.339176,50,430.560144
-8.758698,50,430.607307
-11.77947,50,430.642942
-10.070136,50,430.687978
-11.110745,50,430.733764
-9.631013,50,430.790667
-7.838171,50,430.841819
-9.661592,50,430.876657
-11.463111,50,430.91451
-14.704226,50,430.947262
-11.108578,50,430.99652
-10.606685,50,431.030681
-9.822622,50,431.068377
-10.393487,50,431.116746
-10.498688,50,431.15339
-15.415747,50,431.215262
-11.051357,50,431.25957
-12.545377,50,431.305107
-11.680994,50,431.352002
-9.453751,50,431.409678
-12.58288,50,431.460336
-11.819693,50,431.513545
-7.190872,50,431.554318
-16.236939,50,431.606951
-7.054824,50,431.658539
-14.805224,50,432.126334
-18.832504,50,432.165028
-8.176444,50,432.213678
-10.97607,50,432.249236
-7.340727,50,432.297726
-9.247778,50,432.346956
-5.971552,50,432.385812
-10.058827,50,432.424545
-10.684333,50,432.463076
-11.393748,50,432.502647
-15.073146,50,432.539101
-9.894205,50,432.602315
-6.537675,50,432.648666
-6.292822,50,432.698363
-10.172453,50,432.744127
-12.75339,50,432.788923
-10.240322,50,432.82743
-9.839018,50,432.893753
-8.685698,50,432.959439
-9.935072,50,433.015698
-13.472787,50,433.068389
-8.664285,50,433.128263
-8.363426,50,433.187163
-10.226843,50,433.250606
-11.396501,50,433.304321
-9.033908,50,433.361174
-7.453236,50,433.411576
-7.291979,50,433.454613
-14.527716,50,433.509806
-13.860592,50,433.549514
-10.446985,50,433.596096
-14.240623,50,433.648103
-9.846441,50,433.686615
-10.910245,50,433.732447
-7.113548,50,433.785785
-15.689764,50,433.845184
-11.103235,50,433.887996
-11.858166,50,433.931878
-16.892268,50,433.990475
-10.493481,50,434.037819
-7.363129,50,434.076224
-7.304035,50,434.542816
-14.870686,50,434.603492
-6.918657,50,434.6568
-8.960914,50,434.715432
-10.205305,50,434.757753
-9.335127,50,434.804629
-19.446534,50,434.85342
-8.981257,50,434.909832
-11.275762,50,434.968506
-14.064488,50,435.012639
-13.27452,50,435.074399
-9.34028,50,435.121247
-9.121977,50,435.161023
-13.675895,50,435.199915
-14.622983,50,435.251423
-12.966195,50,435.306404
-10.529666,50,435.348695
-13.212171,50,435.399324
-9.501491,50,435.438265
-9.935983,50,435.481457
-13.794248,50,435.533736
-10.222444,50,435.585763
-7.03518,50,435.640478
-10.943663,50,435.678851
-8.227124,50,435.733847
-13.305014,50,435.787756
-11.145528,50,435.832902
-7.554798,50,435.886416
-15.188576,50,435.947725
-10.762902,50,435.989711
-10.779091,50,436.033471
-10.542923,50,436.087706
-9.94624,50,436.133148
-17.492549,50,436.189388
-5.517534,50,436.240109
-16.099786,50,436.27275
-6.738735,50,436.304492
-12.489142,50,436.35636
-7.8922,50,436.3917
-5.59194,50,436.452095
-11.749333,50,436.488902
-9.024917,50,436.955788
-15.189521,50,437.020107
-9.069675,50,437.066289
-9.702322,50,437.108146
-9.558741,50,437.152813
-16.118462,50,437.19691
-13.2365,50,437.245551
-12.536034,50,437.307214
-14.74139,50,437.362208
-14.851728,50,437.402024
-8.25436,50,437.436476
-10.159694,50,437.500695
-13.613844,50,437.567028
-10.100305,50,437.617865
-15.49291,50,437.659648
-11.714124,50,437.694409
-13.359036,50,437.744859
-12.863137,50,437.800689
-8.663262,50,437.85062
-11.530205,50,437.886225
-7.008688,50,437.933762
-10.081603,50,437.989696
-8.619761,50,438.046998
-9.246682,50,438.101601
-10.2813,50,438.160395
-11.172196,50,438.216288
-6.660461,50,438.262942
-11.455876,50,438.303784
-7.15565,50,438.341807
-15.598111,50,438.387007
-9.774576,50,438.424734
-9.732154,50,438.459327
-6.103322,50,438.510659
-13.324324,50,438.568
-7.800979,50,438.616837
-10.232955,50,438.65276
-9.40406,50,438.700728
-14.826394,50,438.754216
-6.940268,50,438.796713
-8.463811,50,438.857072
-14.924186,50,438.910719
-8.277124,50,439.420465
-14.340119,50,439.47136
-15.659662,50,439.529943
-13.217204,50,439.587779
-9.010285,50,439.641112
-9.758804,50,439.697019
-11.738794,50,439.754716
-14.309357,50,439.813993
-13.766476,50,439.86919
-10.217204,50,439.917418
-7.088295,50,439.959587
-14.590993,50,440.009457
-10.563002,50,440.064479
-15.740428,50,440.106984
-13.741457,50,440.148753
-13.462145,50,440.195213
-8.833609,50,440.247694
-8.188846,50,440.306162
-18.955945,50,440.35751
-11.990381,50,440.412622
-10.215268,50,440.470827
-13.19206,50,440.526627
-9.31762,50,440.571643
-9.846384,50,440.633273
-9.552509,50,440.688237
-15.182018,50,440.744079
-8.548744,50,440.794486
-17.193297,50,440.845601
-10.453303,50,440.891999
-9.180711,50,440.93622
-9.902601,50,440.983439
-10.057395,50,441.044997
-12.674599,50,441.111751
-8.819313,50,441.174955
-7.371093,50,441.227823
-13.496047,50,441.26814
-13.872433,50,441.312763
-10.145146,50,441.364548
-18.549133,50,441.425372
-15.785252,50,441.492752
-8.383304,50,441.549322
-9.804374,50,442.03056
-11.127266,50,442.087726
-15.015172,50,442.144259
-14.612852,50,442.197832
-9.740523,50,442.24347
-14.839088,50,442.29807
-16.585642,50,442.35221
-6.336693,50,442.405211
-8.709947,50,442.467355
-15.173695,50,442.52494
-8.698126,50,442.581194
-15.135063,50,442.63231
-11.670639,50,442.679919
-7.395417,50,442.727959
-9.893185,50,442.765669
-9.431066,50,442.802969
-6.774262,50,442.857877
-8.327665,50,442.901584
-10.151813,50,442.947305
-7.18285,50,443.008047
-5.299866,50,443.063103
-7.835303,50,443.115935
-15.173868,50,443.149696
-10.546307,50,443.18595
-9.800074,50,443.235783
-9.176573,50,443.27181
-10.531399,50,443.314221
-8.814386,50,443.369452
-13.320654,50,443.413504
-9.922016,50,443.461198
-15.363317,50,443.504404
-12.902732,50,443.546392
-17.339011,50,443.609562
-10.31268,50,443.64987
-16.981994,50,443.703962
-10.234488,50,443.743978
-10.472817,50,443.780012
-8.376731,50,443.815609
-16.660881,50,443.851605
-9.781943,50,443.895187
-9.299147,50,443.930867
-10.703135,50,444.410418
-8.949215,50,444.454573
-6.574043,50,444.51093
-15.265893,50,444.566223
-7.903284,50,444.613873
-16.142859,50,444.661803
-7.619808,50,444.697844
-12.556734,50,444.739646
-9.169706,50,444.772854
-15.371908,50,444.811191
-8.721088,50,444.851449
-11.06401,50,444.889068
-15.176252,50,444.933506
-9.622516,50,444.978476
-16.682368,50,445.020046
-15.780421,50,445.061573
-8.619381,50,445.106527
-7.965987,50,445.150369
-12.243597,50,445.200065
-10.406839,50,445.257343
-13.256367,50,445.313652
-12.468325,50,445.365419
-8.571665,50,445.425513
-10.475325,50,445.482378
-10.969055,50,445.527952
-10.726872,50,445.586848
-13.897602,50,445.631154
-10.680997,50,445.678722
-13.576019,50,445.713605
-14.106644,50,445.76922
-16.560475,50,445.813654
-9.722291,50,445.870341
-9.011837,50,445.924279
-8.481338,50,445.978351
-6.571216,50,446.043199
-18.830638,50,446.104372
-13.151395,50,446.154684
-9.544192,50,446.200193
-12.836765,50,446.250634
-8.542764,50,446.292628
-12.590447,50,446.822796
-8.482789,50,446.880805
-8.744728,50,446.943361
-13.360418,50,447.002265
-17.66119,50,447.065017
-12.864332,50,447.123548
-9.385197,50,447.181354
-11.564882,50,447.243581
-8.020995,50,447.301875
-13.808303,50,447.342327
-18.616533,50,447.393495
-9.633752,50,447.445894
-9.980712,50,447.49855
-10.193385,50,447.555198
-10.231145,50,447.619739
-8.254102,50,447.667709
-13.597649,50,447.735679
-11.849717,50,447.799678
-7.898225,50,447.854447
-14.721452,50,447.916595
-10.103294,50,447.976152
-16.919944,50,448.033984
-12.452117,50,448.095948
-9.611972,50,448.134185
-12.542603,50,448.171993
-9.38554,50,448.218455
-10.559205,50,448.262438
-15.006841,50,448.311942
-10.372413,50,448.365196
-13.799821,50,448.403401
-12.692572,50,448.447927
-10.984523,50,448.479915
-8.845293,50,448.513485
-13.215204,50,448.548744
-8.011629,50,448.582401
-8.576718,50,448.614224
-7.529883,50,448.651549
-10.561764,50,448.688166
-11.396576,50,448.72653
-10.760051,50,448.77535
-7.302358,50,448.812191
-9.324175,50,449.299731
-9.009286,50,449.350177
-9.058505,50,449.412251
-9.051216,50,449.457684
-13.246892,50,449.504274
-10.279772,50,449.545661
-10.926432,50,449.581205
-16.355646,50,449.620796
-13.524345,50,449.657109
-9.672279,50,449.695695
-12.773072,50,449.736971
-7.133986,50,449.774251
-6.342146,50,449.811248
-10.000382,50,449.850048
-6.883765,50,449.887363
-13.968509,50,449.926236
-11.533515,50,449.966004
-11.597347,50,450.002083
-10.077242,50,450.041179
-8.636513,50,450.076889
-6.744428,50,450.114199
-9.597431,50,450.150168
-12.847887,50,450.186598
-10.953355,50,450.221944
-16.7106,50,450.257432
-14.215264,50,450.291878
-10.42187,50,450.333293
-7.336126,50,450.36799
-6.934627,50,450.423921
-14.560419,50,450.481614
-10.368859,50,450.528398
-12.827161,50,450.561948
-11.525536,50,450.603306
-8.565865,50,450.635177
-5.993895,50,450.665237
-6.317785,50,450.696286
-13.948122,50,450.730398
-10.163853,50,450.762853
-7.283856,50,450.795342
-10.019473,50,450.828333
-8.003011,50,450.860496
-6.553546,50,451.316546
-7.573076,50,451.370697
-15.101011,50,451.420576
-13.562312,50,451.475795
-16.893001,50,451.515633
-16.615446,50,451.578245
-9.926474,50,451.62675
-15.681698,50,451.663036
-7.741699,50,451.69962
-9.36285,50,451.733898
-10.504753,50,451.768764
-11.034795,50,451.80045
-11.983774,50,451.832042
-13.300419,50,451.865082
-9.314434,50,451.897541
-16.98045,50,451.930528
-11.500203,50,451.961259
-7.898363,50,451.991336
-6.44856,50,452.022734
-11.41557,50,452.052936
-11.140483,50,452.086145
-6.937368,50,452.118062
-7.831441,50,452.148331
-16.4262,50,452.178607
-12.444176,50,452.208853
-13.368744,50,452.240942
-7.936211,50,452.275135
-10.124905,50,452.307259
-14.367998,50,452.336956
-13.491463,50,452.385793
-16.310296,50,452.442825
-8.60186,50,452.475122
-13.53821,50,452.506623
-12.948218,50,452.538207
-7.475135,50,452.570293
-9.407382,50,452.60279
-9.059089,50,452.64143
-13.557908,50,452.6776
-9.297975,50,452.712867
-8.16601,50,452.747433
-10.492602,50,452.78265
-10.562045,50,453.246598
-8.516626,50,453.28122
-8.691606,50,453.315838
-8.615366,50,453.350573
-12.062939,50,453.386322
-8.659926,50,453.42183
-7.872963,50,453.464779
-13.603742,50,453.502592
-9.859907,50,453.55203
-8.660607,50,453.589189
-9.567418,50,453.641854
-15.448325,50,453.687832
-11.841383,50,453.726479
-8.448824,50,453.762713
-19.947682,50,453.797344
-16.824543,50,453.854551
-16.901315,50,453.905828
-9.967656,50,453.945791
-8.409393,50,453.981977
-9.86433,50,454.015717
-9.022359,50,454.051761
-16.974736,50,454.085189
-10.260349,50,454.118253
-9.87716,50,454.158043
-15.90348,50,454.19501
-10.555707,50,454.229649
-15.490201,50,454.26561
-10.113097,50,454.29958
-7.904612,50,454.336292
-12.059598,50,454.370226
-8.069552,50,454.403892
-12.967311,50,454.438756
-7.327522,50,454.492887
-11.21553,50,454.539365
-9.226192,50,454.577587
-10.394191,50,454.616295
-16.065705,50,454.658218
-11.560008,50,454.694742
-10.286828,50,454.731154
-9.523523,50,454.768414
-13.39072,50,454.805136
-11.353652,50,455.554704
-9.186152,50,455.639751
-11.967615,50,455.716502
-12.462014,50,455.792527
-8.749944,50,455.867652
-9.78183,50,455.939915
-16.131194,50,456.014584
-13.622862,50,456.084825
-11.420677,50,456.156994
-10.681074,50,456.230529
-14.250306,50,456.299112
-11.81609,50,456.369576
-8.257534,50,456.44031
-7.541763,50,456.509893
-7.698815,50,456.577609
-10.31721,50,456.649455
-16.75735,50,456.725814
-10.554603,50,456.795395
-8.15842,50,456.86687
-9.660169,50,456.93561
-8.439817,50,457.005302
-9.654593,50,457.076052
-15.404002,50,457.146275
-8.311141,50,457.218041
-7.250202,50,457.288532
-10.305906,50,457.359566
-10.387645,50,457.430869
-6.988029,50,457.503001
-13.474489,50,457.573658
-10.792168,50,457.642056
-8.940597,50,457.712982
-10.514932,50,457.783406
-10.971332,50,457.854169
-11.432869,50,457.92537
-12.014457,50,457.99542
-12.216107,50,458.064182
-15.339979,50,458.134433
-16.262818,50,458.203694
-8.746449,50,458.274261
-17.581851,50,458.345326
-10.628906,50,458.413928
-8.531085,50,459.353979
-10.379224,50,459.423638
-10.965217,50,459.491872
-10.482194,50,459.56037
-15.659655,50,459.628746
-8.079532,50,459.699011
-11.233324,50,459.768212
-18.275476,50,459.838512
-12.698427,50,459.909244
-10.740405,50,459.97839
-14.287143,50,460.034978
-9.512627,50,460.079032
-14.425043,50,460.11424
-6.028513,50,460.148999
-8.231875,50,460.18431
-8.993502,50,460.219249
-9.084815,50,460.278424
-14.594719,50,460.349764
-10.312569,50,460.422796
-7.320359,50,460.492798
-14.313311,50,460.561985
-9.343403,50,460.632768
-7.938249,50,460.702528
-7.525734,50,460.773918
-9.141121,50,460.848141
-7.045968,50,460.918626
-9.026808,50,460.990144
-16.738341,50,461.060719
-15.713048,50,461.130083
-14.976661,50,461.200334
-18.450791,50,461.273427
-16.704225,50,461.345387
-9.093784,50,461.414575
-13.542571,50,461.483125
-12.534486,50,461.551809
-7.755139,50,461.620202
-8.298355,50,461.691233
-8.447925,50,461.760398
-14.393492,50,461.829773
-9.309752,50,461.901466
-8.25565,50,461.969903
-18.018726,50,462.904276
-9.430289,50,462.976428
-9.852729,50,463.047368
-8.584862,50,463.115411
-16.482439,50,463.185097
-12.955523,50,463.253939
-8.618029,50,463.321417
-13.619289,50,463.393223
-11.089766,50,463.460824
-10.656405,50,463.527534
-10.619319,50,463.594917
-13.239237,50,463.66179
-9.301255,50,463.733728
-8.524094,50,463.80185
-9.852119,50,463.872443
-14.820275,50,463.941824
-16.805931,50,464.010062
-10.169647,50,464.079647
-11.363745,50,464.150004
-9.628479,50,464.218568
-6.891626,50,464.284743
-10.185374,50,464.353953
-10.691659,50,464.420882
-14.29377,50,464.488441
-18.232129,50,464.554921
-18.71564,50,464.623341
-7.688114,50,464.690873
-9.378168,50,464.759731
-10.651974,50,464.828067
-8.716292,50,464.896885
-10.166293,50,464.965776
-17.098238,50,465.043969
-17.513336,50,465.113245
-13.622369,50,465.179493
-8.347252,50,465.247813
-9.583891,50,465.316489
-13.086554,50,465.385948
-9.03846,50,465.452727
-14.527963,50,465.522479
-7.775405,50,465.5897
-8.290874,50,465.625747
-12.738087,50,466.101752
-9.712911,50,466.137374
-13.446042,50,466.171107
-12.434349,50,466.203557
-12.838205,50,466.236909
-6.531281,50,466.268852
-11.937777,50,466.301567
-14.327577,50,466.333494
-10.02567,50,466.368216
-12.785616,50,466.401471
-11.3641,50,466.434779
-13.44348,50,466.468952
-15.477422,50,466.512321
-6.627266,50,466.547111
-11.745035,50,466.581096
-10.570713,50,466.616658
-15.930754,50,466.657196
-7.084112,50,466.689532
-18.368989,50,466.727274
-6.602353,50,466.764644
-18.834501,50,466.798788
-7.723845,50,466.83715
-13.040407,50,466.873047
-10.261118,50,466.912409
-14.132411,50,466.946258
-7.210959,50,466.979792
-6.700414,50,467.015025
-7.716808,50,467.04806
-15.222583,50,467.082229
-14.82648,50,467.128488
-7.78044,50,467.164774
-16.587655,50,467.211943
-10.091046,50,467.268038
-10.329495,50,467.329818
-15.61247,50,467.394509
-9.658784,50,467.443198
-8.869969,50,467.507216
-6.947489,50,467.56254
-8.801712,50,467.620754
-5.873892,50,467.669002
-8.442624,50,467.717195
-12.803537,50,468.201186
-10.386028,50,468.259665
-8.823564,50,468.319386
-7.699901,50,468.377327
-13.268207,50,468.423548
-10.480811,50,468.467031
-15.697688,50,468.503275
-11.043703,50,468.551127
-9.069104,50,468.592087
-15.746438,50,468.634288
-9.400364,50,468.669665
-9.599919,50,468.721211
-16.4637,50,468.781477
-13.8058,50,468.836678
-8.376207,50,468.883909
-9.403769,50,468.94791
-10.908033,50,468.996766
-14.947011,50,469.039175
-13.693998,50,469.082808
-10.638986,50,469.12181
-8.000289,50,469.171481
-8.850353,50,469.231765
-16.285474,50,469.277741
-8.710103,50,469.323345
-14.830714,50,469.366396
-17.554398,50,469.405547
-12.117963,50,469.453519
-9.693137,50,469.5044
-8.165314,50,469.551092
-8.911793,50,469.585013
-15.41371,50,469.640495
-16.913667,50,469.692613
-10.245805,50,469.738671
-8.455884,50,469.792527
-15.963062,50,469.850657
-9.006852,50,469.899523
-10.466708,50,469.949432
-10.272997,50,469.994694
-5.952998,50,470.047678
-11.395803,50,470.09059
-8.463595,50,470.125226
-19.008615,50,470.593754
-7.964678,50,470.641989
-9.647995,50,470.699076
-15.08135,50,470.748652
-6.901253,50,470.792223
-13.475353,50,470.846458
-15.838577,50,470.895794
-9.367168,50,470.938673
-10.55674,50,470.978115
-7.210043,50,471.038769
-7.929343,50,471.084716
-9.944915,50,471.129753
-8.27724,50,471.172165
-11.864082,50,471.214979
-7.076432,50,471.251656
-15.737648,50,471.303338
-9.835547,50,471.346875
-13.888319,50,471.410329
-7.215208,50,471.464923
-9.735598,50,471.517691
-6.64208,50,471.54978
-8.638052,50,471.608072
-11.315096,50,471.667102
-12.019602,50,471.720171
-9.662646,50,471.775432
-12.020912,50,471.829748
-11.854891,50,471.880287
-13.742507,50,471.935605
-17.265641,50,471.982946
-10.790679,50,472.035146
-14.333931,50,472.095785
-13.164528,50,472.138841
-6.127647,50,472.172372
-8.842981,50,472.220127
-13.995528,50,472.26026
-18.957684,50,472.293097
-8.859563,50,472.323979
-7.862199,50,472.365982
-8.632656,50,472.409179
-8.593176,50,472.457985
-12.82666,50,472.509698
-14.063398,50,472.968222
-13.207526,50,473.020908
-13.215296,50,473.075848
-9.737624,50,473.133943
-13.753716,50,473.18588
-13.208545,50,473.243818
-13.555,50,473.301195
-9.636284,50,473.357923
-13.284459,50,473.412499
-8.724975,50,473.464244
-10.149447,50,473.51566
-14.230704,50,473.561473
-16.163501,50,473.603478
-15.336732,50,473.642771
-6.320151,50,473.697698
-15.011886,50,473.743193
-16.55666,50,473.78688
-9.011505,50,473.840684
-11.088966,50,473.890735
-10.576234,50,473.929522
-10.079809,50,473.976126
-7.997929,50,474.02447
-9.002946,50,474.081125
-16.149669,50,474.141477
-9.922832,50,474.19682
-16.944628,50,474.254339
-7.461955,50,474.311061
-15.580127,50,474.366896
-10.243325,50,474.425723
-10.219593,50,474.463451
-8.53565,50,474.505534
-16.31167,50,474.549174
-9.179632,50,474.599179
-9.302165,50,474.646888
-16.079895,50,474.692398
-12.199215,50,474.74445
-9.58958,50,474.793829
-13.209031,50,474.849458
-6.253084,50,474.889628
-18.106016,50,474.92819
-8.060356,50,474.976532
-15.760065,50,475.438385
-6.213534,50,475.495697
-16.84566,50,475.549267
-5.924028,50,475.604475
-9.354619,50,475.658378
-14.156521,50,475.715365
-13.726687,50,475.771379
-11.860703,50,475.832868
-7.367494,50,475.887877
-7.691458,50,475.93515
-7.978821,50,475.984328
-14.441028,50,476.041758
-9.314687,50,476.107365
-8.843088,50,476.157345
-7.474478,50,476.213085
-12.448041,50,476.274643
-13.92938,50,476.340792
-15.48259,50,476.397769
-9.214223,50,476.452769
-7.303773,50,476.506139
-15.432286,50,476.564148
-8.867306,50,476.61732
-11.485647,50,476.676372
-15.749106,50,476.732094
-15.171247,50,476.78378
-8.795065,50,476.827144
-18.79836,50,476.873393
-16.996783,50,476.926532
-8.710906,50,476.979084
-11.698234,50,477.026632
-13.971324,50,477.08599
-11.36458,50,477.138782
-7.123797,50,477.193191
-15.416657,50,477.247211
-11.812261,50,477.302689
-15.21638,50,477.357068
-6.630558,50,477.41577
-13.273351,50,477.474108
-6.776941,50,477.524283
-9.404921,50,477.565598
-12.437265,50,477.604936
-11.503711,50,478.074543
-8.105572,50,478.141221
-9.479898,50,478.201857
-9.47616,50,478.252848
-6.89902,50,478.309946
-14.137082,50,478.365604
-16.224216,50,478.416479
-13.392772,50,478.473196
-14.416498,50,478.531866
-7.580285,50,478.583108
-8.173847,50,478.641041
-12.156086,50,478.693777
-13.60561,50,478.753205
-11.225714,50,478.79124
-16.205295,50,478.82439
-12.044741,50,478.857592
-10.360987,50,478.89045
-13.270459,50,478.924104
-8.6414,50,478.966892
-9.870529,50,479.018705
-8.00328,50,479.073924
-17.519474,50,479.12942
-12.188036,50,479.188866
-12.338528,50,479.242603
-11.526038,50,479.278065
-7.957057,50,479.338534
-13.015495,50,479.397264
-18.934003,50,479.451683
-8.733872,50,479.50481
-16.100425,50,479.556672
-8.569724,50,479.615
-5.616273,50,479.662623
-9.134133,50,479.695789
-13.95059,50,479.736832
-14.505911,50,479.770049
-6.271881,50,479.802768
-15.218072,50,479.839651
-9.679733,50,479.890242
-19.319905,50,479.930807
-7.24578,50,479.984863
-15.082795,50,480.022309
-13.495652,50,480.471053
-18.595677,50,480.53207
-9.093108,50,480.589314
-11.646573,50,480.64849
-11.813623,50,480.706524
-8.774184,50,480.76225
-9.491488,50,480.824439
-10.991976,50,480.882685
-13.31194,50,480.9361
-12.333857,50,480.980712
-10.615685,50,481.043448
-7.513482,50,481.105567
-16.268282,50,481.162442
-11.33244,50,481.220024
-6.607845,50,481.281365
-10.547328,50,481.340928
-7.521262,50,481.397894
-9.869428,50,481.436307
-6.747616,50,481.496709
-7.980887,50,481.552634
-20.155585,50,481.612797
-9.915345,50,481.658028
-6.46992,50,481.693712
-13.31309,50,481.727983
-8.405457,50,481.770451
-8.522366,50,481.824244
-13.35839,50,481.871145
-7.766069,50,481.913692
-10.39553,50,481.955148
-11.601997,50,481.994813
-8.526777,50,482.032874
-9.255391,50,482.082107
-7.384846,50,482.122525
-14.615435,50,482.172555
-15.940118,50,482.209558
-14.372185,50,482.264667
-9.738656,50,482.329648
-9.090335,50,482.362208
-15.85186,50,482.423075
-11.212634,50,482.471525
-17.009929,50,482.528284
-17.763928,50,483.010009
-9.704537,50,483.072799
-15.484866,50,483.126356
-10.300004,50,483.173995
-9.194639,50,483.211281
-12.671049,50,483.250024
-12.289835,50,483.296165
-7.352901,50,483.350812
-9.98864,50,483.39115
-10.273326,50,483.439556
-20.131242,50,483.499893
-15.073232,50,483.549855
-8.652499,50,483.605243
-18.476314,50,483.661652
-9.411762,50,483.711123
-7.263944,50,483.766154
-14.573788,50,483.818688
-10.056176,50,483.879535
-12.131437,50,483.935301
-14.598202,50,483.988686
-16.339279,50,484.032487
-17.95406,50,484.084184
-7.256094,50,484.130001
-16.030291,50,484.175089
-9.046543,50,484.224563
-15.237656,50,484.261317
-6.017117,50,484.300397
-18.773038,50,484.348077
-9.947631,50,484.402406
-6.895684,50,484.43819
-9.170374,50,484.49415
-5.968367,50,484.540198
-8.171609,50,484.598201
-10.462684,50,484.650751
-9.213938,50,484.704528
-10.577128,50,484.759731
-10.235429,50,484.821787
-8.751022,50,484.868867
-9.542587,50,484.929018
-15.952508,50,484.981752
-15.154832,50,485.03731
-17.293513,50,485.493447
-10.560175,50,485.545516
-19.973679,50,485.606286
-11.183782,50,485.656153
-10.120283,50,485.712174
-16.294945,50,485.76122
-8.173963,50,485.817754
-7.08892,50,485.876257
-8.355442,50,485.932052
-11.627784,50,485.987546
-14.351254,50,486.03031
-10.392447,50,486.086273
-8.045266,50,486.138147
-13.343743,50,486.181719
-17.086543,50,486.240143
-8.161169,50,486.275938
-10.322294,50,486.332584
-13.980459,50,486.382979
-14.163123,50,486.443361
-10.420559,50,486.500994
-11.026516,50,486.556556
-14.65472,50,486.612707
-16.725036,50,486.669691
-7.203408,50,486.713434
-15.183033,50,486.762293
-16.349291,50,486.798683
-13.820378,50,486.836857
-10.538369,50,486.881113
-16.525284,50,486.936878
-9.121374,50,486.990662
-7.591677,50,487.038735
-12.236304,50,487.09128
-14.672335,50,487.12912
-9.267196,50,487.18359
-12.267223,50,487.232354
-13.233222,50,487.27664
-9.440613,50,487.321377
-19.558457,50,487.364256
-10.218484,50,487.400841
-10.53237,50,487.436021
-9.27693,50,487.474649
-7.023905,50,487.94052
-10.850935,50,487.991452
-8.397436,50,488.049851
-16.311359,50,488.095179
-11.866858,50,488.139337
-8.20936,50,488.177857
-10.725729,50,488.214515
-10.115376,50,488.270705
-7.778944,50,488.32705
-5.828981,50,488.367743
-14.692397,50,488.407471
-13.333368,50,488.447249
-18.408148,50,488.502786
-18.387421,50,488.556136
-12.899205,50,488.595803
-15.022416,50,488.658518
-5.891601,50,488.709791
-16.888334,50,488.756602
-10.356427,50,488.803802
-16.643087,50,488.857591
-8.164058,50,488.914661
-18.719344,50,488.97452
-16.525536,50,489.015081
-15.768868,50,489.052895
-9.331309,50,489.105646
-8.475082,50,489.156752
-7.951485,50,489.210312
-6.368041,50,489.258987
-10.477405,50,489.314
-15.10502,50,489.369854
-12.447774,50,489.417354
-14.440538,50,489.479812
-11.982222,50,489.525219
-11.254014,50,489.575934
-12.532652,50,489.617085
-19.236497,50,489.670067
-15.365911,50,489.71185
-7.966274,50,489.760247
-12.613465,50,489.800915
-13.960004,50,489.854744
-13.641268,50,489.903949
-13.390786,50,490.367107
-15.080573,50,490.407304
-7.961923,50,490.470647
-9.300681,50,490.527892
-6.438687,50,490.588648
-10.571852,50,490.637316
-15.894816,50,490.700063
-8.678286,50,490.761099
-9.458588,50,490.804748
-8.402122,50,490.870914
-17.898415,50,490.922641
-12.377952,50,490.976405
-10.943087,50,491.027528
-10.320343,50,491.06776
-17.360562,50,491.115265
-11.514364,50,491.169595
-9.046864,50,491.211742
-18.282701,50,491.250991
-11.067742,50,491.292087
-14.886859,50,491.33848
-10.661374,50,491.386539
-7.13251,50,491.435244
-17.032778,50,491.478818
-10.365949,50,491.524309
-12.371555,50,491.573156
-6.459347,50,491.6101
-19.947495,50,491.650154
-10.562694,50,491.701209
-7.663156,50,491.747953
-8.648576,50,491.793791
-7.917388,50,491.837144
-13.985062,50,491.877796
-10.469434,50,491.913105
-19.247397,50,491.945823
-14.699861,50,491.990838
-9.956633,50,492.026356
-11.179333,50,492.062181
-8.7758,50,492.117529
-8.169806,50,492.165628
-11.52719,50,492.212072
-19.520346,50,492.253738
-11.927742,50,492.731802
-6.898194,50,492.788296
-14.831619,50,492.851782
-15.11426,50,492.906436
-15.960742,50,492.949259
-14.059191,50,492.993504
-8.614163,50,493.038495
-12.977415,50,493.076102
-11.602113,50,493.113882
-9.036706,50,493.148144
-18.998762,50,493.200739
-19.92502,50,493.259988
-10.932828,50,493.306555
-7.618377,50,493.350651
-8.847148,50,493.403414
-17.70307,50,493.44584
-10.246902,50,493.484199
-16.148892,50,493.525385
-7.713025,50,493.574707
-7.146377,50,493.609131
-10.593987,50,493.646363
-15.690595,50,493.687817
-5.954929,50,493.7411
-15.01179,50,493.797273
-17.778709,50,493.851214
-8.458046,50,493.911343
-10.315806,50,493.968264
-12.846327,50,494.024713
-16.438035,50,494.078048
-7.155651,50,494.111769
-10.196472,50,494.159389
-12.674763,50,494.202187
-7.84604,50,494.234934
-11.473998,50,494.2674
-14.943608,50,494.309356
-10.319933,50,494.34538
-20.022385,50,494.38249
-10.726346,50,494.414999
-8.536749,50,494.449898
-12.903972,50,494.488675
-12.383461,50,494.540447
-12.369287,50,494.994176
-9.434801,50,495.045476
-13.712367,50,495.104536
-9.579887,50,495.156962
-16.969101,50,495.210702
-10.490317,50,495.268868
-14.163607,50,495.310995
-18.114292,50,495.351736
-14.220078,50,495.38335
-8.756382,50,495.423694
-12.924344,50,495.472732
-18.757124,50,495.523265
-7.317535,50,495.574957
-5.961727,50,495.632759
-16.698232,50,495.693156
-12.22772,50,495.737684
-13.484731,50,495.770755
-9.256579,50,495.810895
-6.338479,50,495.866625
-9.29408,50,495.902858
-10.222146,50,495.937635
-8.456171,50,495.984829
-9.23453,50,496.037333
-12.497785,50,496.090452
-6.955413,50,496.14362
-9.67204,50,496.200645
-9.977833,50,496.252649
-7.179618,50,496.30653
-8.672819,50,496.344265
-11.546869,50,496.375352
-10.551676,50,496.40615
-10.159646,50,496.463577
-12.463879,50,496.505743
-16.394193,50,496.547984
-10.79848,50,496.601331
-11.957961,50,496.645851
-9.173286,50,496.698425
-9.124453,50,496.744159
-9.542616,50,496.791527
-7.065453,50,496.837075
-13.79232,50,496.881659
-11.616892,50,497.348445
-16.422364,50,497.414035
-12.95803,50,497.474471
-9.298174,50,497.532444
-12.52428,50,497.600777
-8.249245,50,497.657351
-16.496284,50,497.723189
-5.205889,50,497.77879
-19.645716,50,497.841548
-6.322159,50,497.897128
-10.082498,50,497.944528
-7.647684,50,497.994493
-9.025909,50,498.056565
-7.336599,50,498.115253
-10.356868,50,498.177638
-8.577702,50,498.228738
-11.337319,50,498.293208
-18.587276,50,498.350785
-9.398075,50,498.406723
-10.978058,50,498.465369
-12.799509,50,498.52357
-9.23701,50,498.575429
-17.022048,50,498.641321
-7.274832,50,498.692526
-6.310688,50,498.748721
-8.652013,50,498.808201
-8.796118,50,498.868721
-10.926739,50,498.922663
-9.223903,50,498.97374
-7.514202,50,499.016263
-5.772109,50,499.059399
-15.521644,50,499.117994
-11.863554,50,499.161753
-9.99724,50,499.220796
-9.974831,50,499.273693
-16.496013,50,499.319329
-15.878786,50,499.379517
-9.750266,50,499.434513
-11.455689,50,499.48788
-12.930664,50,499.545304
-20.082232,50,499.595673
-8.03855,50,500.071133
-10.731326,50,500.109835
-12.7982,50,500.153041
-6.130885,50,500.201471
-9.155938,50,500.243468
-8.732516,50,500.28554
-9.154344,50,500.334039
-4.884203,50,500.389972
-12.387286,50,500.445433
-17.213746,50,500.493374
-7.585037,50,500.554429
-15.057946,50,500.613947
-10.322745,50,500.674471
-9.433161,50,500.733992
-8.290015,50,500.795815
-7.597535,50,500.861629
-10.2657,50,500.914189
-18.022336,50,500.977782
-11.731076,50,501.031126
-7.632586,50,501.093887
-7.035413,50,501.14954
-9.774655,50,501.198952
-9.938579,50,501.246706
-17.330278,50,501.282823
-6.699396,50,501.329361
-8.59153,50,501.3881
-10.603732,50,501.444811
-14.041095,50,501.501488
-20.384132,50,501.55551
-11.573712,50,501.611775
-8.843603,50,501.662714
-17.75333,50,501.719671
-10.214171,50,501.772093
-15.397288,50,501.828014
-6.541608,50,501.87019
-10.439849,50,501.919784
-19.463332,50,501.96336
-6.68611,50,502.0188
-11.400507,50,502.051837
-7.651039,50,502.084276
-12.841601,50,502.1403
-8.284985,50,502.633417
-5.767131,50,502.690493
-12.434767,50,502.748876
-17.888132,50,502.808704
-11.298461,50,502.86499
-19.767033,50,502.925178
-15.110406,50,502.975314
-11.597649,50,503.037391
-17.131057,50,503.0918
-8.114188,50,503.146714
-12.531755,50,503.187211
-19.543614,50,503.233231
-9.04791,50,503.27392
-8.927265,50,503.323611
-12.843886,50,503.381104
-9.720716,50,503.434366
-9.900848,50,503.487386
-6.863838,50,503.535421
-8.39148,50,503.592421
-12.901909,50,503.63517
-15.4058,50,503.679529
-5.744372,50,503.743778
-13.675225,50,503.801091
-6.192535,50,503.865157
-12.960361,50,503.928806
-13.569291,50,503.989107
-13.638362,50,504.043163
-8.315931,50,504.097631
-8.102119,50,504.15886
-5.985142,50,504.222916
-12.904954,50,504.274793
-18.930306,50,504.330605
-13.34287,50,504.376051
-17.056709,50,504.423786
-11.799466,50,504.47419
-15.732584,50,504.526732
-7.671681,50,504.580189
-11.521296,50,504.636375
-12.593903,50,504.687546
-15.8066,50,504.729324
-14.471588,50,504.76381
-13.917821,50,505.232678
-8.070451,50,505.277121
-13.79781,50,505.311445
-5.912939,50,505.351755
-10.17615,50,505.40121
-15.096683,50,505.438509
-16.17175,50,505.475827
-11.831475,50,505.512923
-7.112935,50,505.558005
-14.349317,50,505.622367
-18.58372,50,505.668972
-16.7319,50,505.727122
-6.714061,50,505.778533
-15.291493,50,505.840354
-15.892724,50,505.89523
-12.811953,50,505.951775
-9.196364,50,506.006483
-7.649138,50,506.060773
-13.424665,50,506.104521
-10.420425,50,506.15228
-12.957885,50,506.196739
-14.095925,50,506.248409
-8.810367,50,506.28846
-10.141833,50,506.325746
-7.873922,50,506.368646
-10.615959,50,506.40486
-10.847836,50,506.447529
-8.407977,50,506.479053
-11.050776,50,506.511792
-12.552736,50,506.564897
-5.238409,50,506.619643
-6.981317,50,506.676539
-12.553502,50,506.737878
-11.662137,50,506.794087
-17.547368,50,506.843508
-19.411022,50,506.901073
-10.402959,50,506.956293
-17.363734,50,507.008373
-7.012304,50,507.058552
-16.095055,50,507.115688
-11.298994,50,507.163228
-8.821073,50,507.633662
-6.602502,50,507.689594
-11.368636,50,507.744246
-10.019357,50,507.804414
-11.743533,50,507.858137
-15.287566,50,507.915983
-7.724886,50,507.977635
-18.510545,50,508.035267
-15.51928,50,508.090732
-17.984697,50,508.153083
-9.675992,50,508.211417
-10.51052,50,508.270073
-15.437388,50,508.32671
-14.44894,50,508.381793
-8.819453,50,508.424899
-8.875835,50,508.485863
-9.01059,50,508.522638
-16.447071,50,508.569234
-6.504179,50,508.611791
-10.613623,50,508.667682
-5.608592,50,508.727503
-8.192227,50,508.782275
-16.889212,50,508.836879
-16.120512,50,508.897998
-7.417477,50,508.957385
-15.718558,50,509.012169
-7.165415,50,509.06124
-7.946871,50,509.104285
-18.470235,50,509.14396
-13.186843,50,509.182346
-15.988924,50,509.220191
-8.444496,50,509.272038
-8.321121,50,509.319853
-11.296404,50,509.37335
-13.503805,50,509.415262
-17.354788,50,509.464424
-8.355109,50,509.51024
-10.64841,50,509.553572
-12.002221,50,509.602977
-12.333133,50,509.660127
-19.444341,50,510.135369
-14.790293,50,510.192802
-12.866904,50,510.242746
-16.064819,50,510.301816
-13.44014,50,510.350979
-16.514841,50,510.417614
-7.525592,50,510.476555
-16.093185,50,510.533533
-9.978108,50,510.595816
-7.226075,50,510.654872
-10.464484,50,510.718912
-15.17281,50,510.781199
-7.912916,50,510.837476
-9.988672,50,510.879545
-7.908255,50,510.938773
-18.048163,50,511.001352
-12.886164,50,511.064601
-11.417526,50,511.120882
-9.969944,50,511.175823
-6.856312,50,511.233121
-11.33712,50,511.286814
-5.287924,50,511.331972
-13.211713,50,511.381691
-9.478328,50,511.438413
-11.644092,50,511.486721
-8.695382,50,511.543133
-9.359108,50,511.576531
-7.300939,50,511.62818
-9.856998,50,511.673983
-10.131722,50,511.734799
-10.456319,50,511.79185
-6.749543,50,511.84814
-12.495205,50,511.887933
-12.85095,50,511.928097
-8.479554,50,511.97141
-6.062428,50,512.017589
-16.668186,50,512.065114
-7.881916,50,512.106698
-9.42421,50,512.161086
-10.466959,50,512.206536
-8.254946,50,512.249088
-9.996926,50,512.726506
-7.40072,50,512.785896
-11.23817,50,512.840397
-14.442668,50,512.894232
-13.121454,50,512.954366
-11.053024,50,513.020891
-11.50499,50,513.080715
-9.090487,50,513.135945
-10.688521,50,513.187699
-16.338833,50,513.232901
-18.85528,50,513.292027
-16.725255,50,513.346897
-10.957752,50,513.4031
-11.819472,50,513.453688
-10.237599,50,513.490792
-15.608995,50,513.529965
-9.499865,50,513.565089
-6.448266,50,513.608496
-9.39253,50,513.662009
-13.39644,50,513.715251
-9.999673,50,513.783604
-8.82999,50,513.838336
-8.789088,50,513.885626
-12.573651,50,513.938546
-7.43215,50,513.990058
-14.618412,50,514.034185
-20.466802,50,514.074143
-14.132784,50,514.11219
-11.661894,50,514.161069
-5.749426,50,514.207131
-6.82405,50,514.257477
-7.547452,50,514.298061
-16.889024,50,514.338102
-8.345903,50,514.376577
-8.290152,50,514.424306
-8.38346,50,514.482197
-13.270921,50,514.523591
-10.060507,50,514.562227
-14.752962,50,514.61431
-16.101605,50,514.6624
-7.412822,50,514.71544
-7.982026,50,515.172118
-7.711532,50,515.218268
-9.994374,50,515.262564
-16.65521,50,515.314267
-9.719819,50,515.361121
-12.927982,50,515.406233
-11.48435,50,515.451254
-16.458719,50,515.502933
-9.223374,50,515.554563
-11.526769,50,515.614317
-15.447233,50,515.669744
-6.402926,50,515.730494
-14.694502,50,515.786679
-7.478399,50,515.835691
-6.614918,50,515.881894
-11.225513,50,515.926828
-17.364721,50,515.984005
-11.940413,50,516.024262
-11.339957,50,516.060525
-12.771339,50,516.110482
-14.61374,50,516.164449
-9.586089,50,516.221483
-10.951789,50,516.264759
-12.214859,50,516.308983
-13.406164,50,516.34536
-10.160826,50,516.376795
-7.864196,50,516.415476
-9.606083,50,516.448585
-9.38258,50,516.483622
-13.216657,50,516.538468
-13.462716,50,516.590269
-15.796533,50,516.632206
-14.201876,50,516.688836
-10.698458,50,516.731682
-7.389468,50,516.78673
-14.425584,50,516.832345
-4.861001,50,516.866622
-7.126474,50,516.906172
-8.339971,50,516.950572
-11.430712,50,516.996833
-10.631541,50,517.04591
-17.660174,50,517.563781
-10.346884,50,517.614217
-17.016589,50,517.670943
-13.623795,50,517.72221
-12.351133,50,517.779559
-6.648654,50,517.840763
-8.765605,50,517.888355
-9.6469,50,517.934149
-13.049055,50,517.972168
-7.164376,50,518.031921
-6.922776,50,518.083914
-16.505862,50,518.128623
-16.348119,50,518.174149
-13.807468,50,518.223727
-9.210386,50,518.263103
-10.882606,50,518.322126
-9.101142,50,518.381627
-10.090763,50,518.434059
-8.867696,50,518.481084
-9.054599,50,518.539861
-8.465476,50,518.606732
-7.919763,50,518.673492
-11.614177,50,518.743001
-15.981908,50,518.809013
-15.376564,50,518.859543
-10.170441,50,518.917038
-9.677068,50,518.964934
-12.67589,50,519.019587
-7.899768,50,519.064137
-10.520737,50,519.110222
-8.783324,50,519.160462
-11.632674,50,519.208529
-13.728992,50,519.251025
-18.25809,50,519.302085
-8.290823,50,519.360901
-11.213771,50,519.417167
-12.674918,50,519.474174
-6.659902,50,519.532671
-11.940078,50,519.575693
-9.447626,50,519.625174
-11.321982,50,519.684925
-15.632057,50,520.163361
-8.243321,50,520.218636
-11.385883,50,520.273543
-9.066138,50,520.307931
-8.848194,50,520.344134
-7.435462,50,520.381068
-8.408395,50,520.423949
-20.136948,50,520.455665
-16.156362,50,520.503762
-8.152029,50,520.557652
-9.438246,50,520.616686
-14.991096,50,520.655969
-7.233333,50,520.687428
-12.29068,50,520.725018
-10.59892,50,520.772707
-16.51009,50,520.817583
-7.944255,50,520.862952
-10.012605,50,520.900849
-9.630481,50,520.946634
-7.639462,50,520.985827
-10.294904,50,521.022316
-9.522781,50,521.071357
-7.097513,50,521.110883
-13.347235,50,521.171113
-13.631601,50,521.229943
-8.765306,50,521.26876
-14.670517,50,521.305085
-10.050937,50,521.346267
-6.009818,50,521.395182
-17.303508,50,521.438441
-7.95304,50,521.494516
-8.06385,50,521.535101
-14.922634,50,521.589062
-10.07425,50,521.624416
-15.143236,50,521.658148
-9.723213,50,521.718433
-5.861395,50,521.767006
-8.632854,50,521.818805
-10.915659,50,521.856352
-12.536187,50,521.911855
-10.674636,50,521.945638
-11.391114,50,522.430369
-6.459807,50,522.482915
-15.087465,50,522.546792
-11.320565,50,522.59845
-10.638468,50,522.660516
-12.975711,50,522.711941
-6.33931,50,522.764263
-15.429744,50,522.807771
-9.528167,50,522.855535
-12.661749,50,522.894661
-6.084934,50,522.934828
-9.741033,50,522.973216
-11.179737,50,523.030315
-18.988125,50,523.068021
-10.483233,50,523.120575
-18.002641,50,523.173024
-11.756688,50,523.210644
-7.973812,50,523.262227
-9.903285,50,523.318409
-7.200473,50,523.376164
-9.325011,50,523.429157
-14.504267,50,523.486161
-12.250724,50,523.532805
-12.453614,50,523.582501
-10.592315,50,523.6176
-9.265238,50,523.67075
-9.266754,50,523.719544
-8.202848,50,523.774192
-16.980499,50,523.818633
-9.959158,50,523.862499
-7.953195,50,523.90807
-6.874655,50,523.954984
-17.007533,50,524.005974
-13.668837,50,524.057376
-8.764968,50,524.101991
-8.441902,50,524.157673
-17.125324,50,524.211338
-9.554279,50,524.264082
-14.77901,50,524.309262
-11.841518,50,524.346843
-8.314413,50,524.384575
-14.093232,50,524.841821
-19.619637,50,524.903368
-10.026283,50,524.960611
-8.481279,50,525.00444
-12.314558,50,525.054017
-17.334176,50,525.104229
-10.244233,50,525.136591
-19.352521,50,525.186469
-11.031375,50,525.222734
-9.442386,50,525.280898
-10.740952,50,525.343561
-15.037163,50,525.386184
-17.25931,50,525.43434
-6.521811,50,525.474997
-15.918982,50,525.520464
-16.410062,50,525.579144
-9.551119,50,525.630457
-15.011665,50,525.677895
-10.141212,50,525.712312
-10.353282,50,525.754518
-8.192781,50,525.803775
-12.283446,50,525.856558
-16.745511,50,525.894973
-20.364183,50,525.953366
-14.004066,50,526.00407
-11.800368,50,526.052957
-13.253029,50,526.091138
-8.162507,50,526.138566
-16.659002,50,526.174084
-13.580568,50,526.208176
-13.772901,50,526.241891
-13.780087,50,526.277765
-9.164694,50,526.337505
-8.308398,50,526.385074
-14.127279,50,526.439199
-12.438326,50,526.492752
-6.509227,50,526.545702
-13.066789,50,526.592207
-7.707914,50,526.633512
-11.572555,50,526.690007
-10.578832,50,526.738227
-10.921919,50,527.195054
-16.612101,50,527.262495
-10.792969,50,527.31873
-8.321043,50,527.376221
-9.078635,50,527.430896
-8.666806,50,527.467216
-9.629313,50,527.503221
-9.064602,50,527.542177
-12.109645,50,527.578719
-9.518746,50,527.614623
-10.884828,50,527.652583
-11.04778,50,527.687592
-13.710983,50,527.724234
-17.250074,50,527.761595
-7.751951,50,527.799613
-8.504287,50,527.834833
-10.939788,50,527.870209
-15.516597,50,527.909015
-18.458649,50,527.947016
-9.750086,50,527.996815
-8.150194,50,528.047143
-10.079579,50,528.092824
-7.625071,50,528.129868
-10.789354,50,528.164328
-11.23117,50,528.224251
-10.501514,50,528.276324
-11.096267,50,528.331519
-11.828348,50,528.38164
-12.294422,50,528.4289
-15.062442,50,528.480227
-7.055516,50,528.52754
-11.759177,50,528.57579
-8.814309,50,528.624769
-16.957606,50,528.662158
-8.93034,50,528.69352
-9.412643,50,528.730636
-13.30773,50,528.768257
-9.298355,50,528.817334
-17.124371,50,528.86022
-12.661885,50,528.900135
-7.026428,50,528.960647
-14.851361,50,529.422367
-17.995593,50,529.477172
-9.784447,50,529.540197
-12.732675,50,529.591895
-8.142151,50,529.63666
-7.677415,50,529.679667
-14.880333,50,529.713095
-11.15051,50,529.764593
-15.459475,50,529.81671
-13.26527,50,529.863736
-16.0906,50,529.910305
-13.606087,50,529.954408
-15.056242,50,529.999547
-18.926592,50,530.042272
-9.428084,50,530.097054
-6.787453,50,530.130208
-7.986728,50,530.17922
-10.579258,50,530.213817
-12.448921,50,530.273704
-16.352246,50,530.322176
-15.0989,50,530.362805
-14.06405,50,530.417828
-11.093206,50,530.476625
-15.167224,50,530.537739
-6.736974,50,530.59489
-11.161919,50,530.652134
-11.914571,50,530.701781
-6.372005,50,530.751517
-9.582731,50,530.78707
-6.507695,50,530.824005
-9.429883,50,530.862282
-7.440994,50,530.896638
-11.53439,50,530.933664
-7.442878,50,530.970446
-7.083478,50,531.010105
-9.577761,50,531.053529
-16.637099,50,531.096931
-9.566299,50,531.126988
-7.717696,50,531.156928
-17.085541,50,531.18739
-9.128618,50,531.221731
-17.57552,50,531.671499
-14.98707,50,531.73665
-8.163891,50,531.785636
-7.631165,50,531.828233
-5.971865,50,531.867178
-18.921353,50,531.908506
-8.247133,50,531.956663
-13.796696,50,531.99933
-13.795902,50,532.034009
-5.263508,50,532.072888
-7.803546,50,532.111368
-11.281265,50,532.159525
-13.381778,50,532.213046
-12.25703,50,532.248733
-5.863431,50,532.296552
-11.701349,50,532.339009
-8.983115,50,532.377171
-12.258701,50,532.433895
-12.827443,50,532.485667
-8.808656,50,532.529734
-18.166468,50,532.564502
-16.608265,50,532.607611
-15.129174,50,532.664293
-10.689002,50,532.698791
-7.126726,50,532.735526
-17.273629,50,532.801478
-11.490654,50,532.841382
-17.264492,50,532.875931
-7.582842,50,532.912115
-9.43669,50,532.957603
-18.582346,50,533.001297
-7.385622,50,533.034252
-14.554389,50,533.067099
-7.883811,50,533.103569
-11.073199,50,533.151704
-8.526678,50,533.20584
-8.845824,50,533.2571
-13.410035,50,533.294472
-9.411709,50,533.343282
-8.010455,50,533.395675
-20.079941,50,533.438396
-13.496421,50,533.902489
-8.26761,50,533.963223
-14.289341,50,534.019517
-14.732083,50,534.066807
-17.690562,50,534.105209
-11.785691,50,534.145463
-19.768243,50,534.18171
-9.349352,50,534.214335
-18.278879,50,534.265282
-11.467802,50,534.306601
-16.822089,50,534.344806
-10.620787,50,534.398755
-13.35673,50,534.445437
-12.253501,50,534.487418
-9.928782,50,534.540535
-13.435788,50,534.574941
-11.694368,50,534.610363
-12.990335,50,534.650665
-12.189803,50,534.699865
-9.272269,50,534.73741
-9.614971,50,534.773193
-12.875825,50,534.831817
-12.899113,50,534.870228
-7.209166,50,534.909759
-15.196268,50,534.952119
-5.289424,50,534.990452
-16.71349,50,535.034979
-9.637961,50,535.066538
-9.633902,50,535.098609
-10.392404,50,535.142956
-17.491399,50,535.199909
-6.267812,50,535.251121
-8.377159,50,535.301742
-14.401698,50,535.351173
-12.445695,50,535.39898
-9.272826,50,535.433876
-20.13842,50,535.479009
-12.356431,50,535.523588
-16.647913,50,535.583179
-9.282416,50,535.63754
-16.014341,50,535.674525
-8.421337,50,536.145644
-7.859811,50,536.20788
-19.740443,50,536.268438
-8.643672,50,536.317112
-6.119187,50,536.37131
-9.4792,50,536.432019
-6.880097,50,536.491649
-6.994869,50,536.535818
-15.565697,50,536.59884
-9.064571,50,536.642379
-13.244846,50,536.697211
-10.071122,50,536.73459
-9.620806,50,536.786525
-14.944869,50,536.825371
-7.923227,50,536.878832
-10.537494,50,536.924279
-6.867156,50,536.965707
-9.487767,50,537.016297
-8.692824,50,537.063423
-13.819884,50,537.105342
-9.614331,50,537.157253
-8.571679,50,537.199008
-9.088668,50,537.232244
-10.096288,50,537.284845
-8.155663,50,537.322886
-7.863975,50,537.366371
-14.633938,50,537.423714
-9.052182,50,537.472524
-7.977495,50,537.530826
-7.514266,50,537.572463
-9.342567,50,537.617818
-9.050214,50,537.660094
-11.354469,50,537.707012
-13.988621,50,537.747124
-16.074488,50,537.788952
-18.39605,50,537.834429
-9.521929,50,537.879985
-12.107139,50,537.923219
-10.792328,50,537.962509
-18.072777,50,537.994998
-14.35838,50,538.038682
-14.428147,50,538.51452
-13.533705,50,538.567995
-10.69472,50,538.612657
-18.433879,50,538.654954
-10.568139,50,538.70609
-14.27095,50,538.742783
-16.421717,50,538.788264
-5.589963,50,538.830023
-15.907954,50,538.873144
-13.091719,50,538.911431
-14.994952,50,538.956198
-18.574488,50,538.999854
-14.146008,50,539.034807
-12.790848,50,539.09059
-9.684684,50,539.137335
-13.235297,50,539.183901
-8.737621,50,539.229565
-16.637903,50,539.271298
-19.367972,50,539.317391
-8.664742,50,539.372305
-9.784721,50,539.424031
-10.342433,50,539.477979
-7.91682,50,539.531714
-7.180496,50,539.577349
-11.266041,50,539.632668
-9.74807,50,539.689526
-8.515741,50,539.731431
-10.066935,50,539.776284
-9.008372,50,539.822929
-8.15081,50,539.869694
-10.279881,50,539.911631
-6.528103,50,539.962331
-15.550471,50,539.999303
-6.212817,50,540.038098
-15.117239,50,540.095121
-13.345005,50,540.152249
-9.217408,50,540.207
-9.515603,50,540.25602
-9.47098,50,540.306513
-10.403529,50,540.3466
-9.590718,50,540.398416
-15.100011,50,540.871835
-5.359666,50,540.929394
-15.890979,50,540.982882
-12.324299,50,541.038965
-7.865813,50,541.077317
-17.071518,50,541.114331
-13.431071,50,541.168086
-12.368661,50,541.216527
-12.178368,50,541.274572
-16.272951,50,541.323904
-16.649103,50,541.362528
-5.433215,50,541.412866
-7.349439,50,541.454892
-12.106811,50,541.488108
-6.430505,50,541.52544
-19.470884,50,541.566003
-13.743995,50,541.617552
-11.528338,50,541.675991
-7.690506,50,541.726883
-19.77638,50,541.783997
-10.468681,50,541.831631
-9.249817,50,541.881121
-8.517267,50,541.924084
-9.266798,50,541.959249
-16.40731,50,541.999308
-13.023501,50,542.04765
-9.065438,50,542.086293
-9.649712,50,542.134438
-10.332918,50,542.185603
-7.774336,50,542.246088
-9.347481,50,542.296199
-14.461182,50,542.35089
-12.548692,50,542.387575
-10.743995,50,542.441374
-16.871769,50,542.491189
-7.841013,50,542.531931
-9.059675,50,542.564381
-8.926096,50,542.599743
-8.023262,50,542.646027
-15.396493,50,542.688075
-15.494222,50,542.739587
-13.812152,50,543.211768
-9.068002,50,543.267197
-17.796048,50,543.324744
-19.267563,50,543.385101
-16.327086,50,543.436341
-9.107767,50,543.48673
-6.971369,50,543.54113
-17.975472,50,543.603806
-12.769612,50,543.658917
-13.030878,50,543.700329
-7.788803,50,543.747832
-14.852833,50,543.808588
-8.88498,50,543.859482
-14.832853,50,543.918594
-14.343765,50,543.960841
-7.544531,50,544.018016
-16.152135,50,544.061466
-15.446075,50,544.117558
-7.28184,50,544.169733
-15.304566,50,544.228879
-9.069854,50,544.287904
-9.576809,50,544.345155
-8.626202,50,544.405989
-13.339286,50,544.452956
-15.117259,50,544.488889
-9.963144,50,544.536896
-7.634158,50,544.57086
-16.035564,50,544.604366
-15.876419,50,544.648113
-5.403034,50,544.693992
-11.206163,50,544.748028
-10.385274,50,544.796054
-15.090738,50,544.835331
-14.164388,50,544.876346
-8.116724,50,544.932014
-14.549078,50,544.989768
-15.169454,50,545.045849
-12.465461,50,545.084594
-19.230973,50,545.121863
-19.99796,50,545.173396
-17.635622,50,545.230379
-13.375402,50,545.723504
-7.882467,50,545.781734
-9.210877,50,545.839346
-18.180776,50,545.894293
-15.691738,50,545.947818
-17.073333,50,546.01013
-13.554404,50,546.059786
-10.137631,50,546.104767
-7.979975,50,546.153589
-7.220336,50,546.208917
-9.804128,50,546.260002
-10.686204,50,546.319451
-8.999405,50,546.377067
-9.93755,50,546.43513
-9.421021,50,546.486769
-7.511136,50,546.545154
-15.796995,50,546.59201
-13.74119,50,546.647776
-9.854079,50,546.68763
-16.306455,50,546.738554
-16.046582,50,546.787246
-8.898182,50,546.831087
-9.303766,50,546.877025
-16.092122,50,546.932226
-10.887901,50,546.985057
-15.438077,50,547.039454
-12.227926,50,547.084477
-12.279085,50,547.124643
-16.307411,50,547.174904
-13.577254,50,547.229322
-9.994743,50,547.285096
-5.231984,50,547.341019
-13.019564,50,547.395414
-14.875195,50,547.45442
-18.335241,50,547.505956
-9.409816,50,547.563562
-13.485935,50,547.611866
-13.900937,50,547.646363
-8.531897,50,547.680994
-10.617527,50,547.721682
-10.755769,50,547.769844
-5.740373,50,548.251444
-12.800794,50,548.302904
-6.453775,50,548.36255
-10.29546,50,548.418671
-14.082052,50,548.473218
-9.24352,50,548.533873
-7.341713,50,548.595893
-13.193682,50,548.646292
-9.675331,50,548.708015
-7.399202,50,548.751302
-7.341468,50,548.788124
-12.680005,50,548.829391
-7.449269,50,548.872576
-9.000913,50,548.921009
-12.748932,50,548.95459
-9.859828,50,549.003777
-12.152605,50,549.05221
-7.784406,50,549.097336
-10.666845,50,549.145008
-7.85745,50,549.186396
-15.520033,50,549.238455
-9.432732,50,549.290342
-8.498346,50,549.345303
-11.68664,50,549.400802
-7.704248,50,549.461131
-15.39816,50,549.51009
-10.224941,50,549.5468
-7.152015,50,549.598551
-11.586593,50,549.655242
-6.075023,50,549.716944
-7.396887,50,549.759786
-14.692833,50,549.815979
-6.161536,50,549.863625
-8.459154,50,549.916866
-14.941294,50,549.95497
-15.426211,50,550.002872
-13.421755,50,550.062476
-5.917143,50,550.120043
-16.729532,50,550.184623
-17.694957,50,550.246119
-9.614585,50,550.307091
-6.542252,50,550.797767
-14.67248,50,550.834884
-14.660925,50,550.873039
-12.983401,50,550.907318
-9.741931,50,550.943784
-9.245537,50,550.997277
-8.381155,50,551.044674
-7.560201,50,551.101499
-10.43838,50,551.159318
-8.68562,50,551.223561
-19.822425,50,551.277203
-15.485553,50,551.338162
-16.52884,50,551.401426
-8.240826,50,551.44204
-6.828232,50,551.501211
-7.690075,50,551.550764
-16.887462,50,551.59521
-8.610243,50,551.662252
-8.953196,50,551.706234
-10.704051,50,551.753539
-12.043754,50,551.786594
-9.457719,50,551.827527
-5.616003,50,551.874803
-10.809359,50,551.925393
-10.580722,50,551.983922
-7.506337,50,552.025946
-15.080416,50,552.063024
-9.635206,50,552.104506
-8.474773,50,552.149252
-17.498326,50,552.182139
-18.251263,50,552.237258
-14.864991,50,552.298588
-18.517458,50,552.359921
-8.732099,50,552.415012
-14.325632,50,552.463425
-12.633951,50,552.513708
-7.904777,50,552.559511
-8.523103,50,552.59817
-8.878755,50,552.643431
-16.216971,50,552.680855
-15.561514,50,552.72644
-6.102027,50,553.19413
-9.421893,50,553.234685
-9.54289,50,553.285427
-19.848243,50,553.342995
-6.656747,50,553.39595
-11.928353,50,553.440236
-12.362501,50,553.473353
-7.798804,50,553.51952
-12.611324,50,553.566601
-11.990769,50,553.618367
-13.682477,50,553.659168
-16.787818,50,553.699292
-10.057947,50,553.740363
-10.711005,50,553.782801
-13.353348,50,553.823458
-10.161435,50,553.872472
-15.975857,50,553.924255
-12.158109,50,553.974622
-16.690985,50,554.024906
-6.334481,50,554.069241
-14.441923,50,554.107321
-7.489417,50,554.143528
-8.978033,50,554.175285
-13.433701,50,554.213577
-10.435094,50,554.258396
-19.184428,50,554.31026
-7.214209,50,554.368645
-14.359245,50,554.423608
-11.429474,50,554.485179
-17.348815,50,554.543562
-8.019388,50,554.596769
-7.668738,50,554.659444
-5.450532,50,554.71836
-12.726637,50,554.778846
-13.470046,50,554.830507
-6.46972,50,554.889318
-7.289181,50,554.943273
-10.312969,50,554.999843
-11.336628,50,555.052946
-9.525897,50,555.090718
-11.540394,50,555.125361
-13.279782,50,555.605992
-8.628449,50,555.664259
-11.238457,50,555.715356
-16.217536,50,555.774019
-13.765932,50,555.826531
-7.946294,50,555.890916
-7.626167,50,555.946761
-7.062108,50,556.004188
-18.609162,50,556.060822
-9.724384,50,556.104206
-6.375537,50,556.147149
-8.089925,50,556.185657
-6.720335,50,556.227433
-8.747066,50,556.264851
-14.921591,50,556.320647
-16.595411,50,556.362713
-7.810736,50,556.409031
-10.95708,50,556.467134
-17.40613,50,556.510749
-15.700133,50,556.547839
-5.796713,50,556.604632
-11.068647,50,556.661124
-15.856436,50,556.721827
-18.803108,50,556.77635
-17.633256,50,556.833956
-8.967444,50,556.88793
-13.113914,50,556.929037
-13.433409,50,556.977766
-16.27038,50,557.036011
-7.510754,50,557.078693
-12.646502,50,557.142997
-10.940113,50,557.196774
-6.481714,50,557.23528
-8.842619,50,557.288858
-9.686458,50,557.334099
-18.026736,50,557.391904
-9.381378,50,557.441185
-9.95163,50,557.498654
-9.250675,50,557.54668
-7.674259,50,557.597653
-11.083472,50,557.656368
-14.217448,50,558.139119
-14.835098,50,558.196479
-6.653007,50,558.25455
-7.553304,50,558.310456
-5.466997,50,558.355648
-13.964248,50,558.417847
-5.722412,50,558.464639
-16.70991,50,558.512072
-8.88516,50,558.560838
-12.090761,50,558.6196
-16.450075,50,558.681965
-6.82254,50,558.737452
-8.590526,50,558.794119
-8.340797,50,558.849567
-6.672599,50,558.906849
-16.68683,50,558.962666
-18.448061,50,559.022769
-8.895291,50,559.08209
-10.246837,50,559.138112
-18.890359,50,559.193439
-4.416105,50,559.241143
-7.558682,50,559.282268
-10.242004,50,559.333922
-5.151671,50,559.376744
-6.662571,50,559.426527
-14.034806,50,559.479273
-13.52183,50,559.534318
-10.912353,50,559.58602
-17.168876,50,559.648279
-7.091155,50,559.700875
-11.216578,50,559.75872
-7.280448,50,559.815801
-14.546323,50,559.871853
-16.508688,50,559.931657
-9.244819,50,559.987716
-7.750425,50,560.045593
-8.635939,50,560.1001
-14.314412,50,560.156107
-8.648005,50,560.196234
-13.016963,50,560.241992
-12.543811,50,560.293852
-5.800883,50,560.791487
-12.429627,50,560.844139
-20.221851,50,560.901884
-12.606718,50,560.955231
-18.45065,50,561.016056
-7.092931,50,561.066404
-6.396112,50,561.125178
-13.426167,50,561.176355
-11.013613,50,561.239603
-5.534605,50,561.295405
-17.331682,50,561.351564
-7.709401,50,561.407723
-14.085912,50,561.46559
-18.697925,50,561.51377
-9.81466,50,561.547131
-16.25832,50,561.602043
-13.314746,50,561.63856
-8.09342,50,561.698079
-16.918725,50,561.73861
-7.689552,50,561.796118
-16.215069,50,561.860455
-8.80495,50,561.915607
-10.070185,50,561.972271
-9.063511,50,562.03319
-13.462718,50,562.088398
-9.024178,50,562.144695
-8.837049,50,562.203067
-16.108769,50,562.255861
-10.08699,50,562.319144
-17.166386,50,562.364694
-7.313997,50,562.399079
-15.680683,50,562.448313
-9.026202,50,562.483632
-11.865766,50,562.525563
-8.643836,50,562.573287
-7.403467,50,562.617773
-11.004625,50,562.663164
-8.459422,50,562.722299
-14.215558,50,562.781575
-14.696089,50,562.835277
-15.210097,50,562.89431
-12.093783,50,563.354742
-8.059466,50,563.41532
-17.754446,50,563.477416
-8.403149,50,563.538381
-8.802541,50,563.590654
-7.694988,50,563.635612
-10.931782,50,563.697375
-15.669741,50,563.735281
-13.6621,50,563.792704
-17.850732,50,563.847795
-8.337494,50,563.909601
-15.775609,50,563.960361
-17.32159,50,564.021913
-13.235124,50,564.076848
-7.023864,50,564.136681
-15.407471,50,564.193328
-11.61174,50,564.248899
-8.474575,50,564.289354
-15.374336,50,564.324754
-6.070929,50,564.37656
-16.134317,50,564.41722
-14.386885,50,564.476342
-13.399926,50,564.516824
-11.050942,50,564.561678
-8.94648,50,564.620649
-8.497854,50,564.664747
-13.13474,50,564.718654
-7.811769,50,564.77927
-13.404887,50,564.831054
-9.106244,50,564.889227
-13.151427,50,564.943007
-17.899005,50,564.999804
-12.188239,50,565.055281
-7.528797,50,565.108047
-10.364363,50,565.152408
-13.191091,50,565.194745
-13.07807,50,565.232868
-15.123265,50,565.268636
-6.993387,50,565.308566
-16.946286,50,565.354823
-14.708445,50,565.402135
-8.51189,50,565.861194
-7.729624,50,565.921266
-8.158011,50,565.97835
-10.637811,50,566.032692
-11.717795,50,566.087265
-10.013356,50,566.144978
-9.293305,50,566.199903
-6.05703,50,566.251689
-17.756444,50,566.309806
-8.568264,50,566.354933
-9.531097,50,566.409521
-9.98713,50,566.459292
-14.698446,50,566.504445
-6.358069,50,566.557633
-7.857355,50,566.593091
-8.616904,50,566.645833
-13.932086,50,566.705883
-13.363474,50,566.743008
-17.786029,50,566.810666
-16.11576,50,566.863911
-9.012413,50,566.922487
-10.212833,50,566.978966
-10.011999,50,567.041904
-13.890644,50,567.106323
-13.049644,50,567.163808
-11.166051,50,567.227569
-8.01447,50,567.285246
-10.758332,50,567.341171
-18.627375,50,567.401853
-18.017864,50,567.460705
-14.681563,50,567.504114
-6.128628,50,567.551916
-10.292809,50,567.589535
-10.836351,50,567.634907
-11.081966,50,567.691163
-18.987441,50,567.748113
-10.167625,50,567.786406
-10.913785,50,567.829612
-15.776852,50,567.870501
-8.597353,50,567.933177
-8.62073,50,567.987699
-20.180485,50,568.457862
-6.685769,50,568.512475
-16.556543,50,568.554997
-7.116908,50,568.611987
-12.223389,50,568.658366
-9.936313,50,568.714523
-5.620296,50,568.776327
-10.271625,50,568.827108
-15.336489,50,568.884502
-7.761336,50,568.941887
-6.727787,50,568.998615
-6.818912,50,569.059437
-13.237565,50,569.116606
-18.506195,50,569.16989
-8.841846,50,569.231431
-15.411451,50,569.283387
-17.520827,50,569.343657
-7.204026,50,569.40385
-14.285181,50,569.454193
-11.342389,50,569.500347
-14.909877,50,569.539446
-10.891826,50,569.600448
-16.86802,50,569.652259
-15.530692,50,569.697404
-7.586982,50,569.733537
-14.855718,50,569.765814
-6.551964,50,569.823668
-10.760291,50,569.875923
-15.906152,50,569.935719
-7.419257,50,569.983584
-18.612526,50,570.043387
-12.032645,50,570.109256
-9.293227,50,570.175955
-9.971916,50,570.237546
-7.767369,50,570.303595
-15.356967,50,570.358917
-10.719512,50,570.411892
-7.074818,50,570.466012
-8.232708,50,570.524477
-8.614119,50,570.580353
-4.90415,50,571.121154
-11.128622,50,571.186161
-8.760938,50,571.24507
-11.283365,50,571.300005
-10.868551,50,571.354689
-16.294116,50,571.422558
-10.075027,50,571.486818
-5.408782,50,571.538702
-11.514203,50,571.588387
-10.584554,50,571.630857
-11.213889,50,571.683377
-8.439762,50,571.737723
-7.043251,50,571.773264
-12.243281,50,571.822511
-19.871029,50,571.876879
-8.429822,50,571.931257
-14.505601,50,571.985773
-10.032431,50,572.025723
-16.052675,50,572.07743
-6.594732,50,572.138036
-8.611226,50,572.209249
-7.463595,50,572.270935
-11.346562,50,572.335505
-18.900753,50,572.39366
-9.772518,50,572.454942
-9.019703,50,572.507107
-12.025212,50,572.560144
-5.378669,50,572.615057
-13.926142,50,572.678195
-9.819495,50,572.730887
-7.723398,50,572.785311
-6.111011,50,572.8412
-11.756015,50,572.890192
-9.919836,50,572.934334
-13.409366,50,572.990666
-13.834597,50,573.037819
-10.471551,50,573.097139
-6.859218,50,573.142358
-13.151701,50,573.199244
-8.85055,50,573.259146
-14.07343,50,573.318327
-8.54143,50,573.837867
-13.241581,50,573.89786
-17.885958,50,573.954302
-18.004396,50,574.01009
-7.39264,50,574.061793
-17.898672,50,574.110434
-8.603913,50,574.161657
-8.274692,50,574.219888
-10.096515,50,574.289752
-6.594803,50,574.353397
-10.803529,50,574.414693
-12.310496,50,574.47515
-7.490953,50,574.539014
-11.355343,50,574.599837
-10.144047,50,574.662822
-11.893566,50,574.720592
-19.763336,50,574.772057
-14.663637,50,574.835284
-12.045212,50,574.894087
-9.797999,50,574.93149
-9.122708,50,574.982448
-19.455229,50,575.030762
-20.150509,50,575.085427
-12.849934,50,575.138935
-6.387429,50,575.196241
-7.61104,50,575.248684
-14.74208,50,575.296422
-8.88962,50,575.343743
-13.181982,50,575.393974
-7.027815,50,575.440441
-10.562785,50,575.492705
-17.768102,50,575.552434
-12.016528,50,575.599262
-11.774571,50,575.643207
-12.47229,50,575.702274
-8.579524,50,575.761419
-18.828335,50,575.816606
-16.228386,50,575.857998
-16.208508,50,575.905884
-7.000643,50,575.948023
-7.206032,50,575.990538
-12.487392,50,576.48537
-9.596768,50,576.550629
-9.142892,50,576.610344
-7.52794,50,576.666426
-9.031863,50,576.717218
-7.313746,50,576.75934
-12.191629,50,576.818396
-12.323057,50,576.860776
-15.815024,50,576.903367
-10.213796,50,576.94775
-9.902416,50,577.004864
-6.558171,50,577.044214
-18.314312,50,577.095999
-13.812213,50,577.149163
-17.345419,50,577.199712
-19.337775,50,577.254642
-10.695635,50,577.299701
-10.073105,50,577.35053
-9.849079,50,577.396785
-18.918563,50,577.440825
-11.904205,50,577.489894
-7.779021,50,577.545269
-8.366313,50,577.602182
-11.901882,50,577.659382
-14.55616,50,577.709679
-7.997469,50,577.76077
-10.078451,50,577.807887
-10.810544,50,577.855098
-6.073766,50,577.909836
-9.788512,50,577.958055
-13.425813,50,578.020148
-19.574336,50,578.074145
-12.663097,50,578.12634
-6.00557,50,578.158962
-9.173233,50,578.199912
-13.941662,50,578.256871
-10.400379,50,578.304046
-11.422109,50,578.352935
-8.287721,50,578.405972
-9.787192,50,578.442393
-13.400251,50,578.479818
-16.996608,50,579.006166
-9.999266,50,579.059532
-18.526403,50,579.105409
-5.268451,50,579.15556
-8.956612,50,579.212797
-13.042786,50,579.275819
-12.473725,50,579.336905
-9.783148,50,579.388648
-11.034792,50,579.432224
-12.729047,50,579.493374
-11.576013,50,579.546515
-10.392924,50,579.601098
-8.242511,50,579.64401
-7.282993,50,579.682119
-11.865207,50,579.733563
-19.796657,50,579.786878
-11.15906,50,579.829425
-15.08216,50,579.878254
-7.273678,50,579.935985
-16.133083,50,579.994107
-10.77799,50,580.052117
-9.132746,50,580.122676
-12.678331,50,580.167759
-19.162793,50,580.204403
-10.116446,50,580.256931
-17.0836,50,580.305841
-8.618222,50,580.36007
-9.327976,50,580.404558
-9.710915,50,580.439966
-9.798866,50,580.478142
-10.124932,50,580.521113
-12.015133,50,580.565301
-7.179701,50,580.631368
-15.418742,50,580.688733
-10.342565,50,580.744757
-7.814241,50,580.794298
-17.666185,50,580.852694
-6.750735,50,580.903874
-17.338556,50,580.952712
-15.752122,50,580.997435
-15.697494,50,581.032595
-13.632695,50,581.530349
-7.594631,50,581.579974
-13.946244,50,581.642323
-4.958465,50,581.703043
-12.586791,50,581.770069
-6.320557,50,581.826479
-5.078808,50,581.887421
-14.897188,50,581.937217
-7.874699,50,581.991387
-9.343449,50,582.03303
-6.742565,50,582.079413
-13.412001,50,582.112749
-14.499191,50,582.15828
-8.707033,50,582.21676
-16.320944,50,582.267491
-11.175219,50,582.335476
-6.877171,50,582.390202
-14.087717,50,582.451724
-8.851479,50,582.496435
-9.578446,50,582.558346
-16.234977,50,582.619686
-18.74603,50,582.680693
-9.136245,50,582.73921
-7.973952,50,582.788783
-17.428612,50,582.850074
-15.388871,50,582.903312
-6.107465,50,582.959182
-17.919237,50,583.003151
-7.507538,50,583.054092
-6.172007,50,583.099967
-8.20381,50,583.135799
-8.857519,50,583.171174
-8.688759,50,583.211177
-11.773722,50,583.258776
-18.533174,50,583.319435
-8.728628,50,583.366894
-8.639041,50,583.425739
-14.085093,50,583.461241
-9.873083,50,583.506241
-7.46976,50,583.563525
-17.40196,50,583.617599
-13.290658,50,584.119375
-18.929783,50,584.170051
-8.659925,50,584.212552
-18.845729,50,584.257821
-9.616204,50,584.308527
-10.154986,50,584.357198
-19.259185,50,584.398798
-10.038629,50,584.447256
-7.142094,50,584.49544
-13.758526,50,584.551467
-12.93535,50,584.60597
-15.29359,50,584.659023
-13.911616,50,584.718861
-10.301864,50,584.767322
-14.167987,50,584.817806
-9.421844,50,584.860813
-14.025027,50,584.917516
-8.817032,50,584.960656
-18.357189,50,585.02606
-14.106087,50,585.071654
-8.279294,50,585.1231
-12.889867,50,585.169593
-9.940678,50,585.214588
-11.41362,50,585.263122
-6.775352,50,585.3094
-5.306782,50,585.359705
-17.566644,50,585.416478
-10.03537,50,585.462609
-6.663332,50,585.510173
-15.045491,50,585.5563
-13.188382,50,585.616513
-8.221362,50,585.677898
-16.181355,50,585.733449
-17.427772,50,585.775283
-14.948141,50,585.814293
-7.492645,50,585.850886
-13.369738,50,585.899852
-10.854255,50,585.956663
-9.213482,50,586.007004
-8.51708,50,586.06209
-9.434604,50,586.094328
-7.206496,50,586.551047
-8.880709,50,586.612427
-8.614203,50,586.659826
-17.928502,50,586.70269
-9.857637,50,586.756812
-12.019173,50,586.798254
-9.384415,50,586.853868
-8.603643,50,586.900551
-6.494996,50,586.946692
-8.079227,50,586.989747
-10.449182,50,587.035013
-11.901611,50,587.093752
-16.700193,50,587.134352
-12.943878,50,587.189984
-12.155105,50,587.234806
-19.868878,50,587.280551
-8.743108,50,587.32592
-10.834282,50,587.370613
-7.038527,50,587.415055
-16.595754,50,587.461963
-5.924061,50,587.500218
-8.291592,50,587.548831
-5.440272,50,587.606739
-6.521031,50,587.664686
-11.64314,50,587.722977
-11.299696,50,587.774285
-9.33806,50,587.82028
-17.072827,50,587.877465
-14.845037,50,587.930114
-6.21489,50,587.965792
-5.028802,50,588.012886
-8.481534,50,588.048794
-16.343151,50,588.080702
-15.58142,50,588.114721
-8.044762,50,588.154425
-19.133148,50,588.211275
-9.745157,50,588.24702
-15.115601,50,588.287416
-17.344301,50,588.323805
-8.652688,50,588.375597
-15.865023,50,588.429396
-16.35896,50,588.915868
-7.777865,50,588.976435
-13.880178,50,589.031537
-19.661834,50,589.087727
-11.982602,50,589.148857
-8.123146,50,589.203786
-8.805656,50,589.260854
-12.902065,50,589.314198
-12.785946,50,589.371697
-15.722308,50,589.411484
-7.307495,50,589.466542
-8.827668,50,589.511648
-8.161489,50,589.559131
-12.707908,50,589.607456
-8.956683,50,589.6564
-9.194268,50,589.70022
-10.089925,50,589.738583
-16.854681,50,589.786988
-9.095962,50,589.840532
-16.850673,50,589.890345
-5.406461,50,589.947196
-7.848517,50,590.000598
-9.025042,50,590.059257
-9.906138,50,590.113511
-4.21142,50,590.163886
-18.272356,50,590.221264
-7.598077,50,590.277888
-12.74557,50,590.334053
-15.037346,50,590.379397
-10.434,50,590.427481
-9.836751,50,590.464224
-10.085161,50,590.518307
-10.005583,50,590.581428
-10.839951,50,590.625062
-15.607536,50,590.668664
-16.438889,50,590.714167
-12.935398,50,590.769052
-10.357785,50,590.819817
-12.717872,50,590.8761
-10.289754,50,590.932615
-5.80894,50,590.983856
-8.625155,50,591.48486
-9.398953,50,591.538866
-12.129565,50,591.580945
-6.750256,50,591.63073
-4.987414,50,591.675281
-6.883706,50,591.718483
-7.19278,50,591.76778
-9.928379,50,591.820007
-17.659477,50,591.858835
-10.013981,50,591.906176
-8.877222,50,591.969314
-7.280776,50,592.025029
-13.940946,50,592.085951
-7.516579,50,592.141658
-6.940346,50,592.203639
-18.10062,50,592.251448
-13.258009,50,592.298851
-16.07232,50,592.351888
-6.160331,50,592.402544
-8.113281,50,592.455808
-17.193431,50,592.508485
-13.699016,50,592.555001
-14.93351,50,592.591918
-9.146281,50,592.646305
-6.784549,50,592.695962
-17.669249,50,592.755106
-11.791653,50,592.809497
-4.999531,50,592.850478
-16.885536,50,592.885522
-10.478154,50,592.944867
-9.726322,50,593.000751
-8.590305,50,593.058546
-14.167838,50,593.106934
-11.883165,50,593.159929
-12.74013,50,593.21231
-11.391122,50,593.267946
-17.12275,50,593.31112
-18.592911,50,593.367191
-7.797296,50,593.424248
-10.735656,50,593.47365
-18.28567,50,593.5249
-8.801707,50,594.027322
-7.587421,50,594.08457
-12.432051,50,594.138562
-8.693491,50,594.196072
-9.048078,50,594.248494
-13.148055,50,594.3018
-6.004376,50,594.351
-9.141332,50,594.40414
-14.773521,50,594.453405
-11.009021,50,594.50114
-18.65898,50,594.553611
-15.081439,50,594.598307
-16.424576,50,594.652719
-10.904267,50,594.697888
-8.52097,50,594.744693
-8.63374,50,594.793426
-12.071616,50,594.851974
-12.359519,50,594.892582
-11.463232,50,594.941363
-18.46501,50,594.994349
-11.664557,50,595.051332
-11.13451,50,595.112561
-6.62669,50,595.173473
-5.951544,50,595.231303
-11.934488,50,595.291299
-17.890236,50,595.348838
-14.658246,50,595.408074
-8.654681,50,595.46573
-9.057772,50,595.519818
-19.825202,50,595.582073
-5.647916,50,595.637667
-6.456208,50,595.698763
-10.361063,50,595.751928
-15.896016,50,595.80775
-7.760184,50,595.860821
-14.661901,50,595.918278
-12.196663,50,595.969754
-18.559491,50,596.033679
-7.49142,50,596.094614
-9.795355,50,596.15558
-10.999213,50,596.21112
-7.100186,50,596.72344
-16.76442,50,596.787125
-12.42112,50,596.844203
-17.438601,50,596.8973
-9.018694,50,596.95271
-12.680106,50,597.004529
-5.07819,50,597.062054
-14.65812,50,597.117084
-16.043681,50,597.182718
-17.871436,50,597.242434
-17.095132,50,597.302072
-8.854843,50,597.354591
-9.265682,50,597.406042
-8.995544,50,597.460961
-12.372207,50,597.515275
-12.899251,50,597.57588
-4.636633,50,597.620261
-11.454738,50,597.672612
-8.251324,50,597.737255
-7.255317,50,597.784075
-8.585885,50,597.825041
-6.671314,50,597.891524
-9.390129,50,597.94485
-9.396334,50,597.994269
-10.404658,50,598.046666
-15.548289,50,598.115248
-12.981995,50,598.163854
-12.19001,50,598.218221
-6.27191,50,598.27076
-13.307864,50,598.315432
-8.274135,50,598.36215
-8.620212,50,598.417577
-7.945704,50,598.47634
-9.293181,50,598.525976
-8.754357,50,598.579845
-8.240246,50,598.640182
-6.831563,50,598.695845
-14.11905,50,598.735674
-7.119944,50,598.789654
-7.702197,50,598.843368
-6.781056,50,598.889301
-11.255698,50,599.386891
-9.330613,50,599.445222
-17.169205,50,599.505944
-6.957055,50,599.569332
-7.289785,50,599.627705
-15.494733,50,599.691754
-12.985674,50,599.746722
-7.793915,50,599.810349
-15.348239,50,599.861146
-15.452159,50,599.919329
-13.070352,50,599.962976
-7.222607,50,600.019511
-10.670476,50,600.071604
-12.664984,50,600.124083
-10.338365,50,600.173514
-6.61708,50,600.230088
-11.382105,50,600.286182
-9.397163,50,600.326037
-5.125034,50,600.362645
-13.335163,50,600.418768
-15.77384,50,600.463609
-5.277348,50,600.515321
-4.287247,50,600.56615
-10.559965,50,600.628679
-11.594027,50,600.677885
-6.391478,50,600.735431
-6.596204,50,600.788246
-12.370957,50,600.858001
-13.170525,50,600.911817
-8.657879,50,600.961305
-18.347102,50,601.012156
-16.23479,50,601.058507
-9.751149,50,601.118444
-19.742963,50,601.165245
-7.471899,50,601.213267
-11.556368,50,601.250458
-8.220598,50,601.297543
-11.894089,50,601.346109
-7.221516,50,601.409527
-4.802653,50,601.4609
-14.271826,50,601.514215
-9.312313,50,601.988474
-5.693789,50,602.02715
-9.475395,50,602.0746
-4.986312,50,602.116563
-14.750122,50,602.165034
-12.661145,50,602.222793
-7.531845,50,602.264424
-15.477851,50,602.321671
-6.755335,50,602.381347
-18.860542,50,602.433812
-8.315975,50,602.488827
-11.026762,50,602.534061
-10.292686,50,602.583928
-7.729508,50,602.627821
-8.145504,50,602.670893
-15.256715,50,602.725565
-13.282245,50,602.781665
-9.449849,50,602.834777
-7.043871,50,602.866396
-8.474561,50,602.901923
-8.284689,50,602.940487
-10.442181,50,602.989223
-8.90447,50,603.038791
-14.657529,50,603.086056
-11.992994,50,603.131876
-10.592323,50,603.198697
-7.254658,50,603.252439
-9.66433,50,603.295227
-15.162478,50,603.35384
-8.188451,50,603.410652
-15.35464,50,603.463617
-5.801738,50,603.519294
-8.213224,50,603.572419
-15.157229,50,603.626271
-14.531319,50,603.671427
-4.618467,50,603.714123
-9.082284,50,603.765971
-9.118923,50,603.81766
-18.467273,50,603.852908
-10.67001,50,603.888819
-11.751681,50,603.937227
-8.328912,50,604.408463
-8.985874,50,604.465619
-8.287101,50,604.522099
-11.183328,50,604.584695
-7.564536,50,604.644855
-8.123814,50,604.682512
-8.766231,50,604.740392
-13.075413,50,604.789892
-7.565141,50,604.847184
-16.565271,50,604.898491
-8.606295,50,604.941808
-18.592024,50,605.000046
-7.224623,50,605.05056
-7.141274,50,605.102931
-9.572583,50,605.14554
-17.162139,50,605.199394
-6.622588,50,605.258655
-17.533533,50,605.298086
-15.911789,50,605.343884
-8.287955,50,605.404486
-11.3009,50,605.453108
-8.980881,50,605.513812
-9.394882,50,605.572588
-8.47652,50,605.630746
-12.781221,50,605.686537
-7.903625,50,605.750962
-4.91894,50,605.788894
-11.411133,50,605.827873
-7.957443,50,605.879652
-17.572815,50,605.916213
-13.041427,50,605.948706
-18.188761,50,605.982601
-6.935376,50,606.041072
-15.735397,50,606.095722
-16.123003,50,606.153843
-17.325432,50,606.198777
-7.489222,50,606.237174
-7.913406,50,606.272587
-8.809121,50,606.305275
-7.776629,50,606.346489
-6.999383,50,606.404505
-8.31798,50,606.874811
-16.849445,50,606.935073
-11.361471,50,606.994722
-8.827168,50,607.053468
-4.92347,50,607.11715
-14.328571,50,607.171637
-6.735473,50,607.231421
-12.277849,50,607.280648
-7.60557,50,607.336293
-6.94139,50,607.3977
-5.094725,50,607.459858
-13.704897,50,607.525727
-8.801512,50,607.577429
-16.39486,50,607.641994
-13.702316,50,607.703
-12.092865,50,607.768501
-8.468663,50,607.821699
-6.921264,50,607.881857
-9.128011,50,607.945635
-9.015386,50,608.010761
-6.738595,50,608.078476
-10.44971,50,608.145188
-7.543351,50,608.207593
-8.539066,50,608.268734
-7.130174,50,608.32534
-13.79486,50,608.38486
-8.794702,50,608.440723
-19.903572,50,608.50962
-16.093274,50,608.576034
-7.754353,50,608.634747
-7.730002,50,608.684971
-13.40844,50,608.739252
-10.68223,50,608.798177
-6.30399,50,608.838084
-9.378347,50,608.884631
-8.077658,50,608.937719
-5.554638,50,608.989148
-11.99284,50,609.04537
-10.898656,50,609.099311
-12.799921,50,609.166968
-9.733774,50,609.230886
-6.552891,50,609.733802
-9.605752,50,609.787462
-13.634561,50,609.833151
-14.016421,50,609.889955
-6.154243,50,609.936051
-5.539517,50,609.989236
-7.095289,50,610.048068
-17.720964,50,610.107288
-11.505474,50,610.167953
-10.194785,50,610.220733
-9.217243,50,610.254771
-13.829815,50,610.315133
-15.603296,50,610.36925
-15.562076,50,610.42957
-10.681249,50,610.494459
-16.010895,50,610.542636
-19.265628,50,610.576816
-7.854293,50,610.62753
-9.256555,50,610.688642
-15.559286,50,610.750296
-8.982771,50,610.812251
-7.423426,50,610.859579
-17.669689,50,610.908794
-7.504978,50,610.954277
-17.351897,50,610.996922
-16.007863,50,611.038303
-5.819989,50,611.076032
-19.484057,50,611.118735
-8.885203,50,611.163175
-14.801681,50,611.207335
-19.299419,50,611.245311
-10.820273,50,611.307009
-10.102906,50,611.358931
-9.833594,50,611.413646
-9.172939,50,611.468655
-10.27329,50,611.516768
-10.066196,50,611.553871
-19.046626,50,611.590258
-17.806949,50,611.632047
-12.739293,50,611.680799
-13.509067,50,611.735289
-12.338018,50,612.220465
-6.518638,50,612.276172
-8.986741,50,612.33154
-12.469848,50,612.387181
-12.450445,50,612.437683
-13.39842,50,612.488885
-17.804273,50,612.535203
-18.423029,50,612.576459
-14.185601,50,612.62957
-13.6764,50,612.678816
-17.639583,50,612.722323
-13.964515,50,612.772262
-9.529353,50,612.826796
-7.377388,50,612.878062
-14.186253,50,612.937746
-10.3167,50,612.983801
-18.436663,50,613.041141
-7.922104,50,613.100517
-7.418469,50,613.136924
-12.93362,50,613.200503
-13.485544,50,613.252686
-4.782244,50,613.298413
-15.408198,50,613.336013
-18.963502,50,613.387228
-15.736601,50,613.440508
-6.350171,50,613.483787
-7.49806,50,613.525399
-9.567132,50,613.576893
-6.827248,50,613.624443
-10.697664,50,613.678087
-10.398921,50,613.730924
-8.046141,50,613.77378
-14.105222,50,613.818827
-16.447697,50,613.864282
-11.742811,50,613.903215
-13.409765,50,613.947889
-17.632402,50,614.001642
-11.543026,50,614.04866
-13.473836,50,614.089562
-5.159957,50,614.13555
-10.295581,50,614.17757
-9.076642,50,614.63581
-8.740912,50,614.692682
-6.830648,50,614.733055
-9.873178,50,614.793805
-9.538122,50,614.838004
-13.111943,50,614.899331
-15.738609,50,614.959651
-15.155381,50,615.014035
-13.382644,50,615.072796
-16.399994,50,615.130579
-5.258323,50,615.191893
-14.225391,50,615.234261
-5.875263,50,615.266026
-8.593348,50,615.308807
-17.298858,50,615.351943
-17.096213,50,615.409957
-4.768469,50,615.448544
-12.753111,50,615.494993
-8.154227,50,615.544885
-13.376874,50,615.601332
-8.431041,50,615.652246
-11.203273,50,615.70487
-6.271253,50,615.756482
-11.841784,50,615.81237
-6.837804,50,615.86873
-8.051152,50,615.924789
-8.840066,50,615.988686
-15.135684,50,616.045951
-8.433641,50,616.088217
-12.704647,50,616.136896
-16.788468,50,616.200561
-8.110771,50,616.2527
-9.958592,50,616.295731
-8.376018,50,616.343082
-7.837939,50,616.386236
-18.201444,50,616.436814
-12.055421,50,616.488973
-6.414981,50,616.539139
-9.971811,50,616.593468
-16.052134,50,616.656845
-14.554642,50,616.692189
-7.05008,50,617.157462
-9.207923,50,617.214192
-5.129305,50,617.274772
-16.04495,50,617.331005
-6.982169,50,617.385789
-13.846738,50,617.436612
-8.166824,50,617.473264
-6.849604,50,617.514913
-16.210092,50,617.554686
-7.073357,50,617.603117
-14.185645,50,617.638687
-16.542073,50,617.703119
-10.229012,50,617.760283
-9.028364,50,617.802634
-19.053828,50,617.841462
-16.346853,50,617.890548
-13.422745,50,617.950797
-12.950365,50,617.992129
-9.824037,50,618.047348
-5.626525,50,618.089785
-8.689329,50,618.15239
-6.756794,50,618.21875
-16.857903,50,618.27762
-12.420664,50,618.341625
-12.301066,50,618.394644
-7.843948,50,618.445297
-6.843575,50,618.506563
-6.808494,50,618.551084
-10.720878,50,618.583628
-18.132105,50,618.631182
-8.545599,50,618.684595
-17.626605,50,618.73639
-15.898986,50,618.783487
-8.326693,50,618.843532
-16.142065,50,618.88275
-18.693058,50,618.944881
-5.933997,50,618.997381
-14.585157,50,619.056887
-17.201341,50,619.11235
-15.761235,50,619.162211
-8.601742,50,619.220383
-14.658114,50,619.71838
-12.391296,50,619.775535
-14.526268,50,619.833179
-7.988298,50,619.887493
-8.202661,50,619.937313
-5.784072,50,619.997379
-9.227639,50,620.03207
-15.935998,50,620.080972
-8.894592,50,620.129644
-7.813053,50,620.191505
-7.900897,50,620.246727
-13.083829,50,620.300609
-9.12797,50,620.356283
-15.090264,50,620.409054
-6.434519,50,620.467685
-12.851879,50,620.517475
-9.511123,50,620.573653
-9.861272,50,620.613637
-6.933948,50,620.655635
-12.918532,50,620.706884
-17.814392,50,620.740204
-9.400085,50,620.797533
-14.434031,50,620.840752
-8.390349,50,620.881131
-6.566915,50,620.927002
-13.921227,50,620.967329
-10.326761,50,621.013934
-18.122009,50,621.067531
-13.372471,50,621.114919
-16.878019,50,621.17898
-13.929789,50,621.232048
-7.568285,50,621.271709
-7.843691,50,621.308693
-14.726339,50,621.344136
-8.879918,50,621.376896
-7.459783,50,621.409389
-7.000398,50,621.454645
-7.60613,50,621.490798
-8.997925,50,621.53959
-9.066401,50,621.587221
-9.853684,50,621.638921
-8.833617,50,622.091303
-8.583251,50,622.140111
-8.088517,50,622.20521
-7.193872,50,622.264761
-9.859192,50,622.313654
-7.898731,50,622.351824
-8.028439,50,622.396306
-8.834391,50,622.441104
-8.070561,50,622.490855
-11.109255,50,622.529427
-15.661696,50,622.578498
-6.248409,50,622.626599
-15.743099,50,622.68083
-8.988163,50,622.731932
-6.969571,50,622.779197
-13.601087,50,622.823491
-8.110054,50,622.85472
-6.91628,50,622.909828
-13.023729,50,622.962233
-15.068783,50,623.015708
-7.900646,50,623.064571
-8.856778,50,623.113623
-13.098107,50,623.164656
-13.39379,50,623.22193
-18.187525,50,623.280725
-7.142461,50,623.333194
-14.239437,50,623.392823
-14.61507,50,623.428552
-7.312804,50,623.479846
-8.39183,50,623.513384
-8.901292,50,623.54682
-14.869856,50,623.581672
-13.694977,50,623.615286
-9.658849,50,623.648991
-8.143888,50,623.682129
-12.651929,50,623.715076
-7.400812,50,623.747677
-7.580078,50,623.780553
-13.174062,50,623.836138
-13.56635,50,623.884824
-8.209686,50,623.942667
-16.23088,50,624.449686
-7.880609,50,624.509652
-10.224613,50,624.564042
-16.343556,50,624.617875
-17.473517,50,624.674456
-10.955261,50,624.724904
-7.758929,50,624.763299
-18.201925,50,624.814929
-13.040111,50,624.849079
-15.027557,50,624.885261
-15.941959,50,624.924494
-8.623894,50,624.98281
-6.291219,50,625.024963
-18.40578,50,625.07973
-9.654994,50,625.134692
-9.221877,50,625.196591
-9.364753,50,625.261144
-11.429791,50,625.326349
-12.205796,50,625.383333
-7.557744,50,625.445313
-10.680608,50,625.509491
-11.055503,50,625.57514
-17.410152,50,625.628725
-18.244707,50,625.684696
-6.286517,50,625.748693
-5.420274,50,625.808674
-9.685681,50,625.867336
-14.588552,50,625.929842
-19.092941,50,625.976546
-8.448764,50,626.028692
-6.800954,50,626.090992
-16.405912,50,626.144792
-8.702066,50,626.203511
-16.952306,50,626.253048
-6.424544,50,626.290948
-7.160423,50,626.335608
-5.773102,50,626.373606
-11.273102,50,626.431805
-15.778595,50,626.487015
-15.696392,50,626.53807
-9.789858,50,626.585198
-8.140597,50,627.140588
-6.883936,50,627.202804
-11.567736,50,627.258158
-13.279623,50,627.299707
-17.326924,50,627.337273
-7.952195,50,627.375853
-17.786923,50,627.416634
-9.287235,50,627.479134
-5.948323,50,627.536344
-13.848811,50,627.591184
-14.401065,50,627.648401
-9.887314,50,627.707597
-10.162295,50,627.768361
-10.709141,50,627.816782
-12.000076,50,627.853322
-9.213025,50,627.895591
-9.310257,50,627.928333
-12.169856,50,627.972763
-19.693321,50,628.017547
-15.075012,50,628.080623
-7.821805,50,628.130388
-4.865942,50,628.193952
-9.257589,50,628.253592
-7.00009,50,628.30311
-6.603719,50,628.355798
-7.784563,50,628.390946
-13.623471,50,628.451231
-6.813506,50,628.507559
-7.195059,50,628.574827
-8.01284,50,628.634378
-7.399006,50,628.702125
-7.095451,50,628.76555
-11.602548,50,628.826316
-9.128882,50,628.88384
-8.702546,50,628.945915
-13.021466,50,628.998604
-8.406086,50,629.062689
-11.265849,50,629.117695
-9.240692,50,629.178816
-8.74517,50,629.242718
-9.659443,50,629.300192
-8.149851,50,629.819306
-8.167236,50,629.877756
-12.462364,50,629.932586
-6.241917,50,629.997291
-16.373661,50,630.06322
-16.223842,50,630.118936
-11.517233,50,630.177366
-18.087734,50,630.241571
-9.912612,50,630.299445
-5.15572,50,630.356311
-5.459788,50,630.414414
-8.678049,50,630.482872
-4.986787,50,630.547842
-7.55396,50,630.613476
-7.856534,50,630.673966
-8.519031,50,630.737782
-9.033261,50,630.784151
-9.415186,50,630.850801
-18.803258,50,630.903986
-8.907454,50,630.956233
-6.729739,50,631.010346
-6.082341,50,631.065303
-7.722943,50,631.115444
-6.364768,50,631.167935
-7.848912,50,631.204559
-18.825304,50,631.256339
-11.21687,50,631.296156
-16.099749,50,631.355785
-6.109628,50,631.404052
-15.561865,50,631.448546
-12.049636,50,631.503978
-6.170505,50,631.559028
-5.436656,50,631.601667
-14.015686,50,631.636389
-11.580243,50,631.670951
-9.306537,50,631.716878
-13.221704,50,631.768364
-8.309364,50,631.821307
-8.573967,50,631.864479
-16.203106,50,631.909371
-12.557843,50,631.956624
-8.483438,50,632.482902
-9.089229,50,632.531246
-6.551981,50,632.588185
-17.316354,50,632.640441
-11.398588,50,632.691049
-14.308169,50,632.750812
-7.536793,50,632.796981
-17.804093,50,632.85619
-9.286286,50,632.921909
-12.314545,50,632.984322
-9.261159,50,633.050281
-13.332193,50,633.110978
-9.111092,50,633.171213
-8.761462,50,633.233466
-10.399684,50,633.297219
-8.650332,50,633.350124
-14.578999,50,633.399273
-16.957033,50,633.450946
-7.575054,50,633.518462
-9.015229,50,633.574838
-12.15504,50,633.62441
-7.984243,50,633.687542
-6.783951,50,633.736279
-7.898543,50,633.77113
-16.838953,50,633.819733
-8.637206,50,633.871039
-19.249936,50,633.937196
-13.146178,50,634.003117
-12.926648,50,634.066197
-15.289618,50,634.12759
-13.017025,50,634.186385
-15.068565,50,634.248141
-13.541124,50,634.31671
-9.071423,50,634.384067
-11.840281,50,634.437105
-7.647956,50,634.479424
-10.780411,50,634.533519
-9.077739,50,634.577085
-7.115754,50,634.619307
-15.126021,50,634.670005
-10.223118,50,635.174514
-7.826113,50,635.233673
-12.694787,50,635.290746
-12.921641,50,635.351409
-14.107719,50,635.407585
-10.88459,50,635.475519
-13.847236,50,635.525006
-12.729316,50,635.585107
-4.732632,50,635.634835
-13.679699,50,635.684037
-9.987687,50,635.726202
-16.273816,50,635.769326
-6.954818,50,635.814596
-11.266877,50,635.856186
-13.282119,50,635.902683
-17.629784,50,635.945801
-14.832034,50,635.988772
-14.07073,50,636.040407
-19.312162,50,636.101063
-8.013433,50,636.155513
-12.628552,50,636.215905
-7.765087,50,636.273197
-10.999614,50,636.320344
-4.862017,50,636.37956
-15.618935,50,636.435038
-6.48429,50,636.493064
-13.749227,50,636.554564
-16.980036,50,636.614874
-10.865889,50,636.669161
-14.423608,50,636.731851
-16.971493,50,636.772058
-15.493832,50,636.828599
-13.506186,50,636.866673
-11.228529,50,636.919387
-13.813769,50,636.964799
-8.43447,50,637.022407
-15.811962,50,637.06146
-5.49511,50,637.128395
-8.597726,50,637.178478
-8.599861,50,637.241664
-12.424587,50,637.295375
-11.873321,50,637.806684
-6.91971,50,637.868686
-8.648469,50,637.929181
-7.136715,50,637.993921
-6.726854,50,638.051079
-17.068403,50,638.11253
-5.04321,50,638.17649
-9.04827,50,638.236581
-15.189828,50,638.298637
-8.229426,50,638.353109
-15.023797,50,638.407861
-17.400253,50,638.462477
-9.844501,50,638.519879
-7.535279,50,638.581807
-14.717748,50,638.651074
-14.063854,50,638.707152
-7.337468,50,638.764458
-15.867866,50,638.802645
-6.136049,50,638.845345
-7.718622,50,638.906521
-13.560033,50,638.974319
-14.11701,50,639.0267
-14.605129,50,639.084011
-17.779393,50,639.13719
-7.423669,50,639.193636
-8.064796,50,639.247244
-6.620512,50,639.307466
-7.235626,50,639.360697
-10.486403,50,639.419338
-8.469777,50,639.48225
-9.702125,50,639.541394
-10.387699,50,639.600502
-15.475285,50,639.657757
-7.344797,50,639.712501
-5.899716,50,639.762079
-9.371289,50,639.806751
-11.007553,50,639.857241
-14.906057,50,639.905633
-17.833797,50,639.966227
-11.420705,50,640.018042
-7.041205,50,640.079202
-14.398137,50,640.62583
-14.711996,50,640.687946
-8.963855,50,640.745314
-17.171099,50,640.811287
-8.65461,50,640.872121
-12.863732,50,640.93235
-6.879185,50,640.988868
-10.998104,50,641.040603
-9.634441,50,641.079167
-8.327054,50,641.130804
-16.840747,50,641.180868
-13.376695,50,641.228178
-7.027328,50,641.285272
-17.306175,50,641.32837
-17.691827,50,641.369956
-14.304772,50,641.410872
-10.461647,50,641.458767
-15.470112,50,641.500894
-6.824703,50,641.559863
-5.018239,50,641.607267
-16.234206,50,641.671627
-13.292557,50,641.725907
-10.088943,50,641.785494
-10.260412,50,641.841514
-7.921657,50,641.898868
-7.829349,50,641.953903
-15.710667,50,642.017725
-6.915924,50,642.068122
-13.766663,50,642.118064
-16.240965,50,642.179399
-13.353818,50,642.227417
-11.594954,50,642.280109
-15.124478,50,642.325528
-11.863239,50,642.387396
-10.311446,50,642.447021
-15.224976,50,642.486162
-6.416402,50,642.541412
-4.167191,50,642.589627
-9.47435,50,642.648544
-15.534447,50,642.702796
-11.279044,50,642.761189
-7.859301,50,643.259569
-5.190561,50,643.314186
-6.085962,50,643.361748
-7.336465,50,643.420226
-7.390331,50,643.478024
-8.859751,50,643.534409
-7.549147,50,643.587725
-15.988993,50,643.64427
-17.496935,50,643.711782
-18.331509,50,643.775672
-19.054011,50,643.837766
-15.308583,50,643.894676
-9.439124,50,643.956046
-7.190133,50,644.01616
-12.92046,50,644.079889
-8.355324,50,644.132947
-15.021036,50,644.180628
-17.694904,50,644.238607
-11.193859,50,644.276304
-8.693761,50,644.340195
-13.746825,50,644.390197
-10.54055,50,644.442894
-11.960619,50,644.489886
-10.838051,50,644.533547
-5.934317,50,644.572882
-7.792358,50,644.614837
-13.536673,50,644.652086
-12.95236,50,644.696626
-19.350431,50,644.753056
-12.100001,50,644.79699
-6.698868,50,644.842909
-11.25675,50,644.897028
-11.977103,50,644.946545
-5.117832,50,645.005599
-6.093118,50,645.058759
-18.087487,50,645.115999
-15.662155,50,645.172553
-6.780505,50,645.230685
-13.440722,50,645.268002
-7.536634,50,645.329561
-7.921709,50,645.381905
-9.387637,50,645.854075
-14.621071,50,645.907984
-11.282774,50,645.966573
-9.214995,50,646.021363
-5.99584,50,646.069919
-8.404404,50,646.105937
-4.556927,50,646.150402
-9.548591,50,646.206542
-6.320888,50,646.24971
-8.995338,50,646.296011
-6.840454,50,646.340574
-18.349762,50,646.386209
-16.100611,50,646.441874
-9.036659,50,646.488205
-7.213256,50,646.536054
-10.599846,50,646.57299
-17.460968,50,646.617127
-8.332489,50,646.655381
-8.076151,50,646.696696
-19.285661,50,646.731808
-6.381567,50,646.766658
-9.903753,50,646.806459
-6.803042,50,646.845628
-6.853547,50,646.905751
-17.134422,50,646.966192
-17.693544,50,647.022619
-18.676602,50,647.064701
-9.725525,50,647.120262
-9.643637,50,647.177121
-7.862735,50,647.232445
-14.446971,50,647.284057
-7.10069,50,647.343313
-15.097472,50,647.399483
-13.940826,50,647.459097
-19.383085,50,647.500131
-9.889808,50,647.558846
-4.821533,50,647.614692
-12.505634,50,647.660312
-8.054341,50,647.709612
-14.258152,50,647.75726
-12.040096,50,647.796558
-13.887289,50,648.266279
-5.19656,50,648.320507
-7.380413,50,648.384737
-5.479161,50,648.445364
-7.974645,50,648.506195
-14.131736,50,648.560341
-11.206352,50,648.621314
-8.39158,50,648.680716
-15.822712,50,648.732108
-9.260997,50,648.790153
-10.705849,50,648.8474
-13.605813,50,648.912273
-11.521157,50,648.976842
-9.043651,50,649.028153
-8.918597,50,649.07042
-13.133882,50,649.107906
-13.312005,50,649.15853
-10.622914,50,649.199145
-7.600827,50,649.237467
-14.908771,50,649.280046
-15.67044,50,649.336518
-9.165949,50,649.385428
-9.287134,50,649.441795
-9.993678,50,649.492954
-7.089401,50,649.553897
-10.014071,50,649.600984
-6.982932,50,649.652883
-15.445314,50,649.717037
-19.188711,50,649.778753
-8.239558,50,649.836664
-9.882714,50,649.894902
-6.288682,50,649.933501
-10.883481,50,649.989164
-9.407069,50,650.047611
-8.574653,50,650.09214
-5.507812,50,650.135379
-11.634068,50,650.177388
-10.366464,50,650.215811
-7.687336,50,650.270333
-6.489831,50,650.327789
-11.432388,50,650.387688
-5.226517,50,650.855787
-9.779246,50,650.912381
-5.664805,50,650.96614
-9.588285,50,651.025642
-12.370474,50,651.082144
-9.044139,50,651.131481
-9.786172,50,651.166944
-5.378108,50,651.202542
-9.826482,50,651.241948
-16.514153,50,651.296643
-8.875032,50,651.357538
-7.746384,50,651.406123
-5.690022,50,651.466867
-9.053918,50,651.520278
-9.423664,50,651.576766
-5.310117,50,651.631483
-15.941775,50,651.687498
-10.210077,50,651.74293
-9.259281,50,651.797326
-12.174788,50,651.831786
-5.20562,50,651.889675
-7.872147,50,651.935869
-9.424674,50,651.973629
-11.7024,50,652.013437
-6.639404,50,652.061949
-11.644941,50,652.116035
-14.130729,50,652.164373
-12.665586,50,652.216966
-11.060762,50,652.264113
-14.027613,50,652.324211
-14.528796,50,652.386311
-16.510375,50,652.438711
-11.651313,50,652.499547
-13.312911,50,652.553905
-8.709265,50,652.615188
-16.230497,50,652.667966
-8.188463,50,652.734676
-4.342732,50,652.792524
-4.364061,50,652.851151
-10.437138,50,652.89973
-14.69437,50,652.942155
-16.484732,50,653.42734
-15.662793,50,653.481627
-11.840562,50,653.545709
-15.775459,50,653.601432
-6.111521,50,653.662915
-7.504051,50,653.726629
-7.362931,50,653.780303
-11.044978,50,653.834483
-8.151575,50,653.878399
-7.620571,50,653.929662
-12.830545,50,653.976863
-8.603216,50,654.025679
-13.065033,50,654.070111
-6.404317,50,654.119901
-8.152638,50,654.165192
-17.867845,50,654.220518
-6.52455,50,654.265822
-13.210374,50,654.309749
-8.91792,50,654.367135
-4.89244,50,654.421743
-8.098663,50,654.475426
-13.502622,50,654.540053
-6.887448,50,654.598349
-13.051031,50,654.654585
-13.969756,50,654.71042
-8.427092,50,654.765691
-8.689314,50,654.830175
-9.712207,50,654.89414
-18.349643,50,654.946986
-5.362459,50,655.00531
-11.704936,50,655.063327
-14.636163,50,655.105157
-18.09987,50,655.151239
-9.849595,50,655.207446
-14.1172,50,655.26157
-12.294691,50,655.31829
-12.822222,50,655.374581
-15.234847,50,655.433774
-5.847568,50,655.490041
-8.730761,50,655.55127
-14.2248,50,655.61537
-12.8678,50,656.108834
-17.019238,50,656.165499
-13.79958,50,656.223716
-9.448987,50,656.279817
-9.472284,50,656.321932
-11.529613,50,656.354531
-15.213085,50,656.385938
-7.604175,50,656.443381
-6.666541,50,656.498388
-11.450873,50,656.55539
-13.634809,50,656.609998
-8.529895,50,656.662898
-13.501994,50,656.718949
-4.633085,50,656.770159
-5.664685,50,656.828999
-7.332682,50,656.885445
-14.846033,50,656.939497
-18.174285,50,656.992284
-5.743081,50,657.048729
-7.11823,50,657.099806
-16.08474,50,657.136656
-6.037252,50,657.185842
-6.507961,50,657.233226
-8.810621,50,657.282733
-17.762136,50,657.317808
-9.70359,50,657.376463
-15.304365,50,657.421218
-11.023752,50,657.475208
-11.284532,50,657.529007
-8.018762,50,657.585675
-9.022973,50,657.6386
-6.78795,50,657.692566
-6.889235,50,657.746002
-17.083262,50,657.792976
-17.044543,50,657.847611
-12.640136,50,657.896168
-8.994059,50,657.931665
-16.540003,50,657.977003
-4.404267,50,658.035045
-10.249028,50,658.074794
-6.777814,50,658.124027
-7.892127,50,658.614131
-5.436854,50,658.670203
-8.918048,50,658.724773
-8.518717,50,658.769178
-12.983946,50,658.82747
-17.86406,50,658.878902
-14.839934,50,658.934184
-7.204951,50,658.99222
-16.54021,50,659.048783
-9.177177,50,659.107621
-15.17719,50,659.159818
-18.351647,50,659.211207
-8.160179,50,659.266778
-10.22047,50,659.32073
-16.700704,50,659.372256
-7.241493,50,659.425219
-5.417891,50,659.474286
-16.486253,50,659.515236
-17.25344,50,659.564018
-13.885621,50,659.621996
-14.184647,50,659.677596
-10.208214,50,659.73898
-5.383701,50,659.799388
-16.442802,50,659.850896
-9.68026,50,659.905356
-4.937981,50,659.956798
-8.642733,50,660.013433
-16.988488,50,660.051933
-8.407643,50,660.087122
-15.87819,50,660.135195
-5.834304,50,660.176974
-11.178428,50,660.214529
-11.531382,50,660.257688
-14.061779,50,660.301868
-6.107237,50,660.337069
-15.442797,50,660.387968
-8.474695,50,660.427951
-9.272447,50,660.484496
-18.811252,50,660.532061
-4.083325,50,660.569983
-9.484502,50,660.622217
-11.497016,50,661.080695
-6.709541,50,661.13766
-7.877744,50,661.194474
-14.657281,50,661.244457
-19.31597,50,661.301098
-16.996885,50,661.348529
-15.205909,50,661.400041
-7.103359,50,661.454829
-7.792427,50,661.508054
-16.797543,50,661.551085
-12.504375,50,661.598136
-10.671899,50,661.650939
-16.236362,50,661.699295
-17.115663,50,661.753832
-14.501997,50,661.805036
-14.876098,50,661.861851
-5.572327,50,661.917242
-14.966311,50,661.968988
-7.081386,50,662.010215
-9.900801,50,662.051083
-17.400994,50,662.105738
-15.476362,50,662.150221
-15.345617,50,662.196087
-7.25821,50,662.235203
-18.11258,50,662.272784
-15.251991,50,662.320783
-9.144186,50,662.379523
-12.781957,50,662.429757
-5.468027,50,662.480599
-12.522821,50,662.528927
-8.10167,50,662.582602
-6.099947,50,662.634455
-17.833486,50,662.691554
-5.356375,50,662.748974
-5.712151,50,662.802473
-7.443664,50,662.856332
-17.500199,50,662.908284
-14.623525,50,662.975144
-16.051224,50,663.033701
-11.427734,50,663.083535
-9.200398,50,663.139763
-7.625755,50,663.58827
-10.629247,50,663.644863
-6.692613,50,663.703884
-12.860141,50,663.754526
-17.457061,50,663.813547
-10.314991,50,663.866263
-5.740113,50,663.92054
-8.148526,50,663.980812
-8.397351,50,664.035967
-10.471248,50,664.087507
-8.058677,50,664.13072
-9.984102,50,664.178767
-10.854083,50,664.228121
-7.320705,50,664.266719
-5.501384,50,664.317153
-8.478766,50,664.359623
-9.339054,50,664.402455
-10.037866,50,664.448434
-6.48489,50,664.482387
-9.000913,50,664.515376
-12.985801,50,664.549652
-9.020137,50,664.592213
-8.459154,50,664.641213
-14.916965,50,664.688193
-9.350088,50,664.724021
-7.002529,50,664.758814
-13.21564,50,664.799959
-14.504869,50,664.842558
-13.348092,50,664.875827
-15.397264,50,664.916895
-16.503977,50,664.972491
-5.322967,50,665.017785
-9.117581,50,665.068504
-12.415648,50,665.122904
-7.600778,50,665.173306
-6.306261,50,665.22948
-10.848119,50,665.287572
-7.616578,50,665.333324
-7.566078,50,665.375728
-10.834491,50,665.411479
-8.208683,50,665.458231
-7.279797,50,665.924663
-11.941535,50,665.985519
-16.166694,50,666.041101
-8.578348,50,666.093476
-6.326229,50,666.14953
-14.871184,50,666.214465
-8.366805,50,666.267796
-8.332977,50,666.328534
-12.739522,50,666.385368
-7.609951,50,666.441531
-9.858623,50,666.484634
-12.254168,50,666.533465
-6.473719,50,666.582999
-17.433249,50,666.631726
-7.771246,50,666.683119
-11.073108,50,666.720465
-14.707498,50,666.755875
-16.568251,50,666.804837
-6.039384,50,666.858163
-15.008336,50,666.907898
-6.694506,50,666.968061
-8.076004,50,667.022839
-10.292239,50,667.081489
-14.248315,50,667.139472
-8.587706,50,667.1956
-18.256303,50,667.248531
-7.5014,50,667.306099
-5.699804,50,667.365546
-7.527448,50,667.416167
-8.952494,50,667.468868
-5.080977,50,667.517462
-11.542223,50,667.561383
-14.513887,50,667.603212
-4.906862,50,667.648169
-6.057391,50,667.687647
-14.998166,50,667.737135
-14.19288,50,667.773582
-8.343021,50,667.826388
-11.057677,50,667.872521
-8.395476,50,667.928579
-10.360685,50,667.98626
-8.047915,50,668.476595
-9.864972,50,668.532664
-8.244118,50,668.587818
-12.867356,50,668.643361
-8.592386,50,668.701458
-15.924949,50,668.765195
-15.24109,50,668.801167
-7.859474,50,668.846837
-8.357904,50,668.898074
-7.972801,50,668.952665
-10.911189,50,669.008501
-6.899785,50,669.063452
-13.967267,50,669.121852
-16.780398,50,669.185349
-8.752696,50,669.241733
-16.516356,50,669.281849
-6.632987,50,669.322384
-10.079714,50,669.38051
-10.345162,50,669.418043
-14.176496,50,669.46972
-6.654134,50,669.502794
-8.959802,50,669.535801
-15.902963,50,669.569004
-10.692626,50,669.613611
-8.958024,50,669.649114
-14.127483,50,669.68474
-12.286756,50,669.734267
-11.321374,50,669.781191
-15.143605,50,669.819398
-8.385153,50,669.86724
-13.526701,50,669.904304
-4.922759,50,669.95878
-13.538839,50,670.005044
-14.641545,50,670.060866
-8.474628,50,670.100184
-6.196381,50,670.159829
-8.17684,50,670.215031
-7.6336,50,670.275044
-18.523064,50,670.331764
-15.196194,50,670.389003
-8.487252,50,670.442409
-11.404308,50,670.912112
-13.348964,50,670.95849
-18.842711,50,671.013522
-13.760103,50,671.064763
-6.229666,50,671.118346
-16.220546,50,671.17846
-7.351652,50,671.230971
-11.136307,50,671.284236
-9.414763,50,671.33846
-9.397281,50,671.393654
-5.540956,50,671.459649
-15.179485,50,671.517483
-12.507803,50,671.57749
-8.656974,50,671.630403
-5.268935,50,671.685791
-9.29326,50,671.745052
-7.841024,50,671.787039
-17.22346,50,671.84888
-14.24982,50,671.90186
-13.259345,50,671.956789
-11.916242,50,672.017097
-7.45611,50,672.073095
-15.120763,50,672.127714
-9.595843,50,672.180524
-6.735843,50,672.236131
-13.978082,50,672.297516
-13.801599,50,672.351172
-11.7433,50,672.410681
-13.955186,50,672.472138
-12.961036,50,672.528299
-11.552132,50,672.581601
-7.061373,50,672.634045
-15.119508,50,672.670648
-9.599504,50,672.723758
-6.563004,50,672.783099
-6.391619,50,672.83818
-15.815987,50,672.893834
-11.144342,50,672.942365
-14.569195,50,672.995461
-14.761285,50,673.056865
-14.994905,50,673.114315
-6.7686,50,673.585064
-10.815652,50,673.638149
-14.616796,50,673.691375
-6.576016,50,673.74609
-19.203154,50,673.794422
-9.140966,50,673.85386
-7.715541,50,673.890903
-16.029317,50,673.931859
-13.94182,50,673.987686
-13.448779,50,674.047427
-14.047263,50,674.111762
-5.922873,50,674.167529
-17.596545,50,674.233068
-8.608169,50,674.288042
-14.225238,50,674.33883
-15.414292,50,674.399595
-14.851568,50,674.461545
-17.576935,50,674.527766
-15.37803,50,674.585704
-10.553862,50,674.644398
-13.060245,50,674.681269
-8.1902,50,674.713492
-8.939869,50,674.77195
-18.020233,50,674.819647
-8.186773,50,674.871074
-18.936584,50,674.922521
-7.015892,50,674.981665
-17.285397,50,675.032285
-6.031873,50,675.087558
-18.394696,50,675.144525
-9.192702,50,675.195774
-12.250745,50,675.252651
-6.111921,50,675.307506
-13.52926,50,675.358339
-6.976128,50,675.411548
-9.443425,50,675.465612
-17.120877,50,675.51016
-7.560407,50,675.541461
-9.867444,50,675.585153
-15.972885,50,675.631058
-18.146933,50,675.677763
-10.665738,50,676.160299
-5.707013,50,676.221064
-9.026844,50,676.264208
-6.584669,50,676.321889
-10.557424,50,676.381146
-7.442598,50,676.432293
-9.852383,50,676.474226
-16.63196,50,676.513769
-14.504031,50,676.569125
-11.427326,50,676.616033
-16.562088,50,676.660762
-7.45082,50,676.708373
-17.487989,50,676.751265
-5.338396,50,676.806615
-15.064058,50,676.865256
-6.894011,50,676.916826
-7.243842,50,676.954745
-9.17111,50,677.002514
-10.114803,50,677.051853
-7.542543,50,677.09858
-12.137422,50,677.154615
-14.474408,50,677.209175
-7.259285,50,677.261736
-14.257238,50,677.320969
-8.732899,50,677.378952
-8.794451,50,677.43511
-6.166682,50,677.492293
-12.671707,50,677.551023
-18.350484,50,677.608816
-10.10345,50,677.66484
-7.888519,50,677.71252
-7.97448,50,677.764247
-11.532209,50,677.815672
-16.368036,50,677.862601
-16.99929,50,677.914063
-11.282423,50,677.968626
-15.252402,50,678.019334
-12.204171,50,678.05508
-16.778435,50,678.105691
-16.052688,50,678.164384
-9.197542,50,678.218902
-10.270199,50,678.677668
-10.673598,50,678.737958
-8.564134,50,678.793322
-14.925977,50,678.849839
-6.451244,50,678.907229
-12.930993,50,678.969417
-6.455895,50,679.021478
-12.217705,50,679.075697
-7.542063,50,679.121558
-13.625042,50,679.181483
-12.345795,50,679.236655
-17.075013,50,679.291509
-7.90281,50,679.343553
-17.072125,50,679.399369
-8.669158,50,679.450392
-12.853355,50,679.506835
-13.057141,50,679.557072
-17.876584,50,679.61308
-5.703759,50,679.665631
-5.570146,50,679.720266
-12.12724,50,679.756234
-6.320892,50,679.803367
-13.077759,50,679.853703
-16.427719,50,679.893793
-8.535319,50,679.927751
-7.933753,50,679.964608
-9.032648,50,680.015807
-7.061027,50,680.058846
-17.57765,50,680.104355
-6.233684,50,680.164651
-17.504802,50,680.222225
-10.006854,50,680.287374
-17.970754,50,680.339747
-10.886555,50,680.392874
-13.679882,50,680.455048
-14.287186,50,680.500511
-12.056072,50,680.560609
-14.459508,50,680.618954
-6.649248,50,680.670903
-11.280796,50,680.719974
-5.205499,50,680.76541
-10.323899,50,681.227333
-8.088484,50,681.287493
-7.356117,50,681.34171
-14.103525,50,681.394773
-10.98474,50,681.446915
-6.06321,50,681.50745
-8.923523,50,681.566967
-7.5307,50,681.628557
-14.574687,50,681.683104
-5.839714,50,681.737787
-6.728034,50,681.79683
-14.659348,50,681.845904
-19.436163,50,681.877268
-8.587429,50,681.924284
-8.820197,50,681.97472
-12.663293,50,682.021301
-8.30195,50,682.063466
-6.943502,50,682.102693
-15.287093,50,682.144652
-14.534077,50,682.190106
-16.182995,50,682.247774
-11.970431,50,682.307447
-16.21823,50,682.365773
-8.684908,50,682.42409
-4.6007,50,682.477057
-7.263303,50,682.527625
-9.731991,50,682.587468
-8.675838,50,682.642357
-3.644948,50,682.701905
-10.294241,50,682.751362
-7.153385,50,682.807227
-4.649751,50,682.861428
-10.690086,50,682.919327
-7.641121,50,682.953224
-13.647959,50,683.009585
-5.148809,50,683.041916
-10.793122,50,683.099487
-10.20438,50,683.150992
-7.096041,50,683.204472
-17.219776,50,683.261725
-14.050591,50,683.322036
-5.83104,50,683.816802
-10.286093,50,683.868446
-10.001566,50,683.92563
-15.270623,50,683.981084
-18.658586,50,684.041334
-5.528059,50,684.094366
-15.227004,50,684.155368
-15.354253,50,684.218357
-8.343303,50,684.260855
-8.667406,50,684.319616
-4.735216,50,684.37409
-11.455894,50,684.429538
-6.145984,50,684.487056
-7.604775,50,684.542073
-15.004463,50,684.599514
-16.344993,50,684.657167
-8.38923,50,684.710047
-8.756568,50,684.756719
-14.366488,50,684.812344
-7.937368,50,684.870025
-10.309722,50,684.923644
-5.849806,50,684.97786
-11.088607,50,685.02746
-5.365424,50,685.077392
-9.545571,50,685.120425
-14.429068,50,685.163634
-14.42908,50,685.221164
-9.862271,50,685.27296
-7.720973,50,685.324588
-13.843074,50,685.380138
-7.355411,50,685.433102
-12.405714,50,685.490007
-18.875218,50,685.546596
-8.130278,50,685.596581
-7.122885,50,685.651295
-12.00922,50,685.710051
-5.195406,50,685.766132
-11.36781,50,685.818368
-10.973806,50,685.863098
-12.123688,50,685.909693
-14.803358,50,685.946666
-9.202756,50,686.427197
-8.600123,50,686.484857
-13.839997,50,686.53532
-17.295251,50,686.591676
-12.48843,50,686.646941
-6.465403,50,686.706622
-9.382363,50,686.758843
-14.549533,50,686.817904
-15.800439,50,686.872555
-12.520047,50,686.926901
-5.407437,50,686.96794
-5.626984,50,687.020371
-7.416906,50,687.06233
-9.76011,50,687.100641
-16.283803,50,687.142786
-9.086751,50,687.188688
-17.492515,50,687.229125
-11.442167,50,687.28117
-10.529301,50,687.332054
-8.261445,50,687.376481
-6.415442,50,687.435981
-13.014085,50,687.487358
-18.818256,50,687.549118
-14.893311,50,687.602476
-19.120557,50,687.660629
-13.238524,50,687.71753
-12.63718,50,687.775096
-8.249947,50,687.8205
-6.222687,50,687.872438
-8.082923,50,687.925338
-12.512205,50,687.973575
-8.116132,50,688.020257
-18.200166,50,688.061595
-14.042123,50,688.113695
-7.003262,50,688.168204
-5.250817,50,688.219082
-12.197714,50,688.26569
-8.474476,50,688.322286
-14.960367,50,688.36944
-8.385134,50,688.423718
-11.224986,50,688.477822
-6.587444,50,688.971917
-3.342988,50,689.024636
-7.233693,50,689.074661
-16.542968,50,689.132114
-8.422761,50,689.184305
-13.609874,50,689.234746
-14.379875,50,689.285058
-9.218316,50,689.33418
-5.014893,50,689.387312
-8.510263,50,689.438122
-10.521618,50,689.497774
-6.352738,50,689.556062
-9.300234,50,689.616355
-9.847991,50,689.672487
-8.461574,50,689.730185
-9.485891,50,689.787141
-10.692322,50,689.837991
-6.261681,50,689.893941
-12.065479,50,689.952786
-18.121913,50,689.988597
-7.737641,50,690.029608
-18.112793,50,690.06918
-8.849244,50,690.105773
-13.782512,50,690.149606
-3.89501,50,690.18567
-12.924577,50,690.232546
-7.271986,50,690.283429
-5.633127,50,690.334776
-6.782898,50,690.384576
-8.427813,50,690.441061
-15.064661,50,690.498191
-8.684068,50,690.555348
-18.68109,50,690.612728
-10.340137,50,690.666016
-12.173113,50,690.720509
-5.8655,50,690.776454
-16.209383,50,690.833916
-13.146586,50,690.897999
-10.633419,50,690.946792
-11.424243,50,690.997704
-9.672139,50,691.039724
-10.787946,50,691.525638
-11.785096,50,691.573598
-9.124881,50,691.625444
-11.834313,50,691.655182
-9.077736,50,691.687241
-8.078709,50,691.736177
-17.796546,50,691.787368
-9.189115,50,691.82989
-15.215541,50,691.8877
-10.100132,50,691.938647
-10.406465,50,691.987667
-13.460254,50,692.039978
-10.144502,50,692.089851
-13.636096,50,692.131054
-9.034509,50,692.167845
-12.069247,50,692.217785
-14.476932,50,692.264347
-13.237998,50,692.315827
-10.037814,50,692.376135
-9.020438,50,692.428844
-8.920776,50,692.466989
-10.283261,50,692.519853
-13.716677,50,692.576801
-15.160089,50,692.634477
-16.662963,50,692.688845
-19.221488,50,692.74529
-11.264958,50,692.799306
-9.396042,50,692.857191
-8.640988,50,692.913932
-14.306295,50,692.972548
-5.608978,50,693.029633
-10.389075,50,693.088836
-5.529717,50,693.142698
-6.241954,50,693.192431
-11.769888,50,693.244351
-14.73732,50,693.289701
-19.395378,50,693.329997
-17.602604,50,693.36893
-11.934752,50,693.420431
-18.02568,50,693.464737
-18.677972,50,693.523518
-11.928016,50,693.985143
-15.372352,50,694.041647
-13.262514,50,694.096452
-10.632068,50,694.151522
-9.895564,50,694.208454
-17.750255,50,694.264174
-16.252885,50,694.323144
-5.601936,50,694.370815
-10.597744,50,694.414146
-10.13077,50,694.461312
-7.585614,50,694.505471
-11.428513,50,694.565997
-4.962403,50,694.628179
-7.094353,50,694.678857
-6.877201,50,694.734456
-8.115931,50,694.789036
-17.798563,50,694.845334
-4.735896,50,694.901518
-11.427815,50,694.960838
-6.356483,50,695.014714
-7.712508,50,695.070904
-6.193447,50,695.128961
-17.553722,50,695.182738
-5.294982,50,695.235508
-7.780703,50,695.294237
-12.298072,50,695.349533
-4.962393,50,695.409214
-10.13956,50,695.449106
-6.345504,50,695.503351
-15.130843,50,695.566543
-6.037158,50,695.622011
-4.41091,50,695.680648
-11.181964,50,695.746541
-9.770751,50,695.802401
-13.19054,50,695.860988
-11.478891,50,695.915157
-6.498602,50,695.969646
-15.718932,50,696.012929
-16.68955,50,696.07466
-8.981296,50,696.132457
-8.56093,50,696.187596
-9.367798,50,696.676572
-7.722229,50,696.737826
-5.312618,50,696.794718
-16.993265,50,696.847501
-16.87818,50,696.903992
-8.585236,50,696.95577
-11.093577,50,697.006111
-13.224113,50,697.060199
-9.106941,50,697.121655
-10.281501,50,697.175642
-15.074244,50,697.231855
-7.637411,50,697.273231
-7.070012,50,697.332841
-9.526776,50,697.389593
-17.934757,50,697.44136
-8.022724,50,697.49395
-19.066345,50,697.533322
-16.204453,50,697.584606
-7.802536,50,697.634016
-8.056911,50,697.689977
-13.725802,50,697.74965
-9.372338,50,697.801816
-4.62914,50,697.856031
-7.511397,50,697.919334
-5.590235,50,697.973046
-13.010855,50,698.030835
-15.957659,50,698.08417
-18.083497,50,698.146788
-17.907541,50,698.206622
-7.309232,50,698.25892
-9.73194,50,698.299981
-10.062126,50,698.338641
-14.38332,50,698.373735
-8.644045,50,698.419559
-7.867177,50,698.466536
-7.848718,50,698.50788
-8.505908,50,698.55754
-14.968906,50,698.606757
-6.963466,50,698.658973
-9.363028,50,698.71604
-15.123293,50,699.219008
-6.376088,50,699.284132
-12.671558,50,699.339456
-11.112727,50,699.398869
-12.81567,50,699.455349
-13.879803,50,699.509716
-7.160476,50,699.563616
-12.626288,50,699.626349
-5.839146,50,699.681329
-9.233101,50,699.731856
-16.503491,50,699.789078
-8.897362,50,699.849089
-11.653511,50,699.907126
-11.861907,50,699.954522
-18.016633,50,700.007746
-7.719372,50,700.060333
-9.020305,50,700.116271
-7.05525,50,700.171054
-6.993059,50,700.211602
-18.833429,50,700.267234
-16.300065,50,700.323525
-7.346346,50,700.361178
-7.474263,50,700.422892
-6.594328,50,700.460082
-16.336304,50,700.499965
-16.137588,50,700.535611
-10.987823,50,700.575229
-6.998842,50,700.614209
-10.071173,50,700.660341
-7.294639,50,700.717534
-7.985521,50,700.771574
-8.245979,50,700.825188
-7.562568,50,700.878082
-8.967824,50,700.929673
-7.129828,50,700.987341
-13.430164,50,701.042037
-8.629741,50,701.102438
-5.641339,50,701.151001
-7.042234,50,701.193705
-7.861735,50,701.22828
-9.705714,50,701.265763
-10.803897,50,701.758958
-15.754418,50,701.81606
-5.866311,50,701.877734
-11.070929,50,701.928388
-17.131901,50,701.989036
-5.581911,50,702.035153
-16.064476,50,702.083457
-11.641545,50,702.143207
-14.940346,50,702.199881
-9.305362,50,702.264421
-4.554769,50,702.314034
-8.035465,50,702.372747
-5.522126,50,702.435803
-6.748197,50,702.488902
-6.837509,50,702.549803
-18.401692,50,702.602288
-17.8226,50,702.658186
-9.576661,50,702.700268
-14.066086,50,702.742732
-6.251347,50,702.799724
-6.517889,50,702.853261
-18.202895,50,702.895191
-8.744987,50,702.941675
-7.257379,50,702.977434
-7.250059,50,703.017171
-3.895313,50,703.050028
-11.493081,50,703.09603
-16.653976,50,703.145034
-12.654431,50,703.195544
-12.397846,50,703.251746
-8.487192,50,703.308219
-6.798598,50,703.363864
-6.955244,50,703.405331
-9.739618,50,703.443899
-9.24948,50,703.497588
-8.453417,50,703.532358
-9.872748,50,703.577886
-4.40228,50,703.63196
-5.346064,50,703.677383
-5.679559,50,703.723833
-10.310791,50,703.772522
-11.854297,50,704.288901
-6.525146,50,704.356294
-5.573516,50,704.409387
-8.633422,50,704.461323
-5.775314,50,704.507736
-16.507282,50,704.567254
-7.323871,50,704.613206
-11.414467,50,704.652816
-6.458116,50,704.698999
-8.902047,50,704.739633
-17.434284,50,704.792939
-16.046434,50,704.845263
-15.551311,50,704.909071
-6.183286,50,704.973625
-5.200493,50,705.033593
-15.502725,50,705.090454
-16.100928,50,705.140663
-10.331502,50,705.188605
-11.151167,50,705.235535
-17.293783,50,705.275103
-14.472534,50,705.339902
-15.557441,50,705.391594
-15.028695,50,705.440226
-6.065909,50,705.478776
-17.888971,50,705.523626
-13.757615,50,705.578078
-7.009085,50,705.623001
-5.425708,50,705.667761
-8.982916,50,705.719409
-17.955796,50,705.758326
-7.101345,50,705.795944
-10.813757,50,705.86026
-10.21336,50,705.910751
-6.725697,50,705.963636
-8.245063,50,706.022692
-11.334788,50,706.067917
-15.71379,50,706.108339
-14.276202,50,706.150038
-10.414839,50,706.199722
-14.447153,50,706.261433
-9.461444,50,706.316991
-15.028608,50,706.818316
-17.577951,50,706.867694
-10.685728,50,706.910826
-9.174148,50,706.974376
-13.233947,50,707.027795
-8.276447,50,707.083931
-18.800016,50,707.146402
-10.414337,50,707.188631
-7.610679,50,707.250226
-11.303935,50,707.300667
-10.941043,50,707.344701
-10.405278,50,707.385913
-18.643706,50,707.417503
-5.66163,50,707.467439
-16.575918,50,707.514909
-19.26341,50,707.563451
-6.181617,50,707.616278
-14.081516,50,707.662428
-7.153896,50,707.697556
-7.848042,50,707.734269
-10.523609,50,707.770771
-8.186729,50,707.826236
-16.717084,50,707.889308
-10.375892,50,707.948816
-5.585756,50,708.005222
-12.951643,50,708.061269
-16.557583,50,708.122101
-10.651799,50,708.181843
-11.593997,50,708.224838
-15.123602,50,708.27761
-5.624943,50,708.327198
-14.862436,50,708.378317
-10.553737,50,708.441964
-9.079394,50,708.492821
-14.614047,50,708.55246
-10.959035,50,708.616346
-10.403296,50,708.657982
-15.708301,50,708.709484
-8.307805,50,708.763962
-8.784477,50,708.809772
-9.015514,50,708.850067
-6.341813,50,709.340492
-17.498462,50,709.389512
-17.616177,50,709.448096
-15.89837,50,709.493319
-8.022168,50,709.54314
-4.530581,50,709.590895
-8.105054,50,709.633127
-4.803489,50,709.670227
-12.856554,50,709.714151
-5.824603,50,709.749623
-9.248804,50,709.79027
-6.778248,50,709.821912
-11.028616,50,709.876923
-7.991382,50,709.942825
-7.446645,50,710.003315
-7.781294,50,710.051759
-5.749555,50,710.111352
-16.025396,50,710.156502
-15.92658,50,710.208785
-5.767469,50,710.255395
-18.809032,50,710.306392
-17.523645,50,710.344101
-12.477798,50,710.395924
-11.374581,50,710.437969
-9.257174,50,710.493609
-7.112104,50,710.533068
-12.522597,50,710.597722
-6.299509,50,710.652234
-19.718296,50,710.691958
-7.23498,50,710.740897
-17.055243,50,710.785274
-7.890641,50,710.836713
-8.788568,50,710.895229
-14.026087,50,710.952706
-13.687051,50,711.017143
-19.05156,50,711.074024
-16.472783,50,711.13674
-10.650324,50,711.191118
-11.831165,50,711.256649
-6.236393,50,711.308714
-19.676274,50,711.362674
-14.258284,50,711.862476
-11.719777,50,711.920515
-8.337108,50,711.983007
-12.082249,50,712.043802
-15.128308,50,712.10302
-6.999565,50,712.160295
-15.916025,50,712.225815
-4.365355,50,712.285895
-11.8578,50,712.341913
-8.238537,50,712.397014
-11.148156,50,712.45405
-10.228517,50,712.51409
-12.094535,50,712.554911
-8.213677,50,712.590659
-17.808377,50,712.638456
-8.821916,50,712.678586
-7.938554,50,712.721324
-14.263085,50,712.76423
-11.36232,50,712.813437
-4.323647,50,712.869898
-8.904459,50,712.929316
-7.033056,50,712.99466
-5.739519,50,713.054344
-12.031099,50,713.101261
-10.324843,50,713.138513
-9.443858,50,713.203637
-10.143346,50,713.262265
-13.140409,50,713.314484
-7.205377,50,713.370845
-9.037445,50,713.414271
-13.971433,50,713.451208
-12.35083,50,713.496932
-10.70891,50,713.551056
-10.724464,50,713.613824
-12.265882,50,713.679948
-7.201034,50,713.736625
-10.051489,50,713.789993
-7.604436,50,713.850173
-8.12869,50,713.915148
-11.381955,50,713.981337
-8.144218,50,714.034531
-17.529864,50,714.549509
-9.355726,50,714.603163
-7.98267,50,714.647705
-11.401351,50,714.698367
-17.837466,50,714.743145
-7.71342,50,714.805532
-7.060392,50,714.858157
-9.082379,50,714.922699
-6.785246,50,714.986352
-11.734858,50,715.046254
-8.924416,50,715.108757
-8.495899,50,715.166444
-6.738171,50,715.225315
-13.554777,50,715.280989
-7.58567,50,715.340983
-13.748179,50,715.374581
-8.336007,50,715.421258
-8.18811,50,715.467055
-18.749183,50,715.518218
-8.619489,50,715.566004
-18.211974,50,715.603117
-13.855895,50,715.639907
-18.674163,50,715.694123
-13.507772,50,715.731368
-8.366038,50,715.793689
-10.828896,50,715.848716
-10.604123,50,715.905308
-7.305045,50,715.968254
-6.912915,50,716.023055
-16.922432,50,716.066321
-12.198027,50,716.117894
-7.452625,50,716.162039
-8.694218,50,716.203309
-10.239875,50,716.250095
-11.447051,50,716.304974
-11.930685,50,716.354381
-15.898661,50,716.40426
-6.509165,50,716.440447
-12.434469,50,716.492139
-15.576939,50,716.529428
-16.627233,50,716.568883
-7.437716,50,717.04799
-10.3925,50,717.099759
-9.348101,50,717.159138
-5.300872,50,717.215647
-13.895258,50,717.273595
-8.407086,50,717.329679
-13.45377,50,717.383687
-6.123362,50,717.435793
-7.263237,50,717.480504
-8.447333,50,717.521463
-7.285762,50,717.570616
-9.336645,50,717.616444
-15.012459,50,717.668535
-12.455283,50,717.716086
-13.552327,50,717.761895
-8.194374,50,717.814079
-5.718354,50,717.856645
-9.373998,50,717.90844
-12.036696,50,717.954865
-11.59597,50,718.000363
-5.325741,50,718.048437
-6.820004,50,718.106666
-7.437772,50,718.16604
-11.427456,50,718.221283
-9.265634,50,718.268989
-12.173379,50,718.310166
-13.003341,50,718.35111
-15.720218,50,718.399166
-17.309838,50,718.457919
-7.982156,50,718.506068
-16.003721,50,718.556032
-9.603686,50,718.611932
-4.182833,50,718.659451
-15.030025,50,718.695489
-7.82912,50,718.743096
-6.839255,50,718.789746
-15.653709,50,718.844455
-5.346958,50,718.894379
-17.056721,50,718.940378
-9.196227,50,718.993373
-7.838702,50,719.047873
-4.213383,50,719.559909
-11.804769,50,719.620062
-15.567325,50,719.678416
-13.919895,50,719.739047
-10.88193,50,719.796523
-9.57106,50,719.855192
-11.698336,50,719.905615
-14.905836,50,719.944103
-19.157307,50,719.995756
-8.054714,50,720.045084
-9.390233,50,720.102782
-11.529391,50,720.160535
-8.714381,50,720.222653
-17.012973,50,720.282207
-13.365016,50,720.345035
-18.072826,50,720.392849
-6.401734,50,720.439764
-16.130628,50,720.487275
-12.404944,50,720.532226
-8.754048,50,720.597261
-9.740177,50,720.647727
-4.603868,50,720.690835
-9.311029,50,720.723154
-16.769918,50,720.781779
-8.944899,50,720.827767
-17.177591,50,720.870722
-8.446334,50,720.930033
-12.008646,50,720.972164
-15.870835,50,721.026906
-5.919278,50,721.090728
-15.359681,50,721.141811
-9.762445,50,721.192412
-16.528897,50,721.240247
-10.182978,50,721.275106
-7.153632,50,721.310481
-9.483362,50,721.349515
-16.143425,50,721.397053
-10.762065,50,721.463873
-11.462878,50,721.509871
-7.22106,50,721.551589
-5.30946,50,721.59858
-13.130386,50,722.121783
-5.672828,50,722.178628
-17.777441,50,722.232605
-16.365475,50,722.298603
-6.355446,50,722.362524
-17.655768,50,722.420389
-9.157052,50,722.485411
-4.291011,50,722.544514
-11.508122,50,722.60076
-8.441753,50,722.649863
-6.547254,50,722.708302
-18.209313,50,722.775023
-6.116524,50,722.826627
-11.087103,50,722.87989
-7.889717,50,722.927698
-17.621287,50,722.985743
-16.694163,50,723.038982
-9.848641,50,723.088197
-16.686456,50,723.150223
-4.173376,50,723.212177
-6.88123,50,723.26365
-9.427378,50,723.326563
-5.818714,50,723.382074
-12.522543,50,723.432881
-11.7289,50,723.483066
-16.444961,50,723.514477
-6.689777,50,723.545339
-18.151671,50,723.580188
-11.737661,50,723.631488
-9.319939,50,723.687708
-15.292409,50,723.72859
-18.246021,50,723.762843
-9.460195,50,723.796059
-4.446482,50,723.835479
-11.440128,50,723.888863
-14.683601,50,723.947427
-6.171955,50,723.99055
-11.784333,50,724.034712
-19.074982,50,724.076491
-12.810232,50,724.131433
-17.421627,50,724.186136
-15.25935,50,724.663791
-6.228998,50,724.716642
-11.656848,50,724.767139
-11.849634,50,724.818801
-9.694185,50,724.879538
-18.071446,50,724.919961
-7.690649,50,724.968282
-7.456126,50,725.00932
-5.782172,50,725.060158
-10.655723,50,725.116543
-10.878165,50,725.161011
-18.480701,50,725.191896
-5.586787,50,725.243084
-6.503572,50,725.305365
-10.071415,50,725.364221
-8.069242,50,725.42225
-13.010295,50,725.482645
-14.773608,50,725.542532
-5.661452,50,725.596274
-17.520586,50,725.649255
-8.857905,50,725.688003
-7.401547,50,725.736475
-3.510296,50,725.786624
-11.660725,50,725.834034
-9.417223,50,725.880217
-9.472349,50,725.927505
-9.439972,50,725.983498
-6.797323,50,726.023724
-10.514825,50,726.076668
-7.854886,50,726.124627
-16.119384,50,726.17844
-7.17461,50,726.23537
-14.320128,50,726.29164
-16.009923,50,726.335415
-18.869598,50,726.392898
-6.603982,50,726.447778
-9.422371,50,726.492171
-15.230208,50,726.544474
-6.54407,50,726.597001
-11.392451,50,726.647058
-17.725992,50,726.695256
-17.129891,50,727.176467
-4.275691,50,727.239783
-4.875444,50,727.299584
-17.899343,50,727.354746
-5.917314,50,727.406159
-9.999605,50,727.461215
-15.520582,50,727.503093
-5.901197,50,727.549277
-9.535813,50,727.587105
-8.743125,50,727.623928
-3.919518,50,727.66716
-9.371705,50,727.716559
-16.853502,50,727.777251
-5.530074,50,727.825557
-10.317243,50,727.87672
-18.724833,50,727.914709
-10.228744,50,727.964746
-7.086115,50,728.008653
-16.309718,50,728.064526
-7.190862,50,728.102772
-9.222161,50,728.139701
-5.975635,50,728.190233
-14.217139,50,728.251878
-17.347513,50,728.317974
-8.751498,50,728.376954
-5.906402,50,728.425321
-8.348257,50,728.463431
-18.699868,50,728.510345
-8.894404,50,728.568125
-6.113624,50,728.632833
-8.281804,50,728.693966
-5.854038,50,728.74257
-13.266339,50,728.790705
-11.67271,50,728.832048
-13.802217,50,728.872653
-17.49786,50,728.907684
-14.853063,50,728.947068
-6.862858,50,728.989593
-12.736566,50,729.045692
-6.367989,50,729.090039
-7.651964,50,729.134865
-7.090223,50,729.671508
-7.834472,50,729.724559
-8.781947,50,729.769366
-13.062307,50,729.823447
-16.822759,50,729.877012
-15.651097,50,729.926409
-8.486652,50,729.974595
-17.497924,50,730.027232
-17.689569,50,730.066759
-10.802687,50,730.11168
-9.87454,50,730.149982
-12.626848,50,730.183636
-4.205211,50,730.228936
-6.753906,50,730.288625
-5.176635,50,730.35573
-18.243569,50,730.405179
-5.290252,50,730.459908
-4.305719,50,730.523508
-16.735598,50,730.567402
-19.045179,50,730.623655
-7.769221,50,730.68296
-10.107669,50,730.729077
-12.853174,50,730.766756
-8.09842,50,730.815895
-6.426111,50,730.854039
-6.394974,50,730.896899
-9.460871,50,730.932858
-16.95692,50,730.970201
-14.613653,50,731.008718
-4.536189,50,731.050844
-9.979573,50,731.099745
-18.17964,50,731.140312
-12.767771,50,731.198969
-11.52079,50,731.254776
-16.981775,50,731.302619
-12.446087,50,731.348873
-14.464695,50,731.391888
-11.85058,50,731.44024
-11.44673,50,731.503679
-9.404939,50,731.565582
-15.09537,50,731.619101
-5.056401,50,732.0949
-6.723592,50,732.135107
-18.043551,50,732.197099
-13.975441,50,732.251764
-5.963271,50,732.300735
-5.633644,50,732.352355
-17.375381,50,732.414683
-5.766191,50,732.469501
-14.444855,50,732.517734
-15.656883,50,732.55531
-11.961394,50,732.623697
-8.441583,50,732.674631
-6.479959,50,732.726028
-8.061068,50,732.77662
-7.485382,50,732.821401
-13.02015,50,732.860107
-14.974627,50,732.922339
-7.126976,50,732.982188
-5.809816,50,733.040991
-7.094678,50,733.100125
-16.382756,50,733.177974
-18.647614,50,733.267013
-10.658564,50,733.332276
-16.363435,50,733.394466
-11.757121,50,733.457236
-6.980038,50,733.518923
-16.083477,50,733.574409
-9.762089,50,733.6313
-6.966935,50,733.671745
-9.813475,50,733.713639
-13.66535,50,733.756073
-11.143296,50,733.805041
-17.64195,50,733.85521
-14.834467,50,733.913095
-10.814094,50,733.967233
-9.917595,50,734.017503
-14.153427,50,734.070672
-8.895549,50,734.124953
-7.567329,50,734.179698
-9.094877,50,734.23506
-11.416362,50,734.2898
-14.567238,50,734.796139
-6.257655,50,734.842433
-6.531991,50,734.893507
-9.572371,50,734.945312
-16.26037,50,734.978584
-10.57632,50,735.020855
-8.781163,50,735.056245
-4.140383,50,735.091243
-17.933015,50,735.126269
-6.27761,50,735.17379
-7.406557,50,735.217268
-9.283768,50,735.275932
-13.762377,50,735.330885
-8.423055,50,735.379577
-17.665306,50,735.422946
-7.123124,50,735.473848
-19.013858,50,735.523867
-17.110384,50,735.559788
-4.591835,50,735.615958
-18.172103,50,735.663402
-7.457453,50,735.719078
-6.158192,50,735.770123
-13.943413,50,735.806962
-15.632278,50,735.842108
-8.48159,50,735.874485
-17.62222,50,735.907066
-13.235946,50,735.939208
-10.680246,50,735.971749
-17.905966,50,736.005556
-16.275373,50,736.039942
-8.005497,50,736.079242
-10.02503,50,736.117964
-6.473891,50,736.155257
-16.55292,50,736.19751
-8.906068,50,736.237812
-6.803526,50,736.297842
-9.940167,50,736.356825
-13.021874,50,736.394716
-14.047448,50,736.429324
-6.389693,50,736.47607
-15.707371,50,736.512429
-8.233044,50,737.024495
-14.004909,50,737.058779
-6.750517,50,737.092071
-11.913582,50,737.12365
-13.740356,50,737.155523
-6.758429,50,737.186114
-15.777902,50,737.215802
-11.695692,50,737.24926
-7.096032,50,737.281272
-6.805246,50,737.313854
-16.315332,50,737.356688
-4.598463,50,737.412216
-8.519703,50,737.459135
-14.263781,50,737.506173
-13.85558,50,737.565145
-6.585886,50,737.622127
-7.194383,50,737.67123
-18.578081,50,737.724145
-18.794872,50,737.75721
-15.205428,50,737.790951
-5.85636,50,737.828933
-7.609861,50,737.88511
-10.73179,50,737.920461
-10.239683,50,737.95465
-7.992369,50,737.993682
-11.981111,50,738.028559
-5.917976,50,738.06273
-12.527243,50,738.097623
-11.889306,50,738.144743
-8.86308,50,738.185444
-15.442703,50,738.230401
-16.830377,50,738.284114
-9.533455,50,738.321182
-8.42806,50,738.35212
-17.07044,50,738.388692
-9.291384,50,738.423006
-13.477446,50,738.45683
-14.971854,50,738.496706
-5.660968,50,738.546754
-5.232835,50,738.609696
-10.298585,50,738.661406
-6.687497,50,739.120058
-7.291413,50,739.160943
-11.313781,50,739.243302
-14.635675,50,739.304285
-9.299562,50,739.360625
-11.699125,50,739.395901
-13.597002,50,739.455601
-15.490614,50,739.523807
-10.893236,50,739.57226
-11.765513,50,739.607538
-14.179993,50,739.663455
-11.862155,50,739.702513
-9.647794,50,739.74362
-6.573108,50,739.787109
-9.53455,50,739.821576
-15.193789,50,739.857467
-11.53522,50,739.890415
-8.879182,50,739.924034
-8.814831,50,739.957912
-9.220354,50,739.991024
-6.262691,50,740.025578
-11.543728,50,740.059877
-10.020843,50,740.090757
-8.044371,50,740.120921
-13.534158,50,740.156408
-9.643791,50,740.202751
-15.195105,50,740.242588
-12.852725,50,740.279694
-13.735894,50,740.312473
-12.948296,50,740.344874
-6.991894,50,740.377577
-14.969553,50,740.43736
-5.927284,50,740.471205
-6.606421,50,740.511154
-11.772658,50,740.562072
-5.747792,50,740.606592
-16.468245,50,740.645503
-17.96391,50,740.68752
-15.327107,50,740.728459
-18.651104,50,740.777422
-11.31437,50,740.81462
-6.792931,50,741.309576
-7.14058,50,741.362142
-5.739645,50,741.418511
-9.450149,50,741.455765
-7.027589,50,741.501812
-10.114468,50,741.557759
-4.965523,50,741.615803
-5.037637,50,741.681673
-10.395479,50,741.754343
-9.964041,50,741.827118
-9.231356,50,741.899209
-7.93729,50,741.96839
-11.76749,50,742.037071
-11.371308,50,742.10627
-6.016989,50,742.178431
-15.7471,50,742.249104
-14.28781,50,742.322133
-12.675887,50,742.395446
-17.885854,50,742.46889
-17.47999,50,742.541478
-12.831069,50,742.618404
-5.543977,50,742.690186
-16.461937,50,742.766051
-7.593124,50,742.837781
-8.220581,50,742.91163
-3.900723,50,742.981151
-10.717943,50,743.052589
-14.918637,50,743.121187
-11.61203,50,743.19081
-14.230175,50,743.262433
-7.032793,50,743.334161
-9.019746,50,743.402984
-12.690743,50,743.471917
-12.363752,50,743.539963
-8.0074,50,743.610652
-5.727086,50,743.680157
-13.820791,50,743.752553
-8.470378,50,743.824921
-8.42194,50,743.898093
-7.657001,50,743.968102
-7.135234,50,744.037406
-10.229548,50,744.965971
-8.636293,50,745.039384
-12.858138,50,745.108743
-12.495374,50,745.178171
-11.299048,50,745.24971
-11.367564,50,745.321337
-18.681368,50,745.392419
-13.359376,50,745.462224
-4.454049,50,745.531994
-8.364665,50,745.604118
-19.835584,50,745.67114
-6.654037,50,745.744279
-11.976814,50,745.814849
-7.448706,50,745.883865
-18.836573,50,745.952417
-6.788133,50,746.023265
-6.185311,50,746.095072
-16.004423,50,746.165132
-14.070633,50,746.234487
-15.995575,50,746.305097
-5.425684,50,746.37473
-9.481022,50,746.446953
-6.577817,50,746.517353
-8.609685,50,746.558724
-11.860524,50,746.598688
-15.965326,50,746.635264
-18.281679,50,746.670231
-7.02881,50,746.703586
-11.031847,50,746.738619
-7.302831,50,746.804549
-6.68166,50,746.879263
-6.19191,50,746.950059
-11.68511,50,747.025519
-15.408487,50,747.096959
-17.794355,50,747.170773
-7.927476,50,747.241844
-10.147379,50,747.314258
-19.456353,50,747.384691
-7.82259,50,747.455803
-8.356547,50,747.527026
-16.546845,50,747.598148
-18.738179,50,748.524445
-8.623528,50,748.594714
-6.097053,50,748.664296
-10.117865,50,748.736202
-9.151698,50,748.805767
-10.987349,50,748.875696
-14.2289,50,748.945303
-16.458472,50,749.015373
-17.797537,50,749.083402
-11.469951,50,749.151029
-6.043888,50,749.218124
-6.528752,50,749.285996
-6.055967,50,749.355233
-16.067859,50,749.425155
-7.406956,50,749.494306
-12.455879,50,749.566041
-13.40511,50,749.633719
-12.574415,50,749.704577
-5.414023,50,749.775
-8.447595,50,749.843657
-14.637706,50,749.916223
-12.930967,50,749.986427
-8.639078,50,750.056647
-5.856993,50,750.123195
-11.861085,50,750.190888
-9.803032,50,750.259041
-11.924024,50,750.330275
-13.064442,50,750.398396
-12.031208,50,750.465696
-18.244674,50,750.535024
-8.319823,50,750.605164
-10.993914,50,750.672047
-8.919153,50,750.737035
-10.163921,50,750.804911
-8.279619,50,750.873935
-8.585939,50,750.941721
-17.816239,50,751.013796
-6.588428,50,751.083059
-6.118923,50,751.149098
-17.701919,50,751.217678
-9.513648,50,751.286255
-5.170859,50,752.184305
-6.029446,50,752.225824
-6.054955,50,752.279726
-7.035579,50,752.318449
-5.401817,50,752.367883
-6.021428,50,752.400879
-9.763471,50,752.434286
-8.128652,50,752.467247
-18.868984,50,752.500303
-8.472824,50,752.532948
-13.743717,50,752.568348
-8.760121,50,752.604834
-7.232778,50,752.640893
-8.34586,50,752.676748
-7.783757,50,752.710305
-12.987381,50,752.74365
-18.095556,50,752.777117
-10.776927,50,752.810302
-7.465487,50,752.841998
-19.441476,50,752.875563
-4.914875,50,752.907987
-4.548606,50,752.942662
-9.327901,50,752.977823
-11.589713,50,753.011078
-17.498212,50,753.043679
-17.495887,50,753.078563
-17.879007,50,753.111914
-7.508575,50,753.150613
-9.586056,50,753.193626
-5.354289,50,753.238691
-6.89861,50,753.275725
-18.484844,50,753.33051
-18.555092,50,753.382484
-11.095104,50,753.419761
-8.979461,50,753.453671
-7.314526,50,753.492394
-8.852986,50,753.528683
-5.128982,50,753.576836
-16.61128,50,753.624978
-9.644409,50,753.668062
-6.209516,50,753.712
-6.307202,50,754.173487
-5.190947,50,754.231191
-11.370168,50,754.289867
-7.666062,50,754.341291
-8.076579,50,754.402403
-8.712607,50,754.442587
-7.221569,50,754.47678
-7.246664,50,754.530079
-5.624281,50,754.588713
-9.830949,50,754.646028
-19.434655,50,754.688305
-10.998965,50,754.72187
-19.336491,50,754.758087
-14.220494,50,754.796566
-12.238732,50,754.864244
-10.030401,50,754.902236
-6.627106,50,754.9358
-8.495657,50,754.967773
-7.548926,50,755.017113
-16.60714,50,755.057762
-5.914356,50,755.093402
-11.447821,50,755.140483
-7.654338,50,755.202191
-9.40468,50,755.258622
-14.761899,50,755.317665
-4.909344,50,755.370224
-6.87245,50,755.420696
-15.285088,50,755.464177
-6.725614,50,755.502159
-16.014153,50,755.535062
-14.153193,50,755.568544
-14.205843,50,755.602061
-6.570049,50,755.634703
-13.586102,50,755.669326
-7.763593,50,755.711116
-12.854411,50,755.744153
-6.894276,50,755.778617
-17.085187,50,755.811325
-5.232194,50,755.843724
-13.706004,50,755.879258
-16.062771,50,755.912818
-15.120238,50,756.38828
-8.272908,50,756.443471
-11.484651,50,756.50384
-6.73126,50,756.560826
-4.147314,50,756.618743
-15.061539,50,756.670853
-6.302587,50,756.724798
-9.068657,50,756.771462
-6.970505,50,756.826233
-17.920474,50,756.878659
-13.018566,50,756.928676
-6.386035,50,756.972631
-18.050173,50,757.017864
-9.154131,50,757.069876
-14.919375,50,757.107865
-9.471133,50,757.146762
-6.008631,50,757.188372
-6.256784,50,757.22406
-5.756965,50,757.284042
-13.499814,50,757.333379
-11.071432,50,757.399432
-16.434853,50,757.454947
-13.030115,50,757.513577
-10.861504,50,757.571996
-14.151717,50,757.627721
-10.660681,50,757.678587
-8.337909,50,757.728709
-10.345507,50,757.785429
-19.784709,50,757.83946
-10.575558,50,757.888279
-6.473365,50,757.93127
-15.447108,50,757.987571
-8.466742,50,758.036481
-5.858621,50,758.086975
-7.15813,50,758.140426
-10.354882,50,758.199278
-9.144529,50,758.23357
-15.321404,50,758.280325
-16.983819,50,758.319775
-13.811964,50,758.361067
-18.304731,50,758.39413
-9.193886,50,758.849371
-8.504004,50,758.892895
-18.852276,50,758.942429
-7.269102,50,758.984253
-6.48862,50,759.029039
-14.019373,50,759.086317
-6.554795,50,759.125881
-9.278629,50,759.169785
-9.5754,50,759.206003
-5.642782,50,759.241927
-18.626615,50,759.286774
-6.435201,50,759.32777
-7.646725,50,759.380648
-17.455653,50,759.441283
-9.550409,50,759.494829
-14.945486,50,759.551277
-18.786627,50,759.608538
-5.312192,50,759.667987
-10.778345,50,759.722414
-9.568628,50,759.776402
-11.186365,50,759.815778
-14.294689,50,759.861037
-10.66935,50,759.913379
-19.188848,50,759.972629
-8.400546,50,760.020559
-6.529735,50,760.061602
-12.554601,50,760.11156
-16.173203,50,760.173153
-10.26768,50,760.229923
-12.004469,50,760.287017
-5.654233,50,760.340516
-5.4448,50,760.400737
-15.796612,50,760.46715
-9.874172,50,760.525029
-17.236364,50,760.58395
-8.649142,50,760.639595
-13.408562,50,760.694476
-9.764594,50,760.745918
-17.723612,50,760.780782
-8.384105,50,760.821246
-5.937518,50,760.868388
-14.729991,50,761.326067
-18.120272,50,761.387825
-10.453435,50,761.452776
-8.917843,50,761.506732
-8.652898,50,761.557828
-7.207273,50,761.610783
-4.948626,50,761.664524
-19.244339,50,761.719516
-14.849692,50,761.769741
-4.852228,50,761.825483
-12.143882,50,761.87375
-9.842606,50,761.935198
-9.017935,50,761.988467
-10.009117,50,762.036438
-5.280339,50,762.090364
-3.602374,50,762.139965
-17.066631,50,762.188584
-9.82124,50,762.243727
-14.023055,50,762.286829
-11.904,50,762.331208
-13.920843,50,762.387145
-18.365676,50,762.443126
-18.890672,50,762.501816
-15.455583,50,762.557467
-18.164474,50,762.605765
-15.63678,50,762.662871
-18.001559,50,762.714973
-17.726104,50,762.767764
-18.291374,50,762.824916
-17.470428,50,762.883311
-18.380161,50,762.932019
-16.602252,50,762.993078
-16.819724,50,763.045757
-18.080478,50,763.088938
-6.484579,50,763.127798
-6.05007,50,763.172212
-12.067478,50,763.216779
-9.81001,50,763.266942
-5.526205,50,763.303782
-5.392926,50,763.340326
-10.552047,50,763.798766
-8.399479,50,763.866524
-5.183918,50,763.922541
-14.476621,50,763.976402
-5.382198,50,764.027891
-7.486417,50,764.082952
-9.179095,50,764.141453
-8.733956,50,764.194396
-15.321354,50,764.250242
-11.568206,50,764.307303
-13.580939,50,764.357234
-6.783552,50,764.41522
-7.802296,50,764.481828
-16.177721,50,764.530058
-17.655736,50,764.586704
-5.954005,50,764.643234
-11.040624,50,764.700617
-15.01279,50,764.75668
-8.574117,50,764.813357
-6.796284,50,764.870252
-7.441088,50,764.932444
-4.860707,50,764.981136
-11.495731,50,765.035189
-5.235332,50,765.09118
-8.185298,50,765.14576
-10.710097,50,765.205145
-11.130052,50,765.259923
-16.885339,50,765.320633
-10.837834,50,765.379845
-5.469817,50,765.438235
-4.558515,50,765.492018
-17.622325,50,765.551878
-11.136173,50,765.60726
-15.995258,50,765.66293
-10.581284,50,765.715184
-6.600868,50,765.772018
-18.396277,50,765.828023
-11.098643,50,765.88473
-16.057694,50,765.94346
-8.203533,50,766.001853
-6.038431,50,766.058516
-10.659444,50,766.530752
-14.131424,50,766.584124
-18.128878,50,766.645256
-16.133821,50,766.705678
-6.010126,50,766.760943
-12.571073,50,766.816994
-5.390423,50,766.8739
-9.6538,50,766.924638
-11.743048,50,766.978138
-13.720252,50,767.036874
-13.177118,50,767.082878
-11.803822,50,767.132689
-9.385821,50,767.183706
-9.231108,50,767.224591
-6.728106,50,767.272141
-12.699716,50,767.3096
-11.016253,50,767.354178
-4.206642,50,767.396171
-6.576629,50,767.439788
-5.017678,50,767.484396
-5.773924,50,767.532025
-11.032308,50,767.588272
-12.031613,50,767.642553
-7.018216,50,767.70426
-4.506566,50,767.758596
-12.433218,50,767.806125
-8.466598,50,767.861998
-10.943124,50,767.904105
-9.010131,50,767.939629
-13.258283,50,767.98948
-19.327673,50,768.035473
-14.121297,50,768.087722
-7.730747,50,768.138572
-5.862651,50,768.188495
-18.371792,50,768.244897
-13.043377,50,768.300869
-7.130192,50,768.340983
-15.910446,50,768.392499
-13.664128,50,768.432837
-15.694125,50,768.477994
-12.43594,50,768.521534
-8.234249,50,768.994289
-6.548838,50,769.045493
-15.185317,50,769.101279
-11.507419,50,769.154619
-17.820423,50,769.214294
-8.651719,50,769.264944
-16.219399,50,769.321101
-7.694928,50,769.362581
-14.736396,50,769.411601
-7.298563,50,769.450543
-7.234118,50,769.503926
-10.82117,50,769.562797
-11.289301,50,769.624166
-6.420202,50,769.686343
-4.175793,50,769.735821
-5.796148,50,769.792214
-6.346471,50,769.851635
-7.862096,50,769.908353
-19.010552,50,769.959222
-12.676533,50,770.019305
-7.446718,50,770.073554
-9.927067,50,770.128482
-14.917446,50,770.187037
-16.297484,50,770.241591
-6.286817,50,770.300596
-8.338447,50,770.361544
-11.343655,50,770.416998
-12.21227,50,770.463485
-12.382615,50,770.511934
-5.799745,50,770.565233
-10.076656,50,770.613659
-18.066119,50,770.674539
-15.924586,50,770.732608
-14.459502,50,770.790957
-7.952259,50,770.838594
-16.032397,50,770.89362
-7.616388,50,770.948716
-19.488427,50,771.007258
-7.353585,50,771.054378
-13.330254,50,771.119423
-10.556639,50,771.165327
-5.202257,50,771.659629
-15.097376,50,771.717261
-17.107679,50,771.772089
-10.705677,50,771.825113
-11.224905,50,771.879015
-10.142748,50,771.931403
-7.858973,50,771.989054
-12.086169,50,772.035259
-7.414184,50,772.087197
-8.670171,50,772.140085
-17.759986,50,772.191527
-19.611662,50,772.240968
-6.476346,50,772.285075
-19.093447,50,772.331869
-15.065967,50,772.376944
-12.87769,50,772.426353
-16.148515,50,772.480225
-11.773052,50,772.528371
-9.444266,50,772.578922
-8.853866,50,772.629762
-16.617067,50,772.678419
-15.031214,50,772.737427
-8.610167,50,772.793888
-12.419905,50,772.840699
-6.628977,50,772.903523
-13.277914,50,772.957348
-14.862519,50,773.008898
-9.771821,50,773.063835
-11.460371,50,773.1112
-16.712905,50,773.176333
-4.874293,50,773.22142
-12.06988,50,773.266104
-10.855833,50,773.314187
-15.702852,50,773.366525
-14.868002,50,773.424486
-11.495431,50,773.479945
-11.403477,50,773.524491
-16.714703,50,773.575933
-11.603725,50,773.629341
-5.592491,50,773.691625
-13.903411,50,773.751478
-10.032921,50,774.243341
-11.86592,50,774.304844
-9.000725,50,774.368762
-10.181607,50,774.421026
-9.994537,50,774.468975
-19.111015,50,774.528931
-9.405273,50,774.578204
-6.88839,50,774.633267
-13.572237,50,774.691891
-16.961693,50,774.744704
-7.820097,50,774.80306
-8.48917,50,774.851557
-11.849236,50,774.917458
-7.631356,50,774.973325
-17.140006,50,775.030735
-17.833978,50,775.064329
-9.320571,50,775.106378
-7.697941,50,775.148919
-16.51473,50,775.195451
-8.050012,50,775.237462
-7.446511,50,775.281066
-12.148165,50,775.318108
-8.432549,50,775.365528
-8.056471,50,775.41511
-8.809217,50,775.452394
-8.675139,50,775.509226
-11.477252,50,775.549151
-17.493673,50,775.60889
-7.571248,50,775.651435
-11.645639,50,775.707513
-7.088729,50,775.751573
-15.764731,50,775.797842
-4.9891,50,775.84369
-10.553839,50,775.89057
-5.006773,50,775.931664
-13.874628,50,775.982377
-8.086394,50,776.024545
-8.920952,50,776.082858
-10.013009,50,776.143912
-15.335333,50,776.203683
-6.807348,50,776.247159
