#{"t_start": 1765900060.529529, "env_id": "Reacher-v4"}
r,l,t
-62.210335,50,0.326812
-70.197692,50,0.362466
-70.623773,50,0.408438
-61.491471,50,0.457243
-60.469094,50,0.499508
-60.666726,50,0.531514
-58.252305,50,0.563294
-56.698911,50,0.594933
-59.50802,50,0.626613
-57.429918,50,0.65829
-56.153883,50,0.690063
-56.521149,50,0.72389
-59.486577,50,0.758188
-63.751669,50,0.792376
-62.429903,50,0.823905
-69.81579,50,0.855408
-59.486437,50,0.887591
-59.906219,50,0.922642
-64.398738,50,0.957392
-54.469461,50,0.990478
-64.784662,50,1.024493
-61.403646,50,1.056632
-61.595098,50,1.091303
-63.966294,50,1.123294
-68.907054,50,1.155684
-58.673722,50,1.189892
-58.548626,50,1.223175
-57.069711,50,1.255955
-64.041241,50,1.299877
-64.700159,50,1.332473
-60.489508,50,1.377449
-56.951331,50,1.424526
-56.115215,50,1.484843
-58.549583,50,1.526829
-57.503583,50,1.578871
-62.608036,50,1.619684
-63.471446,50,1.683276
-63.753419,50,1.755321
-54.387742,50,1.823544
-65.044654,50,1.896952
-68.848484,50,2.809963
-53.60097,50,2.885909
-60.417197,50,2.955132
-57.521932,50,3.023729
-62.807587,50,3.093174
-62.2551,50,3.16539
-61.857809,50,3.23367
-57.117831,50,3.304127
-66.482258,50,3.374135
-59.894685,50,3.446117
-55.405686,50,3.516291
-65.34429,50,3.588139
-58.694908,50,3.65599
-61.084567,50,3.724417
-58.274536,50,3.794143
-66.508349,50,3.865735
-65.465882,50,3.935131
-61.003127,50,4.006659
-64.684722,50,4.076241
-62.187866,50,4.144602
-63.988098,50,4.216074
-58.174027,50,4.285839
-64.497937,50,4.355799
-59.780202,50,4.42436
-69.491151,50,4.495682
-58.794595,50,4.566671
-74.195816,50,4.635486
-65.857276,50,4.705029
-62.613071,50,4.773882
-61.587901,50,4.845287
-63.439774,50,4.915024
-55.832226,50,4.984792
-53.625009,50,5.052881
-53.594341,50,5.125917
-60.902981,50,5.179521
-60.553852,50,5.216674
-59.625943,50,5.250677
-54.412404,50,5.283151
-54.397338,50,5.31549
-59.310966,50,5.350435
-57.251037,50,5.419872
-51.604846,50,6.339674
-53.662622,50,6.414051
-62.753218,50,6.486322
-58.40084,50,6.559688
-46.320479,50,6.628293
-55.808713,50,6.698087
-59.880517,50,6.770671
-56.252239,50,6.8382
-61.530832,50,6.909369
-63.966011,50,6.980413
-64.916372,50,7.051407
-54.612687,50,7.120386
-53.94649,50,7.188839
-59.098474,50,7.257994
-59.744326,50,7.325074
-62.887722,50,7.393409
-54.50495,50,7.463328
-53.457231,50,7.53187
-52.048394,50,7.603095
-57.709374,50,7.672046
-52.259369,50,7.739427
-61.246701,50,7.806823
-63.061775,50,7.876311
-67.324482,50,7.943782
-59.958277,50,8.012518
-50.403809,50,8.079964
-56.54204,50,8.148384
-60.139378,50,8.218626
-53.723054,50,8.286084
-57.385572,50,8.354444
-66.413012,50,8.423069
-60.159424,50,8.493977
-60.755555,50,8.562305
-64.713213,50,8.629699
-56.211936,50,8.696472
-57.466444,50,8.765289
-57.089562,50,8.834466
-62.396067,50,8.903183
-58.272806,50,8.972686
-60.125151,50,9.040982
-56.715998,50,9.10802
-53.210467,50,9.61801
-59.297601,50,9.660129
-51.210317,50,9.692397
-61.60374,50,9.728539
-58.312261,50,9.761642
-48.231163,50,9.797813
-59.731097,50,9.831295
-54.590918,50,9.874876
-54.818182,50,9.919175
-59.444389,50,9.952922
-53.388905,50,9.994405
-51.319854,50,10.029917
-59.615791,50,10.06458
-52.702756,50,10.103189
-61.230022,50,10.137678
-61.418531,50,10.171663
-53.602982,50,10.216268
-63.95414,50,10.252434
-53.987197,50,10.286406
-46.754049,50,10.318684
-51.166412,50,10.349723
-54.876684,50,10.389698
-62.912123,50,10.424941
-59.642556,50,10.457156
-54.213937,50,10.49102
-58.519487,50,10.526101
-47.652738,50,10.561045
-56.154799,50,10.596983
-46.266441,50,10.633971
-61.143703,50,10.672855
-51.956476,50,10.715617
-56.817059,50,10.774981
-58.883267,50,10.824385
-56.554307,50,10.880712
-56.655011,50,10.922208
-50.719101,50,10.961328
-57.841603,50,11.010299
-57.341087,50,11.057184
-54.685782,50,11.113957
-55.910836,50,11.167957
-53.932409,50,11.221001
-54.800694,50,11.671061
-46.357409,50,11.733249
-58.882153,50,11.783779
-49.453162,50,11.830819
-52.817613,50,11.868713
-46.957767,50,11.908329
-51.489248,50,11.952681
-48.437653,50,12.00743
-50.003392,50,12.059991
-44.03876,50,12.099807
-51.930611,50,12.150086
-51.134795,50,12.193439
-48.715322,50,12.237072
-60.965572,50,12.282734
-57.627761,50,12.332989
-52.239904,50,12.373175
-53.079097,50,12.426116
-50.897933,50,12.475992
-58.366438,50,12.529608
-54.595603,50,12.572485
-62.662448,50,12.621599
-51.17533,50,12.669606
-56.44582,50,12.717893
-49.402006,50,12.754723
-59.892984,50,12.804862
-50.390556,50,12.837825
-50.784302,50,12.880822
-46.733007,50,12.913294
-57.396668,50,12.95181
-54.322821,50,12.998198
-52.426037,50,13.039472
-49.782964,50,13.072441
-48.082122,50,13.112529
-49.452159,50,13.161184
-58.400545,50,13.208313
-52.041174,50,13.241413
-57.902536,50,13.282352
-54.673283,50,13.342391
-56.396817,50,13.385966
-48.099661,50,13.434906
-53.832666,50,13.470688
-58.699082,50,13.924673
-43.138224,50,13.970932
-44.505713,50,14.014149
-48.495009,50,14.065291
-46.777728,50,14.108794
-48.154494,50,14.142581
-57.271709,50,14.180577
-53.255359,50,14.217538
-54.386992,50,14.250556
-48.405796,50,14.294648
-50.404004,50,14.33053
-43.644358,50,14.377597
-52.969477,50,14.420353
-45.866056,50,14.47039
-46.181766,50,14.517983
-52.91936,50,14.57262
-55.550978,50,14.630566
-45.365455,50,14.672176
-43.064348,50,14.723497
-49.959687,50,14.778336
-44.74391,50,14.831398
-56.329736,50,14.875096
-48.627751,50,14.940516
-52.623527,50,14.999065
-56.926563,50,15.050699
-52.443201,50,15.099536
-42.012006,50,15.155589
-52.04004,50,15.198311
-52.907332,50,15.233992
-48.135959,50,15.269151
-52.854448,50,15.311698
-50.593041,50,15.363827
-59.259572,50,15.410501
-44.347443,50,15.46534
-45.573924,50,15.50292
-55.14555,50,15.541572
-50.058993,50,15.592543
-50.018922,50,15.63892
-48.604029,50,15.692307
-50.888244,50,15.746887
-50.843301,50,15.795417
-54.476435,50,16.289459
-49.357165,50,16.348185
-52.173869,50,16.40617
-48.568645,50,16.467327
-47.020606,50,16.526047
-49.640822,50,16.578082
-56.110168,50,16.63286
-54.99802,50,16.681575
-44.587681,50,16.731918
-45.863833,50,16.775815
-49.220751,50,16.826599
-47.50047,50,16.87057
-51.924522,50,16.923975
-45.311392,50,16.959522
-54.261228,50,17.006186
-49.246397,50,17.049416
-59.559255,50,17.085698
-49.004438,50,17.119606
-48.24818,50,17.15601
-55.722159,50,17.200504
-39.72327,50,17.24879
-51.053408,50,17.297003
-46.444099,50,17.347804
-44.465887,50,17.404449
-49.897779,50,17.468353
-46.132007,50,17.52247
-54.888787,50,17.574623
-52.625314,50,17.631143
-52.985308,50,17.68661
-55.517325,50,17.742584
-48.66744,50,17.798045
-48.62905,50,17.853797
-53.887497,50,17.904561
-35.594024,50,17.955523
-45.063954,50,17.995171
-50.595798,50,18.045955
-45.911781,50,18.083871
-46.821255,50,18.128662
-49.08653,50,18.179973
-50.771666,50,18.224671
-50.146985,50,18.27903
-49.408888,50,18.757394
-51.175967,50,18.811686
-47.358656,50,18.864882
-47.95934,50,18.919521
-46.065703,50,18.966847
-45.024246,50,19.026495
-38.846378,50,19.079818
-51.797335,50,19.133422
-52.508829,50,19.180689
-48.118439,50,19.221568
-42.465489,50,19.258407
-51.637456,50,19.313247
-48.839387,50,19.3685
-36.563027,50,19.424197
-50.436232,50,19.479826
-43.989383,50,19.533295
-54.593246,50,19.590052
-47.206962,50,19.64957
-51.648761,50,19.703171
-46.62324,50,19.76248
-47.505412,50,19.823217
-51.329041,50,19.879412
-42.296731,50,19.930502
-51.315571,50,19.991346
-50.203543,50,20.039955
-50.629019,50,20.09583
-45.044928,50,20.141219
-49.047058,50,20.185659
-42.439524,50,20.227643
-42.685073,50,20.272287
-48.61415,50,20.322685
-52.629517,50,20.375786
-46.449036,50,20.43029
-41.733056,50,20.495668
-48.913859,50,20.55016
-44.179042,50,20.608838
-51.380516,50,20.671778
-47.049896,50,20.728709
-50.76091,50,20.7644
-45.645948,50,20.812972
-40.566245,50,20.855016
-46.86688,50,21.307833
-46.610232,50,21.373753
-45.02883,50,21.430676
-41.641284,50,21.489211
-45.873191,50,21.547412
-39.109083,50,21.612337
-49.008569,50,21.665897
-40.408378,50,21.721289
-44.415368,50,21.774457
-37.065723,50,21.828119
-39.376566,50,21.884713
-42.104255,50,21.935407
-49.574135,50,21.992987
-44.995559,50,22.037195
-43.063827,50,22.080131
-49.728749,50,22.123908
-43.720607,50,22.173024
-48.382029,50,22.218867
-44.897096,50,22.253758
-36.892047,50,22.300965
-43.929098,50,22.358303
-52.047402,50,22.416513
-40.369823,50,22.473128
-39.720162,50,22.528053
-48.40078,50,22.593509
-36.650435,50,22.645608
-39.179372,50,22.705922
-48.866633,50,22.747688
-50.724113,50,22.792721
-45.354821,50,22.849608
-41.349076,50,22.902123
-46.682637,50,22.949609
-53.38974,50,22.991642
-46.271327,50,23.049077
-38.385227,50,23.102501
-39.885927,50,23.153316
-40.78694,50,23.189123
-41.286149,50,23.239868
-41.223301,50,23.301349
-42.717151,50,23.355814
-43.293531,50,23.418153
-44.139507,50,23.888955
-40.783725,50,23.949254
-42.576687,50,23.998776
-48.050212,50,24.055831
-42.716155,50,24.106739
-41.530209,50,24.154018
-35.423841,50,24.198303
-43.824437,50,24.244681
-42.134711,50,24.300077
-40.266673,50,24.358137
-48.823582,50,24.415737
-37.469341,50,24.472894
-33.059905,50,24.528844
-36.181692,50,24.582134
-46.305024,50,24.639637
-36.891818,50,24.684913
-45.055323,50,24.727036
-36.162013,50,24.781558
-38.310986,50,24.823621
-31.558744,50,24.870497
-40.365841,50,24.919946
-46.426429,50,24.972776
-40.39554,50,25.024503
-40.867774,50,25.067229
-41.342454,50,25.123463
-44.428316,50,25.17815
-42.135228,50,25.221649
-44.991912,50,25.266178
-39.788154,50,25.311087
-38.164087,50,25.368511
-34.020629,50,25.416923
-46.264763,50,25.474544
-45.841416,50,25.531123
-41.09062,50,25.58499
-40.332477,50,25.638358
-35.848272,50,25.694603
-44.035148,50,25.747755
-43.356037,50,25.804009
-36.415611,50,25.860416
-46.558793,50,25.90194
-38.34744,50,25.953651
-40.65196,50,26.417616
-34.461109,50,26.471646
-34.76939,50,26.529096
-44.451233,50,26.592019
-34.256909,50,26.647518
-43.64047,50,26.709702
-39.248118,50,26.765214
-44.414096,50,26.825278
-38.006758,50,26.878236
-37.407547,50,26.938285
-39.803252,50,26.971769
-39.033663,50,27.007211
-42.503781,50,27.042647
-37.481897,50,27.075947
-34.364418,50,27.127341
-32.335439,50,27.183837
-41.622446,50,27.243457
-39.400123,50,27.293536
-30.49693,50,27.339733
-41.392856,50,27.37978
-37.896137,50,27.423611
-50.672256,50,27.481201
-41.787666,50,27.530356
-35.987537,50,27.590479
-40.502164,50,27.647863
-40.763023,50,27.703311
-41.488864,50,27.758231
-37.03451,50,27.820664
-40.571687,50,27.883223
-41.68426,50,27.939142
-33.327561,50,27.981125
-34.94651,50,28.019273
-33.873781,50,28.07641
-36.391631,50,28.113918
-43.390983,50,28.14642
-36.226554,50,28.185227
-32.596827,50,28.217084
-41.144601,50,28.255615
-40.854968,50,28.309866
-47.10075,50,28.358786
-34.964806,50,28.391747
-43.046203,50,28.867656
-40.273538,50,28.924548
-35.843539,50,28.983172
-32.026825,50,29.03742
-38.784935,50,29.09902
-33.537554,50,29.152519
-38.591897,50,29.212471
-30.397187,50,29.273698
-31.20379,50,29.328415
-30.637951,50,29.385692
-35.236154,50,29.44344
-41.009931,50,29.496109
-36.461987,50,29.55239
-37.094586,50,29.607084
-34.351328,50,29.657984
-35.993867,50,29.715199
-30.018962,50,29.771191
-28.47846,50,29.832649
-41.629947,50,29.890059
-36.922785,50,29.938137
-39.855267,50,29.990922
-30.884813,50,30.042595
-39.847042,50,30.095188
-33.779053,50,30.136263
-37.645059,50,30.189401
-32.608795,50,30.242555
-31.093204,50,30.289073
-33.112163,50,30.34479
-37.468306,50,30.402172
-34.639324,50,30.457844
-35.106309,50,30.509746
-37.164882,50,30.563457
-46.706328,50,30.623477
-36.045748,50,30.678578
-40.912746,50,30.736037
-35.766773,50,30.788176
-30.907525,50,30.848636
-44.015514,50,30.888319
-32.77617,50,30.919789
-40.607662,50,30.970995
-38.259064,50,31.015238
-26.494845,50,31.463004
-35.224475,50,31.516461
-31.488082,50,31.577477
-31.562219,50,31.635244
-35.042264,50,31.691969
-41.275057,50,31.747702
-35.654026,50,31.809114
-31.589542,50,31.858971
-37.049745,50,31.912957
-38.528578,50,31.964593
-35.21794,50,32.023452
-30.55162,50,32.064249
-33.398296,50,32.121624
-28.474286,50,32.168227
-31.068404,50,32.209463
-31.882054,50,32.260385
-30.134395,50,32.313232
-29.624574,50,32.360018
-28.853069,50,32.4022
-31.886882,50,32.446594
-35.469258,50,32.499855
-32.132789,50,32.558285
-34.123107,50,32.61313
-29.726801,50,32.671681
-31.468526,50,32.72778
-33.45595,50,32.784422
-41.687949,50,32.842776
-28.685824,50,32.885098
-33.121011,50,32.934915
-31.484252,50,32.978479
-32.291053,50,33.017971
-32.576437,50,33.056151
-34.75487,50,33.099001
-38.201974,50,33.141277
-30.269094,50,33.186192
-30.669198,50,33.238104
-33.787825,50,33.283494
-31.21835,50,33.327306
-29.476883,50,33.38238
-32.263891,50,33.422705
-38.417202,50,33.477863
-38.769093,50,33.933053
-26.521246,50,33.99192
-29.51948,50,34.05199
-31.735984,50,34.107251
-36.09975,50,34.168028
-25.865422,50,34.230574
-25.71954,50,34.266737
-28.126385,50,34.322845
-29.563946,50,34.363641
-32.484769,50,34.409582
-30.67307,50,34.461514
-29.474894,50,34.509491
-26.063556,50,34.566062
-28.98388,50,34.622112
-27.235949,50,34.674707
-28.740908,50,34.728827
-30.895863,50,34.783306
-35.765783,50,34.838689
-34.202948,50,34.903602
-27.96511,50,34.955237
-32.022327,50,35.012186
-26.391238,50,35.064067
-34.224599,50,35.120595
-31.534225,50,35.182528
-31.824311,50,35.237733
-36.310442,50,35.274556
-24.850391,50,35.320068
-30.516133,50,35.35638
-36.806739,50,35.399982
-27.505473,50,35.436935
-30.872555,50,35.491855
-28.158274,50,35.539867
-26.997585,50,35.597674
-31.308884,50,35.651912
-32.186939,50,35.706178
-36.589704,50,35.767336
-25.484913,50,35.826331
-37.003756,50,35.883185
-35.285808,50,35.931431
-32.753609,50,35.984972
-30.478063,50,36.025603
-31.623964,50,36.469853
-26.79017,50,36.512407
-33.045533,50,36.569552
-32.808477,50,36.622025
-25.055615,50,36.675611
-25.172753,50,36.729059
-28.167871,50,36.779321
-30.880883,50,36.839492
-29.75087,50,36.890105
-27.161041,50,36.942776
-37.303071,50,37.002339
-29.185161,50,37.055443
-28.463113,50,37.100358
-26.262714,50,37.151609
-29.239728,50,37.199734
-27.323164,50,37.246145
-26.613905,50,37.292988
-34.496106,50,37.334615
-29.486787,50,37.373785
-34.920095,50,37.413565
-28.241684,50,37.457675
-30.021959,50,37.513808
-27.352229,50,37.569704
-29.905268,50,37.625111
-21.29693,50,37.675053
-30.638673,50,37.732678
-33.174722,50,37.786427
-27.948405,50,37.842417
-27.077419,50,37.892977
-28.54211,50,37.95426
-25.535624,50,38.010664
-31.281012,50,38.062273
-28.220726,50,38.120807
-33.835504,50,38.167529
-24.103096,50,38.220083
-31.964984,50,38.269344
-25.762254,50,38.316891
-28.093628,50,38.371814
-24.89359,50,38.412613
-17.803631,50,38.454582
-21.387188,50,38.516749
-26.87163,50,38.979221
-21.696074,50,39.038053
-28.152153,50,39.093973
-26.425151,50,39.153874
-29.228817,50,39.214728
-31.284153,50,39.277186
-25.401906,50,39.328046
-22.145992,50,39.381448
-27.850536,50,39.424067
-29.819221,50,39.461671
-24.799312,50,39.50984
-28.79761,50,39.563501
-24.351041,50,39.615677
-31.306825,50,39.669528
-26.88421,50,39.729798
-28.997611,50,39.777285
-27.305108,50,39.812279
-25.06795,50,39.854914
-33.575669,50,39.904355
-27.484845,50,39.940722
-23.185414,50,39.993953
-27.573758,50,40.045147
-28.404284,50,40.10016
-28.971259,50,40.146418
-27.302083,50,40.194667
-31.821267,50,40.237734
-26.83816,50,40.281747
-28.383409,50,40.321121
-28.492579,50,40.379168
-27.410371,50,40.439647
-26.214531,50,40.491794
-27.866226,50,40.545294
-22.749256,50,40.597881
-24.294055,50,40.636922
-31.978032,50,40.691506
-30.380906,50,40.73921
-26.955658,50,40.785817
-24.578798,50,40.834357
-29.300048,50,40.891766
-29.389654,50,40.940944
-30.360488,50,40.979585
-30.285207,50,41.455575
-24.0785,50,41.512301
-21.317995,50,41.56012
-22.808853,50,41.608599
-22.810847,50,41.661147
-27.164455,50,41.699507
-27.863935,50,41.747741
-30.71359,50,41.785645
-26.830402,50,41.822701
-17.989186,50,41.878858
-21.950517,50,41.933636
-25.119347,50,41.974021
-33.035817,50,42.011227
-22.132439,50,42.06103
-20.033088,50,42.104304
-33.952151,50,42.155559
-28.019578,50,42.196175
-15.960771,50,42.240909
-26.564042,50,42.291664
-19.136044,50,42.347462
-25.347917,50,42.402216
-24.732151,50,42.455383
-22.255646,50,42.510213
-24.646569,50,42.551861
-25.076332,50,42.608341
-24.116787,50,42.652309
-24.362793,50,42.710863
-32.911532,50,42.75525
-24.083709,50,42.804937
-21.162274,50,42.849905
-27.35918,50,42.891368
-23.997336,50,42.945594
-25.167285,50,42.988937
-20.289568,50,43.043143
-22.329267,50,43.101608
-27.606272,50,43.143231
-29.253166,50,43.181954
-22.802696,50,43.229633
-29.116874,50,43.283404
-25.812984,50,43.327916
-28.894591,50,43.388734
-20.311542,50,43.883603
-21.94718,50,43.936291
-16.695088,50,43.985309
-20.643375,50,44.03513
-25.602615,50,44.076614
-23.030092,50,44.116978
-25.186424,50,44.171059
-19.382522,50,44.225087
-21.734691,50,44.269231
-20.589941,50,44.306303
-20.960323,50,44.345359
-27.650119,50,44.380056
-20.737899,50,44.416779
-16.311871,50,44.457882
-28.664606,50,44.500877
-17.919674,50,44.537396
-22.647573,50,44.578308
-25.667231,50,44.613455
-20.452613,50,44.667306
-23.30416,50,44.720572
-20.559229,50,44.770879
-16.608149,50,44.813863
-23.321216,50,44.864649
-23.087881,50,44.91749
-24.911994,50,44.976582
-24.64962,50,45.034038
-21.191562,50,45.085207
-20.805295,50,45.139943
-22.757541,50,45.196001
-22.89027,50,45.246696
-26.737281,50,45.301094
-18.85828,50,45.358523
-21.42376,50,45.416159
-20.091109,50,45.467674
-18.851468,50,45.519487
-24.740062,50,45.566041
-19.800456,50,45.613755
-20.928563,50,45.664983
-24.337249,50,45.708384
-24.108538,50,45.744718
-18.714975,50,45.797601
-18.383588,50,46.262336
-15.366347,50,46.319909
-22.612142,50,46.380835
-22.047741,50,46.438464
-17.626014,50,46.49061
-18.038091,50,46.548201
-20.359999,50,46.606224
-20.797758,50,46.671151
-21.540558,50,46.729537
-24.120508,50,46.771074
-17.424995,50,46.81905
-15.919058,50,46.863373
-24.206842,50,46.910467
-24.056696,50,46.959717
-21.364206,50,47.019735
-22.448315,50,47.058134
-19.909508,50,47.114482
-16.879689,50,47.162765
-18.348716,50,47.201204
-18.387365,50,47.256545
-24.119768,50,47.311395
-23.444519,50,47.366304
-25.6366,50,47.430711
-18.846615,50,47.492159
-21.19833,50,47.546408
-26.753651,50,47.610077
-16.302452,50,47.662552
-29.207358,50,47.706763
-18.589946,50,47.755342
-19.334809,50,47.809666
-21.580863,50,47.858153
-22.641858,50,47.904591
-26.330367,50,47.951908
-17.72258,50,48.013906
-19.400529,50,48.063235
-15.239683,50,48.101422
-26.59441,50,48.158553
-23.02071,50,48.210831
-18.577906,50,48.266157
-17.373803,50,48.326964
-20.602994,50,48.385727
-24.545631,50,48.869081
-22.426179,50,48.918345
-17.076556,50,48.975096
-18.244731,50,49.020987
-21.027203,50,49.07837
-15.881628,50,49.143716
-21.143589,50,49.200775
-21.020736,50,49.257024
-21.390268,50,49.319528
-17.916731,50,49.388052
-19.689387,50,49.447544
-17.852794,50,49.498994
-19.814222,50,49.557108
-16.016755,50,49.618957
-19.436492,50,49.67535
-18.701546,50,49.716523
-24.525268,50,49.780665
-19.727291,50,49.83588
-18.638761,50,49.891195
-23.741345,50,49.943915
-19.450345,50,49.987966
-17.700315,50,50.043331
-18.810816,50,50.097779
-26.115379,50,50.143085
-23.129664,50,50.188948
-17.171018,50,50.243005
-22.959801,50,50.30129
-18.250917,50,50.357649
-17.700249,50,50.4095
-17.647278,50,50.46879
-21.892044,50,50.534296
-14.10686,50,50.592044
-17.886079,50,50.654059
-21.067736,50,50.707355
-17.617318,50,50.766401
-24.702662,50,50.813588
-19.317485,50,50.854834
-18.238126,50,50.895003
-23.89197,50,50.95117
-17.64422,50,50.990177
-21.730162,50,51.035973
-23.232229,50,51.524595
-18.279514,50,51.577513
-23.856395,50,51.637222
-16.229334,50,51.688764
-23.533855,50,51.739372
-18.34925,50,51.804592
-16.092943,50,51.859503
-20.347764,50,51.913132
-16.271762,50,51.970572
-18.608889,50,52.014546
-21.300582,50,52.062241
-16.868645,50,52.11042
-14.977563,50,52.16361
-20.316619,50,52.212668
-18.067085,50,52.24662
-17.271321,50,52.283317
-21.529651,50,52.336719
-23.774233,50,52.379905
-12.921944,50,52.419106
-16.898381,50,52.456708
-17.690237,50,52.503151
-17.272931,50,52.551092
-20.976764,50,52.591165
-18.407336,50,52.640977
-15.667208,50,52.681463
-17.387633,50,52.727659
-17.337646,50,52.786408
-18.631248,50,52.836413
-18.002472,50,52.883784
-12.847297,50,52.935433
-14.191168,50,52.977916
-13.516317,50,53.039137
-20.505046,50,53.100631
-23.273787,50,53.160755
-14.57152,50,53.207024
-17.302266,50,53.250644
-21.540436,50,53.287476
-22.340557,50,53.342177
-16.25664,50,53.396588
-18.109068,50,53.448018
-17.082776,50,53.489808
-20.573059,50,53.936789
-19.617691,50,53.982798
-16.077558,50,54.035115
-16.555847,50,54.077914
-16.209634,50,54.128875
-21.314405,50,54.177845
-20.581122,50,54.232725
-18.010983,50,54.28001
-20.981004,50,54.314258
-21.869758,50,54.347189
-17.653527,50,54.381536
-13.148343,50,54.4155
-18.090938,50,54.464546
-19.153376,50,54.515872
-13.867212,50,54.5801
-16.864467,50,54.646416
-18.102486,50,54.699483
-20.82579,50,54.755304
-21.135086,50,54.810962
-14.701987,50,54.868454
-18.594123,50,54.920834
-24.849365,50,54.962299
-20.636297,50,55.009527
-12.7658,50,55.052228
-17.708171,50,55.082007
-16.829649,50,55.144741
-14.468507,50,55.204523
-20.027456,50,55.24496
-17.2959,50,55.287751
-15.509408,50,55.336159
-14.570635,50,55.377449
-14.669224,50,55.429568
-13.909681,50,55.470727
-15.514344,50,55.535514
-12.730433,50,55.576325
-20.642449,50,55.622238
-22.416732,50,55.679451
-17.729859,50,55.726368
-14.721906,50,55.787001
-14.786905,50,55.83602
-16.689817,50,55.886787
-16.787529,50,56.365946
-12.90508,50,56.407059
-13.223273,50,56.462943
-19.536621,50,56.507247
-18.318356,50,56.5625
-18.398667,50,56.618432
-15.176401,50,56.667929
-15.670018,50,56.721743
-12.690691,50,56.774564
-14.940824,50,56.822541
-17.052954,50,56.870209
-17.305515,50,56.915679
-14.078034,50,56.956713
-16.369024,50,57.016099
-18.201566,50,57.076388
-12.502404,50,57.134918
-10.677557,50,57.182413
-19.315644,50,57.229476
-15.885656,50,57.28008
-22.1495,50,57.333187
-15.504337,50,57.384299
-14.897745,50,57.437758
-17.172525,50,57.492124
-19.251356,50,57.547144
-17.851364,50,57.586257
-11.141759,50,57.621878
-19.904777,50,57.676922
-14.593316,50,57.731523
-15.694401,50,57.780568
-13.864028,50,57.831147
-16.146521,50,57.874789
-13.744014,50,57.914681
-21.427032,50,57.953062
-14.096771,50,58.004254
-15.367572,50,58.054442
-11.460284,50,58.103382
-14.150286,50,58.148243
-16.114993,50,58.202421
-17.645224,50,58.251135
-15.926986,50,58.293813
-19.529943,50,58.349336
-20.904064,50,58.837274
-18.13495,50,58.89467
-17.638857,50,58.950276
-19.769504,50,59.008203
-14.314442,50,59.06514
-13.630158,50,59.121411
-16.490281,50,59.177257
-14.321336,50,59.228972
-12.77184,50,59.288936
-17.327975,50,59.344573
-12.99157,50,59.406796
-13.837428,50,59.456021
-13.267835,50,59.509152
-14.345096,50,59.57936
-13.269924,50,59.638141
-19.233645,50,59.699079
-17.399652,50,59.756208
-13.23438,50,59.816393
-14.8665,50,59.873566
-11.747715,50,59.9266
-21.405603,50,59.974464
-14.529632,50,60.025612
-13.084446,50,60.088773
-16.61055,50,60.144484
-19.906131,50,60.203748
-13.716287,50,60.259667
-13.353599,50,60.316952
-14.044711,50,60.368903
-13.067969,50,60.418163
-16.618834,50,60.477889
-14.752812,50,60.532457
-21.727165,50,60.576293
-14.146009,50,60.624607
-14.010014,50,60.671283
-12.945831,50,60.714618
-18.283758,50,60.782241
-13.850588,50,60.831923
-17.988722,50,60.885497
-19.020066,50,60.949131
-15.408527,50,61.010863
-14.364595,50,61.057192
-13.495059,50,61.545268
-14.169091,50,61.583438
-12.626792,50,61.624185
-17.330526,50,61.660895
-12.799305,50,61.700106
-16.154051,50,61.753974
-14.884098,50,61.807356
-17.693555,50,61.856393
-17.748495,50,61.912652
-15.993544,50,61.968464
-14.527459,50,62.025002
-12.51545,50,62.057354
-15.488207,50,62.093762
-13.966136,50,62.133103
-11.36978,50,62.167437
-14.129445,50,62.203116
-14.835211,50,62.243506
-14.019362,50,62.278546
-11.008607,50,62.318568
-14.014849,50,62.354514
-13.379765,50,62.389622
-15.689208,50,62.425981
-15.345173,50,62.461479
-18.671581,50,62.506087
-16.802827,50,62.55188
-19.594824,50,62.609365
-12.61621,50,62.651216
-13.159639,50,62.687722
-17.044774,50,62.739844
-16.426517,50,62.779029
-16.195206,50,62.828353
-11.130733,50,62.885213
-11.113524,50,62.925338
-15.24057,50,62.96198
-11.880808,50,63.006927
-20.584343,50,63.047909
-14.13755,50,63.085266
-13.445651,50,63.12285
-14.69696,50,63.160516
-13.990837,50,63.201801
-12.444094,50,63.248377
-16.831318,50,63.731464
-11.072999,50,63.763389
-13.292335,50,63.799775
-13.12427,50,63.832372
-13.059777,50,63.869053
-10.157932,50,63.912139
-13.803016,50,63.961619
-12.483306,50,64.000799
-11.712983,50,64.045514
-11.87454,50,64.106057
-17.577839,50,64.147746
-10.97679,50,64.184803
-12.38679,50,64.217992
-15.117622,50,64.25
-15.868349,50,64.283226
-10.4482,50,64.331583
-12.472572,50,64.3682
-18.94775,50,64.401266
-12.4053,50,64.434163
-14.99533,50,64.466704
-12.883104,50,64.49915
-12.252614,50,64.531486
-14.469483,50,64.563909
-14.221191,50,64.596438
-15.044711,50,64.628714
-10.737927,50,64.663912
-14.36346,50,64.703399
-13.871112,50,64.752995
-13.438136,50,64.794562
-11.194711,50,64.839319
-10.485176,50,64.88122
-12.953818,50,64.911759
-18.220373,50,64.945934
-10.888673,50,64.993774
-16.376859,50,65.045777
-13.784328,50,65.088569
-13.854,50,65.134423
-16.683427,50,65.183968
-15.79633,50,65.216751
-14.533318,50,65.248685
-14.642854,50,65.686055
-13.05552,50,65.721785
-14.453658,50,65.75454
-12.781201,50,65.786782
-11.055572,50,65.818973
-13.770539,50,65.856833
-12.369089,50,65.910711
-12.703063,50,65.952693
-15.143464,50,66.001517
-14.356757,50,66.037148
-11.404919,50,66.073471
-15.668527,50,66.106081
-11.465148,50,66.139884
-13.395753,50,66.185339
-20.774319,50,66.228102
-12.456259,50,66.261482
-12.955213,50,66.298041
-9.876868,50,66.331713
-13.52326,50,66.373833
-11.269507,50,66.414613
-11.306296,50,66.453877
-16.881278,50,66.485707
-17.694854,50,66.516229
-12.474782,50,66.548005
-16.758439,50,66.58027
-10.260237,50,66.610037
-18.047975,50,66.639863
-15.743001,50,66.669603
-12.261455,50,66.699465
-14.550424,50,66.729937
-10.418256,50,66.764103
-13.940769,50,66.807873
-15.88732,50,66.845068
-17.324873,50,66.882346
-13.549477,50,66.933884
-16.68573,50,66.969465
-19.201362,50,67.015102
-12.450876,50,67.050036
-11.311207,50,67.086318
-13.290072,50,67.146012
-11.349677,50,67.20456
-9.209302,50,67.663674
-14.970658,50,67.698277
-16.143135,50,67.73872
-18.119956,50,67.776599
-13.965118,50,67.813811
-11.622357,50,67.84966
-14.42861,50,67.883143
-14.244291,50,67.942611
-14.37234,50,67.990448
-12.210184,50,68.032568
-13.467795,50,68.07089
-19.261769,50,68.124321
-11.301382,50,68.163406
-13.86222,50,68.203421
-12.379994,50,68.264255
-12.395114,50,68.334642
-10.200555,50,68.402824
-11.421482,50,68.473614
-13.616915,50,68.544891
-19.807087,50,68.623488
-19.361097,50,68.696836
-10.236774,50,68.768258
-11.382662,50,68.84487
-10.91291,50,68.921196
-13.378352,50,68.990247
-15.816493,50,69.060471
-10.873311,50,69.128854
-11.041815,50,69.197119
-17.777524,50,69.269348
-11.169122,50,69.340785
-10.502197,50,69.418096
-15.163791,50,69.492133
-16.380032,50,69.564677
-16.136668,50,69.63711
-14.364237,50,69.709573
-12.953144,50,69.782379
-9.652594,50,69.857384
-13.519172,50,69.931335
-8.842166,50,70.003806
-12.026924,50,70.076714
-15.905297,50,70.151441
-11.438263,50,71.122789
-11.929951,50,71.201441
-18.747753,50,71.278507
-13.117843,50,71.348107
-14.43591,50,71.41695
-12.062527,50,71.490519
-11.313853,50,71.562644
-13.302632,50,71.637012
-17.424846,50,71.709746
-7.232622,50,71.781071
-11.912185,50,71.854315
-12.388281,50,71.905609
-11.231242,50,71.949911
-13.24337,50,71.984623
-9.76754,50,72.018742
-9.691291,50,72.054411
-9.869308,50,72.08914
-10.264765,50,72.146091
-10.75278,50,72.217518
-16.703194,50,72.289797
-10.552067,50,72.358733
-18.427458,50,72.430473
-11.416708,50,72.501993
-10.554383,50,72.572213
-17.553028,50,72.64523
-18.97056,50,72.715693
-12.208387,50,72.787798
-13.698885,50,72.85758
-13.950848,50,72.930069
-18.290513,50,73.001589
-12.776119,50,73.071224
-15.165968,50,73.13904
-13.32306,50,73.210419
-10.458081,50,73.279391
-12.010172,50,73.350535
-11.68965,50,73.419094
-9.09331,50,73.4904
-8.461741,50,73.562033
-9.384644,50,73.634038
-9.96159,50,73.704885
-11.64846,50,73.777714
-10.762901,50,74.69601
-13.636718,50,74.769665
-10.352936,50,74.838557
-10.371706,50,74.91182
-14.928753,50,74.981252
-10.611072,50,75.049642
-13.224742,50,75.119388
-9.268716,50,75.188519
-17.1541,50,75.259503
-11.333348,50,75.330126
-11.179749,50,75.401335
-12.50287,50,75.471409
-13.027352,50,75.538917
-15.15034,50,75.606647
-15.409423,50,75.676335
-13.314022,50,75.7479
-7.654102,50,75.817618
-16.142203,50,75.885562
-16.228001,50,75.955158
-13.880543,50,76.02577
-16.61516,50,76.06461
-12.02486,50,76.100141
-11.890494,50,76.136133
-12.280664,50,76.174635
-11.835171,50,76.21102
-10.89049,50,76.244669
-14.475961,50,76.278431
-12.539802,50,76.31163
-11.384339,50,76.345533
-16.134372,50,76.378874
-10.278218,50,76.41585
-9.210041,50,76.457925
-16.044572,50,76.494665
-9.868522,50,76.539253
-10.560615,50,76.571142
-13.684781,50,76.606015
-10.857841,50,76.638909
-13.046559,50,76.672812
-13.709141,50,76.708816
-10.283528,50,76.745726
-17.684711,50,76.778313
-15.546781,50,77.246451
-13.606176,50,77.293945
-15.857584,50,77.329029
-9.524847,50,77.361147
-9.868651,50,77.397781
-14.084616,50,77.434625
-10.669019,50,77.467201
-13.717149,50,77.50726
-9.453793,50,77.543167
-11.055251,50,77.582862
-13.841091,50,77.627695
-10.22092,50,77.667065
-14.481999,50,77.705598
-10.383926,50,77.749424
-14.679487,50,77.781212
-8.807199,50,77.813265
-11.065165,50,77.854079
-17.741124,50,77.915821
-11.457925,50,77.971549
-13.26861,50,78.01287
-16.791904,50,78.065106
-11.538187,50,78.118992
-16.900432,50,78.164563
-13.021421,50,78.210333
-11.114452,50,78.247667
-15.491256,50,78.295251
-14.357735,50,78.343092
-9.749126,50,78.377213
-9.984845,50,78.409484
-11.306399,50,78.45458
-9.979293,50,78.492482
-13.196275,50,78.524475
-12.938909,50,78.576667
-9.400006,50,78.609965
-13.559886,50,78.642276
-9.79861,50,78.677161
-11.72163,50,78.721677
-12.847713,50,78.764928
-7.712656,50,78.808367
-15.321388,50,78.841091
-9.409813,50,78.882019
-13.890225,50,79.325903
-16.993398,50,79.377404
-8.869965,50,79.427986
-9.855194,50,79.467217
-11.275355,50,79.504695
-8.575407,50,79.535907
-10.054131,50,79.586773
-14.028894,50,79.63244
-13.874476,50,79.668995
-8.343162,50,79.713864
-7.640827,50,79.767608
-12.413033,50,79.824121
-10.000622,50,79.880446
-10.432954,50,79.938685
-14.393529,50,79.99177
-8.536921,50,80.030268
-9.804861,50,80.078969
-13.620204,50,80.119994
-10.828122,50,80.155192
-12.116723,50,80.195667
-9.889084,50,80.256248
-8.609662,50,80.302541
-10.812893,50,80.368824
-12.506745,50,80.431122
-9.211198,50,80.470718
-10.210287,50,80.515196
-17.521972,50,80.567874
-13.369878,50,80.618491
-8.352577,50,80.671278
-13.381073,50,80.727253
-10.74138,50,80.788496
-12.812498,50,80.854251
-12.693081,50,80.920026
-10.105041,50,80.980169
-8.415861,50,81.041957
-10.523915,50,81.100721
-12.901373,50,81.157694
-9.802038,50,81.214193
-12.344299,50,81.274024
-10.28498,50,81.332029
-13.50187,50,81.38495
-12.987561,50,81.85336
-8.229193,50,81.913705
-9.802863,50,81.956175
-11.370452,50,82.014799
-8.789947,50,82.064903
-13.777814,50,82.102651
-16.962088,50,82.136447
-12.910538,50,82.179738
-12.989049,50,82.217431
-11.505974,50,82.261102
-17.065702,50,82.290587
-9.2258,50,82.321105
-14.742375,50,82.365297
-8.933787,50,82.400361
-11.859464,50,82.435477
-13.665053,50,82.48609
-9.7084,50,82.544714
-17.616397,50,82.603742
-7.577291,50,82.649834
-7.828673,50,82.694344
-14.901167,50,82.745296
-14.810496,50,82.777182
-12.348955,50,82.823903
-15.695212,50,82.878876
-13.444741,50,82.922399
-12.343746,50,82.975276
-8.009872,50,83.016789
-10.818744,50,83.061136
-11.584517,50,83.101684
-9.283284,50,83.148683
-13.408532,50,83.188644
-12.142383,50,83.241781
-15.013907,50,83.282051
-8.856382,50,83.329047
-9.992588,50,83.373967
-8.748686,50,83.428929
-8.951379,50,83.474461
-9.638107,50,83.526788
-8.377457,50,83.56164
-11.137057,50,83.611165
-10.199145,50,83.659815
-12.955231,50,84.143533
-11.432549,50,84.20466
-18.423345,50,84.254731
-8.596851,50,84.316419
-17.266096,50,84.35034
-18.960642,50,84.405031
-12.096219,50,84.453138
-13.772344,50,84.501804
-9.18105,50,84.54802
-10.40766,50,84.600078
-10.1284,50,84.656852
-10.246777,50,84.715258
-8.863892,50,84.757078
-9.165743,50,84.814265
-9.223798,50,84.864388
-9.54727,50,84.907171
-9.952802,50,84.950689
-10.027988,50,84.995292
-9.731086,50,85.049018
-10.712143,50,85.097885
-9.714865,50,85.153955
-10.77408,50,85.211268
-11.798986,50,85.270276
-8.945987,50,85.311946
-13.897814,50,85.362633
-14.210295,50,85.409297
-8.014997,50,85.467972
-10.250283,50,85.504743
-12.823296,50,85.5574
-14.016803,50,85.608589
-14.41918,50,85.664379
-10.448535,50,85.718365
-11.035955,50,85.778547
-12.470187,50,85.833174
-10.11964,50,85.882336
-12.312305,50,85.940471
-11.523893,50,85.989212
-8.052142,50,86.039319
-17.061377,50,86.084337
-9.648096,50,86.128413
-11.52695,50,86.168694
-11.75545,50,86.656754
-8.921989,50,86.710063
-17.975088,50,86.748189
-10.587339,50,86.798067
-16.535985,50,86.849238
-8.793451,50,86.882308
-10.253432,50,86.932681
-11.310257,50,86.975619
-12.233412,50,87.026383
-9.763124,50,87.081535
-8.203003,50,87.139528
-9.514774,50,87.203506
-9.452617,50,87.269151
-11.277821,50,87.324227
-11.350536,50,87.3859
-12.21753,50,87.449657
-10.001484,50,87.515997
-15.36076,50,87.5775
-10.845099,50,87.638381
-13.003259,50,87.698829
-8.818232,50,87.75956
-9.030633,50,87.806804
-16.818447,50,87.856256
-13.186405,50,87.915481
-9.964999,50,87.974457
-10.809736,50,88.025792
-14.854467,50,88.079994
-13.245071,50,88.139534
-11.162748,50,88.191483
-12.068206,50,88.231184
-16.277346,50,88.29407
-7.139488,50,88.337078
-13.641773,50,88.392133
-9.646196,50,88.439826
-14.022609,50,88.48245
-12.025258,50,88.522791
-16.58198,50,88.575698
-9.709527,50,88.638281
-13.997169,50,88.680206
-15.969205,50,88.730045
-14.834771,50,88.775053
-10.704624,50,89.263167
-9.766857,50,89.32387
-12.101726,50,89.378439
-9.750646,50,89.441599
-7.566718,50,89.480729
-16.482037,50,89.522263
-10.06898,50,89.559283
-10.180353,50,89.600092
-16.155024,50,89.656878
-16.539442,50,89.714132
-17.507315,50,89.762561
-13.387327,50,89.807261
-10.944938,50,89.847783
-17.649693,50,89.891968
-8.984754,50,89.934963
-10.715174,50,89.979621
-13.507591,50,90.016921
-8.737868,50,90.064039
-10.860076,50,90.105167
-8.849129,50,90.145019
-8.192456,50,90.19154
-8.818877,50,90.237972
-9.237782,50,90.296488
-9.58666,50,90.351406
-9.992596,50,90.389778
-16.634528,50,90.435029
-8.167363,50,90.490539
-8.024726,50,90.534442
-11.794706,50,90.579595
-7.401669,50,90.619506
-15.324455,50,90.672444
-14.462252,50,90.717793
-13.979335,50,90.758306
-15.184394,50,90.813727
-15.977044,50,90.860412
-12.753257,50,90.908014
-8.624575,50,90.949416
-14.32713,50,90.987976
-16.463153,50,91.042543
-14.105985,50,91.083772
-12.36536,50,91.134335
-11.598447,50,91.590441
-8.632214,50,91.64432
-10.239833,50,91.697597
-13.366507,50,91.740581
-11.707061,50,91.778795
-7.474467,50,91.825129
-9.109821,50,91.865465
-16.094818,50,91.911217
-7.528817,50,91.952813
-13.70865,50,92.001234
-14.116431,50,92.045226
-11.128606,50,92.080735
-7.839537,50,92.132642
-10.361218,50,92.172163
-8.586263,50,92.20412
-9.41864,50,92.251824
-7.64004,50,92.296125
-11.66746,50,92.348189
-5.810625,50,92.407644
-11.207306,50,92.445914
-10.097963,50,92.507806
-15.155836,50,92.567172
-9.621023,50,92.615645
-9.515862,50,92.671545
-11.645115,50,92.735268
-9.712605,50,92.789326
-14.540898,50,92.845148
-9.578842,50,92.897224
-11.079846,50,92.942751
-7.65845,50,92.995487
-8.717322,50,93.045894
-11.432663,50,93.101092
-10.353408,50,93.137547
-11.344535,50,93.180011
-13.043382,50,93.230242
-8.477848,50,93.281986
-12.933659,50,93.322116
-8.70892,50,93.357696
-16.932097,50,93.405616
-9.745097,50,93.457305
-9.227173,50,93.507739
-8.749375,50,93.993499
-12.298981,50,94.033173
-8.42994,50,94.080165
-10.121733,50,94.137824
-14.085796,50,94.196537
-8.162111,50,94.251794
-9.140282,50,94.302398
-10.564486,50,94.34067
-16.694062,50,94.381563
-13.601137,50,94.434478
-7.139455,50,94.483997
-16.67203,50,94.537798
-9.467195,50,94.579645
-6.676112,50,94.637486
-14.421616,50,94.69029
-12.769749,50,94.747508
-11.017001,50,94.802268
-12.875401,50,94.853361
-10.485767,50,94.907122
-7.577543,50,94.962117
-8.657774,50,95.019563
-8.779112,50,95.06862
-10.477462,50,95.10828
-8.104613,50,95.13997
-9.083038,50,95.197432
-9.780565,50,95.241297
-14.437508,50,95.287491
-9.165529,50,95.341221
-11.902285,50,95.379428
-16.236899,50,95.431646
-7.183422,50,95.477403
-11.282867,50,95.54972
-11.213394,50,95.604547
-7.708846,50,95.644735
-14.372055,50,95.698275
-11.911491,50,95.7401
-16.198035,50,95.77949
-16.333056,50,95.829555
-6.129222,50,95.874322
-10.231968,50,95.927451
-7.047989,50,95.987728
-9.376787,50,96.436761
-6.303944,50,96.48908
-8.447973,50,96.530665
-7.379137,50,96.572258
-15.28511,50,96.627137
-8.852963,50,96.680408
-9.42273,50,96.735213
-10.514193,50,96.781632
-7.019916,50,96.829068
-6.639201,50,96.871413
-13.235967,50,96.910917
-9.278551,50,96.94892
-15.418619,50,96.995412
-10.954757,50,97.050024
-8.631361,50,97.108449
-9.75451,50,97.163069
-10.418327,50,97.216972
-6.110427,50,97.274001
-7.550067,50,97.324695
-10.719112,50,97.375997
-7.102697,50,97.416441
-9.18708,50,97.464346
-8.609008,50,97.50158
-16.869658,50,97.543161
-12.682064,50,97.59233
-7.932935,50,97.623655
-16.854166,50,97.663739
-14.890953,50,97.7018
-9.806077,50,97.755301
-15.166739,50,97.805867
-16.752055,50,97.856165
-13.41049,50,97.8906
-13.594795,50,97.922977
-7.698614,50,97.965216
-11.193873,50,98.02259
-16.203044,50,98.080074
-9.63069,50,98.133702
-13.072962,50,98.18717
-8.583491,50,98.245711
-12.188067,50,98.29233
-11.344739,50,98.344666
-14.443553,50,98.780683
-15.248097,50,98.826353
-7.152782,50,98.864209
-6.409727,50,98.899616
-13.201571,50,98.934426
-15.087517,50,98.995333
-7.867304,50,99.051678
-12.943973,50,99.109857
-15.182105,50,99.169026
-12.543621,50,99.222468
-10.61901,50,99.278754
-9.760523,50,99.33734
-8.10043,50,99.396527
-12.293766,50,99.452345
-8.813543,50,99.505545
-16.037874,50,99.549782
-9.54331,50,99.586063
-16.911924,50,99.631169
-9.575422,50,99.672868
-12.911782,50,99.722763
-11.432279,50,99.760767
-7.556359,50,99.807818
-16.070794,50,99.846781
-9.240435,50,99.889263
-7.7276,50,99.943176
-13.216462,50,99.989358
-8.03641,50,100.043197
-13.432221,50,100.096693
-8.686927,50,100.151349
-7.546505,50,100.205333
-8.990725,50,100.26688
-7.486259,50,100.319447
-12.818901,50,100.375795
-9.282065,50,100.432481
-13.802625,50,100.482143
-11.802217,50,100.528779
-10.46906,50,100.579142
-8.43558,50,100.616691
-7.654188,50,100.665881
-6.358556,50,100.706979
-9.801701,50,100.747728
-8.36351,50,101.212786
-7.103825,50,101.268189
-12.280891,50,101.320661
-8.872375,50,101.377649
-17.197286,50,101.428808
-12.008993,50,101.491284
-11.258904,50,101.544342
-7.70954,50,101.604589
-14.184993,50,101.656332
-6.889156,50,101.715129
-9.051128,50,101.757389
-8.282757,50,101.796623
-12.033979,50,101.838822
-13.474118,50,101.879804
-12.679151,50,101.924694
-15.040551,50,101.9673
-14.454544,50,102.010417
-9.007944,50,102.053675
-8.088152,50,102.093205
-9.850546,50,102.145161
-12.120294,50,102.200037
-8.949314,50,102.249495
-17.443689,50,102.309184
-13.179818,50,102.363939
-10.89896,50,102.415936
-7.849518,50,102.471831
-13.379552,50,102.533288
-7.558109,50,102.577474
-9.754878,50,102.615342
-11.34258,50,102.656934
-13.364917,50,102.694411
-6.94256,50,102.733468
-6.931555,50,102.771544
-11.066443,50,102.815615
-12.794797,50,102.863572
-11.380061,50,102.902655
-12.782038,50,102.949092
-9.348766,50,102.983756
-9.212253,50,103.02723
-11.262523,50,103.062306
-8.501073,50,103.093129
-10.03877,50,103.557796
-8.03805,50,103.609295
-14.259136,50,103.662448
-10.975137,50,103.721491
-11.253227,50,103.77353
-11.652331,50,103.835521
-8.300004,50,103.89274
-7.040224,50,103.954183
-18.030687,50,104.001598
-8.038347,50,104.062193
-11.510919,50,104.107474
-9.283733,50,104.157904
-14.137856,50,104.201889
-7.716696,50,104.244711
-9.501899,50,104.281908
-10.079287,50,104.318429
-9.703219,50,104.364643
-9.620715,50,104.423583
-14.206357,50,104.463332
-6.714116,50,104.523015
-13.506911,50,104.567436
-8.155253,50,104.623583
-10.719007,50,104.677443
-10.420845,50,104.728485
-7.300268,50,104.775604
-8.486225,50,104.827793
-9.544404,50,104.880174
-16.798589,50,104.936826
-11.863509,50,104.976864
-9.035612,50,105.010326
-14.125659,50,105.055615
-13.135136,50,105.102605
-11.104016,50,105.146108
-14.095728,50,105.185447
-7.197512,50,105.234277
-8.240085,50,105.290148
-12.180961,50,105.331143
-11.959965,50,105.385759
-10.840116,50,105.434115
-17.47253,50,105.485857
-14.393329,50,105.545178
-8.86811,50,106.005259
-11.509204,50,106.065471
-7.631962,50,106.118779
-8.616559,50,106.157104
-12.526252,50,106.204674
-8.933713,50,106.242951
-14.04658,50,106.29405
-12.167569,50,106.338328
-7.830369,50,106.379208
-13.047804,50,106.429492
-6.345189,50,106.470656
-8.816181,50,106.517552
-6.01466,50,106.579533
-9.433093,50,106.631119
-15.561846,50,106.684142
-7.689242,50,106.744746
-10.085654,50,106.801211
-7.619578,50,106.855036
-12.006978,50,106.907881
-10.235832,50,106.957963
-6.346978,50,107.011156
-15.497038,50,107.059922
-12.970984,50,107.109476
-7.575357,50,107.168138
-16.828637,50,107.20843
-6.093297,50,107.248722
-13.413101,50,107.297356
-12.864152,50,107.341565
-7.331497,50,107.38464
-9.654636,50,107.438698
-14.989306,50,107.484749
-9.244789,50,107.534279
-11.433061,50,107.587105
-9.572783,50,107.635552
-7.951023,50,107.686594
-10.04481,50,107.73421
-7.388061,50,107.777743
-8.874499,50,107.823594
-8.79489,50,107.859808
-5.727536,50,107.903258
-16.149905,50,107.945231
-11.285152,50,108.477764
-15.009883,50,108.532526
-8.98877,50,108.590852
-13.175774,50,108.644863
-6.733001,50,108.698226
-7.612057,50,108.744771
-17.482348,50,108.795847
-9.247065,50,108.842695
-10.491011,50,108.902233
-11.344771,50,108.949467
-11.441568,50,108.995931
-11.81429,50,109.044163
-13.256598,50,109.090887
-7.417403,50,109.136486
-10.917823,50,109.187689
-17.860718,50,109.237337
-11.18911,50,109.297092
-18.547124,50,109.349554
-10.237761,50,109.392187
-11.799184,50,109.448193
-9.578194,50,109.502037
-10.571502,50,109.558122
-10.976177,50,109.615254
-10.728708,50,109.67266
-8.410111,50,109.729634
-6.08044,50,109.770656
-15.831151,50,109.816645
-15.791422,50,109.861566
-7.10865,50,109.908931
-9.085022,50,109.946604
-13.166257,50,109.992064
-8.637675,50,110.027335
-15.642398,50,110.064046
-15.789009,50,110.111003
-10.58299,50,110.153948
-9.42613,50,110.204372
-11.018927,50,110.250715
-10.819743,50,110.293664
-8.807633,50,110.335056
-7.663471,50,110.379387
-14.264422,50,110.418676
-13.8083,50,110.895965
-16.708435,50,110.945423
-9.756098,50,111.00898
-13.179645,50,111.064905
-8.730685,50,111.114727
-10.183512,50,111.145722
-19.350391,50,111.202103
-9.782534,50,111.233092
-15.043917,50,111.297109
-13.318204,50,111.342753
-12.853508,50,111.389313
-5.64562,50,111.436117
-10.199729,50,111.469392
-13.642627,50,111.502303
-7.737131,50,111.535145
-15.894365,50,111.568555
-9.053657,50,111.603025
-12.896817,50,111.65076
-17.233346,50,111.698581
-15.088208,50,111.732078
-10.739548,50,111.771691
-10.64086,50,111.805399
-10.975768,50,111.838476
-5.715409,50,111.89563
-15.274846,50,111.952041
-13.331979,50,112.016663
-5.986451,50,112.081847
-9.36813,50,112.1407
-13.455254,50,112.197308
-17.180526,50,112.256251
-6.308706,50,112.318954
-7.705159,50,112.383419
-10.454241,50,112.441167
-6.297175,50,112.493316
-13.374467,50,112.526298
-7.41305,50,112.565902
-8.084778,50,112.606152
-8.982298,50,112.661931
-9.130426,50,112.713682
-9.692086,50,112.754244
-14.168127,50,112.795608
-13.997656,50,113.269618
-7.938329,50,113.329834
-7.72322,50,113.385947
-8.876478,50,113.446126
-15.396498,50,113.502902
-16.120983,50,113.575089
-8.956816,50,113.629114
-8.146572,50,113.699113
-10.175957,50,113.766478
-4.810304,50,113.830985
-16.18092,50,113.887379
-7.469406,50,113.931843
-10.929342,50,113.987396
-9.217783,50,114.054189
-9.787739,50,114.096335
-6.247866,50,114.155065
-10.34716,50,114.217415
-7.96506,50,114.280922
-8.93966,50,114.340393
-7.845761,50,114.397508
-17.898123,50,114.462315
-10.593782,50,114.529465
-13.078732,50,114.583443
-8.318376,50,114.64311
-11.292088,50,114.707728
-15.387559,50,114.745628
-9.920728,50,114.780842
-15.353668,50,114.827415
-21.125377,50,114.875399
-7.878665,50,114.920352
-17.668012,50,114.954923
-12.521803,50,115.001709
-9.943741,50,115.042541
-14.350874,50,115.08917
-8.012147,50,115.127917
-11.78822,50,115.182421
-13.215657,50,115.24935
-9.266954,50,115.310505
-10.96292,50,115.365941
-9.645173,50,115.430605
-10.673373,50,115.49236
-13.500426,50,115.982436
-12.029381,50,116.039979
-10.705605,50,116.080326
-9.982803,50,116.119681
-10.574505,50,116.162027
-9.808347,50,116.205532
-15.275986,50,116.254427
-7.101005,50,116.305764
-7.308937,50,116.358948
-16.333801,50,116.413816
-10.468037,50,116.472274
-8.597106,50,116.538275
-8.282155,50,116.59551
-8.484651,50,116.656038
-11.464248,50,116.711418
-9.652623,50,116.76645
-15.570445,50,116.825102
-9.995074,50,116.873026
-13.447111,50,116.91833
-16.109003,50,116.959478
-8.669645,50,117.009799
-10.728477,50,117.067794
-7.463625,50,117.115927
-4.534056,50,117.165468
-5.536796,50,117.2075
-7.003838,50,117.260628
-10.244918,50,117.320132
-8.978739,50,117.384373
-4.665166,50,117.445779
-8.953332,50,117.494627
-6.566624,50,117.546384
-8.795522,50,117.592846
-7.67292,50,117.653111
-13.958524,50,117.702347
-6.387552,50,117.748973
-13.589932,50,117.791975
-9.853691,50,117.850711
-21.616403,50,117.905308
-8.863577,50,117.965827
-11.084843,50,118.017318
-11.896673,50,118.079931
-9.533816,50,118.564188
-16.006911,50,118.611509
-7.415757,50,118.666641
-11.033511,50,118.724464
-9.798287,50,118.77351
-17.25435,50,118.830198
-15.185646,50,118.882988
-14.096424,50,118.934852
-7.976091,50,118.993715
-8.190025,50,119.041378
-8.244746,50,119.093999
-12.003569,50,119.137802
-11.525646,50,119.199047
-7.130453,50,119.254714
-12.636738,50,119.310995
-9.275668,50,119.346327
-11.14187,50,119.391976
-7.301496,50,119.435831
-16.242653,50,119.477317
-9.726738,50,119.540739
-10.235199,50,119.595411
-14.259188,50,119.653452
-11.220281,50,119.709487
-7.966051,50,119.753364
-9.86104,50,119.791136
-9.657522,50,119.826589
-17.973333,50,119.865344
-11.130064,50,119.914699
-8.412837,50,119.950929
-6.355021,50,119.989421
-10.455376,50,120.03084
-15.413345,50,120.082204
-6.027275,50,120.134229
-12.378095,50,120.193471
-10.233052,50,120.236413
-10.486487,50,120.291935
-17.511454,50,120.339009
-11.931427,50,120.378061
-14.291648,50,120.421623
-14.326709,50,120.454601
-10.566257,50,120.490592
-5.985902,50,120.962352
-9.043811,50,121.019744
-18.414445,50,121.078501
-15.920034,50,121.137712
-5.672566,50,121.196411
-15.491161,50,121.246459
-9.125105,50,121.296116
-14.572439,50,121.352777
-12.343167,50,121.408631
-8.999716,50,121.447411
-19.477708,50,121.487428
-10.624616,50,121.537914
-12.995318,50,121.575206
-10.354923,50,121.622729
-8.563645,50,121.676779
-6.64931,50,121.712339
-9.546949,50,121.764536
-12.421228,50,121.822541
-15.681591,50,121.884228
-12.883184,50,121.924014
-9.762107,50,121.989175
-7.149325,50,122.042562
-8.022977,50,122.096298
-16.863486,50,122.156888
-13.058041,50,122.213488
-9.744566,50,122.266618
-9.437012,50,122.310226
-9.419697,50,122.355549
-16.618647,50,122.396318
-9.303593,50,122.429413
-15.303191,50,122.46291
-8.545174,50,122.514565
-9.756782,50,122.564706
-6.606534,50,122.620669
-10.146142,50,122.671975
-12.071878,50,122.72326
-5.891199,50,122.763561
-7.426488,50,122.804754
-9.524857,50,122.86971
-11.792967,50,122.911051
-6.869217,50,122.971137
-10.237654,50,123.47559
-13.012151,50,123.522238
-8.830409,50,123.566849
-10.100522,50,123.599599
-10.272479,50,123.647907
-9.822935,50,123.702708
-12.511328,50,123.746079
-7.683652,50,123.797784
-10.412683,50,123.836722
-9.989346,50,123.896853
-18.889157,50,123.948055
-7.807591,50,124.002972
-11.245092,50,124.051559
-9.959766,50,124.110172
-12.635787,50,124.170804
-11.538622,50,124.232323
-11.635567,50,124.27585
-9.973336,50,124.333017
-9.607668,50,124.387942
-12.050495,50,124.441396
-10.317172,50,124.477893
-10.623927,50,124.536115
-9.25998,50,124.593565
-16.78254,50,124.659019
-9.231403,50,124.718809
-19.286067,50,124.765774
-12.414239,50,124.825815
-11.345331,50,124.863183
-14.72115,50,124.907528
-15.380046,50,124.95902
-7.728225,50,125.011581
-9.317005,50,125.052491
-8.307171,50,125.097891
-9.389134,50,125.144969
-11.905934,50,125.196222
-11.986241,50,125.258425
-10.567428,50,125.324633
-15.49704,50,125.385245
-4.480382,50,125.440135
-11.080986,50,125.492112
-11.807464,50,125.587209
-7.033752,50,126.090991
-9.485866,50,126.152015
-12.700233,50,126.209533
-10.409461,50,126.27141
-9.954309,50,126.327857
-13.934602,50,126.386435
-6.136633,50,126.444466
-19.93818,50,126.496225
-7.778561,50,126.550751
-11.200044,50,126.615799
-8.690841,50,126.674217
-11.24499,50,126.731423
-18.688131,50,126.787912
-8.82477,50,126.847479
-14.920971,50,126.904553
-11.95296,50,126.950632
-8.130493,50,126.990016
-9.271048,50,127.034819
-15.738992,50,127.068028
-11.683558,50,127.127391
-14.180178,50,127.187541
-9.862351,50,127.238562
-8.351433,50,127.283456
-5.175324,50,127.31842
-9.032326,50,127.350191
-5.899982,50,127.386296
-15.341268,50,127.420849
-4.549734,50,127.454827
-5.48489,50,127.489867
-9.06331,50,127.52644
-14.856172,50,127.563138
-8.576514,50,127.597266
-6.642251,50,127.63241
-14.415148,50,127.685182
-12.63274,50,127.726342
-9.365383,50,127.757691
-8.528089,50,127.789133
-14.836096,50,127.82043
-8.669977,50,127.851737
-7.571839,50,127.883132
-12.433359,50,128.34986
-11.298198,50,128.391353
-5.07423,50,128.442959
-10.838175,50,128.492044
-11.385205,50,128.544006
-15.519862,50,128.586008
-11.872635,50,128.620808
-17.12834,50,128.656775
-6.820202,50,128.695098
-10.163267,50,128.738311
-10.125213,50,128.777488
-5.894656,50,128.816332
-8.691905,50,128.85482
-8.210834,50,128.890722
-6.963788,50,128.9256
-15.245015,50,128.960909
-4.298204,50,128.993143
-11.60323,50,129.025026
-13.523565,50,129.061034
-7.122438,50,129.096323
-7.463372,50,129.130807
-17.324218,50,129.16601
-17.563318,50,129.202909
-12.949162,50,129.239078
-16.249244,50,129.274853
-14.027267,50,129.314517
-10.769856,50,129.346152
-11.423758,50,129.380414
-17.431909,50,129.415432
-14.124816,50,129.449812
-9.121128,50,129.484224
-15.272192,50,129.518611
-9.871388,50,129.55302
-16.32286,50,129.587774
-12.769463,50,129.622822
-15.594613,50,129.658246
-10.794238,50,129.707693
-13.055947,50,129.761653
-7.889239,50,129.794538
-15.895697,50,129.828014
-5.403126,50,129.876975
-15.166633,50,130.34873
-18.136875,50,130.405632
-7.218965,50,130.45809
-10.706503,50,130.508541
-9.495939,50,130.553445
-10.914075,50,130.598083
-5.21455,50,130.637548
-14.762835,50,130.691606
-13.134657,50,130.730548
-11.846123,50,130.773338
-9.091401,50,130.805758
-11.403587,50,130.839919
-11.351715,50,130.878062
-14.527299,50,130.914451
-10.886757,50,130.946337
-13.192721,50,130.985618
-10.90565,50,131.033347
-13.882141,50,131.066697
-8.920462,50,131.09877
-16.699275,50,131.130309
-14.726949,50,131.175135
-15.45359,50,131.211075
-11.039549,50,131.255889
-9.874275,50,131.305264
-15.271116,50,131.336757
-18.161534,50,131.368932
-6.19684,50,131.400727
-5.926971,50,131.433353
-10.419493,50,131.47801
-13.92686,50,131.511518
-13.333053,50,131.557316
-13.625791,50,131.596479
-8.695037,50,131.649876
-8.80771,50,131.683009
-10.510567,50,131.71689
-17.620531,50,131.769709
-5.28313,50,131.819424
-16.012735,50,131.858245
-10.466718,50,131.898335
-12.628391,50,131.932094
-8.692996,50,131.972501
-9.997249,50,132.425643
-7.024351,50,132.468265
-8.341362,50,132.520652
-13.520854,50,132.56637
-17.599798,50,132.615839
-13.624798,50,132.649919
-8.439641,50,132.685643
-12.435297,50,132.718236
-6.327758,50,132.770964
-6.68975,50,132.817434
-14.359213,50,132.862975
-10.611147,50,132.900347
-10.015198,50,132.943767
-12.408663,50,132.979431
-13.97167,50,133.013623
-13.583017,50,133.046969
-11.427662,50,133.078673
-8.777105,50,133.11327
-8.416377,50,133.146519
-15.281214,50,133.181889
-9.461698,50,133.215723
-14.086615,50,133.250126
-15.929622,50,133.285888
-11.122491,50,133.321162
-10.231878,50,133.355806
-12.845046,50,133.390539
-11.491943,50,133.439792
-7.368737,50,133.495018
-10.041577,50,133.55092
-11.776204,50,133.601469
-13.914752,50,133.65617
-16.060677,50,133.728791
-10.355065,50,133.799789
-9.7122,50,133.873223
-14.467475,50,133.942485
-10.224883,50,134.013045
-9.559558,50,134.08466
-14.059454,50,134.157024
-11.989008,50,134.227731
-14.032188,50,134.301761
-11.020375,50,134.374376
-12.620348,50,135.306416
-10.579413,50,135.380673
-6.481729,50,135.452853
-11.463867,50,135.524205
-10.416559,50,135.596047
-17.669514,50,135.67059
-10.79751,50,135.74203
-15.316527,50,135.81125
-5.085891,50,135.879013
-11.004654,50,135.949442
-11.429441,50,136.019071
-10.176386,50,136.088304
-8.253685,50,136.157708
-10.012074,50,136.230319
-10.115823,50,136.303777
-12.361928,50,136.37546
-12.397529,50,136.449643
-11.788317,50,136.520404
-7.317122,50,136.590139
-17.711667,50,136.661089
-14.516129,50,136.730119
-8.338088,50,136.799292
-10.872364,50,136.867912
-6.256595,50,136.938474
-14.584937,50,137.008672
-9.00529,50,137.079835
-7.026635,50,137.13382
-9.450503,50,137.180237
-7.050813,50,137.21265
-8.297195,50,137.244391
-7.771412,50,137.277799
-12.483351,50,137.313106
-10.102086,50,137.379241
-5.710059,50,137.446321
-9.602257,50,137.515285
-5.805439,50,137.588988
-5.971771,50,137.663156
-14.687512,50,137.733674
-7.363842,50,137.805534
-15.377105,50,137.875716
-15.387808,50,137.947999
-6.079561,50,138.871479
-9.180382,50,138.945593
-12.610783,50,139.021073
-6.54848,50,139.090829
-10.096078,50,139.159766
-8.461439,50,139.22876
-14.47806,50,139.296356
-7.226274,50,139.364034
-15.756999,50,139.432026
-16.77464,50,139.504041
-14.848478,50,139.57517
-14.250221,50,139.648548
-12.789972,50,139.720803
-8.715859,50,139.791604
-14.140177,50,139.859155
-9.204795,50,139.928725
-16.703178,50,139.998778
-9.868755,50,140.06983
-12.541971,50,140.139332
-8.182673,50,140.209053
-11.915082,50,140.282349
-11.85647,50,140.353087
-12.843567,50,140.422275
-10.218242,50,140.496351
-10.042066,50,140.56816
-7.053899,50,140.635453
-8.935426,50,140.701484
-15.271902,50,140.769636
-15.006742,50,140.836926
-9.151689,50,140.904703
-6.25126,50,140.972733
-10.411865,50,141.043965
-10.218901,50,141.11513
-10.330419,50,141.185066
-9.375483,50,141.228455
-13.809375,50,141.263827
-10.35709,50,141.298609
-13.804507,50,141.338511
-10.173525,50,141.373743
-9.616507,50,141.408292
-4.888092,50,141.443348
-6.753906,50,141.927779
-14.688361,50,141.98408
-15.717399,50,142.038267
-7.961663,50,142.082955
-9.981125,50,142.123817
-15.432276,50,142.15753
-10.46445,50,142.194728
-12.407412,50,142.254913
-16.974552,50,142.303909
-6.341916,50,142.361111
-9.625726,50,142.400738
-14.84292,50,142.446291
-16.273431,50,142.484568
-17.091773,50,142.523221
-7.792774,50,142.556766
-13.391446,50,142.589871
-7.461889,50,142.633329
-16.596875,50,142.672203
-9.283041,50,142.707168
-12.775389,50,142.742062
-13.820206,50,142.780912
-4.717603,50,142.820384
-9.06264,50,142.873456
-11.683183,50,142.915915
-6.694122,50,142.952301
-8.133415,50,143.002516
-11.044668,50,143.047887
-14.196448,50,143.097954
-9.485249,50,143.142175
-14.287485,50,143.203134
-9.47549,50,143.249609
-13.673725,50,143.29299
-9.144981,50,143.326714
-12.444586,50,143.37449
-17.417409,50,143.427718
-10.688486,50,143.482369
-7.371339,50,143.531806
-10.453357,50,143.58792
-12.6117,50,143.640845
-12.205093,50,143.688625
-15.820374,50,143.732748
-12.162703,50,144.198198
-15.025425,50,144.255921
-13.772454,50,144.300299
-8.801324,50,144.353275
-13.650226,50,144.39501
-11.519408,50,144.440938
-12.511627,50,144.488225
-13.586106,50,144.52369
-9.847288,50,144.56828
-9.067132,50,144.611236
-11.053569,50,144.670495
-11.925346,50,144.710512
-8.283906,50,144.757854
-9.712575,50,144.80772
-6.188829,50,144.857644
-6.433336,50,144.923527
-10.906431,50,144.982277
-17.587021,50,145.033481
-11.230391,50,145.09202
-16.633229,50,145.139009
-14.282682,50,145.187618
-11.346146,50,145.225607
-10.903371,50,145.266745
-11.144295,50,145.316553
-9.535635,50,145.363573
-12.76305,50,145.399525
-9.996547,50,145.458248
-15.989097,50,145.508251
-11.958267,50,145.557469
-13.468078,50,145.60396
-13.067075,50,145.657468
-9.287489,50,145.694083
-15.371592,50,145.728826
-8.681606,50,145.774525
-13.015976,50,145.826271
-17.476207,50,145.876767
-16.4765,50,145.924526
-13.112275,50,145.973614
-10.367281,50,146.027553
-9.219993,50,146.067095
-16.172476,50,146.107369
-5.984622,50,146.56279
-8.903336,50,146.626678
-13.05778,50,146.681312
-5.72053,50,146.733078
-9.190223,50,146.78288
-14.323137,50,146.827297
-16.452609,50,146.872049
-19.007352,50,146.919602
-17.001485,50,146.980745
-12.069026,50,147.034415
-11.767652,50,147.078078
-11.259632,50,147.119853
-15.781545,50,147.155363
-14.545779,50,147.218488
-17.09672,50,147.269819
-8.542496,50,147.330303
-12.028491,50,147.376835
-10.390336,50,147.432771
-16.523213,50,147.479194
-18.538615,50,147.524726
-10.685019,50,147.581829
-10.750136,50,147.642906
-17.635833,50,147.69669
-11.209866,50,147.754572
-16.516595,50,147.812064
-12.320136,50,147.869038
-11.993371,50,147.923259
-5.928531,50,147.97579
-9.207182,50,148.037606
-11.093059,50,148.087652
-17.55477,50,148.146996
-12.150478,50,148.205773
-9.673618,50,148.248463
-17.762927,50,148.295141
-8.701356,50,148.340975
-17.377157,50,148.379158
-16.25172,50,148.433769
-8.030607,50,148.474574
-9.165319,50,148.51613
-8.622164,50,148.5612
-6.758158,50,148.619148
-10.84837,50,149.093842
-11.4019,50,149.154532
-10.6038,50,149.211402
-10.811144,50,149.27441
-11.774669,50,149.334901
-15.435992,50,149.386866
-13.041279,50,149.439207
-10.318234,50,149.478824
-10.55961,50,149.522125
-9.833909,50,149.582805
-13.493477,50,149.63693
-11.159748,50,149.692527
-10.742691,50,149.746281
-11.288314,50,149.80194
-14.304926,50,149.860134
-10.08352,50,149.912596
-13.683166,50,149.951337
-8.151701,50,149.995387
-12.358378,50,150.043223
-9.557519,50,150.081693
-8.296771,50,150.118917
-9.519071,50,150.162384
-8.913849,50,150.213409
-12.079844,50,150.252141
-11.110422,50,150.290473
-7.554367,50,150.327218
-13.146503,50,150.379142
-10.439413,50,150.421067
-15.39508,50,150.471325
-8.964672,50,150.523205
-8.706263,50,150.572675
-15.968536,50,150.626135
-15.955459,50,150.674485
-13.526354,50,150.730737
-10.302429,50,150.785475
-8.970246,50,150.846968
-11.584853,50,150.895339
-13.440828,50,150.959321
-9.280475,50,151.0179
-14.224078,50,151.073122
-10.053953,50,151.132803
-13.855765,50,151.60033
-7.238453,50,151.655715
-9.443504,50,151.71841
-9.133035,50,151.774925
-9.815479,50,151.829702
-10.871196,50,151.888519
-15.109855,50,151.945789
-16.901807,50,151.999058
-10.655247,50,152.052197
-6.735567,50,152.109074
-11.118292,50,152.155579
-11.173034,50,152.194278
-11.19851,50,152.229575
-18.17606,50,152.279258
-9.115523,50,152.310278
-18.241232,50,152.34992
-17.970633,50,152.408842
-8.505206,50,152.465111
-9.246744,50,152.516346
-18.797807,50,152.564899
-12.648748,50,152.628298
-12.499263,50,152.687237
-9.773327,50,152.74419
-9.240149,50,152.795296
-11.324859,50,152.856281
-12.739634,50,152.898102
-8.575498,50,152.944097
-11.854267,50,152.995367
-13.298674,50,153.034412
-8.78722,50,153.079743
-10.363072,50,153.113043
-13.20647,50,153.14444
-8.335882,50,153.180046
-15.316152,50,153.209728
-9.125829,50,153.239464
-13.1045,50,153.28258
-15.908274,50,153.33
-17.023342,50,153.369195
-7.911654,50,153.403254
-7.821851,50,153.433078
-11.323022,50,153.46587
-9.484739,50,153.923553
-7.715201,50,153.975598
-11.910393,50,154.019433
-12.33689,50,154.067284
-8.93314,50,154.119656
-16.284429,50,154.163061
-10.390957,50,154.209831
-8.545274,50,154.256803
-7.876841,50,154.307015
-8.142594,50,154.351451
-12.26618,50,154.398662
-8.14288,50,154.438807
-13.771158,50,154.483649
-16.553045,50,154.530554
-7.928545,50,154.561624
-13.101213,50,154.592462
-12.675242,50,154.62412
-13.809829,50,154.667989
-9.71235,50,154.709916
-11.718155,50,154.762821
-11.62218,50,154.798709
-7.170363,50,154.840465
-13.52048,50,154.877205
-9.508407,50,154.919368
-10.526472,50,154.981082
-6.935021,50,155.034944
-10.144436,50,155.085194
-11.793492,50,155.123966
-10.449302,50,155.161261
-14.879585,50,155.201373
-12.099008,50,155.249852
-10.475972,50,155.299495
-12.131637,50,155.341472
-7.009265,50,155.379016
-8.519624,50,155.433968
-9.283761,50,155.473078
-16.53554,50,155.529894
-17.152457,50,155.575443
-14.176609,50,155.614244
-15.333675,50,155.648454
-9.644681,50,155.683888
-15.11678,50,156.131474
-15.417578,50,156.189663
-9.850182,50,156.247023
-10.070161,50,156.311232
-8.470738,50,156.36898
-10.973756,50,156.429928
-7.837557,50,156.478925
-12.846755,50,156.533727
-12.669361,50,156.596605
-8.388637,50,156.656995
-10.024173,50,156.717212
-19.134994,50,156.773972
-13.413319,50,156.826938
-14.393825,50,156.871584
-15.927362,50,156.91943
-10.35847,50,156.97647
-14.264159,50,157.022059
-16.116746,50,157.068915
-11.606661,50,157.113245
-9.17853,50,157.162507
-9.087358,50,157.222329
-7.285655,50,157.269755
-12.583577,50,157.324291
-9.273109,50,157.378434
-12.029497,50,157.442296
-9.728665,50,157.480325
-9.0911,50,157.531415
-11.166765,50,157.589657
-9.246957,50,157.637504
-15.272969,50,157.685566
-11.85928,50,157.717939
-15.180654,50,157.750303
-18.518402,50,157.782637
-10.645779,50,157.815526
-14.394047,50,157.847847
-14.660499,50,157.881385
-12.887702,50,157.91378
-9.408336,50,157.961075
-13.176595,50,158.001105
-17.424965,50,158.038285
-13.595211,50,158.075489
-12.361077,50,158.538255
-10.263842,50,158.597942
-9.999095,50,158.648659
-18.621059,50,158.711491
-12.470728,50,158.764313
-15.842996,50,158.814066
-9.455713,50,158.871257
-16.116969,50,158.928485
-7.694593,50,158.982805
-9.365463,50,159.033776
-8.774744,50,159.08872
-15.277227,50,159.146376
-11.957185,50,159.20301
-12.65137,50,159.244963
-8.613273,50,159.297157
-13.769902,50,159.346024
-12.038098,50,159.385734
-6.614292,50,159.448413
-7.480549,50,159.487318
-7.045424,50,159.532782
-8.914863,50,159.585338
-16.327057,50,159.649418
-14.938111,50,159.704406
-8.461904,50,159.758421
-9.971051,50,159.815427
-12.941992,50,159.870559
-9.581901,50,159.923398
-15.060354,50,159.981272
-18.234178,50,160.035541
-14.502909,50,160.0894
-9.487565,50,160.148392
-9.699928,50,160.189342
-9.779684,50,160.234328
-8.072657,50,160.283279
-7.547807,50,160.333538
-13.363346,50,160.379786
-8.464813,50,160.422451
-16.39363,50,160.467716
-18.135542,50,160.499843
-9.22101,50,160.557683
-7.49891,50,160.613796
-6.608977,50,161.080088
-17.69869,50,161.141408
-14.600839,50,161.192214
-16.5735,50,161.24833
-11.742224,50,161.290224
-12.478433,50,161.345538
-12.40278,50,161.400834
-9.970038,50,161.447778
-9.352856,50,161.497822
-12.58379,50,161.549837
-13.345692,50,161.601155
-19.062967,50,161.652667
-10.291911,50,161.710686
-9.474926,50,161.766343
-16.218949,50,161.819515
-8.52971,50,161.870121
-8.592679,50,161.92253
-12.456391,50,161.966002
-12.355717,50,162.007965
-8.041963,50,162.048904
-18.220391,50,162.086748
-8.337532,50,162.140121
-9.554471,50,162.176678
-9.690266,50,162.212127
-9.118125,50,162.252254
-8.950965,50,162.300499
-12.317883,50,162.341439
-17.937522,50,162.373148
-9.237252,50,162.404807
-12.817559,50,162.449317
-15.336178,50,162.498827
-9.664514,50,162.543902
-13.468203,50,162.587398
-7.851356,50,162.640374
-6.906908,50,162.694235
-9.793295,50,162.744306
-11.735933,50,162.797658
-9.136906,50,162.849157
-13.516816,50,162.90769
-14.666896,50,162.96191
-13.415243,50,163.017119
-13.484964,50,163.49094
-15.619601,50,163.554485
-7.088975,50,163.609091
-12.94393,50,163.667456
-11.026284,50,163.721424
-8.755592,50,163.777495
-10.271124,50,163.836375
-12.12102,50,163.888905
-17.141028,50,163.945974
-9.116406,50,163.999537
-10.132863,50,164.055503
-17.702188,50,164.096818
-7.131887,50,164.14014
-8.354734,50,164.187861
-17.821237,50,164.239031
-8.053679,50,164.28362
-13.917238,50,164.337719
-9.145179,50,164.392934
-14.657815,50,164.437422
-8.200017,50,164.474364
-12.350372,50,164.523078
-7.108833,50,164.57965
-11.011279,50,164.638433
-9.334697,50,164.698395
-12.024006,50,164.757423
-14.11124,50,164.814822
-9.076844,50,164.870658
-9.990285,50,164.930693
-8.802768,50,164.987495
-10.989674,50,165.052191
-18.907556,50,165.101741
-7.887906,50,165.156433
-14.441213,50,165.2012
-9.104072,50,165.240658
-9.412548,50,165.288162
-15.70578,50,165.332954
-15.256068,50,165.370904
-14.871989,50,165.409027
-10.927391,50,165.451449
-12.935034,50,165.496943
-9.357081,50,165.552639
-16.930724,50,166.026412
-16.548349,50,166.082371
-15.972587,50,166.139764
-15.759267,50,166.195992
-7.550476,50,166.242101
-8.325004,50,166.286108
-16.066419,50,166.327703
-9.492475,50,166.392839
-10.653856,50,166.454169
-8.061722,50,166.50044
-11.975741,50,166.550631
-15.108874,50,166.616399
-11.482799,50,166.676683
-11.871542,50,166.739713
-8.457517,50,166.797365
-10.741188,50,166.851916
-8.92109,50,166.903203
-12.902719,50,166.94031
-15.895628,50,166.986132
-9.292183,50,167.026337
-11.278714,50,167.083796
-9.621821,50,167.127631
-8.373648,50,167.178567
-17.337653,50,167.226806
-9.886339,50,167.269729
-14.729946,50,167.321465
-12.467725,50,167.374333
-9.101092,50,167.423971
-8.935286,50,167.471565
-9.041877,50,167.518167
-19.436981,50,167.55541
-16.374398,50,167.61533
-10.92121,50,167.668123
-7.947231,50,167.712061
-17.897551,50,167.759562
-12.127525,50,167.804108
-9.147903,50,167.853925
-13.974936,50,167.902875
-11.275813,50,167.936901
-18.176095,50,167.978834
-7.59603,50,168.022718
-14.11428,50,168.483368
-11.103652,50,168.543174
-13.707516,50,168.602049
-12.097872,50,168.657335
-11.626169,50,168.714862
-17.198247,50,168.766736
-11.284239,50,168.820532
-17.652404,50,168.873274
-12.890814,50,168.918369
-10.651323,50,168.965818
-12.220705,50,169.01388
-18.690743,50,169.06553
-9.142288,50,169.107463
-12.326001,50,169.150423
-8.429169,50,169.199503
-11.344284,50,169.250699
-11.290451,50,169.304888
-10.470356,50,169.359264
-9.633472,50,169.406258
-13.409649,50,169.446601
-14.171572,50,169.507692
-18.810109,50,169.561724
-7.369094,50,169.616228
-12.294233,50,169.678282
-9.722174,50,169.746255
-15.144824,50,169.808544
-14.404877,50,169.862641
-10.579098,50,169.912096
-10.696172,50,169.968717
-16.177815,50,170.026383
-9.24067,50,170.087949
-7.850417,50,170.142484
-11.09437,50,170.185419
-8.439129,50,170.244041
-13.026943,50,170.289037
-12.136029,50,170.340195
-8.375347,50,170.399786
-16.998705,50,170.460695
-16.846272,50,170.512783
-10.525136,50,170.567963
-10.42676,50,170.626113
-10.808424,50,171.131805
-14.496629,50,171.185145
-10.296738,50,171.243969
-9.77176,50,171.305454
-8.969765,50,171.358398
-9.94213,50,171.408123
-11.891466,50,171.445749
-9.350109,50,171.493487
-11.126656,50,171.544411
-11.633655,50,171.602683
-9.261656,50,171.666361
-12.476684,50,171.732064
-8.026944,50,171.790573
-16.322208,50,171.855645
-12.274092,50,171.919836
-8.803396,50,171.976663
-7.39326,50,172.020562
-18.629518,50,172.070371
-10.651069,50,172.124852
-9.095554,50,172.180649
-16.942292,50,172.228197
-12.463636,50,172.272174
-17.732821,50,172.329496
-6.424536,50,172.378463
-11.508306,50,172.422784
-18.912427,50,172.473144
-10.723309,50,172.521414
-9.347524,50,172.575806
-8.205927,50,172.634215
-17.260556,50,172.702654
-10.416972,50,172.77134
-12.545115,50,172.839364
-15.717962,50,172.897981
-14.053031,50,172.960796
-10.443261,50,173.01699
-10.686588,50,173.075028
-9.853985,50,173.135813
-13.066122,50,173.194581
-9.942761,50,173.250697
-10.267413,50,173.306241
-11.081388,50,173.373455
-7.717772,50,173.903002
-12.371677,50,173.963009
-11.058406,50,174.023125
-9.487518,50,174.081581
-12.105008,50,174.14484
-9.393195,50,174.208578
-15.851851,50,174.263457
-10.648194,50,174.325762
-17.569769,50,174.386617
-10.891053,50,174.441844
-9.753302,50,174.500342
-14.450816,50,174.561415
-9.859193,50,174.616968
-13.36255,50,174.683422
-10.608763,50,174.74352
-9.529826,50,174.796329
-15.939395,50,174.845826
-11.60408,50,174.902453
-9.258118,50,174.958275
-18.375323,50,175.005395
-15.158903,50,175.045637
-8.945898,50,175.09025
-10.233427,50,175.137485
-11.44668,50,175.189318
-14.470059,50,175.24131
-16.933813,50,175.300905
-11.184025,50,175.353984
-14.51929,50,175.391325
-9.911511,50,175.432874
-11.626371,50,175.469259
-9.332079,50,175.50648
-13.876148,50,175.548927
-8.872829,50,175.594933
-11.28186,50,175.644486
-10.798515,50,175.683054
-15.034076,50,175.730074
-14.579279,50,175.782165
-12.968869,50,175.818472
-8.644806,50,175.853709
-11.078766,50,175.900124
-9.375445,50,175.933199
-13.283965,50,176.416393
-10.403001,50,176.449928
-9.534289,50,176.493063
-13.770515,50,176.543351
-6.769718,50,176.589552
-10.01589,50,176.624573
-10.362442,50,176.658897
-15.001511,50,176.691764
-12.235642,50,176.726818
-12.74719,50,176.764345
-11.553917,50,176.813595
-10.303186,50,176.855884
-8.115753,50,176.891406
-13.791467,50,176.927339
-12.159796,50,176.961645
-18.086103,50,176.996973
-9.085694,50,177.033966
-12.679774,50,177.078858
-12.519732,50,177.115716
-18.439548,50,177.161098
-9.372952,50,177.193226
-11.551837,50,177.226228
-9.368267,50,177.261562
-9.281291,50,177.297018
-12.648656,50,177.339064
-11.659699,50,177.373188
-6.931754,50,177.411414
-9.141872,50,177.448659
-9.78061,50,177.484203
-7.071628,50,177.518087
-10.144905,50,177.551759
-13.225192,50,177.606701
-11.387745,50,177.651869
-10.400483,50,177.687547
-16.505137,50,177.727906
-8.697955,50,177.762128
-16.389893,50,177.794762
-11.093801,50,177.826792
-10.7221,50,177.864645
-10.492448,50,177.897542
-7.329409,50,177.931763
-12.122992,50,178.37154
-11.173898,50,178.404979
-6.859085,50,178.450752
-10.11376,50,178.499423
-8.384346,50,178.542099
-11.229347,50,178.576346
-16.004724,50,178.623477
-12.2052,50,178.668328
-6.81728,50,178.70426
-14.299626,50,178.736122
-11.305951,50,178.768815
-13.814744,50,178.814072
-6.469849,50,178.852271
-10.422952,50,178.885125
-16.356614,50,178.918739
-10.163411,50,178.951773
-15.710491,50,178.989269
-17.974959,50,179.023882
-11.071269,50,179.056314
-14.791124,50,179.088143
-15.906442,50,179.120964
-9.734425,50,179.152347
-14.763706,50,179.182117
-18.477132,50,179.216283
-5.601063,50,179.252482
-14.335854,50,179.291747
-9.801453,50,179.346855
-10.714849,50,179.387105
-11.597458,50,179.423661
-10.867852,50,179.468824
-13.296903,50,179.521266
-10.017637,50,179.573498
-5.998118,50,179.611788
-8.555171,50,179.645461
-12.873064,50,179.68472
-14.737266,50,179.719189
-14.621903,50,179.756456
-8.319798,50,179.795166
-14.121139,50,179.83337
-12.101328,50,179.872926
-15.114316,50,179.915083
-10.841269,50,180.362047
-7.882808,50,180.408351
-6.466735,50,180.453808
-16.994552,50,180.489389
-16.354658,50,180.539098
-17.097268,50,180.574984
-16.709416,50,180.61089
-16.801252,50,180.650219
-15.115398,50,180.69472
-5.92458,50,180.738567
-10.878978,50,180.780968
-14.296763,50,180.815975
-14.746523,50,180.853325
-11.87421,50,180.905806
-7.251663,50,180.939483
-10.576114,50,180.971875
-6.024887,50,181.005555
-14.742311,50,181.036901
-10.543202,50,181.068192
-13.678184,50,181.102928
-10.310338,50,181.136412
-10.286169,50,181.171272
-7.933685,50,181.204565
-12.734277,50,181.236338
-7.243891,50,181.267971
-12.103305,50,181.300338
-10.489433,50,181.333573
-8.870955,50,181.367412
-14.968576,50,181.400525
-10.563502,50,181.436027
-10.862323,50,181.468546
-13.474868,50,181.508555
-14.103041,50,181.542104
-14.738448,50,181.587513
-9.841152,50,181.634299
-10.062195,50,181.669753
-9.53546,50,181.704928
-9.447258,50,181.751921
-10.475391,50,181.784515
-10.193649,50,181.829945
-8.988226,50,181.873275
-6.823157,50,182.693672
-8.966748,50,182.767916
-10.783859,50,182.842245
-12.271287,50,182.913366
-16.359074,50,182.987182
-14.867994,50,183.053922
-10.709097,50,183.124367
-12.197779,50,183.193376
-12.305938,50,183.263246
-11.671717,50,183.33177
-14.227251,50,183.401759
-9.960355,50,183.473898
-7.87528,50,183.541925
-13.837265,50,183.612486
-10.724061,50,183.68366
-9.39607,50,183.756441
-12.720358,50,183.827788
-6.34349,50,183.898168
-13.401516,50,183.967472
-10.622906,50,184.036164
-7.841359,50,184.107653
-9.743511,50,184.176853
-11.374037,50,184.248727
-10.994488,50,184.319175
-10.528958,50,184.389448
-8.785838,50,184.45797
-16.19757,50,184.526294
-14.924576,50,184.595908
-8.456234,50,184.666796
-9.425926,50,184.742006
-14.076006,50,184.815147
-9.215044,50,184.884144
-9.007903,50,184.955039
-11.29221,50,185.02541
-18.193335,50,185.096449
-10.037013,50,185.167751
-11.612785,50,185.236299
-10.02083,50,185.305957
-17.711223,50,185.376662
-6.524889,50,185.431719
-8.814971,50,185.471709
-9.84996,50,186.251141
-16.8252,50,186.320728
-8.770502,50,186.389706
-7.592307,50,186.456246
-9.701425,50,186.523391
-10.551738,50,186.591012
-8.554193,50,186.661168
-14.045138,50,186.730719
-13.483912,50,186.800139
-18.546937,50,186.869322
-12.374915,50,186.937007
-15.322015,50,187.00609
-15.979081,50,187.077888
-12.228759,50,187.144738
-18.156244,50,187.216394
-18.395487,50,187.288845
-13.239803,50,187.36073
-12.116559,50,187.431297
-13.653491,50,187.500993
-16.630079,50,187.573147
-15.368932,50,187.64133
-8.908461,50,187.707985
-15.964173,50,187.776954
-9.234789,50,187.844363
-7.075137,50,187.912888
-8.691276,50,187.982356
-11.306114,50,188.050924
-9.777821,50,188.120213
-9.711991,50,188.188488
-6.898112,50,188.258558
-13.876193,50,188.328297
-13.645672,50,188.395838
-16.617325,50,188.464691
-14.956453,50,188.534838
-10.642628,50,188.602346
-18.640728,50,188.672822
-10.639066,50,188.745552
-9.548508,50,188.814675
-16.027737,50,188.881117
-16.673584,50,188.951527
-10.151671,50,189.018833
-6.250976,50,189.747121
-15.092787,50,189.779442
-12.364597,50,189.811618
-5.407184,50,189.850334
-8.145875,50,189.886552
-17.395784,50,189.930648
-12.883327,50,189.972811
-9.900524,50,190.006117
-13.485469,50,190.041692
-14.98863,50,190.089576
-7.992558,50,190.12363
-18.273739,50,190.170788
-10.313355,50,190.206534
-7.694306,50,190.238529
-10.534338,50,190.271894
-11.879996,50,190.307415
-9.537804,50,190.352467
-6.913927,50,190.396467
-8.751601,50,190.43195
-10.98049,50,190.466283
-9.843928,50,190.499743
-12.787057,50,190.532338
-6.375739,50,190.56486
-11.785612,50,190.604871
-16.082635,50,190.639753
-17.400256,50,190.674185
-10.260886,50,190.708573
-7.566652,50,190.741474
-14.212598,50,190.773631
-12.496895,50,190.81075
-12.089148,50,190.863481
-6.882811,50,190.908171
-10.696727,50,190.946225
-8.031237,50,190.97819
-17.617741,50,191.013583
-8.305304,50,191.065125
-13.444297,50,191.108493
-9.511724,50,191.149277
-19.930212,50,191.189386
-11.645502,50,191.230449
-11.180913,50,191.695235
-9.828187,50,191.758505
-10.306097,50,191.808197
-12.880085,50,191.854773
-8.194506,50,191.89227
-13.893049,50,191.934014
-15.281816,50,191.976799
-9.989437,50,192.023501
-15.545953,50,192.075817
-11.705039,50,192.126663
-14.325408,50,192.179151
-5.655935,50,192.227843
-9.328289,50,192.284251
-13.467735,50,192.323146
-19.106884,50,192.370077
-10.477946,50,192.406051
-10.316527,50,192.452396
-17.627063,50,192.502643
-13.524515,50,192.555673
-11.972813,50,192.58766
-9.69403,50,192.618886
-6.673307,50,192.64996
-18.393404,50,192.707354
-14.102672,50,192.761489
-16.318625,50,192.800879
-12.355635,50,192.840496
-9.783533,50,192.886006
-9.023735,50,192.936084
-6.822416,50,192.984803
-9.524681,50,193.031802
-10.438799,50,193.082832
-9.608719,50,193.121289
-10.709999,50,193.16839
-13.644973,50,193.215998
-12.675392,50,193.249526
-9.982986,50,193.301732
-11.908322,50,193.355265
-10.516292,50,193.409173
-18.601716,50,193.454494
-15.796679,50,193.493841
-10.404799,50,193.539849
-13.697198,50,194.009576
-12.486748,50,194.068734
-15.86926,50,194.120768
-11.828777,50,194.172293
-9.986371,50,194.208288
-12.080374,50,194.262456
-14.091053,50,194.318999
-9.337272,50,194.373492
-13.773681,50,194.429879
-10.901817,50,194.469907
-16.685185,50,194.511036
-11.753189,50,194.568878
-9.552049,50,194.626564
-8.911943,50,194.681737
-10.35986,50,194.719695
-16.837133,50,194.78144
-18.979949,50,194.838969
-7.591439,50,194.896602
-16.114175,50,194.948267
-15.147401,50,194.99727
-9.510119,50,195.056195
-13.994765,50,195.120696
-7.137816,50,195.168552
-5.98245,50,195.207024
-6.446153,50,195.256125
-12.466482,50,195.31547
-15.311489,50,195.360674
-16.180282,50,195.420468
-5.90894,50,195.465898
-10.276246,50,195.507814
-7.540403,50,195.550905
-7.53255,50,195.591902
-11.759162,50,195.65003
-9.779848,50,195.695145
-10.480125,50,195.73317
-16.605578,50,195.764622
-8.723197,50,195.802639
-12.04329,50,195.847391
-10.206343,50,195.903304
-13.654649,50,195.937821
-11.290772,50,195.975421
-7.138019,50,196.423615
-16.696815,50,196.492411
-11.287058,50,196.549064
-14.460942,50,196.603097
-11.368927,50,196.647652
-17.845157,50,196.694869
-6.013745,50,196.746744
-8.893763,50,196.779677
-19.209919,50,196.832352
-14.972954,50,196.879703
-8.693817,50,196.919449
-13.289383,50,196.957717
-13.67659,50,196.994764
-9.846796,50,197.041639
-10.522762,50,197.092352
-10.639894,50,197.14046
-8.190249,50,197.192837
-8.512784,50,197.24826
-8.160534,50,197.286368
-13.265947,50,197.330448
-11.902613,50,197.375318
-5.67155,50,197.418535
-9.192231,50,197.483249
-10.253599,50,197.538917
-8.422238,50,197.598762
-8.228107,50,197.646649
-12.693531,50,197.707772
-16.352698,50,197.762385
-10.740589,50,197.818471
-11.083388,50,197.87728
-14.068974,50,197.934466
-16.317799,50,197.98422
-12.884951,50,198.021488
-10.066296,50,198.059378
-9.594294,50,198.102123
-7.449178,50,198.157053
-13.092132,50,198.198919
-15.192283,50,198.246896
-18.554823,50,198.283492
-14.085507,50,198.316639
-15.905662,50,198.362866
-12.252054,50,198.837533
-7.844762,50,198.895394
-6.834349,50,198.953437
-6.057831,50,199.003776
-17.591349,50,199.058891
-9.24439,50,199.120099
-14.396002,50,199.177432
-13.175442,50,199.233528
-9.785285,50,199.286901
-15.196874,50,199.337431
-13.151449,50,199.386543
-7.680129,50,199.447084
-9.845112,50,199.504931
-10.487736,50,199.56278
-9.48842,50,199.616476
-19.986727,50,199.657226
-9.729086,50,199.704534
-15.063108,50,199.742389
-6.178232,50,199.775337
-7.333671,50,199.813934
-12.782352,50,199.868436
-9.327216,50,199.921377
-12.56148,50,199.980386
-14.900469,50,200.036736
-12.130428,50,200.088752
-16.566879,50,200.14356
-19.102721,50,200.198401
-15.590998,50,200.250452
-10.624604,50,200.314203
-9.904685,50,200.37941
-10.791674,50,200.425303
-9.665559,50,200.483596
-14.149701,50,200.525321
-7.354404,50,200.571131
-7.985698,50,200.614257
-17.339542,50,200.666639
-17.974186,50,200.701139
-17.607331,50,200.732359
-14.386308,50,200.771562
-8.301901,50,200.820075
-13.227656,50,200.866649
-16.075949,50,201.335548
-15.00666,50,201.394008
-17.84667,50,201.449685
-10.991447,50,201.508518
-9.632119,50,201.574538
-5.226038,50,201.627772
-11.57877,50,201.684781
-13.34581,50,201.745478
-9.404427,50,201.796293
-11.499389,50,201.850062
-14.303681,50,201.901762
-15.412676,50,201.96304
-12.716485,50,202.017702
-16.032425,50,202.074662
-8.640272,50,202.131928
-17.19816,50,202.176948
-8.872806,50,202.23656
-11.959207,50,202.288879
-6.853979,50,202.353355
-9.442953,50,202.410229
-10.678781,50,202.460629
-8.884309,50,202.511603
-10.355202,50,202.570394
-16.895748,50,202.628362
-12.114059,50,202.682001
-9.445273,50,202.733536
-9.463061,50,202.774505
-7.423385,50,202.818477
-18.70921,50,202.865527
-10.379972,50,202.92501
-8.225348,50,202.981633
-10.990658,50,203.037949
-9.194043,50,203.096443
-11.816492,50,203.14808
-11.473043,50,203.201336
-15.050715,50,203.25388
-11.252196,50,203.309359
-9.640215,50,203.376137
-7.829425,50,203.43113
-9.293367,50,203.480289
-10.461072,50,203.536239
-11.230189,50,204.01217
-17.117793,50,204.070599
-8.521297,50,204.122634
-11.062921,50,204.172962
-9.154741,50,204.233839
-12.258684,50,204.288483
-19.671665,50,204.345905
-16.209472,50,204.394211
-8.630621,50,204.450661
-7.070293,50,204.488253
-6.549615,50,204.536037
-8.693399,50,204.573026
-11.579104,50,204.634028
-7.016323,50,204.670879
-10.004859,50,204.710281
-12.105169,50,204.76166
-8.470353,50,204.803698
-9.860793,50,204.845468
-17.164008,50,204.895366
-11.259279,50,204.94079
-10.241667,50,204.989937
-14.37263,50,205.047668
-11.834433,50,205.101966
-10.024067,50,205.158464
-5.648984,50,205.215146
-17.166534,50,205.273847
-12.038455,50,205.329859
-9.31786,50,205.376807
-8.767512,50,205.435578
-8.440797,50,205.490467
-11.86803,50,205.546494
-10.129306,50,205.602311
-10.726261,50,205.643517
-6.384978,50,205.699038
-11.140458,50,205.741761
-9.392003,50,205.778838
-10.150699,50,205.827014
-9.887643,50,205.867107
-10.678814,50,205.904014
-9.896727,50,205.952985
-12.75465,50,206.003926
-6.526961,50,206.475756
-10.000159,50,206.533567
-6.835062,50,206.585244
-13.698368,50,206.641645
-11.601724,50,206.704457
-13.65893,50,206.765829
-14.712892,50,206.821222
-9.106252,50,206.873486
-14.427577,50,206.929328
-14.357746,50,206.979552
-10.780226,50,207.027261
-10.575596,50,207.085963
-8.835104,50,207.139099
-6.286143,50,207.200315
-13.392361,50,207.25542
-12.369565,50,207.312505
-10.893517,50,207.37057
-5.978812,50,207.424435
-14.223222,50,207.482704
-8.538083,50,207.536664
-10.821087,50,207.592328
-8.842926,50,207.644266
-12.053302,50,207.694367
-11.547912,50,207.753442
-10.097587,50,207.818575
-10.642813,50,207.860898
-17.018031,50,207.902567
-9.488057,50,207.945252
-10.56828,50,207.986428
-15.598787,50,208.04529
-8.670033,50,208.099484
-8.332607,50,208.154631
-8.723576,50,208.21165
-10.562963,50,208.272154
-9.768378,50,208.334375
-8.857964,50,208.383903
-16.36897,50,208.442562
-11.946664,50,208.505815
-12.411611,50,208.559915
-10.932252,50,208.621421
-13.966089,50,208.682154
-13.838576,50,209.161692
-7.767268,50,209.224434
-15.005166,50,209.277508
-14.553094,50,209.332095
-14.045788,50,209.388504
-9.762582,50,209.448996
-8.355098,50,209.500682
-10.722623,50,209.5533
-11.93299,50,209.607102
-9.167311,50,209.660148
-10.858277,50,209.713145
-10.515093,50,209.768062
-15.315104,50,209.822832
-9.598184,50,209.875293
-8.168533,50,209.925587
-16.493483,50,209.969592
-4.659914,50,210.017002
-8.369541,50,210.060277
-15.666578,50,210.101308
-16.058639,50,210.142501
-10.424804,50,210.20396
-12.143138,50,210.265451
-5.98212,50,210.323037
-13.231577,50,210.378872
-17.955347,50,210.43286
-10.286339,50,210.494295
-8.357389,50,210.554823
-16.260721,50,210.609581
-13.28034,50,210.676675
-9.481262,50,210.732664
-11.173619,50,210.792369
-14.369816,50,210.854422
-16.778661,50,210.9093
-11.05753,50,210.95125
-5.297031,50,211.005524
-16.261887,50,211.045887
-10.725565,50,211.100065
-10.680268,50,211.150895
-8.942974,50,211.212887
-10.130694,50,211.264692
-10.463238,50,211.318624
-12.045456,50,211.777854
-7.141051,50,211.84218
-9.092903,50,211.895733
-11.831809,50,211.957036
-13.114821,50,212.01252
-15.752565,50,212.073704
-8.376195,50,212.129946
-9.621776,50,212.194832
-11.936538,50,212.258365
-8.706524,50,212.314999
-10.430797,50,212.372919
-9.747648,50,212.432925
-8.642478,50,212.488978
-18.622096,50,212.55234
-5.282758,50,212.606999
-11.805398,50,212.662107
-16.045513,50,212.722844
-16.349525,50,212.777362
-10.89177,50,212.826995
-16.5686,50,212.881781
-13.583974,50,212.934215
-14.679538,50,212.992688
-8.537454,50,213.053211
-10.793562,50,213.100625
-10.826309,50,213.154285
-7.089318,50,213.217001
-13.21947,50,213.277367
-11.433378,50,213.3344
-18.919389,50,213.386667
-15.094633,50,213.444473
-18.32296,50,213.496274
-9.521695,50,213.54489
-10.392693,50,213.598681
-17.041422,50,213.640395
-10.297786,50,213.678391
-18.713179,50,213.718305
-12.849099,50,213.757887
-10.547279,50,213.822614
-16.957714,50,213.860304
-10.258256,50,213.920911
-8.962856,50,213.978338
-9.686469,50,214.462897
-9.188039,50,214.519515
-8.057603,50,214.570554
-10.54832,50,214.628622
-14.898752,50,214.665567
-13.748149,50,214.699237
-11.488638,50,214.756325
-9.967045,50,214.805869
-9.854919,50,214.865051
-17.837207,50,214.909257
-10.518128,50,214.968026
-18.494953,50,215.006346
-14.292132,50,215.052577
-5.593074,50,215.092805
-12.724156,50,215.141261
-14.173959,50,215.178248
-17.852418,50,215.214308
-12.076172,50,215.255068
-15.601132,50,215.298399
-10.734686,50,215.342635
-12.432163,50,215.381539
-15.738783,50,215.444487
-9.752325,50,215.489614
-16.510283,50,215.543003
-11.862358,50,215.607494
-10.049242,50,215.652395
-16.301215,50,215.701737
-10.11052,50,215.755736
-8.88895,50,215.7904
-8.513512,50,215.840763
-11.725257,50,215.900365
-7.938721,50,215.940231
-9.728454,50,215.978705
-13.298884,50,216.023393
-13.740156,50,216.079834
-18.215192,50,216.122427
-9.737096,50,216.18426
-12.955635,50,216.239094
-19.896749,50,216.28756
-16.166463,50,216.347914
-17.513139,50,216.396461
-14.174451,50,216.882043
-11.098418,50,216.934366
-14.393495,50,216.991713
-17.042302,50,217.043973
-10.844096,50,217.107825
-14.209979,50,217.156485
-11.898749,50,217.217602
-18.369692,50,217.267197
-18.316938,50,217.318263
-17.176045,50,217.376575
-15.367536,50,217.422498
-5.919828,50,217.478096
-16.376691,50,217.533231
-7.653599,50,217.585858
-9.900749,50,217.636831
-7.026286,50,217.688554
-9.55875,50,217.730426
-15.622539,50,217.777041
-16.227106,50,217.837471
-15.805238,50,217.889782
-13.960545,50,217.945911
-10.080741,50,217.998899
-10.024487,50,218.053383
-11.30411,50,218.087478
-13.33509,50,218.122328
-9.679823,50,218.166243
-15.492194,50,218.226167
-10.309387,50,218.290518
-11.09808,50,218.35148
-7.464173,50,218.396491
-8.229003,50,218.44873
-10.209621,50,218.500073
-10.217193,50,218.55048
-13.266167,50,218.598147
-11.301681,50,218.640412
-12.718942,50,218.672403
-9.022614,50,218.729596
-12.17685,50,218.768179
-13.197589,50,218.803788
-17.506786,50,218.843424
-7.927189,50,218.885354
-8.357701,50,219.369646
-10.690594,50,219.433396
-14.891519,50,219.496198
-14.234208,50,219.557191
-7.845991,50,219.601638
-11.485058,50,219.650436
-11.277629,50,219.690592
-15.488039,50,219.740476
-9.90039,50,219.79093
-14.327165,50,219.840897
-9.405228,50,219.900338
-12.223933,50,219.954114
-10.466818,50,220.009125
-10.255183,50,220.06226
-4.854329,50,220.126224
-10.430898,50,220.182798
-9.654917,50,220.226736
-18.96396,50,220.267644
-14.255397,50,220.328676
-7.873157,50,220.389253
-18.729218,50,220.449795
-8.93132,50,220.492292
-11.609871,50,220.545104
-12.97965,50,220.602918
-8.130141,50,220.652304
-10.071907,50,220.694244
-7.181253,50,220.734858
-8.866137,50,220.786443
-8.532098,50,220.848552
-5.850811,50,220.908134
-11.54941,50,220.96948
-8.183874,50,221.034551
-9.246177,50,221.093544
-8.149561,50,221.140678
-11.714315,50,221.178494
-6.138909,50,221.230495
-9.246338,50,221.282063
-11.108111,50,221.338084
-13.854062,50,221.397295
-13.474041,50,221.44694
-12.571632,50,221.4911
-12.999423,50,221.977668
-9.52164,50,222.030676
-10.081454,50,222.089918
-12.831567,50,222.15292
-7.350156,50,222.212081
-8.570853,50,222.263677
-7.729976,50,222.324275
-9.008038,50,222.378888
-12.229239,50,222.429273
-6.811102,50,222.463617
-8.943615,50,222.503122
-9.660176,50,222.548119
-10.360866,50,222.59492
-18.909484,50,222.649413
-17.284825,50,222.684374
-18.367913,50,222.723347
-11.491465,50,222.78156
-9.467857,50,222.833517
-11.723572,50,222.886053
-17.717342,50,222.92998
-10.951567,50,222.972977
-13.479602,50,223.011609
-8.415608,50,223.06672
-6.845215,50,223.114152
-8.782019,50,223.152547
-10.461113,50,223.192379
-9.603775,50,223.230284
-8.554765,50,223.27518
-12.507787,50,223.324322
-13.45349,50,223.376865
-13.522098,50,223.426215
-10.178247,50,223.482131
-9.262271,50,223.52743
-5.629325,50,223.581863
-10.088088,50,223.63206
-7.77477,50,223.678528
-14.918663,50,223.734574
-9.81479,50,223.794345
-11.676073,50,223.852752
-10.125104,50,223.914507
-11.218457,50,223.964956
-10.42403,50,224.426374
-13.016479,50,224.46593
-11.468972,50,224.513561
-14.65756,50,224.549392
-11.698798,50,224.609038
-7.797764,50,224.656936
-11.786658,50,224.706253
-11.921786,50,224.753287
-4.865782,50,224.791204
-10.202243,50,224.832039
-9.90237,50,224.869631
-11.046611,50,224.911409
-11.346318,50,224.955209
-7.618637,50,225.01468
-12.264366,50,225.068019
-9.124382,50,225.11802
-10.12043,50,225.165685
-11.655074,50,225.22282
-11.60407,50,225.277842
-11.91339,50,225.329956
-19.819003,50,225.374877
-9.843007,50,225.42232
-8.981835,50,225.459991
-9.382935,50,225.517086
-16.145104,50,225.570335
-10.744183,50,225.614832
-9.038247,50,225.650669
-9.169847,50,225.688415
-5.503775,50,225.738435
-6.206313,50,225.774906
-9.606466,50,225.830778
-16.737518,50,225.876452
-8.444424,50,225.922638
-9.650216,50,225.960923
-9.210673,50,226.00251
-10.459578,50,226.061097
-8.501382,50,226.118939
-10.870207,50,226.175543
-13.287183,50,226.224307
-14.2322,50,226.282982
-10.044369,50,226.333518
-8.657936,50,226.792084
-12.778261,50,226.852224
-13.043654,50,226.899905
-5.474458,50,226.938956
-8.614749,50,226.992766
-12.786757,50,227.053512
-17.602913,50,227.112543
-10.489125,50,227.171351
-10.366862,50,227.231589
-5.702196,50,227.286865
-6.199228,50,227.34321
-10.431781,50,227.386348
-8.39488,50,227.433326
-13.272658,50,227.473475
-19.619599,50,227.533715
-8.018354,50,227.593786
-9.066347,50,227.632285
-9.017217,50,227.674785
-10.799167,50,227.710521
-14.264981,50,227.757427
-8.147023,50,227.805036
-10.658511,50,227.857459
-16.058795,50,227.908355
-13.790788,50,227.954807
-10.23314,50,228.005152
-18.388726,50,228.059327
-5.77127,50,228.118952
-13.752387,50,228.180476
-10.604069,50,228.232899
-8.083583,50,228.275642
-10.368915,50,228.321034
-8.787143,50,228.374427
-15.00505,50,228.421269
-8.793622,50,228.470913
-11.818026,50,228.513263
-6.161232,50,228.573333
-11.506867,50,228.621428
-10.651527,50,228.673154
-11.107146,50,228.719851
-13.814403,50,228.77862
-6.56862,50,228.832692
-13.936669,50,229.30833
-9.031787,50,229.35545
-11.898107,50,229.409377
-9.788738,50,229.46367
-10.340586,50,229.521056
-16.372833,50,229.567213
-15.668037,50,229.615134
-7.179286,50,229.66731
-9.525178,50,229.72425
-10.980806,50,229.760808
-11.663171,50,229.80045
-14.40246,50,229.835544
-13.588294,50,229.866688
-9.866042,50,229.906036
-10.943439,50,229.947403
-7.181743,50,229.995133
-13.173447,50,230.031901
-9.989609,50,230.085124
-8.108052,50,230.123975
-16.889833,50,230.163081
-8.474252,50,230.211791
-9.625953,50,230.258483
-10.821543,50,230.29712
-9.483205,50,230.327574
-15.300759,50,230.392982
-5.022995,50,230.452701
-8.333113,50,230.49758
-17.853574,50,230.537174
-5.248321,50,230.568153
-11.692945,50,230.611337
-8.903117,50,230.659929
-11.901021,50,230.708768
-12.82532,50,230.766493
-10.516503,50,230.803639
-10.758235,50,230.847075
-9.48905,50,230.890442
-11.346286,50,230.934583
-7.981422,50,230.990325
-17.328696,50,231.028321
-12.511586,50,231.067265
-7.993552,50,231.098937
-14.179858,50,231.559816
-12.833959,50,231.612808
-17.694514,50,231.671774
-9.988908,50,231.726254
-8.577431,50,231.789307
-6.781032,50,231.845653
-8.450372,50,231.901575
-12.981307,50,231.947388
-9.224327,50,231.996747
-9.368858,50,232.052757
-18.217924,50,232.115796
-6.602895,50,232.171109
-6.521178,50,232.212331
-10.099093,50,232.266547
-8.944906,50,232.323628
-13.483861,50,232.377455
-11.718072,50,232.417466
-13.137223,50,232.457523
-10.57283,50,232.491729
-9.700386,50,232.55206
-9.442823,50,232.601323
-7.721565,50,232.66227
-14.917788,50,232.724544
-9.344739,50,232.78054
-11.0926,50,232.826007
-7.041092,50,232.868939
-8.579181,50,232.915625
-10.728173,50,232.951464
-13.820629,50,233.002769
-8.636152,50,233.042061
-14.156219,50,233.088693
-10.533231,50,233.138024
-12.637102,50,233.180197
-6.036289,50,233.216266
-16.55181,50,233.248651
-7.944451,50,233.296152
-15.804363,50,233.341228
-11.072604,50,233.38241
-8.013721,50,233.419116
-9.921268,50,233.464584
-7.26014,50,233.499412
-8.901493,50,233.958079
-7.599826,50,234.010575
-11.521477,50,234.065059
-16.094098,50,234.121623
-18.788011,50,234.164221
-12.128645,50,234.201386
-6.966538,50,234.250248
-14.981012,50,234.304125
-11.120502,50,234.363369
-10.154922,50,234.414093
-12.318391,50,234.470776
-12.625535,50,234.524125
-12.144019,50,234.563848
-14.72393,50,234.618592
-9.011404,50,234.670955
-9.646225,50,234.729872
-13.45527,50,234.786815
-12.198312,50,234.833797
-9.68777,50,234.884806
-10.110773,50,234.932359
-9.52457,50,234.990059
-6.694591,50,235.04361
-19.104101,50,235.100174
-5.939714,50,235.150549
-12.867045,50,235.201673
-6.747629,50,235.249461
-10.261608,50,235.285232
-8.532693,50,235.329038
-9.80193,50,235.373815
-14.549476,50,235.416852
-7.34258,50,235.455845
-11.464866,50,235.497806
-9.538374,50,235.54993
-10.730546,50,235.595932
-10.532615,50,235.640901
-9.74784,50,235.692673
-7.711717,50,235.737706
-8.825983,50,235.794275
-11.981967,50,235.838428
-9.318164,50,235.876996
-8.476556,50,235.913005
-10.045137,50,236.366093
-9.132368,50,236.426472
-11.450353,50,236.479706
-9.715371,50,236.536967
-10.12092,50,236.594368
-12.1133,50,236.651228
-8.166744,50,236.696707
-6.715205,50,236.746939
-7.173293,50,236.789969
-13.480402,50,236.833735
-14.731754,50,236.880627
-8.623646,50,236.926881
-6.85146,50,236.963251
-7.52635,50,237.013174
-10.924895,50,237.047884
-11.344726,50,237.085371
-10.970641,50,237.117093
-13.369799,50,237.170964
-10.553207,50,237.207365
-9.080151,50,237.266868
-15.863597,50,237.313077
-9.254224,50,237.364718
-6.680399,50,237.424685
-11.915524,50,237.479529
-10.628903,50,237.531364
-7.923978,50,237.587098
-10.246049,50,237.644008
-10.938182,50,237.706456
-9.3206,50,237.758013
-14.921956,50,237.802294
-10.210625,50,237.851377
-7.613307,50,237.889869
-12.698095,50,237.946832
-17.724616,50,237.992708
-18.501957,50,238.042993
-8.083469,50,238.081985
-5.784134,50,238.133486
-10.506343,50,238.166759
-11.815378,50,238.216601
-6.868676,50,238.27346
-12.974568,50,238.330213
-16.631509,50,238.819088
-16.749105,50,238.872379
-17.147775,50,238.924834
-10.180314,50,238.978507
-11.536851,50,239.031855
-8.681105,50,239.081178
-11.840325,50,239.127446
-11.526521,50,239.172284
-17.239152,50,239.225116
-9.267184,50,239.265576
-10.870781,50,239.304028
-7.931663,50,239.337664
-10.435733,50,239.369939
-11.773143,50,239.415835
-9.660668,50,239.46441
-10.245055,50,239.494646
-10.016982,50,239.528423
-9.964671,50,239.577417
-8.657755,50,239.628923
-12.973449,50,239.681253
-10.449652,50,239.720453
-17.664334,50,239.767354
-7.904157,50,239.819729
-12.652183,50,239.869405
-13.547177,50,239.921067
-12.726582,50,239.979234
-9.540903,50,240.023002
-13.598042,50,240.065936
-14.921406,50,240.116117
-8.354739,50,240.161663
-9.905319,50,240.212532
-14.960535,50,240.255132
-12.33337,50,240.302366
-15.563817,50,240.357591
-7.410241,50,240.409848
-5.843532,50,240.463666
-10.146057,50,240.505672
-11.870704,50,240.55566
-18.257115,50,240.605495
-10.564061,50,240.654928
-9.766656,50,240.698817
-9.698428,50,241.176051
-10.447029,50,241.232213
-9.243735,50,241.290207
-7.769935,50,241.347896
-8.091554,50,241.400581
-11.379088,50,241.461491
-7.679018,50,241.519651
-7.23343,50,241.575432
-11.060294,50,241.632073
-9.774953,50,241.694857
-9.519974,50,241.753432
-10.987051,50,241.799696
-8.957857,50,241.845779
-16.698819,50,241.895289
-7.415275,50,241.937549
-14.535295,50,241.995733
-10.535932,50,242.039532
-15.377692,50,242.096235
-13.126436,50,242.152013
-11.900082,50,242.206385
-10.168221,50,242.266019
-9.472439,50,242.324939
-12.737438,50,242.375358
-7.989135,50,242.431444
-7.381064,50,242.488119
-8.814592,50,242.544844
-9.498264,50,242.592001
-12.132533,50,242.632811
-19.51827,50,242.684512
-10.255555,50,242.732195
-11.442821,50,242.773623
-8.119882,50,242.829389
-7.1386,50,242.881407
-5.559616,50,242.929138
-9.06535,50,242.971163
-17.648238,50,243.022249
-13.32178,50,243.078461
-9.563761,50,243.114631
-5.023707,50,243.168922
-12.684117,50,243.227611
-7.977166,50,243.288267
-15.292822,50,243.790418
-10.281641,50,243.847736
-10.813182,50,243.900531
-9.78474,50,243.959523
-9.280993,50,244.016597
-9.106809,50,244.07295
-9.848636,50,244.125617
-8.974196,50,244.187792
-11.613052,50,244.244777
-10.690996,50,244.302445
-7.868206,50,244.35809
-14.185229,50,244.414227
-10.292079,50,244.46315
-12.878425,50,244.520326
-8.59425,50,244.57533
-8.376735,50,244.636042
-15.067617,50,244.693297
-11.953533,50,244.754539
-13.81888,50,244.8064
-9.418815,50,244.867573
-13.144557,50,244.923385
-14.285201,50,244.981101
-6.883569,50,245.029948
-8.890012,50,245.074324
-8.940046,50,245.114475
-8.089451,50,245.167431
-9.400266,50,245.228578
-11.950914,50,245.286787
-7.466609,50,245.34212
-6.433212,50,245.395092
-8.165358,50,245.451838
-8.817898,50,245.504621
-13.160823,50,245.544732
-15.168056,50,245.599664
-9.230839,50,245.642452
-11.969627,50,245.686688
-14.20299,50,245.733837
-6.875572,50,245.771883
-17.454179,50,245.813061
-9.739244,50,245.858153
-6.800141,50,245.894297
-5.476763,50,246.355758
-11.993169,50,246.410236
-10.460047,50,246.468302
-18.232549,50,246.523084
-7.040038,50,246.582889
-14.843139,50,246.644949
-9.313555,50,246.701224
-7.46995,50,246.757423
-9.145738,50,246.8137
-7.584829,50,246.864076
-7.588402,50,246.925842
-5.307151,50,246.982157
-10.869795,50,247.037443
-7.933816,50,247.095511
-8.455643,50,247.146986
-11.217981,50,247.187271
-14.694367,50,247.228993
-11.953785,50,247.260658
-9.285494,50,247.310782
-9.743957,50,247.368207
-5.714198,50,247.424162
-11.5949,50,247.477623
-4.727987,50,247.532403
-11.94371,50,247.589988
-9.346909,50,247.644396
-8.74607,50,247.701674
-10.184124,50,247.757999
-14.796397,50,247.809049
-13.949821,50,247.857893
-9.431958,50,247.899659
-9.633437,50,247.951683
-14.506838,50,247.99534
-11.207983,50,248.048352
-10.173173,50,248.103618
-13.074875,50,248.159647
-12.842401,50,248.205721
-7.991329,50,248.243847
-13.879361,50,248.290674
-8.213346,50,248.339564
-7.896073,50,248.391572
-11.654789,50,248.442081
-11.486983,50,248.929929
-6.308098,50,248.994788
-10.667778,50,249.04996
-11.201059,50,249.115195
-14.502592,50,249.174123
-8.940275,50,249.222319
-8.155749,50,249.27689
-8.19178,50,249.322352
-10.745347,50,249.380063
-7.803665,50,249.436049
-8.087382,50,249.493763
-8.460888,50,249.547374
-8.669843,50,249.608015
-14.977235,50,249.664584
-9.288772,50,249.723919
-15.199514,50,249.784154
-16.41225,50,249.837594
-10.086992,50,249.890661
-14.443429,50,249.944576
-6.407725,50,249.995809
-8.909246,50,250.0501
-13.770692,50,250.086926
-17.510707,50,250.142441
-9.061741,50,250.192581
-10.618094,50,250.239455
-15.955039,50,250.276053
-7.891884,50,250.317978
-6.33259,50,250.355237
-10.244831,50,250.41635
-8.528624,50,250.472859
-10.13184,50,250.532883
-15.451116,50,250.589665
-11.958595,50,250.644584
-9.142429,50,250.702865
-5.056394,50,250.762203
-10.425799,50,250.81856
-4.936354,50,250.877508
-5.482167,50,250.93687
-10.471612,50,250.98318
-14.669372,50,251.032436
-7.626669,50,251.093366
-7.857963,50,251.591075
-14.489891,50,251.650454
-9.869118,50,251.714651
-10.113086,50,251.762996
-6.734654,50,251.815147
-11.64481,50,251.869334
-8.972578,50,251.91764
-13.69391,50,251.959258
-10.81295,50,251.993939
-11.794222,50,252.042611
-14.519667,50,252.090657
-8.921559,50,252.140283
-11.323688,50,252.185037
-10.061967,50,252.228107
-10.258195,50,252.278175
-8.535947,50,252.321359
-10.230377,50,252.36328
-16.862422,50,252.401649
-11.25985,50,252.435564
-14.733053,50,252.490863
-9.431531,50,252.530256
-11.588372,50,252.590223
-11.809451,50,252.642294
-11.024793,50,252.700724
-13.554442,50,252.762684
-14.709779,50,252.820497
-9.194572,50,252.875468
-9.075578,50,252.930822
-7.910868,50,252.982324
-11.248313,50,253.038332
-7.602416,50,253.081635
-8.434948,50,253.124679
-7.840002,50,253.156434
-12.406779,50,253.193732
-8.365384,50,253.239336
-6.759813,50,253.293073
-9.471431,50,253.338276
-7.743939,50,253.385014
-5.002702,50,253.426883
-7.907501,50,253.477698
-6.453538,50,253.966207
-8.876666,50,253.998813
-13.55867,50,254.030956
-7.118433,50,254.069439
-10.016823,50,254.126683
-7.645946,50,254.181098
-13.683138,50,254.240779
-10.51836,50,254.305763
-12.797655,50,254.360266
-10.416916,50,254.401594
-7.305069,50,254.455966
-5.385052,50,254.500697
-13.68209,50,254.549185
-6.768955,50,254.600328
-12.219325,50,254.644127
-15.136601,50,254.69135
-8.345719,50,254.736849
-8.786299,50,254.776684
-6.928629,50,254.809355
-7.963582,50,254.843611
-15.160307,50,254.893001
-11.088444,50,254.944549
-12.42323,50,255.000504
-17.102045,50,255.054515
-9.368248,50,255.111333
-10.280588,50,255.171062
-16.027964,50,255.229985
-10.36051,50,255.283021
-10.733117,50,255.33963
-7.2836,50,255.382401
-8.945759,50,255.430553
-7.637275,50,255.481826
-6.753171,50,255.532645
-11.88794,50,255.578561
-8.117683,50,255.622987
-10.268574,50,255.670334
-8.190323,50,255.718534
-7.861968,50,255.777241
-9.337771,50,255.831682
-9.017133,50,255.874034
-9.798561,50,255.921252
-11.42768,50,256.397647
-12.492957,50,256.463789
-9.677883,50,256.521091
-11.601028,50,256.570656
-7.297585,50,256.630282
-12.633563,50,256.6879
-8.586832,50,256.743621
-11.505286,50,256.794274
-15.470827,50,256.846366
-9.49613,50,256.891064
-5.302121,50,256.940553
-9.757732,50,256.996984
-8.086799,50,257.041028
-7.310191,50,257.089197
-10.845004,50,257.138908
-9.036835,50,257.193909
-8.881069,50,257.234318
-8.291721,50,257.295768
-11.391051,50,257.345079
-11.577984,50,257.389041
-5.43655,50,257.443708
-10.134129,50,257.503064
-9.789415,50,257.564315
-15.406479,50,257.618785
-12.183438,50,257.679265
-10.25727,50,257.73568
-13.462939,50,257.782784
-7.078409,50,257.843002
-10.420892,50,257.890628
-15.509524,50,257.943797
-13.595633,50,257.98993
-9.519213,50,258.038726
-11.176321,50,258.086487
-10.37645,50,258.137567
-7.585358,50,258.18425
-9.467807,50,258.2266
-12.340547,50,258.278122
-11.533396,50,258.32642
-10.784026,50,258.368345
-12.653534,50,258.427992
-8.14667,50,258.486009
-8.616798,50,258.937561
-9.101704,50,258.992252
-6.870783,50,259.045161
-7.096117,50,259.097021
-6.924606,50,259.142418
-13.85741,50,259.196348
-6.274112,50,259.253922
-11.635239,50,259.306757
-11.650258,50,259.36187
-9.209558,50,259.409713
-10.944428,50,259.467607
-17.769037,50,259.534015
-10.876851,50,259.593659
-8.520326,50,259.654649
-13.120727,50,259.706828
-13.168567,50,259.744963
-9.831155,50,259.782588
-14.045429,50,259.839519
-10.133615,50,259.900477
-5.765827,50,259.939739
-9.688585,50,259.985872
-9.282541,50,260.036408
-8.854684,50,260.081047
-8.472915,50,260.127123
-12.212687,50,260.165773
-10.852581,50,260.210999
-12.24826,50,260.243714
-11.035546,50,260.277998
-9.627401,50,260.31192
-8.463036,50,260.359939
-7.582788,50,260.402466
-15.954926,50,260.450544
-5.41196,50,260.515702
-13.653741,50,260.571224
-10.92776,50,260.609812
-6.108111,50,260.64552
-11.732068,50,260.709471
-12.813144,50,260.755884
-10.268242,50,260.814317
-7.114984,50,260.875601
-8.387002,50,260.924568
-10.976927,50,261.382721
-7.216667,50,261.437904
-7.968555,50,261.500419
-6.746992,50,261.55365
-8.72815,50,261.609752
-6.182469,50,261.664339
-13.14985,50,261.72712
-6.560223,50,261.779336
-5.972427,50,261.840911
-9.023727,50,261.900309
-9.99865,50,261.956398
-12.338617,50,262.011444
-15.447097,50,262.066184
-8.95705,50,262.103202
-8.894618,50,262.142544
-9.788988,50,262.185408
-8.464194,50,262.225594
-14.344913,50,262.269825
-12.537448,50,262.305112
-7.926265,50,262.349386
-10.08197,50,262.400939
-6.864117,50,262.466929
-11.515286,50,262.523471
-6.988287,50,262.581469
-10.176468,50,262.640645
-10.658406,50,262.693883
-8.412838,50,262.752644
-8.574931,50,262.813417
-5.35721,50,262.871979
-11.075471,50,262.924051
-16.272367,50,262.982633
-15.689981,50,263.041524
-6.588163,50,263.098825
-13.029479,50,263.156442
-10.924248,50,263.207083
-14.639584,50,263.260312
-15.300616,50,263.309564
-6.702223,50,263.34548
-8.40573,50,263.391114
-10.790572,50,263.447476
-11.442812,50,263.50527
-9.270815,50,263.972571
-16.096766,50,264.02649
-8.341326,50,264.085229
-10.108299,50,264.137768
-6.326676,50,264.190683
-9.514614,50,264.243515
-7.538825,50,264.288654
-12.582065,50,264.350911
-8.77411,50,264.401167
-8.39735,50,264.463687
-8.735062,50,264.517291
-10.666459,50,264.571024
-10.786933,50,264.629418
-8.627555,50,264.682897
-12.297817,50,264.738472
-8.346445,50,264.804236
-7.453954,50,264.862494
-9.153193,50,264.906661
-8.897319,50,264.972412
-11.031739,50,265.029683
-15.222382,50,265.067716
-5.765255,50,265.134434
-12.325038,50,265.184177
-11.27242,50,265.235273
-10.954383,50,265.286114
-12.660793,50,265.338636
-11.051559,50,265.377505
-10.427032,50,265.435543
-6.611674,50,265.494311
-11.850046,50,265.546472
-9.24133,50,265.604668
-10.909314,50,265.662292
-8.369829,50,265.716795
-8.727907,50,265.771082
-11.633248,50,265.81995
-10.96697,50,265.860944
-13.047667,50,265.892515
-8.797639,50,265.935671
-13.020653,50,265.984376
-6.159611,50,266.027641
-12.396588,50,266.078361
-11.719528,50,266.55479
-8.457194,50,266.608311
-10.190082,50,266.672677
-12.920544,50,266.728617
-12.580919,50,266.782954
-9.653561,50,266.841555
-13.50498,50,266.896655
-9.321755,50,266.955144
-11.546474,50,267.003798
-9.977285,50,267.064561
-13.956526,50,267.121875
-15.312682,50,267.18296
-9.844731,50,267.232675
-13.525534,50,267.295737
-11.392972,50,267.347823
-14.320101,50,267.404278
-8.838791,50,267.460985
-15.493028,50,267.519306
-7.731085,50,267.575534
-7.76329,50,267.62891
-6.268974,50,267.685871
-6.700335,50,267.741049
-10.887314,50,267.80003
-11.705054,50,267.860367
-9.039005,50,267.918232
-8.192812,50,267.962683
-6.572464,50,268.023546
-8.089878,50,268.069953
-8.667892,50,268.113997
-7.28327,50,268.158703
-8.95593,50,268.207428
-12.781106,50,268.245224
-9.733029,50,268.290957
-11.359535,50,268.332125
-9.754438,50,268.375675
-11.3142,50,268.41697
-6.792935,50,268.475172
-11.562584,50,268.534268
-9.892956,50,268.573254
-10.509963,50,268.623668
-11.433612,50,268.668382
-9.029951,50,269.127642
-9.232302,50,269.182397
-8.804144,50,269.227698
-12.967031,50,269.262466
-5.580487,50,269.309884
-8.508109,50,269.350745
-10.891502,50,269.385708
-8.376674,50,269.43067
-10.70139,50,269.490424
-7.585131,50,269.537246
-9.70394,50,269.586394
-14.988465,50,269.639356
-8.946797,50,269.684674
-10.696678,50,269.74309
-8.795307,50,269.796088
-12.451555,50,269.84738
-8.580007,50,269.905816
-9.700697,50,269.961467
-10.887255,50,270.019587
-5.013233,50,270.074667
-6.96253,50,270.129111
-7.678977,50,270.177978
-9.984065,50,270.221855
-11.053927,50,270.279961
-11.113241,50,270.311577
-12.243826,50,270.358387
-13.430266,50,270.398498
-7.054699,50,270.449279
-7.870717,50,270.481138
-11.740783,50,270.527495
-9.216375,50,270.577446
-8.58419,50,270.640599
-10.5224,50,270.697824
-10.711436,50,270.740155
-9.190944,50,270.790735
-10.178722,50,270.849304
-8.623534,50,270.899538
-10.93111,50,270.944179
-5.831487,50,270.991356
-10.189909,50,271.050677
-9.490914,50,271.089877
-9.666585,50,271.539333
-11.794048,50,271.592441
-9.597994,50,271.652546
-8.742039,50,271.71345
-15.060168,50,271.770505
-13.699529,50,271.834101
-9.193223,50,271.89802
-11.45378,50,271.953778
-7.289457,50,272.010985
-7.133565,50,272.06694
-11.152803,50,272.114673
-7.769836,50,272.176293
-11.453994,50,272.223298
-7.318214,50,272.263357
-9.458312,50,272.299927
-9.428062,50,272.346045
-11.496288,50,272.389341
-12.081503,50,272.428484
-8.694879,50,272.470232
-16.352178,50,272.518242
-8.870113,50,272.571744
-7.659652,50,272.631954
-11.005422,50,272.694343
-11.861482,50,272.757243
-8.611348,50,272.81362
-15.872356,50,272.86571
-6.35518,50,272.925355
-10.056812,50,272.980083
-10.196684,50,273.040177
-10.195306,50,273.080493
-10.062306,50,273.132911
-12.212672,50,273.19227
-14.450732,50,273.249109
-13.200756,50,273.2889
-10.437051,50,273.320729
-12.716357,50,273.369323
-9.506149,50,273.426589
-10.598507,50,273.475286
-9.170139,50,273.525607
-8.841128,50,273.581721
-9.586926,50,273.635239
-12.60753,50,274.112384
-14.156667,50,274.171998
-11.402295,50,274.226176
-8.314982,50,274.281615
-8.406458,50,274.343505
-6.523053,50,274.398728
-12.810065,50,274.454929
-7.842038,50,274.510007
-7.705135,50,274.558748
-13.133868,50,274.62071
-8.864992,50,274.681838
-9.891999,50,274.733238
-6.105003,50,274.794895
-15.664259,50,274.85251
-7.128219,50,274.90396
-9.046616,50,274.953273
-7.748079,50,275.013789
-8.013465,50,275.071849
-10.112811,50,275.129541
-9.317269,50,275.185572
-8.689788,50,275.242072
-6.629351,50,275.298272
-10.115345,50,275.348268
-7.263051,50,275.40354
-7.895326,50,275.460527
-7.263969,50,275.514216
-9.069457,50,275.553995
-12.156369,50,275.596006
-16.094559,50,275.655121
-10.53104,50,275.707689
-13.634855,50,275.768295
-10.719808,50,275.826326
-8.985069,50,275.88337
-10.778142,50,275.944237
-6.071702,50,276.001711
-8.305151,50,276.052459
-9.60662,50,276.101188
-9.79913,50,276.149119
-13.180384,50,276.196832
-11.305541,50,276.245041
-12.429132,50,276.286109
-9.782532,50,276.771815
-7.666035,50,276.828731
-9.588787,50,276.886917
-9.032793,50,276.950645
-9.541555,50,277.005687
-17.10644,50,277.068041
-8.47599,50,277.128479
-9.865706,50,277.187265
-15.283432,50,277.253125
-8.468893,50,277.311442
-9.205978,50,277.368456
-9.187144,50,277.430537
-9.522315,50,277.492188
-11.078226,50,277.552584
-7.865624,50,277.599846
-10.687254,50,277.651358
-11.523023,50,277.702631
-5.552133,50,277.75106
-14.656582,50,277.813176
-10.915265,50,277.863927
-11.09807,50,277.920016
-11.026639,50,277.973395
-10.675573,50,278.030595
-12.365697,50,278.087801
-6.226365,50,278.143687
-11.265211,50,278.2025
-8.38537,50,278.264759
-13.336438,50,278.307474
-14.16233,50,278.3685
-5.669642,50,278.415332
-12.442284,50,278.464608
-7.037474,50,278.508349
-10.195351,50,278.564494
-8.563928,50,278.622006
-16.244862,50,278.666883
-8.589366,50,278.71301
-8.430765,50,278.757208
-7.103622,50,278.816624
-6.598109,50,278.869571
-10.898832,50,278.933699
-11.886261,50,278.990196
-7.442262,50,279.483465
-11.101944,50,279.537191
-15.690162,50,279.585076
-11.890297,50,279.6301
-7.999468,50,279.679106
-8.476025,50,279.731332
-8.98959,50,279.784886
-13.499482,50,279.842509
-8.641214,50,279.900873
-7.958346,50,279.95865
-10.668576,50,280.011608
-9.381328,50,280.065011
-10.113471,50,280.124901
-8.951325,50,280.181154
-14.07358,50,280.222684
-7.159047,50,280.270794
-9.499694,50,280.316282
-7.873342,50,280.364359
-15.609536,50,280.417376
-10.85558,50,280.459382
-7.560977,50,280.510181
-13.04522,50,280.568182
-5.691858,50,280.628871
-11.681255,50,280.672196
-11.103637,50,280.71901
-8.625496,50,280.769027
-11.011211,50,280.827609
-11.767739,50,280.884669
-6.622282,50,280.937768
-6.999205,50,280.988707
-8.017658,50,281.039004
-11.583005,50,281.099092
-12.33876,50,281.156332
-13.691179,50,281.208083
-10.533433,50,281.257185
-9.084578,50,281.30314
-8.990781,50,281.346194
-12.84437,50,281.377942
-10.554224,50,281.41226
-9.829042,50,281.473677
-14.134651,50,281.527266
-7.887878,50,282.00243
-6.233597,50,282.063293
-9.898792,50,282.120186
-6.095917,50,282.180419
-8.957508,50,282.241839
-8.66272,50,282.29734
-8.707868,50,282.350059
-6.791026,50,282.415217
-8.737594,50,282.472447
-14.762105,50,282.522923
-7.446362,50,282.576599
-7.977935,50,282.633105
-11.431845,50,282.671911
-10.761321,50,282.724365
-9.719563,50,282.771495
-10.862349,50,282.813802
-7.572394,50,282.850171
-8.071264,50,282.879639
-9.347968,50,282.919446
-11.430711,50,282.959994
-9.321251,50,282.99727
-9.497284,50,283.051761
-12.251565,50,283.111485
-10.021628,50,283.167308
-12.04076,50,283.221225
-10.126419,50,283.285968
-8.23198,50,283.344035
-9.112255,50,283.387084
-16.460674,50,283.43239
-12.386819,50,283.46968
-13.055627,50,283.523077
-8.235323,50,283.569237
-11.56579,50,283.616652
-15.83652,50,283.660483
-9.501612,50,283.71902
-9.506751,50,283.762177
-15.565961,50,283.812391
-7.837632,50,283.855555
-12.039252,50,283.909572
-15.416161,50,283.965862
-9.623028,50,284.021202
-10.256202,50,284.519236
-8.168972,50,284.578572
-8.602516,50,284.638234
-10.422768,50,284.693589
-10.374828,50,284.73769
-11.202382,50,284.798911
-8.314069,50,284.837376
-12.341434,50,284.888712
-10.899874,50,284.92598
-15.568732,50,284.974024
-15.224587,50,285.03035
-7.993662,50,285.088001
-12.824847,50,285.146165
-17.256616,50,285.205802
-12.753247,50,285.2603
-16.596957,50,285.317332
-8.808909,50,285.368228
-5.987501,50,285.413682
-11.236966,50,285.47346
-6.889459,50,285.509654
-6.226295,50,285.555675
-6.425792,50,285.609076
-13.225415,50,285.657166
-9.387077,50,285.71597
-14.638629,50,285.759146
-9.845171,50,285.807507
-7.018303,50,285.86196
-9.812836,50,285.903435
-6.903499,50,285.941951
-10.56648,50,285.988668
-7.763283,50,286.041431
-10.836364,50,286.097587
-9.839378,50,286.161329
-9.416537,50,286.215932
-16.018833,50,286.260926
-11.551434,50,286.315683
-9.816579,50,286.348583
-8.878147,50,286.392081
-8.188896,50,286.447464
-9.172367,50,286.499379
-7.427076,50,286.536328
-9.134075,50,287.015748
-9.799426,50,287.068077
-8.634327,50,287.130726
-11.697467,50,287.191179
-9.814235,50,287.251393
-9.511708,50,287.298785
-9.657368,50,287.351056
-13.734634,50,287.410615
-8.255584,50,287.456076
-11.503355,50,287.501403
-11.229245,50,287.540509
-11.668693,50,287.590732
-9.36032,50,287.631223
-15.960165,50,287.676998
-11.928023,50,287.723169
-14.468497,50,287.763984
-6.456936,50,287.803684
-8.201945,50,287.854034
-11.513489,50,287.897782
-9.476744,50,287.939777
-9.244162,50,287.983575
-7.264711,50,288.037161
-7.948334,50,288.081126
-16.187648,50,288.13942
-6.854523,50,288.194808
-14.675447,50,288.251422
-8.087367,50,288.304802
-10.022894,50,288.361892
-11.000633,50,288.416877
-8.56295,50,288.474135
-8.956565,50,288.530222
-9.795667,50,288.576339
-9.34413,50,288.61224
-11.514521,50,288.6551
-12.846199,50,288.711663
-10.302481,50,288.756644
-11.867019,50,288.795983
-8.939477,50,288.852776
-9.114467,50,288.89909
-8.967936,50,288.945268
-9.032446,50,288.998635
-8.640505,50,289.472304
-9.436004,50,289.529087
-14.016488,50,289.584256
-7.688877,50,289.638141
-9.360972,50,289.697056
-6.372627,50,289.753175
-7.573512,50,289.809845
-10.945701,50,289.865638
-10.037774,50,289.921195
-7.010788,50,289.982844
-8.477389,50,290.032904
-6.429412,50,290.093618
-13.853462,50,290.155562
-8.498765,50,290.215544
-6.726751,50,290.275824
-14.758496,50,290.335378
-7.055074,50,290.388771
-7.880551,50,290.448992
-8.09736,50,290.503928
-6.934664,50,290.548305
-9.531866,50,290.605507
-14.133601,50,290.656101
-15.768992,50,290.705842
-6.066841,50,290.753647
-7.372853,50,290.814313
-14.866407,50,290.859438
-10.603407,50,290.912831
-13.779359,50,290.968184
-8.15419,50,291.0256
-9.05816,50,291.083738
-8.194934,50,291.142132
-7.794793,50,291.205931
-15.160903,50,291.264612
-7.163777,50,291.322648
-7.898506,50,291.382285
-13.429833,50,291.438744
-6.478633,50,291.497702
-10.268433,50,291.540185
-6.220111,50,291.601274
-13.004171,50,291.655823
-12.1615,50,291.696845
-8.50145,50,292.19549
-11.03454,50,292.249282
-8.829235,50,292.305774
-6.39867,50,292.361124
-9.285965,50,292.414942
-9.36685,50,292.470189
-6.206056,50,292.528278
-8.519152,50,292.581934
-7.411231,50,292.647757
-12.368467,50,292.70859
-8.503975,50,292.777907
-12.13362,50,292.829753
-12.030607,50,292.883465
-16.135475,50,292.932585
-7.341344,50,292.993955
-6.808508,50,293.034447
-8.932433,50,293.088964
-6.57749,50,293.141555
-9.771579,50,293.198473
-12.49086,50,293.25738
-11.59421,50,293.315958
-13.26136,50,293.373227
-8.857947,50,293.428098
-12.721921,50,293.476304
-13.21639,50,293.530603
-10.327671,50,293.582599
-11.752543,50,293.641904
-14.017884,50,293.690445
-7.540216,50,293.738853
-9.557894,50,293.787931
-7.651939,50,293.82727
-9.714551,50,293.860682
-8.703634,50,293.902429
-10.375422,50,293.941621
-8.552178,50,293.995887
-9.160924,50,294.048263
-10.385453,50,294.084522
-13.533133,50,294.137846
-8.196339,50,294.18818
-17.212708,50,294.251252
-9.741319,50,294.298141
-8.652,50,294.77632
-7.391037,50,294.832304
-5.236873,50,294.888678
-8.991162,50,294.940026
-9.979082,50,294.98277
-9.76613,50,295.03124
-12.271112,50,295.076799
-9.257581,50,295.116775
-5.929564,50,295.163164
-8.636682,50,295.211194
-8.27792,50,295.248637
-12.77161,50,295.281451
-13.870875,50,295.322651
-6.979635,50,295.380811
-12.418229,50,295.44063
-8.849396,50,295.485236
-9.15825,50,295.544895
-11.05447,50,295.606585
-12.954584,50,295.647779
-9.758659,50,295.696653
-11.355774,50,295.729394
-9.299752,50,295.770972
-10.342537,50,295.823712
-9.185692,50,295.87471
-8.48681,50,295.913377
-10.14712,50,295.957492
-7.739641,50,296.002492
-7.760986,50,296.044188
-9.352639,50,296.088469
-8.299167,50,296.140705
-8.22719,50,296.198308
-10.371996,50,296.242446
-10.196015,50,296.289454
-8.75594,50,296.341564
-9.232203,50,296.390077
-11.200341,50,296.427216
-10.14531,50,296.465931
-8.109077,50,296.524198
-10.548028,50,296.578222
-9.602021,50,296.636607
-14.362207,50,296.683549
-16.08009,50,297.21837
-10.378601,50,297.277773
-12.227721,50,297.339477
-14.639001,50,297.391675
-13.621795,50,297.447332
-14.569061,50,297.507158
-16.082598,50,297.565616
-11.642655,50,297.622393
-10.476077,50,297.678836
-11.41236,50,297.738716
-8.932139,50,297.783137
-17.74406,50,297.842546
-13.309632,50,297.902985
-11.577186,50,297.957067
-8.000491,50,298.008302
-8.235162,50,298.065313
-11.323823,50,298.121275
-10.027128,50,298.176978
-7.544853,50,298.234267
-5.930726,50,298.297583
-12.356635,50,298.353666
-8.282462,50,298.409655
-15.716963,50,298.468946
-9.580874,50,298.528707
-10.546354,50,298.587605
-9.719848,50,298.653728
-7.10359,50,298.711407
-11.472924,50,298.767223
-8.625966,50,298.819608
-12.358368,50,298.867323
-8.374849,50,298.909009
-13.708479,50,298.953625
-9.517985,50,299.002201
-7.861872,50,299.055979
-13.738286,50,299.113187
-14.193577,50,299.154404
-14.24232,50,299.199844
-8.178192,50,299.259637
-14.552802,50,299.320599
-9.401051,50,299.385665
-9.242126,50,299.443444
-10.98948,50,299.954384
-13.055809,50,300.012306
-5.965221,50,300.069068
-9.915608,50,300.128287
-6.851718,50,300.167651
-10.382432,50,300.216248
-8.498067,50,300.273953
-9.892628,50,300.329722
-8.869853,50,300.385648
-13.672042,50,300.441323
-6.490001,50,300.505178
-9.213628,50,300.560039
-15.90644,50,300.620784
-9.385891,50,300.683756
-12.422441,50,300.741028
-8.173915,50,300.807408
-14.906064,50,300.865963
-9.609645,50,300.922356
-12.301976,50,300.976846
-10.515569,50,301.032514
-8.641607,50,301.094644
-9.956408,50,301.13796
-10.24554,50,301.17605
-8.896766,50,301.240453
-11.569006,50,301.304729
-10.516346,50,301.367355
-8.962013,50,301.423043
-8.170793,50,301.480692
-8.389341,50,301.546342
-10.405723,50,301.60239
-5.481424,50,301.661541
-9.688441,50,301.721079
-9.44679,50,301.777947
-14.239586,50,301.835818
-10.466068,50,301.878649
-9.931189,50,301.943366
-9.178096,50,302.002107
-12.653662,50,302.051221
-11.597812,50,302.101706
-12.852743,50,302.137455
-7.000586,50,302.185673
-8.801064,50,302.66683
-8.392448,50,302.732681
-8.047188,50,302.799186
-9.163117,50,302.854116
-6.667221,50,302.919529
-9.240094,50,302.983808
-8.654006,50,303.037628
-11.856656,50,303.103477
-7.826186,50,303.161139
-9.508968,50,303.211701
-9.820862,50,303.258418
-14.180463,50,303.304442
-16.152738,50,303.349643
-7.843933,50,303.391671
-14.775737,50,303.430982
-10.080571,50,303.486327
-7.218379,50,303.537
-9.436174,50,303.581376
-9.285764,50,303.63453
-12.496438,50,303.692848
-10.862829,50,303.754135
-9.975312,50,303.818577
-15.696972,50,303.881195
-14.529632,50,303.924038
-12.124672,50,303.9783
-8.544617,50,304.015767
-11.911901,50,304.060436
-8.214659,50,304.11289
-8.881128,50,304.168043
-9.138018,50,304.215476
-14.428047,50,304.286437
-13.826674,50,304.328407
-10.384884,50,304.377969
-11.703251,50,304.430112
-8.962222,50,304.471483
-9.377872,50,304.511641
-5.169049,50,304.546715
-7.887929,50,304.585966
-11.588466,50,304.622846
-7.412197,50,304.662737
-13.680278,50,304.719685
-11.260228,50,305.221408
-11.675438,50,305.277656
-9.466923,50,305.337514
-9.49608,50,305.404151
-16.052537,50,305.465965
-7.952002,50,305.525956
-7.144705,50,305.576292
-7.117383,50,305.641547
-9.293543,50,305.704875
-10.124679,50,305.762681
-9.252014,50,305.815591
-8.573106,50,305.867076
-11.93494,50,305.911219
-7.284247,50,305.961025
-15.078974,50,306.012833
-10.120125,50,306.066523
-11.20258,50,306.118452
-8.574861,50,306.171941
-11.749796,50,306.221921
-11.142178,50,306.270132
-11.189859,50,306.324215
-9.837811,50,306.36589
-8.612907,50,306.424976
-10.555788,50,306.472442
-8.053856,50,306.518944
-10.943113,50,306.566236
-10.929761,50,306.612675
-7.762472,50,306.673694
-15.616838,50,306.722409
-13.064368,50,306.777272
-7.429489,50,306.823579
-7.735307,50,306.881858
-9.730713,50,306.938093
-8.832758,50,306.985604
-11.173701,50,307.042486
-10.560311,50,307.091997
-16.4302,50,307.13362
-11.81943,50,307.174488
-8.871257,50,307.23202
-8.189724,50,307.289814
-8.504913,50,307.35065
-6.88923,50,307.870081
-9.903584,50,307.926521
-9.268828,50,307.986928
-12.232136,50,308.039079
-7.751756,50,308.090464
-10.883066,50,308.133516
-7.876575,50,308.178436
-9.308646,50,308.22166
-6.508484,50,308.26105
-9.209098,50,308.312256
-8.60057,50,308.356433
-9.630935,50,308.410085
-10.607029,50,308.465392
-9.474521,50,308.520945
-8.786237,50,308.575206
-11.319018,50,308.631374
-9.696301,50,308.68594
-8.587477,50,308.736327
-12.800856,50,308.779869
-9.376808,50,308.81266
-9.010134,50,308.863676
-9.213179,50,308.92405
-12.895784,50,308.982906
-11.742918,50,309.038619
-8.791174,50,309.096277
-8.308596,50,309.150074
-12.269118,50,309.188017
-9.94562,50,309.238507
-8.377527,50,309.282329
-12.979372,50,309.32753
-11.499938,50,309.385013
-8.554449,50,309.423229
-7.397577,50,309.470331
-7.415679,50,309.510935
-13.279659,50,309.55951
-13.244359,50,309.595114
-8.447333,50,309.633584
-9.008793,50,309.690142
-7.753164,50,309.741281
-8.731614,50,309.794373
-15.420765,50,309.838911
-8.976752,50,310.35179
-9.270171,50,310.420955
-12.206068,50,310.48571
-9.830703,50,310.553852
-10.81283,50,310.605839
-8.360427,50,310.657783
-7.830708,50,310.71548
-13.839779,50,310.763132
-9.220923,50,310.818553
-15.653688,50,310.884181
-15.734292,50,310.94761
-11.848369,50,311.00486
-7.508375,50,311.056905
-10.562643,50,311.124424
-15.371041,50,311.19869
-11.586423,50,311.25429
-14.937505,50,311.319123
-13.679685,50,311.381198
-10.386161,50,311.446417
-14.882133,50,311.509321
-13.285233,50,311.575921
-13.106636,50,311.638685
-8.292227,50,311.698143
-8.42098,50,311.748816
-13.681164,50,311.808437
-9.033979,50,311.867247
-14.996688,50,311.928802
-10.667719,50,311.978289
-13.273758,50,312.039372
-10.854013,50,312.096446
-8.124805,50,312.149148
-9.993247,50,312.202677
-14.702728,50,312.258359
-14.158166,50,312.320683
-16.029452,50,312.385348
-11.550767,50,312.437875
-8.372492,50,312.500501
-8.278228,50,312.553638
-13.071046,50,312.605071
-16.70659,50,312.649413
-9.632898,50,312.682824
-8.660758,50,313.174246
-9.307077,50,313.209576
-12.319083,50,313.245092
-14.408094,50,313.287739
-7.918175,50,313.348362
-8.149127,50,313.409025
-8.502006,50,313.471554
-11.181528,50,313.519382
-14.847819,50,313.56711
-10.395158,50,313.601779
-12.712752,50,313.634721
-8.152647,50,313.667858
-9.271848,50,313.714303
-11.066321,50,313.749848
-10.164609,50,313.787757
-7.840965,50,313.822715
-6.062229,50,313.857411
-10.609207,50,313.892395
-13.017286,50,313.928053
-9.618514,50,313.964977
-8.876712,50,314.00396
-13.496359,50,314.040135
-9.892386,50,314.077484
-11.987503,50,314.113985
-9.573717,50,314.15968
-11.101359,50,314.207791
-7.76904,50,314.251245
-10.879412,50,314.298558
-10.394024,50,314.336786
-10.731561,50,314.374243
-12.412107,50,314.412805
-6.676046,50,314.471062
-9.783132,50,314.523493
-12.824208,50,314.56506
-7.973972,50,314.60697
-8.204264,50,314.657251
-8.845421,50,314.691545
-9.501379,50,314.727274
-8.765741,50,314.760387
-7.646461,50,314.794027
-6.167726,50,314.82906
-6.38212,50,315.310393
-6.112132,50,315.346957
-6.068693,50,315.380007
-8.483132,50,315.420579
-8.676969,50,315.468835
-10.220402,50,315.51341
-8.699216,50,315.555006
-8.411551,50,315.599958
-13.421425,50,315.648416
-8.219206,50,315.704443
-9.981125,50,315.740782
-8.44827,50,315.777174
-10.691121,50,315.810729
-14.800245,50,315.847311
-13.948993,50,315.886856
-7.66287,50,315.926572
-8.496928,50,315.962289
-8.514639,50,315.99802
-7.172041,50,316.038512
-8.982255,50,316.077353
-12.346975,50,316.114412
-8.557337,50,316.150286
-9.294786,50,316.185056
-11.247505,50,316.219805
-7.112609,50,316.261729
-9.851591,50,316.293438
-10.779214,50,316.325971
-7.779192,50,316.364677
-8.557823,50,316.417634
-8.277089,50,316.474362
-6.310866,50,316.517331
-7.890009,50,316.556504
-14.789132,50,316.592216
-12.050723,50,316.628055
-8.724197,50,316.66877
-6.444802,50,316.70369
-10.467702,50,316.741116
-12.334932,50,316.78262
-10.42795,50,316.847219
-9.494713,50,316.884717
-14.809017,50,317.368036
-9.129493,50,317.418934
-9.761108,50,317.472329
-7.566439,50,317.516331
-7.746618,50,317.553008
-13.119165,50,317.599697
-13.456985,50,317.636232
-10.367897,50,317.6781
-11.436553,50,317.726356
-9.074001,50,317.761098
-6.27566,50,317.797391
-8.611027,50,317.842391
-9.464277,50,317.876554
-15.937938,50,317.915628
-8.752393,50,317.952909
-10.24655,50,317.989479
-12.10214,50,318.029108
-13.303248,50,318.074681
-9.587762,50,318.112005
-15.29989,50,318.147609
-10.434955,50,318.181413
-13.804886,50,318.215796
-5.366588,50,318.248792
-10.205882,50,318.28142
-8.966267,50,318.315508
-13.032285,50,318.348868
-11.965446,50,318.382402
-8.264366,50,318.415871
-10.192446,50,318.458992
-7.674002,50,318.514529
-11.146224,50,318.553178
-8.526726,50,318.599018
-13.482556,50,318.641426
-12.363708,50,318.683952
-12.306118,50,318.728141
-10.549,50,318.772413
-8.814667,50,318.808919
-8.411893,50,318.843594
-12.935161,50,318.878634
-11.028361,50,318.914023
-9.344002,50,318.95156
-10.727836,50,319.779042
-8.160764,50,319.865837
-11.288907,50,319.943072
-9.512096,50,320.015351
-12.609392,50,320.084579
-10.78638,50,320.153921
-10.571892,50,320.222447
-9.951539,50,320.293799
-8.983236,50,320.365619
-12.005167,50,320.440973
-8.771174,50,320.517151
-7.78833,50,320.591082
-11.162117,50,320.664675
-11.966461,50,320.735005
-14.220502,50,320.804842
-14.941337,50,320.875467
-9.031924,50,320.943489
-7.489476,50,321.011947
-9.015774,50,321.082689
-6.982623,50,321.155471
-11.829688,50,321.230134
-13.154438,50,321.303654
-7.087424,50,321.375012
-8.5546,50,321.448613
-9.440188,50,321.519081
-9.512709,50,321.58872
-8.845759,50,321.657957
-10.651244,50,321.729072
-8.735295,50,321.799108
-9.189292,50,321.872785
-9.138996,50,321.9462
-14.201824,50,322.022047
-16.625299,50,322.093514
-8.39989,50,322.164474
-14.566129,50,322.236196
-7.398058,50,322.306389
-8.595372,50,322.377449
-11.221619,50,322.449131
-7.366976,50,322.520098
-8.141441,50,322.594943
-10.360412,50,322.668406
-15.312128,50,323.423773
-10.650474,50,323.496928
-5.931056,50,323.568314
-8.390288,50,323.638151
-10.075142,50,323.711164
-8.362481,50,323.782842
-8.147508,50,323.856863
-7.767123,50,323.928929
-6.131769,50,323.999528
-12.23167,50,324.073947
-8.657404,50,324.141569
-7.687368,50,324.215089
-11.550351,50,324.288372
-9.142053,50,324.362468
-9.30637,50,324.432682
-7.751032,50,324.507173
-8.599809,50,324.579113
-14.271717,50,324.650428
-9.894869,50,324.71748
-10.983071,50,324.786525
-10.802653,50,324.855349
-10.034008,50,324.923996
-11.266158,50,324.993844
-15.506319,50,325.064472
-7.333125,50,325.138887
-10.42303,50,325.208771
-8.914569,50,325.276797
-9.662137,50,325.349863
-16.153927,50,325.425338
-13.344436,50,325.498013
-10.163856,50,325.567826
-10.996167,50,325.637993
-10.685456,50,325.707766
-8.542005,50,325.775848
-9.52356,50,325.843636
-7.65179,50,325.915721
-7.420057,50,325.993272
-9.104748,50,326.065909
-13.251013,50,326.139258
-10.812926,50,326.210336
-15.501387,50,326.281927
-6.200406,50,327.18335
-12.693176,50,327.221894
-6.670727,50,327.261628
-12.055043,50,327.297075
-9.050322,50,327.332494
-12.731667,50,327.366712
-13.74391,50,327.401934
-7.729763,50,327.434961
-8.431653,50,327.469966
-8.35949,50,327.507271
-7.588816,50,327.549314
-13.929318,50,327.585741
-13.342195,50,327.621411
-10.533701,50,327.657291
-5.996978,50,327.690959
-8.757093,50,327.728034
-6.634216,50,327.773414
-7.098191,50,327.809188
-8.956153,50,327.859219
-12.293944,50,327.893867
-8.882113,50,327.93209
-7.860277,50,327.967164
-8.382538,50,328.005093
-8.2562,50,328.043222
-10.186192,50,328.079232
-10.370197,50,328.113194
-7.896781,50,328.147485
-12.180986,50,328.183755
-6.44849,50,328.231997
-9.829919,50,328.281521
-9.717022,50,328.32815
-11.67012,50,328.371166
-8.910532,50,328.41093
-7.323574,50,328.463171
-9.004326,50,328.501135
-11.034153,50,328.536678
-14.029365,50,328.574096
-12.830992,50,328.611217
-10.409473,50,328.647448
-9.505484,50,328.69172
-9.937968,50,328.731637
-6.717536,50,329.261069
-11.15754,50,329.312048
-8.687237,50,329.373488
-6.491402,50,329.432563
-5.998973,50,329.471114
-13.369476,50,329.509847
-9.681439,50,329.553787
-12.383744,50,329.593192
-16.10783,50,329.633575
-8.168205,50,329.693195
-6.833493,50,329.747382
-9.340624,50,329.810626
-8.846793,50,329.874514
-10.345304,50,329.922929
-9.086333,50,329.983716
-9.113445,50,330.025735
-8.543729,50,330.068109
-9.718658,50,330.103574
-11.313966,50,330.14095
-11.357753,50,330.181301
-10.215467,50,330.217121
-8.659733,50,330.256112
-11.916773,50,330.302333
-10.066579,50,330.360589
-13.226994,50,330.417548
-8.305644,50,330.469132
-12.245753,50,330.529703
-8.565863,50,330.583151
-11.695795,50,330.629531
-8.847044,50,330.685696
-10.938451,50,330.746635
-13.375977,50,330.799129
-15.635997,50,330.850333
-7.564102,50,330.907231
-10.288443,50,330.957587
-10.081266,50,331.005805
-14.381709,50,331.05539
-10.523232,50,331.115422
-9.610833,50,331.151226
-14.558323,50,331.19025
-7.380044,50,331.23643
-10.836471,50,331.783528
-15.028298,50,331.830969
-9.799937,50,331.87933
-9.390695,50,331.940403
-12.826379,50,331.98735
-10.82355,50,332.040493
-13.491299,50,332.092862
-10.156856,50,332.150249
-7.238878,50,332.204171
-7.510923,50,332.257802
-13.706428,50,332.293007
-6.580977,50,332.328262
-9.511347,50,332.39438
-7.613629,50,332.449204
-6.84563,50,332.5065
-9.331946,50,332.566727
-8.028783,50,332.616656
-10.582628,50,332.666567
-7.758234,50,332.712667
-10.965109,50,332.766492
-14.150842,50,332.829519
-9.587432,50,332.886819
-13.186492,50,332.939236
-8.691203,50,332.998383
-12.32573,50,333.033875
-7.526135,50,333.081449
-7.792029,50,333.143992
-9.173202,50,333.203168
-13.307744,50,333.239323
-8.546507,50,333.303145
-14.789722,50,333.361239
-11.620934,50,333.425874
-9.36162,50,333.483908
-9.64713,50,333.539766
-9.141089,50,333.599508
-15.385288,50,333.654328
-6.567959,50,333.709588
-7.360822,50,333.768488
-11.595199,50,333.827101
-11.268744,50,333.867954
-9.376295,50,333.920052
-7.332472,50,334.444935
-13.678621,50,334.505522
-10.633595,50,334.557509
-10.878151,50,334.613129
-9.962101,50,334.665744
-6.2929,50,334.729151
-12.337257,50,334.780621
-10.34944,50,334.844111
-12.702369,50,334.902125
-13.364563,50,334.957671
-11.78505,50,335.0179
-7.204047,50,335.078815
-9.039305,50,335.131229
-12.917606,50,335.19405
-7.715963,50,335.2531
-7.560803,50,335.298106
-10.912763,50,335.354429
-13.000707,50,335.405473
-14.542258,50,335.463846
-8.6785,50,335.525029
-10.622119,50,335.582369
-14.782984,50,335.638087
-6.477114,50,335.699357
-8.932764,50,335.763314
-6.086075,50,335.82163
-12.770116,50,335.880494
-14.052477,50,335.928738
-7.331684,50,335.992117
-8.773509,50,336.049443
-11.929238,50,336.096881
-9.247869,50,336.158893
-10.567361,50,336.206512
-11.530829,50,336.261075
-10.156118,50,336.314543
-12.002246,50,336.359542
-14.245815,50,336.407843
-7.232694,50,336.467271
-9.178444,50,336.523999
-8.761424,50,336.582592
-15.870493,50,336.63737
-10.546805,50,336.694841
-13.788756,50,337.23248
-13.439255,50,337.28804
-11.111639,50,337.341722
-6.040355,50,337.398018
-7.532237,50,337.452917
-7.705239,50,337.522483
-17.677298,50,337.578477
-10.184638,50,337.632967
-9.989435,50,337.69261
-8.388028,50,337.744623
-10.623006,50,337.80232
-9.651062,50,337.85615
-15.521515,50,337.911717
-8.763116,50,337.967551
-12.226946,50,338.02511
-8.604905,50,338.08426
-8.766169,50,338.139963
-10.667772,50,338.198078
-10.276364,50,338.238693
-8.861059,50,338.289667
-8.919241,50,338.342956
-9.764899,50,338.390851
-13.977516,50,338.451288
-11.040499,50,338.514318
-13.109493,50,338.576003
-7.479212,50,338.624151
-7.617318,50,338.683302
-7.716438,50,338.745646
-8.87491,50,338.799454
-17.030403,50,338.852643
-8.987802,50,338.893673
-9.318368,50,338.941121
-9.117802,50,338.994593
-13.027723,50,339.05634
-11.809169,50,339.102757
-11.889568,50,339.144239
-11.592532,50,339.190975
-17.232589,50,339.237174
-8.150335,50,339.278609
-9.286165,50,339.32986
-13.636726,50,339.383579
-8.157683,50,339.881634
-8.896885,50,339.940927
-14.884506,50,340.002443
-10.476193,50,340.060753
-6.278384,50,340.110993
-10.125956,50,340.166554
-7.202129,50,340.221049
-9.134162,50,340.276748
-13.125122,50,340.325524
-7.833244,50,340.38855
-8.594287,50,340.43586
-8.926732,50,340.494268
-13.619658,50,340.546452
-11.677646,50,340.596038
-9.700505,50,340.646851
-10.38126,50,340.695875
-12.018065,50,340.752817
-6.630422,50,340.812908
-10.198951,50,340.866465
-8.98316,50,340.919361
-6.443271,50,340.974475
-8.973655,50,341.031602
-7.181446,50,341.082486
-6.762442,50,341.123387
-9.053013,50,341.172626
-9.038398,50,341.23048
-9.386319,50,341.269804
-7.198481,50,341.315553
-7.163027,50,341.354908
-12.624742,50,341.404775
-6.711575,50,341.44114
-9.245931,50,341.499463
-6.234903,50,341.547817
-13.066878,50,341.603413
-13.661564,50,341.65797
-11.027213,50,341.701591
-14.061682,50,341.75206
-8.900318,50,341.80971
-6.210626,50,341.865002
-11.155527,50,341.917622
-11.956439,50,341.979747
-5.05624,50,342.481538
-9.056696,50,342.542634
-9.701431,50,342.604766
-11.215188,50,342.652162
-13.68419,50,342.69464
-8.438419,50,342.742137
-12.843635,50,342.795362
-8.942051,50,342.861426
-10.417302,50,342.919068
-7.728363,50,342.976277
-9.406541,50,343.029709
-7.500582,50,343.084841
-7.270667,50,343.147684
-8.372232,50,343.210944
-12.009472,50,343.272712
-12.553169,50,343.333891
-10.198945,50,343.401374
-14.732574,50,343.45998
-11.034218,50,343.520715
-9.932156,50,343.566018
-8.05597,50,343.611552
-7.545882,50,343.650215
-12.427627,50,343.696317
-6.139961,50,343.759255
-7.209475,50,343.800253
-9.842903,50,343.857072
-9.485484,50,343.914161
-10.658473,50,343.974954
-8.80513,50,344.031724
-14.372545,50,344.093405
-12.478927,50,344.146772
-10.993227,50,344.206871
-10.113728,50,344.262714
-9.903235,50,344.319695
-10.471346,50,344.372629
-9.104797,50,344.419116
-10.486976,50,344.474839
-8.379017,50,344.517778
-8.861262,50,344.57139
-10.550863,50,344.622777
-9.971652,50,344.668731
-9.263108,50,345.177195
-12.257427,50,345.228828
-8.146575,50,345.285041
-8.990736,50,345.342678
-9.38728,50,345.399704
-13.195893,50,345.461131
-9.06569,50,345.515333
-8.626643,50,345.574097
-6.22656,50,345.630216
-9.802054,50,345.684269
-13.699193,50,345.745951
-9.376227,50,345.802048
-9.809576,50,345.852655
-10.069781,50,345.907074
-9.661719,50,345.962188
-12.999474,50,346.010966
-8.705593,50,346.070499
-12.348296,50,346.128657
-12.790687,50,346.188571
-10.240759,50,346.251644
-10.254573,50,346.311457
-17.949485,50,346.37182
-11.471575,50,346.426832
-12.598532,50,346.484036
-16.243968,50,346.540756
-9.826938,50,346.596538
-11.976898,50,346.640349
-10.36962,50,346.698119
-10.763128,50,346.761158
-15.223806,50,346.812245
-13.504153,50,346.862222
-12.496397,50,346.904775
-7.837273,50,346.955894
-9.269888,50,347.004558
-8.361272,50,347.058277
-10.862833,50,347.110462
-8.196284,50,347.168679
-11.68354,50,347.231741
-8.702329,50,347.297648
-15.228608,50,347.340052
-10.141247,50,347.39765
-7.435499,50,347.905732
-13.90164,50,347.964878
-8.355315,50,348.01809
-11.860333,50,348.076734
-8.886203,50,348.131395
-9.630953,50,348.189093
-11.113965,50,348.244409
-8.758022,50,348.3023
-10.059001,50,348.356413
-13.576772,50,348.426111
-14.515579,50,348.492334
-10.172743,50,348.541261
-6.652738,50,348.576855
-10.388632,50,348.616895
-8.901704,50,348.673766
-10.810977,50,348.740025
-8.980965,50,348.801611
-7.967642,50,348.850533
-13.038861,50,348.901686
-8.460854,50,348.942969
-8.958617,50,349.002334
-12.189206,50,349.057415
-10.224287,50,349.112198
-6.131426,50,349.154169
-8.390688,50,349.197997
-16.047096,50,349.253405
-9.41748,50,349.309223
-11.766738,50,349.366466
-7.720837,50,349.415188
-14.18766,50,349.454733
-10.29905,50,349.493035
-13.418212,50,349.534505
-6.644811,50,349.578756
-7.24833,50,349.628521
-14.826043,50,349.677694
-10.3613,50,349.745727
-8.493553,50,349.793641
-10.354227,50,349.839242
-11.170456,50,349.882746
-8.951902,50,349.920633
-11.811045,50,349.962867
-9.330273,50,350.476723
-8.682887,50,350.515379
-8.554797,50,350.556493
-8.312951,50,350.600711
-11.428752,50,350.65649
-6.291579,50,350.696685
-6.96966,50,350.743998
-9.260366,50,350.795084
-7.033822,50,350.848295
-9.676271,50,350.89504
-12.434583,50,350.954291
-12.919645,50,351.009189
-8.475192,50,351.066046
-8.617179,50,351.124187
-12.167552,50,351.173405
-13.570176,50,351.224581
-12.41597,50,351.275223
-16.249363,50,351.329056
-8.809408,50,351.380607
-14.956722,50,351.436713
-13.055443,50,351.494173
-9.030999,50,351.553734
-16.939757,50,351.618263
-8.805362,50,351.653298
-7.802635,50,351.70775
-6.706232,50,351.763932
-11.222425,50,351.825379
-7.009256,50,351.870382
-9.6922,50,351.914384
-12.809726,50,351.967575
-16.348352,50,352.022918
-7.80809,50,352.069279
-10.33713,50,352.123415
-7.365219,50,352.175717
-13.088086,50,352.224962
-8.827379,50,352.27896
-10.859262,50,352.341599
-7.272637,50,352.395954
-8.673569,50,352.443057
-12.516111,50,352.496392
-11.515561,50,352.55346
-15.161459,50,353.062378
-9.630638,50,353.10609
-10.88547,50,353.169176
-10.63839,50,353.228955
-13.620621,50,353.276065
-11.198241,50,353.319069
-10.482243,50,353.371831
-10.136649,50,353.419488
-9.29249,50,353.471102
-8.888272,50,353.533874
-8.941383,50,353.592198
-12.64427,50,353.652974
-9.088858,50,353.704773
-9.854897,50,353.756431
-9.349338,50,353.802464
-8.615236,50,353.853544
-11.435511,50,353.904651
-11.251358,50,353.947607
-11.485017,50,353.999581
-9.243879,50,354.042157
-8.29797,50,354.094354
-9.054502,50,354.155463
-11.124082,50,354.22058
-11.278352,50,354.27047
-9.144145,50,354.329202
-9.234816,50,354.38295
-15.718356,50,354.44054
-7.417969,50,354.501556
-10.352437,50,354.546291
-13.61171,50,354.582434
-9.841234,50,354.637732
-9.073789,50,354.690668
-9.271773,50,354.748466
-13.576584,50,354.808394
-8.502647,50,354.855271
-15.560877,50,354.920737
-10.031209,50,354.958661
-16.311479,50,355.009109
-13.150283,50,355.061124
-8.741112,50,355.111578
-9.915633,50,355.161681
-10.736719,50,355.64616
-12.136557,50,355.702482
-9.425806,50,355.759021
-9.038612,50,355.813707
-10.341097,50,355.855068
-9.322394,50,355.894614
-9.759141,50,355.929275
-13.992137,50,355.975132
-7.227581,50,356.022902
-9.623179,50,356.071759
-11.964993,50,356.110291
-9.745297,50,356.158965
-9.438118,50,356.20092
-11.033109,50,356.235929
-10.329683,50,356.289059
-8.219745,50,356.327371
-6.735101,50,356.373811
-9.495037,50,356.406515
-8.519557,50,356.460594
-6.358159,50,356.508834
-10.120435,50,356.560048
-11.160373,50,356.610111
-7.103881,50,356.6633
-10.280162,50,356.718546
-8.570082,50,356.772171
-9.206339,50,356.835691
-9.7652,50,356.890845
-10.40464,50,356.944829
-15.163428,50,356.998052
-9.698678,50,357.042766
-10.641302,50,357.085103
-10.96435,50,357.144416
-17.425708,50,357.20416
-11.747511,50,357.250438
-11.560318,50,357.28454
-8.930991,50,357.327948
-12.156202,50,357.369941
-7.639484,50,357.412544
-8.494363,50,357.468824
-16.373142,50,357.526543
-10.091914,50,357.5797
-11.33168,50,358.043665
-8.556776,50,358.101537
-11.370916,50,358.161683
-10.089033,50,358.195863
-10.527429,50,358.230397
-9.301689,50,358.278046
-6.481344,50,358.314586
-11.163791,50,358.350366
-14.092946,50,358.388153
-11.65958,50,358.421094
-7.788611,50,358.471085
-13.166939,50,358.505646
-6.756846,50,358.555038
-10.265914,50,358.610006
-16.398982,50,358.658635
-9.698955,50,358.701128
-10.532833,50,358.741648
-17.45315,50,358.80163
-15.178167,50,358.847175
-11.934249,50,358.898763
-8.768471,50,358.959313
-11.952323,50,359.013022
-9.435242,50,359.070007
-9.545218,50,359.127905
-9.812222,50,359.171543
-6.9542,50,359.229683
-7.251755,50,359.287956
-15.306093,50,359.3418
-10.397397,50,359.397781
-10.37865,50,359.45754
-9.706659,50,359.514251
-7.656008,50,359.567378
-9.462748,50,359.60355
-10.097515,50,359.643754
-10.928841,50,359.686855
-10.112682,50,359.742843
-10.243599,50,359.788991
-13.608078,50,359.835098
-12.45625,50,359.884764
-13.443308,50,359.928209
-8.152029,50,359.973927
-10.914089,50,360.43628
-9.184742,50,360.488878
-11.253303,50,360.543025
-9.116288,50,360.605309
-9.107849,50,360.659497
-9.861189,50,360.708015
-5.970101,50,360.751678
-12.061515,50,360.788762
-6.06301,50,360.832794
-8.905726,50,360.893989
-13.191493,50,360.941143
-12.019966,50,360.986189
-17.534673,50,361.027061
-11.022586,50,361.066048
-16.517386,50,361.10849
-8.615462,50,361.144039
-8.297422,50,361.180014
-5.764836,50,361.224861
-8.617006,50,361.261726
-10.171941,50,361.296393
-12.742478,50,361.332748
-9.497972,50,361.378465
-12.194626,50,361.43453
-13.888115,50,361.502256
-7.538312,50,361.55785
-7.6101,50,361.613733
-9.294555,50,361.669586
-10.090883,50,361.725316
-9.059743,50,361.783344
-13.905488,50,361.840176
-7.908024,50,361.891657
-10.748611,50,361.949951
-6.414153,50,362.012388
-10.190003,50,362.069649
-12.217178,50,362.121212
-10.091299,50,362.158398
-10.138377,50,362.218069
-17.714788,50,362.261338
-8.41642,50,362.307863
-8.101428,50,362.356024
-8.473025,50,362.413909
-9.476205,50,362.886074
-7.40212,50,362.946369
-11.95548,50,362.999231
-9.469455,50,363.058197
-8.268066,50,363.116533
-7.71556,50,363.175038
-10.520713,50,363.231506
-10.33288,50,363.292465
-8.707133,50,363.333765
-10.574586,50,363.382413
-13.146284,50,363.439504
-6.989474,50,363.501437
-5.91752,50,363.563637
-9.762312,50,363.617768
-10.418342,50,363.677051
-8.441357,50,363.73731
-13.846814,50,363.793462
-8.670084,50,363.83223
-9.208709,50,363.883304
-7.036945,50,363.923375
-6.322626,50,363.976465
-9.744026,50,364.011361
-16.549594,50,364.063649
-14.17574,50,364.117246
-10.896637,50,364.171336
-19.246656,50,364.211447
-8.79228,50,364.251931
-13.399031,50,364.286104
-10.226899,50,364.33449
-11.4466,50,364.402773
-9.864836,50,364.467457
-7.078804,50,364.522958
-9.5535,50,364.589497
-9.47634,50,364.637403
-10.82647,50,364.676307
-9.356058,50,364.730328
-12.7348,50,364.783252
-7.29851,50,364.839141
-8.75748,50,364.884265
-9.530177,50,364.933245
-12.599416,50,364.993005
-9.675783,50,365.473145
-8.454919,50,365.531919
-7.729898,50,365.590285
-9.779498,50,365.64867
-9.468036,50,365.697452
-13.790275,50,365.755927
-8.170144,50,365.817021
-8.399984,50,365.88499
-6.874886,50,365.944618
-13.593828,50,366.006458
-6.757348,50,366.061403
-14.42629,50,366.106293
-7.050365,50,366.165224
-6.355139,50,366.232693
-10.633659,50,366.288331
-14.31666,50,366.343533
-9.488083,50,366.40194
-7.69618,50,366.461693
-12.974549,50,366.520108
-10.230505,50,366.569256
-13.645313,50,366.627941
-5.886646,50,366.695794
-9.235064,50,366.75245
-16.354286,50,366.80018
-14.926225,50,366.856467
-11.988719,50,366.895895
-16.752331,50,366.944864
-12.596961,50,367.00191
-10.638986,50,367.04602
-10.437318,50,367.10238
-10.613163,50,367.158148
-12.44313,50,367.208322
-12.404497,50,367.250618
-10.069182,50,367.310464
-10.796023,50,367.367531
-12.676185,50,367.435817
-9.918442,50,367.477854
-6.55135,50,367.53175
-12.06765,50,367.574175
-8.561814,50,367.620953
-8.613764,50,367.668515
-12.929239,50,368.1327
-7.878493,50,368.176155
-10.468492,50,368.235447
-11.353384,50,368.278548
-18.135277,50,368.320078
-9.41631,50,368.358301
-10.616338,50,368.393023
-9.25613,50,368.435277
-11.543203,50,368.493271
-9.241993,50,368.549646
-7.331802,50,368.607601
-9.711799,50,368.657238
-10.046213,50,368.708282
-13.22726,50,368.746166
-10.480123,50,368.787876
-9.055145,50,368.847155
-10.559724,50,368.892747
-6.619969,50,368.944407
-10.916927,50,369.008293
-9.183402,50,369.058856
-10.541939,50,369.104505
-8.86276,50,369.15832
-8.493422,50,369.209717
-8.129807,50,369.268692
-8.139877,50,369.30964
-7.162481,50,369.354397
-11.909974,50,369.397696
-9.781338,50,369.452843
-9.942851,50,369.503155
-10.612344,50,369.557201
-7.310135,50,369.602296
-17.42637,50,369.652754
-6.618204,50,369.699456
-9.629113,50,369.760281
-8.456639,50,369.830108
-9.76491,50,369.876418
-8.152574,50,369.939116
-8.97877,50,370.002502
-10.747683,50,370.05596
-8.916711,50,370.111456
-10.133349,50,370.173042
-9.647055,50,370.709492
-14.465181,50,370.759459
-15.617225,50,370.802455
-7.910048,50,370.850725
-11.017008,50,370.892297
-9.317142,50,370.947534
-7.1402,50,371.003516
-7.076562,50,371.046404
-9.254162,50,371.095548
-9.781406,50,371.138852
-11.970834,50,371.177266
-9.889016,50,371.219427
-11.487551,50,371.265526
-12.03648,50,371.318798
-9.658733,50,371.354835
-5.962494,50,371.418124
-5.532396,50,371.467481
-8.530346,50,371.515224
-10.965729,50,371.549702
-9.02433,50,371.592699
-8.651728,50,371.631171
-12.720886,50,371.668353
-8.281108,50,371.732569
-11.416004,50,371.784472
-6.013846,50,371.835231
-7.226123,50,371.885575
-11.595684,50,371.92967
-5.979447,50,371.98525
-8.469135,50,372.029433
-6.758761,50,372.073353
-16.130311,50,372.122235
-6.086126,50,372.183968
-14.855272,50,372.234293
-10.411208,50,372.291087
-9.852914,50,372.337425
-8.02198,50,372.387101
-9.778128,50,372.446805
-18.929478,50,372.503864
-10.246388,50,372.562395
-10.714945,50,372.624292
-14.022652,50,372.687076
-8.714216,50,373.215735
-11.608705,50,373.280962
-13.209055,50,373.354816
-12.215758,50,373.415421
-6.720288,50,373.477576
-7.596225,50,373.528172
-9.180522,50,373.582806
-8.247449,50,373.641611
-9.295501,50,373.697418
-9.180707,50,373.75425
-12.484235,50,373.811079
-13.582826,50,373.875645
-9.899082,50,373.927472
-10.943458,50,373.980568
-11.597154,50,374.03331
-12.214542,50,374.084495
-13.694899,50,374.14464
-8.311914,50,374.204921
-11.963628,50,374.25774
-9.137938,50,374.310518
-9.284465,50,374.366102
-7.595765,50,374.429695
-9.575885,50,374.485488
-14.805661,50,374.546503
-8.410877,50,374.606746
-8.135841,50,374.666738
-14.398467,50,374.717429
-8.478205,50,374.767971
-15.342095,50,374.817158
-8.013031,50,374.862374
-11.193613,50,374.908304
-10.019423,50,374.953401
-5.820688,50,375.005659
-10.956573,50,375.056927
-13.283172,50,375.094045
-12.822013,50,375.126514
-9.626627,50,375.158705
-10.971681,50,375.194217
-10.231082,50,375.228102
-7.978196,50,375.285481
-8.385231,50,375.338038
-8.572108,50,375.857919
-7.762817,50,375.908402
-10.168199,50,375.944532
-7.568373,50,375.995788
-7.174972,50,376.038708
-10.258825,50,376.072237
-9.432243,50,376.11637
-9.728618,50,376.150538
-9.812289,50,376.187389
-11.985846,50,376.230748
-15.411934,50,376.267829
-14.980874,50,376.30329
-14.051329,50,376.352169
-11.165473,50,376.387929
-9.928707,50,376.432073
-11.132696,50,376.478472
-6.788609,50,376.522158
-17.040797,50,376.562956
-9.676495,50,376.59846
-10.269915,50,376.638537
-10.700965,50,376.673718
-8.704952,50,376.708833
-11.144512,50,376.744245
-12.519968,50,376.780724
-7.398058,50,376.814652
-11.94712,50,376.852495
-10.572689,50,376.891136
-6.897984,50,376.92845
-11.557519,50,376.97019
-12.697255,50,377.008559
-6.928336,50,377.043451
-7.384995,50,377.078249
-8.158943,50,377.112251
-14.655207,50,377.146293
-8.800026,50,377.179561
-8.074805,50,377.215499
-10.615768,50,377.252623
-6.77882,50,377.289163
-8.035617,50,377.325359
-13.531593,50,377.361559
-8.757932,50,377.40289
-9.266143,50,377.864502
-5.461774,50,377.896749
-12.489954,50,377.945395
-13.905014,50,377.991822
-9.849355,50,378.034912
-8.163115,50,378.073401
-8.511651,50,378.108378
-10.43592,50,378.151912
-9.688192,50,378.208991
-8.727418,50,378.25748
-12.555314,50,378.302083
-9.765705,50,378.338954
-6.898696,50,378.380189
-11.809946,50,378.417481
-9.099002,50,378.47737
-15.791987,50,378.519294
-13.109722,50,378.560326
-9.547146,50,378.594769
-10.887089,50,378.640541
-8.034582,50,378.685346
-8.992381,50,378.721513
-12.438998,50,378.757823
-14.849712,50,378.792386
-8.282676,50,378.82927
-10.439742,50,378.887733
-17.462199,50,378.939052
-18.176702,50,378.97445
-11.333994,50,379.008906
-9.950629,50,379.04259
-8.50699,50,379.076321
-7.376143,50,379.116513
-15.478976,50,379.156458
-9.011513,50,379.196312
-9.604869,50,379.234161
-12.899784,50,379.269547
-10.085552,50,379.306116
-8.713465,50,379.345407
-15.958535,50,379.382663
-7.591878,50,379.420602
-9.914984,50,379.46152
-18.328915,50,379.494914
-7.49579,50,379.968393
-12.791249,50,380.006307
-10.777676,50,380.03912
-9.420749,50,380.071437
-9.467486,50,380.11482
-10.524659,50,380.160833
-8.916091,50,380.195088
-12.790899,50,380.23023
-17.604642,50,380.265936
-10.537364,50,380.298853
-13.877049,50,380.332817
-7.573014,50,380.365774
-10.271129,50,380.399158
-15.016894,50,380.435819
-14.896778,50,380.487848
-9.559171,50,380.520825
-8.963963,50,380.561044
-13.52613,50,380.596744
-10.558502,50,380.645906
-9.33134,50,380.683712
-10.589069,50,380.722689
-12.722362,50,380.756983
-8.355469,50,380.792124
-6.869324,50,380.833087
-8.191665,50,380.8704
-9.732954,50,380.906811
-14.156628,50,380.948493
-6.528408,50,380.991189
-7.76306,50,381.02713
-8.316183,50,381.062678
-9.371111,50,381.103785
-8.273286,50,381.151704
-10.458232,50,381.210667
-7.790309,50,381.285128
-8.385856,50,381.361395
-7.015167,50,381.435503
-14.029248,50,381.508717
-9.418118,50,381.578419
-8.105638,50,381.651164
-10.329099,50,381.723657
-8.414812,50,382.685725
-9.299686,50,382.764959
-10.096292,50,382.842423
-13.527313,50,382.91434
-5.743696,50,382.986762
-9.741021,50,383.059305
-7.272818,50,383.133092
-11.068196,50,383.205297
-10.365841,50,383.276594
-8.041154,50,383.349611
-9.642929,50,383.421049
-10.134498,50,383.489713
-12.432842,50,383.559444
-13.458813,50,383.629538
-10.776238,50,383.70211
-9.60578,50,383.771576
-10.764608,50,383.842279
-13.457112,50,383.913486
-8.946881,50,383.984481
-14.134671,50,384.054789
-10.112966,50,384.125122
-10.94758,50,384.19509
-10.531985,50,384.26422
-8.858732,50,384.336972
-6.656197,50,384.407886
-9.604992,50,384.478936
-11.6673,50,384.55134
-11.085744,50,384.621508
-15.470905,50,384.690943
-10.492447,50,384.764489
-8.637503,50,384.835444
-8.111587,50,384.905218
-8.158999,50,384.9754
-6.811234,50,385.046357
-8.33322,50,385.116276
-9.432116,50,385.186002
-10.111688,50,385.255296
-9.95733,50,385.323707
-10.249141,50,385.395896
-11.357159,50,385.465885
-10.645354,50,385.536809
-8.306927,50,386.352469
-11.065179,50,386.393404
-10.832719,50,386.443822
-12.121116,50,386.513595
-15.99217,50,386.58068
-10.056773,50,386.648983
-12.475308,50,386.716438
-12.464365,50,386.784646
-6.645785,50,386.853691
-10.868494,50,386.922224
-9.377038,50,386.992186
-9.583774,50,387.061471
-8.189532,50,387.131473
-11.153783,50,387.200753
-13.186752,50,387.267513
-13.585721,50,387.338076
-10.899337,50,387.406158
-7.360341,50,387.475364
-10.836809,50,387.542333
-8.3242,50,387.610539
-14.968464,50,387.682195
-11.093653,50,387.752773
-7.751849,50,387.82475
-9.260007,50,387.893772
-10.168403,50,387.962794
-8.582549,50,388.030939
-11.778305,50,388.098718
-11.42834,50,388.167356
-15.74469,50,388.236682
-9.960912,50,388.304518
-12.764281,50,388.373636
-8.618139,50,388.443926
-7.516174,50,388.512909
-7.795826,50,388.580628
-10.42706,50,388.651145
-9.658654,50,388.71792
-7.955308,50,388.784423
-13.283899,50,388.854148
-8.554258,50,388.923161
-8.909562,50,388.99118
-10.161931,50,389.060342
-6.928729,50,389.978899
-8.501771,50,390.059509
-10.631888,50,390.130525
-14.222202,50,390.198568
-10.337897,50,390.267439
-8.731622,50,390.337737
-15.471833,50,390.406755
-8.240363,50,390.473261
-14.921875,50,390.543813
-17.088255,50,390.610691
-9.273075,50,390.677589
-15.800723,50,390.746586
-12.695483,50,390.812698
-7.214905,50,390.885592
-5.637238,50,390.951297
-6.457128,50,391.021542
-13.25705,50,391.09127
-6.779989,50,391.16177
-15.469858,50,391.230581
-6.266883,50,391.300143
-9.718019,50,391.369714
-10.271001,50,391.43735
-7.871864,50,391.505618
-8.254942,50,391.575671
-12.372095,50,391.638014
-7.004219,50,391.670719
-9.863292,50,391.702872
-13.431106,50,391.742342
-7.962302,50,391.777736
-11.25155,50,391.813186
-8.942586,50,391.846881
-14.453349,50,391.880643
-11.720978,50,391.91422
-5.934384,50,391.947056
-7.798117,50,391.981638
-9.989715,50,392.024333
-9.453383,50,392.068099
-7.585923,50,392.103067
-14.514869,50,392.146391
-11.174425,50,392.190805
-13.026553,50,392.226818
-10.523392,50,392.708843
-12.320684,50,392.743501
-11.102821,50,392.7782
-14.722665,50,392.812244
-8.378447,50,392.847212
-8.88595,50,392.886322
-9.811894,50,392.921305
-8.549754,50,392.958086
-8.820942,50,392.997164
-10.259483,50,393.041882
-13.546703,50,393.088386
-8.118071,50,393.156395
-11.988841,50,393.218004
-12.833173,50,393.274844
-12.204794,50,393.320282
-10.569769,50,393.367978
-8.710595,50,393.421331
-12.740976,50,393.476879
-15.938734,50,393.518831
-11.132826,50,393.562624
-7.87243,50,393.614085
-14.286481,50,393.673281
-8.486037,50,393.727823
-9.037037,50,393.78134
-10.468043,50,393.841885
-9.420695,50,393.89637
-11.350988,50,393.931171
-8.002061,50,393.978799
-9.781764,50,394.030473
-17.061837,50,394.087344
-13.201965,50,394.129668
-16.841313,50,394.178129
-7.576443,50,394.236312
-9.910555,50,394.2912
-9.913601,50,394.344055
-8.860236,50,394.39215
-8.57056,50,394.444295
-14.243559,50,394.497084
-8.354094,50,394.536565
-13.584116,50,394.585185
-8.837917,50,394.623106
-9.279647,50,395.109295
-10.490908,50,395.165658
-9.210572,50,395.227132
-11.807151,50,395.287356
-12.900994,50,395.343359
-12.639816,50,395.403947
-9.34909,50,395.455544
-11.468246,50,395.51822
-8.587586,50,395.577984
-8.67107,50,395.634362
-11.203976,50,395.693983
-7.276714,50,395.757314
-6.791314,50,395.810476
-7.170864,50,395.857309
-14.611554,50,395.909887
-16.01166,50,395.967403
-17.009124,50,396.020353
-16.063904,50,396.076112
-13.629022,50,396.139588
-9.08154,50,396.203513
-13.620142,50,396.261706
-14.583573,50,396.313326
-16.053311,50,396.380816
-14.118135,50,396.448761
-6.099619,50,396.510607
-10.878563,50,396.565357
-13.716433,50,396.614912
-10.53511,50,396.670761
-11.736798,50,396.723615
-10.527119,50,396.774881
-13.096304,50,396.819753
-7.978289,50,396.867748
-10.101191,50,396.911057
-9.135835,50,396.965919
-7.437561,50,397.010798
-13.005347,50,397.054406
-15.004264,50,397.102053
-11.537239,50,397.150488
-8.362255,50,397.200459
-8.393947,50,397.241346
-8.833185,50,397.289989
-13.012321,50,397.772253
-13.268378,50,397.810278
-16.36056,50,397.853398
-13.236449,50,397.91526
-8.234293,50,397.973193
-14.752644,50,398.019116
-8.580502,50,398.076151
-9.934278,50,398.124596
-13.799845,50,398.183473
-9.697603,50,398.245839
-11.374608,50,398.306628
-9.216093,50,398.354878
-12.662251,50,398.393194
-14.955155,50,398.423324
-11.522175,50,398.453394
-10.143505,50,398.499384
-8.508501,50,398.537516
-12.83096,50,398.567277
-13.550504,50,398.596818
-9.205605,50,398.630878
-9.086376,50,398.687361
-8.737897,50,398.724157
-11.578716,50,398.764926
-10.996285,50,398.808984
-10.625346,50,398.850278
-10.140986,50,398.892951
-8.090023,50,398.93356
-10.216702,50,398.9855
-10.042248,50,399.033902
-10.086275,50,399.083583
-9.352299,50,399.13789
-8.013306,50,399.189718
-13.550581,50,399.249685
-6.811308,50,399.300451
-11.758582,50,399.352061
-7.341069,50,399.400267
-11.14794,50,399.446893
-13.401567,50,399.482018
-16.161185,50,399.538174
-11.478091,50,399.596193
-10.788197,50,399.637422
-10.920111,50,400.100447
-9.831742,50,400.157376
-11.407705,50,400.21307
-9.91443,50,400.273288
-15.085946,50,400.321707
-11.753259,50,400.376472
-9.742665,50,400.433941
-10.393225,50,400.493238
-17.235343,50,400.549133
-11.584884,50,400.608809
-12.198668,50,400.660141
-14.22337,50,400.702309
-12.880865,50,400.744145
-7.013786,50,400.794201
-11.479848,50,400.833115
-7.978824,50,400.881218
-15.250717,50,400.919486
-10.572737,50,400.969299
-7.441364,50,401.01559
-17.386548,50,401.062273
-8.501124,50,401.112684
-13.642413,50,401.171832
-10.235808,50,401.227286
-9.186832,50,401.287233
-9.826341,50,401.340732
-8.181153,50,401.39095
-10.375213,50,401.449937
-14.868407,50,401.509551
-14.36754,50,401.561947
-9.189472,50,401.605469
-9.237182,50,401.647711
-7.752502,50,401.685828
-9.097036,50,401.728583
-8.862996,50,401.776391
-10.60796,50,401.807563
-9.988055,50,401.861162
-15.630278,50,401.915182
-11.482267,50,401.955008
-7.244102,50,401.996754
-9.210821,50,402.050078
-11.583076,50,402.094245
-9.129462,50,402.556907
-7.459219,50,402.622428
-11.154508,50,402.67195
-9.097347,50,402.7296
-9.080367,50,402.794684
-10.391621,50,402.8486
-7.669532,50,402.91126
-9.183929,50,402.955443
-13.486931,50,402.996755
-10.896381,50,403.05544
-10.875106,50,403.094585
-8.943535,50,403.148247
-9.751968,50,403.199518
-8.923967,50,403.254618
-7.628055,50,403.319523
-5.797875,50,403.370173
-7.387206,50,403.423331
-16.11651,50,403.479412
-15.815622,50,403.544648
-16.448181,50,403.596118
-11.680693,50,403.646812
-13.622562,50,403.690961
-6.19322,50,403.734742
-15.920557,50,403.777619
-9.418244,50,403.816289
-16.804932,50,403.860598
-10.512776,50,403.891563
-14.572503,50,403.934115
-14.255219,50,403.995346
-12.782375,50,404.035003
-9.025268,50,404.088392
-12.978018,50,404.150304
-9.332516,50,404.210602
-12.829548,50,404.26033
-13.496184,50,404.31822
-14.722928,50,404.372789
-14.899981,50,404.431418
-7.747106,50,404.489995
-8.192655,50,404.537721
-7.414994,50,404.594704
-19.019597,50,404.650543
-6.979135,50,405.124097
-12.497214,50,405.185919
-6.272852,50,405.242199
-10.143295,50,405.289626
-10.596752,50,405.344297
-13.981296,50,405.40053
-6.966178,50,405.455577
-14.715437,50,405.509557
-10.987698,50,405.567279
-13.880055,50,405.624458
-9.980764,50,405.675141
-14.886862,50,405.715285
-9.932806,50,405.763823
-7.046377,50,405.805439
-13.623957,50,405.858795
-10.654579,50,405.900112
-14.329251,50,405.950222
-9.400027,50,405.986727
-13.502734,50,406.042811
-16.269568,50,406.098836
-7.154633,50,406.154332
-10.816195,50,406.211228
-13.142592,50,406.269902
-7.84216,50,406.326109
-10.221859,50,406.380685
-13.25448,50,406.439859
-14.832695,50,406.501627
-10.776434,50,406.551744
-6.694567,50,406.607392
-9.174795,50,406.6675
-9.450316,50,406.716829
-9.860241,50,406.774453
-14.336834,50,406.830102
-5.618394,50,406.869782
-16.222074,50,406.921884
-8.136079,50,406.967896
-10.928977,50,407.013075
-7.413786,50,407.056042
-10.576083,50,407.111341
-10.613229,50,407.177377
-14.369799,50,407.238974
-9.874192,50,407.705329
-8.389559,50,407.764225
-15.298255,50,407.821656
-6.018094,50,407.877568
-13.786507,50,407.931402
-14.253348,50,407.983737
-11.889029,50,408.027636
-9.828972,50,408.087697
-12.052797,50,408.127671
-10.181795,50,408.188605
-16.667144,50,408.24548
-18.304839,50,408.298417
-14.533894,50,408.354542
-16.761689,50,408.415863
-16.306418,50,408.469156
-16.475273,50,408.52571
-10.307773,50,408.579579
-11.462415,50,408.638312
-13.340158,50,408.695845
-13.942974,50,408.75483
-13.744806,50,408.806452
-6.178972,50,408.873288
-11.354714,50,408.929265
-11.140408,50,408.980046
-9.409254,50,409.034616
-12.059121,50,409.084098
-9.345445,50,409.138522
-6.986649,50,409.197121
-12.148032,50,409.255864
-9.083883,50,409.305506
-19.616856,50,409.364444
-13.380351,50,409.41795
-14.226054,50,409.466942
-11.408646,50,409.521391
-7.238928,50,409.565013
-8.234827,50,409.61353
-17.003354,50,409.665038
-6.281256,50,409.708295
-13.698971,50,409.760039
-14.521862,50,409.807599
-15.596384,50,409.856059
-14.65032,50,410.31098
-13.476472,50,410.369528
-13.688686,50,410.422637
-9.604554,50,410.465928
-14.37334,50,410.515596
-11.394628,50,410.563143
-10.031579,50,410.596802
-10.131334,50,410.629338
-17.022126,50,410.661504
-9.446617,50,410.707776
-6.867598,50,410.741188
-18.295248,50,410.776055
-9.330563,50,410.814722
-9.508273,50,410.858407
-7.510538,50,410.898454
-10.377447,50,410.940234
-13.056515,50,410.982272
-9.729017,50,411.03106
-13.019256,50,411.069098
-7.383241,50,411.112683
-10.273334,50,411.159131
-7.31425,50,411.198666
-9.564408,50,411.247457
-10.691266,50,411.286736
-10.732118,50,411.338429
-14.848554,50,411.404035
-17.419911,50,411.457391
-7.893525,50,411.51659
-8.339155,50,411.571414
-10.721486,50,411.632949
-10.324798,50,411.694217
-13.155786,50,411.745651
-8.81398,50,411.797577
-7.557843,50,411.849462
-5.724869,50,411.908408
-13.273788,50,411.954992
-16.275784,50,412.013391
-9.49399,50,412.070695
-9.352543,50,412.119641
-14.943504,50,412.152532
-7.336059,50,412.206187
-15.170944,50,412.663171
-10.644861,50,412.719285
-7.744482,50,412.772114
-11.211792,50,412.829541
-11.674185,50,412.894283
-8.503986,50,412.946677
-6.71138,50,412.99323
-10.018702,50,413.046787
-9.288717,50,413.101732
-9.544715,50,413.158743
-14.117746,50,413.212314
-7.231115,50,413.263629
-7.546319,50,413.316461
-12.713049,50,413.359394
-11.982281,50,413.41731
-10.866946,50,413.46011
-9.550522,50,413.507308
-7.870568,50,413.544388
-9.628027,50,413.586722
-15.12975,50,413.623463
-10.575426,50,413.676344
-10.217932,50,413.73013
-11.830363,50,413.78333
-13.649631,50,413.83926
-10.810991,50,413.892459
-5.982142,50,413.934009
-8.476989,50,413.985895
-13.29568,50,414.025435
-10.253856,50,414.070628
-16.00453,50,414.118439
-11.84613,50,414.160093
-12.862901,50,414.192988
-15.446322,50,414.233357
-14.186145,50,414.267384
-12.199571,50,414.300915
-12.726788,50,414.360864
-10.131001,50,414.395741
-8.757928,50,414.431873
-10.715024,50,414.481985
-8.945644,50,414.516346
-11.504062,50,414.550549
-10.02635,50,415.007246
-15.621807,50,415.063364
-6.784883,50,415.119413
-9.166459,50,415.173751
-15.338446,50,415.220531
-11.518931,50,415.264853
-13.70923,50,415.304603
-9.446234,50,415.355438
-14.247186,50,415.395009
-8.896383,50,415.438233
-9.659502,50,415.47467
-15.373346,50,415.52735
-12.156911,50,415.579441
-9.715796,50,415.624019
-11.280194,50,415.682655
-15.506945,50,415.724427
-15.417838,50,415.777969
-12.17538,50,415.82604
-11.518554,50,415.883271
-7.718978,50,415.939408
-7.762307,50,415.986658
-12.954321,50,416.041346
-18.473457,50,416.094575
-9.031054,50,416.149579
-12.530094,50,416.193952
-17.197723,50,416.241348
-9.496764,50,416.284838
-12.83069,50,416.334918
-7.741105,50,416.388936
-7.067226,50,416.439481
-15.69423,50,416.499119
-7.820537,50,416.556715
-10.534828,50,416.595876
-10.283952,50,416.641429
-8.570985,50,416.697337
-8.705648,50,416.752004
-9.29514,50,416.789483
-9.148841,50,416.836259
-13.835168,50,416.875412
-8.211198,50,416.92517
-9.502414,50,416.968089
-12.207917,50,417.449487
-8.430563,50,417.514584
-14.884571,50,417.569893
-10.391713,50,417.625712
-6.33807,50,417.678634
-8.681768,50,417.733263
-11.210656,50,417.779926
-11.10461,50,417.826295
-11.520376,50,417.883563
-13.92916,50,417.940964
-12.693582,50,418.002115
-13.13123,50,418.065218
-9.019114,50,418.131593
-9.10031,50,418.18595
-10.325945,50,418.239119
-10.684209,50,418.297022
-6.801977,50,418.342075
-16.20837,50,418.404088
-8.613242,50,418.438688
-4.934373,50,418.487276
-8.285302,50,418.535065
-10.164394,50,418.593652
-10.065485,50,418.642987
-7.750576,50,418.692467
-14.385305,50,418.744753
-11.202351,50,418.783426
-14.657556,50,418.827027
-16.380495,50,418.869713
-9.519669,50,418.911308
-11.950643,50,418.961218
-9.593401,50,418.999839
-10.972657,50,419.054315
-14.793112,50,419.123106
-9.884933,50,419.18156
-8.190267,50,419.233968
-7.729205,50,419.278609
-5.614674,50,419.333685
-10.138189,50,419.383503
-9.205158,50,419.428111
-15.439682,50,419.480349
-11.149692,50,419.525899
-7.839234,50,419.999272
-19.727067,50,420.049522
-8.244179,50,420.103934
-9.020528,50,420.156518
-15.554146,50,420.213789
-13.036253,50,420.268997
-15.180303,50,420.321131
-14.122253,50,420.377663
-7.629773,50,420.421628
-7.423579,50,420.469042
-6.810565,50,420.514308
-8.923854,50,420.570939
-9.750346,50,420.619896
-16.875909,50,420.667322
-17.527043,50,420.723532
-14.64548,50,420.780593
-5.495953,50,420.823826
-14.146084,50,420.871639
-10.951093,50,420.918281
-8.995924,50,420.960653
-14.594725,50,421.011923
-8.934487,50,421.067761
-12.362231,50,421.126142
-15.232014,50,421.183305
-11.356541,50,421.240855
-10.082379,50,421.298857
-14.814911,50,421.348482
-11.773027,50,421.402184
-9.06831,50,421.461062
-18.867372,50,421.521186
-15.410305,50,421.571993
-12.702189,50,421.626422
-17.367356,50,421.671019
-9.613215,50,421.71345
-12.317935,50,421.763793
-7.033347,50,421.82153
-7.023341,50,421.865481
-19.690986,50,421.910666
-14.544327,50,421.954084
-10.522882,50,421.996222
-15.954445,50,422.053712
-7.194386,50,422.512276
-10.457995,50,422.578724
-15.256697,50,422.642264
-11.472571,50,422.697614
-10.637518,50,422.754398
-7.3811,50,422.801734
-9.51469,50,422.839199
-9.410906,50,422.881671
-7.749107,50,422.933272
-10.397393,50,422.985341
-17.396992,50,423.033516
-5.513961,50,423.092296
-16.196565,50,423.143515
-7.762168,50,423.197822
-8.349731,50,423.251925
-10.718255,50,423.305152
-9.778114,50,423.362249
-12.092178,50,423.409661
-13.323784,50,423.446698
-11.206844,50,423.495626
-13.73348,50,423.53007
-10.775193,50,423.582419
-9.809604,50,423.620078
-12.289471,50,423.6665
-7.555437,50,423.697447
-10.563221,50,423.729342
-9.67271,50,423.763361
-10.978586,50,423.811419
-9.722661,50,423.842589
-9.822142,50,423.873392
-10.602864,50,423.904397
-5.923245,50,423.961931
-15.762081,50,424.009379
-8.520026,50,424.050219
-14.000652,50,424.11609
-15.171804,50,424.17182
-11.410125,50,424.227194
-14.832556,50,424.28466
-9.120662,50,424.340892
-10.490388,50,424.387874
-8.754652,50,424.420061
-13.648487,50,424.854554
-12.59295,50,424.886111
-15.089393,50,424.925666
-6.820752,50,424.967227
-19.501064,50,425.009344
-10.377792,50,425.063516
-15.053091,50,425.117351
-14.736981,50,425.180729
-10.991545,50,425.237306
-6.935536,50,425.301807
-16.14757,50,425.367871
-9.189889,50,425.434102
-10.015872,50,425.492111
-14.506283,50,425.544965
-15.964747,50,425.593375
-12.197469,50,425.638825
-18.324317,50,425.698737
-13.009795,50,425.749138
-13.187453,50,425.79521
-16.207053,50,425.841479
-16.958571,50,425.894236
-10.948932,50,425.939265
-9.02496,50,425.98659
-10.491834,50,426.043493
-9.497586,50,426.10221
-10.856846,50,426.154655
-10.374165,50,426.211526
-11.975679,50,426.258676
-9.538822,50,426.307511
-9.366693,50,426.359113
-9.270801,50,426.410915
-9.685062,50,426.46455
-12.929592,50,426.508699
-13.551858,50,426.542764
-8.976318,50,426.587692
-19.196635,50,426.624923
-7.904397,50,426.681248
-7.651292,50,426.751688
-9.81568,50,426.817592
-10.043871,50,426.869219
-10.83025,50,426.929037
-6.867832,50,427.406729
-6.304208,50,427.456822
-13.036093,50,427.505654
-12.856269,50,427.545063
-10.440592,50,427.582129
-8.100488,50,427.614476
-7.083329,50,427.657614
-8.265797,50,427.717022
-11.692173,50,427.759964
-15.141277,50,427.808682
-9.882044,50,427.853214
-12.266315,50,427.897547
-8.917659,50,427.938214
-9.525632,50,427.988468
-16.325942,50,428.039442
-15.842017,50,428.08313
-9.020139,50,428.129024
-8.520415,50,428.183376
-7.327775,50,428.22411
-9.266777,50,428.281983
-16.757531,50,428.334038
-13.358115,50,428.390044
-16.450958,50,428.446976
-7.038512,50,428.494189
-17.811215,50,428.540523
-8.545961,50,428.588341
-8.790721,50,428.635187
-13.422654,50,428.685237
-11.508326,50,428.723691
-11.049357,50,428.762169
-10.742339,50,428.812514
-12.012951,50,428.851811
-9.980855,50,428.893607
-12.142387,50,428.936133
-11.124918,50,428.990444
-15.840899,50,429.047983
-7.535425,50,429.096622
-8.78154,50,429.137243
-9.530515,50,429.186618
-5.870235,50,429.237868
-6.960702,50,429.282403
-10.463783,50,429.764771
-9.688167,50,429.826411
-13.092349,50,429.884129
-8.067167,50,429.93901
-14.147956,50,429.980115
-17.26536,50,430.034577
-17.747494,50,430.082794
-13.025616,50,430.142082
-9.414539,50,430.195784
-7.410998,50,430.247723
-9.500132,50,430.302226
-11.726711,50,430.350036
-13.885939,50,430.386198
-13.298471,50,430.43698
-10.231947,50,430.477117
-9.764368,50,430.52454
-9.768101,50,430.575926
-8.981494,50,430.623091
-10.384547,50,430.658762
-8.791724,50,430.703768
-18.171769,50,430.749553
-9.602153,50,430.806525
-10.105761,50,430.857567
-6.93526,50,430.892454
-10.614821,50,430.930312
-13.28577,50,430.96306
-11.076589,50,431.01227
-5.886996,50,431.046483
-10.62976,50,431.08418
-9.535032,50,431.132504
-14.066635,50,431.169195
-10.940662,50,431.231088
-6.865953,50,431.275337
-10.093682,50,431.320961
-10.881907,50,431.367805
-10.042867,50,431.42548
-7.004088,50,431.476217
-7.611457,50,431.529408
-15.681641,50,431.570127
-8.211592,50,431.622763
-6.671448,50,431.67434
-6.863257,50,432.142136
-8.329623,50,432.180854
-7.051336,50,432.229511
-11.03401,50,432.26504
-19.39021,50,432.313496
-7.353321,50,432.362776
-10.960455,50,432.401612
-12.036399,50,432.440343
-10.680992,50,432.478867
-8.612916,50,432.518446
-8.696632,50,432.554904
-17.125153,50,432.618131
-13.708035,50,432.66447
-7.625779,50,432.714174
-8.878848,50,432.759932
-11.688009,50,432.804725
-11.154189,50,432.843234
-8.963988,50,432.909634
-10.338446,50,432.975346
-10.715413,50,433.031507
-8.710994,50,433.084297
-6.792009,50,433.144076
-7.270097,50,433.202958
-8.77372,50,433.266507
-10.073354,50,433.320124
-10.316584,50,433.376975
-10.841453,50,433.427377
-7.23039,50,433.470415
-8.446072,50,433.525636
-9.822239,50,433.565283
-11.438342,50,433.611903
-12.627717,50,433.663906
-10.223693,50,433.702423
-12.850211,50,433.748245
-12.306498,50,433.801597
-7.615055,50,433.860996
-9.053016,50,433.903806
-11.602477,50,433.947676
-11.185758,50,434.006293
-10.045911,50,434.053725
-7.270695,50,434.092061
-10.822063,50,434.558643
-10.205453,50,434.619367
-14.650724,50,434.672602
-9.934922,50,434.731291
-9.201064,50,434.773557
-11.425818,50,434.820428
-9.390434,50,434.869287
-8.450011,50,434.925645
-7.601698,50,434.984285
-18.944335,50,435.028582
-9.511429,50,435.090204
-8.789249,50,435.137044
-16.000836,50,435.176826
-12.11294,50,435.215717
-8.098876,50,435.267224
-8.028842,50,435.322204
-9.373096,50,435.364502
-10.493636,50,435.415128
-11.260617,50,435.454192
-7.4617,50,435.49726
-10.403512,50,435.549543
-9.989732,50,435.601536
-5.009463,50,435.656281
-9.423913,50,435.694659
-9.066788,50,435.749648
-9.754718,50,435.80357
-15.004923,50,435.848703
-7.857409,50,435.902216
-18.53716,50,435.963479
-11.147484,50,436.005512
-11.106859,50,436.049232
-7.693387,50,436.103567
-9.560912,50,436.148948
-9.529937,50,436.205157
-8.884806,50,436.255974
-14.788826,50,436.288512
-10.860731,50,436.320294
-11.585406,50,436.37225
-7.871503,50,436.407507
-9.52944,50,436.468027
-9.927611,50,436.504781
-9.226912,50,436.971605
-8.747272,50,437.035889
-10.277675,50,437.082095
-14.376173,50,437.123943
-9.557519,50,437.168614
-9.922713,50,437.212716
-9.226857,50,437.261358
-13.636633,50,437.323085
-11.335438,50,437.378013
-11.863058,50,437.417876
-10.526414,50,437.45224
-8.863607,50,437.5165
-11.879595,50,437.58287
-15.574404,50,437.633617
-11.139354,50,437.675412
-12.877952,50,437.710209
-12.144007,50,437.760661
-17.230027,50,437.816493
-12.047753,50,437.866421
-8.529861,50,437.902028
-10.933698,50,437.94961
-14.839892,50,438.005495
-6.938321,50,438.062763
-14.563462,50,438.117404
-14.215924,50,438.176204
-11.462771,50,438.232116
-19.197821,50,438.278832
-16.138218,50,438.319586
-9.219424,50,438.35761
-13.61128,50,438.40281
-6.046989,50,438.440496
-7.658244,50,438.475127
-11.716318,50,438.526547
-13.225952,50,438.583872
-7.286776,50,438.632641
-9.453639,50,438.668562
-11.368157,50,438.716531
-10.85603,50,438.770112
-14.157779,50,438.812515
-12.701463,50,438.872955
-15.347056,50,438.9266
-7.732915,50,439.436201
-12.858566,50,439.487168
-9.090335,50,439.54576
-8.866081,50,439.60358
-13.931567,50,439.656909
-12.468323,50,439.712837
-10.473243,50,439.77053
-11.003287,50,439.829786
-9.419525,50,439.884996
-11.124924,50,439.933215
-9.579242,50,439.975391
-8.052015,50,440.025272
-13.540159,50,440.080278
-9.426867,50,440.122787
-12.506148,50,440.164615
-11.031529,50,440.211015
-15.610051,50,440.263493
-16.879603,50,440.322082
-8.302578,50,440.373393
-9.696807,50,440.428393
-10.769157,50,440.486663
-9.807627,50,440.542486
-15.020829,50,440.587437
-17.690264,50,440.648985
-14.260474,50,440.703938
-9.758793,50,440.759966
-9.731147,50,440.810292
-10.937372,50,440.861395
-8.231407,50,440.907799
-11.939506,50,440.952016
-12.667211,50,440.999254
-18.379957,50,441.060798
-17.09895,50,441.127553
-10.121521,50,441.19083
-11.991251,50,441.243586
-8.450929,50,441.283904
-12.614625,50,441.328564
-10.457527,50,441.380293
-6.754734,50,441.441197
-12.731438,50,441.508596
-7.567694,50,441.565138
-9.317833,50,442.046442
-10.148997,50,442.103513
-16.661935,50,442.160115
-7.307821,50,442.213709
-8.407198,50,442.259273
-12.531247,50,442.313875
-8.615151,50,442.368013
-13.668594,50,442.421046
-8.541197,50,442.483219
-10.369674,50,442.540746
-8.161046,50,442.596991
-13.575577,50,442.648059
-15.928011,50,442.695676
-11.495829,50,442.743715
-17.007813,50,442.78143
-13.774234,50,442.818758
-10.935956,50,442.873749
-13.896474,50,442.917381
-12.796095,50,442.963235
-9.041977,50,443.023808
-10.851211,50,443.078907
-9.368309,50,443.131778
-16.013243,50,443.165407
-14.919568,50,443.201737
-14.200318,50,443.251595
-9.679709,50,443.287588
-14.454177,50,443.329981
-12.318215,50,443.385262
-9.040472,50,443.429385
-7.169571,50,443.477
-9.796197,50,443.520221
-12.814954,50,443.562195
-17.261917,50,443.625422
-11.320127,50,443.665693
-7.328536,50,443.719834
-10.716106,50,443.759775
-8.259863,50,443.795818
-8.882085,50,443.831355
-8.866305,50,443.867354
-7.719327,50,443.910998
-9.599579,50,443.946609
-8.241033,50,444.426166
-10.404087,50,444.470322
-14.123905,50,444.526748
-14.794595,50,444.582025
-16.189531,50,444.629674
-7.566218,50,444.677657
-9.735804,50,444.713647
-10.931462,50,444.755449
-11.51142,50,444.788657
-10.771973,50,444.82694
-11.162049,50,444.867241
-16.146708,50,444.904963
-10.210735,50,444.949252
-9.367842,50,444.994226
-12.075889,50,445.035841
-10.856326,50,445.077486
-7.035936,50,445.122329
-10.504997,50,445.166284
-10.760905,50,445.215856
-18.367753,50,445.273178
-10.363416,50,445.329449
-10.007197,50,445.381225
-8.551587,50,445.441337
-18.514475,50,445.498178
-14.027816,50,445.543721
-14.388018,50,445.602644
-13.518282,50,445.646975
-13.447925,50,445.694514
-12.781022,50,445.729403
-11.949414,50,445.785022
-5.668948,50,445.829412
-11.358118,50,445.886105
-8.842023,50,445.940047
-10.139398,50,445.994216
-13.311916,50,446.05906
-8.813504,50,446.120246
-13.214964,50,446.170564
-15.833084,50,446.215982
-12.052425,50,446.266397
-8.820774,50,446.308471
-7.022759,50,446.838614
-13.832997,50,446.896608
-9.362277,50,446.959219
-7.94666,50,447.018017
-13.968672,50,447.080804
-7.16196,50,447.139312
-14.769371,50,447.197124
-9.266935,50,447.25938
-10.116427,50,447.317677
-12.802521,50,447.358132
-7.690073,50,447.409297
-13.626339,50,447.461687
-17.151666,50,447.514348
-9.646358,50,447.570997
-14.284015,50,447.635563
-15.972518,50,447.683508
-9.561747,50,447.751612
-9.610936,50,447.815529
-14.300995,50,447.870249
-19.757578,50,447.932398
-13.104918,50,447.991949
-9.962157,50,448.049793
-9.070886,50,448.111714
-9.474793,50,448.149961
-8.340546,50,448.187757
-11.231368,50,448.234258
-7.823787,50,448.278249
-7.346939,50,448.327759
-15.17598,50,448.380996
-15.885645,50,448.419213
-9.621197,50,448.463696
-14.959963,50,448.495689
-15.752059,50,448.52925
-10.184806,50,448.564544
-12.714048,50,448.598238
-16.816593,50,448.630054
-9.38839,50,448.667367
-12.317538,50,448.703985
-8.779294,50,448.742351
-15.381323,50,448.791124
-8.766642,50,448.827995
-9.786468,50,449.315545
-7.196224,50,449.366045
-11.143258,50,449.428051
-13.932878,50,449.473485
-17.756216,50,449.520081
-9.655168,50,449.561466
-18.834696,50,449.596972
-9.783733,50,449.636597
-9.504036,50,449.673016
-13.344434,50,449.711554
-12.324035,50,449.752772
-18.82266,50,449.790028
-12.304244,50,449.827036
-13.820214,50,449.865851
-14.767463,50,449.90316
-6.451744,50,449.942015
-8.781617,50,449.981813
-8.187617,50,450.017895
-13.957277,50,450.057038
-15.147567,50,450.092746
-11.410598,50,450.129979
-9.675831,50,450.165941
-7.467797,50,450.202413
-9.796916,50,450.237748
-9.742344,50,450.273196
-9.927598,50,450.307685
-9.949055,50,450.349095
-10.017328,50,450.38379
-11.427791,50,450.439834
-10.670547,50,450.497473
-8.553729,50,450.544241
-7.837513,50,450.577765
-6.252282,50,450.619105
-10.37732,50,450.650983
-9.511425,50,450.681041
-13.063456,50,450.712086
-13.879793,50,450.746201
-17.670489,50,450.778654
-16.430619,50,450.811146
-10.744426,50,450.844139
-16.360951,50,450.8763
-9.756124,50,451.332246
-9.641382,50,451.386496
-6.884228,50,451.436394
-10.279501,50,451.491597
-13.872275,50,451.531446
-9.04198,50,451.594136
-14.039042,50,451.64259
-16.158483,50,451.67884
-13.783127,50,451.715419
-8.803588,50,451.749659
-9.857382,50,451.784524
-9.679516,50,451.816213
-10.256345,50,451.847807
-5.434285,50,451.880883
-5.789194,50,451.913341
-10.963586,50,451.946329
-9.760143,50,451.977066
-11.832741,50,452.007136
-20.169239,50,452.038533
-20.11982,50,452.068738
-11.397674,50,452.101942
-13.730159,50,452.133856
-11.575067,50,452.164133
-9.028773,50,452.194407
-10.100562,50,452.224654
-9.085925,50,452.256746
-16.493866,50,452.290938
-7.594693,50,452.323062
-13.038008,50,452.352758
-12.491547,50,452.401386
-10.509986,50,452.458589
-9.316678,50,452.490883
-9.495532,50,452.522386
-9.058009,50,452.553968
-9.641087,50,452.586096
-9.327737,50,452.618587
-5.776134,50,452.657239
-8.050799,50,452.693404
-9.237154,50,452.72867
-7.835308,50,452.763236
-10.947688,50,452.798448
-5.856725,50,453.262399
-9.266018,50,453.297025
-18.269997,50,453.331622
-17.36939,50,453.366386
-6.569416,50,453.40214
-7.038225,50,453.437646
-15.833819,50,453.480539
-9.815077,50,453.518396
-10.04433,50,453.567833
-11.231934,50,453.604948
-12.446462,50,453.657759
-8.961314,50,453.703634
-7.930253,50,453.742284
-7.062885,50,453.778514
-15.548939,50,453.813088
-19.992581,50,453.87036
-7.708552,50,453.921637
-14.616819,50,453.961585
-10.687987,50,453.997779
-7.848424,50,454.031527
-12.437424,50,454.067553
-14.560541,50,454.101004
-12.921402,50,454.134044
-6.278953,50,454.173808
-9.790668,50,454.210816
-14.6647,50,454.24545
-15.94686,50,454.281421
-12.461043,50,454.315422
-15.300834,50,454.352052
-11.188906,50,454.386021
-11.206841,50,454.419692
-12.23543,50,454.454548
-11.921727,50,454.508692
-8.998831,50,454.555191
-10.201825,50,454.59342
-17.437971,50,454.632152
-18.816553,50,454.674031
-9.164062,50,454.710493
-9.486739,50,454.746979
-16.308155,50,454.784225
-9.39525,50,454.820943
-12.261735,50,455.57049
-9.08758,50,455.655545
-10.236599,50,455.732339
-10.358343,50,455.808259
-14.742219,50,455.883488
-18.613712,50,455.955714
-9.077639,50,456.0304
-7.118563,50,456.100624
-15.221106,50,456.172837
-5.888549,50,456.246327
-15.694107,50,456.314854
-10.459264,50,456.38542
-13.416263,50,456.456074
-11.535302,50,456.525736
-11.781647,50,456.593353
-9.03249,50,456.66524
-7.061324,50,456.741578
-8.781406,50,456.811142
-12.674806,50,456.882711
-9.908404,50,456.951438
-16.184445,50,457.021072
-8.402474,50,457.091848
-8.558124,50,457.162034
-10.228757,50,457.233843
-9.562953,50,457.304325
-13.373981,50,457.375367
-11.2328,50,457.446674
-13.58519,50,457.51877
-14.242542,50,457.589497
-11.962265,50,457.657854
-11.508606,50,457.728728
-9.064399,50,457.799203
-13.329001,50,457.869971
-10.068781,50,457.941131
-6.909485,50,458.011277
-7.198289,50,458.080004
-14.520583,50,458.150246
-14.202387,50,458.219521
-17.205879,50,458.290061
-6.300875,50,458.361129
-17.495471,50,458.429768
-11.019073,50,459.369764
-10.159708,50,459.439411
-11.542973,50,459.50772
-14.197103,50,459.57621
-16.07308,50,459.64459
-13.686984,50,459.714769
-8.224032,50,459.784003
-8.315291,50,459.854275
-7.436129,50,459.925019
-7.367948,50,459.994152
-10.897338,50,460.05078
-15.515791,50,460.094831
-7.129868,50,460.130044
-11.788945,50,460.164781
-8.515168,50,460.200068
-9.870044,50,460.234967
-12.459021,50,460.294245
-11.464516,50,460.365559
-8.942811,50,460.438586
-16.365155,50,460.5086
-9.917926,50,460.577792
-10.623549,50,460.648614
-9.261284,50,460.718346
-14.092639,50,460.789713
-7.404328,50,460.863997
-13.589544,50,460.934433
-12.753574,50,461.005939
-7.221235,50,461.076522
-12.608034,50,461.145885
-9.471904,50,461.216124
-12.373328,50,461.289192
-15.694787,50,461.361189
-16.674713,50,461.430416
-8.543116,50,461.498924
-8.797368,50,461.567627
-12.957844,50,461.636007
-17.86188,50,461.707026
-14.369696,50,461.776199
-11.848898,50,461.845521
-12.64085,50,461.917258
-8.723796,50,461.985718
-15.34997,50,462.920064
-16.651795,50,462.992234
-10.826323,50,463.063141
-7.211093,50,463.131205
-19.297904,50,463.200895
-9.388205,50,463.269744
-12.079179,50,463.337177
-11.000832,50,463.409009
-8.292368,50,463.476606
-16.352462,50,463.543335
-15.646729,50,463.610755
-7.988622,50,463.677626
-14.396383,50,463.749527
-9.67403,50,463.817632
-8.049914,50,463.888208
-8.748375,50,463.957632
-8.168908,50,464.02588
-18.582729,50,464.095486
-9.485407,50,464.165798
-7.870441,50,464.23436
-14.988855,50,464.300545
-12.687441,50,464.369763
-12.505543,50,464.436669
-10.593159,50,464.504218
-9.349833,50,464.57072
-9.333987,50,464.639161
-16.04813,50,464.706636
-15.456344,50,464.775523
-9.644048,50,464.843833
-8.486919,50,464.912677
-8.287322,50,464.981578
-8.75977,50,465.05981
-15.801869,50,465.128997
-6.784479,50,465.195297
-9.581746,50,465.263572
-11.528636,50,465.332289
-12.628435,50,465.401753
-17.739063,50,465.468569
-12.674748,50,465.538228
-14.297214,50,465.605544
-11.970992,50,465.641579
-9.720153,50,466.117519
-11.226863,50,466.153176
-10.276446,50,466.186874
-18.685381,50,466.219318
-8.069248,50,466.252671
-8.226255,50,466.284621
-16.348475,50,466.317367
-7.204199,50,466.349297
-18.223633,50,466.384017
-10.053464,50,466.417276
-8.691812,50,466.450583
-13.483605,50,466.484753
-14.046309,50,466.528036
-12.032651,50,466.562874
-15.285601,50,466.596857
-11.263437,50,466.632457
-11.889473,50,466.673004
-7.630263,50,466.705336
-13.650477,50,466.743141
-10.167568,50,466.780468
-6.993686,50,466.814591
-9.736147,50,466.852916
-9.516368,50,466.888849
-10.352413,50,466.928211
-9.328842,50,466.962062
-13.52618,50,466.995588
-7.507878,50,467.030791
-9.317408,50,467.063807
-9.866064,50,467.098037
-15.065981,50,467.144291
-15.867661,50,467.180578
-15.524538,50,467.227871
-15.002265,50,467.283964
-7.797698,50,467.345734
-15.145678,50,467.410369
-11.425295,50,467.459105
-10.508988,50,467.523017
-11.825466,50,467.57835
-8.568091,50,467.636554
-7.544326,50,467.684803
-12.262318,50,467.733077
-17.26884,50,468.216988
-8.232723,50,468.275548
-10.174034,50,468.33527
-10.44318,50,468.393207
-12.695213,50,468.439351
-12.018684,50,468.482841
-15.17178,50,468.519094
-13.696183,50,468.566941
-8.320035,50,468.607889
-8.940594,50,468.650085
-17.233697,50,468.685465
-17.463331,50,468.737088
-14.246072,50,468.797392
-13.328668,50,468.85244
-5.875508,50,468.899768
-9.330563,50,468.963771
-8.53875,50,469.012599
-10.703127,50,469.05498
-8.339501,50,469.098614
-14.85352,50,469.137611
-13.070907,50,469.187393
-12.457381,50,469.24764
-14.155903,50,469.293559
-8.098236,50,469.339149
-11.586525,50,469.382203
-13.130801,50,469.421348
-11.923226,50,469.469321
-9.246607,50,469.520247
-14.004904,50,469.566888
-5.516341,50,469.600895
-13.115386,50,469.656294
-12.243246,50,469.708437
-10.411595,50,469.754538
-8.861093,50,469.808455
-17.617004,50,469.866474
-9.009923,50,469.915397
-14.169165,50,469.965222
-11.829138,50,470.010491
-18.557088,50,470.063478
-9.272384,50,470.106283
-8.387436,50,470.140988
-10.015082,50,470.609509
-8.663261,50,470.65779
-13.494053,50,470.714876
-12.939894,50,470.764524
-8.308013,50,470.807973
-12.895857,50,470.862272
-10.390648,50,470.9116
-12.776294,50,470.9546
-8.988052,50,470.993863
-17.236505,50,471.054693
-8.661285,50,471.100479
-9.859437,50,471.145559
-10.273548,50,471.187967
-12.248713,50,471.230779
-13.870443,50,471.267456
-10.533343,50,471.319139
-12.384886,50,471.362674
-7.295984,50,471.426227
-9.585802,50,471.480729
-14.848787,50,471.533493
-12.300738,50,471.565608
-12.596719,50,471.62377
-10.332781,50,471.682806
-9.723574,50,471.735965
-12.174073,50,471.791247
-7.102492,50,471.845398
-16.397847,50,471.896155
-17.48841,50,471.951471
-7.682388,50,471.998747
-15.616593,50,472.050986
-12.487801,50,472.111607
-10.073005,50,472.154584
-15.449429,50,472.188137
-17.979055,50,472.236061
-12.113466,50,472.276065
-19.614192,50,472.3089
-11.252202,50,472.339782
-9.754379,50,472.38178
-8.880905,50,472.425104
-8.781374,50,472.473873
-8.220856,50,472.525499
-6.848738,50,472.983931
-9.235189,50,473.036776
-6.839247,50,473.091642
-15.120915,50,473.149737
-9.174144,50,473.201711
-10.026273,50,473.25963
-13.502978,50,473.31708
-18.117363,50,473.373777
-7.007623,50,473.428318
-12.284958,50,473.48006
-15.711731,50,473.531462
-6.313605,50,473.577294
-10.3798,50,473.619414
-8.893677,50,473.658579
-10.103199,50,473.713505
-7.852064,50,473.759092
-12.240034,50,473.802769
-11.628405,50,473.856525
-13.555203,50,473.90649
-19.297791,50,473.94533
-17.991363,50,473.991995
-16.325125,50,474.040273
-6.447501,50,474.096923
-11.746049,50,474.15728
-16.21049,50,474.212621
-8.85717,50,474.270122
-10.729594,50,474.326875
-5.437989,50,474.382659
-13.997557,50,474.441519
-7.026551,50,474.47925
-18.952604,50,474.52134
-13.924506,50,474.56498
-11.704805,50,474.615106
-18.310323,50,474.662688
-13.511988,50,474.708201
-16.176844,50,474.760383
-9.51542,50,474.809626
-10.583787,50,474.865267
-11.821566,50,474.905433
-10.154889,50,474.943997
-11.201102,50,474.992309
-10.557027,50,475.454185
-6.60657,50,475.511517
-11.612994,50,475.56506
-10.379428,50,475.620277
-13.847227,50,475.674178
-19.559753,50,475.731174
-9.671017,50,475.787204
-16.78425,50,475.848682
-6.8911,50,475.90367
-11.566401,50,475.950948
-11.929885,50,476.000192
-7.877177,50,476.057575
-8.738255,50,476.123186
-7.602348,50,476.173143
-10.36586,50,476.228905
-8.624507,50,476.290518
-9.079722,50,476.356647
-18.355264,50,476.413589
-14.402278,50,476.468568
-9.094737,50,476.521958
-16.426042,50,476.579856
-6.433156,50,476.633122
-10.665378,50,476.692253
-10.737918,50,476.747899
-7.081628,50,476.79969
-10.190239,50,476.842973
-9.427039,50,476.889195
-16.626181,50,476.942334
-10.079445,50,476.99486
-15.92383,50,477.042429
-15.879043,50,477.101805
-15.432358,50,477.15453
-11.043408,50,477.209003
-13.496964,50,477.263076
-8.790704,50,477.318526
-9.272395,50,477.372944
-20.186248,50,477.431587
-9.372121,50,477.489961
-10.741084,50,477.540102
-13.842342,50,477.5814
-14.982576,50,477.620738
-7.296144,50,478.090384
-18.55788,50,478.157071
-18.262994,50,478.217652
-10.191047,50,478.26873
-15.515365,50,478.325704
-8.608935,50,478.381462
-12.501313,50,478.43228
-9.598166,50,478.489069
-10.157249,50,478.547765
-6.044093,50,478.598927
-8.257221,50,478.656909
-7.93333,50,478.709653
-11.479136,50,478.769095
-10.566231,50,478.807043
-9.877438,50,478.840197
-14.239363,50,478.873389
-9.704349,50,478.906251
-10.566745,50,478.939913
-8.227881,50,478.982698
-9.266398,50,479.034517
-8.607559,50,479.089724
-7.715611,50,479.14524
-10.216477,50,479.204661
-9.974201,50,479.258409
-8.487293,50,479.293871
-10.437156,50,479.354336
-7.371663,50,479.413142
-18.978449,50,479.467573
-9.562436,50,479.520629
-7.45639,50,479.572565
-8.115345,50,479.63081
-10.077472,50,479.678429
-8.493824,50,479.711586
-10.926434,50,479.752641
-15.920099,50,479.78585
-7.535399,50,479.818573
-10.415785,50,479.855466
-12.697067,50,479.906044
-6.668975,50,479.946614
-17.755201,50,480.000666
-18.197046,50,480.038111
-10.50686,50,480.486976
-11.535811,50,480.547957
-8.801639,50,480.605175
-9.777614,50,480.664284
-11.894333,50,480.722325
-8.60299,50,480.778049
-6.088184,50,480.840234
-9.593094,50,480.898575
-17.988746,50,480.951898
-18.213094,50,480.996509
-7.494423,50,481.059335
-16.884834,50,481.121353
-8.208308,50,481.17825
-17.366635,50,481.23586
-15.420774,50,481.297164
-9.165055,50,481.356748
-15.785396,50,481.413697
-16.008286,50,481.452105
-10.793651,50,481.512551
-7.390914,50,481.568443
-9.436608,50,481.628674
-8.093855,50,481.673825
-12.271307,50,481.709515
-12.820773,50,481.743785
-10.565514,50,481.786258
-10.320104,50,481.840058
-10.089029,50,481.886976
-18.689848,50,481.929495
-16.315238,50,481.970943
-9.843366,50,482.010623
-16.171167,50,482.048678
-9.015615,50,482.097911
-15.826242,50,482.138322
-7.849262,50,482.188359
-11.095544,50,482.225366
-6.325682,50,482.28059
-10.920536,50,482.345405
-10.839067,50,482.378017
-18.599799,50,482.438877
-17.847706,50,482.487447
-7.664929,50,482.544101
-11.014295,50,483.025811
-9.633394,50,483.088613
-8.635088,50,483.142161
-12.664537,50,483.189816
-12.042511,50,483.227082
-8.534934,50,483.265826
-7.994227,50,483.311968
-14.441108,50,483.366616
-14.949358,50,483.406954
-10.856757,50,483.455362
-7.6488,50,483.515714
-11.415115,50,483.56572
-10.898131,50,483.621042
-7.071602,50,483.677452
-8.955848,50,483.726931
-12.696362,50,483.781858
-8.671003,50,483.834455
-7.239163,50,483.895351
-8.777053,50,483.951093
-10.612172,50,484.004503
-12.826424,50,484.048289
-9.288885,50,484.099989
-8.284704,50,484.145878
-15.327136,50,484.190891
-9.337191,50,484.240371
-18.263038,50,484.277117
-18.955823,50,484.316159
-9.390354,50,484.363885
-10.182678,50,484.418219
-11.249756,50,484.453996
-8.774856,50,484.510056
-16.438153,50,484.556069
-12.541057,50,484.614093
-15.381481,50,484.66651
-7.523132,50,484.720273
-7.026489,50,484.775474
-14.973047,50,484.837591
-6.860015,50,484.884608
-6.230725,50,484.944825
-11.12032,50,484.997527
-10.942587,50,485.053028
-10.476879,50,485.509259
-8.727529,50,485.561321
-9.440975,50,485.622087
-9.02462,50,485.671924
-7.219154,50,485.728066
-9.845313,50,485.777094
-10.626649,50,485.833652
-7.782827,50,485.892146
-13.587941,50,485.947867
-7.451603,50,486.003377
-9.492059,50,486.046119
-7.150374,50,486.102137
-9.775546,50,486.153966
-18.009432,50,486.197523
-8.961823,50,486.255989
-10.375632,50,486.291736
-16.703715,50,486.348388
-6.889082,50,486.398793
-7.268553,50,486.459159
-10.072982,50,486.516793
-14.142951,50,486.57233
-13.111096,50,486.628502
-6.921501,50,486.685507
-14.711244,50,486.729236
-15.285469,50,486.778017
-9.922699,50,486.814489
-11.974528,50,486.852658
-8.088277,50,486.896924
-5.655427,50,486.952682
-11.736727,50,487.006469
-8.126184,50,487.054601
-7.254602,50,487.107166
-19.608156,50,487.144922
-15.295744,50,487.199404
-10.612295,50,487.248121
-7.440658,50,487.292441
-14.463282,50,487.337174
-10.474229,50,487.380062
-9.461959,50,487.41664
-11.599235,50,487.451965
-13.269823,50,487.490484
-10.932257,50,487.956318
-8.965005,50,488.007272
-10.018153,50,488.065667
-5.921714,50,488.110957
-8.295777,50,488.155135
-15.069897,50,488.193654
-7.805174,50,488.230317
-8.501853,50,488.286638
-13.365419,50,488.342864
-9.747863,50,488.383611
-9.943719,50,488.423235
-5.162684,50,488.463133
-16.708254,50,488.518692
-15.309599,50,488.571986
-9.968325,50,488.611609
-12.215249,50,488.67431
-8.703342,50,488.725649
-12.009219,50,488.772415
-10.903758,50,488.819604
-9.283815,50,488.873405
-11.299297,50,488.930425
-10.246899,50,488.990271
-10.875876,50,489.030882
-10.370197,50,489.068713
-13.674264,50,489.121452
-11.115599,50,489.172686
-9.902081,50,489.22625
-6.425132,50,489.274812
-16.33999,50,489.329931
-9.163616,50,489.385715
-8.463784,50,489.433254
-8.459706,50,489.495684
-18.331495,50,489.541019
-8.877707,50,489.591691
-8.661774,50,489.633013
-9.954961,50,489.685875
-7.674853,50,489.727652
-7.53508,50,489.776051
-9.632362,50,489.816678
-7.98394,50,489.870579
-17.734177,50,489.919804
-7.283064,50,490.382904
-8.772162,50,490.423211
-19.893485,50,490.486434
-17.527292,50,490.543689
-8.429668,50,490.604544
-18.177167,50,490.653112
-9.501282,50,490.71594
-13.505105,50,490.77693
-9.348506,50,490.82055
-6.446426,50,490.886802
-8.963246,50,490.938438
-7.347286,50,490.992198
-9.436693,50,491.043316
-11.638582,50,491.083506
-11.158924,50,491.131007
-11.631907,50,491.185382
-15.811554,50,491.227534
-10.092849,50,491.266907
-9.615032,50,491.307893
-8.453803,50,491.354272
-14.439511,50,491.402337
-15.926713,50,491.450996
-10.102155,50,491.494625
-14.596687,50,491.540107
-13.998801,50,491.588901
-11.693587,50,491.625895
-5.721914,50,491.66605
-9.661461,50,491.717099
-8.407176,50,491.763681
-8.853565,50,491.809637
-7.293461,50,491.85301
-11.716446,50,491.893695
-9.991561,50,491.928911
-8.82815,50,491.961574
-10.751518,50,492.006645
-9.444153,50,492.042154
-11.50899,50,492.077982
-7.528698,50,492.133327
-10.272112,50,492.181435
-14.397329,50,492.227954
-9.618552,50,492.269543
-8.895238,50,492.747575
-14.882495,50,492.804071
-9.819495,50,492.867588
-9.666774,50,492.922241
-9.607754,50,492.965067
-18.659913,50,493.009346
-15.781043,50,493.054292
-10.981737,50,493.091864
-13.386687,50,493.129753
-11.143335,50,493.163902
-9.102085,50,493.216546
-10.130103,50,493.275854
-8.166535,50,493.322475
-6.127369,50,493.366451
-9.822667,50,493.419309
-9.456098,50,493.461641
-15.259168,50,493.499994
-19.541735,50,493.541178
-6.848585,50,493.590511
-8.574032,50,493.624937
-9.209638,50,493.662163
-9.226549,50,493.703621
-12.563984,50,493.756903
-9.40638,50,493.813094
-14.185131,50,493.867017
-12.043308,50,493.92713
-15.885525,50,493.984067
-14.849791,50,494.0406
-9.558758,50,494.093933
-12.296097,50,494.127533
-14.58342,50,494.175303
-11.046088,50,494.217988
-8.904427,50,494.250732
-12.615685,50,494.283206
-16.360487,50,494.325158
-12.884061,50,494.361182
-6.601816,50,494.398252
-20.255648,50,494.430762
-15.915559,50,494.465695
-12.792211,50,494.504475
-18.326634,50,494.556208
-9.73067,50,495.009984
-8.611068,50,495.061273
-6.669316,50,495.120352
-18.447972,50,495.172761
-8.382953,50,495.226554
-12.172522,50,495.284672
-10.06695,50,495.326818
-9.536822,50,495.367538
-6.253064,50,495.399153
-16.002429,50,495.439496
-12.963199,50,495.488536
-8.271908,50,495.539104
-10.322399,50,495.590781
-6.807981,50,495.648628
-9.882372,50,495.708982
-8.797127,50,495.753497
-18.521736,50,495.78651
-8.696381,50,495.826693
-7.210356,50,495.882561
-7.314755,50,495.91866
-12.009146,50,495.95344
-7.567148,50,496.000727
-5.427693,50,496.053159
-10.611794,50,496.106284
-8.199225,50,496.159365
-11.296886,50,496.216324
-18.977665,50,496.268364
-12.315609,50,496.322321
-15.073347,50,496.360066
-7.938443,50,496.391148
-6.758553,50,496.42195
-18.985418,50,496.479304
-11.995433,50,496.521544
-16.860258,50,496.563682
-10.487296,50,496.617228
-8.076585,50,496.661655
-14.274413,50,496.714228
-18.535771,50,496.759958
-14.4069,50,496.807447
-11.373425,50,496.853014
-8.29323,50,496.897462
-16.152862,50,497.364259
-12.581135,50,497.429854
-12.612329,50,497.490267
-10.016809,50,497.548322
-9.833531,50,497.61656
-12.63455,50,497.673183
-8.951787,50,497.739057
-13.724586,50,497.794599
-11.547537,50,497.857374
-9.745326,50,497.913018
-8.149427,50,497.960336
-19.294736,50,498.010298
-5.609886,50,498.072409
-8.03659,50,498.131038
-11.747508,50,498.193529
-15.314615,50,498.244594
-8.281037,50,498.309093
-8.553663,50,498.366593
-11.423655,50,498.422532
-12.30464,50,498.481097
-10.972164,50,498.539412
-13.206871,50,498.591251
-14.292711,50,498.657215
-8.870152,50,498.708412
-8.738527,50,498.764612
-10.468972,50,498.824019
-9.298875,50,498.884516
-8.47636,50,498.938484
-12.333481,50,498.989543
-8.446014,50,499.032147
-19.204961,50,499.075224
-9.533558,50,499.133883
-11.743914,50,499.177626
-11.356766,50,499.23666
-8.900662,50,499.289491
-10.551818,50,499.335043
-9.796311,50,499.395335
-11.532391,50,499.450317
-14.993304,50,499.503682
-16.64055,50,499.561111
-10.651773,50,499.61148
-8.316256,50,500.086951
-7.480986,50,500.125635
-8.748594,50,500.168843
-5.651501,50,500.217279
-12.096512,50,500.259267
-10.54837,50,500.301345
-15.798191,50,500.349788
-14.684663,50,500.405798
-6.216836,50,500.461233
-8.985613,50,500.509219
-18.314223,50,500.570241
-9.776103,50,500.62976
-17.920053,50,500.690282
-12.952348,50,500.749808
-18.590016,50,500.811612
-12.81608,50,500.877433
-14.755095,50,500.929979
-8.178973,50,500.993615
-8.001052,50,501.046954
-9.747879,50,501.109718
-8.627243,50,501.165332
-12.006395,50,501.214753
-10.113853,50,501.262601
-12.455871,50,501.298631
-10.988791,50,501.345157
-12.905582,50,501.403906
-14.785498,50,501.460609
-13.344396,50,501.51729
-19.64463,50,501.571394
-16.954437,50,501.627493
-7.555482,50,501.678487
-19.802294,50,501.735412
-11.788108,50,501.787957
-4.894641,50,501.843776
-9.625316,50,501.885991
-10.16207,50,501.935584
-5.748684,50,501.979162
-15.19178,50,502.034597
-6.625328,50,502.067641
-9.495358,50,502.100079
-19.309708,50,502.156101
-14.126114,50,502.649225
-9.946654,50,502.706301
-8.920661,50,502.764674
-8.881509,50,502.824504
-15.769635,50,502.880829
-11.45998,50,502.940948
-17.181898,50,502.991163
-7.322914,50,503.053243
-7.601021,50,503.107623
-10.840218,50,503.162525
-11.249273,50,503.203034
-16.118005,50,503.249058
-14.836503,50,503.289725
-13.606121,50,503.339414
-11.76105,50,503.396971
-7.134333,50,503.450288
-13.027677,50,503.503216
-11.176185,50,503.551338
-6.493369,50,503.608236
-11.881411,50,503.650973
-19.416761,50,503.695415
-11.567737,50,503.759593
-9.90717,50,503.816985
-12.883209,50,503.880971
-10.33961,50,503.944601
-8.329052,50,504.004903
-16.557145,50,504.058964
-16.427758,50,504.113392
-11.350223,50,504.174679
-9.139641,50,504.238715
-7.340824,50,504.290597
-6.723367,50,504.346406
-10.245489,50,504.391929
-10.708238,50,504.439657
-7.994279,50,504.489996
-17.299339,50,504.542538
-8.449276,50,504.596081
-12.620819,50,504.652269
-19.528594,50,504.703421
-7.475748,50,504.745131
-8.487053,50,504.779615
-6.784981,50,505.248478
-10.877017,50,505.292926
-14.457904,50,505.327241
-12.566854,50,505.367574
-9.314043,50,505.417013
-11.840693,50,505.454315
-17.061852,50,505.49163
-11.321374,50,505.528808
-9.752147,50,505.57393
-11.544747,50,505.638273
-15.606927,50,505.684839
-10.781846,50,505.742924
-14.631887,50,505.794338
-8.084626,50,505.85618
-8.811063,50,505.911015
-8.519462,50,505.967663
-18.012019,50,506.022308
-13.8998,50,506.076561
-7.971606,50,506.120323
-10.65615,50,506.168093
-12.521098,50,506.21254
-11.369434,50,506.264211
-16.340719,50,506.30421
-9.726381,50,506.341635
-11.512838,50,506.384408
-13.873951,50,506.420728
-10.232649,50,506.463291
-12.794417,50,506.49485
-9.74885,50,506.527595
-10.713369,50,506.580787
-17.322026,50,506.635486
-9.850815,50,506.692415
-10.123017,50,506.753814
-8.60721,50,506.809945
-9.587798,50,506.85937
-9.581312,50,506.916909
-10.072526,50,506.972049
-9.331674,50,507.024209
-8.696201,50,507.074413
-6.885046,50,507.131516
-11.217758,50,507.179029
-5.299238,50,507.649485
-5.848498,50,507.705437
-9.565014,50,507.760114
-8.954469,50,507.820224
-8.301759,50,507.87394
-6.377997,50,507.931809
-15.333036,50,507.993472
-8.932836,50,508.051099
-19.73251,50,508.106553
-11.50091,50,508.168839
-15.829786,50,508.22719
-8.547542,50,508.285793
-10.21271,50,508.342523
-7.936627,50,508.397598
-9.174231,50,508.440706
-10.288218,50,508.501621
-9.077598,50,508.538435
-13.409011,50,508.585039
-6.596295,50,508.627607
-10.424337,50,508.683485
-7.783911,50,508.743321
-10.178201,50,508.798062
-9.769991,50,508.852644
-6.419367,50,508.913751
-7.714463,50,508.973156
-13.53938,50,509.027981
-12.251113,50,509.077047
-10.218383,50,509.120153
-6.59802,50,509.159758
-7.4625,50,509.198149
-6.271644,50,509.235994
-10.277598,50,509.287859
-16.76514,50,509.335649
-11.72236,50,509.389152
-9.607265,50,509.431021
-10.9643,50,509.480195
-10.485639,50,509.526049
-14.196488,50,509.569304
-8.049014,50,509.61885
-9.203796,50,509.676013
-10.923045,50,510.151242
-13.203906,50,510.208605
-6.518886,50,510.25857
-7.359431,50,510.317647
-7.557571,50,510.366828
-8.847179,50,510.433419
-7.448354,50,510.492326
-15.205733,50,510.549332
-11.969075,50,510.611615
-15.680348,50,510.670673
-8.533791,50,510.734775
-7.140583,50,510.79702
-10.944208,50,510.853365
-9.76806,50,510.895461
-10.268282,50,510.954605
-14.406148,50,511.017271
-20.226387,50,511.08041
-7.606932,50,511.136759
-7.201407,50,511.191624
-8.642338,50,511.248927
-12.190863,50,511.302609
-14.445269,50,511.347775
-14.19002,50,511.397511
-8.883731,50,511.454216
-7.273385,50,511.502528
-8.761644,50,511.558935
-12.358704,50,511.592333
-10.598163,50,511.644128
-17.763295,50,511.68978
-10.099359,50,511.750613
-10.838936,50,511.80779
-9.675501,50,511.863905
-8.99791,50,511.903682
-13.174068,50,511.943985
-8.265292,50,511.987215
-13.119895,50,512.033389
-14.501426,50,512.081043
-10.138467,50,512.122506
-10.162929,50,512.1769
-11.516464,50,512.222327
-9.445884,50,512.26489
-8.908303,50,512.742319
-13.741567,50,512.801705
-5.602228,50,512.856209
-9.18909,50,512.910058
-9.091131,50,512.97018
-13.667607,50,513.036711
-12.081573,50,513.096576
-13.971436,50,513.15176
-12.198601,50,513.203501
-13.48255,50,513.248752
-10.846541,50,513.307799
-9.626351,50,513.36272
-10.252571,50,513.418867
-10.292719,50,513.469494
-12.025221,50,513.506593
-10.140419,50,513.545766
-8.807555,50,513.580891
-8.434746,50,513.624298
-16.189375,50,513.677788
-9.447423,50,513.73106
-9.765834,50,513.799421
-12.77732,50,513.854189
-9.408311,50,513.901421
-10.95707,50,513.954338
-13.988542,50,514.005867
-18.09282,50,514.049949
-13.786523,50,514.089949
-9.027519,50,514.127988
-7.659832,50,514.176952
-6.309925,50,514.222931
-11.03739,50,514.273281
-16.930507,50,514.313864
-9.007953,50,514.35391
-7.900511,50,514.392408
-6.992305,50,514.44011
-9.548352,50,514.49813
-8.630639,50,514.539397
-16.127843,50,514.57803
-16.038851,50,514.630175
-14.21574,50,514.678325
-9.976308,50,514.731204
-9.015795,50,515.187932
-9.876988,50,515.234214
-9.223641,50,515.27837
-14.914441,50,515.330073
-7.378083,50,515.37697
-13.365929,50,515.422038
-8.45113,50,515.467045
-8.207587,50,515.5188
-14.325427,50,515.570415
-15.186919,50,515.630111
-9.977506,50,515.685556
-9.017751,50,515.746333
-11.19391,50,515.802576
-15.812979,50,515.851539
-10.684371,50,515.897692
-11.01558,50,515.94262
-7.678526,50,515.999716
-13.477548,50,516.040015
-8.885321,50,516.076326
-11.369141,50,516.126283
-8.673974,50,516.18024
-10.898424,50,516.237295
-8.212884,50,516.280673
-10.529767,50,516.324789
-12.196529,50,516.361162
-15.815045,50,516.392598
-10.448453,50,516.431273
-15.417168,50,516.464382
-9.270255,50,516.499476
-15.366704,50,516.554329
-9.804505,50,516.606158
-12.144236,50,516.648143
-9.670831,50,516.704765
-10.125767,50,516.747484
-7.395337,50,516.802527
-17.97028,50,516.848146
-8.172724,50,516.882359
-11.640465,50,516.92206
-12.894312,50,516.966379
-9.808575,50,517.012636
-13.385569,50,517.061794
-8.005021,50,517.579573
-8.306695,50,517.630019
-9.971668,50,517.686796
-6.295542,50,517.738015
-8.392882,50,517.795364
-6.256075,50,517.856599
-9.975285,50,517.904158
-19.299278,50,517.949945
-12.533169,50,517.987965
-12.123894,50,518.047774
-9.253187,50,518.099717
-9.297763,50,518.144425
-8.768349,50,518.189957
-8.582684,50,518.239544
-15.468108,50,518.278905
-6.073934,50,518.338051
-13.408546,50,518.39745
-8.327979,50,518.449825
-12.476273,50,518.496891
-7.716344,50,518.55564
-19.000202,50,518.622554
-9.300758,50,518.689308
-9.895063,50,518.758827
-10.933397,50,518.824825
-12.477039,50,518.875348
-9.082304,50,518.932839
-6.516368,50,518.980737
-5.595074,50,519.03542
-17.994875,50,519.080068
-7.314446,50,519.126019
-9.83835,50,519.176199
-8.11275,50,519.224435
-13.462905,50,519.266827
-10.219406,50,519.318025
-12.853627,50,519.376809
-8.68755,50,519.433026
-7.67969,50,519.489979
-14.638894,50,519.548486
-11.397877,50,519.591496
-16.712973,50,519.640971
-13.979608,50,519.700788
-9.248828,50,520.179183
-7.139871,50,520.234493
-8.914636,50,520.289342
-10.033542,50,520.323731
-16.946716,50,520.359936
-14.315779,50,520.396866
-7.503283,50,520.439757
-17.213503,50,520.471469
-8.922761,50,520.519633
-10.626056,50,520.573458
-9.0076,50,520.632549
-18.97068,50,520.671772
-16.870224,50,520.70323
-15.791098,50,520.740837
-13.104845,50,520.788565
-5.197907,50,520.833385
-12.718305,50,520.878757
-8.031615,50,520.916652
-18.681657,50,520.962436
-14.164044,50,521.001625
-8.645249,50,521.038117
-9.668958,50,521.087152
-14.663478,50,521.126683
-16.357305,50,521.187027
-14.921862,50,521.245805
-19.742028,50,521.284507
-15.305075,50,521.320848
-13.910414,50,521.362081
-10.513484,50,521.410983
-12.618302,50,521.454314
-13.489663,50,521.510433
-7.428689,50,521.550905
-9.734675,50,521.604822
-19.207865,50,521.640215
-7.16224,50,521.673956
-10.00024,50,521.73432
-15.969482,50,521.782809
-7.445468,50,521.834593
-8.017643,50,521.872154
-10.521182,50,521.927662
-10.226628,50,521.961439
-12.306001,50,522.446263
-16.328499,50,522.498774
-8.668111,50,522.56273
-12.272485,50,522.614252
-11.888418,50,522.676309
-8.715354,50,522.7277
-9.26472,50,522.780082
-6.490777,50,522.823579
-6.186036,50,522.871343
-8.45311,50,522.910504
-12.824207,50,522.950627
-15.191289,50,522.989019
-8.716596,50,523.046067
-5.517006,50,523.083939
-8.50477,50,523.136503
-12.139709,50,523.188824
-10.094754,50,523.226444
-9.797773,50,523.27794
-13.623983,50,523.33428
-9.768976,50,523.391969
-8.831196,50,523.444985
-12.150673,50,523.501964
-11.793453,50,523.548568
-16.623627,50,523.598264
-9.683474,50,523.633409
-9.301946,50,523.686577
-17.195409,50,523.735381
-9.228138,50,523.79
-12.272012,50,523.834435
-13.648465,50,523.878309
-15.681383,50,523.923867
-14.424926,50,523.970783
-12.418854,50,524.021778
-12.510357,50,524.073194
-10.122495,50,524.117789
-7.648422,50,524.173452
-14.728593,50,524.227204
-9.064402,50,524.280028
-11.863862,50,524.325207
-19.044884,50,524.36264
-8.22633,50,524.400396
-8.109564,50,524.857715
-13.668488,50,524.919189
-8.979551,50,524.976361
-9.87679,50,525.020245
-11.139797,50,525.069835
-7.577582,50,525.120111
-9.866206,50,525.152398
-15.068034,50,525.20227
-16.003668,50,525.238624
-17.077913,50,525.296772
-8.607762,50,525.359482
-18.556448,50,525.401987
-6.896031,50,525.450143
-6.492325,50,525.490798
-16.440464,50,525.536387
-13.13782,50,525.594943
-15.993642,50,525.646127
-14.851411,50,525.693648
-10.204578,50,525.728062
-7.632878,50,525.770343
-7.880508,50,525.819633
-10.817018,50,525.872401
-15.231021,50,525.910774
-20.216384,50,525.969162
-16.5678,50,526.01987
-7.214104,50,526.068716
-7.633832,50,526.106905
-10.695497,50,526.154389
-8.494065,50,526.189947
-8.53821,50,526.224045
-13.966941,50,526.257693
-5.644118,50,526.293688
-8.121464,50,526.353347
-6.529867,50,526.400938
-8.521921,50,526.455084
-6.966195,50,526.508679
-10.804303,50,526.56164
-8.620391,50,526.608008
-8.189209,50,526.649426
-12.945632,50,526.705803
-11.029687,50,526.75415
-13.263448,50,527.210972
-7.445691,50,527.278309
-11.124195,50,527.334551
-10.225337,50,527.392052
-7.916529,50,527.446699
-12.200123,50,527.483017
-10.721063,50,527.519021
-6.102207,50,527.557975
-7.185904,50,527.594516
-8.107997,50,527.630386
-11.070128,50,527.668391
-9.239784,50,527.703393
-9.085797,50,527.74004
-7.154422,50,527.777396
-14.240612,50,527.815415
-16.936087,50,527.850632
-9.719444,50,527.886012
-19.01338,50,527.92491
-14.746415,50,527.96282
-14.632631,50,528.012682
-5.570118,50,528.062944
-13.45484,50,528.108713
-10.239143,50,528.145671
-11.193849,50,528.180254
-9.592704,50,528.240083
-14.393542,50,528.292138
-8.049439,50,528.347311
-8.357998,50,528.397428
-13.408498,50,528.444698
-9.920785,50,528.496044
-8.83368,50,528.543342
-10.294493,50,528.591592
-12.75503,50,528.640581
-6.751496,50,528.677958
-5.750526,50,528.709323
-17.180944,50,528.746541
-8.734102,50,528.784061
-17.136095,50,528.83322
-6.969933,50,528.876026
-13.636417,50,528.916061
-11.683051,50,528.976452
-14.422337,50,529.438174
-14.122198,50,529.492983
-8.186693,50,529.555997
-11.756601,50,529.607698
-8.369888,50,529.652461
-14.413355,50,529.695467
-10.350429,50,529.728897
-7.512699,50,529.780398
-8.660409,50,529.832597
-16.351022,50,529.87955
-8.574082,50,529.926109
-10.545038,50,529.970227
-18.146447,50,530.015348
-8.948212,50,530.058171
-5.731373,50,530.11276
-16.79775,50,530.14601
-8.034393,50,530.195019
-7.139904,50,530.22962
-12.485513,50,530.289507
-9.476528,50,530.338084
-16.357625,50,530.378678
-8.864389,50,530.433639
-18.897055,50,530.492441
-12.190885,50,530.553594
-8.430281,50,530.6106
-14.097723,50,530.667841
-19.220592,50,530.717643
-6.724259,50,530.767324
-10.707936,50,530.80287
-12.525651,50,530.839806
-7.023658,50,530.878012
-11.763193,50,530.912444
-6.758773,50,530.949409
-8.418201,50,530.986186
-14.992428,50,531.025751
-13.336955,50,531.069329
-11.826164,50,531.112728
-12.606605,50,531.142781
-10.311184,50,531.172713
-11.09786,50,531.203179
-9.094317,50,531.237517
-18.94813,50,531.687373
-11.020677,50,531.752443
-11.140805,50,531.80144
-7.31454,50,531.844033
-15.683943,50,531.88298
-9.957726,50,531.924335
-6.923109,50,531.972502
-16.268239,50,532.015126
-8.789307,50,532.049815
-9.996305,50,532.08869
-10.813557,50,532.127167
-7.257861,50,532.175327
-17.186029,50,532.228925
-16.209571,50,532.264536
-7.968239,50,532.3125
-17.058702,50,532.354924
-12.155447,50,532.392972
-14.014663,50,532.449785
-13.184431,50,532.501466
-6.487257,50,532.545537
-8.587595,50,532.580299
-18.216022,50,532.623428
-6.111997,50,532.680114
-8.707847,50,532.714589
-18.979782,50,532.751351
-15.964563,50,532.817347
-17.805204,50,532.857167
-6.117773,50,532.891641
-8.893796,50,532.927921
-14.866318,50,532.973404
-10.724447,50,533.017104
-6.611928,50,533.050054
-12.037001,50,533.082906
-10.687665,50,533.119375
-8.052744,50,533.167506
-7.29675,50,533.221736
-16.061836,50,533.272901
-18.610852,50,533.310273
-9.323911,50,533.35909
-13.355653,50,533.411521
-7.29175,50,533.45427
-16.497306,50,533.918283
-12.64499,50,533.97903
-10.539932,50,534.035316
-9.328072,50,534.082613
-17.213707,50,534.12101
-15.445401,50,534.161258
-11.793108,50,534.197516
-6.71814,50,534.230131
-9.193937,50,534.281199
-8.0262,50,534.322485
-9.211136,50,534.360749
-8.84809,50,534.414564
-17.818721,50,534.461324
-9.509748,50,534.503219
-7.380551,50,534.556341
-13.834715,50,534.590741
-8.31361,50,534.626162
-13.989435,50,534.666451
-8.984735,50,534.715668
-5.186433,50,534.753207
-9.684089,50,534.789004
-12.581547,50,534.847625
-9.454068,50,534.88603
-9.552765,50,534.92556
-13.390446,50,534.967983
-6.469834,50,535.006253
-10.013576,50,535.050786
-8.739839,50,535.08233
-8.316999,50,535.114413
-9.712849,50,535.158772
-16.090675,50,535.21571
-6.876236,50,535.266927
-8.886429,50,535.317549
-9.73101,50,535.367056
-5.454178,50,535.414783
-14.127154,50,535.449672
-9.085238,50,535.494815
-8.921725,50,535.539491
-8.785041,50,535.598982
-10.425421,50,535.653337
-9.755215,50,535.690291
-10.343206,50,536.161458
-7.127659,50,536.223695
-10.555995,50,536.28425
-11.76486,50,536.332913
-15.33902,50,536.387121
-10.039718,50,536.447811
-6.428084,50,536.50756
-9.320307,50,536.551756
-7.684259,50,536.614652
-15.742426,50,536.658176
-11.041911,50,536.713018
-5.885765,50,536.750338
-9.553059,50,536.802325
-7.878975,50,536.841179
-7.12212,50,536.894761
-8.517241,50,536.940084
-13.972134,50,536.981499
-15.466286,50,537.032099
-13.93933,50,537.079229
-9.79656,50,537.121181
-10.348381,50,537.173049
-7.199734,50,537.214807
-10.685132,50,537.248085
-7.531978,50,537.300647
-13.710671,50,537.338641
-8.428392,50,537.382197
-17.202304,50,537.439557
-13.660132,50,537.488436
-9.663239,50,537.5467
-12.476026,50,537.588243
-11.738568,50,537.63364
-9.508598,50,537.675873
-10.432933,50,537.722819
-12.866066,50,537.762886
-6.665518,50,537.804747
-11.50363,50,537.850227
-12.423585,50,537.895793
-9.481041,50,537.93904
-8.489325,50,537.978268
-9.25063,50,538.0108
-9.541057,50,538.054485
-8.802162,50,538.530398
-6.660873,50,538.583805
-8.441474,50,538.628455
-13.213028,50,538.670757
-10.599812,50,538.721987
-18.407441,50,538.758584
-18.176424,50,538.804016
-7.87136,50,538.845954
-10.732847,50,538.888948
-8.434221,50,538.927239
-11.532315,50,538.972003
-7.77125,50,539.015661
-13.592899,50,539.05061
-8.174996,50,539.106391
-12.945063,50,539.153289
-10.049418,50,539.199712
-10.432095,50,539.24537
-8.319583,50,539.287245
-10.786538,50,539.333316
-15.124269,50,539.388231
-16.385459,50,539.439953
-8.177928,50,539.493786
-9.072028,50,539.5475
-7.686803,50,539.593153
-7.961851,50,539.648473
-19.639762,50,539.705325
-13.111186,50,539.747232
-9.670812,50,539.792044
-12.017441,50,539.838732
-15.480401,50,539.885496
-12.944332,50,539.927433
-11.183225,50,539.978202
-6.614274,50,540.015096
-7.755069,50,540.053971
-9.620492,50,540.111016
-12.258361,50,540.168129
-13.367401,50,540.222881
-11.429045,50,540.271946
-8.826377,50,540.322316
-9.424293,50,540.362403
-12.319034,50,540.414254
-18.847751,50,540.887636
-11.341654,50,540.945217
-12.898066,50,540.998683
-9.507679,50,541.05477
-17.85361,50,541.093122
-11.615022,50,541.130164
-9.185646,50,541.183849
-13.074272,50,541.232333
-9.656739,50,541.290379
-16.05893,50,541.339777
-12.677533,50,541.378288
-16.310729,50,541.428629
-6.542519,50,541.470691
-8.54767,50,541.503909
-9.825463,50,541.541381
-8.118088,50,541.581805
-5.839756,50,541.633436
-15.962851,50,541.691852
-13.053887,50,541.742811
-8.818607,50,541.799918
-5.768169,50,541.847434
-8.87035,50,541.896929
-15.078037,50,541.93988
-10.511043,50,541.975047
-4.915563,50,542.015113
-9.230845,50,542.063457
-15.253709,50,542.102089
-9.641145,50,542.150237
-13.673775,50,542.201416
-15.761541,50,542.261889
-9.933474,50,542.312088
-9.265027,50,542.366652
-10.648529,50,542.40347
-9.274077,50,542.457178
-12.839708,50,542.507069
-10.855881,50,542.547727
-19.198164,50,542.580183
-9.826617,50,542.615617
-6.498317,50,542.66183
-8.757718,50,542.703938
-10.064259,50,542.755395
-9.689515,50,543.227588
-9.491735,50,543.283097
-11.71805,50,543.340545
-11.241536,50,543.400859
-8.373031,50,543.452152
-12.714936,50,543.502513
-9.847154,50,543.556946
-15.080955,50,543.619565
-13.898884,50,543.674806
-13.238243,50,543.716129
-7.318938,50,543.763649
-15.977595,50,543.824475
-6.827907,50,543.875361
-16.494984,50,543.934419
-16.829928,50,543.976644
-13.783712,50,544.033886
-8.311209,50,544.077229
-7.747209,50,544.133332
-16.322575,50,544.185591
-19.750108,50,544.244685
-15.887086,50,544.303731
-18.298861,50,544.360962
-8.412522,50,544.421791
-13.713347,50,544.468757
-9.266939,50,544.504696
-18.295999,50,544.552675
-10.423609,50,544.586645
-9.080735,50,544.62015
-19.605907,50,544.663975
-15.803642,50,544.709805
-8.90461,50,544.763841
-15.477921,50,544.811856
-4.944325,50,544.8511
-5.715901,50,544.892161
-9.445974,50,544.94794
-10.601025,50,545.005569
-11.373659,50,545.061776
-10.418082,50,545.100516
-6.484501,50,545.137771
-7.668226,50,545.189198
-11.483152,50,545.24618
-14.837636,50,545.739327
-16.121687,50,545.797541
-10.430276,50,545.855163
-9.66007,50,545.910141
-8.123424,50,545.96362
-12.624299,50,546.025928
-14.785112,50,546.075588
-10.140821,50,546.120589
-8.589559,50,546.169391
-9.089364,50,546.224799
-9.402942,50,546.275841
-6.851415,50,546.335267
-7.999281,50,546.392868
-8.520913,50,546.450925
-9.201631,50,546.502568
-9.33392,50,546.561005
-11.184872,50,546.607816
-8.02728,50,546.663577
-9.427301,50,546.703432
-17.005715,50,546.754357
-9.755715,50,546.803076
-19.494562,50,546.84689
-16.176149,50,546.892822
-8.676195,50,546.947938
-5.498029,50,547.000853
-19.765626,50,547.055256
-6.15242,50,547.100273
-11.203962,50,547.140395
-10.895741,50,547.190747
-14.313197,50,547.245187
-7.079565,50,547.300909
-10.002714,50,547.356885
-10.040503,50,547.411246
-12.239882,50,547.470254
-12.425151,50,547.521673
-8.201264,50,547.579401
-19.270215,50,547.62767
-5.799924,50,547.662164
-7.574684,50,547.696797
-9.413566,50,547.737538
-16.548294,50,547.785642
-6.499219,50,548.267181
-12.093763,50,548.318705
-12.641076,50,548.378365
-10.519361,50,548.434488
-13.476658,50,548.489026
-15.202392,50,548.549696
-7.725056,50,548.611666
-15.727267,50,548.662097
-7.633681,50,548.723815
-15.932206,50,548.767102
-10.122232,50,548.803951
-16.284662,50,548.845193
-9.566183,50,548.888366
-7.421558,50,548.936811
-15.973562,50,548.970391
-10.147305,50,549.019578
-9.71826,50,549.068036
-7.952605,50,549.113139
-12.001145,50,549.16081
-17.926448,50,549.202201
-16.04501,50,549.254289
-11.558859,50,549.306143
-6.60494,50,549.36112
-15.59236,50,549.416554
-6.635152,50,549.476846
-19.521601,50,549.525891
-13.843029,50,549.562597
-8.228576,50,549.61441
-9.462528,50,549.671051
-9.829531,50,549.732744
-18.910673,50,549.775542
-15.937905,50,549.831734
-10.329628,50,549.87944
-13.551844,50,549.932643
-6.714924,50,549.970732
-6.467296,50,550.018765
-17.841673,50,550.078229
-8.687819,50,550.135959
-19.495147,50,550.200479
-6.910038,50,550.26193
-9.594395,50,550.322915
-11.288866,50,550.813573
-8.25183,50,550.850691
-18.366576,50,550.888786
-8.674054,50,550.923086
-9.142963,50,550.959555
-17.595003,50,551.0132
-13.415257,50,551.06047
-19.101999,50,551.117355
-7.398164,50,551.175116
-15.587516,50,551.23935
-10.78727,50,551.293038
-17.003457,50,551.353961
-10.281357,50,551.417242
-10.899325,50,551.457845
-8.36728,50,551.517022
-18.852379,50,551.56652
-13.717101,50,551.611097
-11.596524,50,551.678134
-9.224458,50,551.722004
-13.766826,50,551.769289
-16.408078,50,551.802341
-10.513056,50,551.843342
-16.833391,50,551.890604
-4.574618,50,551.941196
-14.802088,50,551.999739
-15.70329,50,552.041753
-8.809655,50,552.078826
-5.610924,50,552.120301
-19.118323,50,552.165056
-10.393903,50,552.197946
-16.633827,50,552.253134
-15.45224,50,552.314396
-7.777496,50,552.375724
-15.013236,50,552.43076
-15.442306,50,552.479226
-10.635679,50,552.529508
-13.818173,50,552.575313
-16.727159,50,552.613987
-15.270979,50,552.659227
-7.940231,50,552.696657
-11.389877,50,552.742242
-17.450249,50,553.209932
-10.930362,50,553.250452
-13.833063,50,553.301169
-10.094797,50,553.358836
-15.892617,50,553.411772
-8.855041,50,553.456058
-19.449121,50,553.48921
-8.839817,50,553.535321
-18.408893,50,553.582411
-9.525689,50,553.634253
-9.732834,50,553.674931
-5.732643,50,553.715155
-10.499378,50,553.75617
-6.940522,50,553.798604
-8.950662,50,553.839261
-7.415287,50,553.888269
-10.415651,50,553.940187
-9.88977,50,553.99048
-10.616997,50,554.040814
-17.122468,50,554.085159
-6.771048,50,554.123124
-8.683323,50,554.159358
-8.494184,50,554.19111
-15.064519,50,554.229374
-9.305864,50,554.274276
-14.878504,50,554.326081
-9.347672,50,554.384502
-16.290611,50,554.439392
-16.308173,50,554.500987
-7.263305,50,554.559445
-10.8248,50,554.612631
-13.204253,50,554.675244
-7.382026,50,554.734124
-11.542288,50,554.794703
-16.011865,50,554.846298
-8.331108,50,554.905174
-13.584769,50,554.959064
-7.472701,50,555.015651
-16.048559,50,555.068757
-15.851903,50,555.106515
-7.535747,50,555.141165
-16.52892,50,555.621853
-15.693269,50,555.680054
-4.517164,50,555.731137
-18.53646,50,555.78983
-8.304275,50,555.842334
-8.811708,50,555.906725
-14.227386,50,555.962557
-7.98858,50,556.02008
-9.496372,50,556.076706
-6.024053,50,556.120012
-18.861035,50,556.16295
-13.425983,50,556.201454
-11.65562,50,556.24324
-13.097491,50,556.280704
-17.944684,50,556.336462
-8.19868,50,556.37852
-14.149732,50,556.424841
-13.509761,50,556.482875
-7.496737,50,556.526547
-14.093313,50,556.563715
-8.253647,50,556.620427
-15.339109,50,556.676934
-9.489631,50,556.737646
-15.489286,50,556.792168
-11.17878,50,556.849768
-19.694251,50,556.903733
-7.785226,50,556.944842
-7.804898,50,556.993566
-11.409402,50,557.051815
-6.43677,50,557.09447
-9.990907,50,557.158799
-7.70683,50,557.212496
-15.660122,50,557.251085
-14.245399,50,557.304661
-14.864174,50,557.3499
-12.658985,50,557.407768
-8.215792,50,557.456987
-8.982978,50,557.514466
-6.973129,50,557.562432
-11.876469,50,557.613358
-7.660633,50,557.672257
-6.36124,50,558.154932
-5.793059,50,558.212288
-15.848017,50,558.270376
-9.684325,50,558.326262
-15.239958,50,558.37145
-9.885025,50,558.433649
-14.304998,50,558.480441
-7.248488,50,558.527838
-6.983146,50,558.576649
-18.900594,50,558.635427
-8.830179,50,558.697731
-17.543859,50,558.753285
-6.530687,50,558.809919
-9.216284,50,558.865368
-9.451016,50,558.922663
-10.253996,50,558.978472
-18.217251,50,559.038584
-14.297274,50,559.097934
-10.543729,50,559.153841
-10.492898,50,559.209342
-16.102371,50,559.256891
-19.225981,50,559.298065
-16.807166,50,559.349722
-8.840964,50,559.39255
-9.199548,50,559.44233
-7.665616,50,559.495098
-11.484539,50,559.550115
-9.142581,50,559.601835
-7.155014,50,559.664098
-6.450626,50,559.716745
-6.647326,50,559.774504
-16.97354,50,559.831602
-7.387522,50,559.887728
-10.224858,50,559.947486
-12.718947,50,560.003503
-6.168488,50,560.061424
-10.330497,50,560.115898
-13.053671,50,560.17192
-7.569612,50,560.212037
-12.211142,50,560.257792
-12.137138,50,560.309652
-13.801388,50,560.807287
-9.622819,50,560.859953
-6.472134,50,560.917706
-6.201603,50,560.971051
-19.4594,50,561.031871
-11.705151,50,561.082115
-8.669167,50,561.140986
-12.144282,50,561.192181
-7.137911,50,561.255472
-13.946482,50,561.311206
-12.296935,50,561.367326
-11.612631,50,561.423536
-9.153271,50,561.481475
-9.832196,50,561.529556
-5.003296,50,561.562905
-16.154783,50,561.617845
-8.398807,50,561.654361
-12.146003,50,561.713828
-12.379326,50,561.754417
-16.921689,50,561.811884
-6.468241,50,561.876282
-10.383445,50,561.931426
-17.422766,50,561.988082
-10.980995,50,562.048953
-8.874538,50,562.104206
-7.26712,50,562.160543
-16.596348,50,562.218785
-11.072156,50,562.271664
-13.72477,50,562.334966
-16.984156,50,562.380496
-13.373802,50,562.41488
-8.454416,50,562.464117
-12.764637,50,562.499433
-11.410489,50,562.541312
-14.750653,50,562.58909
-8.821124,50,562.633576
-13.958287,50,562.678965
-9.329833,50,562.738129
-11.386503,50,562.797389
-15.238298,50,562.851092
-8.082794,50,562.910205
-8.783843,50,563.370546
-8.156079,50,563.431127
-20.074262,50,563.493234
-10.695271,50,563.554244
-12.739254,50,563.606463
-11.866935,50,563.651447
-6.709546,50,563.713267
-7.754509,50,563.751095
-9.571574,50,563.808535
-10.770655,50,563.863595
-16.588918,50,563.925416
-14.570087,50,563.976162
-7.636998,50,564.037715
-8.974391,50,564.092656
-14.838192,50,564.152443
-6.558979,50,564.209129
-6.295524,50,564.264678
-10.063341,50,564.305159
-17.470744,50,564.340618
-6.671144,50,564.392396
-10.26532,50,564.433026
-18.459849,50,564.492119
-16.87856,50,564.532627
-9.094438,50,564.577481
-9.458429,50,564.636448
-7.929056,50,564.680546
-20.16317,50,564.734457
-14.323347,50,564.795069
-13.746914,50,564.846882
-8.760186,50,564.905043
-16.635568,50,564.958728
-7.788683,50,565.015615
-8.801081,50,565.071089
-7.853591,50,565.123849
-16.858863,50,565.16821
-10.641882,50,565.210559
-9.038669,50,565.248668
-8.7925,50,565.284406
-7.579304,50,565.324369
-10.191103,50,565.370536
-7.743842,50,565.417992
-9.81548,50,565.876996
-7.379929,50,565.93707
-9.45845,50,565.994205
-8.292782,50,566.048522
-7.820402,50,566.103126
-19.333253,50,566.160769
-7.17351,50,566.215728
-19.918426,50,566.267511
-7.461652,50,566.325616
-10.496778,50,566.370734
-8.660577,50,566.425315
-11.428341,50,566.475095
-9.100369,50,566.520252
-12.493019,50,566.573441
-7.146256,50,566.608892
-8.250735,50,566.661703
-9.806542,50,566.721715
-10.596684,50,566.758945
-10.318661,50,566.826506
-9.842583,50,566.879749
-8.39119,50,566.938359
-7.050992,50,566.994794
-13.750483,50,567.057654
-11.604054,50,567.122186
-13.607614,50,567.179663
-12.122098,50,567.243428
-11.673853,50,567.301056
-12.122238,50,567.356976
-8.83447,50,567.41765
-11.118167,50,567.476547
-8.42816,50,567.519921
-15.0196,50,567.567717
-11.13241,50,567.605337
-8.190476,50,567.650823
-9.113934,50,567.707094
-8.720229,50,567.763867
-14.157425,50,567.802204
-18.124802,50,567.845408
-9.457979,50,567.886338
-12.301047,50,567.948983
-9.726678,50,568.003502
-17.776319,50,568.473676
-16.868516,50,568.528235
-16.446936,50,568.570804
-7.468482,50,568.627753
-7.2338,50,568.674102
-5.884101,50,568.730329
-15.22284,50,568.792142
-12.630498,50,568.842945
-14.672962,50,568.900324
-18.613109,50,568.957723
-8.627993,50,569.014412
-10.408392,50,569.075235
-9.298989,50,569.132437
-13.379899,50,569.185694
-10.316373,50,569.247263
-7.733614,50,569.299236
-15.629625,50,569.359413
-13.927677,50,569.419655
-5.346533,50,569.469995
-8.666935,50,569.516168
-7.578465,50,569.555254
-11.013391,50,569.616251
-12.095749,50,569.668065
-12.085534,50,569.713212
-11.588854,50,569.7493
-6.603034,50,569.781577
-9.531097,50,569.839494
-10.716727,50,569.891742
-15.479169,50,569.951486
-18.25306,50,569.99939
-9.078328,50,570.059256
-9.722429,50,570.125067
-10.368499,50,570.191788
-10.186209,50,570.25332
-14.426368,50,570.319399
-9.56394,50,570.374726
-13.211826,50,570.427718
-6.694059,50,570.481817
-14.129746,50,570.540238
-6.331543,50,570.596163
-17.860192,50,571.136958
-12.824761,50,571.201961
-7.394498,50,571.260869
-15.167767,50,571.315847
-5.920334,50,571.370403
-6.029774,50,571.438354
-17.324318,50,571.502614
-7.561649,50,571.554421
-9.524078,50,571.604198
-9.609532,50,571.646663
-8.846881,50,571.699173
-16.227961,50,571.753635
-11.467552,50,571.78907
-18.556168,50,571.838313
-10.413254,50,571.892682
-9.131659,50,571.947155
-10.2749,50,572.001574
-12.672782,50,572.041616
-10.505505,50,572.093373
-6.07376,50,572.153918
-8.252208,50,572.225052
-10.50965,50,572.286727
-8.885024,50,572.351333
-14.526166,50,572.409444
-10.992523,50,572.470737
-9.139867,50,572.522917
-8.441211,50,572.575947
-8.529271,50,572.630865
-6.454516,50,572.694079
-16.115204,50,572.746685
-9.436485,50,572.801123
-7.488902,50,572.857062
-12.683533,50,572.906127
-6.94363,50,572.95017
-12.925379,50,573.006471
-9.551794,50,573.053638
-8.860803,50,573.112943
-11.759607,50,573.158173
-14.70026,50,573.215049
-6.808147,50,573.274999
-12.832478,50,573.334181
-10.139866,50,573.853685
-12.246032,50,573.913663
-9.250354,50,573.970216
-13.431198,50,574.025914
-7.80041,50,574.077544
-18.227026,50,574.126235
-17.690193,50,574.177459
-6.255002,50,574.235692
-19.264369,50,574.305576
-12.949491,50,574.369246
-9.211161,50,574.430499
-9.092742,50,574.49098
-11.510873,50,574.554836
-7.343284,50,574.615644
-11.894452,50,574.678566
-8.450749,50,574.736389
-11.1569,50,574.787862
-12.369667,50,574.851107
-17.233319,50,574.90986
-15.161334,50,574.947248
-16.267721,50,574.998199
-15.79212,50,575.046565
-10.050535,50,575.101183
-16.037532,50,575.154812
-9.055486,50,575.212054
-12.441137,50,575.264573
-12.528329,50,575.312227
-9.557807,50,575.359658
-15.361835,50,575.409861
-12.25604,50,575.456191
-7.741543,50,575.508509
-14.04529,50,575.568227
-12.305742,50,575.615041
-7.812443,50,575.659004
-16.91712,50,575.718073
-9.216148,50,575.777209
-9.207793,50,575.832409
-12.349163,50,575.873806
-13.058429,50,575.921687
-9.648106,50,575.963824
-12.687163,50,576.00635
-16.729204,50,576.501271
-8.33149,50,576.566491
-7.29128,50,576.626069
-9.832644,50,576.682229
-13.616174,50,576.733016
-15.302164,50,576.77509
-10.757779,50,576.834162
-8.061846,50,576.876534
-8.030966,50,576.919129
-16.895707,50,576.963472
-17.813572,50,577.020668
-8.064259,50,577.060154
-8.857461,50,577.111908
-19.300979,50,577.165036
-12.350589,50,577.215413
-16.329255,50,577.270445
-9.933362,50,577.315512
-9.166162,50,577.366428
-6.966519,50,577.412709
-9.435331,50,577.456631
-15.348411,50,577.505708
-14.774561,50,577.561072
-14.690134,50,577.617991
-5.542094,50,577.675179
-10.363779,50,577.725624
-9.047736,50,577.776666
-10.217141,50,577.823799
-13.496376,50,577.870892
-16.979969,50,577.925717
-11.448164,50,577.973852
-10.779944,50,578.035979
-8.045542,50,578.089945
-15.4176,50,578.142125
-9.882744,50,578.174759
-14.513545,50,578.215713
-10.300579,50,578.272675
-13.946171,50,578.319841
-5.485552,50,578.36874
-10.484569,50,578.421783
-9.331582,50,578.458194
-18.898587,50,578.495598
-9.220377,50,579.021908
-9.069112,50,579.075337
-14.090614,50,579.121209
-10.695642,50,579.171368
-16.907278,50,579.228597
-16.551789,50,579.291631
-9.625901,50,579.352791
-13.876799,50,579.404504
-13.687912,50,579.448136
-14.041026,50,579.509261
-8.75802,50,579.562349
-17.473645,50,579.616919
-8.218037,50,579.65981
-10.217928,50,579.697907
-9.711414,50,579.74937
-17.331228,50,579.802684
-7.742141,50,579.845219
-8.923646,50,579.894057
-9.338075,50,579.951818
-7.496616,50,580.009931
-12.755714,50,580.068015
-9.662754,50,580.138566
-9.782736,50,580.183516
-17.37843,50,580.220207
-6.264436,50,580.272675
-11.52648,50,580.321714
-9.735796,50,580.375941
-8.15857,50,580.420344
-14.328891,50,580.455799
-12.796377,50,580.493936
-7.945636,50,580.536909
-8.683837,50,580.581074
-5.71597,50,580.64717
-9.140581,50,580.704516
-12.718366,50,580.760657
-11.893153,50,580.810103
-9.273224,50,580.868459
-6.615048,50,580.919678
-8.397852,50,580.968522
-8.332762,50,581.013194
-11.311644,50,581.048323
-18.13238,50,581.546069
-9.350974,50,581.595777
-10.520898,50,581.658082
-12.607341,50,581.718924
-7.512267,50,581.785933
-18.174178,50,581.84237
-17.570768,50,581.903232
-14.587627,50,581.953086
-7.877831,50,582.007332
-6.625046,50,582.048872
-7.076073,50,582.095251
-11.529293,50,582.128566
-9.64952,50,582.174095
-10.912219,50,582.232529
-9.446141,50,582.283307
-17.688411,50,582.351282
-6.979282,50,582.405958
-18.671938,50,582.467474
-9.375354,50,582.512246
-19.492207,50,582.574195
-10.123934,50,582.635499
-10.058427,50,582.696519
-12.770664,50,582.755021
-7.554877,50,582.804623
-7.125119,50,582.865873
-8.780265,50,582.919084
-11.612597,50,582.975001
-8.407447,50,583.019052
-13.581681,50,583.069834
-10.358756,50,583.115789
-5.754616,50,583.151537
-10.046032,50,583.186936
-14.320293,50,583.226981
-8.083201,50,583.274576
-9.572221,50,583.335233
-6.98103,50,583.3827
-19.929625,50,583.441587
-11.760488,50,583.477043
-13.521435,50,583.522042
-9.579169,50,583.579329
-14.448037,50,583.633412
-9.546017,50,584.135183
-14.959231,50,584.185796
-13.388395,50,584.228352
-6.331276,50,584.273629
-8.031683,50,584.324344
-14.45397,50,584.372992
-16.86277,50,584.414601
-9.653586,50,584.463055
-9.179576,50,584.511246
-8.109115,50,584.567337
-8.316396,50,584.621905
-9.313302,50,584.674827
-6.704387,50,584.734661
-12.138712,50,584.783124
-9.779963,50,584.833608
-15.059632,50,584.876559
-6.487118,50,584.933361
-14.235611,50,584.976432
-15.192162,50,585.041871
-9.682304,50,585.087419
-13.9708,50,585.138847
-10.442349,50,585.185444
-13.110491,50,585.230382
-15.163463,50,585.278921
-18.169096,50,585.325209
-19.560734,50,585.375516
-7.10343,50,585.432291
-11.139301,50,585.478425
-8.614639,50,585.525991
-6.693626,50,585.5721
-12.739175,50,585.632305
-12.219246,50,585.693789
-17.726829,50,585.74925
-9.224693,50,585.79105
-11.795961,50,585.830054
-10.811243,50,585.866689
-9.258239,50,585.915659
-12.049456,50,585.972479
-9.633188,50,586.022801
-17.612305,50,586.077837
-10.289576,50,586.110102
-16.641231,50,586.566803
-6.30999,50,586.62819
-11.392178,50,586.675666
-11.031541,50,586.718497
-7.469332,50,586.772608
-13.68643,50,586.81404
-7.493193,50,586.869722
-8.971217,50,586.916373
-16.727356,50,586.962493
-8.767502,50,587.005437
-13.661041,50,587.050762
-17.424255,50,587.109554
-8.535734,50,587.150293
-14.036004,50,587.205903
-7.56035,50,587.250643
-15.572109,50,587.296314
-13.118906,50,587.341721
-17.477532,50,587.386411
-14.377884,50,587.430988
-11.377888,50,587.477767
-5.944345,50,587.516145
-8.200445,50,587.564634
-11.517443,50,587.622546
-16.567587,50,587.680538
-8.516126,50,587.738844
-8.511481,50,587.790091
-14.807928,50,587.836082
-14.393541,50,587.893235
-10.772778,50,587.945922
-9.86383,50,587.981598
-6.284532,50,588.028689
-19.360071,50,588.064557
-18.531747,50,588.096466
-10.74188,50,588.130485
-6.797379,50,588.170216
-6.064897,50,588.227063
-18.499753,50,588.262817
-15.754433,50,588.30321
-10.824022,50,588.339737
-8.229759,50,588.391394
-19.53294,50,588.445278
-13.528506,50,588.931725
-17.202736,50,588.992224
-12.895104,50,589.047333
-15.390757,50,589.103555
-11.991274,50,589.164658
-14.553873,50,589.219584
-7.087058,50,589.27662
-8.70516,50,589.330057
-7.631206,50,589.387503
-16.604958,50,589.427285
-13.812327,50,589.482392
-9.487293,50,589.527444
-9.095343,50,589.57503
-7.152265,50,589.623256
-13.473728,50,589.672292
-8.676341,50,589.716016
-7.353352,50,589.754384
-4.576802,50,589.802857
-12.061831,50,589.856462
-10.493443,50,589.906151
-6.52403,50,589.963072
-12.539879,50,590.016401
-15.523171,50,590.075146
-9.415501,50,590.129307
-4.894579,50,590.179704
-5.484535,50,590.237066
-14.646992,50,590.293709
-6.852663,50,590.349856
-14.113299,50,590.395195
-15.534531,50,590.443282
-9.514477,50,590.480031
-17.343185,50,590.534167
-14.887852,50,590.597233
-9.55094,50,590.640819
-5.660612,50,590.684427
-10.486495,50,590.729933
-8.843029,50,590.784998
-12.577712,50,590.835626
-8.967126,50,590.891976
-14.607813,50,590.948371
-8.432962,50,590.999706
-15.116056,50,591.500663
-11.166782,50,591.554666
-7.783324,50,591.596747
-14.331907,50,591.646535
-4.555492,50,591.691083
-11.606439,50,591.734281
-9.469982,50,591.78362
-6.966732,50,591.835832
-16.719868,50,591.874635
-9.158915,50,591.921942
-8.947708,50,591.985121
-16.376062,50,592.040848
-10.555055,50,592.101769
-12.921422,50,592.15746
-16.557,50,592.219443
-13.570419,50,592.267251
-10.977502,50,592.314688
-15.279533,50,592.367689
-9.287898,50,592.418346
-9.295507,50,592.471614
-10.716004,50,592.524244
-17.774109,50,592.570838
-8.048643,50,592.607838
-13.531318,50,592.662158
-9.12032,50,592.711903
-9.690007,50,592.770913
-13.442005,50,592.825377
-12.035132,50,592.866244
-7.543068,50,592.901284
-17.635782,50,592.960725
-8.285792,50,593.016586
-9.487674,50,593.074369
-7.682107,50,593.122734
-13.061698,50,593.175715
-14.887802,50,593.228131
-13.345751,50,593.283709
-15.143121,50,593.327054
-6.237854,50,593.38311
-8.244202,50,593.44017
-12.005162,50,593.489413
-6.230204,50,593.540819
-8.108754,50,594.043034
-9.60458,50,594.100404
-8.924264,50,594.15436
-9.412517,50,594.211875
-5.865053,50,594.264315
-9.387609,50,594.317581
-9.753213,50,594.366802
-17.476717,50,594.419905
-9.491521,50,594.469212
-7.939779,50,594.516948
-8.507482,50,594.569413
-18.702439,50,594.614124
-7.845859,50,594.668521
-16.579302,50,594.713686
-13.943362,50,594.760534
-16.046966,50,594.809347
-11.130728,50,594.867858
-9.602982,50,594.90839
-6.902045,50,594.957241
-11.399855,50,595.010211
-9.052856,50,595.067139
-8.722796,50,595.12834
-5.422053,50,595.189271
-12.194516,50,595.247136
-9.83353,50,595.307012
-7.695603,50,595.364647
-13.523876,50,595.423877
-9.167814,50,595.481548
-10.551609,50,595.535672
-7.134651,50,595.597962
-6.03825,50,595.653468
-7.843366,50,595.71459
-5.476603,50,595.767852
-10.114447,50,595.823683
-12.519708,50,595.87672
-7.775208,50,595.934089
-16.867331,50,595.9856
-10.999735,50,596.049585
-7.379328,50,596.110438
-10.260425,50,596.17138
-7.959276,50,596.226903
-11.023174,50,596.739322
-17.441649,50,596.802922
-17.936281,50,596.860094
-13.850279,50,596.913112
-13.278858,50,596.968526
-7.681585,50,597.020412
-9.200207,50,597.077885
-13.028625,50,597.132921
-7.097629,50,597.198548
-14.249142,50,597.258272
-11.582818,50,597.317895
-11.201424,50,597.370388
-11.401879,50,597.421844
-11.463597,50,597.476761
-7.417091,50,597.531141
-7.939457,50,597.591688
-16.880991,50,597.636063
-7.721052,50,597.688412
-5.336237,50,597.753026
-18.866882,50,597.799892
-13.788166,50,597.840797
-4.731058,50,597.907281
-7.048349,50,597.960677
-16.847161,50,598.010013
-8.76597,50,598.062579
-6.528501,50,598.131077
-7.2308,50,598.179649
-11.710802,50,598.234016
-13.253905,50,598.286571
-10.31387,50,598.331256
-5.900411,50,598.377946
-8.820586,50,598.433447
-10.827407,50,598.492136
-9.144537,50,598.541783
-10.013546,50,598.595647
-6.365805,50,598.655983
-8.945002,50,598.711645
-7.029405,50,598.751383
-18.391749,50,598.80547
-9.45143,50,598.859171
-12.71491,50,598.905102
-6.968437,50,599.402757
-14.37567,50,599.461076
-10.092402,50,599.52167
-8.964745,50,599.585172
-13.040734,50,599.643507
-18.332689,50,599.707615
-9.315779,50,599.762524
-9.041378,50,599.826152
-17.392611,50,599.876959
-6.531064,50,599.935133
-18.251777,50,599.978818
-6.279823,50,600.035313
-9.150184,50,600.087397
-8.517313,50,600.139885
-8.562271,50,600.18934
-15.669056,50,600.245983
-15.255595,50,600.301978
-9.971745,50,600.341788
-9.852665,50,600.378449
-13.910358,50,600.43457
-9.145399,50,600.479411
-7.365549,50,600.53111
-4.410261,50,600.581973
-13.169589,50,600.644473
-13.721753,50,600.693682
-14.55906,50,600.751323
-7.306299,50,600.804078
-13.683372,50,600.873766
-7.701771,50,600.927584
-7.845265,50,600.977096
-16.11395,50,601.027968
-7.121761,50,601.074349
-11.41176,50,601.134211
-8.886192,50,601.181012
-7.667723,50,601.229011
-6.099669,50,601.266245
-8.184084,50,601.313475
-8.823281,50,601.361874
-14.069926,50,601.425316
-6.452527,50,601.476703
-17.000524,50,601.530011
-13.393618,50,602.004273
-12.2868,50,602.042957
-10.254769,50,602.09038
-9.421065,50,602.13239
-8.287392,50,602.180828
-7.756549,50,602.23859
-18.786642,50,602.280258
-5.479359,50,602.337478
-13.805809,50,602.39707
-6.688491,50,602.449606
-19.450787,50,602.50462
-17.078487,50,602.549863
-10.049237,50,602.599699
-9.005284,50,602.643574
-12.450275,50,602.686691
-9.734405,50,602.741335
-15.501679,50,602.797377
-8.573022,50,602.850564
-11.990387,50,602.882198
-8.000084,50,602.917722
-13.646907,50,602.956285
-13.627073,50,603.005092
-14.678078,50,603.054514
-6.898697,50,603.101897
-8.451651,50,603.14768
-14.722945,50,603.214452
-7.65036,50,603.268237
-11.622606,50,603.311027
-7.806555,50,603.369642
-12.606228,50,603.426462
-12.927588,50,603.479413
-16.503132,50,603.535176
-5.628101,50,603.588219
-5.191853,50,603.642068
-16.437641,50,603.687255
-7.319257,50,603.729925
-20.138853,50,603.781774
-5.579831,50,603.833478
-9.505851,50,603.868714
-8.171454,50,603.90465
-7.978565,50,603.953056
-16.490959,50,604.424162
-17.149155,50,604.481426
-6.827586,50,604.537897
-11.886191,50,604.60057
-7.596328,50,604.660651
-18.183738,50,604.698313
-7.27144,50,604.756196
-9.192008,50,604.805696
-8.53269,50,604.862991
-15.923683,50,604.914292
-10.734609,50,604.95762
-15.557332,50,605.015849
-7.238211,50,605.066429
-10.553023,50,605.118731
-11.576571,50,605.16136
-15.34392,50,605.215197
-6.233875,50,605.274461
-8.287054,50,605.313891
-14.884052,50,605.359816
-11.185978,50,605.420358
-4.456835,50,605.468912
-14.946976,50,605.529609
-8.780455,50,605.588418
-8.560951,50,605.646494
-12.843879,50,605.702329
-10.600206,50,605.766682
-8.596581,50,605.804698
-10.311462,50,605.843674
-17.65904,50,605.895477
-9.222244,50,605.932021
-9.080213,50,605.964508
-16.88862,50,605.998403
-9.45511,50,606.056905
-11.558106,50,606.111544
-17.019055,50,606.169647
-11.216557,50,606.214421
-11.095362,50,606.252991
-6.931585,50,606.288384
-13.083896,50,606.321079
-8.86451,50,606.362307
-6.927895,50,606.420361
-11.808622,50,606.890679
-13.137108,50,606.950949
-9.623359,50,607.010459
-17.347396,50,607.069271
-11.956181,50,607.132954
-11.22982,50,607.187485
-14.667558,50,607.247139
-13.270579,50,607.296453
-9.711044,50,607.352083
-18.553597,50,607.413517
-7.448186,50,607.47565
-11.537585,50,607.541538
-7.243736,50,607.593225
-6.288307,50,607.657862
-18.50457,50,607.718797
-10.443898,50,607.784348
-8.401942,50,607.837548
-4.665463,50,607.897655
-11.785696,50,607.96143
-9.091369,50,608.026592
-9.595278,50,608.094288
-6.854825,50,608.160983
-10.40852,50,608.223398
-15.878725,50,608.284544
-12.034279,50,608.341169
-19.59438,50,608.400702
-17.036349,50,608.456517
-6.939782,50,608.525421
-14.034072,50,608.59185
-7.483486,50,608.650557
-14.114792,50,608.700793
-8.406361,50,608.755118
-13.880887,50,608.81399
-8.517615,50,608.853847
-15.476821,50,608.900426
-7.462317,50,608.953479
-17.51703,50,609.00495
-8.938583,50,609.061193
-7.962799,50,609.115166
-9.579868,50,609.182779
-7.295296,50,609.246689
-8.902838,50,609.749626
-15.984442,50,609.803258
-13.84135,50,609.848975
-8.973103,50,609.905769
-12.556972,50,609.951851
-15.989305,50,610.005041
-14.306826,50,610.063872
-17.429614,50,610.123098
-12.524474,50,610.18383
-17.285054,50,610.236493
-12.856674,50,610.270565
-15.490506,50,610.331045
-7.889956,50,610.385049
-16.486531,50,610.4454
-10.081957,50,610.510268
-10.036274,50,610.558479
-18.995522,50,610.592658
-8.072676,50,610.643314
-11.17383,50,610.704498
-9.54551,50,610.766103
-14.92299,50,610.828048
-13.619081,50,610.87533
-7.990892,50,610.924599
-9.329159,50,610.97007
-9.338569,50,611.012726
-11.61203,50,611.054105
-18.629918,50,611.091794
-14.389529,50,611.134472
-19.134207,50,611.178939
-14.764338,50,611.22314
-7.632469,50,611.261114
-13.460155,50,611.322867
-11.122408,50,611.374738
-6.28477,50,611.429422
-16.165286,50,611.484465
-14.385534,50,611.532575
-9.373688,50,611.569668
-8.611551,50,611.606067
-6.000199,50,611.647938
-8.861095,50,611.696645
-7.957652,50,611.751077
-6.474053,50,612.236326
-10.617296,50,612.291977
-5.946212,50,612.347389
-10.398907,50,612.403012
-5.999091,50,612.453485
-9.202129,50,612.504736
-6.340101,50,612.551005
-7.822805,50,612.592248
-11.761095,50,612.645371
-9.288887,50,612.694624
-8.68055,50,612.738125
-17.851124,50,612.788092
-4.219446,50,612.842669
-16.722643,50,612.893978
-18.715366,50,612.953532
-16.032802,50,612.999725
-16.683502,50,613.05701
-17.060616,50,613.116308
-6.954957,50,613.15268
-7.861918,50,613.216429
-11.963042,50,613.268482
-8.368142,50,613.314214
-9.180622,50,613.351807
-13.004925,50,613.403058
-12.224271,50,613.456325
-7.979269,50,613.499586
-14.291095,50,613.541196
-10.380795,50,613.592696
-11.239827,50,613.640245
-7.210049,50,613.693883
-13.887492,50,613.746722
-15.198404,50,613.789528
-17.882964,50,613.834589
-6.452343,50,613.880046
-14.282229,50,613.918973
-6.557935,50,613.963783
-8.47945,50,614.017498
-14.632503,50,614.06442
-10.088207,50,614.105362
-5.020005,50,614.151347
-18.837027,50,614.193488
-10.033019,50,614.651746
-9.094194,50,614.708532
-19.433612,50,614.748855
-12.2498,50,614.809572
-15.297469,50,614.85375
-15.203029,50,614.915124
-8.330834,50,614.975466
-6.241516,50,615.029835
-4.040457,50,615.088603
-17.211681,50,615.146403
-8.789706,50,615.207716
-11.880135,50,615.250061
-9.51392,50,615.281833
-8.425867,50,615.324611
-18.613901,50,615.367821
-6.304819,50,615.425814
-6.365569,50,615.464357
-6.550965,50,615.510791
-6.502447,50,615.560693
-14.303095,50,615.617133
-16.287387,50,615.668044
-8.134228,50,615.72067
-8.166534,50,615.772241
-17.832905,50,615.828191
-13.480421,50,615.884546
-9.972202,50,615.940549
-13.112751,50,616.004502
-9.225268,50,616.061739
-13.930599,50,616.104019
-11.534406,50,616.152698
-15.554112,50,616.216367
-13.822969,50,616.268449
-12.567872,50,616.31154
-8.559147,50,616.358854
-7.199921,50,616.402037
-12.215407,50,616.452712
-11.877608,50,616.504784
-13.406686,50,616.55494
-17.612046,50,616.609327
-8.514115,50,616.67278
-5.180486,50,616.707991
-5.453735,50,617.173308
-8.96658,50,617.230002
-10.365387,50,617.290598
-9.379954,50,617.346832
-12.834233,50,617.401675
-6.871672,50,617.452421
-11.127618,50,617.489069
-17.241297,50,617.530843
-16.714267,50,617.570488
-9.962628,50,617.618922
-7.655099,50,617.654491
-9.071472,50,617.718984
-5.488008,50,617.776124
-12.088553,50,617.81843
-7.241734,50,617.85726
-11.954291,50,617.906344
-11.947646,50,617.966653
-9.372815,50,618.007932
-12.311922,50,618.063213
-12.185108,50,618.105585
-16.684546,50,618.168188
-14.705261,50,618.234476
-8.864017,50,618.293378
-17.458556,50,618.357497
-8.390298,50,618.410445
-6.406981,50,618.461131
-11.136513,50,618.522374
-13.112255,50,618.566885
-10.975856,50,618.599555
-15.701178,50,618.647005
-17.758927,50,618.700394
-6.046301,50,618.752191
-12.350359,50,618.799288
-7.878968,50,618.859334
-6.692601,50,618.898525
-14.012089,50,618.96072
-11.684707,50,619.013191
-7.319768,50,619.072688
-6.781238,50,619.128268
-17.150982,50,619.177987
-5.819952,50,619.236265
-17.77767,50,619.734186
-10.742776,50,619.791365
-6.997324,50,619.848979
-3.868096,50,619.903291
-12.351777,50,619.953104
-17.012221,50,620.013187
-8.01674,50,620.047874
-8.43442,50,620.096781
-6.076759,50,620.145414
-6.498711,50,620.207316
-18.196319,50,620.262549
-6.550478,50,620.316425
-9.859059,50,620.372139
-16.946445,50,620.424859
-17.997455,50,620.483527
-7.028829,50,620.53328
-19.122039,50,620.589475
-18.636348,50,620.629485
-8.961629,50,620.671435
-10.885822,50,620.722692
-5.197098,50,620.756008
-9.027445,50,620.813336
-9.120641,50,620.856555
-12.609173,50,620.896932
-8.004223,50,620.942807
-5.770202,50,620.983052
-15.632444,50,621.02975
-17.864062,50,621.083348
-13.606052,50,621.130682
-8.400584,50,621.194792
-9.100647,50,621.247862
-7.354257,50,621.287509
-15.643412,50,621.324495
-9.943603,50,621.359903
-19.229849,50,621.392658
-16.929351,50,621.425152
-17.20666,50,621.470528
-5.956823,50,621.50656
-7.363643,50,621.555392
-8.048189,50,621.603014
-17.754377,50,621.654848
-15.619718,50,622.107126
-7.948991,50,622.156017
-7.592814,50,622.221013
-8.177599,50,622.280535
-12.660918,50,622.329449
-17.033598,50,622.367629
-7.923255,50,622.412103
-17.163859,50,622.456903
-10.474149,50,622.506662
-8.639789,50,622.545227
-12.620703,50,622.59435
-11.191973,50,622.642406
-8.421295,50,622.696628
-15.949613,50,622.747788
-17.471388,50,622.794998
-7.641901,50,622.839298
-12.672456,50,622.870527
-9.250343,50,622.925635
-6.986071,50,622.978037
-19.065422,50,623.031606
-7.870246,50,623.080335
-9.146662,50,623.129441
-7.715011,50,623.180474
-8.548656,50,623.237732
-8.914976,50,623.296498
-7.96919,50,623.348986
-7.908619,50,623.408621
-12.039737,50,623.444357
-18.414657,50,623.495608
-8.767907,50,623.529181
-17.142566,50,623.562624
-11.608924,50,623.597474
-6.234486,50,623.631089
-17.616713,50,623.664793
-6.603383,50,623.697927
-4.947775,50,623.730878
-13.785619,50,623.763478
-7.518188,50,623.796356
-9.049926,50,623.852095
-12.622308,50,623.900683
-12.662503,50,623.958468
-16.934501,50,624.465487
-15.933729,50,624.52545
-10.523803,50,624.579862
-8.467254,50,624.633702
-10.047954,50,624.690348
-15.928265,50,624.740687
-13.484055,50,624.779098
-14.880426,50,624.830732
-16.268913,50,624.864825
-10.09562,50,624.901026
-6.88317,50,624.940256
-8.699109,50,624.998685
-6.80162,50,625.040887
-14.815879,50,625.095532
-6.666508,50,625.150543
-4.96624,50,625.212509
-8.783355,50,625.277038
-9.26939,50,625.342137
-5.489076,50,625.398989
-11.69601,50,625.461156
-9.431223,50,625.525296
-12.463262,50,625.590925
-11.101966,50,625.644572
-8.332228,50,625.700512
-7.744656,50,625.764493
-10.232877,50,625.824477
-8.060945,50,625.883144
-15.917529,50,625.945716
-7.940854,50,625.992347
-9.9128,50,626.044539
-18.410089,50,626.106798
-17.555958,50,626.160585
-10.359291,50,626.219278
-12.689746,50,626.268811
-8.614582,50,626.306862
-6.837349,50,626.35137
-4.800407,50,626.389443
-6.67105,50,626.447605
-10.015934,50,626.502778
-15.125373,50,626.553871
-9.506391,50,626.600989
-9.104864,50,627.156382
-15.046436,50,627.218682
-13.399779,50,627.273911
-14.522437,50,627.315469
-11.56725,50,627.353024
-17.86374,50,627.391657
-8.389962,50,627.43247
-9.727355,50,627.494957
-14.856181,50,627.552172
-7.197071,50,627.606956
-17.135075,50,627.6642
-17.191096,50,627.723451
-12.666479,50,627.78408
-11.749293,50,627.832588
-5.38128,50,627.869141
-15.206954,50,627.911387
-11.046052,50,627.944134
-17.340945,50,627.988565
-6.227141,50,628.033384
-7.277444,50,628.096389
-15.114325,50,628.146185
-13.387411,50,628.209851
-7.595189,50,628.269386
-7.954012,50,628.318908
-15.541187,50,628.371641
-14.323328,50,628.406748
-14.075843,50,628.467152
-6.400546,50,628.523362
-15.805958,50,628.590689
-17.326775,50,628.650111
-8.388593,50,628.717942
-8.142025,50,628.781383
-7.564538,50,628.842144
-7.390878,50,628.899704
-10.679843,50,628.961788
-11.021891,50,629.014393
-6.99886,50,629.078497
-6.238327,50,629.13351
-8.670173,50,629.194618
-8.421264,50,629.258474
-16.876251,50,629.315941
-6.320758,50,629.835109
-8.154887,50,629.893557
-13.717213,50,629.948472
-12.055105,50,630.013153
-10.557196,50,630.079055
-7.667593,50,630.134719
-5.323567,50,630.193205
-8.927183,50,630.257446
-12.494426,50,630.315246
-6.950993,50,630.372185
-10.089651,50,630.430354
-8.749197,50,630.498757
-9.316878,50,630.563658
-15.877714,50,630.629385
-7.412987,50,630.689823
-18.736427,50,630.753554
-5.849459,50,630.799967
-6.520221,50,630.866651
-10.883023,50,630.919773
-18.857881,50,630.972085
-16.701045,50,631.026159
-7.975928,50,631.081118
-11.689136,50,631.131356
-5.130223,50,631.183723
-13.645516,50,631.220362
-8.934386,50,631.272098
-9.051394,50,631.312091
-5.758495,50,631.371676
-15.912167,50,631.419848
-11.517067,50,631.464478
-12.527456,50,631.519863
-6.543041,50,631.574957
-7.310554,50,631.617429
-17.409841,50,631.652191
-14.579374,50,631.686751
-14.287595,50,631.732678
-15.148755,50,631.784164
-8.135866,50,631.837114
-12.554555,50,631.880281
-11.923199,50,631.925173
-14.691944,50,631.97245
-10.396956,50,632.498705
-7.682702,50,632.547055
-4.449045,50,632.604076
-9.092972,50,632.656254
-6.019079,50,632.706929
-15.502462,50,632.766699
-4.526584,50,632.812742
-7.242254,50,632.87206
-16.865748,50,632.937702
-11.948863,50,633.000145
-14.812735,50,633.066005
-19.154,50,633.126789
-11.445887,50,633.187006
-11.533401,50,633.249279
-11.909504,50,633.313008
-10.780143,50,633.365956
-10.742487,50,633.415091
-11.142154,50,633.466763
-13.100965,50,633.534256
-9.807723,50,633.590653
-7.166685,50,633.640206
-13.549166,50,633.70349
-9.044117,50,633.75204
-14.496449,50,633.786895
-17.397973,50,633.835497
-7.828923,50,633.886906
-16.499528,50,633.952954
-12.317566,50,634.018981
-16.659267,50,634.08203
-9.342122,50,634.143397
-11.264276,50,634.202107
-9.96968,50,634.264009
-12.264837,50,634.332431
-12.982946,50,634.399859
-10.899946,50,634.452904
-11.154033,50,634.49523
-7.691099,50,634.549332
-13.818847,50,634.592886
-13.674749,50,634.635104
-8.185448,50,634.685807
-9.636897,50,635.190333
-5.817719,50,635.249416
-15.105179,50,635.306506
-18.06204,50,635.367219
-7.940089,50,635.423402
-9.847022,50,635.491345
-6.882124,50,635.540811
-14.047231,50,635.600909
-17.981517,50,635.650638
-14.738933,50,635.69984
-13.709171,50,635.742072
-10.556113,50,635.78505
-12.685881,50,635.830429
-11.556514,50,635.871984
-10.827461,50,635.918514
-12.063269,50,635.961602
-6.920261,50,636.004535
-15.703021,50,636.056331
-9.846916,50,636.116936
-6.811913,50,636.171362
-12.468195,50,636.23179
-15.269964,50,636.289019
-18.576413,50,636.336145
-15.70973,50,636.395286
-16.142028,50,636.450853
-12.348053,50,636.508825
-11.235125,50,636.570329
-7.913603,50,636.630633
-5.064597,50,636.685027
-11.724062,50,636.747724
-9.789681,50,636.787863
-12.448052,50,636.844425
-8.659542,50,636.88248
-18.186544,50,636.935196
-6.762969,50,636.980552
-6.484178,50,637.038211
-8.59465,50,637.077373
-6.502152,50,637.144165
-10.703432,50,637.194403
-7.892092,50,637.257543
-6.608243,50,637.311168
-7.298273,50,637.822494
-19.233284,50,637.884545
-12.723784,50,637.944999
-7.330345,50,638.009775
-12.907746,50,638.06689
-10.312675,50,638.128348
-11.011524,50,638.192294
-19.088549,50,638.252399
-7.302333,50,638.314472
-4.523292,50,638.368812
-6.144802,50,638.423667
-7.954348,50,638.478286
-14.600304,50,638.535675
-8.555864,50,638.597613
-4.614668,50,638.666881
-13.455923,50,638.723
-18.440911,50,638.780234
-16.081207,50,638.818444
-17.97708,50,638.861155
-18.977198,50,638.922332
-9.172483,50,638.990148
-7.793433,50,639.042506
-17.552469,50,639.099809
-12.263515,50,639.153055
-9.161191,50,639.209444
-10.469689,50,639.26304
-11.420333,50,639.323269
-14.800903,50,639.376455
-6.126726,50,639.435131
-7.90894,50,639.498053
-17.566367,50,639.557193
-18.343238,50,639.616259
-6.543479,50,639.673576
-5.053364,50,639.728318
-14.684815,50,639.777879
-13.739533,50,639.822614
-13.432176,50,639.87305
-8.6329,50,639.921445
-14.714845,50,639.982055
-6.533714,50,640.033835
-6.61906,50,640.095003
-8.22654,50,640.641636
-9.184306,50,640.703826
-7.674533,50,640.761113
-7.835347,50,640.827105
-13.424259,50,640.887854
-12.674821,50,640.948157
-15.617239,50,641.004746
-15.1467,50,641.056396
-6.361375,50,641.094969
-12.698083,50,641.146609
-6.978523,50,641.196689
-9.820682,50,641.243987
-8.397282,50,641.301145
-10.607158,50,641.344176
-16.9867,50,641.385761
-8.59878,50,641.426677
-7.340012,50,641.474647
-14.623289,50,641.516835
-7.562987,50,641.5758
-16.945125,50,641.623126
-13.080702,50,641.687504
-14.137268,50,641.741719
-9.3392,50,641.801243
-6.927204,50,641.857279
-7.608285,50,641.914697
-9.010656,50,641.969702
-10.773887,50,642.033533
-12.660151,50,642.083921
-14.636679,50,642.133887
-18.795039,50,642.195212
-6.688843,50,642.243214
-12.613365,50,642.295915
-9.308962,50,642.341385
-6.498435,50,642.403201
-16.650456,50,642.462732
-9.175857,50,642.501965
-18.654954,50,642.55721
-7.746209,50,642.605466
-14.544963,50,642.664338
-17.747197,50,642.718527
-6.994136,50,642.777074
-8.204307,50,643.275267
-7.460224,50,643.33
-11.527181,50,643.377567
-6.3444,50,643.435985
-6.812742,50,643.493794
-14.304275,50,643.550227
-10.735632,50,643.603527
-4.891192,50,643.659959
-8.792286,50,643.727602
-18.640287,50,643.79149
-19.452177,50,643.853628
-13.88008,50,643.91048
-6.730992,50,643.971905
-9.54135,50,644.032023
-16.582013,50,644.09564
-7.466675,50,644.148705
-7.610702,50,644.196429
-9.217809,50,644.254406
-8.035498,50,644.292107
-5.009699,50,644.355998
-5.723718,50,644.406013
-13.489021,50,644.458696
-7.789043,50,644.505692
-19.173339,50,644.54935
-13.995768,50,644.588684
-6.114818,50,644.630647
-16.303752,50,644.667887
-5.880822,50,644.712425
-18.565825,50,644.768857
-13.095534,50,644.812845
-12.84434,50,644.858711
-17.217949,50,644.912825
-8.71288,50,644.962385
-12.833072,50,645.021421
-10.04617,50,645.074625
-19.282803,50,645.131862
-11.260463,50,645.188364
-14.018786,50,645.246468
-9.077126,50,645.283804
-9.776936,50,645.345374
-10.588435,50,645.397673
-17.814402,50,645.869874
-8.837692,50,645.923776
-7.145069,50,645.982401
-4.730339,50,646.037219
-6.956769,50,646.085726
-17.171038,50,646.121734
-15.187362,50,646.166204
-15.514396,50,646.222389
-8.297316,50,646.265582
-11.330368,50,646.311825
-6.794746,50,646.356377
-17.440354,50,646.402078
-5.871605,50,646.457694
-9.746175,50,646.504026
-17.041305,50,646.551857
-19.50294,50,646.588792
-9.746225,50,646.632933
-10.976109,50,646.671178
-8.375572,50,646.712495
-12.872467,50,646.747611
-11.780979,50,646.782461
-9.57835,50,646.82226
-10.307417,50,646.861562
-11.107932,50,646.921677
-15.892531,50,646.982014
-14.787796,50,647.03842
-7.217872,50,647.080415
-7.341408,50,647.136095
-11.241322,50,647.192924
-5.105686,50,647.248254
-7.730795,50,647.299816
-7.707775,50,647.359116
-4.088364,50,647.415286
-7.197232,50,647.4749
-17.192335,50,647.515948
-8.908334,50,647.574657
-7.384182,50,647.630507
-3.690726,50,647.676114
-8.176649,50,647.72542
-8.977337,50,647.773066
-7.175094,50,647.812358
-9.277417,50,648.282147
-12.992211,50,648.336341
-15.826188,50,648.400598
-15.615672,50,648.461185
-13.379301,50,648.522009
-14.642833,50,648.576158
-5.796821,50,648.637133
-8.28972,50,648.696417
-13.867419,50,648.747911
-6.230369,50,648.805971
-9.402426,50,648.863275
-7.917568,50,648.928157
-13.097157,50,648.992643
-12.127348,50,649.043957
-12.043332,50,649.086238
-17.561378,50,649.123703
-16.288872,50,649.174306
-15.683163,50,649.214934
-12.802766,50,649.253269
-17.591909,50,649.29593
-8.161464,50,649.352411
-8.07419,50,649.401227
-7.622677,50,649.457596
-19.881876,50,649.508802
-10.819593,50,649.569689
-12.842305,50,649.616729
-13.887457,50,649.668684
-16.942422,50,649.7328
-12.015039,50,649.794575
-16.55388,50,649.852505
-7.0088,50,649.910789
-6.238072,50,649.949303
-12.167796,50,650.004972
-12.785353,50,650.063413
-13.631743,50,650.107945
-13.802949,50,650.151225
-10.622806,50,650.193196
-5.847916,50,650.231613
-8.063729,50,650.286131
-14.308217,50,650.343604
-16.152842,50,650.403576
-8.151051,50,650.871624
-15.004282,50,650.928238
-13.362139,50,650.981929
-6.392147,50,651.041449
-12.993243,50,651.098029
-8.548451,50,651.147296
-13.545182,50,651.182746
-7.947148,50,651.218344
-15.881062,50,651.257815
-16.818632,50,651.31244
-7.618176,50,651.373405
-13.327257,50,651.421952
-7.977798,50,651.482633
-6.469409,50,651.536017
-10.100895,50,651.592541
-9.104828,50,651.647319
-8.805611,50,651.703268
-10.733122,50,651.758798
-6.042828,50,651.813128
-12.208645,50,651.847588
-18.026459,50,651.90547
-14.543801,50,651.951668
-8.574242,50,651.989432
-7.945142,50,652.029239
-16.006171,50,652.077752
-6.08219,50,652.131839
-17.332877,50,652.180185
-7.498778,50,652.232801
-9.200272,50,652.279916
-18.137566,50,652.340118
-17.963422,50,652.402143
-9.759848,50,652.454522
-8.773507,50,652.515417
-6.331177,50,652.569728
-12.871486,50,652.630993
-17.20381,50,652.68382
-9.45333,50,652.750484
-15.215949,50,652.808395
-10.207361,50,652.866948
-9.311962,50,652.915531
-8.579952,50,652.957963
-7.398477,50,653.443181
-18.999267,50,653.497429
-14.145067,50,653.561503
-6.288053,50,653.617236
-11.354063,50,653.678763
-10.716756,50,653.742426
-7.223349,50,653.796087
-5.918256,50,653.850282
-9.924425,50,653.894202
-15.073894,50,653.945462
-9.19129,50,653.992669
-8.387809,50,654.041481
-17.757777,50,654.085912
-15.915711,50,654.135705
-12.640925,50,654.18099
-7.70578,50,654.236322
-3.98308,50,654.281623
-8.827644,50,654.325555
-12.978819,50,654.382971
-15.967355,50,654.437633
-7.046102,50,654.49122
-6.11601,50,654.55584
-15.714732,50,654.61416
-7.171321,50,654.670406
-14.769266,50,654.726232
-7.231923,50,654.781492
-9.426363,50,654.845988
-6.925597,50,654.910018
-13.401441,50,654.962792
-11.529478,50,655.0211
-17.407409,50,655.079124
-5.394518,50,655.12096
-10.364732,50,655.167043
-4.767095,50,655.223162
-13.935959,50,655.277375
-6.773089,50,655.333999
-6.931277,50,655.390409
-17.142753,50,655.449592
-16.927951,50,655.505859
-8.559282,50,655.567124
-11.918302,50,655.631268
-15.428584,50,656.124639
-10.817104,50,656.181305
-7.87507,50,656.239614
-12.028471,50,656.295748
-12.42308,50,656.337734
-14.191601,50,656.370331
-11.962778,50,656.401739
-7.700232,50,656.459197
-9.987869,50,656.514247
-15.863157,50,656.571256
-16.791022,50,656.6258
-13.956631,50,656.678699
-16.661257,50,656.734765
-5.776759,50,656.785915
-6.765904,50,656.844856
-8.640559,50,656.901242
-5.765221,50,656.955301
-13.804437,50,657.008097
-11.332879,50,657.064549
-5.790187,50,657.115609
-11.49374,50,657.152469
-7.817614,50,657.201683
-5.619646,50,657.249026
-6.963948,50,657.298532
-8.966715,50,657.333609
-16.623884,50,657.392288
-6.177966,50,657.437077
-9.257899,50,657.4911
-6.104657,50,657.544798
-5.280429,50,657.601556
-13.123372,50,657.654413
-5.104537,50,657.708369
-7.678646,50,657.761803
-13.50476,50,657.808776
-16.986136,50,657.863459
-12.756388,50,657.911965
-3.96157,50,657.947466
-9.057105,50,657.992866
-18.82331,50,658.050846
-8.081457,50,658.090605
-11.823286,50,658.1399
-12.483063,50,658.629953
-6.220718,50,658.686019
-8.422297,50,658.740575
-13.173446,50,658.784977
-16.291723,50,658.843266
-8.454513,50,658.894735
-10.261839,50,658.949949
-6.277837,50,659.008091
-10.079396,50,659.064616
-7.869449,50,659.12348
-13.3281,50,659.175618
-16.361671,50,659.22697
-7.659649,50,659.282598
-5.624572,50,659.336619
-11.075889,50,659.388109
-6.92884,50,659.441024
-12.733908,50,659.490088
-6.473956,50,659.53111
-8.112104,50,659.57983
-6.79359,50,659.637854
-17.756557,50,659.693399
-4.753622,50,659.75478
-7.593835,50,659.815187
-8.294233,50,659.866727
-6.838543,50,659.921151
-10.892712,50,659.972654
-15.010766,50,660.029234
-8.381066,50,660.067737
-8.812004,50,660.102919
-12.316735,50,660.151
-9.333957,50,660.192818
-5.810943,50,660.23033
-7.845169,50,660.273493
-12.054466,50,660.317674
-9.695252,50,660.352875
-19.082547,50,660.40377
-19.914122,50,660.443805
-12.86984,50,660.500294
-12.09918,50,660.547993
-17.589843,50,660.585785
-6.40941,50,660.638149
-13.457072,50,661.096556
-4.027348,50,661.153475
-15.918823,50,661.210274
-4.172303,50,661.26033
-5.961092,50,661.316902
-16.333081,50,661.364332
-11.643521,50,661.415798
-17.933335,50,661.470623
-13.366442,50,661.523851
-6.351407,50,661.566886
-14.311618,50,661.613955
-17.475945,50,661.666743
-10.02434,50,661.715149
-14.623116,50,661.769633
-8.26996,50,661.820852
-17.301018,50,661.877737
-9.874937,50,661.933049
-11.581892,50,661.984706
-9.166856,50,662.026022
-15.629891,50,662.066912
-13.270325,50,662.121624
-8.437463,50,662.166023
-5.887749,50,662.211845
-7.05964,50,662.251004
-14.660186,50,662.288599
-6.436558,50,662.336585
-8.772224,50,662.395385
-8.901234,50,662.44556
-15.695945,50,662.496415
-11.245534,50,662.544734
-17.338103,50,662.598372
-9.565198,50,662.650285
-16.099572,50,662.707414
-17.674024,50,662.764832
-9.852596,50,662.818304
-5.263176,50,662.872124
-7.249514,50,662.924101
-11.645077,50,662.991007
-5.947806,50,663.049501
-6.306346,50,663.099385
-7.641988,50,663.155471
-15.433644,50,663.603983
-5.684024,50,663.660598
-6.818242,50,663.719762
-9.05892,50,663.770333
-12.153491,50,663.829416
-7.43102,50,663.882154
-6.446914,50,663.936349
-5.905056,50,663.996608
-12.292299,50,664.051686
-9.400038,50,664.103308
-10.491448,50,664.146578
-7.912147,50,664.194568
-4.473689,50,664.243923
-9.914389,50,664.282528
-15.027684,50,664.332954
-13.701503,50,664.375428
-7.834897,50,664.418252
-8.770892,50,664.464236
-11.828001,50,664.498189
-6.698725,50,664.531178
-14.64416,50,664.56546
-15.922975,50,664.60801
-14.56463,50,664.65701
-6.69816,50,664.704001
-12.458332,50,664.739818
-6.352185,50,664.774616
-15.69566,50,664.815762
-4.373911,50,664.85836
-9.346981,50,664.891625
-13.91736,50,664.932698
-10.608313,50,664.988304
-15.845921,50,665.033543
-8.824402,50,665.084298
-10.846412,50,665.138715
-15.003591,50,665.189108
-12.393829,50,665.245282
-8.582734,50,665.303466
-9.719657,50,665.349125
-8.532231,50,665.391525
-17.296284,50,665.427281
-15.39402,50,665.474036
-10.324575,50,665.940459
-10.507517,50,666.001301
-5.48193,50,666.056961
-7.39174,50,666.109289
-15.4915,50,666.165349
-13.413461,50,666.230274
-10.833714,50,666.28363
-8.285253,50,666.344299
-10.689666,50,666.401171
-11.860546,50,666.457329
-8.946612,50,666.500433
-13.54699,50,666.549228
-15.408238,50,666.598798
-8.291244,50,666.647528
-8.507911,50,666.698921
-13.075346,50,666.736261
-6.380548,50,666.771803
-14.256132,50,666.820639
-8.157674,50,666.873966
-9.150807,50,666.923713
-7.512469,50,666.983879
-16.431291,50,667.038637
-6.340501,50,667.09729
-9.385914,50,667.155298
-5.105295,50,667.211419
-5.187943,50,667.264335
-10.144323,50,667.321896
-11.621584,50,667.381349
-13.732106,50,667.431966
-12.187452,50,667.484753
-6.265978,50,667.533282
-6.38117,50,667.577193
-12.632375,50,667.619014
-10.96961,50,667.66398
-18.18446,50,667.703449
-17.241109,50,667.752896
-9.620173,50,667.789345
-7.997813,50,667.84232
-11.208865,50,667.888466
-16.936848,50,667.94438
-6.596344,50,668.001968
-15.004103,50,668.492383
-13.146904,50,668.548571
-7.446344,50,668.603612
-4.239054,50,668.65916
-8.224966,50,668.717251
-5.810616,50,668.781014
-19.800839,50,668.816984
-13.173949,50,668.862633
-7.295027,50,668.91392
-12.600929,50,668.96854
-7.94471,50,669.024311
-6.050008,50,669.079255
-8.610114,50,669.137687
-14.96469,50,669.201188
-9.061995,50,669.257579
-7.332335,50,669.297657
-10.023789,50,669.33819
-13.953919,50,669.396307
-13.514194,50,669.4339
-14.049107,50,669.48552
-15.013113,50,669.518596
-7.618535,50,669.551597
-7.361912,50,669.584807
-4.943604,50,669.629411
-14.649356,50,669.664912
-13.259087,50,669.700546
-13.173904,50,669.750239
-14.762939,50,669.796989
-14.026883,50,669.835202
-6.28164,50,669.883044
-13.05481,50,669.920225
-8.080924,50,669.974593
-7.813667,50,670.020846
-17.434581,50,670.076583
-19.053006,50,670.11597
-9.218954,50,670.175637
-9.040107,50,670.230828
-16.653094,50,670.290859
-8.719286,50,670.347588
-19.146648,50,670.404824
-8.562098,50,670.458207
-10.013612,50,670.927917
-10.445495,50,670.974296
-12.471217,50,671.029332
-9.146816,50,671.080626
-6.420002,50,671.13416
-15.267962,50,671.194229
-9.226034,50,671.246799
-16.795503,50,671.30004
-14.033181,50,671.354266
-15.299716,50,671.409472
-8.882226,50,671.475488
-15.062255,50,671.533303
-13.621193,50,671.593291
-11.053213,50,671.646206
-6.420404,50,671.701594
-17.310632,50,671.760903
-12.876277,50,671.80292
-15.955721,50,671.86469
-13.352734,50,671.917668
-8.576186,50,671.972669
-6.744131,50,672.032843
-10.519042,50,672.088859
-12.557484,50,672.143537
-13.141112,50,672.196342
-7.352696,50,672.251955
-6.620736,50,672.31332
-9.706988,50,672.366986
-12.418095,50,672.426461
-5.597965,50,672.487969
-10.886608,50,672.544107
-9.11335,50,672.597358
-6.701435,50,672.649848
-12.185832,50,672.686449
-8.792721,50,672.739587
-6.402787,50,672.79887
-7.510971,50,672.853979
-18.489144,50,672.909719
-13.33403,50,672.958232
-6.964239,50,673.011314
-17.767088,50,673.072727
-12.113276,50,673.130073
-4.78173,50,673.600877
-9.930763,50,673.653949
-14.421595,50,673.707089
-14.846621,50,673.761809
-10.969939,50,673.810222
-10.031298,50,673.869578
-12.022217,50,673.906709
-15.421418,50,673.947685
-8.777331,50,674.003506
-9.223262,50,674.063158
-7.891873,50,674.127648
-9.767455,50,674.183362
-7.449223,50,674.248894
-5.821131,50,674.303851
-9.415418,50,674.354601
-15.829842,50,674.415454
-8.879267,50,674.477339
-11.524844,50,674.543573
-17.304842,50,674.601507
-4.197496,50,674.660216
-14.758366,50,674.697072
-14.257322,50,674.729286
-10.624311,50,674.787638
-6.964728,50,674.835455
-4.259589,50,674.886955
-15.70296,50,674.938322
-7.984934,50,674.997473
-9.889732,50,675.048087
-10.252822,50,675.103268
-7.195815,50,675.160332
-14.031593,50,675.21161
-7.834589,50,675.26847
-10.263023,50,675.323386
-8.89261,50,675.374219
-15.90945,50,675.427355
-10.854409,50,675.481465
-18.558205,50,675.525963
-7.987659,50,675.557263
-9.563637,50,675.60096
-7.301165,50,675.646867
-17.529966,50,675.693564
-9.7171,50,676.176107
-11.859898,50,676.236924
-9.376468,50,676.280064
-7.387233,50,676.337608
-5.033942,50,676.397
-8.315205,50,676.448109
-7.121273,50,676.490004
-17.828834,50,676.529571
-5.298513,50,676.584927
-14.907601,50,676.631834
-15.930629,50,676.676583
-7.401769,50,676.72417
-8.548121,50,676.767066
-11.111882,50,676.822441
-5.63433,50,676.881068
-16.946024,50,676.932705
-7.692418,50,676.97055
-9.29116,50,677.018308
-14.259738,50,677.067667
-10.322074,50,677.114386
-16.619911,50,677.170376
-9.386461,50,677.224995
-8.930711,50,677.277537
-6.797694,50,677.336741
-7.850189,50,677.394816
-7.049133,50,677.450965
-11.612762,50,677.508148
-7.896674,50,677.566881
-14.764342,50,677.624568
-12.230057,50,677.680702
-17.509302,50,677.728322
-8.29863,50,677.780052
-6.568257,50,677.831468
-9.516003,50,677.878378
-5.314466,50,677.929865
-11.945123,50,677.984391
-16.528048,50,678.035208
-15.514851,50,678.070886
-6.873271,50,678.121493
-15.929045,50,678.180192
-8.784195,50,678.234724
-18.49118,50,678.693493
-11.939784,50,678.753778
-7.312013,50,678.809187
-15.344897,50,678.86566
-10.665302,50,678.923068
-10.274375,50,678.985252
-5.83438,50,679.037284
-7.408021,50,679.091551
-9.287415,50,679.137403
-6.929499,50,679.197257
-7.75558,50,679.252536
-12.610917,50,679.307315
-16.96967,50,679.359345
-9.365756,50,679.415171
-6.328095,50,679.46619
-13.214771,50,679.522548
-10.556084,50,679.572824
-7.107075,50,679.628968
-16.789505,50,679.681444
-14.099178,50,679.736079
-15.987468,50,679.772039
-10.051341,50,679.819176
-17.528441,50,679.869405
-14.675845,50,679.909593
-6.667268,50,679.943551
-11.39511,50,679.980402
-7.406524,50,680.031612
-13.318743,50,680.074646
-12.937932,50,680.120158
-15.62493,50,680.18053
-13.492739,50,680.238087
-9.321654,50,680.303259
-15.227138,50,680.355588
-13.939516,50,680.408587
-5.662755,50,680.470856
-8.48619,50,680.516304
-17.479049,50,680.576406
-11.351685,50,680.634767
-9.870741,50,680.686677
-12.450636,50,680.735811
-8.880125,50,680.781301
-13.500096,50,681.243134
-6.453464,50,681.303347
-18.440055,50,681.357569
-7.176334,50,681.410658
-12.871266,50,681.462719
-14.557653,50,681.523267
-3.943178,50,681.582765
-12.421144,50,681.644408
-4.959736,50,681.698924
-12.790445,50,681.753591
-9.036609,50,681.812657
-15.17074,50,681.861796
-12.800147,50,681.893074
-8.054912,50,681.940093
-8.489537,50,681.990516
-9.857182,50,682.037115
-18.227861,50,682.079263
-12.746555,50,682.118494
-7.622815,50,682.160465
-15.765185,50,682.205922
-11.45418,50,682.26358
-5.816003,50,682.32328
-7.906885,50,682.381648
-17.066703,50,682.439877
-13.356712,50,682.492889
-15.589165,50,682.543404
-5.514396,50,682.603272
-10.504027,50,682.658189
-9.361014,50,682.717774
-6.360391,50,682.767154
-17.873918,50,682.823051
-4.886675,50,682.877237
-3.832374,50,682.935131
-10.067895,50,682.969049
-16.832598,50,683.025387
-7.711204,50,683.057721
-11.572965,50,683.115292
-18.282506,50,683.16679
-13.090042,50,683.22027
-9.271885,50,683.277599
-17.049462,50,683.33785
-9.760006,50,683.832628
-10.10702,50,683.884266
-6.091131,50,683.941458
-12.519094,50,683.996816
-10.465556,50,684.057137
-6.364211,50,684.110084
-12.034477,50,684.171184
-15.597954,50,684.234182
-12.354974,50,684.276687
-8.598228,50,684.335324
-10.297371,50,684.389816
-8.804639,50,684.445242
-13.56954,50,684.502893
-9.128036,50,684.557949
-17.659012,50,684.61537
-7.26201,50,684.673029
-8.604507,50,684.725905
-12.004949,50,684.772547
-9.295429,50,684.828192
-7.313248,50,684.885882
-8.744702,50,684.939364
-8.011264,50,684.99366
-14.17804,50,685.043259
-8.765741,50,685.093194
-10.850092,50,685.136228
-11.558433,50,685.179496
-9.422776,50,685.236936
-8.857038,50,685.288774
-8.677218,50,685.340408
-8.81611,50,685.396007
-13.628688,50,685.448908
-15.901265,50,685.505804
-12.870497,50,685.562399
-16.214279,50,685.612381
-10.169145,50,685.667093
-6.624212,50,685.725901
-14.968225,50,685.781989
-13.744266,50,685.834201
-13.134225,50,685.878949
-10.101042,50,685.925497
-10.177293,50,685.962471
-5.772156,50,686.44303
-11.662473,50,686.500685
-18.870309,50,686.551084
-10.924203,50,686.60749
-11.803865,50,686.662796
-12.269636,50,686.722425
-8.245847,50,686.774647
-9.551298,50,686.833705
-17.297545,50,686.888273
-12.870774,50,686.942698
-4.383717,50,686.983742
-12.696403,50,687.036191
-15.119424,50,687.078133
-11.982444,50,687.116437
-15.779175,50,687.15859
-9.260488,50,687.204485
-16.307695,50,687.244983
-7.96379,50,687.296973
-4.661104,50,687.347817
-8.302978,50,687.392284
-6.832342,50,687.451696
-12.573144,50,687.503198
-8.971724,50,687.56492
-11.142889,50,687.618286
-15.176314,50,687.676441
-8.650907,50,687.733336
-11.591469,50,687.790903
-16.139908,50,687.836302
-7.285569,50,687.888255
-5.596271,50,687.941125
-18.621378,50,687.989373
-18.138143,50,688.036057
-11.658065,50,688.07746
-4.367566,50,688.129503
-10.190969,50,688.184075
-5.133641,50,688.234907
-18.031915,50,688.281485
-16.691798,50,688.338135
-16.754129,50,688.385241
-12.481403,50,688.43958
-15.463135,50,688.493629
-6.949053,50,688.987808
-17.295128,50,689.040518
-6.634736,50,689.090465
-16.62804,50,689.147915
-15.302068,50,689.200115
-10.036096,50,689.250574
-10.948278,50,689.300918
-10.300339,50,689.349982
-8.898519,50,689.403116
-8.05226,50,689.453922
-14.685088,50,689.513576
-11.296945,50,689.571876
-5.741267,50,689.632152
-7.028347,50,689.688334
-19.621086,50,689.745935
-17.666574,50,689.802903
-9.860999,50,689.853794
-10.969355,50,689.909742
-8.365436,50,689.968628
-14.856902,50,690.004399
-12.456123,50,690.045418
-17.392039,50,690.084981
-5.171032,50,690.121572
-10.646729,50,690.165405
-17.900167,50,690.201476
-9.047301,50,690.248352
-17.039884,50,690.299232
-14.955694,50,690.350581
-12.255152,50,690.400381
-11.769545,50,690.456882
-6.203587,50,690.514042
-11.534473,50,690.571145
-12.218943,50,690.628527
-6.424502,50,690.681757
-6.275973,50,690.736314
-7.990301,50,690.792268
-6.821638,50,690.849709
-9.285895,50,690.913829
-13.209545,50,690.962653
-6.03177,50,691.013555
-10.862453,50,691.05552
-6.472989,50,691.541394
-8.518393,50,691.589451
-6.932524,50,691.641241
-14.078555,50,691.670972
-14.431764,50,691.703041
-16.155368,50,691.751992
-18.332537,50,691.803169
-11.128116,50,691.845693
-10.330961,50,691.903601
-18.972518,50,691.954447
-5.595016,50,692.003464
-8.805644,50,692.055782
-9.876211,50,692.105653
-12.095216,50,692.146856
-11.482652,50,692.183661
-8.434929,50,692.233587
-8.236968,50,692.280154
-16.352546,50,692.331627
-14.066175,50,692.391948
-12.069494,50,692.444622
-9.620332,50,692.48279
-9.537726,50,692.535658
-15.807121,50,692.592615
-8.82085,50,692.650289
-10.314146,50,692.704662
-12.949293,50,692.761053
-12.065916,50,692.815147
-11.703299,50,692.873024
-8.838921,50,692.929724
-8.200026,50,692.988349
-13.908325,50,693.045453
-13.151194,50,693.104642
-16.541846,50,693.158544
-17.925933,50,693.208271
-5.231537,50,693.260162
-7.871666,50,693.305526
-16.511843,50,693.3458
-9.211377,50,693.384734
-10.385316,50,693.436259
-5.272722,50,693.480539
-10.760101,50,693.53942
-13.756876,50,694.000952
-17.918968,50,694.05746
-16.671333,50,694.112271
-18.796063,50,694.167323
-15.169306,50,694.224217
-5.854448,50,694.279993
-8.821333,50,694.33895
-15.646533,50,694.38662
-11.243262,50,694.42995
-9.408957,50,694.477122
-9.704459,50,694.521286
-10.103374,50,694.581814
-5.883871,50,694.643973
-8.510076,50,694.694689
-10.478907,50,694.750263
-6.950374,50,694.804866
-12.879157,50,694.861135
-12.053665,50,694.917332
-17.500954,50,694.976654
-10.617165,50,695.030529
-9.55206,50,695.0867
-11.13358,50,695.144838
-13.272537,50,695.198538
-17.04076,50,695.251266
-10.911116,50,695.310092
-7.322242,50,695.36534
-11.024111,50,695.425037
-11.867554,50,695.464902
-8.645988,50,695.519189
-6.032208,50,695.582271
-5.884818,50,695.637902
-15.643386,50,695.696461
-14.263326,50,695.762289
-8.535751,50,695.818232
-19.326722,50,695.876748
-13.183405,50,695.931008
-12.490673,50,695.985448
-7.748141,50,696.028733
-11.631207,50,696.090532
-9.132834,50,696.14826
-5.880504,50,696.203399
-15.053667,50,696.69227
-8.063756,50,696.75362
-7.669303,50,696.810488
-6.055189,50,696.863328
-6.995867,50,696.919802
-9.562674,50,696.971607
-14.666079,50,697.021969
-7.773226,50,697.076015
-17.594478,50,697.137395
-14.702983,50,697.191449
-8.21349,50,697.24771
-14.960214,50,697.289029
-6.300273,50,697.348641
-7.151144,50,697.405399
-7.98754,50,697.45719
-10.601459,50,697.509748
-8.632903,50,697.549129
-10.248904,50,697.600425
-6.979492,50,697.649832
-16.50624,50,697.70582
-7.361562,50,697.765429
-15.390559,50,697.817631
-16.481572,50,697.871735
-14.148182,50,697.935129
-7.0085,50,697.988814
-9.26318,50,698.046701
-7.683898,50,698.100053
-10.53032,50,698.16259
-9.851799,50,698.222456
-8.423537,50,698.274772
-9.788414,50,698.315779
-17.837343,50,698.354478
-11.110414,50,698.389622
-8.714086,50,698.435363
-6.053555,50,698.482331
-14.202743,50,698.523687
-10.949948,50,698.573337
-4.207678,50,698.622561
-18.603483,50,698.67479
-11.50526,50,698.731853
-4.768362,50,699.234801
-6.762917,50,699.299946
-6.598534,50,699.355269
-12.033806,50,699.414681
-14.202781,50,699.471146
-13.050094,50,699.525573
-5.473372,50,699.579413
-15.998913,50,699.642145
-18.637949,50,699.697145
-7.338037,50,699.747652
-12.413509,50,699.804903
-11.380954,50,699.86491
-7.445323,50,699.922936
-11.273586,50,699.970335
-3.889567,50,700.023554
-6.281989,50,700.076137
-7.55042,50,700.132079
-9.018009,50,700.186881
-13.417292,50,700.227443
-10.358373,50,700.283089
-10.507152,50,700.339238
-5.651167,50,700.376974
-7.492055,50,700.438756
-15.189661,50,700.475881
-12.976227,50,700.515785
-7.233632,50,700.551412
-7.014429,50,700.591028
-6.021494,50,700.630053
-9.33771,50,700.676144
-15.394142,50,700.733332
-6.301219,50,700.787377
-12.680214,50,700.840994
-6.374318,50,700.893885
-8.32285,50,700.94553
-12.955576,50,701.003123
-9.394752,50,701.057809
-10.757782,50,701.118244
-7.372463,50,701.166808
-16.466255,50,701.209512
-4.037366,50,701.244068
-5.389506,50,701.281561
-10.068183,50,701.774795
-6.606809,50,701.831865
-10.902392,50,701.893569
-11.035089,50,701.944208
-10.465293,50,702.004804
-17.501333,50,702.050971
-8.797741,50,702.099274
-7.12346,50,702.159011
-16.26903,50,702.215682
-8.572365,50,702.280224
-8.468261,50,702.329838
-12.495415,50,702.388631
-14.349972,50,702.451609
-12.399212,50,702.504786
-17.230321,50,702.565611
-13.720014,50,702.6181
-7.266651,50,702.674078
-16.987685,50,702.716192
-11.985023,50,702.758533
-5.696029,50,702.815526
-9.346943,50,702.869071
-17.056543,50,702.910993
-17.042349,50,702.957481
-7.126582,50,702.993231
-10.682344,50,703.032918
-6.689014,50,703.06579
-13.170371,50,703.111831
-10.596135,50,703.16084
-12.011612,50,703.211356
-8.863402,50,703.267571
-9.758802,50,703.324019
-13.52838,50,703.379707
-10.094531,50,703.421088
-6.491547,50,703.45976
-12.088107,50,703.513418
-6.958844,50,703.548106
-10.565368,50,703.593761
-19.449347,50,703.647763
-11.010801,50,703.693192
-16.937122,50,703.739632
-7.943698,50,703.788327
-12.599431,50,704.304722
-9.679051,50,704.372
-12.081039,50,704.425188
-8.219242,50,704.477126
-5.914833,50,704.523546
-11.97415,50,704.583062
-7.414399,50,704.628953
-5.388923,50,704.668611
-6.159114,50,704.714799
-10.917732,50,704.755564
-6.988507,50,704.808747
-14.402044,50,704.861082
-5.874496,50,704.9249
-8.670544,50,704.989426
-16.951033,50,705.049393
-13.60319,50,705.106256
-18.967257,50,705.156466
-13.032986,50,705.204463
-18.136253,50,705.25141
-16.628298,50,705.290905
-11.954796,50,705.355786
-11.494698,50,705.407478
-6.53982,50,705.455957
-9.595603,50,705.494528
-4.202281,50,705.539426
-5.143444,50,705.59399
-14.243868,50,705.638762
-13.409601,50,705.683623
-10.551915,50,705.735212
-9.331964,50,705.774132
-16.532593,50,705.811894
-16.79108,50,705.876114
-8.194768,50,705.926568
-18.36906,50,705.979439
-10.644721,50,706.038449
-12.792708,50,706.083844
-16.834752,50,706.12414
-7.811848,50,706.165962
-6.228713,50,706.215526
-5.64838,50,706.277321
-6.654086,50,706.332871
-16.273447,50,706.834216
-18.726313,50,706.883511
-11.056362,50,706.926636
-10.578113,50,706.990156
-11.762374,50,707.043502
-16.725464,50,707.09972
-7.297629,50,707.162283
-19.395615,50,707.204428
-13.198969,50,707.266083
-14.791215,50,707.316424
-5.725972,50,707.360462
-8.195637,50,707.401668
-16.879113,50,707.433265
-7.46195,50,707.483361
-11.997586,50,707.53083
-9.889006,50,707.57923
-10.883986,50,707.63205
-6.002006,50,707.678231
-7.368754,50,707.713294
-16.338292,50,707.750027
-6.33945,50,707.786533
-14.986131,50,707.8421
-17.591715,50,707.905109
-10.505112,50,707.964612
-7.882503,50,708.021057
-10.933557,50,708.077065
-9.385347,50,708.137907
-15.477157,50,708.197646
-6.706389,50,708.240647
-9.422861,50,708.293424
-19.070326,50,708.342999
-7.425881,50,708.39417
-5.986084,50,708.45784
-9.924036,50,708.50862
-18.374368,50,708.568385
-15.14309,50,708.632144
-18.030733,50,708.673732
-7.670178,50,708.725398
-9.062944,50,708.779765
-7.688037,50,708.825524
-12.5563,50,708.865829
-9.275615,50,709.356426
-14.77588,50,709.405316
-5.671079,50,709.463988
-9.135994,50,709.509129
-11.357793,50,709.558938
-9.289448,50,709.606613
-15.048085,50,709.648924
-8.260232,50,709.686048
-12.142476,50,709.729946
-9.203645,50,709.765429
-8.123454,50,709.806015
-5.875059,50,709.837673
-17.504984,50,709.892791
-11.677976,50,709.958768
-14.06582,50,710.019167
-16.902295,50,710.067639
-8.965536,50,710.127211
-13.172069,50,710.172264
-6.129907,50,710.224546
-9.105669,50,710.271144
-17.247062,50,710.322321
-7.987041,50,710.359903
-9.123331,50,710.411712
-4.505994,50,710.453746
-11.327569,50,710.509402
-5.589533,50,710.548893
-5.415571,50,710.613526
-16.281148,50,710.66799
-13.891238,50,710.707761
-8.610526,50,710.756699
-9.383544,50,710.801081
-10.233756,50,710.852629
-17.84751,50,710.911092
-17.575222,50,710.968624
-9.894173,50,711.033067
-16.338491,50,711.089787
-11.567444,50,711.152555
-8.250466,50,711.206941
-12.439457,50,711.272454
-9.696794,50,711.324518
-8.518521,50,711.37848
-9.265918,50,711.878294
-11.749591,50,711.936323
-8.305343,50,711.998821
-8.540587,50,712.059607
-15.806307,50,712.118868
-7.231824,50,712.176177
-7.195784,50,712.241649
-9.151109,50,712.301652
-18.2601,50,712.357777
-17.826359,50,712.412813
-6.024426,50,712.469772
-18.072514,50,712.529976
-10.481389,50,712.570713
-8.649667,50,712.60646
-9.030841,50,712.654238
-13.028461,50,712.694384
-7.252379,50,712.737125
-14.955881,50,712.78005
-8.231,50,712.829276
-15.330075,50,712.885715
-10.880296,50,712.945106
-12.256063,50,713.010469
-15.951457,50,713.070278
-8.634192,50,713.117067
-8.284837,50,713.154347
-11.26146,50,713.219447
-5.246626,50,713.278067
-7.966027,50,713.330281
-5.721623,50,713.386695
-19.013598,50,713.430069
-10.430691,50,713.46701
-10.538627,50,713.512736
-11.164065,50,713.566914
-5.296502,50,713.629649
-19.294371,50,713.695706
-13.770848,50,713.752481
-8.282016,50,713.805835
-10.817059,50,713.865997
-5.429341,50,713.931001
-12.624133,50,713.997051
-16.456997,50,714.050361
-17.351101,50,714.565308
-11.55032,50,714.618988
-15.35529,50,714.663516
-9.528861,50,714.714163
-8.599057,50,714.758979
-12.122083,50,714.821336
-15.669555,50,714.874006
-13.607128,50,714.938434
-3.9143,50,715.002147
-16.062099,50,715.062119
-16.565284,50,715.124562
-16.366147,50,715.182302
-10.570128,50,715.241126
-17.665877,50,715.296798
-8.956004,50,715.356735
-10.392616,50,715.390345
-8.632041,50,715.43706
-10.436622,50,715.482917
-6.493026,50,715.534079
-7.344246,50,715.581807
-8.716478,50,715.61889
-17.147643,50,715.655696
-14.050633,50,715.709923
-16.633037,50,715.747168
-14.054809,50,715.809515
-7.377487,50,715.864567
-6.696165,50,715.921113
-7.608129,50,715.98413
-12.66849,50,716.038876
-18.964148,50,716.082122
-7.957113,50,716.133695
-15.643941,50,716.177843
-13.592365,50,716.219219
-11.286327,50,716.265954
-15.416388,50,716.320769
-11.699888,50,716.370284
-4.514157,50,716.420142
-7.489669,50,716.456246
-14.621416,50,716.507942
-13.340062,50,716.545233
-9.333326,50,716.584759
-12.417934,50,717.063797
-16.584301,50,717.115557
-7.959108,50,717.174852
-9.101635,50,717.231454
-7.436243,50,717.289397
-17.072583,50,717.345474
-8.441514,50,717.399479
-9.105415,50,717.451594
-14.59266,50,717.496305
-12.178903,50,717.537262
-7.370351,50,717.586512
-19.462759,50,717.632368
-5.827765,50,717.684341
-7.0001,50,717.731875
-10.885858,50,717.777704
-15.492633,50,717.829843
-7.412351,50,717.872455
-18.313879,50,717.92425
-11.621324,50,717.970723
-18.233193,50,718.016166
-7.763182,50,718.0643
-12.689919,50,718.122509
-6.281197,50,718.18184
-15.879966,50,718.237081
-15.245417,50,718.284788
-9.598348,50,718.325973
-11.05117,50,718.366876
-5.439918,50,718.415015
-15.368795,50,718.473783
-6.471617,50,718.521867
-4.768046,50,718.571837
-6.961416,50,718.627851
-5.293966,50,718.675252
-7.12803,50,718.711289
-6.445004,50,718.758899
-10.951074,50,718.805546
-10.875676,50,718.860257
-8.697069,50,718.910182
-6.522302,50,718.956195
-9.370438,50,719.009168
-13.018826,50,719.063673
-9.536052,50,719.575736
-6.81741,50,719.635882
-7.980797,50,719.694241
-6.183893,50,719.754851
-7.624573,50,719.812327
-6.40061,50,719.87106
-8.816209,50,719.921417
-10.026916,50,719.959908
-3.542203,50,720.01156
-6.405213,50,720.060877
-12.61175,50,720.118593
-8.497516,50,720.176391
-19.39706,50,720.238451
-15.396806,50,720.298017
-13.715801,50,720.360836
-6.101569,50,720.408666
-9.96129,50,720.455568
-9.08945,50,720.503077
-8.720769,50,720.548047
-5.058502,50,720.613053
-6.147253,50,720.663524
-15.263582,50,720.706638
-6.425747,50,720.738951
-19.068022,50,720.797595
-11.066473,50,720.843568
-19.043666,50,720.886518
-13.811677,50,720.945872
-16.898621,50,720.987954
-16.177476,50,721.042764
-16.796082,50,721.106538
-6.425108,50,721.157616
-10.010999,50,721.208213
-10.241537,50,721.256004
-7.663691,50,721.290869
-19.820724,50,721.326283
-8.470225,50,721.365463
-15.018921,50,721.412856
-12.150245,50,721.47968
-6.519736,50,721.525679
-19.018356,50,721.567389
-9.560241,50,721.614381
-10.036831,50,722.137586
-6.153093,50,722.19444
-9.621765,50,722.248434
-6.08257,50,722.314412
-14.265262,50,722.378372
-14.198913,50,722.436107
-5.422048,50,722.501232
-12.124356,50,722.560311
-17.91403,50,722.616556
-6.983699,50,722.665674
-10.328721,50,722.724118
-6.182778,50,722.790883
-8.469418,50,722.842438
-17.924997,50,722.89573
-12.027743,50,722.943507
-16.595022,50,723.001544
-8.71869,50,723.054774
-15.859569,50,723.104122
-16.069814,50,723.165982
-5.881708,50,723.227986
-13.840661,50,723.27945
-6.314728,50,723.342411
-8.609742,50,723.397952
-3.920183,50,723.448694
-10.011408,50,723.498867
-16.940801,50,723.530279
-6.829902,50,723.561141
-6.26826,50,723.595989
-12.808626,50,723.647321
-6.514497,50,723.703511
-16.223895,50,723.74439
-7.876577,50,723.778651
-7.867335,50,723.811863
-7.620368,50,723.85135
-11.282675,50,723.904784
-7.010389,50,723.963244
-6.270599,50,724.006362
-3.945516,50,724.050459
-9.185801,50,724.092251
-7.792976,50,724.14724
-6.362245,50,724.201848
-19.254157,50,724.679673
-19.503913,50,724.732445
-14.202857,50,724.78294
-6.540169,50,724.834583
-16.276737,50,724.895403
-11.763539,50,724.935767
-8.847226,50,724.984086
-11.153827,50,725.025206
-18.923723,50,725.075966
-7.146581,50,725.13233
-5.651335,50,725.176829
-11.403762,50,725.207717
-13.290291,50,725.25891
-6.700325,50,725.321214
-8.697701,50,725.380029
-7.450654,50,725.438134
-10.529832,50,725.498526
-5.286376,50,725.558232
-10.837703,50,725.612082
-5.349332,50,725.665056
-6.720066,50,725.70381
-7.468735,50,725.752285
-6.324644,50,725.802432
-17.425376,50,725.849895
-15.794165,50,725.895963
-12.812558,50,725.943261
-10.672326,50,725.999278
-4.598529,50,726.039523
-15.032752,50,726.092473
-12.18321,50,726.140423
-10.497588,50,726.194353
-8.745973,50,726.251164
-11.449132,50,726.307492
-6.95799,50,726.351162
-12.894554,50,726.408761
-12.554536,50,726.463652
-9.525472,50,726.507972
-7.154288,50,726.560337
-11.875356,50,726.612802
-17.298604,50,726.662855
-8.713819,50,726.711062
-11.139911,50,727.192297
-8.483639,50,727.255715
-9.149475,50,727.315409
-9.064672,50,727.370565
-16.881484,50,727.421961
-7.517918,50,727.47702
-9.940159,50,727.518897
-12.105306,50,727.565118
-18.593806,50,727.602902
-15.432841,50,727.639728
-6.173137,50,727.682964
-12.78224,50,727.732362
-16.895945,50,727.793141
-15.372593,50,727.841357
-9.095968,50,727.892526
-16.310281,50,727.930608
-16.513811,50,727.980545
-17.75014,50,728.02452
-9.209078,50,728.080326
-4.888695,50,728.118574
-3.958663,50,728.155519
-6.969327,50,728.206041
-6.364414,50,728.267745
-8.778554,50,728.333814
-15.661685,50,728.392749
-7.111123,50,728.44112
-17.825958,50,728.479222
-8.34241,50,728.526147
-8.044671,50,728.583998
-18.229025,50,728.648641
-7.127464,50,728.709827
-10.559684,50,728.758334
-15.999215,50,728.806505
-17.030207,50,728.84798
-5.916835,50,728.888457
-11.035331,50,728.923488
-7.402061,50,728.962872
-8.88704,50,729.005471
-14.871407,50,729.061496
-16.211988,50,729.105967
-15.020808,50,729.150716
-8.885527,50,729.687309
-12.352536,50,729.740333
-17.581068,50,729.7851
-12.984554,50,729.839249
-8.546544,50,729.892819
-9.749627,50,729.94221
-7.507775,50,729.990397
-6.025409,50,730.042992
-16.9832,50,730.082519
-5.376327,50,730.127426
-6.580375,50,730.165735
-12.152817,50,730.199398
-8.196426,50,730.244809
-8.976518,50,730.304454
-10.414785,50,730.371523
-15.30465,50,730.420983
-12.452104,50,730.475726
-14.005238,50,730.539372
-7.241798,50,730.58328
-16.327814,50,730.639525
-3.866338,50,730.698756
-9.735744,50,730.744878
-9.64966,50,730.782559
-12.247017,50,730.831697
-11.696662,50,730.869843
-15.531466,50,730.912705
-9.032234,50,730.948546
-13.531144,50,730.985906
-13.869528,50,731.024521
-9.908334,50,731.066651
-6.935637,50,731.115552
-15.114552,50,731.156119
-6.454524,50,731.214803
-6.82587,50,731.270549
-14.105816,50,731.318396
-8.861972,50,731.364677
-16.877692,50,731.407633
-15.878569,50,731.456115
-11.815784,50,731.519444
-5.579638,50,731.581467
-6.292012,50,731.634982
-5.915297,50,732.110786
-5.977325,50,732.150915
-15.456421,50,732.212904
-17.724698,50,732.267583
-17.412744,50,732.316536
-8.656034,50,732.368181
-16.569691,50,732.43057
-8.999065,50,732.485277
-9.202369,50,732.533504
-6.693628,50,732.571078
-17.664408,50,732.639541
-18.052369,50,732.690442
-7.381372,50,732.741962
-10.779755,50,732.792422
-6.465235,50,732.837207
-19.339283,50,732.87591
-18.812819,50,732.93822
-10.353726,50,732.998062
-8.714255,50,733.056792
-12.220815,50,733.115878
-11.150035,50,733.193497
-7.991844,50,733.282874
-13.573627,50,733.348015
-12.445582,50,733.410305
-9.32969,50,733.473043
-14.922185,50,733.53472
-7.3551,50,733.590292
-18.849398,50,733.64706
-9.89774,50,733.687518
-7.572909,50,733.729407
-14.97133,50,733.771844
-10.134954,50,733.820832
-11.785401,50,733.87108
-9.497139,50,733.928903
-10.821491,50,733.983063
-16.374243,50,734.033429
-14.701715,50,734.086563
-17.311895,50,734.14074
-14.457142,50,734.195499
-8.421514,50,734.250947
-11.417842,50,734.305599
-6.49849,50,734.811905
-17.581365,50,734.858195
-9.743482,50,734.909319
-6.861792,50,734.96109
-6.247141,50,734.994453
-9.915454,50,735.03664
-5.243447,50,735.072016
-16.040954,50,735.107022
-15.825028,50,735.142048
-7.378623,50,735.189632
-15.285266,50,735.233067
-19.015987,50,735.291727
-14.160674,50,735.346752
-6.175691,50,735.395352
-11.683816,50,735.438801
-15.389135,50,735.489676
-14.331243,50,735.53968
-13.990208,50,735.575588
-8.53065,50,735.63176
-7.728797,50,735.67917
-16.356969,50,735.735152
-15.105743,50,735.786105
-7.575873,50,735.822717
-5.789558,50,735.85787
-17.580118,50,735.89029
-12.026657,50,735.922867
-6.645878,50,735.955006
-7.680706,50,735.987556
-19.159133,50,736.021356
-6.483176,50,736.055743
-10.477902,50,736.095044
-6.88999,50,736.13377
-10.214007,50,736.171069
-14.147347,50,736.21332
-17.172784,50,736.253578
-13.376326,50,736.313695
-12.295742,50,736.372709
-15.152619,50,736.410477
-6.915009,50,736.445078
-7.905959,50,736.491812
-15.189509,50,736.528273
-7.764036,50,737.040289
-11.007733,50,737.074584
-19.714737,50,737.107864
-8.802828,50,737.13956
-7.95768,50,737.171413
-15.683587,50,737.20191
-11.989078,50,737.231597
-11.097013,50,737.265057
-5.83336,50,737.297081
-13.263067,50,737.329651
-13.459148,50,737.372507
-4.999022,50,737.42807
-19.074839,50,737.474932
-16.104648,50,737.521977
-7.089897,50,737.580961
-16.793501,50,737.637888
-8.555979,50,737.687155
-10.145833,50,737.739952
-8.398083,50,737.773012
-10.7835,50,737.806751
-10.213857,50,737.844741
-9.573064,50,737.900915
-14.262005,50,737.936262
-8.043401,50,737.970452
-6.783147,50,738.009491
-13.894525,50,738.04438
-7.655347,50,738.078486
-18.178041,50,738.113441
-7.495931,50,738.160408
-6.101517,50,738.20126
-4.686124,50,738.246201
-6.003855,50,738.299922
-18.825198,50,738.337038
-14.974509,50,738.367918
-8.091791,50,738.404501
-14.582019,50,738.438808
-10.786592,50,738.47264
-7.056325,50,738.512514
-11.619207,50,738.562631
-11.455114,50,738.625563
-6.936771,50,738.677189
-16.994594,50,739.135832
-10.450591,50,739.176783
-12.266447,50,739.259141
-7.01651,50,739.320116
-16.602068,50,739.376438
-10.180066,50,739.411699
-17.45102,50,739.47137
-14.066762,50,739.539679
-7.260682,50,739.58811
-9.286988,50,739.623344
-6.056092,50,739.679254
-13.990104,50,739.718312
-6.450985,50,739.759424
-7.201495,50,739.802867
-13.677947,50,739.837436
-16.769379,50,739.87323
-10.724903,50,739.906216
-7.308732,50,739.939831
-6.695537,50,739.973712
-17.980132,50,740.006835
-6.039944,50,740.041406
-11.501701,50,740.075704
-9.597925,50,740.106554
-7.242372,50,740.136718
-5.869329,50,740.172219
-9.969155,50,740.218575
-12.310178,50,740.258428
-9.184492,50,740.295504
-8.79543,50,740.328296
-17.357151,50,740.360689
-15.284126,50,740.393432
-6.824025,50,740.453237
-17.02624,50,740.487067
-7.788581,50,740.526937
-13.635799,50,740.577837
-15.371369,50,740.622337
-15.862135,50,740.661306
-6.89301,50,740.70327
-8.643912,50,740.744261
-6.602635,50,740.793229
-15.6935,50,740.830416
-17.644335,50,741.325277
-9.279134,50,741.37794
-8.478445,50,741.434405
-13.61963,50,741.471568
-12.454126,50,741.517534
-7.808542,50,741.573567
-9.857995,50,741.631603
-4.616575,50,741.697441
-7.714257,50,741.770174
-6.79974,50,741.842914
-10.22636,50,741.91498
-12.114885,50,741.984176
-13.488062,50,742.052852
-6.329073,50,742.122128
-13.089146,50,742.194285
-12.100223,50,742.264949
-6.415629,50,742.337978
-12.873043,50,742.411269
-7.917699,50,742.484694
-11.492675,50,742.557285
-11.230118,50,742.634181
-7.843934,50,742.70595
-4.804033,50,742.781841
-5.493017,50,742.853628
-4.210638,50,742.927388
-16.150153,50,742.996954
-16.610099,50,743.068429
-6.748374,50,743.136997
-17.189048,50,743.206646
-17.125452,50,743.27823
-11.822014,50,743.349927
-15.706181,50,743.418755
-13.962573,50,743.487681
-7.65895,50,743.555766
-17.960572,50,743.626382
-10.26125,50,743.695939
-13.555983,50,743.768353
-15.45251,50,743.840772
-11.648982,50,743.913889
-10.776886,50,743.983907
-4.690828,50,744.053197
-11.643637,50,744.981683
-18.095692,50,745.055212
-7.596666,50,745.124591
-16.39605,50,745.194036
-17.724954,50,745.265503
-11.116316,50,745.337142
-7.869009,50,745.408158
-8.868755,50,745.478011
-17.813194,50,745.547768
-9.206139,50,745.619917
-8.988412,50,745.686956
-6.343729,50,745.760081
-13.847743,50,745.830728
-8.704295,50,745.899688
-6.233059,50,745.968165
-16.29384,50,746.03906
-6.996437,50,746.110938
-11.335523,50,746.18096
-7.132313,50,746.250315
-15.419457,50,746.320943
-10.495473,50,746.390538
-8.671384,50,746.462795
-17.917867,50,746.533195
-15.495348,50,746.57457
-16.984872,50,746.61446
-7.88078,50,746.651133
-7.313101,50,746.686093
-7.445857,50,746.719434
-9.654964,50,746.754426
-7.771883,50,746.820323
-8.102103,50,746.894998
-13.49284,50,746.965947
-8.396461,50,747.041288
-7.180005,50,747.112756
-7.822492,50,747.18658
-6.564657,50,747.257694
-18.089857,50,747.330071
-4.32574,50,747.400453
-17.717266,50,747.471587
-6.628866,50,747.542824
-13.822416,50,747.613921
-18.895752,50,748.540246
-8.949144,50,748.610517
-9.545228,50,748.680123
-7.796615,50,748.752012
-12.113479,50,748.821574
-15.06704,50,748.891451
-6.627704,50,748.961097
-17.355674,50,749.031174
-12.832349,50,749.099197
-10.698622,50,749.166825
-4.468739,50,749.233925
-10.59475,50,749.301763
-17.955291,50,749.370981
-7.786976,50,749.440924
-6.805102,50,749.510059
-16.663144,50,749.581841
-11.648454,50,749.649523
-11.767856,50,749.720362
-14.395541,50,749.790797
-5.475662,50,749.859497
-10.792017,50,749.932006
-6.183141,50,750.002261
-16.0863,50,750.072447
-7.861005,50,750.139007
-6.235216,50,750.206686
-11.574555,50,750.274908
-16.265674,50,750.346082
-3.721239,50,750.41421
-11.550479,50,750.481511
-6.742262,50,750.550846
-12.140726,50,750.620912
-8.1142,50,750.687839
-11.598687,50,750.752843
-7.82899,50,750.820667
-11.626374,50,750.889685
-9.960192,50,750.957523
-11.442152,50,751.029525
-5.180146,50,751.098856
-19.331606,50,751.164923
-13.592773,50,751.233513
-6.548241,50,751.302045
-8.745868,50,752.200112
-7.821768,50,752.241623
-7.2959,50,752.295648
-9.037514,50,752.334205
-8.006409,50,752.383653
-14.92975,50,752.416633
-13.5366,50,752.450054
-16.600088,50,752.48305
-13.510342,50,752.516099
-16.820758,50,752.548743
-7.023974,50,752.584093
-18.175834,50,752.620592
-11.613632,50,752.656644
-10.686781,50,752.692553
-9.657642,50,752.726104
-11.406046,50,752.759447
-14.280875,50,752.792917
-8.446087,50,752.826099
-6.749145,50,752.857799
-7.999608,50,752.891365
-19.302517,50,752.923788
-17.340578,50,752.958427
-8.364675,50,752.993591
-5.87653,50,753.026826
-8.189558,50,753.059448
-13.958061,50,753.094365
-16.436908,50,753.127719
-13.544405,50,753.16645
-5.922823,50,753.209417
-7.869524,50,753.254484
-7.15027,50,753.291534
-10.372098,50,753.346338
-6.122759,50,753.398241
-5.737687,50,753.435504
-4.257876,50,753.469423
-11.544205,50,753.508195
-15.538674,50,753.544486
-6.369689,50,753.592636
-10.10464,50,753.640793
-6.37555,50,753.683865
-9.68103,50,753.727809
-6.026245,50,754.189287
-9.76249,50,754.247017
-4.166663,50,754.305576
-17.244793,50,754.357133
-12.586984,50,754.418265
-18.992358,50,754.458387
-12.110146,50,754.492587
-16.335189,50,754.545895
-11.119816,50,754.604573
-19.180869,50,754.661834
-7.160852,50,754.704107
-10.861865,50,754.737677
-14.3311,50,754.77389
-6.40534,50,754.812505
-5.445391,50,754.880156
-8.02173,50,754.917986
-15.470688,50,754.951564
-8.643695,50,754.983511
-9.506325,50,755.032917
-10.670428,50,755.073565
-16.67743,50,755.109201
-10.502816,50,755.156279
-17.427376,50,755.218118
-13.819777,50,755.274514
-10.752459,50,755.333459
-11.079751,50,755.386017
-15.378689,50,755.436493
-13.722993,50,755.47998
-14.837243,50,755.51796
-10.029086,50,755.55087
-10.072109,50,755.584341
-12.060275,50,755.617867
-10.106787,50,755.650508
-13.342741,50,755.685144
-12.477068,50,755.726918
-12.129017,50,755.759951
-5.195282,50,755.794447
-7.887442,50,755.827131
-11.113234,50,755.85953
-7.036711,50,755.895061
-13.032456,50,755.928624
-12.443553,50,756.404083
-9.766486,50,756.459275
-10.614502,50,756.519659
-17.153049,50,756.576703
-5.444269,50,756.634572
-17.924628,50,756.686573
-16.54792,50,756.740613
-11.316464,50,756.787261
-5.783757,50,756.842039
-17.960242,50,756.894382
-14.107985,50,756.944477
-9.013075,50,756.988438
-11.303454,50,757.033701
-14.267578,50,757.085677
-14.085856,50,757.123626
-4.152048,50,757.16256
-10.118601,50,757.204175
-17.075215,50,757.23982
-17.498059,50,757.299967
-8.468319,50,757.349179
-6.436988,50,757.415298
-12.623104,50,757.470754
-10.563738,50,757.529394
-14.660811,50,757.587705
-14.806843,50,757.643519
-5.855985,50,757.694391
-14.257749,50,757.744514
-14.264988,50,757.80124
-18.499109,50,757.855262
-8.348371,50,757.904075
-8.036423,50,757.94708
-7.625732,50,758.003498
-7.89302,50,758.052285
-12.642729,50,758.102777
-10.256466,50,758.156353
-16.401326,50,758.215034
-15.072326,50,758.249333
-6.991945,50,758.296128
-10.059256,50,758.335705
-11.220018,50,758.376869
-13.127819,50,758.409931
-6.772381,50,758.865186
-14.373088,50,758.908691
-8.851355,50,758.958234
-8.052976,50,759.000063
-10.327511,50,759.044838
-8.35977,50,759.102149
-5.921585,50,759.141674
-17.430482,50,759.185586
-8.34124,50,759.221649
-12.789126,50,759.257732
-12.306268,50,759.302589
-12.876266,50,759.343577
-17.456107,50,759.396565
-12.021922,50,759.45711
-9.299453,50,759.510613
-12.068483,50,759.56708
-13.765393,50,759.624363
-10.418346,50,759.683813
-15.617994,50,759.738215
-7.651475,50,759.792213
-13.212721,50,759.831598
-11.336457,50,759.876853
-14.216566,50,759.929197
-17.202851,50,759.98843
-8.601432,50,760.03633
-17.498742,50,760.0774
-6.19053,50,760.127346
-6.223046,50,760.188995
-8.619619,50,760.24576
-10.668354,50,760.302849
-19.078304,50,760.35632
-6.942858,50,760.416618
-7.296105,50,760.482976
-17.57152,50,760.540826
-9.938766,50,760.599759
-16.75616,50,760.655394
-9.043348,50,760.710365
-12.931231,50,760.76178
-17.945592,50,760.796585
-4.617764,50,760.837075
-14.674085,50,760.884281
-5.752372,50,761.341867
-4.434994,50,761.403644
-18.5514,50,761.46859
-13.947332,50,761.522559
-10.351524,50,761.573657
-7.243552,50,761.626514
-7.861564,50,761.680332
-10.942558,50,761.735317
-17.525429,50,761.78556
-16.308257,50,761.841296
-8.895256,50,761.889555
-9.11563,50,761.951076
-9.156152,50,762.004318
-7.447196,50,762.052242
-10.675362,50,762.106169
-5.216621,50,762.155779
-12.782896,50,762.204341
-6.871374,50,762.259531
-12.447843,50,762.302632
-7.627881,50,762.347039
-6.350214,50,762.402958
-17.391924,50,762.45899
-10.218619,50,762.517626
-9.661345,50,762.573274
-8.269232,50,762.62162
-18.713741,50,762.678737
-11.2546,50,762.73078
-16.770189,50,762.783535
-5.801543,50,762.840733
-8.082501,50,762.8991
-7.487011,50,762.947845
-11.546762,50,763.008896
-14.067203,50,763.061557
-14.644609,50,763.104758
-8.478471,50,763.143605
-7.674691,50,763.187984
-12.225764,50,763.232581
-6.308702,50,763.282739
-7.545388,50,763.319583
-11.14579,50,763.356127
-15.693383,50,763.814561
-8.555975,50,763.882407
-6.331285,50,763.938262
-18.644022,50,763.992215
-8.402902,50,764.043736
-5.726217,50,764.098772
-18.164117,50,764.157265
-13.260977,50,764.210211
-6.191588,50,764.26609
-16.163793,50,764.323147
-7.721464,50,764.373073
-18.395134,50,764.430969
-16.876608,50,764.497624
-9.899836,50,764.545888
-12.289511,50,764.602581
-4.142376,50,764.659098
-12.817991,50,764.716363
-10.722972,50,764.772497
-7.52589,50,764.829113
-6.206917,50,764.886085
-15.114612,50,764.948244
-14.7697,50,764.996927
-6.690048,50,765.050939
-17.936636,50,765.106947
-14.728911,50,765.161562
-9.173962,50,765.220944
-7.889955,50,765.275723
-10.516978,50,765.336459
-10.84853,50,765.395659
-6.078502,50,765.454072
-14.262686,50,765.507839
-8.530977,50,765.56769
-6.042927,50,765.623016
-4.096284,50,765.678744
-17.867635,50,765.730994
-15.793216,50,765.78778
-8.892897,50,765.843842
-6.283306,50,765.900528
-15.344122,50,765.959315
-10.233505,50,766.017707
-15.530853,50,766.074334
-11.842473,50,766.546597
-5.011246,50,766.599926
-4.721384,50,766.66114
-6.455688,50,766.721564
-9.810099,50,766.776813
-5.504785,50,766.832795
-17.094621,50,766.889704
-19.49857,50,766.940435
-11.027889,50,766.993985
-14.396453,50,767.052726
-16.760252,50,767.098674
-10.179387,50,767.148565
-11.501249,50,767.199502
-6.263632,50,767.240309
-6.911554,50,767.28795
-10.831301,50,767.325402
-6.72562,50,767.369982
-9.082526,50,767.411973
-6.897956,50,767.455583
-11.487115,50,767.500285
-13.914924,50,767.547841
-13.268242,50,767.604075
-12.954099,50,767.658355
-12.229895,50,767.720149
-13.980193,50,767.774413
-6.670039,50,767.821925
-5.22207,50,767.877802
-19.383532,50,767.919914
-19.419968,50,767.955435
-15.327792,50,768.005366
-10.84774,50,768.051278
-4.56556,50,768.103535
-15.235132,50,768.154366
-13.942041,50,768.204382
-8.093066,50,768.260792
-9.543981,50,768.316675
-9.084412,50,768.356821
-7.325204,50,768.408302
-19.342398,50,768.448553
-9.555143,50,768.493793
-8.428305,50,768.537341
-10.104078,50,769.010106
-8.25986,50,769.061291
-8.308391,50,769.117114
-18.820736,50,769.170416
-9.237256,50,769.230119
-10.841904,50,769.280746
-14.853603,50,769.336819
-13.134685,50,769.378371
-18.222526,50,769.427404
-10.380062,50,769.466371
-16.127629,50,769.519691
-9.406366,50,769.578616
-7.915665,50,769.639971
-7.09784,50,769.702137
-13.991026,50,769.751639
-5.804176,50,769.808082
-13.158618,50,769.867449
-17.289195,50,769.924165
-11.340626,50,769.975043
-11.018041,50,770.035122
-10.09386,50,770.089352
-16.307915,50,770.144341
-16.372198,50,770.202853
-9.049933,50,770.257472
-5.479508,50,770.31635
-9.369529,50,770.377335
-10.035943,50,770.432801
-18.089464,50,770.479282
-9.200853,50,770.527735
-6.084953,50,770.581082
-7.078191,50,770.629457
-18.39231,50,770.690338
-10.167598,50,770.748493
-16.26227,50,770.80678
-12.123489,50,770.854391
-13.441801,50,770.909476
-5.238907,50,770.964519
-5.059269,50,771.022974
-8.830652,50,771.070184
-7.41907,50,771.135225
-15.852333,50,771.181186
-7.04785,50,771.675443
-4.683543,50,771.733064
-7.984973,50,771.787922
-12.496265,50,771.840934
-10.566403,50,771.894808
-4.893582,50,771.947196
-4.006734,50,772.004857
-19.651011,50,772.05106
-17.706548,50,772.103041
-18.374707,50,772.155922
-6.819555,50,772.207339
-10.914962,50,772.256845
-6.011475,50,772.300881
-15.228185,50,772.347672
-5.19249,50,772.392752
-4.802174,50,772.442155
-12.327087,50,772.496026
-16.45598,50,772.54423
-6.321364,50,772.594727
-14.320198,50,772.645496
-8.589094,50,772.69434
-19.127921,50,772.753317
-4.217179,50,772.809756
-14.955379,50,772.856501
-6.126194,50,772.919261
-8.284658,50,772.973102
-14.572334,50,773.024751
-6.832004,50,773.079678
-7.677732,50,773.126996
-8.043814,50,773.192191
-16.479807,50,773.237217
-6.316556,50,773.281999
-17.920358,50,773.329983
-7.583799,50,773.382417
-15.598328,50,773.440379
-7.674642,50,773.495853
-7.589571,50,773.540298
-6.25559,50,773.591862
-9.044095,50,773.645148
-10.802091,50,773.707473
-19.025155,50,773.767339
-18.424033,50,774.25914
-10.509142,50,774.320647
-7.256644,50,774.384531
-7.488101,50,774.436843
-15.525354,50,774.484773
-7.797337,50,774.544754
-11.173971,50,774.594
-8.117168,50,774.649083
-8.30169,50,774.7077
-12.14711,50,774.760639
-8.387841,50,774.819
-7.940975,50,774.867358
-15.028724,50,774.93333
-19.606258,50,774.989258
-4.89065,50,775.046577
-15.584523,50,775.080089
-14.476894,50,775.122176
-5.211417,50,775.164716
-7.350517,50,775.211265
-15.570182,50,775.253315
-5.934341,50,775.296868
-5.671766,50,775.33391
-14.790268,50,775.381272
-5.635302,50,775.430909
-14.873451,50,775.468193
-8.448975,50,775.52512
-10.973844,50,775.564957
-7.208741,50,775.624832
-3.970016,50,775.667198
-8.536091,50,775.723261
-7.41729,50,775.76735
-5.848644,50,775.813602
-11.841502,50,775.859516
-8.214245,50,775.906431
-12.229853,50,775.94747
-13.802231,50,775.998178
-11.219096,50,776.040348
-12.625119,50,776.098773
-16.231078,50,776.159783
-9.453006,50,776.219545
-8.412113,50,776.262965
