#{"t_start": 1765900060.518704, "env_id": "Reacher-v4"}
r,l,t
-63.78812,50,0.337702
-59.651237,50,0.373333
-64.414185,50,0.419261
-59.977221,50,0.468089
-62.209467,50,0.510403
-67.693163,50,0.542356
-71.411782,50,0.574143
-61.214662,50,0.60578
-62.12611,50,0.637459
-67.432632,50,0.669136
-61.303314,50,0.700907
-58.930618,50,0.734731
-55.189785,50,0.769078
-54.254228,50,0.803262
-65.36466,50,0.834792
-67.518574,50,0.866289
-56.981379,50,0.898438
-66.71333,50,0.933485
-64.601501,50,0.968278
-61.329696,50,1.001364
-57.176518,50,1.035381
-61.476566,50,1.067535
-57.152358,50,1.102189
-53.537146,50,1.134188
-59.49813,50,1.166542
-62.67989,50,1.200837
-65.309017,50,1.234068
-58.46081,50,1.266802
-61.242256,50,1.310723
-60.404471,50,1.343318
-63.141191,50,1.388295
-61.70332,50,1.435402
-57.30857,50,1.495689
-57.533666,50,1.537688
-71.270717,50,1.589712
-61.203631,50,1.63053
-65.379091,50,1.694017
-56.386676,50,1.766214
-68.923356,50,1.834432
-56.409976,50,1.907813
-67.715953,50,2.820892
-59.386355,50,2.896791
-65.263179,50,2.966032
-62.16328,50,3.034586
-60.933788,50,3.103963
-63.126625,50,3.176261
-61.361251,50,3.244555
-60.235147,50,3.314946
-60.310714,50,3.384989
-65.602885,50,3.456989
-61.533349,50,3.52714
-63.59923,50,3.59898
-54.340606,50,3.666817
-54.598548,50,3.735274
-62.978556,50,3.804991
-67.17378,50,3.87659
-61.705248,50,3.945994
-59.25693,50,4.017545
-62.350051,50,4.087087
-59.867595,50,4.155526
-66.750294,50,4.226789
-59.914223,50,4.296723
-57.907264,50,4.366666
-58.988741,50,4.43525
-53.985406,50,4.506531
-56.326571,50,4.577554
-65.73206,50,4.646371
-58.038303,50,4.715875
-60.202794,50,4.784744
-56.147345,50,4.856167
-64.95361,50,4.925841
-58.462595,50,4.995669
-59.62056,50,5.063771
-54.329552,50,5.13678
-52.899799,50,5.190399
-63.677738,50,5.227524
-52.679161,50,5.261503
-53.137516,50,5.293983
-58.334581,50,5.326321
-67.188503,50,5.3613
-54.587243,50,5.430729
-64.378327,50,6.350512
-63.625888,50,6.424979
-61.227942,50,6.497314
-57.079649,50,6.570577
-59.244905,50,6.639152
-59.404484,50,6.708893
-56.889208,50,6.781532
-58.996921,50,6.849087
-60.630959,50,6.92023
-59.267652,50,6.991324
-58.389424,50,7.062251
-47.159997,50,7.131211
-64.666158,50,7.199681
-58.091783,50,7.268839
-52.818469,50,7.335961
-61.38719,50,7.404237
-52.418185,50,7.474169
-56.939541,50,7.54274
-58.249609,50,7.613944
-60.272209,50,7.68292
-62.819032,50,7.750276
-68.009027,50,7.817613
-56.999471,50,7.88737
-60.153392,50,7.954684
-54.222838,50,8.023374
-63.598166,50,8.090833
-57.628685,50,8.159214
-55.062243,50,8.22951
-59.602236,50,8.296973
-66.445741,50,8.365266
-59.88292,50,8.433931
-62.989706,50,8.504893
-59.40272,50,8.573145
-55.027868,50,8.64054
-58.390625,50,8.707316
-48.252663,50,8.776141
-51.379948,50,8.845366
-53.497499,50,8.913997
-56.695178,50,8.983534
-70.975985,50,9.051872
-58.32539,50,9.118843
-54.627279,50,9.628776
-59.004733,50,9.670935
-56.706843,50,9.703331
-48.487997,50,9.739345
-53.891388,50,9.772489
-59.471951,50,9.80863
-49.86812,50,9.842214
-56.041705,50,9.885734
-51.945254,50,9.930099
-51.356909,50,9.963776
-57.358181,50,10.005184
-58.699823,50,10.040742
-45.920774,50,10.075414
-61.339594,50,10.114055
-50.231896,50,10.148531
-46.054519,50,10.182575
-60.866722,50,10.227067
-54.844171,50,10.26333
-60.33778,50,10.297324
-52.249937,50,10.329519
-49.032846,50,10.360567
-56.035401,50,10.40054
-54.020666,50,10.435787
-51.013812,50,10.467993
-53.349706,50,10.50185
-55.391195,50,10.536947
-53.054619,50,10.571889
-54.365858,50,10.607828
-60.62132,50,10.644768
-53.169988,50,10.683731
-53.483627,50,10.726521
-53.636663,50,10.785862
-56.800778,50,10.83522
-54.723686,50,10.891557
-53.599851,50,10.933053
-60.393774,50,10.972168
-56.585269,50,11.021149
-54.576019,50,11.068038
-54.186691,50,11.1248
-60.844671,50,11.178798
-59.823749,50,11.231802
-57.566968,50,11.681962
-56.551683,50,11.744198
-52.075473,50,11.794618
-55.491519,50,11.841665
-54.999018,50,11.879559
-52.782595,50,11.919181
-54.203858,50,11.963438
-44.779358,50,12.018282
-48.916431,50,12.070839
-45.71785,50,12.110647
-56.7079,50,12.160849
-47.733749,50,12.204351
-57.669854,50,12.247922
-59.645461,50,12.29359
-51.394266,50,12.343885
-50.4651,50,12.384023
-59.279223,50,12.436965
-56.46028,50,12.486787
-55.932218,50,12.540401
-50.94861,50,12.583331
-45.857584,50,12.63242
-63.421028,50,12.680452
-44.326534,50,12.728739
-51.99906,50,12.765573
-54.32565,50,12.815708
-54.914195,50,12.848675
-52.071131,50,12.891661
-51.36078,50,12.924136
-48.493869,50,12.962582
-45.635171,50,13.009035
-53.273561,50,13.050356
-54.799407,50,13.083287
-55.298229,50,13.123395
-64.881431,50,13.172032
-50.568973,50,13.219072
-54.122061,50,13.252342
-56.768211,50,13.293263
-50.314085,50,13.353158
-55.053874,50,13.396781
-46.602762,50,13.445755
-45.904415,50,13.481534
-51.233091,50,13.935472
-53.042921,50,13.981796
-54.872149,50,14.024901
-46.200806,50,14.076133
-49.370843,50,14.119636
-45.34184,50,14.153444
-47.003543,50,14.191422
-55.215908,50,14.228384
-51.038979,50,14.261339
-46.291993,50,14.305496
-55.444361,50,14.3413
-40.808493,50,14.388443
-56.778443,50,14.431201
-50.707977,50,14.481233
-53.086189,50,14.528867
-48.168866,50,14.583534
-51.742552,50,14.641414
-45.842641,50,14.683024
-47.731733,50,14.734344
-56.933034,50,14.789201
-47.229051,50,14.842218
-44.36221,50,14.886007
-52.26959,50,14.951288
-54.258609,50,15.009868
-50.622379,50,15.061549
-52.554901,50,15.110343
-49.754365,50,15.166435
-52.137688,50,15.20919
-49.912701,50,15.244843
-51.87936,50,15.280039
-45.4536,50,15.322548
-43.725634,50,15.374673
-55.945477,50,15.421341
-54.209648,50,15.476184
-49.188273,50,15.513765
-48.663689,50,15.552421
-49.49018,50,15.603391
-50.647683,50,15.649763
-44.96979,50,15.703153
-46.070322,50,15.757744
-52.832815,50,15.806288
-42.570022,50,16.300311
-36.555976,50,16.359112
-42.893341,50,16.416943
-48.515125,50,16.478139
-49.93525,50,16.536814
-44.754009,50,16.58884
-48.944588,50,16.643752
-49.607096,50,16.692421
-52.412473,50,16.742765
-47.54055,50,16.786613
-45.210998,50,16.837451
-50.459518,50,16.881415
-61.870657,50,16.934822
-43.336021,50,16.970368
-49.552719,50,17.017033
-49.528902,50,17.060261
-48.840225,50,17.096539
-52.579655,50,17.130452
-45.658294,50,17.166863
-42.891925,50,17.211348
-45.990828,50,17.259642
-48.634747,50,17.307755
-50.731513,50,17.358655
-44.659188,50,17.415345
-53.239095,50,17.479154
-52.218743,50,17.533294
-45.564038,50,17.58542
-41.23592,50,17.641945
-55.315566,50,17.697363
-47.702638,50,17.75347
-49.63017,50,17.8088
-41.711884,50,17.864593
-51.231594,50,17.915514
-39.556832,50,17.966444
-48.439148,50,18.006063
-49.64431,50,18.056897
-48.387803,50,18.094717
-47.393736,50,18.139504
-45.663093,50,18.19073
-45.705272,50,18.235512
-46.06367,50,18.289804
-46.687208,50,18.768252
-45.607284,50,18.822527
-45.753394,50,18.875839
-48.636578,50,18.930462
-46.019303,50,18.977733
-53.631068,50,19.037247
-50.516202,50,19.090664
-44.251224,50,19.144261
-45.731125,50,19.191534
-49.142597,50,19.232411
-44.044482,50,19.269249
-47.008068,50,19.324068
-48.406986,50,19.379351
-46.456107,50,19.434957
-50.795634,50,19.490642
-43.246043,50,19.544144
-42.86647,50,19.600811
-45.918056,50,19.660438
-44.973407,50,19.714065
-43.909542,50,19.773275
-46.348792,50,19.834025
-49.139866,50,19.890179
-48.690936,50,19.941437
-41.1452,50,20.002198
-37.980139,50,20.050852
-36.759137,50,20.106676
-44.733284,50,20.152065
-49.813814,50,20.196583
-55.94978,50,20.23849
-41.275509,50,20.283137
-46.735421,50,20.333519
-43.388241,50,20.386632
-39.960549,50,20.441136
-46.994486,50,20.506511
-45.052416,50,20.5611
-49.257336,50,20.619753
-48.808876,50,20.682615
-37.749551,50,20.739549
-47.780111,50,20.775247
-49.00843,50,20.823718
-39.537873,50,20.86587
-46.70939,50,21.318692
-38.647205,50,21.384632
-49.295237,50,21.441496
-42.957136,50,21.499953
-54.081354,50,21.558305
-44.069794,50,21.623097
-39.591634,50,21.676737
-34.211277,50,21.732106
-45.252554,50,21.78522
-46.715266,50,21.838971
-40.906715,50,21.895473
-43.753174,50,21.94626
-40.880238,50,22.003752
-40.376508,50,22.048142
-48.337614,50,22.090977
-48.031703,50,22.134753
-45.295752,50,22.183868
-42.902885,50,22.229714
-48.342157,50,22.264605
-41.269383,50,22.311728
-40.794999,50,22.369151
-41.748197,50,22.427374
-44.881809,50,22.483974
-44.663542,50,22.538798
-40.122864,50,22.604433
-40.97082,50,22.656455
-45.010727,50,22.716772
-44.871025,50,22.758578
-40.820505,50,22.803566
-46.027587,50,22.860573
-38.578942,50,22.913056
-42.825735,50,22.960456
-45.052918,50,23.002466
-42.261297,50,23.059927
-42.424938,50,23.113346
-53.013654,50,23.164161
-49.008307,50,23.199961
-36.836426,50,23.250646
-39.95973,50,23.312231
-47.377141,50,23.366682
-44.548835,50,23.428962
-36.604244,50,23.89978
-41.678388,50,23.960139
-44.83302,50,24.009596
-44.324965,50,24.066699
-39.988358,50,24.117589
-35.579397,50,24.164981
-40.566211,50,24.20915
-41.648557,50,24.255524
-44.043122,50,24.310928
-42.29142,50,24.368996
-44.501533,50,24.426577
-37.696134,50,24.483709
-46.516784,50,24.539645
-42.613742,50,24.5929
-40.541258,50,24.650557
-44.632041,50,24.695764
-46.335028,50,24.737893
-40.650968,50,24.792406
-44.903834,50,24.834469
-36.870441,50,24.881338
-48.926184,50,24.930738
-39.271421,50,24.983644
-34.76597,50,25.035269
-40.623956,50,25.078078
-37.214401,50,25.134297
-43.891346,50,25.188996
-47.697064,50,25.232495
-45.211224,50,25.277025
-51.133399,50,25.322004
-39.542255,50,25.379436
-43.881272,50,25.427775
-37.320934,50,25.48536
-41.505862,50,25.541968
-41.777604,50,25.595813
-37.588448,50,25.649273
-35.182618,50,25.705449
-42.746104,50,25.758493
-37.395727,50,25.814891
-37.379429,50,25.871363
-37.930668,50,25.912737
-42.595981,50,25.964488
-41.228761,50,26.428467
-41.932267,50,26.482422
-42.027613,50,26.53996
-30.451751,50,26.60295
-37.45601,50,26.658325
-32.652537,50,26.720459
-46.288305,50,26.776039
-39.636069,50,26.836234
-45.773728,50,26.88908
-42.106732,50,26.949028
-43.230292,50,26.982621
-37.713119,50,27.018099
-40.075059,50,27.053489
-40.056211,50,27.086795
-45.720577,50,27.138111
-32.672909,50,27.194683
-39.472691,50,27.254191
-41.55857,50,27.304378
-42.002919,50,27.350578
-43.09891,50,27.390629
-42.112216,50,27.434459
-38.845134,50,27.492044
-41.306257,50,27.541267
-29.631812,50,27.601368
-37.749392,50,27.65877
-42.434504,50,27.714159
-43.439443,50,27.769131
-36.357474,50,27.831532
-34.210089,50,27.894045
-32.550556,50,27.950001
-41.929322,50,27.991973
-37.359629,50,28.030035
-36.079611,50,28.087204
-39.615776,50,28.124767
-34.702115,50,28.157258
-34.933293,50,28.196073
-40.550695,50,28.22793
-41.1346,50,28.266499
-29.517655,50,28.320672
-42.021461,50,28.369629
-38.891134,50,28.402594
-33.01666,50,28.878559
-35.030619,50,28.93533
-32.862548,50,28.994068
-36.841867,50,29.048272
-35.031899,50,29.109926
-33.523633,50,29.163377
-35.130207,50,29.223302
-35.791417,50,29.284467
-38.333615,50,29.339232
-35.052956,50,29.396625
-42.54161,50,29.454363
-43.319301,50,29.50694
-34.695768,50,29.563236
-41.748447,50,29.617912
-31.047176,50,29.668874
-36.801873,50,29.725961
-42.520556,50,29.782061
-36.685502,50,29.843551
-36.052726,50,29.900958
-35.975246,50,29.94898
-37.889895,50,30.001781
-42.694239,50,30.053457
-43.176127,50,30.106042
-37.248311,50,30.147024
-37.975014,50,30.200174
-37.300075,50,30.253401
-38.236838,50,30.299921
-35.572262,50,30.35571
-38.269615,50,30.413103
-32.247665,50,30.468688
-34.58987,50,30.520512
-32.161187,50,30.574316
-40.051794,50,30.63433
-39.282071,50,30.68941
-39.369699,50,30.746909
-32.7183,50,30.798946
-38.096528,50,30.859521
-34.400808,50,30.899162
-33.064859,50,30.930635
-27.963785,50,30.981837
-34.020229,50,31.026085
-35.79136,50,31.473877
-37.161491,50,31.527312
-35.605977,50,31.588304
-37.60293,50,31.646038
-34.703369,50,31.702831
-32.727065,50,31.758605
-23.04706,50,31.819912
-26.49935,50,31.869726
-34.33161,50,31.923884
-38.586838,50,31.975439
-30.481576,50,32.034302
-28.18204,50,32.075089
-30.590771,50,32.132552
-34.56446,50,32.179193
-36.775313,50,32.220477
-30.540154,50,32.27123
-40.088282,50,32.324
-33.237428,50,32.370871
-36.584862,50,32.41304
-35.895877,50,32.457406
-26.033276,50,32.510767
-37.774117,50,32.569028
-33.811916,50,32.62388
-34.332159,50,32.68262
-36.36659,50,32.738733
-25.904708,50,32.795266
-31.189097,50,32.85357
-34.478079,50,32.895949
-38.848854,50,32.94576
-35.818388,50,32.989413
-37.082884,50,33.028815
-32.4562,50,33.066998
-29.711353,50,33.109852
-39.122497,50,33.152004
-36.914298,50,33.197045
-32.047958,50,33.248862
-33.040284,50,33.294394
-28.970293,50,33.338073
-26.68274,50,33.393197
-29.310977,50,33.433552
-35.943001,50,33.488703
-27.767783,50,33.943889
-31.505821,50,34.002729
-32.244352,50,34.062808
-29.238032,50,34.118098
-34.456094,50,34.178773
-33.027776,50,34.241426
-33.534323,50,34.277585
-24.957503,50,34.333691
-26.043215,50,34.374481
-27.654254,50,34.420433
-37.699539,50,34.472355
-29.22913,50,34.520418
-28.021443,50,34.57691
-29.195208,50,34.632958
-30.377733,50,34.68557
-28.979418,50,34.739589
-35.19921,50,34.794238
-29.643844,50,34.849435
-32.118056,50,34.914476
-24.323961,50,34.965986
-29.98789,50,35.022999
-27.383053,50,35.074894
-42.773854,50,35.131492
-27.419158,50,35.193289
-37.28022,50,35.248684
-37.202465,50,35.285404
-33.377312,50,35.33092
-31.201619,50,35.367224
-25.64071,50,35.410828
-30.029329,50,35.447779
-31.719691,50,35.502653
-30.209942,50,35.550817
-31.742781,50,35.608522
-32.62569,50,35.662798
-32.444641,50,35.717024
-26.747745,50,35.778171
-33.547691,50,35.837131
-36.181566,50,35.894026
-29.296826,50,35.942193
-28.829581,50,35.995873
-32.866703,50,36.036446
-30.318958,50,36.480711
-28.231471,50,36.523234
-33.781037,50,36.580497
-25.257481,50,36.632879
-25.237345,50,36.686478
-28.217137,50,36.739993
-37.044202,50,36.790165
-34.489554,50,36.850341
-26.888069,50,36.900961
-23.878622,50,36.953534
-30.026251,50,37.013173
-21.235523,50,37.066279
-27.277603,50,37.111216
-33.704015,50,37.162458
-27.703322,50,37.210649
-23.414724,50,37.256992
-23.79045,50,37.303849
-27.535134,50,37.345461
-26.423518,50,37.384626
-28.23041,50,37.424416
-31.663329,50,37.468518
-29.355849,50,37.524632
-30.037038,50,37.580491
-34.808569,50,37.635971
-33.190527,50,37.685897
-30.846366,50,37.743566
-35.68843,50,37.797313
-27.684163,50,37.85325
-32.976097,50,37.903824
-26.152836,50,37.965166
-27.178439,50,38.021513
-26.973142,50,38.073108
-34.85528,50,38.131681
-24.012408,50,38.178382
-28.355501,50,38.230928
-24.843362,50,38.28019
-24.648643,50,38.327651
-31.017125,50,38.382618
-29.020243,50,38.423459
-27.060548,50,38.465426
-26.698886,50,38.527612
-22.2478,50,38.990065
-22.375438,50,39.048902
-30.730538,50,39.104846
-24.590629,50,39.164632
-22.213876,50,39.225586
-30.862351,50,39.287962
-24.160878,50,39.338847
-31.689752,50,39.392285
-26.066889,50,39.434918
-23.149796,50,39.472518
-27.584043,50,39.520779
-26.138677,50,39.574248
-25.047967,50,39.626436
-30.857616,50,39.680429
-24.037485,50,39.740534
-24.9132,50,39.78813
-24.286833,50,39.823126
-23.593885,50,39.865757
-20.007009,50,39.915129
-28.932279,50,39.951567
-28.958627,50,40.004801
-24.380876,50,40.056044
-25.949885,50,40.111008
-24.940332,50,40.157266
-26.042124,50,40.205512
-27.748863,50,40.248537
-28.043347,50,40.292596
-28.364122,50,40.332014
-21.124106,50,40.389919
-27.148323,50,40.450509
-25.143101,50,40.502645
-22.564691,50,40.556135
-22.557085,50,40.608724
-25.008792,50,40.647773
-28.18877,50,40.702376
-31.125201,50,40.750033
-22.591798,50,40.796662
-27.089724,50,40.845228
-23.99718,50,40.902637
-29.246713,50,40.951784
-24.05464,50,40.990431
-28.875406,50,41.466424
-25.964774,50,41.523147
-28.040097,50,41.570962
-26.255166,50,41.619474
-23.785041,50,41.672036
-24.506582,50,41.710353
-20.539245,50,41.758592
-22.417582,50,41.796494
-24.953021,50,41.833636
-25.445532,50,41.889708
-21.835311,50,41.944474
-32.247684,50,41.984872
-23.779147,50,42.022073
-22.836003,50,42.071876
-17.356179,50,42.115065
-25.179286,50,42.166339
-21.119125,50,42.206944
-26.52802,50,42.251753
-27.368552,50,42.302475
-28.360777,50,42.358317
-27.597522,50,42.413066
-22.165184,50,42.466232
-21.060744,50,42.521074
-28.83131,50,42.562708
-24.75318,50,42.61922
-25.477336,50,42.663144
-19.546472,50,42.721715
-20.592451,50,42.766022
-23.803432,50,42.815698
-22.761775,50,42.860669
-22.651152,50,42.902201
-22.661684,50,42.956414
-28.272378,50,42.999833
-24.246421,50,43.053942
-19.973851,50,43.112538
-25.771156,50,43.154076
-22.699061,50,43.192802
-23.043217,50,43.240541
-26.29661,50,43.294258
-27.666577,50,43.338829
-25.747381,50,43.39967
-29.72916,50,43.894437
-26.348916,50,43.947218
-27.458608,50,43.996155
-26.708952,50,44.045934
-17.054426,50,44.087459
-23.61165,50,44.127823
-23.515273,50,44.181917
-25.764823,50,44.235934
-15.867057,50,44.280043
-20.406925,50,44.31715
-20.537955,50,44.35621
-23.223202,50,44.390907
-18.210961,50,44.427619
-20.529469,50,44.46878
-24.158347,50,44.511723
-21.962351,50,44.548237
-23.914066,50,44.589286
-22.10718,50,44.624307
-25.747001,50,44.678198
-22.165084,50,44.731418
-20.702664,50,44.781722
-24.471161,50,44.824714
-27.610397,50,44.875561
-20.059477,50,44.928342
-20.229539,50,44.987458
-22.38439,50,45.044781
-22.062956,50,45.096046
-20.374506,50,45.150707
-22.797837,50,45.206838
-22.408581,50,45.257543
-24.347816,50,45.311896
-19.971682,50,45.369445
-21.560248,50,45.427005
-13.191772,50,45.478482
-24.909598,50,45.530332
-21.455704,50,45.576932
-21.476086,50,45.624603
-18.377198,50,45.675827
-25.612644,50,45.719306
-19.761622,50,45.755565
-19.525608,50,45.808432
-20.572645,50,46.273185
-24.262409,50,46.330803
-18.054223,50,46.39165
-20.957904,50,46.449289
-17.428019,50,46.501456
-20.788672,50,46.558967
-17.392746,50,46.617121
-23.389987,50,46.681973
-17.62031,50,46.740363
-18.442237,50,46.78192
-20.885014,50,46.829789
-21.551454,50,46.874227
-16.666117,50,46.921275
-22.114562,50,46.970683
-17.60363,50,47.030583
-23.557226,50,47.068979
-27.233354,50,47.125301
-16.736571,50,47.173611
-21.471414,50,47.212049
-27.301116,50,47.267385
-21.780417,50,47.322205
-20.174476,50,47.377155
-16.034946,50,47.441628
-19.888691,50,47.502921
-18.471343,50,47.557212
-19.694114,50,47.620941
-16.036491,50,47.673403
-18.14147,50,47.717609
-24.245146,50,47.766188
-24.767983,50,47.82052
-18.698832,50,47.868999
-20.723559,50,47.915433
-23.867959,50,47.96276
-17.466595,50,48.024753
-21.492824,50,48.07415
-20.742172,50,48.112268
-21.988879,50,48.169397
-21.543199,50,48.221648
-20.749497,50,48.277069
-25.935886,50,48.337904
-17.712084,50,48.396657
-18.983445,50,48.880036
-21.108373,50,48.929282
-17.249768,50,48.985922
-20.832793,50,49.031832
-21.654444,50,49.08914
-19.663862,50,49.154611
-16.511989,50,49.211636
-19.515468,50,49.267871
-12.789764,50,49.330393
-25.32266,50,49.398974
-22.799355,50,49.458394
-20.767826,50,49.509846
-16.295492,50,49.567917
-20.59258,50,49.629767
-18.606006,50,49.686197
-18.009162,50,49.727369
-16.558064,50,49.791416
-19.904192,50,49.846782
-17.465502,50,49.901943
-17.889694,50,49.95479
-23.697581,50,49.998812
-12.393632,50,50.054178
-22.405617,50,50.10862
-21.529635,50,50.153861
-22.569746,50,50.199804
-18.579098,50,50.253762
-23.927311,50,50.312221
-15.779813,50,50.368532
-15.237539,50,50.420337
-14.57753,50,50.479642
-15.198261,50,50.545098
-17.982554,50,50.602945
-23.235794,50,50.664818
-21.065959,50,50.718124
-23.674911,50,50.777252
-18.662281,50,50.824543
-23.889162,50,50.865633
-23.459718,50,50.905848
-16.450507,50,50.961991
-18.716853,50,51.001024
-19.368521,50,51.046818
-20.276679,50,51.535467
-13.673658,50,51.588405
-22.486781,50,51.648074
-15.344414,50,51.699588
-17.258382,50,51.750113
-14.60319,50,51.815347
-20.494922,50,51.870295
-19.640255,50,51.923985
-16.357519,50,51.98142
-14.904797,50,52.025398
-15.199658,50,52.073076
-16.64027,50,52.121262
-15.502233,50,52.174489
-13.498611,50,52.223511
-16.269165,50,52.257469
-21.246501,50,52.294166
-19.182341,50,52.347609
-13.985042,50,52.39084
-17.070896,50,52.429908
-21.090607,50,52.467553
-15.153294,50,52.513997
-21.062011,50,52.561895
-15.443122,50,52.602009
-21.290891,50,52.651822
-16.039459,50,52.692309
-17.904873,50,52.738524
-21.009733,50,52.797221
-20.241516,50,52.84726
-17.988371,50,52.894613
-15.16003,50,52.946342
-14.566744,50,52.988845
-18.319665,50,53.049974
-17.831547,50,53.111536
-17.171253,50,53.171572
-22.310492,50,53.217874
-18.05354,50,53.261489
-19.240602,50,53.298287
-13.657662,50,53.353037
-14.365548,50,53.407462
-17.326908,50,53.45887
-16.600917,50,53.500655
-16.5565,50,53.947636
-13.66948,50,53.993647
-13.228152,50,54.04588
-15.619903,50,54.088762
-17.256507,50,54.139719
-21.898468,50,54.188763
-18.804145,50,54.243603
-12.267697,50,54.290853
-17.031828,50,54.325104
-19.754158,50,54.358035
-17.331436,50,54.392381
-21.551326,50,54.426409
-23.449442,50,54.47539
-14.033254,50,54.526702
-20.79657,50,54.590987
-16.092536,50,54.65718
-12.388589,50,54.710239
-17.726204,50,54.76615
-19.031785,50,54.821957
-17.013733,50,54.879338
-15.91212,50,54.931697
-16.916382,50,54.973304
-18.751077,50,55.020375
-16.379468,50,55.063074
-17.957016,50,55.092853
-21.727794,50,55.155695
-16.868457,50,55.215411
-14.95095,50,55.255798
-13.368477,50,55.29863
-16.988061,50,55.34709
-14.977271,50,55.388304
-20.277202,50,55.440424
-14.117699,50,55.481569
-15.795565,50,55.546434
-18.994171,50,55.587165
-14.28429,50,55.633106
-19.681974,50,55.690336
-15.838879,50,55.73721
-16.412324,50,55.797847
-19.38769,50,55.846871
-17.019803,50,55.897771
-13.132049,50,56.376794
-18.02228,50,56.417925
-15.056192,50,56.473781
-20.47061,50,56.518092
-13.388402,50,56.573373
-18.215463,50,56.629257
-16.675494,50,56.678777
-17.962533,50,56.732536
-13.578068,50,56.785421
-16.151395,50,56.833388
-17.430858,50,56.881054
-20.646816,50,56.926556
-16.587862,50,56.967566
-19.362021,50,57.026955
-17.492573,50,57.087314
-12.801059,50,57.145741
-19.720819,50,57.193273
-18.370697,50,57.24029
-14.105569,50,57.290904
-16.334741,50,57.343993
-12.189373,50,57.395179
-13.968631,50,57.448607
-14.349749,50,57.502971
-15.850767,50,57.558013
-13.777729,50,57.597103
-17.894653,50,57.632633
-17.461257,50,57.687676
-18.705787,50,57.742455
-16.56679,50,57.791319
-20.931973,50,57.841982
-21.820246,50,57.885723
-11.949183,50,57.925527
-17.49463,50,57.963933
-15.631701,50,58.0151
-15.260349,50,58.065206
-12.826031,50,58.11425
-14.05229,50,58.159087
-15.550352,50,58.213276
-15.405992,50,58.262012
-14.648424,50,58.30466
-13.94513,50,58.360209
-16.741432,50,58.848139
-12.884959,50,58.90557
-14.833904,50,58.961146
-15.176314,50,59.019049
-12.020507,50,59.076072
-17.530371,50,59.132343
-17.294268,50,59.188096
-18.230556,50,59.239929
-15.204695,50,59.299757
-14.205486,50,59.355541
-11.579222,50,59.417632
-12.546316,50,59.466877
-16.229687,50,59.519973
-13.916359,50,59.590789
-13.685358,50,59.648921
-10.093778,50,59.710069
-13.964079,50,59.767133
-16.834492,50,59.827324
-18.15293,50,59.884429
-13.946215,50,59.93745
-16.704726,50,59.985357
-15.937959,50,60.036514
-15.100738,50,60.099539
-15.57784,50,60.15529
-15.415496,50,60.214541
-12.825166,50,60.270513
-20.818434,50,60.327751
-15.166341,50,60.379784
-13.417879,50,60.428957
-13.910652,50,60.488737
-14.39455,50,60.543308
-14.640364,50,60.587098
-11.947662,50,60.635413
-18.579297,50,60.682158
-13.714781,50,60.725461
-12.678119,50,60.793106
-14.633833,50,60.842675
-22.571952,50,60.896386
-22.383929,50,60.960019
-13.032573,50,61.021739
-15.675717,50,61.068041
-16.782785,50,61.556096
-9.746477,50,61.59433
-12.405557,50,61.635035
-16.932688,50,61.671713
-11.038121,50,61.707309
-17.546918,50,61.765064
-15.49335,50,61.818286
-12.789518,50,61.867317
-17.158526,50,61.923564
-12.412202,50,61.97931
-13.754107,50,62.035903
-18.259545,50,62.068244
-12.111606,50,62.104645
-11.278222,50,62.14399
-13.742063,50,62.17831
-14.079766,50,62.213962
-14.854013,50,62.2544
-17.500423,50,62.289434
-14.143311,50,62.32947
-15.419125,50,62.3654
-14.042438,50,62.400465
-18.482992,50,62.436823
-14.488767,50,62.47231
-11.19319,50,62.51692
-12.700319,50,62.562749
-20.302384,50,62.6203
-14.286551,50,62.662048
-19.604115,50,62.698567
-12.987566,50,62.750744
-12.894789,50,62.789937
-17.611174,50,62.839198
-10.276328,50,62.896019
-10.537098,50,62.936181
-11.296844,50,62.97286
-12.249258,50,63.017796
-15.410494,50,63.058761
-20.122644,50,63.096128
-10.913505,50,63.133718
-12.718421,50,63.171366
-14.2656,50,63.212598
-13.629664,50,63.259237
-18.932101,50,63.742274
-16.547784,50,63.77424
-11.109215,50,63.810623
-18.1237,50,63.843223
-13.874922,50,63.88002
-11.283332,50,63.923061
-14.774437,50,63.972481
-14.645999,50,64.011674
-19.073882,50,64.056393
-16.367412,50,64.116984
-15.885466,50,64.158593
-13.855814,50,64.19565
-16.207323,50,64.228834
-12.733303,50,64.26085
-14.667008,50,64.294071
-12.330872,50,64.342451
-12.911943,50,64.37905
-16.179903,50,64.412106
-15.614817,50,64.44501
-15.673806,50,64.477617
-18.343969,50,64.51003
-16.8594,50,64.542372
-11.810363,50,64.574794
-15.716777,50,64.607319
-15.873521,50,64.639602
-11.904535,50,64.674816
-13.149867,50,64.714253
-10.712182,50,64.763759
-14.232502,50,64.8054
-15.462517,50,64.85012
-17.825556,50,64.892077
-11.199705,50,64.922612
-12.621831,50,64.956748
-13.823041,50,65.004697
-10.407811,50,65.056601
-11.454826,50,65.099414
-14.12453,50,65.145246
-12.59477,50,65.194809
-19.15672,50,65.227598
-14.382651,50,65.259533
-13.963613,50,65.696905
-13.270361,50,65.732634
-14.616136,50,65.765388
-10.296267,50,65.797629
-14.572842,50,65.829821
-17.979728,50,65.867748
-10.94166,50,65.921703
-15.201577,50,65.963538
-12.822656,50,66.012489
-12.908366,50,66.047974
-17.005007,50,66.084318
-14.948717,50,66.116927
-20.306866,50,66.150728
-12.005221,50,66.196185
-13.454028,50,66.238951
-15.201295,50,66.272328
-8.942428,50,66.308908
-11.759307,50,66.342569
-16.901923,50,66.384681
-12.260562,50,66.425466
-14.551974,50,66.46474
-12.982205,50,66.496552
-9.854564,50,66.527081
-10.977122,50,66.558902
-10.745428,50,66.591206
-14.723928,50,66.62089
-11.401716,50,66.650715
-12.162729,50,66.680448
-13.359413,50,66.71031
-12.203922,50,66.740786
-14.091427,50,66.774912
-13.318284,50,66.81872
-15.792822,50,66.855916
-12.294478,50,66.893217
-11.07098,50,66.944709
-11.052077,50,66.980357
-13.216617,50,67.025989
-19.746434,50,67.060905
-16.03143,50,67.097303
-15.779822,50,67.157165
-9.874908,50,67.215399
-15.104836,50,67.674736
-13.488411,50,67.709127
-9.73284,50,67.749524
-13.573007,50,67.787452
-14.495017,50,67.824662
-12.493499,50,67.860465
-13.690403,50,67.893949
-11.470623,50,67.953541
-10.499896,50,68.001376
-12.891621,50,68.043358
-16.212475,50,68.081798
-14.20451,50,68.135213
-11.60444,50,68.174296
-10.812272,50,68.214312
-12.378879,50,68.275079
-13.461273,50,68.345409
-14.311599,50,68.413705
-13.927348,50,68.484396
-17.878542,50,68.555809
-12.852858,50,68.634385
-12.652406,50,68.707727
-18.025661,50,68.77916
-12.285828,50,68.855677
-16.916428,50,68.932
-12.531549,50,69.001077
-11.754673,50,69.071313
-13.981186,50,69.139698
-11.189992,50,69.207961
-13.635904,50,69.280247
-13.862235,50,69.35163
-12.665514,50,69.428902
-13.793222,50,69.502908
-10.580205,50,69.575519
-11.85023,50,69.647901
-14.806617,50,69.720384
-11.45311,50,69.793224
-10.322617,50,69.868276
-13.99327,50,69.942175
-14.229154,50,70.014704
-18.464427,50,70.087567
-12.154127,50,70.162302
-13.091066,50,71.133649
-11.184614,50,71.212353
-15.826392,50,71.289372
-17.974096,50,71.358951
-15.902127,50,71.427803
-11.864526,50,71.501324
-11.543162,50,71.57349
-17.107233,50,71.647916
-11.005449,50,71.720596
-10.851034,50,71.791919
-12.004088,50,71.865204
-12.814094,50,71.916498
-14.549311,50,71.960801
-15.000412,50,71.995512
-12.953644,50,72.029589
-11.700887,50,72.065254
-13.760066,50,72.099987
-12.995232,50,72.156929
-14.68263,50,72.228316
-11.856043,50,72.300641
-17.392039,50,72.369578
-9.769331,50,72.441386
-11.227028,50,72.512922
-11.293038,50,72.58304
-12.782349,50,72.656052
-15.647126,50,72.726577
-9.832177,50,72.798635
-17.638225,50,72.868468
-15.248154,50,72.940913
-15.486508,50,73.012474
-10.41723,50,73.082125
-16.298603,50,73.149868
-12.870219,50,73.221319
-10.310517,50,73.290244
-20.088743,50,73.361369
-14.348537,50,73.430007
-14.358959,50,73.501181
-17.433906,50,73.57293
-10.904638,50,73.644871
-10.138366,50,73.715755
-15.874155,50,73.788607
-16.621229,50,74.706836
-7.339501,50,74.780478
-14.506678,50,74.849379
-12.610039,50,74.922655
-13.05636,50,74.992101
-11.224328,50,75.060507
-14.467455,50,75.130242
-10.313451,50,75.199373
-13.341054,50,75.270395
-16.324723,50,75.341024
-13.083636,50,75.412192
-16.02397,50,75.482255
-13.510412,50,75.549721
-9.992767,50,75.617485
-11.139961,50,75.687192
-12.663344,50,75.758747
-16.678899,50,75.828506
-14.794519,50,75.896414
-13.494331,50,75.966044
-10.254688,50,76.036608
-12.161008,50,76.075496
-11.0389,50,76.110993
-13.718716,50,76.146939
-8.911599,50,76.18544
-11.791251,50,76.221862
-9.015894,50,76.255524
-10.311887,50,76.289281
-16.630926,50,76.322479
-9.697735,50,76.356385
-11.608484,50,76.389772
-12.917039,50,76.426739
-9.046918,50,76.468793
-11.951994,50,76.505539
-12.10558,50,76.550058
-13.190151,50,76.582003
-9.38406,50,76.616907
-13.888657,50,76.649777
-10.516744,50,76.683618
-13.9929,50,76.719701
-11.593337,50,76.756615
-10.639508,50,76.789202
-12.925055,50,77.25732
-10.970039,50,77.304787
-15.250059,50,77.339873
-14.641492,50,77.37197
-10.556059,50,77.408637
-15.727171,50,77.44547
-12.640524,50,77.478048
-11.558486,50,77.51813
-10.552531,50,77.554012
-9.472439,50,77.593706
-12.229519,50,77.638565
-9.94469,50,77.677915
-12.465398,50,77.716474
-13.484246,50,77.760251
-12.568899,50,77.792028
-9.262536,50,77.824093
-10.18712,50,77.864917
-11.858942,50,77.926654
-12.25694,50,77.982396
-12.868721,50,78.023785
-8.99116,50,78.075972
-9.641383,50,78.129829
-13.623553,50,78.175436
-11.893615,50,78.22129
-15.201426,50,78.25851
-12.119797,50,78.306019
-9.958298,50,78.353939
-10.454971,50,78.388061
-14.852944,50,78.420333
-9.134705,50,78.465506
-7.43171,50,78.503328
-11.081844,50,78.53532
-11.161715,50,78.587514
-15.436389,50,78.62081
-10.25215,50,78.653122
-11.484683,50,78.688008
-13.883106,50,78.732521
-15.160031,50,78.775774
-16.561469,50,78.819215
-15.904887,50,78.851936
-11.072258,50,78.892873
-14.071553,50,79.336779
-15.279108,50,79.388251
-10.293923,50,79.438851
-10.398689,50,79.478064
-9.728232,50,79.515542
-11.318028,50,79.546755
-12.539124,50,79.59762
-11.044842,50,79.643276
-15.101511,50,79.679767
-14.64286,50,79.724718
-10.932194,50,79.77843
-10.762065,50,79.834973
-9.489226,50,79.891398
-13.243778,50,79.949452
-16.522623,50,80.002673
-11.102764,50,80.04112
-13.377337,50,80.089822
-10.591162,50,80.130812
-11.643211,50,80.166044
-17.408147,50,80.206513
-12.863649,50,80.267183
-15.568445,50,80.313396
-12.137362,50,80.379668
-13.625474,50,80.442057
-13.131729,50,80.481563
-13.241027,50,80.525962
-8.547438,50,80.578691
-10.784622,50,80.629416
-11.984785,50,80.682034
-12.81777,50,80.738024
-11.350969,50,80.799398
-15.53909,50,80.86509
-11.513602,50,80.93086
-10.959318,50,80.99095
-12.801135,50,81.052815
-10.15493,50,81.111488
-15.735986,50,81.168539
-10.836283,50,81.225044
-10.67868,50,81.28487
-15.448121,50,81.342842
-10.266585,50,81.395792
-9.381795,50,81.864126
-12.885133,50,81.924553
-16.027456,50,81.96694
-10.744778,50,82.025644
-9.048911,50,82.075752
-8.975601,50,82.113519
-12.199228,50,82.147296
-14.770379,50,82.190536
-12.646244,50,82.228283
-10.534798,50,82.271973
-9.303088,50,82.301455
-14.46518,50,82.331975
-15.850171,50,82.376069
-10.062806,50,82.411229
-15.623535,50,82.446294
-8.885862,50,82.496943
-11.277339,50,82.555478
-10.161427,50,82.61459
-13.701397,50,82.660656
-15.06813,50,82.705162
-9.863689,50,82.756143
-12.424719,50,82.788028
-9.425801,50,82.834821
-8.84,50,82.889742
-12.317147,50,82.933258
-11.927542,50,82.986018
-8.279308,50,83.027542
-11.803085,50,83.071977
-14.63418,50,83.11253
-17.656896,50,83.159506
-12.932956,50,83.199584
-11.483209,50,83.252628
-17.551451,50,83.292897
-10.084142,50,83.339893
-13.212012,50,83.384817
-11.515383,50,83.439782
-10.993618,50,83.485345
-9.612768,50,83.537588
-11.384856,50,83.57243
-12.908278,50,83.622013
-15.128974,50,83.670639
-10.28572,50,84.15442
-9.793159,50,84.215512
-13.719052,50,84.265576
-15.225625,50,84.327266
-9.901907,50,84.361191
-15.669256,50,84.415881
-11.014849,50,84.463977
-16.292615,50,84.51261
-19.486212,50,84.558869
-8.488527,50,84.610838
-10.903988,50,84.667611
-15.699065,50,84.726126
-10.005903,50,84.767958
-10.727346,50,84.82509
-12.606615,50,84.875257
-12.223557,50,84.918029
-10.459927,50,84.961494
-8.290943,50,85.006148
-11.417166,50,85.059817
-15.305427,50,85.108689
-10.466424,50,85.16472
-11.936376,50,85.222149
-16.82165,50,85.281119
-16.762723,50,85.322791
-13.557462,50,85.37351
-9.802789,50,85.420265
-10.454138,50,85.478806
-7.361762,50,85.51559
-9.597944,50,85.568398
-12.892111,50,85.619501
-8.786252,50,85.675224
-10.873458,50,85.729249
-10.706581,50,85.789392
-9.700787,50,85.844026
-10.614895,50,85.893182
-14.897239,50,85.951366
-14.464111,50,86.000056
-8.453707,50,86.050167
-14.954802,50,86.095184
-12.915632,50,86.139255
-7.978876,50,86.179541
-13.153847,50,86.667616
-14.867885,50,86.720868
-9.624004,50,86.759037
-10.118723,50,86.809001
-15.762711,50,86.860084
-10.034016,50,86.893154
-8.035144,50,86.943531
-11.495633,50,86.986466
-15.653979,50,87.03723
-15.18991,50,87.092394
-14.604668,50,87.150373
-12.833469,50,87.214386
-8.413681,50,87.279996
-11.687478,50,87.33503
-9.001093,50,87.396669
-9.915597,50,87.460559
-13.060397,50,87.526901
-15.757833,50,87.588381
-9.580198,50,87.649124
-16.740242,50,87.709687
-9.357429,50,87.770415
-16.986152,50,87.817754
-10.343393,50,87.867104
-9.224643,50,87.926327
-14.519796,50,87.98534
-10.062668,50,88.036607
-10.708503,50,88.090769
-11.599043,50,88.150381
-8.397822,50,88.20234
-7.703626,50,88.242175
-8.436361,50,88.304916
-12.929272,50,88.347898
-12.025132,50,88.402979
-8.597579,50,88.450687
-10.102091,50,88.493324
-11.042415,50,88.53362
-9.343974,50,88.586512
-8.273056,50,88.649132
-11.355621,50,88.69107
-10.426932,50,88.740891
-12.883296,50,88.785941
-10.337074,50,89.274042
-6.996112,50,89.334788
-10.889037,50,89.389292
-13.420349,50,89.452516
-11.102611,50,89.491675
-17.617927,50,89.53311
-12.141893,50,89.570131
-8.228646,50,89.610939
-7.699695,50,89.667717
-13.563679,50,89.724873
-15.456189,50,89.773411
-13.403432,50,89.818048
-8.640795,50,89.85863
-13.398804,50,89.902846
-10.834447,50,89.945807
-17.668996,50,89.990445
-11.574525,50,90.027767
-10.871089,50,90.074886
-12.31474,50,90.116015
-14.885295,50,90.155868
-10.914926,50,90.202455
-11.876899,50,90.249009
-9.431244,50,90.307296
-10.395678,50,90.362203
-12.621194,50,90.400534
-8.893273,50,90.44591
-13.597316,50,90.501386
-8.893533,50,90.545291
-13.791796,50,90.590442
-14.49624,50,90.630271
-10.80758,50,90.683301
-12.325447,50,90.728668
-13.382576,50,90.76913
-11.724928,50,90.824503
-13.285481,50,90.871259
-8.44245,50,90.918794
-10.582306,50,90.960275
-10.336354,50,90.998822
-13.60988,50,91.053368
-10.64428,50,91.094619
-15.102923,50,91.145209
-8.542291,50,91.601338
-11.25554,50,91.655163
-7.04699,50,91.708435
-11.770421,50,91.75143
-12.91353,50,91.789641
-9.516874,50,91.835976
-12.426491,50,91.876317
-15.274477,50,91.922064
-7.661064,50,91.963664
-9.037816,50,92.012069
-10.437954,50,92.056116
-12.309501,50,92.091583
-10.449895,50,92.143404
-14.553857,50,92.183011
-8.158314,50,92.214967
-9.826127,50,92.262667
-17.742621,50,92.306943
-9.880082,50,92.359043
-7.070542,50,92.418467
-8.196376,50,92.456758
-8.768378,50,92.518774
-11.977269,50,92.578093
-10.700331,50,92.626483
-9.299705,50,92.682384
-9.939051,50,92.746134
-13.042524,50,92.800128
-10.501589,50,92.855927
-16.269668,50,92.908068
-7.40675,50,92.9536
-7.751612,50,93.006395
-9.188599,50,93.056665
-13.234328,50,93.111938
-12.798892,50,93.148393
-13.237726,50,93.190905
-11.140422,50,93.241107
-12.780758,50,93.292832
-11.243045,50,93.332962
-8.228107,50,93.368541
-14.2036,50,93.416401
-17.114753,50,93.468177
-13.177545,50,93.518573
-11.698139,50,94.004345
-9.569137,50,94.044018
-7.884528,50,94.091011
-10.297557,50,94.14867
-13.810792,50,94.207355
-8.127741,50,94.262628
-15.193624,50,94.313262
-12.973601,50,94.351515
-12.588088,50,94.392547
-11.522859,50,94.44534
-6.475109,50,94.494869
-13.35051,50,94.548635
-6.90294,50,94.590501
-7.995139,50,94.648366
-7.40287,50,94.701144
-9.758981,50,94.758412
-8.209137,50,94.813123
-14.830618,50,94.86417
-7.028284,50,94.91797
-11.919018,50,94.97298
-8.472424,50,95.030331
-13.311667,50,95.079466
-15.463064,50,95.119127
-8.366208,50,95.150818
-13.753723,50,95.20829
-16.567077,50,95.252153
-9.176604,50,95.298343
-7.474181,50,95.35208
-13.368882,50,95.390286
-12.540194,50,95.442493
-12.156749,50,95.488307
-10.595143,50,95.560636
-8.694466,50,95.615392
-8.52368,50,95.655582
-6.482907,50,95.70912
-13.941277,50,95.750947
-14.359648,50,95.790419
-14.8535,50,95.840403
-17.533218,50,95.885226
-12.003316,50,95.938376
-16.145927,50,95.998556
-7.061022,50,96.447667
-9.772299,50,96.499907
-13.475879,50,96.541552
-10.860409,50,96.583019
-13.713434,50,96.638018
-11.608365,50,96.691327
-8.821497,50,96.746071
-14.16272,50,96.792468
-9.807134,50,96.83989
-14.104829,50,96.882265
-7.314837,50,96.92177
-9.670152,50,96.95979
-8.15798,50,97.006247
-15.376158,50,97.060877
-8.893897,50,97.119301
-9.137557,50,97.173903
-12.925171,50,97.227787
-8.200593,50,97.284847
-12.591878,50,97.335458
-10.952594,50,97.386844
-10.339028,50,97.427286
-12.961197,50,97.475085
-13.620915,50,97.512425
-14.580538,50,97.554012
-9.936114,50,97.603176
-9.750834,50,97.634501
-8.513276,50,97.674589
-13.152196,50,97.712724
-9.972708,50,97.766065
-8.391519,50,97.816782
-10.53686,50,97.867013
-9.143272,50,97.901446
-9.287316,50,97.933823
-11.654575,50,97.97607
-8.301321,50,98.033438
-12.84833,50,98.090925
-7.53899,50,98.144551
-10.901622,50,98.198071
-15.539881,50,98.256663
-7.719747,50,98.303177
-9.890387,50,98.355473
-9.407937,50,98.791507
-10.320525,50,98.8372
-9.739938,50,98.875053
-10.365088,50,98.910461
-16.264518,50,98.945272
-10.845715,50,99.006201
-8.912438,50,99.062503
-14.689663,50,99.120619
-13.502639,50,99.179885
-11.349537,50,99.233322
-9.135453,50,99.289608
-10.250344,50,99.348242
-7.885524,50,99.407444
-9.800728,50,99.463107
-10.511658,50,99.516325
-6.693152,50,99.560626
-16.803137,50,99.596918
-10.147047,50,99.642005
-6.490896,50,99.683627
-7.552082,50,99.73361
-9.848668,50,99.771614
-12.274861,50,99.818584
-10.4178,50,99.857689
-18.353553,50,99.90011
-7.377551,50,99.953926
-14.247497,50,100.000239
-7.354427,50,100.053994
-6.878585,50,100.107621
-11.96285,50,100.162112
-11.336456,50,100.216182
-13.610007,50,100.277735
-11.648035,50,100.330292
-14.288373,50,100.386641
-8.370082,50,100.443324
-7.27151,50,100.492953
-6.451955,50,100.539625
-11.705786,50,100.590026
-10.24492,50,100.627525
-7.46703,50,100.676706
-8.543749,50,100.717826
-15.950568,50,100.758581
-13.4977,50,101.223646
-14.114906,50,101.27907
-10.161923,50,101.331498
-6.818148,50,101.388549
-6.560501,50,101.439576
-15.075245,50,101.50214
-10.14835,50,101.555249
-12.597774,50,101.615327
-9.276131,50,101.667247
-16.226167,50,101.72598
-5.787335,50,101.768237
-9.381745,50,101.807428
-9.725385,50,101.849592
-8.999682,50,101.89065
-9.911232,50,101.93564
-8.823485,50,101.978147
-13.480886,50,102.021226
-14.974393,50,102.064523
-8.782836,50,102.104119
-13.212544,50,102.156003
-10.667673,50,102.210884
-14.031043,50,102.260401
-8.229047,50,102.320073
-6.952322,50,102.374713
-8.733111,50,102.426674
-13.306011,50,102.48259
-12.024258,50,102.544119
-5.47391,50,102.588315
-8.401668,50,102.626188
-13.354763,50,102.667831
-9.033423,50,102.705268
-7.23787,50,102.744314
-13.436588,50,102.782392
-9.721128,50,102.826461
-6.845479,50,102.874409
-12.574824,50,102.913502
-15.465176,50,102.959937
-12.195105,50,102.994602
-9.183037,50,103.038045
-7.912307,50,103.073151
-7.040582,50,103.103976
-16.821751,50,103.568647
-7.928826,50,103.620057
-11.187251,50,103.673295
-9.710626,50,103.732346
-10.540981,50,103.784377
-7.011344,50,103.846332
-8.471684,50,103.903559
-9.89013,50,103.965029
-7.848668,50,104.012486
-8.748728,50,104.073007
-13.904614,50,104.11832
-10.741134,50,104.168835
-12.250211,50,104.212739
-9.311501,50,104.255559
-14.158897,50,104.292755
-13.080483,50,104.329193
-7.299817,50,104.375491
-7.984865,50,104.434433
-6.168165,50,104.474177
-7.352685,50,104.533939
-9.850275,50,104.578281
-9.623342,50,104.63443
-9.859918,50,104.688288
-7.458011,50,104.739336
-15.28582,50,104.786383
-10.967181,50,104.838561
-8.426619,50,104.891023
-6.844844,50,104.947673
-9.439693,50,104.987712
-11.629885,50,105.021174
-16.406257,50,105.066318
-5.887256,50,105.113447
-10.576281,50,105.15686
-9.451661,50,105.196294
-7.112283,50,105.245121
-11.701648,50,105.300988
-9.562225,50,105.34199
-7.705447,50,105.396584
-7.005104,50,105.44496
-15.102938,50,105.496795
-9.827744,50,105.556005
-12.095945,50,106.016104
-13.596274,50,106.07622
-11.655258,50,106.129715
-8.557199,50,106.167999
-12.550097,50,106.215441
-9.216287,50,106.253799
-18.173011,50,106.304899
-7.99834,50,106.349084
-10.47877,50,106.390056
-7.753521,50,106.440339
-9.463629,50,106.481506
-14.213823,50,106.528399
-6.10615,50,106.590346
-11.229519,50,106.641934
-11.943159,50,106.694905
-8.809972,50,106.755516
-9.365146,50,106.812111
-9.068611,50,106.865905
-9.797027,50,106.9187
-12.495167,50,106.968812
-12.823874,50,107.022001
-16.346508,50,107.070758
-11.672786,50,107.120331
-12.300811,50,107.178957
-8.042548,50,107.219277
-7.817316,50,107.259569
-7.32936,50,107.308199
-17.066468,50,107.352478
-9.575639,50,107.395489
-15.21828,50,107.449557
-11.833198,50,107.495595
-10.593701,50,107.545175
-14.815718,50,107.597879
-12.907565,50,107.646397
-17.022311,50,107.697438
-7.221072,50,107.745121
-14.635642,50,107.788582
-10.823358,50,107.834435
-10.13896,50,107.870655
-15.421054,50,107.914103
-13.462418,50,107.956078
-15.50745,50,108.488697
-15.233477,50,108.54343
-10.838706,50,108.601699
-9.856433,50,108.655706
-15.786895,50,108.7091
-15.854347,50,108.755661
-11.890157,50,108.806703
-14.612488,50,108.853625
-11.309478,50,108.91308
-5.950806,50,108.960259
-12.799465,50,109.006783
-15.438235,50,109.055083
-12.89935,50,109.101736
-8.718643,50,109.147421
-10.5751,50,109.198595
-15.530656,50,109.248181
-7.143642,50,109.308026
-14.430963,50,109.360402
-13.486791,50,109.403032
-8.744901,50,109.458956
-8.240118,50,109.512927
-12.516669,50,109.568969
-11.178118,50,109.626064
-16.730606,50,109.683541
-10.825766,50,109.740563
-10.97339,50,109.781502
-7.602,50,109.827467
-14.558307,50,109.872413
-10.833733,50,109.919779
-11.474373,50,109.957451
-9.291777,50,110.002932
-12.617766,50,110.038186
-9.558261,50,110.074897
-6.660112,50,110.12185
-7.188492,50,110.164793
-10.74388,50,110.215311
-11.14379,50,110.261562
-5.823373,50,110.304511
-13.774101,50,110.345949
-9.200349,50,110.390238
-12.547033,50,110.429525
-6.920544,50,110.906773
-14.186272,50,110.956269
-14.53698,50,111.019747
-8.055161,50,111.07572
-15.163316,50,111.125546
-7.552068,50,111.156545
-9.649265,50,111.21295
-12.660531,50,111.243937
-7.869137,50,111.307953
-14.205637,50,111.3536
-14.199229,50,111.400181
-8.125088,50,111.446965
-7.91855,50,111.480238
-15.759597,50,111.513149
-8.356816,50,111.545992
-11.151153,50,111.579403
-12.418065,50,111.613872
-6.712345,50,111.661605
-9.129717,50,111.70953
-10.722492,50,111.742932
-13.920688,50,111.782538
-10.211025,50,111.816246
-15.398025,50,111.849323
-7.632869,50,111.906431
-10.750091,50,111.962791
-14.127949,50,112.027523
-15.161698,50,112.092675
-15.446274,50,112.151572
-16.704442,50,112.208157
-14.61553,50,112.267072
-15.314474,50,112.32985
-10.553533,50,112.394345
-9.859349,50,112.452104
-11.869883,50,112.504163
-12.692691,50,112.537141
-15.953974,50,112.576674
-6.676047,50,112.617002
-14.323737,50,112.672787
-7.897501,50,112.724528
-6.042277,50,112.765015
-10.397081,50,112.806453
-13.491099,50,113.280546
-7.057926,50,113.340679
-8.182683,50,113.396852
-14.690117,50,113.45698
-10.047525,50,113.513759
-8.477036,50,113.585851
-10.799681,50,113.639989
-13.51854,50,113.709978
-11.440937,50,113.77734
-8.929242,50,113.841826
-13.109205,50,113.898178
-11.390282,50,113.942597
-5.922131,50,113.998243
-9.766383,50,114.064953
-9.435684,50,114.107097
-7.415764,50,114.165811
-10.550589,50,114.228284
-11.718723,50,114.291708
-15.056322,50,114.351244
-11.747848,50,114.408362
-7.33241,50,114.473065
-17.536148,50,114.540226
-9.210655,50,114.594292
-15.728611,50,114.653879
-10.69759,50,114.71861
-7.129504,50,114.756471
-10.074862,50,114.791689
-16.09439,50,114.83826
-15.903032,50,114.886306
-13.32479,50,114.931195
-14.902495,50,114.965768
-7.462173,50,115.012574
-9.388878,50,115.053285
-10.620633,50,115.100012
-8.561426,50,115.138742
-11.119393,50,115.193328
-14.417095,50,115.260135
-8.484305,50,115.321386
-10.802147,50,115.376701
-11.021668,50,115.441421
-13.13279,50,115.503296
-9.899358,50,115.993269
-9.648966,50,116.050898
-6.146867,50,116.091171
-19.357475,50,116.130528
-15.768109,50,116.172919
-7.979114,50,116.216378
-10.84454,50,116.265363
-9.463978,50,116.316529
-11.395931,50,116.369776
-8.764344,50,116.42474
-5.484332,50,116.48312
-5.027401,50,116.549028
-10.571883,50,116.606312
-9.791261,50,116.666878
-8.252303,50,116.722245
-11.290919,50,116.777361
-8.634263,50,116.835855
-10.398002,50,116.883876
-8.303785,50,116.929088
-7.864273,50,116.970322
-13.012231,50,117.020639
-15.583225,50,117.078638
-11.61068,50,117.126789
-9.394816,50,117.17624
-8.867639,50,117.218343
-6.024893,50,117.271385
-10.266762,50,117.331058
-15.622475,50,117.395218
-14.110455,50,117.4567
-11.27576,50,117.505472
-10.138405,50,117.557269
-9.385506,50,117.603693
-8.436104,50,117.663942
-12.050994,50,117.713307
-13.414573,50,117.759817
-14.214058,50,117.802815
-6.557516,50,117.861503
-14.128631,50,117.91608
-17.533614,50,117.97668
-13.189007,50,118.028263
-9.327973,50,118.090731
-7.215672,50,118.575042
-10.036948,50,118.622425
-17.660889,50,118.677488
-9.718699,50,118.735312
-6.311263,50,118.784361
-8.415026,50,118.841044
-4.373681,50,118.893811
-11.511258,50,118.945695
-15.517881,50,119.004541
-12.138488,50,119.052141
-14.973455,50,119.104892
-9.558898,50,119.148649
-9.498295,50,119.209911
-10.758066,50,119.265527
-5.615249,50,119.321798
-16.679062,50,119.357171
-11.870315,50,119.402815
-12.367794,50,119.446685
-8.024462,50,119.48816
-9.567736,50,119.551496
-8.97484,50,119.606312
-6.491172,50,119.664291
-13.447141,50,119.72028
-9.1644,50,119.764256
-10.929505,50,119.801981
-13.749632,50,119.83744
-11.031083,50,119.876191
-8.311437,50,119.925565
-13.028036,50,119.961776
-7.240724,50,120.000266
-10.249511,50,120.041659
-11.289675,50,120.093089
-9.087073,50,120.145143
-9.657476,50,120.204336
-6.998201,50,120.247259
-13.402447,50,120.30278
-8.138079,50,120.349854
-6.747668,50,120.388851
-8.710806,50,120.432469
-8.079549,50,120.465447
-6.013865,50,120.501481
-11.358542,50,120.973316
-12.885999,50,121.030587
-5.257146,50,121.089258
-8.907246,50,121.14858
-14.943606,50,121.207228
-9.99496,50,121.257304
-8.728755,50,121.306963
-10.750362,50,121.363628
-11.422382,50,121.419475
-9.653964,50,121.45829
-10.583398,50,121.498317
-12.912686,50,121.54868
-8.075406,50,121.586053
-9.309933,50,121.633485
-17.087541,50,121.687546
-13.07841,50,121.723186
-18.461943,50,121.775386
-10.24645,50,121.833366
-6.997586,50,121.895079
-12.525107,50,121.934868
-16.152491,50,122.000043
-18.575271,50,122.053337
-10.422977,50,122.107143
-12.173458,50,122.167733
-7.625495,50,122.224332
-8.082091,50,122.277487
-8.979804,50,122.321018
-11.77026,50,122.366396
-14.974859,50,122.407165
-12.764396,50,122.440263
-6.12594,50,122.473754
-13.206553,50,122.525549
-16.30488,50,122.575561
-14.671051,50,122.631511
-8.662906,50,122.682826
-9.809265,50,122.734105
-7.108535,50,122.774331
-5.595138,50,122.81552
-14.954925,50,122.880625
-6.634765,50,122.921852
-7.987006,50,122.98193
-9.528611,50,123.486427
-6.002341,50,123.533084
-12.297253,50,123.577692
-9.684487,50,123.610448
-8.821126,50,123.658737
-18.214374,50,123.713599
-13.807977,50,123.756938
-13.921586,50,123.808628
-14.46495,50,123.847631
-6.542636,50,123.907715
-7.781281,50,123.958853
-14.378956,50,124.013821
-16.407057,50,124.062383
-6.743858,50,124.120993
-8.208752,50,124.181713
-4.946935,50,124.243176
-8.842612,50,124.286671
-8.023778,50,124.34395
-11.315324,50,124.39876
-8.415502,50,124.452338
-14.321472,50,124.488738
-10.914466,50,124.546906
-13.992562,50,124.604426
-8.259079,50,124.669876
-7.114005,50,124.729655
-16.169716,50,124.776621
-14.708832,50,124.836746
-4.467503,50,124.874036
-14.536821,50,124.91845
-15.850917,50,124.969875
-14.788892,50,125.022398
-9.721549,50,125.063338
-14.994881,50,125.108749
-8.985214,50,125.155728
-7.45415,50,125.207059
-7.426727,50,125.269295
-12.266786,50,125.335402
-16.049969,50,125.396086
-6.481746,50,125.450989
-6.149804,50,125.503864
-12.139518,50,125.598153
-17.260167,50,126.10181
-15.616389,50,126.16284
-14.586894,50,126.220292
-15.811313,50,126.282268
-7.355851,50,126.338663
-6.167932,50,126.397268
-4.940228,50,126.455395
-6.044192,50,126.507183
-11.352944,50,126.561507
-10.926218,50,126.626665
-12.730029,50,126.685036
-10.709188,50,126.742187
-10.832222,50,126.798737
-15.769021,50,126.858277
-11.269037,50,126.915319
-8.254576,50,126.961477
-16.690541,50,127.000896
-7.726308,50,127.045668
-16.1711,50,127.078905
-9.807505,50,127.138198
-10.647845,50,127.198405
-9.064,50,127.249488
-7.495152,50,127.294355
-7.390928,50,127.329311
-11.081244,50,127.361076
-9.642628,50,127.397197
-12.562763,50,127.431746
-5.915248,50,127.465726
-12.86869,50,127.500761
-4.082003,50,127.537316
-16.7216,50,127.573959
-17.536319,50,127.608088
-4.466546,50,127.643234
-8.434655,50,127.696029
-13.509437,50,127.737167
-12.996264,50,127.768514
-11.233165,50,127.799957
-7.978859,50,127.831251
-7.189129,50,127.862561
-7.674362,50,127.893957
-11.065478,50,128.36068
-7.58344,50,128.402182
-12.269729,50,128.453812
-10.809456,50,128.502892
-10.429232,50,128.554851
-12.275191,50,128.5969
-11.450388,50,128.631657
-4.19424,50,128.667625
-7.683746,50,128.705944
-9.243916,50,128.749166
-7.993007,50,128.788459
-13.964608,50,128.827182
-18.579149,50,128.865675
-14.405725,50,128.901611
-9.988071,50,128.936444
-13.009632,50,128.971755
-17.67361,50,129.003942
-10.313663,50,129.03583
-8.887648,50,129.072002
-12.663195,50,129.107117
-6.017097,50,129.141611
-8.216105,50,129.176805
-12.463526,50,129.213731
-9.983525,50,129.249924
-6.430112,50,129.285689
-9.549572,50,129.325368
-8.655368,50,129.356999
-6.657005,50,129.39126
-12.524235,50,129.426286
-7.306717,50,129.460663
-13.02296,50,129.495073
-13.07607,50,129.529467
-8.939003,50,129.563874
-6.704042,50,129.598625
-5.415575,50,129.633672
-8.799196,50,129.669094
-9.864133,50,129.718637
-19.135154,50,129.772451
-14.087521,50,129.805384
-13.343255,50,129.83886
-9.476938,50,129.88796
-16.200432,50,130.359468
-9.798479,50,130.416626
-10.088756,50,130.468937
-8.203998,50,130.519404
-4.628634,50,130.564297
-16.643055,50,130.608941
-8.547777,50,130.648375
-12.946808,50,130.702462
-9.118042,50,130.741399
-16.286747,50,130.784143
-7.410899,50,130.816566
-14.144228,50,130.850763
-11.001594,50,130.888918
-11.895509,50,130.925298
-14.197786,50,130.957183
-8.778434,50,130.996487
-11.352547,50,131.044272
-17.429154,50,131.077544
-15.780656,50,131.109617
-11.829201,50,131.141156
-12.065166,50,131.186066
-8.894993,50,131.221882
-11.942083,50,131.26679
-3.743843,50,131.316152
-8.637159,50,131.347644
-10.850504,50,131.379739
-8.939071,50,131.411532
-10.546896,50,131.44424
-14.341455,50,131.488887
-6.278727,50,131.522365
-7.02047,50,131.568165
-6.004459,50,131.607333
-6.202422,50,131.660725
-9.728891,50,131.693854
-11.48135,50,131.727747
-10.55735,50,131.780553
-8.290339,50,131.830246
-11.190047,50,131.869065
-5.327397,50,131.909181
-12.671103,50,131.942942
-8.881873,50,131.983356
-8.842051,50,132.436643
-10.231407,50,132.479116
-7.909992,50,132.531566
-10.994999,50,132.577228
-17.926896,50,132.626747
-6.824039,50,132.660832
-12.626273,50,132.696482
-9.097572,50,132.729084
-6.560335,50,132.78178
-15.080264,50,132.828198
-7.558752,50,132.87383
-13.231688,50,132.911205
-15.945502,50,132.954629
-6.02831,50,132.990299
-10.085644,50,133.024516
-8.766277,50,133.057818
-12.932123,50,133.08957
-10.157316,50,133.124122
-13.683917,50,133.157363
-11.316109,50,133.192756
-13.565944,50,133.226572
-6.83786,50,133.260975
-10.433272,50,133.29674
-9.175383,50,133.33201
-9.899333,50,133.366653
-10.532214,50,133.401363
-15.563253,50,133.450671
-12.795278,50,133.505998
-16.610872,50,133.561766
-16.987898,50,133.612374
-14.507321,50,133.667091
-8.913168,50,133.739623
-7.957267,50,133.810639
-14.223668,50,133.884089
-13.661944,50,133.953333
-11.449205,50,134.023882
-8.504477,50,134.095528
-8.621337,50,134.167875
-10.40032,50,134.238579
-13.348349,50,134.312632
-18.288989,50,134.385229
-10.630005,50,135.317366
-11.837326,50,135.391538
-17.850281,50,135.463712
-19.004195,50,135.535166
-12.009078,50,135.606907
-15.61787,50,135.681486
-13.468713,50,135.752871
-10.927836,50,135.822072
-14.12759,50,135.889822
-13.031498,50,135.960282
-13.790271,50,136.029953
-11.620941,50,136.099171
-10.611086,50,136.168559
-7.526399,50,136.241219
-12.584165,50,136.314653
-15.955227,50,136.386349
-9.296925,50,136.46049
-8.651679,50,136.531249
-14.722732,50,136.600988
-9.408538,50,136.671975
-10.645334,50,136.740928
-10.272356,50,136.810115
-13.940545,50,136.878776
-6.450685,50,136.949341
-12.649651,50,137.019477
-12.675519,50,137.090723
-6.156946,50,137.144667
-11.90511,50,137.191075
-10.635912,50,137.223496
-9.625481,50,137.255236
-12.495516,50,137.288758
-10.965932,50,137.323954
-11.084105,50,137.390089
-16.187918,50,137.457167
-8.72976,50,137.526162
-9.169299,50,137.599799
-14.15026,50,137.674021
-5.997208,50,137.744475
-16.183818,50,137.816369
-10.996087,50,137.886585
-9.664273,50,137.958933
-5.372164,50,138.882292
-8.647864,50,138.956441
-9.260368,50,139.031917
-6.304,50,139.101721
-8.351396,50,139.170612
-13.254342,50,139.239651
-15.394571,50,139.307248
-16.454752,50,139.374925
-7.236054,50,139.442836
-11.632442,50,139.514899
-9.439505,50,139.586013
-18.837663,50,139.659447
-17.738225,50,139.731649
-8.487215,50,139.802496
-8.950941,50,139.870027
-9.482888,50,139.939591
-14.401634,50,140.009626
-10.992876,50,140.080719
-14.013566,50,140.15018
-8.732786,50,140.219885
-7.184406,50,140.293239
-9.398569,50,140.36394
-12.207407,50,140.433166
-8.375312,50,140.507203
-17.555434,50,140.578976
-6.525878,50,140.646301
-16.589595,50,140.71229
-16.257906,50,140.780455
-13.083587,50,140.847726
-11.550395,50,140.91552
-13.512746,50,140.983631
-13.159911,50,141.054853
-10.556145,50,141.125987
-6.620029,50,141.195955
-17.412425,50,141.23932
-7.874212,50,141.274681
-16.285733,50,141.309438
-10.497515,50,141.349319
-14.833587,50,141.384548
-7.297542,50,141.419099
-11.221341,50,141.454161
-6.074661,50,141.938763
-8.214503,50,141.994934
-15.085917,50,142.049113
-11.126758,50,142.09372
-18.253187,50,142.134665
-10.674333,50,142.168378
-11.636684,50,142.205574
-15.115991,50,142.26576
-7.616507,50,142.314787
-8.098304,50,142.371965
-5.666291,50,142.411586
-13.857721,50,142.457137
-13.249554,50,142.495425
-12.673593,50,142.534066
-10.879439,50,142.567614
-11.770735,50,142.600715
-9.379274,50,142.644113
-12.362661,50,142.683096
-11.906434,50,142.717996
-15.083979,50,142.752888
-9.399026,50,142.791753
-8.469847,50,142.831356
-9.205454,50,142.884283
-9.432315,50,142.926762
-13.132094,50,142.963149
-9.612211,50,143.013341
-12.247188,50,143.058811
-7.135899,50,143.108798
-11.632056,50,143.153001
-13.245649,50,143.21398
-8.888417,50,143.260452
-12.055325,50,143.303777
-12.083073,50,143.337561
-8.413957,50,143.385411
-16.101842,50,143.43856
-12.92347,50,143.493272
-14.320178,50,143.542674
-13.128316,50,143.598768
-9.518745,50,143.651727
-13.272016,50,143.699397
-6.859,50,143.743594
-16.02776,50,144.209063
-6.776802,50,144.266765
-7.263171,50,144.311116
-17.557645,50,144.364043
-9.562097,50,144.405859
-16.920722,50,144.451826
-6.407879,50,144.49907
-14.269907,50,144.534537
-8.854424,50,144.579125
-7.192658,50,144.622158
-13.048732,50,144.681341
-10.529781,50,144.72136
-7.031536,50,144.7687
-13.171938,50,144.818515
-13.148733,50,144.868491
-5.261928,50,144.934436
-16.247294,50,144.993148
-10.152693,50,145.044343
-15.758287,50,145.10287
-11.752617,50,145.149935
-15.244779,50,145.198465
-8.610302,50,145.236454
-10.647552,50,145.277602
-14.379913,50,145.327399
-6.902019,50,145.374342
-6.665875,50,145.410371
-9.574135,50,145.469263
-12.339229,50,145.519005
-10.853435,50,145.568347
-15.767778,50,145.614782
-10.91197,50,145.668283
-16.391146,50,145.704931
-11.810807,50,145.739673
-5.878644,50,145.785398
-9.645373,50,145.837117
-10.429992,50,145.887695
-17.354746,50,145.935371
-10.469467,50,145.984469
-9.092613,50,146.038472
-6.561662,50,146.07794
-10.402364,50,146.118224
-11.006887,50,146.573629
-17.441657,50,146.637515
-17.304273,50,146.692107
-10.963043,50,146.743918
-10.533506,50,146.793648
-14.348481,50,146.838142
-11.025763,50,146.882843
-14.692361,50,146.930462
-11.50992,50,146.991495
-6.264019,50,147.045107
-11.05189,50,147.088986
-13.576107,50,147.130699
-16.194968,50,147.166303
-13.979535,50,147.229369
-11.179702,50,147.28067
-6.299913,50,147.341172
-14.194045,50,147.387642
-12.70859,50,147.443645
-9.770303,50,147.490034
-10.623648,50,147.535573
-9.882933,50,147.592745
-8.847059,50,147.653754
-16.144506,50,147.707541
-8.662861,50,147.765343
-19.403432,50,147.822817
-10.191769,50,147.879803
-8.933926,50,147.93403
-15.862439,50,147.986695
-10.263355,50,148.048353
-8.986258,50,148.098608
-9.070343,50,148.157856
-10.403422,50,148.216534
-15.591959,50,148.25931
-14.176348,50,148.305989
-10.376667,50,148.351822
-9.633173,50,148.390006
-8.720056,50,148.444623
-8.918722,50,148.48542
-9.624088,50,148.526988
-16.613938,50,148.572016
-16.604698,50,148.629968
-9.044748,50,149.104771
-15.727047,50,149.165293
-8.12042,50,149.22225
-8.567561,50,149.285259
-14.943805,50,149.345796
-14.148354,50,149.39769
-13.005262,50,149.450055
-9.093194,50,149.489669
-10.780244,50,149.532963
-13.65463,50,149.593546
-12.285378,50,149.647691
-16.096521,50,149.703289
-14.15615,50,149.757127
-17.699673,50,149.812848
-5.282047,50,149.870977
-17.492867,50,149.923508
-6.211349,50,149.962185
-10.091537,50,150.00621
-17.032896,50,150.054078
-11.073157,50,150.092539
-9.373957,50,150.12983
-9.950298,50,150.173229
-10.051994,50,150.224167
-10.804078,50,150.262987
-13.06002,50,150.301329
-18.505056,50,150.338063
-8.773603,50,150.389988
-11.649308,50,150.43191
-9.886307,50,150.48217
-11.666673,50,150.534052
-18.166869,50,150.583492
-7.676806,50,150.637069
-12.507975,50,150.685334
-9.395395,50,150.741557
-18.243843,50,150.796432
-6.207611,50,150.857894
-14.282465,50,150.906303
-8.802013,50,150.970075
-13.13853,50,151.02878
-13.449724,50,151.083968
-16.478544,50,151.143672
-15.222865,50,151.611223
-11.639936,50,151.666604
-9.481446,50,151.729181
-9.588723,50,151.785773
-9.732809,50,151.840643
-10.82148,50,151.899255
-14.896466,50,151.956548
-10.284745,50,152.009909
-8.892928,50,152.063001
-9.70743,50,152.119833
-6.833691,50,152.166424
-14.832665,50,152.205125
-9.719655,50,152.240429
-14.167205,50,152.290102
-9.993326,50,152.321125
-6.958998,50,152.360688
-10.703669,50,152.419648
-7.91128,50,152.475945
-8.507154,50,152.52717
-18.94967,50,152.575794
-13.106123,50,152.63914
-9.255803,50,152.698106
-9.760285,50,152.755109
-16.479646,50,152.806137
-12.369409,50,152.867131
-15.895462,50,152.908963
-13.40255,50,152.955045
-14.605357,50,153.006165
-16.576841,50,153.045268
-9.679206,50,153.090587
-10.021445,50,153.12389
-14.968285,50,153.155298
-10.870826,50,153.190892
-14.621889,50,153.220575
-13.456785,50,153.250308
-11.966305,50,153.293426
-9.099333,50,153.340839
-16.157193,50,153.38005
-7.769122,50,153.414101
-12.188651,50,153.443925
-11.390205,50,153.476729
-9.680524,50,153.934422
-11.583225,50,153.986405
-18.027791,50,154.03028
-14.023458,50,154.078129
-8.820771,50,154.130499
-8.970972,50,154.173827
-12.081911,50,154.220677
-18.428543,50,154.267629
-9.682728,50,154.317797
-10.687905,50,154.362301
-8.857872,50,154.409486
-12.492717,50,154.449651
-7.468337,50,154.494495
-8.266951,50,154.541299
-12.550396,50,154.57247
-7.632575,50,154.603306
-6.435081,50,154.634968
-19.779896,50,154.678899
-14.488159,50,154.720771
-8.166627,50,154.773787
-10.301138,50,154.809566
-15.790069,50,154.851238
-10.855715,50,154.888051
-6.644435,50,154.930218
-12.582585,50,154.991951
-9.907005,50,155.045814
-12.871199,50,155.09605
-10.663589,50,155.134815
-11.014019,50,155.172019
-7.226092,50,155.212224
-7.695778,50,155.260699
-11.741128,50,155.310341
-11.725619,50,155.352362
-17.447499,50,155.389865
-6.99792,50,155.444815
-9.429721,50,155.48392
-15.661808,50,155.540744
-9.780247,50,155.586292
-19.047375,50,155.625088
-16.371335,50,155.659377
-14.817912,50,155.694734
-14.47576,50,156.142374
-8.630452,50,156.200563
-10.211265,50,156.257927
-8.551799,50,156.322101
-9.26273,50,156.379823
-9.230317,50,156.440796
-11.353808,50,156.489761
-9.62511,50,156.544488
-11.973026,50,156.607362
-10.674147,50,156.667842
-10.06682,50,156.728023
-8.235408,50,156.784885
-13.56747,50,156.837759
-14.657782,50,156.882431
-11.440402,50,156.93033
-16.134636,50,156.987307
-14.164775,50,157.032905
-8.266304,50,157.079765
-9.09669,50,157.124
-8.189949,50,157.173235
-11.676616,50,157.233175
-7.642084,50,157.280603
-12.732051,50,157.335055
-9.177844,50,157.389281
-8.6595,50,157.453079
-16.59504,50,157.491166
-17.164682,50,157.542256
-8.887824,50,157.600512
-13.29307,50,157.64835
-15.536342,50,157.696411
-8.485824,50,157.728785
-12.487192,50,157.761149
-13.819352,50,157.793495
-15.261333,50,157.826372
-16.185452,50,157.858694
-11.019313,50,157.892232
-8.676391,50,157.924628
-14.033114,50,157.972013
-8.155812,50,158.012044
-9.425353,50,158.049134
-10.980113,50,158.086231
-13.337879,50,158.549165
-9.564995,50,158.608714
-9.257207,50,158.659603
-9.979738,50,158.722261
-14.725397,50,158.775136
-11.407656,50,158.824918
-15.42247,50,158.882092
-7.748459,50,158.939242
-10.175488,50,158.993621
-9.956419,50,159.044711
-7.823517,50,159.099567
-7.891324,50,159.15722
-11.62809,50,159.21386
-15.287069,50,159.25581
-11.071145,50,159.308
-11.454233,50,159.356789
-12.734217,50,159.396579
-15.873763,50,159.459266
-12.395391,50,159.498164
-9.048992,50,159.543632
-9.586866,50,159.596103
-9.775807,50,159.660349
-9.019546,50,159.715269
-10.584064,50,159.769263
-10.375435,50,159.826222
-17.322948,50,159.881312
-18.340768,50,159.934151
-8.537374,50,159.99214
-9.713507,50,160.046389
-14.344982,50,160.100243
-15.904456,50,160.159217
-15.451181,50,160.200183
-9.553426,50,160.245091
-10.254778,50,160.294126
-12.718237,50,160.344384
-16.173801,50,160.390551
-9.864961,50,160.433298
-10.410581,50,160.478561
-10.613587,50,160.51069
-14.375178,50,160.568588
-15.275589,50,160.624734
-8.257884,50,161.090943
-9.908569,50,161.152357
-9.626674,50,161.203059
-11.339031,50,161.259179
-17.574407,50,161.301062
-13.565337,50,161.356475
-12.46282,50,161.411688
-10.891724,50,161.458625
-16.735286,50,161.508578
-12.241562,50,161.560724
-8.436186,50,161.611902
-9.963371,50,161.663515
-9.97309,50,161.721582
-15.511565,50,161.77719
-10.020837,50,161.830368
-13.575334,50,161.880872
-8.390398,50,161.933382
-12.435314,50,161.97685
-11.302207,50,162.018814
-9.460149,50,162.059754
-11.926246,50,162.097692
-11.27703,50,162.150954
-8.293695,50,162.187523
-14.679621,50,162.222971
-13.238124,50,162.263093
-6.344846,50,162.31132
-11.811,50,162.352285
-10.440157,50,162.383995
-9.900225,50,162.415652
-13.367932,50,162.460162
-7.263278,50,162.509731
-12.311665,50,162.554748
-10.396285,50,162.598165
-9.918431,50,162.651245
-11.400458,50,162.704985
-10.537167,50,162.755151
-9.452032,50,162.808504
-9.966591,50,162.859914
-8.655785,50,162.918562
-15.023728,50,162.972679
-13.450889,50,163.027871
-12.969196,50,163.501813
-12.371874,50,163.56534
-18.907174,50,163.620027
-7.314389,50,163.678396
-9.98744,50,163.732205
-8.91878,50,163.788398
-10.426533,50,163.847261
-13.63665,50,163.899751
-12.469973,50,163.956787
-5.528011,50,164.010361
-12.697589,50,164.066348
-11.157885,50,164.107662
-10.827449,50,164.150983
-7.096954,50,164.198697
-10.852314,50,164.249861
-16.898253,50,164.29446
-9.338704,50,164.348566
-18.564082,50,164.403779
-12.225778,50,164.44827
-8.13278,50,164.485211
-12.078705,50,164.533971
-10.49526,50,164.590563
-16.717231,50,164.649287
-15.359735,50,164.709266
-15.236514,50,164.768241
-6.978478,50,164.825581
-13.758778,50,164.881509
-16.893447,50,164.941614
-7.882915,50,164.99831
-14.437284,50,165.063006
-11.330807,50,165.112652
-13.651739,50,165.167287
-7.101095,50,165.212046
-17.78609,50,165.251508
-9.54831,50,165.299013
-13.348096,50,165.343774
-10.62484,50,165.381751
-7.696472,50,165.419888
-13.999023,50,165.462306
-13.876747,50,165.507788
-11.06935,50,165.563556
-15.859103,50,166.037258
-12.552392,50,166.093218
-7.008764,50,166.150713
-8.864935,50,166.206846
-15.969929,50,166.252969
-14.443717,50,166.297018
-13.669623,50,166.338508
-11.060811,50,166.403659
-9.983495,50,166.465037
-9.683195,50,166.511307
-8.475104,50,166.561474
-8.392576,50,166.627172
-7.581615,50,166.687531
-12.897259,50,166.750584
-10.972332,50,166.808229
-19.254946,50,166.862755
-13.594928,50,166.913969
-15.178415,50,166.951153
-19.656033,50,166.996959
-9.726672,50,167.037157
-11.243938,50,167.094543
-11.90996,50,167.13848
-8.409212,50,167.189416
-15.506474,50,167.237609
-9.028712,50,167.280583
-10.796894,50,167.332311
-11.187013,50,167.385159
-15.463272,50,167.434788
-9.738396,50,167.482519
-17.033056,50,167.529014
-9.720347,50,167.56632
-8.339773,50,167.626174
-5.437775,50,167.678977
-11.59766,50,167.722917
-15.313958,50,167.770407
-18.197204,50,167.81496
-12.301458,50,167.864887
-16.235552,50,167.913652
-18.59004,50,167.947745
-14.769819,50,167.989681
-14.655066,50,168.033483
-9.324745,50,168.49422
-7.059345,50,168.554075
-8.072783,50,168.612872
-9.07692,50,168.668169
-8.837251,50,168.72571
-11.223773,50,168.777579
-9.145781,50,168.831464
-7.628381,50,168.88412
-17.739397,50,168.929214
-17.501592,50,168.976673
-8.710676,50,169.024798
-9.305163,50,169.076433
-6.269863,50,169.118308
-15.476294,50,169.16127
-13.577165,50,169.210267
-9.82446,50,169.26147
-13.048569,50,169.315734
-10.187048,50,169.370215
-7.641597,50,169.417015
-10.84824,50,169.457447
-8.819659,50,169.51859
-12.107741,50,169.572491
-8.740805,50,169.626974
-12.531552,50,169.689131
-19.033967,50,169.757066
-10.082452,50,169.819299
-9.81171,50,169.873458
-7.615506,50,169.922935
-16.111069,50,169.97956
-8.811483,50,170.03721
-10.603241,50,170.098767
-10.241936,50,170.1534
-13.470444,50,170.196274
-14.219145,50,170.25489
-10.686639,50,170.299898
-10.495669,50,170.351033
-11.328979,50,170.410557
-9.805523,50,170.471534
-9.027622,50,170.523633
-15.896884,50,170.578845
-16.49064,50,170.636981
-10.982841,50,171.142631
-6.136748,50,171.195968
-13.459368,50,171.254794
-8.999619,50,171.316283
-8.089128,50,171.369185
-11.708138,50,171.418968
-11.774553,50,171.456564
-10.30135,50,171.504346
-16.178925,50,171.555257
-18.62522,50,171.61358
-9.11253,50,171.677199
-8.456285,50,171.742806
-8.459218,50,171.801413
-6.384978,50,171.866556
-13.267035,50,171.93073
-9.990478,50,171.987638
-16.631785,50,172.031409
-12.375227,50,172.081214
-9.392813,50,172.135626
-10.196235,50,172.191502
-9.689257,50,172.239091
-16.414812,50,172.282937
-14.003851,50,172.34038
-6.749016,50,172.389293
-17.594521,50,172.433686
-9.230193,50,172.483993
-12.234653,50,172.532182
-18.41239,50,172.586612
-17.479827,50,172.64504
-9.926379,50,172.71357
-14.251654,50,172.782162
-14.93758,50,172.850245
-10.287478,50,172.908854
-13.145477,50,172.971654
-10.446051,50,173.027877
-8.354914,50,173.085851
-9.383858,50,173.146549
-8.561631,50,173.205428
-8.930641,50,173.261522
-10.740356,50,173.317076
-9.900079,50,173.384352
-15.611406,50,173.913906
-10.171878,50,173.973825
-5.961913,50,174.034045
-9.85677,50,174.092433
-12.008541,50,174.155668
-16.507181,50,174.219422
-8.714779,50,174.274368
-7.312158,50,174.336636
-6.996062,50,174.397493
-12.04154,50,174.452691
-10.972995,50,174.511183
-8.096115,50,174.572176
-12.488038,50,174.627813
-6.589603,50,174.694224
-7.513282,50,174.754391
-11.255344,50,174.807103
-16.407378,50,174.856671
-10.386353,50,174.913255
-16.631928,50,174.969146
-11.185762,50,175.016241
-17.064441,50,175.056483
-9.296031,50,175.101097
-11.920872,50,175.148401
-13.960727,50,175.200168
-9.381985,50,175.25221
-9.101293,50,175.311831
-11.71092,50,175.364926
-11.077259,50,175.402153
-8.235325,50,175.44372
-15.125915,50,175.480061
-6.196414,50,175.517406
-9.496838,50,175.559776
-11.492584,50,175.605778
-9.833828,50,175.655434
-16.019718,50,175.693892
-8.743703,50,175.740993
-15.03933,50,175.792964
-10.201154,50,175.829272
-9.292838,50,175.864506
-17.594224,50,175.910952
-9.899722,50,175.944091
-18.290202,50,176.42723
-14.790289,50,176.460755
-12.782524,50,176.503911
-12.391622,50,176.554201
-10.402313,50,176.600495
-9.827192,50,176.635417
-9.948094,50,176.669724
-6.287813,50,176.702608
-17.991471,50,176.737664
-9.402839,50,176.775192
-14.276111,50,176.824467
-14.417172,50,176.866688
-14.411998,50,176.902212
-9.275887,50,176.938267
-9.487202,50,176.972516
-12.264974,50,177.007837
-12.566114,50,177.044854
-13.409359,50,177.089644
-8.460156,50,177.126601
-6.556332,50,177.171945
-14.429759,50,177.204101
-12.110462,50,177.237103
-7.148698,50,177.272407
-18.76507,50,177.307879
-11.282372,50,177.349909
-13.78544,50,177.384033
-8.722787,50,177.422264
-17.135091,50,177.459505
-15.978428,50,177.49505
-11.42829,50,177.528934
-9.222319,50,177.562602
-16.443109,50,177.61755
-17.066328,50,177.662717
-11.464527,50,177.698394
-14.062226,50,177.738753
-7.036713,50,177.773015
-16.253393,50,177.80565
-11.588635,50,177.837678
-8.195234,50,177.875494
-8.80768,50,177.908442
-7.283551,50,177.942651
-9.43827,50,178.382434
-17.725222,50,178.415826
-10.87465,50,178.461598
-12.822558,50,178.510367
-10.082676,50,178.552972
-5.58986,50,178.587216
-16.901362,50,178.634395
-5.932906,50,178.67922
-10.167224,50,178.715108
-7.719559,50,178.746967
-16.222463,50,178.779662
-13.350742,50,178.825066
-10.347212,50,178.863121
-13.800526,50,178.895971
-7.372387,50,178.929626
-10.919209,50,178.962695
-12.545238,50,179.000115
-12.74301,50,179.034768
-9.30818,50,179.067204
-11.526673,50,179.09903
-13.639375,50,179.131831
-9.375988,50,179.163193
-15.98243,50,179.192932
-11.518099,50,179.22714
-7.423391,50,179.263329
-12.203664,50,179.303073
-17.064035,50,179.358176
-13.281916,50,179.398
-11.40615,50,179.434428
-16.469211,50,179.479671
-12.491433,50,179.532086
-15.890412,50,179.58434
-9.925405,50,179.622637
-16.546062,50,179.656301
-16.679729,50,179.695568
-10.678934,50,179.730099
-15.689556,50,179.767301
-5.588877,50,179.80601
-11.959407,50,179.844219
-16.835232,50,179.883772
-8.307393,50,179.925934
-8.692739,50,180.372891
-8.315889,50,180.419196
-13.562492,50,180.464654
-16.871483,50,180.500233
-6.217784,50,180.549944
-17.58158,50,180.585831
-10.862284,50,180.621723
-17.254758,50,180.661024
-10.289609,50,180.705567
-11.976575,50,180.749435
-11.6852,50,180.791773
-10.738802,50,180.826783
-10.046926,50,180.864264
-13.391051,50,180.916651
-7.816957,50,180.950328
-7.349138,50,180.982717
-14.157158,50,181.016403
-10.616446,50,181.047748
-18.148401,50,181.079037
-15.51115,50,181.113784
-10.478179,50,181.147274
-18.241461,50,181.182138
-9.410648,50,181.215377
-10.257256,50,181.247184
-7.503447,50,181.278816
-8.746306,50,181.311183
-7.739091,50,181.344383
-18.851977,50,181.378223
-9.209594,50,181.411372
-10.670916,50,181.446879
-15.477201,50,181.479392
-12.10058,50,181.519402
-9.502474,50,181.553012
-8.37878,50,181.598438
-8.434428,50,181.645143
-7.31977,50,181.6806
-11.37185,50,181.715774
-12.61565,50,181.762726
-10.005346,50,181.795321
-9.719942,50,181.840785
-12.617088,50,181.884292
-15.356558,50,182.704569
-8.424395,50,182.778746
-9.708319,50,182.85309
-10.14846,50,182.924289
-5.986385,50,182.998032
-14.537182,50,183.064733
-17.092078,50,183.135206
-10.703436,50,183.20419
-16.837594,50,183.274137
-8.889561,50,183.34268
-7.906484,50,183.412595
-10.074548,50,183.48479
-8.604824,50,183.552773
-11.534483,50,183.623401
-19.279661,50,183.694503
-18.771774,50,183.767247
-18.896043,50,183.838594
-7.748939,50,183.909049
-10.500025,50,183.978324
-12.121487,50,184.04701
-7.762436,50,184.118487
-16.552445,50,184.187675
-18.412249,50,184.259606
-11.47863,50,184.330054
-15.519283,50,184.400295
-8.235504,50,184.468786
-8.210655,50,184.537142
-15.234912,50,184.606746
-10.484096,50,184.677749
-14.30054,50,184.75296
-5.416638,50,184.825954
-15.693486,50,184.894953
-8.401391,50,184.965929
-17.128567,50,185.036295
-6.190828,50,185.107295
-12.789498,50,185.178558
-10.021067,50,185.247118
-17.541139,50,185.31677
-12.671285,50,185.387523
-15.259259,50,185.442546
-7.707003,50,185.482556
-6.470414,50,186.261968
-7.492745,50,186.331531
-9.632915,50,186.400533
-9.988088,50,186.467113
-10.320454,50,186.534196
-6.281764,50,186.601887
-9.81179,50,186.672065
-9.10172,50,186.741598
-14.021618,50,186.810978
-16.575826,50,186.880208
-17.519331,50,186.947885
-8.543541,50,187.016938
-13.491017,50,187.088745
-13.832213,50,187.155602
-8.709668,50,187.227242
-11.992163,50,187.299722
-10.204034,50,187.371542
-6.016095,50,187.442124
-5.427564,50,187.511885
-13.245431,50,187.58404
-11.636836,50,187.652171
-9.709971,50,187.718821
-6.510075,50,187.787812
-10.625039,50,187.855212
-6.075826,50,187.923688
-13.119164,50,187.993181
-16.59223,50,188.061732
-18.896847,50,188.131021
-17.603122,50,188.19928
-8.036677,50,188.269361
-19.571412,50,188.339145
-14.803576,50,188.406681
-11.667516,50,188.475537
-16.948877,50,188.545666
-8.463598,50,188.613197
-9.34088,50,188.68369
-16.99044,50,188.756393
-10.881328,50,188.825566
-15.870237,50,188.891969
-5.713489,50,188.962385
-10.406876,50,189.029684
-10.242652,50,189.757927
-18.483321,50,189.790248
-4.903097,50,189.822422
-13.368104,50,189.861192
-18.447699,50,189.897408
-8.954478,50,189.941534
-12.674897,50,189.983612
-11.170708,50,190.016962
-9.29359,50,190.052541
-14.57937,50,190.100422
-9.581396,50,190.134476
-10.930653,50,190.181635
-11.184181,50,190.21738
-8.429511,50,190.249365
-16.261214,50,190.282728
-13.204249,50,190.318351
-12.573317,50,190.363424
-11.897105,50,190.407311
-16.006303,50,190.442796
-15.597146,50,190.477132
-16.625494,50,190.51059
-16.572027,50,190.543184
-12.241759,50,190.575709
-13.337896,50,190.615687
-8.847977,50,190.650607
-12.526448,50,190.685036
-7.927364,50,190.71942
-12.637866,50,190.75236
-15.391673,50,190.784457
-12.794542,50,190.821514
-12.578746,50,190.874332
-7.12642,50,190.918998
-6.333951,50,190.957136
-15.215931,50,190.989036
-11.47988,50,191.024431
-10.281139,50,191.075886
-17.242342,50,191.119339
-11.795177,50,191.160079
-9.893266,50,191.200228
-16.138722,50,191.241297
-11.572713,50,191.705991
-12.136058,50,191.769271
-5.661901,50,191.819044
-14.39501,50,191.865602
-8.142684,50,191.903116
-8.560039,50,191.94492
-5.504414,50,191.987644
-11.212281,50,192.034344
-14.224364,50,192.08665
-9.659786,50,192.137499
-9.796717,50,192.190001
-8.267132,50,192.238706
-18.60484,50,192.295095
-14.72966,50,192.333992
-17.750075,50,192.380922
-12.775586,50,192.416893
-10.016705,50,192.463241
-16.267901,50,192.513488
-15.162957,50,192.566523
-13.596968,50,192.598506
-9.864071,50,192.629732
-11.427523,50,192.660807
-14.672738,50,192.718287
-12.63746,50,192.772333
-9.441885,50,192.811793
-11.407124,50,192.851384
-9.845264,50,192.896843
-14.270037,50,192.946931
-10.46349,50,192.995648
-10.404172,50,193.042609
-13.434552,50,193.093678
-12.555806,50,193.132209
-13.398936,50,193.179248
-10.47945,50,193.226844
-7.261453,50,193.260373
-10.043953,50,193.312586
-12.687504,50,193.366071
-11.998902,50,193.420022
-12.819502,50,193.465392
-11.379632,50,193.50476
-12.714109,50,193.550699
-9.462573,50,194.020347
-9.278581,50,194.079579
-10.383539,50,194.131542
-16.68552,50,194.183138
-11.49727,50,194.219133
-17.064601,50,194.27328
-14.272659,50,194.329822
-14.061787,50,194.384316
-8.127134,50,194.440597
-11.675657,50,194.480809
-11.22998,50,194.521789
-9.827796,50,194.579703
-14.039675,50,194.637381
-13.775327,50,194.692617
-7.919322,50,194.730535
-10.518125,50,194.792394
-9.348521,50,194.849804
-15.491799,50,194.907516
-8.255618,50,194.959228
-9.99878,50,195.008091
-7.308508,50,195.066957
-9.380292,50,195.13155
-9.547395,50,195.17952
-10.006453,50,195.217881
-11.779114,50,195.26703
-18.342412,50,195.326345
-15.006757,50,195.371436
-5.345964,50,195.431382
-12.853446,50,195.476749
-10.811839,50,195.518659
-6.261762,50,195.561753
-10.478601,50,195.602751
-9.160983,50,195.660892
-16.986357,50,195.705989
-8.782572,50,195.744015
-12.874956,50,195.775471
-11.348658,50,195.813486
-17.381485,50,195.858211
-14.033216,50,195.914147
-17.136305,50,195.948667
-15.510696,50,195.986266
-8.857392,50,196.434528
-15.499243,50,196.503236
-12.390771,50,196.559825
-10.031286,50,196.613948
-18.190549,50,196.658477
-14.032872,50,196.705715
-12.954648,50,196.757482
-9.828765,50,196.79045
-12.994939,50,196.8432
-10.568453,50,196.890553
-15.588817,50,196.930295
-9.470475,50,196.968566
-11.013464,50,197.005617
-11.154715,50,197.052507
-13.242817,50,197.1033
-7.228784,50,197.151322
-12.078603,50,197.20371
-13.044581,50,197.259107
-12.086815,50,197.297241
-9.987771,50,197.34141
-8.022608,50,197.386188
-13.865184,50,197.429435
-12.139018,50,197.494081
-17.604413,50,197.549755
-7.390197,50,197.60958
-7.072247,50,197.657478
-9.416118,50,197.718564
-10.438522,50,197.773139
-10.795083,50,197.829229
-11.926768,50,197.888038
-10.306334,50,197.945189
-15.584908,50,197.994964
-8.564178,50,198.032336
-17.581681,50,198.070225
-13.888733,50,198.112886
-9.53968,50,198.167905
-8.838564,50,198.209766
-7.537536,50,198.257802
-10.200149,50,198.294338
-14.805234,50,198.327487
-12.338456,50,198.373713
-13.364028,50,198.84844
-15.168895,50,198.90624
-14.119336,50,198.964296
-7.009652,50,199.014599
-14.375335,50,199.069662
-15.317465,50,199.130949
-16.356017,50,199.188298
-10.319586,50,199.244285
-12.013911,50,199.297658
-14.348808,50,199.348279
-12.025983,50,199.397479
-8.341382,50,199.457998
-9.215719,50,199.515703
-11.192422,50,199.573672
-14.20539,50,199.627354
-17.931667,50,199.667984
-10.020987,50,199.715386
-12.15212,50,199.753241
-16.952319,50,199.78618
-12.925508,50,199.82478
-9.517543,50,199.879304
-5.752385,50,199.93222
-9.035511,50,199.991274
-12.623222,50,200.0476
-14.805878,50,200.099591
-13.154844,50,200.154514
-9.095514,50,200.209219
-10.827623,50,200.261254
-8.49471,50,200.325024
-15.041985,50,200.390263
-15.826445,50,200.436165
-4.975509,50,200.494466
-7.780348,50,200.536167
-15.69028,50,200.581976
-13.12093,50,200.625086
-14.242528,50,200.677542
-14.211106,50,200.711985
-14.546877,50,200.743206
-14.665951,50,200.782409
-16.03052,50,200.830921
-16.782147,50,200.877563
-17.108048,50,201.346392
-6.765732,50,201.404869
-11.444857,50,201.460511
-10.647698,50,201.519443
-7.737324,50,201.585378
-14.751985,50,201.638617
-10.74237,50,201.695539
-18.129657,50,201.756222
-12.688187,50,201.807136
-9.053215,50,201.860943
-6.799388,50,201.912663
-9.206261,50,201.973895
-15.930631,50,202.028548
-15.572436,50,202.085506
-10.321539,50,202.142774
-14.530522,50,202.187804
-10.540019,50,202.247284
-10.716982,50,202.299649
-9.041163,50,202.364268
-12.226203,50,202.421034
-15.941373,50,202.471368
-10.870496,50,202.522365
-14.660745,50,202.581264
-8.273201,50,202.639153
-9.815524,50,202.692849
-5.052101,50,202.744385
-15.872138,50,202.785352
-8.398991,50,202.829339
-8.643614,50,202.876373
-11.825083,50,202.935864
-14.210459,50,202.992479
-14.468526,50,203.048853
-9.051985,50,203.107201
-18.906131,50,203.158896
-8.919039,50,203.212149
-9.169166,50,203.264773
-11.214054,50,203.32012
-6.007618,50,203.387
-15.972786,50,203.442027
-13.445286,50,203.491054
-12.156471,50,203.547061
-6.938404,50,204.023092
-6.751987,50,204.08135
-9.82269,50,204.133459
-12.194583,50,204.183809
-11.697925,50,204.244738
-14.000324,50,204.299293
-11.45562,50,204.356779
-16.643384,50,204.405064
-12.053989,50,204.461563
-9.076637,50,204.499099
-14.59631,50,204.546883
-18.034157,50,204.583924
-8.577306,50,204.644875
-9.58722,50,204.681725
-14.43274,50,204.721119
-11.355666,50,204.772589
-6.218656,50,204.814547
-12.53469,50,204.856236
-16.072823,50,204.906211
-9.948079,50,204.951636
-18.453832,50,205.000805
-16.738652,50,205.058513
-11.89387,50,205.112897
-13.17394,50,205.169312
-10.574556,50,205.225902
-8.54518,50,205.284745
-10.278496,50,205.340628
-12.107317,50,205.387653
-10.062201,50,205.44637
-7.832292,50,205.501217
-12.529415,50,205.55743
-9.1213,50,205.613161
-13.03638,50,205.654436
-8.325225,50,205.709883
-9.888919,50,205.752607
-10.282637,50,205.789686
-11.100675,50,205.837946
-8.804948,50,205.877951
-7.604332,50,205.914862
-12.369942,50,205.963887
-13.935725,50,206.014829
-16.834078,50,206.486607
-8.199752,50,206.54441
-9.039402,50,206.596088
-9.214564,50,206.652547
-5.931365,50,206.71521
-19.52002,50,206.776773
-12.930521,50,206.832067
-11.06088,50,206.884307
-10.89069,50,206.940074
-13.534759,50,206.990398
-13.703724,50,207.038151
-10.318926,50,207.096923
-12.974857,50,207.149972
-11.338725,50,207.211139
-9.969792,50,207.266181
-18.254643,50,207.323267
-9.967956,50,207.381431
-9.06635,50,207.435302
-10.996241,50,207.493556
-9.974109,50,207.547406
-9.658039,50,207.60309
-7.276646,50,207.655011
-10.959815,50,207.705152
-8.712271,50,207.764203
-8.31624,50,207.829453
-5.165403,50,207.871745
-10.611502,50,207.913415
-12.567558,50,207.956099
-8.059617,50,207.997272
-11.148019,50,208.056139
-17.314457,50,208.11033
-16.744537,50,208.165389
-6.424315,50,208.222495
-10.911373,50,208.283053
-17.530965,50,208.345145
-7.346183,50,208.39483
-8.283144,50,208.453376
-9.363518,50,208.516632
-11.424505,50,208.570813
-9.546916,50,208.632173
-11.693964,50,208.692979
-11.489463,50,209.172464
-10.618316,50,209.23537
-9.444719,50,209.28836
-9.639877,50,209.342847
-17.800385,50,209.399462
-11.312555,50,209.459927
-15.679412,50,209.511381
-17.387553,50,209.564095
-9.762964,50,209.617952
-16.896069,50,209.670939
-6.394735,50,209.72402
-10.762777,50,209.778811
-11.428297,50,209.833659
-12.920208,50,209.886132
-10.584267,50,209.936537
-13.015687,50,209.980484
-10.693321,50,210.02785
-11.452435,50,210.071126
-9.444082,50,210.112057
-11.66547,50,210.153347
-12.061594,50,210.214707
-10.809211,50,210.276269
-16.570225,50,210.333932
-10.661587,50,210.389727
-12.87751,50,210.443707
-5.397438,50,210.505067
-16.988709,50,210.565669
-15.980069,50,210.620389
-11.276833,50,210.687478
-16.98135,50,210.743432
-7.930823,50,210.80318
-13.23881,50,210.865187
-10.35482,50,210.920146
-12.633532,50,210.962095
-8.520148,50,211.016284
-7.895416,50,211.05671
-11.360316,50,211.110914
-10.142511,50,211.161795
-8.958916,50,211.223644
-12.260986,50,211.275547
-8.327742,50,211.329529
-9.049018,50,211.788772
-8.388873,50,211.853031
-17.680783,50,211.906487
-7.345109,50,211.967836
-11.325435,50,212.023278
-14.61642,50,212.084464
-10.769757,50,212.14071
-10.934784,50,212.205644
-6.205593,50,212.269209
-10.35578,50,212.32589
-10.551442,50,212.383738
-11.211511,50,212.443882
-10.561339,50,212.499904
-6.566648,50,212.5631
-13.610583,50,212.617769
-9.39818,50,212.673016
-11.046914,50,212.733598
-14.274761,50,212.788294
-15.993889,50,212.837838
-7.45614,50,212.892515
-13.091737,50,212.945086
-8.413219,50,213.003458
-9.081539,50,213.064065
-10.217152,50,213.111494
-9.883388,50,213.165189
-9.732206,50,213.227885
-7.254686,50,213.288145
-9.07558,50,213.345242
-9.967532,50,213.397519
-8.801239,50,213.455292
-6.238404,50,213.507117
-9.838964,50,213.555729
-17.155971,50,213.609518
-9.593028,50,213.651153
-12.319449,50,213.689236
-12.761304,50,213.729152
-8.213228,50,213.768692
-18.559854,50,213.833455
-11.403204,50,213.871121
-19.480446,50,213.93176
-7.067324,50,213.989183
-10.052934,50,214.473744
-14.248924,50,214.530357
-14.454202,50,214.581403
-16.300197,50,214.639468
-17.781624,50,214.676415
-14.484891,50,214.710085
-10.395694,50,214.767194
-18.782425,50,214.816714
-8.893809,50,214.875899
-18.791878,50,214.920106
-14.378517,50,214.978874
-8.659373,50,215.017193
-11.977811,50,215.063424
-12.72291,50,215.103656
-11.137277,50,215.152031
-10.880683,50,215.189095
-10.556837,50,215.225156
-12.849226,50,215.265829
-19.454766,50,215.309244
-8.094351,50,215.353396
-13.198416,50,215.392299
-12.409226,50,215.455325
-7.554835,50,215.500378
-8.699509,50,215.553922
-10.704353,50,215.618308
-9.188641,50,215.663241
-14.781769,50,215.712586
-17.360227,50,215.766553
-8.414409,50,215.801246
-7.433917,50,215.851585
-17.025568,50,215.91128
-18.342305,50,215.951077
-10.568897,50,215.989552
-7.251002,50,216.034241
-15.124598,50,216.090591
-13.344516,50,216.133274
-18.596776,50,216.195121
-14.291371,50,216.249933
-9.825357,50,216.298481
-9.367237,50,216.358761
-9.803068,50,216.407327
-12.918926,50,216.892897
-10.25725,50,216.94518
-10.497827,50,217.002481
-8.869535,50,217.054845
-10.534258,50,217.118688
-9.825879,50,217.167332
-11.748051,50,217.228407
-12.612131,50,217.278038
-12.186339,50,217.329197
-16.297264,50,217.387349
-10.13026,50,217.433343
-12.932626,50,217.488938
-9.885363,50,217.544077
-9.919294,50,217.596705
-7.577077,50,217.647603
-10.857917,50,217.69926
-8.762056,50,217.741283
-10.93753,50,217.787868
-9.616831,50,217.848387
-7.854076,50,217.900687
-10.679774,50,217.956721
-13.615185,50,218.009753
-11.933614,50,218.06419
-12.095722,50,218.098325
-6.262149,50,218.133129
-9.521674,50,218.17709
-10.622255,50,218.236934
-9.206618,50,218.301343
-10.810705,50,218.362319
-10.151212,50,218.407336
-13.728758,50,218.459515
-11.258192,50,218.510968
-8.470375,50,218.561326
-13.321046,50,218.608984
-12.25246,50,218.651256
-13.193269,50,218.683251
-8.915188,50,218.74048
-6.671614,50,218.779028
-10.968599,50,218.814715
-7.979325,50,218.854271
-12.962094,50,218.896199
-10.0665,50,219.3805
-17.506089,50,219.444256
-11.173949,50,219.506982
-6.435572,50,219.568137
-10.622493,50,219.612485
-12.361835,50,219.661284
-9.285168,50,219.701443
-6.53744,50,219.751165
-7.83537,50,219.801782
-14.326002,50,219.851761
-18.081974,50,219.911285
-9.69425,50,219.964993
-8.512804,50,220.019972
-11.905378,50,220.073134
-15.253526,50,220.136986
-15.666565,50,220.193628
-14.672367,50,220.237498
-7.646895,50,220.27846
-9.844841,50,220.339583
-12.745068,50,220.400198
-11.191579,50,220.460679
-9.868774,50,220.503137
-12.110208,50,220.555953
-10.096601,50,220.613765
-9.924494,50,220.66312
-15.442224,50,220.70509
-10.03394,50,220.745703
-18.672022,50,220.797394
-7.036282,50,220.859397
-6.429448,50,220.919025
-9.729664,50,220.980421
-9.604988,50,221.045434
-11.557884,50,221.104304
-9.623613,50,221.151441
-7.898047,50,221.18934
-16.275027,50,221.241405
-7.190331,50,221.292919
-13.197745,50,221.348947
-7.286601,50,221.408139
-12.037598,50,221.457787
-9.265023,50,221.501948
-12.962387,50,221.988601
-11.798799,50,222.041588
-8.53111,50,222.100679
-10.278215,50,222.163768
-8.174032,50,222.222908
-16.343743,50,222.274557
-9.655325,50,222.33513
-16.208783,50,222.389735
-10.073971,50,222.44012
-7.965734,50,222.474464
-10.032348,50,222.514048
-15.367724,50,222.558962
-9.833368,50,222.605776
-15.106289,50,222.660258
-8.274952,50,222.695228
-13.346975,50,222.734282
-8.334857,50,222.792407
-9.757506,50,222.8444
-6.971141,50,222.896809
-10.306557,50,222.940828
-16.537317,50,222.983815
-7.001253,50,223.022456
-11.939861,50,223.077401
-9.543201,50,223.125003
-13.418708,50,223.163408
-8.860564,50,223.203237
-9.633358,50,223.241141
-10.453797,50,223.285928
-13.17637,50,223.335166
-7.76993,50,223.38775
-7.069134,50,223.437079
-11.434425,50,223.492933
-10.015691,50,223.538272
-8.258161,50,223.592713
-9.878656,50,223.64288
-9.948418,50,223.689302
-8.378287,50,223.745472
-5.617783,50,223.805171
-9.573798,50,223.863622
-14.965598,50,223.925376
-10.911958,50,223.975878
-15.601765,50,224.437212
-16.669636,50,224.476777
-10.138504,50,224.5244
-17.462906,50,224.560158
-10.168733,50,224.6198
-11.958827,50,224.667826
-9.886256,50,224.717134
-12.956337,50,224.764133
-7.831195,50,224.802146
-8.685447,50,224.842885
-9.789012,50,224.880478
-5.605088,50,224.922254
-10.159381,50,224.966063
-17.280904,50,225.025517
-9.293941,50,225.078929
-10.184163,50,225.12887
-9.496424,50,225.176459
-9.148508,50,225.233741
-17.095463,50,225.28869
-8.791793,50,225.340805
-16.779301,50,225.385823
-8.884158,50,225.433161
-7.804608,50,225.470837
-12.392723,50,225.527937
-9.184606,50,225.581281
-17.732829,50,225.625679
-14.011899,50,225.661524
-14.999308,50,225.699259
-10.582345,50,225.74927
-9.060346,50,225.785753
-10.497518,50,225.841631
-10.036246,50,225.8873
-12.5869,50,225.933486
-10.093243,50,225.971765
-14.410942,50,226.013273
-17.557753,50,226.071845
-12.245723,50,226.129828
-9.91977,50,226.186342
-11.40423,50,226.235162
-11.721692,50,226.293944
-10.791824,50,226.344359
-11.369571,50,226.802834
-12.026617,50,226.863185
-8.37127,50,226.910751
-9.582768,50,226.949808
-13.321875,50,227.003742
-9.29223,50,227.064344
-14.985115,50,227.123385
-14.658474,50,227.182297
-6.275025,50,227.242432
-7.596248,50,227.2977
-10.205362,50,227.3541
-14.226738,50,227.397196
-13.265503,50,227.444167
-9.296659,50,227.484275
-8.710052,50,227.544568
-12.773316,50,227.604627
-8.869958,50,227.643126
-5.845629,50,227.685632
-7.868267,50,227.721369
-10.003605,50,227.768285
-16.745089,50,227.8159
-8.656845,50,227.868275
-10.089404,50,227.919311
-19.437964,50,227.965653
-17.293937,50,228.015999
-7.486672,50,228.070082
-13.085817,50,228.129788
-16.811761,50,228.19132
-11.774454,50,228.243799
-10.345419,50,228.286406
-9.219072,50,228.33187
-8.653274,50,228.385346
-8.539582,50,228.432171
-14.202456,50,228.481833
-8.552603,50,228.524107
-13.461026,50,228.584105
-7.666403,50,228.632191
-10.596678,50,228.684007
-12.24488,50,228.730695
-14.183474,50,228.789465
-15.911287,50,228.843625
-6.567718,50,229.319155
-15.006736,50,229.366297
-7.659167,50,229.420226
-6.663402,50,229.47441
-11.236594,50,229.531929
-9.406544,50,229.57806
-6.85554,50,229.625895
-19.159408,50,229.678147
-10.37457,50,229.735197
-11.555387,50,229.771655
-12.765501,50,229.811417
-10.060575,50,229.846387
-9.943064,50,229.877532
-10.036592,50,229.916882
-10.311979,50,229.958249
-7.736632,50,230.005965
-8.057022,50,230.042827
-9.178393,50,230.095972
-10.587248,50,230.134823
-12.655526,50,230.17383
-10.355097,50,230.222639
-12.086281,50,230.269325
-9.853404,50,230.307965
-5.098621,50,230.338421
-6.779922,50,230.403908
-18.156596,50,230.463638
-11.852938,50,230.508434
-9.883377,50,230.548022
-9.054428,50,230.578999
-6.591633,50,230.622254
-13.483711,50,230.670693
-12.02588,50,230.719578
-8.898704,50,230.777252
-10.655365,50,230.814546
-7.72662,50,230.857922
-5.726106,50,230.901288
-7.841893,50,230.945467
-12.843264,50,231.001205
-5.994732,50,231.039171
-17.577114,50,231.078111
-12.344898,50,231.109783
-10.560399,50,231.570662
-12.700871,50,231.623734
-8.53833,50,231.682629
-9.769745,50,231.737094
-10.389782,50,231.800153
-10.860929,50,231.856561
-14.007005,50,231.912421
-10.038368,50,231.958255
-8.25007,50,232.007507
-10.406734,50,232.063621
-5.64335,50,232.126649
-17.334319,50,232.181961
-5.899761,50,232.22319
-9.18671,50,232.277397
-17.408937,50,232.334472
-18.039507,50,232.388293
-6.19857,50,232.428466
-8.296062,50,232.468378
-9.877449,50,232.502577
-18.597101,50,232.562808
-10.656612,50,232.612231
-9.952499,50,232.673148
-7.445491,50,232.735478
-7.6517,50,232.791373
-15.482893,50,232.836852
-8.732901,50,232.879784
-7.476977,50,232.92647
-9.193951,50,232.962316
-9.211702,50,233.013614
-15.663501,50,233.052912
-7.92387,50,233.099539
-9.318839,50,233.148925
-7.3024,50,233.191044
-9.947352,50,233.227118
-12.14183,50,233.259487
-14.399544,50,233.306948
-11.236615,50,233.352077
-7.220248,50,233.39326
-10.104834,50,233.429967
-13.002002,50,233.47543
-8.393744,50,233.510259
-15.126068,50,233.968925
-6.66902,50,234.021521
-9.481329,50,234.075907
-14.630457,50,234.132477
-12.804341,50,234.175155
-11.389444,50,234.212234
-5.743178,50,234.261004
-7.579336,50,234.314965
-7.222491,50,234.374232
-7.130575,50,234.424855
-10.33696,50,234.481621
-9.293268,50,234.534972
-10.561992,50,234.574614
-8.852513,50,234.62944
-9.031721,50,234.681723
-8.801639,50,234.740689
-9.285326,50,234.797661
-16.155175,50,234.84467
-6.359342,50,234.895654
-17.558146,50,234.943208
-5.722884,50,235.00092
-14.578206,50,235.054594
-8.46966,50,235.110976
-5.929716,50,235.161407
-8.026198,50,235.212521
-10.269122,50,235.260315
-12.589094,50,235.295998
-7.890806,50,235.339945
-6.491942,50,235.384661
-8.258779,50,235.4278
-5.831879,50,235.466691
-8.208629,50,235.508619
-11.631752,50,235.560815
-12.742508,50,235.606739
-6.962637,50,235.651773
-8.421568,50,235.703429
-7.784155,50,235.748554
-10.043991,50,235.805033
-10.276567,50,235.849274
-12.667279,50,235.887758
-18.348601,50,235.923851
-9.587284,50,236.376939
-11.421942,50,236.437329
-15.146564,50,236.490526
-11.954497,50,236.547874
-9.909299,50,236.605161
-6.385848,50,236.662027
-6.385977,50,236.707555
-8.96225,50,236.757787
-18.053044,50,236.800815
-10.033448,50,236.844563
-6.168075,50,236.891449
-15.348294,50,236.937725
-15.230037,50,236.974022
-8.011436,50,237.024018
-6.265927,50,237.058729
-14.22168,50,237.096219
-16.333534,50,237.12793
-7.764298,50,237.181897
-5.558523,50,237.218293
-12.285654,50,237.277783
-14.851668,50,237.32395
-6.428323,50,237.375615
-14.142813,50,237.435455
-9.220437,50,237.490344
-9.436554,50,237.542207
-12.062532,50,237.597865
-14.616398,50,237.654748
-12.24032,50,237.717361
-9.747366,50,237.768861
-10.412165,50,237.813197
-15.859989,50,237.862215
-13.542122,50,237.900715
-9.287279,50,237.957686
-8.692777,50,238.003555
-15.647944,50,238.053861
-13.107027,50,238.092833
-10.958441,50,238.144347
-14.357948,50,238.177606
-12.929541,50,238.22756
-6.298963,50,238.284354
-8.690516,50,238.341066
-16.235458,50,238.830007
-7.145315,50,238.883132
-10.771503,50,238.93573
-8.521431,50,238.989427
-9.469401,50,239.042669
-13.358757,50,239.091977
-11.529497,50,239.138293
-15.315374,50,239.183206
-8.506638,50,239.235865
-8.265849,50,239.276423
-7.848518,50,239.314792
-10.491988,50,239.348511
-5.666273,50,239.380786
-11.883887,50,239.426691
-11.381533,50,239.475258
-12.752511,50,239.505492
-6.502371,50,239.539188
-9.503572,50,239.588199
-5.956167,50,239.639743
-10.097135,50,239.692108
-7.068872,50,239.731309
-15.611142,50,239.778225
-11.876761,50,239.83056
-7.948484,50,239.880173
-12.848962,50,239.931926
-11.948573,50,239.990076
-9.270243,50,240.033849
-10.930103,50,240.076711
-9.955157,50,240.126872
-7.052811,50,240.172511
-6.152132,50,240.22337
-10.901,50,240.266027
-12.907305,50,240.313214
-13.935765,50,240.368409
-6.404579,50,240.420782
-9.324592,50,240.474427
-12.643489,50,240.516518
-10.211645,50,240.566507
-6.539249,50,240.616219
-18.281556,50,240.665791
-12.232858,50,240.709661
-10.061416,50,241.186914
-13.110416,50,241.243061
-13.166255,50,241.301056
-9.827724,50,241.358797
-6.088527,50,241.411485
-9.816223,50,241.472337
-9.261055,50,241.530501
-7.734141,50,241.586175
-14.964702,50,241.642819
-9.443024,50,241.705786
-16.251545,50,241.764331
-8.327694,50,241.81054
-12.801727,50,241.856624
-10.568231,50,241.906134
-7.910392,50,241.948303
-10.072206,50,242.00657
-10.87983,50,242.050441
-6.664695,50,242.107081
-7.355425,50,242.162771
-14.527197,50,242.217224
-8.447105,50,242.276809
-7.923018,50,242.335699
-14.677067,50,242.386208
-11.69503,50,242.442281
-12.081074,50,242.498893
-10.674386,50,242.555682
-10.161518,50,242.602766
-9.131061,50,242.643659
-6.471246,50,242.695353
-14.272131,50,242.743041
-6.128324,50,242.78447
-9.471544,50,242.840234
-16.078179,50,242.892164
-16.803656,50,242.939979
-15.255596,50,242.98201
-5.580816,50,243.033095
-9.343676,50,243.089307
-6.887144,50,243.125478
-10.326759,50,243.179877
-5.941907,50,243.238509
-11.600579,50,243.299134
-4.911474,50,243.801179
-9.083027,50,243.858499
-11.97712,50,243.911293
-10.897368,50,243.970348
-10.801964,50,244.027405
-8.52456,50,244.083867
-13.510977,50,244.136396
-7.98887,50,244.198664
-8.370647,50,244.255693
-10.859062,50,244.313283
-6.63937,50,244.368932
-6.332548,50,244.425056
-8.657511,50,244.473912
-9.851934,50,244.531171
-14.697156,50,244.586179
-7.780742,50,244.646846
-8.332328,50,244.704136
-18.080475,50,244.765323
-7.94328,50,244.817256
-9.731129,50,244.878273
-9.15905,50,244.934177
-9.968799,50,244.992033
-8.656271,50,245.040793
-10.443785,50,245.085172
-10.211798,50,245.125337
-10.828861,50,245.178228
-13.2396,50,245.239421
-10.384055,50,245.297633
-8.492419,50,245.353004
-10.717107,50,245.405941
-13.634367,50,245.462696
-8.116432,50,245.515519
-12.900573,50,245.555682
-10.292993,50,245.610508
-8.673919,50,245.653297
-5.25963,50,245.697533
-8.415513,50,245.744684
-15.774647,50,245.782705
-9.742724,50,245.82391
-6.294702,50,245.869011
-12.383686,50,245.905143
-17.803758,50,246.366559
-7.232655,50,246.421085
-11.797258,50,246.479123
-9.855628,50,246.53384
-7.982901,50,246.593716
-10.190595,50,246.655853
-15.833996,50,246.712078
-11.317644,50,246.768203
-7.616895,50,246.824488
-6.509701,50,246.87502
-14.337392,50,246.936603
-12.352291,50,246.992992
-7.143407,50,247.048286
-11.402844,50,247.106376
-8.014535,50,247.157807
-9.032803,50,247.198041
-5.834734,50,247.239842
-13.732101,50,247.271504
-13.549041,50,247.321555
-13.26644,50,247.37898
-8.147286,50,247.435008
-11.245419,50,247.488566
-18.025252,50,247.543255
-7.914156,50,247.600868
-8.379242,50,247.655255
-8.946956,50,247.712519
-13.557717,50,247.76877
-15.572666,50,247.819896
-9.389917,50,247.868763
-8.19614,50,247.910549
-9.640149,50,247.962618
-15.443878,50,248.006162
-16.441111,50,248.059201
-11.312556,50,248.114465
-9.486884,50,248.170507
-9.008209,50,248.216491
-15.761246,50,248.254693
-11.459459,50,248.30152
-14.556733,50,248.350279
-11.653607,50,248.402494
-12.511791,50,248.452863
-9.473915,50,248.940852
-8.140038,50,249.005654
-8.876573,50,249.060803
-15.741984,50,249.126096
-8.395671,50,249.184881
-7.648995,50,249.233167
-11.850771,50,249.287767
-12.572774,50,249.333198
-17.17966,50,249.390944
-8.883764,50,249.446904
-13.586166,50,249.50461
-8.888148,50,249.558226
-9.451648,50,249.618956
-10.876482,50,249.675436
-7.600824,50,249.734672
-12.530403,50,249.794987
-9.082437,50,249.848425
-5.861093,50,249.901508
-10.13225,50,249.955456
-12.591261,50,250.006655
-8.698978,50,250.060946
-7.905019,50,250.097772
-8.148735,50,250.153275
-15.220125,50,250.203433
-6.549669,50,250.250303
-10.206526,50,250.2869
-8.638979,50,250.328825
-10.291152,50,250.366077
-12.977177,50,250.427309
-10.607238,50,250.483791
-13.513007,50,250.543732
-6.973666,50,250.600488
-8.589953,50,250.655429
-11.476405,50,250.713718
-10.643505,50,250.772964
-11.273574,50,250.829407
-8.911672,50,250.888387
-13.166599,50,250.947639
-9.853023,50,250.994026
-10.991476,50,251.04342
-10.544751,50,251.104211
-7.650846,50,251.601951
-4.735656,50,251.661316
-10.758654,50,251.725505
-11.85269,50,251.773863
-8.341134,50,251.826018
-11.099809,50,251.880286
-8.488841,50,251.928481
-7.31999,50,251.970101
-15.729161,50,252.004788
-7.556233,50,252.053418
-9.876078,50,252.101657
-5.803556,50,252.15113
-10.508502,50,252.195884
-7.277399,50,252.238871
-9.150547,50,252.28901
-13.636983,50,252.332207
-11.738634,50,252.374117
-13.080516,50,252.412488
-7.873088,50,252.446475
-8.650634,50,252.50171
-7.848809,50,252.541086
-9.44682,50,252.6011
-12.622833,50,252.653054
-11.238853,50,252.711479
-13.330723,50,252.773504
-10.749327,50,252.831361
-9.718476,50,252.886322
-9.238507,50,252.94163
-6.146157,50,252.993062
-8.903192,50,253.049188
-14.170278,50,253.092481
-11.346999,50,253.135525
-7.124541,50,253.167282
-7.295145,50,253.204545
-9.925123,50,253.250245
-13.931056,50,253.30392
-8.914255,50,253.349124
-5.556447,50,253.395768
-7.123191,50,253.437731
-8.134565,50,253.488549
-9.651735,50,253.977069
-9.897466,50,254.009658
-6.986596,50,254.041802
-9.632712,50,254.080262
-10.171329,50,254.137554
-8.160072,50,254.191864
-8.957626,50,254.251587
-10.87011,50,254.316577
-7.836192,50,254.371157
-10.518738,50,254.41244
-7.879517,50,254.466725
-12.789247,50,254.511544
-9.099506,50,254.56005
-13.271241,50,254.611175
-12.655056,50,254.65503
-9.250153,50,254.702196
-9.146498,50,254.747696
-8.903934,50,254.787531
-6.530683,50,254.820201
-7.50044,50,254.85446
-14.795725,50,254.903761
-8.126444,50,254.955405
-9.3973,50,255.011374
-8.602903,50,255.065356
-13.171081,50,255.122144
-10.519059,50,255.18195
-7.05656,50,255.240749
-8.234934,50,255.293855
-10.126865,50,255.350454
-7.111301,50,255.393247
-10.307735,50,255.441359
-10.834204,50,255.49267
-10.848509,50,255.543489
-9.519876,50,255.589406
-9.139625,50,255.633829
-7.524089,50,255.681181
-14.099123,50,255.729291
-14.466872,50,255.788213
-15.112438,50,255.842516
-9.950224,50,255.884877
-12.718172,50,255.932099
-11.884914,50,256.408565
-9.975737,50,256.4746
-14.770386,50,256.531961
-8.547679,50,256.581542
-8.168275,50,256.641205
-7.710228,50,256.698782
-7.727855,50,256.754444
-10.848799,50,256.805103
-13.235053,50,256.857211
-9.929306,50,256.901915
-7.310993,50,256.951397
-10.114433,50,257.007823
-14.526619,50,257.051796
-8.576176,50,257.099935
-11.002957,50,257.149753
-10.547175,50,257.204756
-12.33852,50,257.245165
-9.070199,50,257.306627
-12.799537,50,257.355927
-15.191685,50,257.399893
-8.660114,50,257.454648
-13.4853,50,257.513881
-8.390635,50,257.575216
-15.187184,50,257.629691
-8.717166,50,257.69012
-8.125246,50,257.746589
-9.309646,50,257.793547
-10.253458,50,257.853906
-14.158628,50,257.90147
-10.599009,50,257.954558
-13.014194,50,258.000695
-7.342497,50,258.049571
-9.390014,50,258.097473
-8.376905,50,258.148342
-9.369606,50,258.195104
-8.797412,50,258.23758
-11.773486,50,258.288966
-8.787729,50,258.337308
-11.726639,50,258.379109
-7.151274,50,258.438824
-11.66273,50,258.496773
-6.34607,50,258.948466
-12.69679,50,259.003098
-8.853302,50,259.05593
-10.816952,50,259.107923
-7.726758,50,259.153263
-11.627389,50,259.207173
-13.785764,50,259.264766
-10.996322,50,259.317677
-11.968211,50,259.372708
-14.633572,50,259.420561
-8.811584,50,259.478452
-14.962635,50,259.544886
-10.844313,50,259.604477
-4.951716,50,259.665529
-7.371513,50,259.717675
-8.367914,50,259.755812
-7.627957,50,259.793431
-9.054112,50,259.850407
-12.547343,50,259.911331
-6.807744,50,259.950586
-12.491325,50,259.996719
-8.100211,50,260.047315
-9.517297,50,260.091905
-11.80814,50,260.138078
-8.111516,50,260.17663
-8.34407,50,260.221845
-7.737854,50,260.254569
-11.358878,50,260.288851
-6.485165,50,260.322774
-9.838718,50,260.370795
-15.070892,50,260.413323
-7.639093,50,260.461312
-8.688662,50,260.526502
-7.782188,50,260.582074
-11.472584,50,260.620662
-14.969054,50,260.65628
-13.925135,50,260.720274
-12.3349,50,260.766815
-7.35293,50,260.825123
-13.723017,50,260.886423
-6.297099,50,260.935415
-14.559802,50,261.393541
-9.565065,50,261.44871
-11.751152,50,261.511328
-13.693097,50,261.564495
-9.213841,50,261.620597
-10.532178,50,261.675185
-11.139555,50,261.738053
-6.845116,50,261.790105
-10.760042,50,261.851699
-11.675661,50,261.911205
-4.923138,50,261.967309
-12.55132,50,262.022306
-9.122886,50,262.077031
-10.837979,50,262.114048
-13.562741,50,262.153494
-8.903297,50,262.196281
-12.81585,50,262.23644
-9.413883,50,262.280588
-11.498837,50,262.315959
-6.708523,50,262.360287
-10.336962,50,262.411791
-13.588622,50,262.477863
-12.244576,50,262.53432
-12.467022,50,262.592323
-7.541188,50,262.65143
-9.877142,50,262.70475
-6.365175,50,262.763459
-11.667474,50,262.824168
-10.145139,50,262.882742
-5.355805,50,262.934913
-13.549199,50,262.993457
-10.928067,50,263.052351
-12.273128,50,263.10965
-9.828107,50,263.167291
-9.294356,50,263.217942
-8.384589,50,263.271204
-10.003454,50,263.320415
-7.865612,50,263.356328
-8.599991,50,263.401943
-8.223187,50,263.458368
-10.072483,50,263.516147
-11.377012,50,263.983385
-12.55586,50,264.037324
-15.791732,50,264.09611
-8.652859,50,264.148578
-17.253559,50,264.201528
-10.049427,50,264.25436
-10.630926,50,264.299415
-14.064073,50,264.361746
-14.156228,50,264.411984
-6.643831,50,264.474423
-10.568119,50,264.528063
-10.271055,50,264.581779
-9.962158,50,264.640275
-13.869104,50,264.693722
-10.104316,50,264.749374
-9.691536,50,264.815095
-14.13787,50,264.873395
-11.885149,50,264.91756
-7.923314,50,264.98328
-12.333685,50,265.040624
-13.278571,50,265.078655
-8.232082,50,265.145287
-12.245776,50,265.194946
-9.193925,50,265.246118
-8.868577,50,265.296959
-11.801383,50,265.349483
-9.174118,50,265.388351
-12.120735,50,265.446356
-6.215065,50,265.505148
-6.318321,50,265.557319
-9.651558,50,265.615512
-9.773055,50,265.673082
-8.591447,50,265.727597
-8.165435,50,265.78193
-9.068683,50,265.830802
-6.521377,50,265.871789
-7.726281,50,265.90336
-11.362175,50,265.946436
-8.00547,50,265.995222
-8.995198,50,266.038475
-7.400669,50,266.089207
-13.914779,50,266.565644
-12.511493,50,266.619074
-11.454969,50,266.683424
-8.96957,50,266.739434
-8.125617,50,266.793718
-8.586286,50,266.852388
-11.408442,50,266.907403
-11.297485,50,266.966015
-8.299955,50,267.014564
-9.593159,50,267.075433
-15.371509,50,267.132648
-11.876774,50,267.193874
-7.641585,50,267.243608
-8.796591,50,267.30661
-11.574856,50,267.358666
-8.617188,50,267.415162
-13.34546,50,267.471859
-8.988272,50,267.530128
-12.064185,50,267.586499
-8.952354,50,267.639756
-10.197799,50,267.696713
-7.086284,50,267.751926
-12.233495,50,267.810879
-8.71197,50,267.871211
-11.79821,50,267.928982
-8.047693,50,267.973529
-13.096072,50,268.034369
-12.823887,50,268.080791
-13.817347,50,268.124905
-10.635862,50,268.169539
-17.095026,50,268.218272
-13.531199,50,268.256071
-9.505484,50,268.301738
-10.017831,50,268.342978
-12.419755,50,268.386637
-8.759627,50,268.427819
-10.114682,50,268.485959
-5.894441,50,268.545212
-8.443483,50,268.584111
-14.991631,50,268.634583
-7.510042,50,268.679231
-10.954139,50,269.138489
-7.951091,50,269.193269
-8.694809,50,269.238656
-7.009998,50,269.273311
-7.752203,50,269.320731
-15.173512,50,269.36159
-9.111482,50,269.396555
-13.673169,50,269.441434
-13.646618,50,269.501172
-9.290457,50,269.548098
-8.585433,50,269.597235
-13.527901,50,269.650201
-9.121064,50,269.695498
-14.075638,50,269.753961
-6.938953,50,269.806863
-7.573079,50,269.858227
-10.198773,50,269.91662
-8.27986,50,269.97229
-12.732885,50,270.030451
-13.690663,50,270.085442
-12.429584,50,270.139969
-13.585296,50,270.188824
-14.624897,50,270.232778
-10.745828,50,270.290763
-12.544542,50,270.322421
-14.923074,50,270.369233
-8.400476,50,270.409348
-8.077538,50,270.460126
-7.314964,50,270.491984
-10.856664,50,270.538373
-8.968205,50,270.588293
-10.144005,50,270.651364
-10.723514,50,270.70859
-15.189717,50,270.751038
-13.715934,50,270.801626
-7.979865,50,270.860062
-11.866913,50,270.910364
-8.623599,50,270.955028
-8.443507,50,271.002204
-5.641444,50,271.061551
-8.24595,50,271.100729
-12.279621,50,271.550246
-8.386686,50,271.603197
-10.793433,50,271.663379
-10.201118,50,271.724326
-9.412389,50,271.781275
-12.164582,50,271.844954
-11.168707,50,271.908779
-13.214871,50,271.964706
-14.308141,50,272.021731
-8.348942,50,272.077825
-8.036793,50,272.125516
-9.240414,50,272.187139
-9.149276,50,272.234144
-8.826297,50,272.274208
-11.360042,50,272.310771
-9.348644,50,272.356955
-11.721537,50,272.400189
-8.826597,50,272.439332
-11.437586,50,272.481104
-9.999336,50,272.529089
-11.366435,50,272.582593
-5.994604,50,272.642914
-16.326494,50,272.705159
-9.337584,50,272.768123
-7.306532,50,272.824397
-11.470292,50,272.876667
-12.860737,50,272.936125
-13.86137,50,272.990881
-12.446857,50,273.050958
-13.650524,50,273.09134
-12.96867,50,273.143671
-12.182169,50,273.203113
-9.559986,50,273.259994
-8.966763,50,273.299746
-9.870137,50,273.331575
-10.185264,50,273.380178
-7.424028,50,273.437486
-12.191731,50,273.486132
-13.18446,50,273.536469
-13.832066,50,273.592482
-13.183317,50,273.646068
-14.349311,50,274.123165
-9.882594,50,274.182947
-6.61404,50,274.236997
-9.37416,50,274.292373
-13.813346,50,274.354253
-13.178406,50,274.409499
-8.032884,50,274.465778
-12.424088,50,274.520853
-9.088594,50,274.569562
-8.558736,50,274.631533
-8.956492,50,274.69272
-6.987604,50,274.744009
-8.092404,50,274.805755
-12.512899,50,274.863328
-7.538431,50,274.914782
-10.720475,50,274.964033
-15.674901,50,275.024662
-9.059137,50,275.082622
-8.309055,50,275.140298
-8.72431,50,275.196331
-9.974045,50,275.252905
-16.138445,50,275.309062
-9.823125,50,275.359115
-7.117967,50,275.414385
-12.317521,50,275.47134
-9.83748,50,275.52515
-7.252265,50,275.564841
-12.816711,50,275.606959
-11.274077,50,275.665967
-8.934389,50,275.718641
-7.632983,50,275.779115
-5.53295,50,275.83715
-11.575062,50,275.894187
-15.936237,50,275.955179
-7.498257,50,276.012569
-7.935419,50,276.063287
-14.311892,50,276.111924
-11.805882,50,276.159965
-14.575058,50,276.207599
-7.659519,50,276.255913
-8.444602,50,276.296955
-9.837768,50,276.782645
-8.312876,50,276.839585
-15.795637,50,276.897787
-14.185783,50,276.961498
-6.236097,50,277.016595
-7.163238,50,277.078886
-11.553466,50,277.139393
-12.382312,50,277.198172
-5.900802,50,277.263913
-12.464242,50,277.322266
-8.259415,50,277.379259
-7.828624,50,277.441405
-10.366722,50,277.503096
-14.212762,50,277.563368
-8.233768,50,277.610693
-7.648834,50,277.662195
-9.22651,50,277.713452
-10.183664,50,277.761815
-13.686021,50,277.823988
-13.931712,50,277.874775
-8.149004,50,277.930786
-8.654074,50,277.984237
-7.594822,50,278.041438
-8.439874,50,278.098612
-11.285046,50,278.154596
-15.951018,50,278.21345
-12.337324,50,278.275579
-7.316742,50,278.31832
-9.456528,50,278.379308
-7.368028,50,278.426076
-10.788996,50,278.475455
-11.353875,50,278.519337
-12.172119,50,278.575194
-12.515803,50,278.632914
-9.625197,50,278.677641
-9.673402,50,278.72386
-8.071612,50,278.768054
-11.632838,50,278.827381
-16.465806,50,278.880418
-11.149365,50,278.944511
-6.695167,50,279.001076
-9.827112,50,279.494282
-9.017734,50,279.54796
-6.852125,50,279.595902
-7.898089,50,279.640891
-9.26204,50,279.690051
-9.674002,50,279.742178
-8.46561,50,279.795707
-10.805146,50,279.853296
-14.966442,50,279.911684
-9.554898,50,279.969547
-12.903106,50,280.022451
-16.559669,50,280.075936
-8.895366,50,280.135663
-12.485297,50,280.191977
-6.339864,50,280.233479
-6.299593,50,280.281704
-9.319274,50,280.327141
-10.314991,50,280.375204
-10.073079,50,280.428198
-8.221542,50,280.470222
-12.789262,50,280.52103
-8.410159,50,280.579055
-12.431116,50,280.639741
-13.447615,50,280.683043
-14.062852,50,280.729907
-8.534746,50,280.779938
-8.542648,50,280.838444
-6.780996,50,280.895557
-10.928616,50,280.948514
-9.723685,50,280.999531
-10.944734,50,281.049763
-10.856845,50,281.109901
-9.353177,50,281.167201
-6.39815,50,281.2189
-9.385963,50,281.268033
-14.773892,50,281.313984
-9.274561,50,281.357041
-11.779127,50,281.388789
-6.515682,50,281.4231
-12.742458,50,281.484525
-14.726713,50,281.538121
-13.151617,50,282.013295
-6.837427,50,282.074162
-13.631961,50,282.131065
-10.989217,50,282.191289
-12.514871,50,282.252664
-12.965194,50,282.308109
-10.387269,50,282.360811
-10.229203,50,282.425982
-7.67824,50,282.483212
-12.296559,50,282.533681
-13.113367,50,282.58745
-6.470241,50,282.643839
-13.663211,50,282.682757
-9.233091,50,282.735212
-6.933096,50,282.782292
-10.189946,50,282.824656
-14.189923,50,282.861018
-10.426858,50,282.89049
-7.654499,50,282.930191
-9.621939,50,282.97085
-14.124695,50,283.00816
-12.8408,50,283.062524
-9.137167,50,283.122283
-5.395841,50,283.178238
-9.333714,50,283.23208
-5.47973,50,283.296837
-10.922386,50,283.354957
-10.172035,50,283.397918
-7.564987,50,283.443156
-13.964807,50,283.480528
-6.9559,50,283.5339
-13.1783,50,283.580086
-9.396918,50,283.627444
-10.047469,50,283.671236
-6.519087,50,283.729948
-8.821237,50,283.773067
-6.939813,50,283.82324
-7.52315,50,283.866419
-17.727139,50,283.920412
-12.690367,50,283.97668
-11.065071,50,284.032042
-16.147634,50,284.53007
-14.345082,50,284.589417
-8.325044,50,284.64906
-10.230594,50,284.704345
-14.197648,50,284.748639
-7.446906,50,284.809737
-6.79719,50,284.848223
-9.624826,50,284.899481
-11.182833,50,284.936943
-9.683874,50,284.984924
-11.762579,50,285.041195
-12.923917,50,285.098903
-9.240718,50,285.157033
-7.123592,50,285.216605
-10.736332,50,285.271183
-12.603102,50,285.328206
-12.325178,50,285.37899
-7.235406,50,285.424448
-9.20005,50,285.484353
-7.603381,50,285.520502
-9.968251,50,285.566521
-10.423746,50,285.619924
-8.691824,50,285.667939
-11.673186,50,285.726886
-7.366732,50,285.769992
-7.434123,50,285.818295
-5.528709,50,285.872807
-8.331968,50,285.914281
-9.372066,50,285.952801
-9.677356,50,285.999506
-6.216574,50,286.052337
-13.703984,50,286.108448
-10.268286,50,286.172202
-8.304334,50,286.226815
-12.432672,50,286.271843
-6.835888,50,286.326466
-6.773623,50,286.35943
-7.551559,50,286.402929
-10.531366,50,286.458291
-8.60839,50,286.510224
-10.913123,50,286.547175
-7.248001,50,287.026681
-13.152448,50,287.078839
-15.123864,50,287.14149
-12.719828,50,287.201945
-13.215418,50,287.262156
-7.830165,50,287.309685
-10.247067,50,287.36194
-6.242869,50,287.421481
-6.928874,50,287.466928
-14.777324,50,287.512272
-8.069259,50,287.551353
-7.824857,50,287.601592
-9.862615,50,287.642066
-11.348732,50,287.687846
-7.100651,50,287.734086
-9.870406,50,287.774829
-12.879808,50,287.814529
-9.429871,50,287.86488
-9.306184,50,287.908627
-7.696283,50,287.950622
-10.193319,50,287.994481
-8.584502,50,288.048008
-15.826188,50,288.091972
-13.181985,50,288.150345
-9.501067,50,288.205633
-13.00024,50,288.262218
-16.891944,50,288.315627
-13.487636,50,288.372659
-6.140533,50,288.427754
-12.538402,50,288.48499
-9.441674,50,288.541075
-9.670564,50,288.587231
-13.662666,50,288.623085
-14.891651,50,288.666
-13.88134,50,288.722507
-12.19967,50,288.767476
-9.761595,50,288.806829
-10.144816,50,288.863722
-9.715621,50,288.909909
-12.2649,50,288.956205
-7.737078,50,289.009489
-10.935349,50,289.483151
-13.032034,50,289.539986
-10.551374,50,289.595087
-9.376324,50,289.648913
-14.866163,50,289.707809
-10.642783,50,289.763941
-12.704268,50,289.820657
-7.674494,50,289.876399
-8.60651,50,289.931992
-11.11404,50,289.993793
-9.525773,50,290.043676
-13.751259,50,290.104471
-15.567231,50,290.166456
-9.283435,50,290.226415
-14.078291,50,290.286756
-9.288312,50,290.346172
-9.542478,50,290.399616
-8.850689,50,290.459759
-11.976871,50,290.514774
-15.93266,50,290.559152
-8.288772,50,290.61635
-14.773314,50,290.666946
-9.597564,50,290.716628
-13.322982,50,290.764445
-15.486798,50,290.825086
-8.509822,50,290.870282
-8.111549,50,290.923676
-7.520117,50,290.979027
-10.703013,50,291.036446
-6.773019,50,291.094609
-4.973111,50,291.153001
-9.878935,50,291.216816
-10.030956,50,291.275367
-13.351104,50,291.333404
-15.193852,50,291.393131
-13.99484,50,291.449592
-11.542148,50,291.508548
-10.378367,50,291.551008
-8.227144,50,291.61204
-8.0197,50,291.666577
-6.45205,50,291.707689
-12.26367,50,292.206335
-9.449032,50,292.260206
-10.717254,50,292.316599
-9.534285,50,292.371883
-15.01093,50,292.425739
-7.744759,50,292.480936
-9.43686,50,292.539137
-7.4278,50,292.59276
-13.059088,50,292.658602
-6.662068,50,292.719466
-6.889131,50,292.788801
-8.227035,50,292.840581
-10.957347,50,292.89434
-8.892318,50,292.943498
-13.19187,50,293.004786
-7.931006,50,293.04529
-10.811854,50,293.099784
-15.708116,50,293.152406
-7.282887,50,293.209362
-14.723476,50,293.268199
-6.387209,50,293.326754
-13.022981,50,293.384043
-9.344636,50,293.438921
-9.229193,50,293.48714
-9.398872,50,293.541448
-6.812611,50,293.593427
-15.233568,50,293.652824
-6.802609,50,293.701344
-11.262563,50,293.749701
-15.650076,50,293.798778
-7.966313,50,293.838115
-16.035549,50,293.871526
-11.453202,50,293.91327
-8.365973,50,293.952374
-7.641083,50,294.006706
-8.490711,50,294.05911
-8.155672,50,294.095369
-9.36917,50,294.148691
-10.215609,50,294.199097
-9.870243,50,294.26206
-7.16444,50,294.308988
-8.077846,50,294.787166
-10.225642,50,294.843253
-12.255773,50,294.899516
-8.404887,50,294.950881
-15.676384,50,294.993618
-16.526138,50,295.042085
-8.972369,50,295.087645
-7.825758,50,295.127621
-8.135777,50,295.174029
-8.781529,50,295.222039
-8.80626,50,295.259483
-10.69682,50,295.292295
-8.079105,50,295.333482
-8.370037,50,295.391654
-8.547764,50,295.451513
-11.872293,50,295.49608
-15.305613,50,295.555763
-9.198512,50,295.617434
-14.056765,50,295.658583
-8.872419,50,295.707501
-9.515621,50,295.740247
-9.111108,50,295.781821
-9.028946,50,295.834577
-8.005703,50,295.885481
-13.940063,50,295.924232
-10.247656,50,295.968439
-10.949799,50,296.013341
-5.365079,50,296.055035
-6.965948,50,296.099357
-10.69788,50,296.151586
-8.989865,50,296.209155
-9.875357,50,296.253337
-11.045657,50,296.300347
-13.059054,50,296.352411
-15.575586,50,296.400927
-8.774148,50,296.438063
-6.983816,50,296.476778
-8.426233,50,296.535044
-8.558794,50,296.589059
-10.676228,50,296.647445
-13.304527,50,296.694354
-10.199667,50,297.22918
-6.548083,50,297.288644
-8.629394,50,297.350327
-7.421393,50,297.402527
-8.802127,50,297.458153
-12.07816,50,297.518034
-9.315894,50,297.576438
-9.684341,50,297.633288
-14.858279,50,297.689699
-11.500311,50,297.749602
-12.111833,50,297.793984
-7.046022,50,297.853488
-9.269498,50,297.913831
-12.214524,50,297.967921
-8.355253,50,298.019148
-13.27021,50,298.076172
-13.312042,50,298.132119
-9.222583,50,298.187824
-15.207582,50,298.245157
-9.503828,50,298.308501
-8.8596,50,298.364607
-9.61752,50,298.420559
-10.027013,50,298.479812
-13.225434,50,298.539562
-8.774159,50,298.598363
-8.938755,50,298.664547
-9.002431,50,298.722248
-8.294421,50,298.778169
-10.492551,50,298.830399
-9.336905,50,298.87821
-9.894724,50,298.919881
-7.573914,50,298.964468
-10.671029,50,299.013106
-10.050811,50,299.066909
-15.733884,50,299.123946
-7.577794,50,299.165251
-7.646767,50,299.210768
-6.429723,50,299.270396
-14.306444,50,299.331405
-9.262537,50,299.39657
-7.569551,50,299.45426
-6.926528,50,299.965216
-11.612517,50,300.023129
-13.518803,50,300.079916
-7.016351,50,300.139127
-9.532325,50,300.17847
-12.273614,50,300.227094
-12.06859,50,300.284801
-8.778619,50,300.340596
-7.09123,50,300.396494
-9.926708,50,300.452249
-7.687911,50,300.515949
-14.567977,50,300.570881
-10.980331,50,300.631588
-8.531291,50,300.694621
-8.975827,50,300.751906
-10.345256,50,300.818269
-9.638315,50,300.876812
-9.060334,50,300.933197
-12.458216,50,300.987728
-7.916146,50,301.043361
-9.112462,50,301.105476
-10.461375,50,301.148808
-9.264379,50,301.186902
-7.348473,50,301.251292
-6.901643,50,301.315658
-13.217712,50,301.378176
-10.723034,50,301.433921
-14.979663,50,301.491513
-7.281036,50,301.557166
-12.459256,50,301.613202
-10.706379,50,301.672357
-13.140251,50,301.731924
-12.701477,50,301.788812
-13.194768,50,301.846664
-8.69579,50,301.889528
-14.298042,50,301.954173
-7.015113,50,302.012975
-10.760813,50,302.062068
-10.250073,50,302.112512
-9.205063,50,302.148299
-15.684392,50,302.196548
-11.103389,50,302.677783
-9.067442,50,302.743568
-9.818822,50,302.810011
-6.153677,50,302.86493
-11.669034,50,302.93042
-15.865603,50,302.994734
-11.074473,50,303.048502
-9.855671,50,303.11434
-15.035115,50,303.172053
-11.707057,50,303.222547
-10.403542,50,303.269332
-13.478354,50,303.315289
-9.911272,50,303.3604
-10.496337,50,303.402515
-7.824011,50,303.44175
-9.689419,50,303.497175
-11.972546,50,303.547854
-16.654833,50,303.592148
-11.510613,50,303.645304
-7.159801,50,303.703696
-10.574882,50,303.764946
-8.192433,50,303.829443
-8.071019,50,303.892066
-8.923723,50,303.934888
-14.352208,50,303.989139
-10.680909,50,304.026614
-6.83428,50,304.071191
-11.496775,50,304.123755
-11.314634,50,304.178913
-9.693193,50,304.226347
-10.567855,50,304.297303
-9.440409,50,304.339337
-7.181257,50,304.38902
-8.724182,50,304.441054
-10.131241,50,304.4823
-7.828488,50,304.522471
-12.449861,50,304.557541
-12.741599,50,304.596812
-11.856073,50,304.633692
-10.643742,50,304.67357
-6.921568,50,304.730531
-10.327557,50,305.232172
-12.297082,50,305.288417
-10.223181,50,305.348394
-6.136324,50,305.41496
-14.97613,50,305.47683
-9.094769,50,305.536758
-9.796922,50,305.587111
-8.779129,50,305.652393
-8.024418,50,305.715746
-11.807395,50,305.773541
-12.518466,50,305.826365
-9.221922,50,305.877916
-8.73714,50,305.922065
-15.578872,50,305.971837
-9.596739,50,306.023637
-10.194466,50,306.077366
-17.02476,50,306.129354
-11.3079,50,306.182786
-15.03764,50,306.232766
-12.550348,50,306.28098
-10.726327,50,306.335063
-6.273003,50,306.376734
-4.914506,50,306.435822
-8.96257,50,306.48326
-9.414649,50,306.52976
-8.188098,50,306.577141
-6.613468,50,306.62352
-7.806619,50,306.684596
-10.381717,50,306.733258
-8.940807,50,306.788119
-15.815577,50,306.834433
-9.407711,50,306.892677
-11.817696,50,306.948958
-5.990765,50,306.99645
-9.398773,50,307.053331
-8.278226,50,307.10277
-5.799351,50,307.144466
-8.400626,50,307.185334
-9.337446,50,307.242872
-9.054468,50,307.300662
-13.737984,50,307.361497
-10.902789,50,307.880847
-8.53803,50,307.937346
-13.887802,50,307.997793
-9.441994,50,308.049929
-5.784545,50,308.101224
-9.916285,50,308.144362
-8.312786,50,308.189282
-13.514855,50,308.232506
-9.078345,50,308.271897
-15.303001,50,308.323104
-9.726168,50,308.367294
-8.974751,50,308.420946
-12.006967,50,308.476241
-10.454769,50,308.531772
-15.606297,50,308.586033
-15.723299,50,308.642308
-13.192964,50,308.696796
-10.230169,50,308.7473
-6.92308,50,308.790718
-12.557091,50,308.82359
-9.094299,50,308.874586
-7.406992,50,308.93482
-7.021306,50,308.993785
-12.736089,50,309.049495
-10.361411,50,309.107118
-14.797632,50,309.160967
-11.768885,50,309.19887
-8.558016,50,309.249444
-10.918,50,309.293174
-6.387603,50,309.338427
-15.988213,50,309.395921
-16.891817,50,309.434072
-7.049763,50,309.481211
-12.745191,50,309.52178
-9.731336,50,309.570313
-10.502294,50,309.605926
-14.144175,50,309.644625
-9.639919,50,309.700989
-7.492007,50,309.752078
-6.297311,50,309.805363
-7.119303,50,309.849729
-8.960684,50,310.36266
-8.835879,50,310.431839
-9.089369,50,310.49658
-10.930027,50,310.564736
-10.263634,50,310.616781
-6.328301,50,310.668629
-8.668504,50,310.726337
-9.589708,50,310.773979
-7.698628,50,310.829379
-6.926243,50,310.895065
-9.849289,50,310.958441
-5.16551,50,311.015708
-9.312516,50,311.067743
-11.801132,50,311.135399
-14.418745,50,311.209662
-12.528542,50,311.265268
-10.792974,50,311.329977
-8.318286,50,311.392115
-10.933299,50,311.457289
-7.092613,50,311.52008
-9.383045,50,311.586834
-4.865953,50,311.649573
-14.631235,50,311.70903
-8.136361,50,311.759661
-11.90763,50,311.819195
-7.736223,50,311.878183
-11.97193,50,311.939697
-15.815933,50,311.989094
-7.792124,50,312.050236
-10.305772,50,312.107295
-6.465629,50,312.159947
-9.08616,50,312.21365
-14.368735,50,312.2693
-14.73415,50,312.331611
-9.305132,50,312.396212
-9.561941,50,312.44869
-9.700612,50,312.511376
-9.814898,50,312.564447
-9.45819,50,312.615995
-7.497983,50,312.66022
-10.961407,50,312.693631
-9.800164,50,313.185054
-7.687331,50,313.220384
-8.240268,50,313.2559
-11.877599,50,313.298587
-8.131856,50,313.359367
-9.120791,50,313.41985
-10.512999,50,313.482375
-8.575469,50,313.530272
-9.45256,50,313.5781
-9.909376,50,313.612679
-10.787076,50,313.645571
-12.446584,50,313.678707
-6.158042,50,313.725147
-7.191524,50,313.760695
-12.822864,50,313.79862
-15.22949,50,313.833559
-13.407226,50,313.8683
-9.998171,50,313.903283
-8.197337,50,313.938937
-9.655719,50,313.975871
-7.8838,50,314.014827
-7.955175,50,314.050982
-10.61489,50,314.088331
-7.073174,50,314.124835
-9.968338,50,314.170513
-10.743167,50,314.21865
-16.020775,50,314.262135
-9.26518,50,314.309399
-10.107393,50,314.347631
-9.337599,50,314.385088
-9.907594,50,314.42369
-8.430804,50,314.481926
-7.480451,50,314.534374
-9.416378,50,314.575933
-9.329239,50,314.617828
-11.63947,50,314.668117
-9.390553,50,314.702409
-12.347282,50,314.738121
-9.626572,50,314.771221
-9.589955,50,314.804875
-14.737802,50,314.839909
-11.738419,50,315.321239
-11.793502,50,315.357806
-9.901152,50,315.390836
-12.157996,50,315.431386
-10.329514,50,315.479672
-10.397818,50,315.524249
-16.114405,50,315.56585
-9.848329,50,315.610806
-8.955772,50,315.659293
-10.42731,50,315.715347
-12.378526,50,315.751634
-8.058246,50,315.78802
-11.180713,50,315.821577
-7.297693,50,315.858139
-9.07494,50,315.897764
-14.519417,50,315.937436
-9.167288,50,315.973135
-9.046495,50,316.008869
-9.431743,50,316.049359
-7.408164,50,316.088206
-9.981333,50,316.125269
-8.791567,50,316.161089
-13.045241,50,316.1959
-8.711416,50,316.230653
-11.586456,50,316.272578
-10.976794,50,316.304285
-13.633433,50,316.336818
-9.999748,50,316.375621
-12.288142,50,316.428543
-14.852394,50,316.4852
-8.945067,50,316.528141
-11.325445,50,316.567314
-11.371189,50,316.603035
-6.116181,50,316.638873
-9.415073,50,316.679585
-10.816919,50,316.71452
-7.236155,50,316.751963
-11.735723,50,316.793827
-11.170132,50,316.858386
-12.122089,50,316.895519
-13.549895,50,317.378976
-10.028103,50,317.429797
-10.77192,50,317.483233
-12.827436,50,317.527188
-11.111449,50,317.563884
-7.220075,50,317.610552
-7.206811,50,317.647086
-8.370123,50,317.688947
-9.548046,50,317.737204
-8.253133,50,317.771945
-12.605891,50,317.808247
-10.796334,50,317.853281
-10.789797,50,317.887392
-13.853091,50,317.926517
-8.226231,50,317.963755
-9.011988,50,318.000327
-12.918354,50,318.039846
-13.476932,50,318.085521
-17.046958,50,318.122798
-5.466361,50,318.158419
-9.830039,50,318.19226
-7.606338,50,318.226683
-9.180574,50,318.259691
-15.883892,50,318.292308
-8.86147,50,318.32637
-12.218557,50,318.359679
-14.605678,50,318.393234
-9.694803,50,318.426711
-8.861921,50,318.469913
-9.479367,50,318.525443
-7.979857,50,318.564057
-9.041882,50,318.609927
-6.415752,50,318.652268
-5.732073,50,318.694803
-9.448343,50,318.738949
-12.350919,50,318.783239
-9.093871,50,318.819771
-10.842662,50,318.854419
-9.239233,50,318.889481
-12.100456,50,318.924877
-13.855593,50,318.962446
-10.172282,50,319.78992
-14.741168,50,319.87674
-8.675342,50,319.953922
-11.8235,50,320.026146
-10.389777,50,320.095398
-7.345345,50,320.164768
-6.632941,50,320.233327
-8.925709,50,320.304717
-12.234915,50,320.376546
-9.476631,50,320.451875
-13.164682,50,320.527976
-8.625129,50,320.601934
-9.242791,50,320.675472
-7.87905,50,320.745871
-11.512112,50,320.815705
-7.799394,50,320.886353
-11.86564,50,320.954385
-7.316319,50,321.022811
-7.811695,50,321.093535
-10.28944,50,321.166359
-12.85213,50,321.241025
-9.740917,50,321.3145
-8.939947,50,321.38587
-10.478837,50,321.459483
-8.789867,50,321.529906
-9.389157,50,321.599579
-8.720586,50,321.668843
-10.124325,50,321.73992
-9.724727,50,321.809959
-11.234643,50,321.883675
-16.329608,50,321.957088
-13.096449,50,322.032888
-9.00048,50,322.10438
-8.690005,50,322.175281
-9.144748,50,322.24711
-7.879106,50,322.317237
-10.691871,50,322.388284
-8.00751,50,322.459973
-8.327728,50,322.530906
-7.748982,50,322.605834
-9.337936,50,322.679256
-10.510449,50,323.434579
-9.774018,50,323.507775
-9.618469,50,323.579159
-12.985981,50,323.648996
-9.12414,50,323.722055
-8.564454,50,323.793699
-8.684771,50,323.867764
-5.252724,50,323.939773
-16.131623,50,324.010401
-8.061935,50,324.084776
-8.763309,50,324.152467
-10.048408,50,324.225934
-7.543257,50,324.299178
-14.354251,50,324.373308
-13.121274,50,324.443471
-8.226801,50,324.518054
-7.345252,50,324.589916
-8.419246,50,324.661276
-8.674062,50,324.728287
-7.486975,50,324.797314
-9.230842,50,324.866209
-10.56485,50,324.934882
-10.961853,50,325.004662
-11.138268,50,325.07528
-7.574374,50,325.14973
-8.639416,50,325.219624
-8.66963,50,325.287646
-7.370827,50,325.360758
-9.592623,50,325.436236
-11.384243,50,325.508879
-7.187859,50,325.578716
-7.866653,50,325.64883
-9.098983,50,325.718574
-8.11186,50,325.786679
-10.653676,50,325.854561
-9.038403,50,325.926636
-6.889235,50,326.004033
-10.673448,50,326.076761
-11.85134,50,326.150114
-8.781874,50,326.221252
-12.491847,50,326.292815
-13.301265,50,327.194199
-17.090141,50,327.232786
-7.172894,50,327.272425
-10.756737,50,327.307941
-9.249939,50,327.343333
-5.655362,50,327.377556
-9.725916,50,327.412781
-9.065255,50,327.445787
-11.008716,50,327.48079
-7.21381,50,327.518081
-11.076135,50,327.560124
-12.283998,50,327.596567
-11.955781,50,327.632219
-14.998407,50,327.668081
-10.543965,50,327.701767
-15.400226,50,327.738904
-9.397166,50,327.784221
-12.508792,50,327.819989
-5.671079,50,327.87005
-5.400442,50,327.904717
-11.042413,50,327.94295
-10.170851,50,327.97802
-13.299713,50,328.015938
-11.300182,50,328.054111
-9.466731,50,328.090117
-7.581653,50,328.12406
-8.593396,50,328.158233
-8.052789,50,328.194636
-8.643936,50,328.242875
-9.760162,50,328.292407
-12.946441,50,328.338998
-8.880134,50,328.382056
-10.141415,50,328.421818
-9.737122,50,328.474053
-11.582862,50,328.511983
-14.51272,50,328.547566
-10.375095,50,328.584951
-9.933534,50,328.622106
-6.398773,50,328.658363
-15.131235,50,328.702623
-11.509563,50,328.742533
-10.592338,50,329.272084
-11.425067,50,329.322901
-12.532751,50,329.384474
-8.766648,50,329.443467
-8.165067,50,329.481963
-7.527454,50,329.520694
-8.928684,50,329.564631
-8.066807,50,329.604036
-11.125289,50,329.644393
-6.060454,50,329.70404
-11.509352,50,329.758254
-14.693142,50,329.821523
-9.498371,50,329.885355
-10.671904,50,329.9338
-10.652289,50,329.994489
-7.253037,50,330.03659
-8.212094,50,330.078916
-14.324412,50,330.11442
-11.31219,50,330.151798
-10.031923,50,330.192125
-8.281223,50,330.227962
-13.713615,50,330.267097
-10.638582,50,330.31318
-10.354607,50,330.371462
-8.455792,50,330.428429
-9.341454,50,330.479901
-9.18048,50,330.540569
-6.924362,50,330.594017
-10.849182,50,330.640431
-9.291016,50,330.696612
-8.934422,50,330.757568
-10.372474,50,330.809927
-12.317498,50,330.86109
-9.896637,50,330.918065
-7.796254,50,330.968435
-12.072552,50,331.016653
-9.289022,50,331.0663
-11.731741,50,331.126273
-6.785268,50,331.162073
-10.135239,50,331.20111
-10.438101,50,331.24719
-9.541923,50,331.794515
-9.186143,50,331.841868
-14.133315,50,331.890179
-16.561703,50,331.95123
-6.600993,50,331.998193
-9.463285,50,332.051323
-11.15007,50,332.103637
-11.200568,50,332.161025
-13.973296,50,332.215063
-6.747548,50,332.26866
-7.129056,50,332.303867
-11.00819,50,332.339115
-8.699849,50,332.405268
-8.873202,50,332.460047
-8.439609,50,332.517436
-13.669319,50,332.577612
-9.476433,50,332.627501
-6.422161,50,332.67741
-7.105597,50,332.723513
-5.643483,50,332.777352
-8.342282,50,332.840481
-13.451206,50,332.89774
-9.169991,50,332.950104
-7.746243,50,333.009228
-9.207708,50,333.044733
-7.656647,50,333.09231
-12.531722,50,333.154866
-7.604612,50,333.214015
-11.158116,50,333.250086
-13.637114,50,333.314007
-9.723147,50,333.372083
-12.393343,50,333.436685
-13.757392,50,333.49472
-13.598395,50,333.550592
-7.534302,50,333.610422
-9.588522,50,333.665108
-7.778281,50,333.720432
-12.221851,50,333.779258
-10.881474,50,333.837946
-7.758785,50,333.878801
-10.96856,50,333.930961
-12.349716,50,334.455783
-8.586814,50,334.516431
-8.279056,50,334.568488
-7.483229,50,334.623936
-12.104531,50,334.676676
-15.329019,50,334.740079
-10.192364,50,334.791464
-11.688618,50,334.855012
-10.515933,50,334.913018
-7.552317,50,334.968518
-6.179167,50,335.028701
-12.199763,50,335.089582
-10.950004,50,335.142052
-9.735073,50,335.204994
-9.445705,50,335.263967
-11.523077,50,335.308953
-6.949201,50,335.365277
-15.375327,50,335.416309
-8.35663,50,335.474684
-8.103689,50,335.535792
-12.530051,50,335.593303
-10.952139,50,335.648982
-7.56385,50,335.710206
-10.204873,50,335.774137
-9.236619,50,335.832399
-11.963586,50,335.891434
-8.282729,50,335.939612
-10.803656,50,336.002965
-5.690204,50,336.060344
-14.497816,50,336.107644
-14.210499,50,336.169741
-12.395432,50,336.217267
-10.758398,50,336.271937
-6.876445,50,336.325413
-8.0244,50,336.370389
-12.866463,50,336.41869
-11.495822,50,336.47825
-9.711177,50,336.534871
-6.052966,50,336.593303
-9.001377,50,336.648254
-11.564657,50,336.705771
-16.450814,50,337.24341
-10.983923,50,337.298981
-13.356478,50,337.35257
-9.935382,50,337.408872
-9.932416,50,337.463761
-13.129367,50,337.533318
-13.262435,50,337.589251
-7.188377,50,337.643724
-12.897488,50,337.703521
-12.45608,50,337.755437
-9.535448,50,337.813168
-10.37664,50,337.866925
-10.625439,50,337.922567
-11.589969,50,337.978509
-10.087374,50,338.035996
-9.339531,50,338.095163
-9.362314,50,338.150883
-12.194979,50,338.2089
-8.303554,50,338.24954
-16.392058,50,338.300598
-12.677086,50,338.353843
-8.042861,50,338.40163
-6.94688,50,338.462162
-11.300986,50,338.525144
-8.279351,50,338.586806
-9.506797,50,338.634924
-8.57324,50,338.694151
-16.280138,50,338.756405
-12.979155,50,338.810332
-10.363585,50,338.863464
-7.74834,50,338.90451
-9.600878,50,338.951964
-10.216463,50,339.005449
-17.873292,50,339.067218
-5.650498,50,339.113513
-13.27368,50,339.155066
-15.931036,50,339.201822
-11.529592,50,339.248024
-8.74124,50,339.289363
-10.376853,50,339.340704
-5.168769,50,339.394334
-8.194832,50,339.89256
-11.512222,50,339.95177
-10.283206,50,340.013323
-12.692125,50,340.071606
-9.01423,50,340.121842
-9.638712,50,340.177363
-7.001288,50,340.231901
-14.005278,50,340.287561
-10.449353,50,340.336373
-13.082417,50,340.399384
-8.088382,50,340.446782
-13.389207,50,340.505092
-13.936053,50,340.557315
-6.731418,50,340.606885
-8.307112,50,340.657595
-10.261191,50,340.706779
-5.946207,50,340.763742
-10.41769,50,340.823712
-8.359903,50,340.877326
-17.27702,50,340.930219
-9.99326,50,340.985313
-6.662178,50,341.04238
-8.166683,50,341.093248
-10.147757,50,341.134206
-7.524148,50,341.18352
-11.158224,50,341.241241
-12.162149,50,341.280652
-8.703693,50,341.326414
-9.685703,50,341.365756
-7.897384,50,341.415521
-13.898508,50,341.452033
-17.515686,50,341.510314
-5.831953,50,341.55859
-5.957815,50,341.614258
-8.440161,50,341.668882
-15.93854,50,341.712435
-13.463936,50,341.76301
-13.237264,50,341.820491
-8.103755,50,341.87587
-13.844333,50,341.92833
-10.091596,50,341.99061
-8.82642,50,342.492404
-12.714475,50,342.553481
-10.607767,50,342.615626
-8.270061,50,342.66301
-7.545068,50,342.705489
-10.443524,50,342.752972
-16.150285,50,342.806198
-17.094769,50,342.872281
-8.770175,50,342.929909
-11.928883,50,342.987082
-13.563909,50,343.040545
-15.627309,50,343.095733
-10.477346,50,343.158462
-11.350186,50,343.221778
-11.704744,50,343.283677
-12.548083,50,343.344738
-8.874915,50,343.412262
-9.477618,50,343.47082
-10.678281,50,343.531551
-11.672758,50,343.576867
-12.811737,50,343.622397
-11.449429,50,343.661063
-10.019,50,343.707083
-9.791614,50,343.770118
-12.157823,50,343.811135
-8.73264,50,343.867819
-8.418104,50,343.924945
-7.142423,50,343.985841
-11.729453,50,344.042581
-7.380486,50,344.104183
-12.117241,50,344.15762
-14.161523,50,344.217638
-8.836178,50,344.273615
-11.959609,50,344.330544
-9.813817,50,344.383476
-7.838332,50,344.430028
-10.420769,50,344.485655
-6.33054,50,344.528708
-8.742425,50,344.582236
-10.865789,50,344.633622
-7.887867,50,344.679579
-10.814411,50,345.188081
-9.778857,50,345.239668
-9.619861,50,345.295854
-8.72338,50,345.353492
-11.269436,50,345.410505
-8.669898,50,345.472004
-7.040182,50,345.526119
-11.399061,50,345.584918
-10.760988,50,345.641053
-9.03086,50,345.695172
-8.446871,50,345.756786
-5.95655,50,345.812906
-9.854194,50,345.863458
-6.886255,50,345.917985
-11.196638,50,345.972951
-12.573195,50,346.021739
-10.268561,50,346.08143
-16.863001,50,346.139547
-10.952492,50,346.199462
-8.421993,50,346.262564
-15.026353,50,346.3223
-11.220762,50,346.382667
-9.537718,50,346.437628
-9.768545,50,346.494876
-11.231204,50,346.551571
-14.969724,50,346.607373
-7.643876,50,346.651195
-18.186473,50,346.708965
-7.969455,50,346.772113
-9.449542,50,346.823139
-16.003418,50,346.873082
-11.876847,50,346.915624
-9.331228,50,346.96674
-12.628267,50,347.015408
-10.349027,50,347.069131
-15.514995,50,347.12132
-6.694038,50,347.179505
-9.474687,50,347.242584
-16.018121,50,347.308404
-9.781932,50,347.350906
-12.223874,50,347.408583
-11.620902,50,347.91658
-17.875645,50,347.975726
-5.741287,50,348.028978
-15.426837,50,348.087583
-9.127183,50,348.142278
-7.78358,50,348.199941
-12.272078,50,348.255255
-7.481822,50,348.313145
-10.27677,50,348.367204
-10.846292,50,348.436974
-11.822011,50,348.503157
-14.801582,50,348.552101
-9.482358,50,348.587703
-8.044378,50,348.627756
-13.128851,50,348.684655
-10.129641,50,348.75095
-11.980353,50,348.812469
-9.536185,50,348.86135
-6.814316,50,348.912463
-10.937115,50,348.953817
-7.839984,50,349.013233
-7.764669,50,349.068261
-11.079584,50,349.123052
-11.746645,50,349.165022
-13.87961,50,349.20884
-12.54135,50,349.264228
-10.815478,50,349.320046
-10.541302,50,349.377317
-12.372537,50,349.426057
-9.146198,50,349.465584
-9.105959,50,349.503901
-9.853643,50,349.54537
-10.540779,50,349.58962
-15.09841,50,349.639377
-16.1116,50,349.688609
-10.433502,50,349.75664
-8.447337,50,349.804611
-7.289459,50,349.850038
-8.426331,50,349.893541
-8.119464,50,349.931483
-7.37792,50,349.973713
-9.202103,50,350.48757
-10.001537,50,350.526281
-8.50976,50,350.567339
-10.734501,50,350.611478
-7.601529,50,350.667269
-11.486346,50,350.707532
-11.064428,50,350.754848
-6.501657,50,350.80596
-10.332457,50,350.859168
-10.811212,50,350.905883
-9.847646,50,350.96514
-11.729128,50,351.019972
-13.100709,50,351.076851
-12.119291,50,351.134957
-8.122415,50,351.184273
-17.007041,50,351.235427
-10.444557,50,351.28597
-9.00177,50,351.339905
-5.645076,50,351.39145
-9.87695,50,351.447557
-8.482551,50,351.504993
-9.177114,50,351.564588
-10.352253,50,351.62921
-7.897228,50,351.664234
-15.282867,50,351.718603
-7.7621,50,351.774778
-8.523942,50,351.836242
-8.347273,50,351.881228
-9.651934,50,351.925231
-13.102664,50,351.978424
-9.886526,50,352.033838
-10.792627,50,352.080124
-9.457593,50,352.134176
-9.903869,50,352.186566
-5.952683,50,352.23589
-10.084416,50,352.289809
-8.166263,50,352.352355
-9.0662,50,352.40672
-8.367693,50,352.453907
-10.347481,50,352.507166
-7.867981,50,352.564315
-11.377325,50,353.073234
-12.858783,50,353.116912
-13.530085,50,353.179985
-10.26292,50,353.239806
-9.086804,50,353.286918
-8.976926,50,353.329917
-9.824161,50,353.38272
-7.191585,50,353.430279
-8.682615,50,353.481951
-6.119676,50,353.544737
-9.516648,50,353.603047
-7.024996,50,353.663814
-9.92885,50,353.715621
-13.98485,50,353.767277
-10.29916,50,353.813313
-11.51366,50,353.864405
-11.360495,50,353.915491
-14.373903,50,353.958452
-8.768893,50,354.010413
-8.847049,50,354.053017
-8.440234,50,354.105119
-9.913812,50,354.166288
-10.673712,50,354.231428
-16.320081,50,354.28133
-6.549187,50,354.340042
-10.813881,50,354.393764
-10.998808,50,354.451408
-8.774951,50,354.512402
-14.139813,50,354.557136
-8.491793,50,354.593281
-18.023453,50,354.648664
-6.665908,50,354.701521
-9.355872,50,354.75932
-14.502057,50,354.819253
-10.235702,50,354.866144
-10.096714,50,354.931584
-19.602873,50,354.969508
-11.108944,50,355.019957
-16.7292,50,355.071891
-8.054805,50,355.122424
-8.69012,50,355.172576
-10.249147,50,355.657003
-8.046927,50,355.713424
-6.059685,50,355.769968
-11.368344,50,355.824669
-13.657443,50,355.865862
-6.085462,50,355.905459
-11.473513,50,355.940119
-18.838761,50,355.985975
-11.5439,50,356.033822
-14.830733,50,356.082679
-11.429942,50,356.121148
-9.191014,50,356.169864
-12.073657,50,356.21177
-13.112737,50,356.246782
-14.792272,50,356.299906
-12.380404,50,356.338217
-10.045084,50,356.384656
-9.830966,50,356.417362
-7.467129,50,356.471423
-12.474247,50,356.519707
-13.330138,50,356.570894
-12.11046,50,356.621049
-13.240787,50,356.674239
-9.804063,50,356.729438
-8.214035,50,356.782968
-10.705235,50,356.84654
-8.577814,50,356.901691
-14.031387,50,356.955663
-8.056971,50,357.008875
-11.482138,50,357.05368
-9.257883,50,357.095915
-10.719711,50,357.155264
-8.971391,50,357.215106
-10.10318,50,357.261285
-11.04627,50,357.295398
-12.127354,50,357.338793
-9.396556,50,357.380787
-10.22558,50,357.42336
-9.686066,50,357.479743
-11.226722,50,357.5373
-12.63992,50,357.590549
-13.986674,50,358.0546
-9.995019,50,358.112448
-8.545892,50,358.172454
-7.056974,50,358.206718
-8.232752,50,358.24129
-9.09031,50,358.288895
-5.863903,50,358.325433
-16.118206,50,358.361212
-5.529103,50,358.398997
-8.660038,50,358.431941
-16.658984,50,358.481927
-11.845633,50,358.516492
-10.726611,50,358.565871
-11.03877,50,358.620853
-12.547927,50,358.669373
-17.396289,50,358.711976
-14.533536,50,358.752493
-11.878577,50,358.812447
-8.854254,50,358.858024
-10.993861,50,358.909577
-8.236389,50,358.970228
-14.625156,50,359.023947
-11.974895,50,359.080775
-12.506102,50,359.138722
-8.500919,50,359.182362
-11.173872,50,359.240634
-7.543918,50,359.29871
-10.483723,50,359.352759
-11.606878,50,359.408762
-7.877292,50,359.468361
-13.235531,50,359.525112
-10.169986,50,359.578229
-11.156155,50,359.614395
-10.99497,50,359.654752
-7.770546,50,359.697703
-16.846017,50,359.753654
-11.542854,50,359.799892
-7.581154,50,359.845944
-11.580124,50,359.895609
-10.136949,50,359.939054
-10.938167,50,359.984812
-6.594099,50,360.447179
-11.4131,50,360.499705
-13.620038,50,360.553869
-8.850139,50,360.616154
-14.108183,50,360.670339
-10.815375,50,360.718869
-9.136413,50,360.762527
-10.127477,50,360.799608
-9.932747,50,360.843557
-11.183768,50,360.904838
-7.636072,50,360.951986
-10.430797,50,360.99697
-11.984641,50,361.03792
-7.893252,50,361.076949
-9.934918,50,361.119336
-9.441051,50,361.15489
-9.82198,50,361.19087
-9.484465,50,361.235708
-7.943474,50,361.272706
-6.296856,50,361.30724
-14.249523,50,361.343595
-12.444707,50,361.389325
-7.485661,50,361.445478
-9.086296,50,361.513128
-10.363091,50,361.568789
-13.340631,50,361.62464
-10.043469,50,361.680529
-8.169227,50,361.736162
-7.27005,50,361.794133
-9.084328,50,361.85094
-10.838248,50,361.902423
-10.962761,50,361.960901
-17.542615,50,362.023147
-9.548483,50,362.080479
-12.174535,50,362.13206
-10.047041,50,362.169366
-13.725802,50,362.228821
-11.973147,50,362.272184
-9.399593,50,362.318777
-9.69915,50,362.366873
-6.269071,50,362.424862
-8.654438,50,362.896837
-9.368339,50,362.95723
-6.412311,50,363.009992
-7.839374,50,363.068953
-10.160722,50,363.127379
-8.930918,50,363.18588
-9.571395,50,363.242355
-10.357188,50,363.303355
-10.663389,50,363.344609
-12.729088,50,363.393216
-9.183064,50,363.450343
-6.47332,50,363.51236
-10.064435,50,363.574545
-9.128346,50,363.628674
-9.055584,50,363.687807
-8.170578,50,363.748173
-8.723151,50,363.804329
-13.171221,50,363.843076
-9.427489,50,363.894192
-16.942072,50,363.934222
-6.5104,50,363.987289
-11.06106,50,364.022209
-7.731799,50,364.074452
-11.310964,50,364.128175
-11.777071,50,364.182188
-14.869095,50,364.222272
-7.286411,50,364.262778
-5.17105,50,364.296956
-11.289436,50,364.345339
-10.104557,50,364.413601
-8.782122,50,364.478225
-8.27558,50,364.533835
-6.752547,50,364.600336
-10.61083,50,364.648246
-14.536766,50,364.687164
-8.569511,50,364.741194
-15.043991,50,364.794109
-9.79191,50,364.849962
-7.570661,50,364.895113
-16.245139,50,364.944091
-8.167897,50,365.003907
-8.900001,50,365.484084
-11.107996,50,365.542676
-9.986488,50,365.601082
-10.490264,50,365.659518
-13.873593,50,365.708211
-10.343716,50,365.766864
-9.808693,50,365.827827
-10.375513,50,365.895819
-8.389031,50,365.955362
-10.295199,50,366.017265
-7.382149,50,366.072248
-8.502771,50,366.117138
-17.058782,50,366.17607
-10.117171,50,366.243481
-10.4578,50,366.29918
-9.553782,50,366.354379
-7.139927,50,366.412763
-10.890971,50,366.472467
-9.13802,50,366.530993
-10.470758,50,366.580103
-8.158878,50,366.638765
-8.752398,50,366.706682
-7.029532,50,366.763296
-8.162364,50,366.81099
-18.221031,50,366.867362
-10.248437,50,366.906742
-9.466682,50,366.955719
-16.818628,50,367.012755
-10.997591,50,367.056803
-8.44999,50,367.113135
-8.730916,50,367.16899
-10.030409,50,367.219137
-11.075344,50,367.261463
-6.509976,50,367.321326
-15.667823,50,367.378421
-10.878099,50,367.446588
-6.035361,50,367.488701
-8.000291,50,367.542586
-9.727133,50,367.584979
-16.221334,50,367.631799
-9.171783,50,367.679272
-9.190262,50,368.143547
-9.765559,50,368.186965
-8.407576,50,368.246204
-9.871529,50,368.289456
-8.063425,50,368.330929
-10.290056,50,368.369154
-8.930916,50,368.403874
-13.640397,50,368.446035
-8.572471,50,368.504096
-8.481058,50,368.560465
-10.367246,50,368.618362
-11.01194,50,368.668088
-8.588726,50,368.719136
-11.296929,50,368.757012
-10.35774,50,368.798751
-13.291196,50,368.858011
-12.457844,50,368.90359
-8.986693,50,368.955253
-9.81802,50,369.019134
-7.727075,50,369.069701
-12.764631,50,369.115352
-11.536342,50,369.169163
-8.710553,50,369.220573
-10.705394,50,369.279458
-8.814674,50,369.320486
-6.924899,50,369.365244
-11.86913,50,369.408542
-8.254915,50,369.463656
-7.417018,50,369.514085
-11.015413,50,369.568063
-8.69226,50,369.613113
-7.866169,50,369.663674
-5.548793,50,369.710296
-11.028365,50,369.771205
-16.166184,50,369.841011
-8.570104,50,369.887341
-6.20459,50,369.950017
-14.364395,50,370.013367
-12.25012,50,370.06676
-10.108445,50,370.12229
-13.439543,50,370.183882
-7.886981,50,370.720337
-7.170589,50,370.770223
-6.158357,50,370.813298
-9.517838,50,370.861573
-7.675879,50,370.90319
-6.694766,50,370.958362
-18.750036,50,371.014364
-7.880577,50,371.05717
-7.579212,50,371.106371
-10.500943,50,371.149697
-10.65381,50,371.188114
-10.74202,50,371.230274
-8.737719,50,371.276373
-7.370378,50,371.329645
-11.79543,50,371.365736
-8.784345,50,371.428936
-6.767972,50,371.478327
-11.028429,50,371.526065
-7.144298,50,371.560543
-10.449569,50,371.603538
-7.636235,50,371.642005
-10.70411,50,371.679182
-8.652733,50,371.743497
-8.960499,50,371.795244
-8.152974,50,371.846017
-15.69191,50,371.896423
-13.509642,50,371.940518
-11.174376,50,371.996095
-9.370629,50,372.04028
-9.971769,50,372.084203
-7.277364,50,372.13308
-9.22415,50,372.19479
-12.017381,50,372.2451
-8.903265,50,372.301935
-17.757887,50,372.348273
-9.483378,50,372.39794
-11.324564,50,372.457672
-7.473544,50,372.514713
-10.19277,50,372.573257
-9.47577,50,372.635136
-8.837306,50,372.697833
-8.03451,50,373.226495
-10.207379,50,373.292413
-12.872419,50,373.36573
-11.267249,50,373.426171
-9.452995,50,373.48834
-10.735204,50,373.538998
-14.267271,50,373.593566
-13.132469,50,373.652452
-10.721814,50,373.708266
-16.637404,50,373.765183
-12.226039,50,373.821898
-19.399084,50,373.886445
-13.897747,50,373.938299
-15.411802,50,373.991455
-12.530531,50,374.044226
-11.405432,50,374.095399
-13.814097,50,374.155441
-15.459491,50,374.215769
-7.834269,50,374.268545
-9.240793,50,374.321358
-12.089715,50,374.377
-9.409127,50,374.440585
-6.329881,50,374.496387
-13.234349,50,374.557389
-9.663323,50,374.61759
-11.658049,50,374.677585
-12.685065,50,374.728277
-6.890194,50,374.778912
-9.387927,50,374.828044
-6.29824,50,374.87322
-9.033899,50,374.919182
-10.054474,50,374.964247
-10.200291,50,375.016554
-5.413473,50,375.067686
-8.841693,50,375.104899
-9.482523,50,375.137381
-8.085897,50,375.169581
-12.924753,50,375.205183
-16.694948,50,375.23905
-11.039983,50,375.296381
-12.060306,50,375.348891
-5.367572,50,375.868733
-12.786518,50,375.919251
-8.066155,50,375.955393
-9.318236,50,376.006701
-10.635092,50,376.049555
-12.248222,50,376.083123
-17.602047,50,376.127258
-13.022818,50,376.161421
-13.689662,50,376.198228
-14.661658,50,376.241577
-8.536119,50,376.278651
-8.563204,50,376.314112
-10.303492,50,376.36298
-12.50015,50,376.398777
-10.610545,50,376.442917
-9.944137,50,376.489418
-8.831977,50,376.533066
-16.892679,50,376.573842
-10.066527,50,376.609322
-12.022098,50,376.64941
-8.404982,50,376.684606
-15.586769,50,376.719681
-9.530024,50,376.755093
-8.499223,50,376.79158
-14.638721,50,376.825534
-11.655712,50,376.863335
-11.887999,50,376.901977
-9.571528,50,376.939261
-9.145436,50,376.981059
-10.634061,50,377.019383
-8.665509,50,377.054339
-12.332485,50,377.089186
-8.508762,50,377.123099
-10.185953,50,377.157132
-10.710505,50,377.190406
-7.54036,50,377.226344
-9.768589,50,377.263469
-12.15144,50,377.300013
-6.985893,50,377.336211
-12.661814,50,377.372409
-12.598086,50,377.413743
-15.196387,50,377.875336
-11.026676,50,377.907587
-9.46756,50,377.956246
-7.927772,50,378.002702
-11.22815,50,378.045763
-10.570351,50,378.084266
-10.773751,50,378.119225
-8.518345,50,378.162849
-9.734046,50,378.219794
-6.728194,50,378.268373
-15.875666,50,378.31297
-9.586007,50,378.3498
-13.837847,50,378.391038
-11.456366,50,378.428352
-7.449609,50,378.488163
-7.744294,50,378.530137
-9.832592,50,378.571173
-11.329989,50,378.605649
-6.690085,50,378.651387
-6.943439,50,378.696236
-18.231931,50,378.732394
-9.91783,50,378.768666
-12.13739,50,378.803272
-15.891621,50,378.840071
-11.303046,50,378.89851
-9.793006,50,378.949862
-8.19669,50,378.985301
-9.423904,50,379.019712
-6.780769,50,379.053382
-10.04778,50,379.087212
-13.786792,50,379.127301
-9.308173,50,379.167309
-11.343087,50,379.207174
-13.886564,50,379.244993
-10.746256,50,379.280354
-10.458523,50,379.316964
-9.503554,50,379.356263
-11.268566,50,379.393507
-10.820144,50,379.431414
-13.076624,50,379.472331
-17.598023,50,379.505721
-9.875463,50,379.97926
-10.128817,50,380.017159
-7.673813,50,380.049965
-9.063738,50,380.082281
-10.140757,50,380.125672
-10.299011,50,380.171771
-8.38302,50,380.205917
-11.714947,50,380.24108
-14.349419,50,380.276784
-16.412244,50,380.309643
-13.714272,50,380.343674
-13.500688,50,380.376646
-16.895786,50,380.410043
-15.399457,50,380.446686
-12.157908,50,380.49877
-6.609738,50,380.531718
-17.379702,50,380.571936
-8.829808,50,380.607634
-9.717213,50,380.656765
-14.647385,50,380.694597
-12.258247,50,380.733535
-15.517385,50,380.767829
-11.919325,50,380.802971
-11.073074,50,380.84397
-9.494525,50,380.881288
-9.437432,50,380.917705
-8.631247,50,380.959343
-9.281947,50,381.002076
-5.522316,50,381.03801
-17.472159,50,381.073524
-10.321215,50,381.114757
-12.989854,50,381.162547
-8.531626,50,381.221514
-11.399038,50,381.296041
-10.280078,50,381.372219
-10.328728,50,381.446344
-8.376437,50,381.519562
-17.289629,50,381.589231
-10.235991,50,381.662051
-13.667447,50,381.734497
-12.034567,50,382.696573
-10.22069,50,382.775807
-14.747176,50,382.85325
-11.888469,50,382.925186
-11.100793,50,382.997563
-9.49407,50,383.07011
-11.780401,50,383.143954
-9.963714,50,383.216132
-16.413196,50,383.287443
-9.822617,50,383.360439
-9.092807,50,383.431843
-8.592884,50,383.500504
-17.710876,50,383.570248
-8.830165,50,383.640385
-5.691436,50,383.71299
-14.111128,50,383.782424
-9.612796,50,383.853127
-11.577503,50,383.924314
-10.955874,50,383.995348
-12.687404,50,384.065635
-10.829246,50,384.136136
-8.942317,50,384.20594
-6.434715,50,384.275077
-8.520667,50,384.347884
-11.986245,50,384.418717
-9.437233,50,384.489724
-14.826709,50,384.562199
-15.717251,50,384.632347
-9.303974,50,384.701831
-12.135168,50,384.775309
-11.530121,50,384.846307
-15.125573,50,384.916062
-11.465641,50,384.98625
-8.792434,50,385.057166
-8.761646,50,385.127121
-9.816767,50,385.196852
-11.060706,50,385.266102
-10.698032,50,385.334555
-7.220371,50,385.406838
-12.495674,50,385.476732
-14.478584,50,385.547655
-6.817793,50,386.363464
-8.897979,50,386.404305
-14.318769,50,386.454662
-9.116575,50,386.524402
-13.315485,50,386.591525
-7.201277,50,386.659828
-8.176227,50,386.727236
-6.992409,50,386.795532
-10.152852,50,386.864519
-9.52299,50,386.93309
-12.913031,50,387.003057
-12.553056,50,387.07234
-9.32214,50,387.142313
-9.060388,50,387.211603
-10.745629,50,387.278392
-9.791088,50,387.34892
-18.226007,50,387.417074
-8.740661,50,387.486229
-7.592446,50,387.553179
-12.545559,50,387.621401
-10.071626,50,387.693047
-9.710247,50,387.763757
-9.313899,50,387.835703
-13.642592,50,387.90467
-6.713253,50,387.973671
-10.635523,50,388.041748
-14.521525,50,388.109568
-5.914209,50,388.178305
-9.628329,50,388.2475
-12.789172,50,388.315374
-12.334818,50,388.384465
-8.760291,50,388.454783
-12.287382,50,388.523755
-8.092851,50,388.591442
-9.797391,50,388.662011
-11.620475,50,388.728744
-8.996215,50,388.795278
-9.050872,50,388.864992
-12.658798,50,388.934023
-10.747847,50,389.002029
-9.618543,50,389.071211
-9.800174,50,389.989738
-9.92511,50,390.070356
-13.73937,50,390.141392
-12.76236,50,390.209374
-10.768923,50,390.278298
-13.79371,50,390.348592
-13.504659,50,390.417601
-7.940569,50,390.484088
-9.002436,50,390.554657
-9.463214,50,390.621498
-6.619161,50,390.688436
-7.293002,50,390.757459
-8.998469,50,390.823593
-11.089369,50,390.896481
-10.349379,50,390.962144
-11.137108,50,391.032424
-12.428943,50,391.102115
-7.119518,50,391.172602
-9.713459,50,391.241455
-10.400181,50,391.311026
-8.339408,50,391.38056
-10.108474,50,391.448198
-8.255128,50,391.516505
-7.947847,50,391.586494
-12.999083,50,391.648848
-11.271468,50,391.681561
-12.952362,50,391.713739
-8.738408,50,391.753221
-9.319638,50,391.788639
-12.537219,50,391.824033
-11.70999,50,391.857749
-15.417822,50,391.891535
-8.84725,50,391.925107
-14.044874,50,391.957916
-10.929276,50,391.992526
-9.442804,50,392.035194
-11.501769,50,392.078986
-7.767254,50,392.11395
-8.165469,50,392.157286
-11.412535,50,392.201665
-8.872631,50,392.237703
-13.428808,50,392.719815
-13.70259,50,392.754391
-7.19915,50,392.789063
-12.044211,50,392.823096
-11.356894,50,392.857992
-8.1638,50,392.897166
-9.959578,50,392.932154
-10.995645,50,392.968925
-9.010625,50,393.008015
-12.118767,50,393.052636
-7.752099,50,393.099247
-9.353929,50,393.167217
-11.896363,50,393.228764
-7.710777,50,393.285671
-9.437841,50,393.331078
-13.044288,50,393.378824
-10.885845,50,393.432178
-9.45548,50,393.487723
-11.918395,50,393.529677
-7.596089,50,393.573461
-12.279398,50,393.624969
-7.135555,50,393.684151
-13.701196,50,393.738577
-9.164662,50,393.792159
-12.247275,50,393.852684
-8.109449,50,393.907178
-12.41031,50,393.942017
-12.162444,50,393.989648
-9.638482,50,394.041261
-18.042387,50,394.098116
-13.067938,50,394.140565
-15.982317,50,394.18897
-10.383535,50,394.247238
-8.181029,50,394.301983
-14.877248,50,394.354858
-12.039714,50,394.403008
-15.266172,50,394.455135
-9.279162,50,394.507937
-8.279295,50,394.547409
-7.39116,50,394.596031
-7.414374,50,394.633954
-9.337742,50,395.120048
-12.209146,50,395.176423
-8.857685,50,395.237963
-7.030304,50,395.298172
-9.134871,50,395.354185
-10.948309,50,395.41482
-8.56647,50,395.466312
-15.032262,50,395.529137
-12.453674,50,395.588835
-9.891675,50,395.645283
-14.613276,50,395.704895
-8.326303,50,395.768228
-13.269587,50,395.821346
-10.613865,50,395.868156
-5.56329,50,395.920725
-9.127987,50,395.978319
-13.239758,50,396.031189
-9.218579,50,396.087003
-9.555952,50,396.150475
-9.273607,50,396.214368
-6.559559,50,396.272548
-10.764141,50,396.324189
-13.913089,50,396.391574
-12.918007,50,396.459519
-12.837612,50,396.521477
-10.193524,50,396.576286
-12.494599,50,396.625757
-17.607512,50,396.681645
-13.402656,50,396.734474
-13.791433,50,396.785777
-18.815043,50,396.830599
-9.561027,50,396.878662
-7.986993,50,396.921898
-9.651937,50,396.976762
-7.485149,50,397.021643
-9.157359,50,397.065263
-13.978949,50,397.11291
-14.942041,50,397.161335
-10.282197,50,397.211305
-12.601967,50,397.25219
-14.342905,50,397.300914
-7.82841,50,397.7831
-15.719709,50,397.821124
-11.031416,50,397.864201
-10.214665,50,397.926152
-13.896685,50,397.984046
-6.497618,50,398.030049
-12.59133,50,398.087031
-10.490854,50,398.135417
-9.334869,50,398.194306
-9.680997,50,398.2567
-9.215531,50,398.317469
-10.964168,50,398.365738
-11.181591,50,398.404041
-9.108092,50,398.434177
-8.561208,50,398.46423
-10.683865,50,398.510116
-11.363561,50,398.548355
-10.37695,50,398.578136
-11.985537,50,398.607666
-7.797831,50,398.641653
-9.352068,50,398.698134
-13.686897,50,398.735012
-13.776648,50,398.775846
-9.910214,50,398.819841
-7.638008,50,398.861198
-11.216426,50,398.903806
-9.44906,50,398.944406
-9.758422,50,398.996341
-8.907992,50,399.044748
-15.841088,50,399.09446
-6.666208,50,399.148708
-9.952494,50,399.200591
-9.006647,50,399.260551
-10.431987,50,399.311297
-9.445918,50,399.362915
-9.107036,50,399.411112
-14.902143,50,399.457748
-14.7831,50,399.492867
-15.127824,50,399.548943
-8.102161,50,399.607038
-11.148903,50,399.648287
-11.132155,50,400.111342
-10.152421,50,400.168181
-9.637745,50,400.223959
-11.924864,50,400.284131
-18.807351,50,400.332454
-12.376715,50,400.387356
-17.120232,50,400.444878
-16.069074,50,400.503999
-9.018936,50,400.560027
-14.551696,50,400.619663
-9.282461,50,400.670993
-14.113374,50,400.713164
-16.522368,50,400.754919
-12.257928,50,400.805048
-12.967547,50,400.84396
-7.751785,50,400.892057
-12.333355,50,400.930336
-13.293734,50,400.980173
-8.474688,50,401.02649
-10.946348,50,401.073125
-15.2225,50,401.123524
-13.519234,50,401.182677
-16.317199,50,401.238108
-8.510592,50,401.298084
-16.021161,50,401.35148
-9.34006,50,401.401827
-13.938375,50,401.460863
-7.170651,50,401.520429
-13.994775,50,401.572791
-11.377584,50,401.616364
-18.717003,50,401.658551
-6.812654,50,401.69667
-6.702772,50,401.739408
-12.387764,50,401.787238
-9.203656,50,401.818404
-11.569064,50,401.871997
-13.123971,50,401.926028
-11.159202,50,401.965933
-13.698388,50,402.007607
-10.667508,50,402.060885
-14.277783,50,402.105102
-9.479815,50,402.567798
-15.261884,50,402.633329
-8.116731,50,402.682788
-10.998639,50,402.740355
-16.718158,50,402.805482
-17.891439,50,402.85941
-15.11037,50,402.922124
-7.949392,50,402.966293
-12.496838,50,403.007568
-10.46624,50,403.066283
-5.939182,50,403.105427
-9.084824,50,403.158982
-9.105095,50,403.210361
-13.169398,50,403.265369
-7.688503,50,403.330428
-16.854349,50,403.381111
-9.060423,50,403.434183
-16.969104,50,403.490258
-7.119553,50,403.555592
-8.489598,50,403.607065
-10.681088,50,403.657665
-10.907485,50,403.701856
-9.032284,50,403.745589
-9.188787,50,403.788532
-12.486996,50,403.827135
-8.856341,50,403.871342
-15.283299,50,403.902404
-8.310235,50,403.944952
-11.497346,50,404.006236
-16.546608,50,404.045763
-11.28962,50,404.099159
-10.45536,50,404.161067
-17.108084,50,404.221373
-8.345179,50,404.271253
-8.899241,50,404.329177
-11.853176,50,404.383637
-9.132459,50,404.442306
-9.843627,50,404.500757
-18.359165,50,404.548567
-8.864335,50,404.605556
-12.463908,50,404.661384
-9.35335,50,405.13496
-8.591027,50,405.196788
-10.28493,50,405.253117
-9.455476,50,405.300572
-12.095405,50,405.355139
-17.261952,50,405.411376
-7.755312,50,405.466334
-10.45469,50,405.520402
-10.018466,50,405.578121
-7.246256,50,405.635306
-16.351849,50,405.68607
-14.378046,50,405.726132
-9.178099,50,405.77467
-9.635538,50,405.816276
-9.540349,50,405.86954
-13.813097,50,405.910953
-12.617014,50,405.961069
-9.216318,50,405.997572
-15.707677,50,406.053745
-7.423636,50,406.109786
-16.514623,50,406.165136
-16.006858,50,406.222116
-12.178944,50,406.280729
-16.75968,50,406.336917
-15.249719,50,406.391445
-10.53501,50,406.450697
-10.885786,50,406.51255
-6.448069,50,406.562584
-10.427997,50,406.618214
-6.872523,50,406.678265
-10.077822,50,406.727599
-9.077476,50,406.785267
-9.532163,50,406.840927
-10.667845,50,406.880631
-9.660352,50,406.932639
-7.33992,50,406.978738
-9.24884,50,407.023975
-9.073995,50,407.066816
-13.619966,50,407.122103
-10.997627,50,407.188289
-8.447964,50,407.249939
-10.751609,50,407.71619
-8.799929,50,407.775113
-7.444382,50,407.832615
-6.681008,50,407.888426
-7.02618,50,407.942249
-7.444775,50,407.994585
-10.071025,50,408.038485
-15.279226,50,408.098541
-11.142967,50,408.138494
-8.791536,50,408.19944
-5.840251,50,408.256313
-6.867113,50,408.309298
-12.081331,50,408.365289
-19.08257,50,408.426736
-11.751545,50,408.479952
-11.970436,50,408.536532
-8.802286,50,408.590466
-9.654446,50,408.649241
-13.561243,50,408.706754
-6.770748,50,408.76569
-17.965477,50,408.817287
-7.436715,50,408.884128
-8.3431,50,408.940077
-6.814408,50,408.990892
-9.609839,50,409.045419
-10.209969,50,409.094962
-10.059343,50,409.1493
-16.673563,50,409.207988
-10.723887,50,409.266665
-11.466028,50,409.31636
-6.69534,50,409.375291
-16.095305,50,409.428788
-9.87382,50,409.477756
-13.445523,50,409.532238
-9.083188,50,409.575819
-10.767034,50,409.624376
-12.320804,50,409.675885
-17.094436,50,409.719163
-10.273172,50,409.770793
-12.254545,50,409.818448
-9.547939,50,409.866923
-7.940653,50,410.321837
-10.682464,50,410.380402
-11.124298,50,410.433524
-10.886584,50,410.476773
-11.293689,50,410.526441
-9.093326,50,410.573994
-12.735629,50,410.607647
-8.432387,50,410.640181
-7.384807,50,410.67235
-11.913054,50,410.718617
-12.540461,50,410.752035
-11.150618,50,410.786906
-8.244482,50,410.825568
-15.762464,50,410.869253
-15.155775,50,410.909222
-11.842296,50,410.951111
-15.256679,50,410.993029
-14.12699,50,411.041906
-13.638462,50,411.079843
-12.640713,50,411.123528
-11.738806,50,411.170053
-14.753029,50,411.209512
-12.586635,50,411.258303
-13.351675,50,411.297577
-5.857648,50,411.34927
-9.855797,50,411.414866
-10.027993,50,411.468149
-12.969591,50,411.527436
-9.106543,50,411.582256
-8.188449,50,411.643763
-11.862086,50,411.705148
-11.252364,50,411.756477
-10.34134,50,411.808389
-12.87238,50,411.86032
-12.8607,50,411.919149
-10.888131,50,411.965754
-9.710378,50,412.024196
-11.157207,50,412.081453
-7.182714,50,412.130484
-11.262398,50,412.163379
-12.188027,50,412.216967
-7.729266,50,412.674025
-8.999717,50,412.730051
-8.699854,50,412.782975
-11.750664,50,412.840393
-10.255717,50,412.905162
-7.551384,50,412.957422
-9.843756,50,413.004086
-10.969708,50,413.057542
-6.528413,50,413.112571
-14.657794,50,413.169615
-9.566136,50,413.223137
-9.633074,50,413.274408
-9.748826,50,413.327212
-6.204495,50,413.37025
-9.676123,50,413.428243
-8.441308,50,413.470955
-7.470703,50,413.518146
-5.382694,50,413.555238
-14.105911,50,413.597569
-15.021902,50,413.634309
-12.524982,50,413.687222
-11.998149,50,413.740973
-14.26506,50,413.794178
-12.300311,50,413.850073
-12.879047,50,413.903267
-16.617872,50,413.944856
-9.345864,50,413.99674
-8.1724,50,414.036288
-9.144269,50,414.081477
-12.469006,50,414.12935
-8.621646,50,414.170941
-10.504723,50,414.203901
-18.75843,50,414.244204
-16.775741,50,414.278231
-12.311003,50,414.311772
-9.329444,50,414.371719
-10.461791,50,414.406592
-15.517656,50,414.442779
-9.498773,50,414.492839
-11.503073,50,414.527196
-12.942372,50,414.561403
-12.652209,50,415.018102
-9.626355,50,415.074146
-11.426479,50,415.130188
-15.291641,50,415.184596
-11.053645,50,415.231374
-9.408445,50,415.2757
-11.721706,50,415.315452
-13.93341,50,415.366356
-9.740525,50,415.405853
-9.504293,50,415.44908
-9.841029,50,415.485535
-15.22178,50,415.53823
-13.490001,50,415.590379
-11.998057,50,415.634886
-8.055431,50,415.693507
-11.617308,50,415.735283
-12.184528,50,415.788737
-15.979471,50,415.836885
-11.489086,50,415.894138
-13.828272,50,415.950256
-9.577191,50,415.997504
-10.712183,50,416.05211
-8.078653,50,416.105539
-9.627284,50,416.160423
-13.463793,50,416.204762
-11.524808,50,416.252193
-7.496337,50,416.295768
-6.015784,50,416.345764
-8.191063,50,416.399787
-6.366063,50,416.450284
-19.988904,50,416.509934
-14.427912,50,416.567534
-7.464377,50,416.606718
-9.228394,50,416.652276
-6.857731,50,416.708239
-15.617057,50,416.76285
-14.228196,50,416.800326
-9.64206,50,416.847146
-8.530099,50,416.886263
-10.697658,50,416.935948
-10.800457,50,416.978936
-13.353749,50,417.460353
-11.289739,50,417.525321
-5.322226,50,417.580698
-12.532958,50,417.636515
-7.943257,50,417.68948
-14.407251,50,417.744201
-8.659271,50,417.790696
-9.935063,50,417.837145
-6.458824,50,417.894473
-12.560486,50,417.951787
-13.649492,50,418.012922
-7.343969,50,418.076128
-12.016417,50,418.142519
-10.626606,50,418.196794
-9.28255,50,418.249904
-9.809894,50,418.307867
-12.584038,50,418.352923
-9.56278,50,418.414936
-10.856934,50,418.449529
-9.504325,50,418.498116
-19.340149,50,418.545909
-9.564452,50,418.604583
-6.313397,50,418.653833
-12.855798,50,418.70328
-8.789195,50,418.755517
-13.089023,50,418.794275
-8.92819,50,418.837945
-10.579056,50,418.880555
-11.983053,50,418.922159
-13.045824,50,418.972062
-16.164761,50,419.010655
-10.444491,50,419.065173
-12.771141,50,419.133868
-9.847577,50,419.192497
-9.245256,50,419.244816
-9.261597,50,419.289393
-14.972164,50,419.344453
-13.270167,50,419.394349
-15.893546,50,419.43899
-15.091137,50,419.491153
-12.934555,50,419.536668
-13.41078,50,420.010138
-8.502695,50,420.060284
-8.092477,50,420.114698
-12.54467,50,420.167382
-13.319673,50,420.224588
-17.732159,50,420.27996
-9.080372,50,420.332028
-9.316892,50,420.388439
-7.279908,50,420.43252
-14.817114,50,420.479882
-13.205703,50,420.525271
-9.145912,50,420.581693
-6.492349,50,420.630701
-10.750518,50,420.678167
-14.333177,50,420.734303
-9.952183,50,420.791437
-7.552545,50,420.834673
-15.775859,50,420.88262
-8.375875,50,420.92913
-8.021713,50,420.971497
-15.868244,50,421.02283
-15.055837,50,421.078581
-18.843662,50,421.136986
-9.522431,50,421.194156
-10.739503,50,421.251705
-6.888631,50,421.309778
-13.373552,50,421.359298
-15.175838,50,421.413029
-14.949009,50,421.472013
-11.45466,50,421.532034
-11.468676,50,421.582754
-10.116696,50,421.637244
-11.17947,50,421.681812
-6.802909,50,421.724289
-11.904712,50,421.77469
-9.04802,50,421.832316
-10.99406,50,421.876247
-12.344545,50,421.921465
-12.076463,50,421.96493
-9.712464,50,422.007084
-12.157259,50,422.064584
-8.142637,50,422.52321
-8.366052,50,422.589522
-9.591029,50,422.653081
-9.57688,50,422.708443
-11.122744,50,422.765136
-12.952205,50,422.812581
-6.792626,50,422.850101
-12.630736,50,422.892515
-11.839531,50,422.94412
-8.826349,50,422.996202
-15.444569,50,423.044351
-9.559628,50,423.103045
-10.947754,50,423.154263
-9.70448,50,423.208641
-19.826503,50,423.262828
-13.313268,50,423.315919
-15.583626,50,423.373113
-14.115684,50,423.420506
-6.135126,50,423.457479
-9.38376,50,423.506474
-8.83535,50,423.540926
-10.889547,50,423.593273
-11.082971,50,423.630835
-10.886907,50,423.677347
-9.116489,50,423.708289
-9.727514,50,423.740194
-10.41769,50,423.774205
-10.052606,50,423.822269
-14.827864,50,423.853434
-11.46555,50,423.884235
-11.604813,50,423.915241
-9.609239,50,423.972759
-10.89226,50,424.020224
-9.739386,50,424.06103
-6.445719,50,424.126896
-13.147013,50,424.182663
-14.595809,50,424.237955
-13.208602,50,424.295424
-6.473687,50,424.351803
-11.934793,50,424.398721
-10.413356,50,424.430912
-15.588009,50,424.865399
-7.990828,50,424.896957
-10.983831,50,424.93652
-10.650615,50,424.977978
-6.759718,50,425.020188
-8.026367,50,425.074466
-12.539735,50,425.128189
-12.47764,50,425.191486
-8.457166,50,425.248103
-12.681447,50,425.312566
-7.897051,50,425.378783
-12.600349,50,425.445013
-14.095845,50,425.50286
-10.027714,50,425.555814
-6.618646,50,425.604145
-9.612571,50,425.64959
-12.578839,50,425.709511
-6.433119,50,425.759903
-6.175748,50,425.806056
-10.910513,50,425.85224
-14.539684,50,425.905082
-8.137832,50,425.95011
-10.212617,50,425.997421
-6.782056,50,426.05436
-9.648007,50,426.113031
-8.63296,50,426.165515
-8.508191,50,426.2223
-8.072391,50,426.269493
-9.068608,50,426.318353
-8.302121,50,426.36996
-12.067689,50,426.421762
-16.480089,50,426.475446
-10.299891,50,426.519546
-10.323886,50,426.553679
-10.901823,50,426.598649
-6.30131,50,426.635823
-17.091066,50,426.692095
-14.790101,50,426.76259
-7.367928,50,426.828346
-8.281482,50,426.880066
-10.290834,50,426.939892
-19.054219,50,427.417576
-8.587032,50,427.467673
-15.467525,50,427.516501
-11.306491,50,427.555911
-8.772173,50,427.592979
-9.516996,50,427.625313
-17.442987,50,427.668461
-11.967242,50,427.727854
-9.60083,50,427.770876
-10.757414,50,427.819503
-13.659457,50,427.864058
-13.547522,50,427.90839
-17.149901,50,427.949059
-12.658375,50,427.999406
-6.476294,50,428.050287
-15.143135,50,428.093976
-18.801035,50,428.139906
-6.928164,50,428.194232
-10.746514,50,428.234985
-9.32102,50,428.292748
-8.122941,50,428.344932
-15.927122,50,428.400897
-12.960647,50,428.457849
-18.618151,50,428.505111
-5.988553,50,428.551441
-9.109486,50,428.599198
-9.707286,50,428.645996
-13.614408,50,428.696087
-9.365511,50,428.734542
-12.280448,50,428.773043
-11.134437,50,428.823338
-15.720923,50,428.862658
-14.012266,50,428.904369
-16.302381,50,428.946974
-9.96484,50,429.001354
-16.021238,50,429.058743
-7.003666,50,429.107454
-12.788202,50,429.148086
-9.12974,50,429.197503
-14.425025,50,429.248819
-6.303406,50,429.293206
-14.016397,50,429.775717
-9.6415,50,429.837267
-8.922226,50,429.894901
-8.939247,50,429.949963
-18.815449,50,429.990913
-17.382391,50,430.045416
-11.871085,50,430.09356
-9.646156,50,430.15291
-10.462173,50,430.206589
-8.665225,50,430.258526
-15.725659,50,430.313035
-10.292361,50,430.360887
-7.530507,50,430.39712
-12.224096,50,430.447824
-8.402443,50,430.487905
-13.997006,50,430.535426
-6.912184,50,430.586773
-9.589278,50,430.633967
-9.242264,50,430.669688
-16.736839,50,430.714644
-13.060631,50,430.760461
-18.724315,50,430.817417
-10.42595,50,430.868418
-16.770108,50,430.9033
-10.63436,50,430.941162
-17.941695,50,430.973908
-9.109438,50,431.02312
-9.344252,50,431.05734
-16.124978,50,431.095036
-14.755272,50,431.143435
-9.047975,50,431.180052
-10.125905,50,431.242
-7.240826,50,431.286199
-10.25145,50,431.33173
-8.436837,50,431.37865
-15.019322,50,431.43643
-8.452539,50,431.487074
-12.158185,50,431.540228
-7.145799,50,431.580986
-9.360182,50,431.633602
-15.372615,50,431.685186
-7.833753,50,432.153065
-12.941614,50,432.19161
-8.883466,50,432.240297
-11.904299,50,432.275898
-9.673374,50,432.324322
-14.942729,50,432.373639
-9.425155,50,432.412463
-8.587273,50,432.451193
-13.553857,50,432.489735
-13.899365,50,432.529304
-15.925642,50,432.565761
-10.47071,50,432.628993
-6.932957,50,432.675325
-11.761997,50,432.725023
-15.92884,50,432.770787
-8.420141,50,432.815571
-11.969509,50,432.854091
-7.455563,50,432.920532
-14.265542,50,432.986161
-9.243002,50,433.042347
-8.996627,50,433.095087
-15.344375,50,433.154921
-9.193922,50,433.213845
-10.565842,50,433.277376
-8.653632,50,433.330882
-14.762997,50,433.387821
-17.559198,50,433.438224
-7.267245,50,433.481279
-7.697142,50,433.536534
-16.080947,50,433.576123
-10.574475,50,433.622748
-16.691065,50,433.674751
-15.460834,50,433.713265
-9.547302,50,433.759098
-15.76296,50,433.812439
-11.58033,50,433.871805
-9.642259,50,433.914649
-15.635666,50,433.958536
-7.976265,50,434.01714
-10.416038,50,434.064553
-6.477808,50,434.102873
-9.961272,50,434.56944
-13.903623,50,434.630177
-9.066284,50,434.683459
-6.100507,50,434.742065
-15.447423,50,434.784403
-11.108877,50,434.831274
-10.061114,50,434.880087
-11.880976,50,434.936546
-6.626745,50,434.995178
-14.452328,50,435.039384
-11.593557,50,435.101116
-9.920996,50,435.147892
-14.330106,50,435.187673
-10.549264,50,435.226564
-14.848866,50,435.278071
-6.97684,50,435.333047
-13.406833,50,435.375345
-10.681531,50,435.425965
-8.662529,50,435.465107
-16.133323,50,435.508102
-13.433092,50,435.560297
-9.606241,50,435.612478
-7.968395,50,435.667126
-9.797325,50,435.705503
-9.760482,50,435.760496
-13.316319,50,435.814439
-7.303192,50,435.859557
-19.008334,50,435.913159
-13.10826,50,435.974299
-9.914855,50,436.016364
-13.171102,50,436.060078
-9.619365,50,436.114487
-9.146889,50,436.159789
-10.853765,50,436.216002
-9.215432,50,436.266739
-15.359284,50,436.299362
-11.597428,50,436.331143
-6.665877,50,436.383013
-9.587383,50,436.418349
-13.955536,50,436.478894
-9.336406,50,436.515696
-9.019447,50,436.982518
-15.088067,50,437.046736
-9.742339,50,437.092938
-9.186478,50,437.13479
-10.931454,50,437.179461
-12.246585,50,437.223561
-14.687303,50,437.272201
-17.873195,50,437.333869
-12.614178,50,437.388852
-9.198,50,437.428632
-8.008896,50,437.463085
-9.528957,50,437.527344
-15.57199,50,437.593709
-10.690961,50,437.644492
-8.658952,50,437.686262
-8.689959,50,437.721051
-7.949424,50,437.771602
-14.303137,50,437.827339
-10.323717,50,437.877268
-15.197435,50,437.912878
-13.491402,50,437.960452
-18.685677,50,438.016423
-11.299564,50,438.073629
-9.285876,50,438.128257
-11.411653,50,438.187074
-10.258897,50,438.242987
-10.665612,50,438.289593
-9.22804,50,438.330431
-11.400299,50,438.368453
-10.279126,50,438.413661
-5.743388,50,438.451343
-12.564607,50,438.485976
-15.132927,50,438.537345
-8.960047,50,438.594793
-7.673016,50,438.643501
-9.00947,50,438.679413
-17.365973,50,438.727378
-12.273071,50,438.780865
-15.420793,50,438.823361
-12.574312,50,438.883714
-8.777345,50,438.937512
-11.056299,50,439.447051
-14.339436,50,439.497989
-9.789331,50,439.556608
-15.605237,50,439.614428
-16.332268,50,439.667727
-15.632882,50,439.723661
-11.382492,50,439.7814
-10.575164,50,439.840632
-9.720561,50,439.895844
-8.494031,50,439.944062
-11.853116,50,439.986229
-17.602116,50,440.036144
-17.014673,50,440.091125
-11.001505,50,440.133632
-11.525479,50,440.175508
-5.633642,50,440.221864
-14.38026,50,440.274336
-9.807987,50,440.333002
-10.646519,50,440.384285
-14.05393,50,440.439207
-9.385684,50,440.497532
-10.854695,50,440.553348
-17.437414,50,440.598284
-9.869489,50,440.659836
-13.335902,50,440.714791
-10.627998,50,440.770727
-8.55619,50,440.821137
-8.267239,50,440.872241
-7.733636,50,440.918644
-12.090598,50,440.962866
-8.344415,50,441.010015
-7.37142,50,441.071653
-9.873423,50,441.138385
-14.103943,50,441.201748
-10.636343,50,441.254522
-10.832533,50,441.294747
-12.412662,50,441.33942
-15.921756,50,441.391138
-12.404143,50,441.451991
-13.970118,50,441.519409
-9.622276,50,441.575906
-8.712577,50,442.057237
-16.112382,50,442.114368
-18.843975,50,442.170888
-9.966977,50,442.224504
-14.708093,50,442.270121
-18.715977,50,442.324717
-11.256483,50,442.378871
-10.194573,50,442.431847
-10.705136,50,442.494036
-6.741766,50,442.551594
-11.893432,50,442.607837
-10.292719,50,442.658923
-13.296775,50,442.706567
-14.943212,50,442.754563
-10.792168,50,442.792283
-15.321019,50,442.82961
-15.454676,50,442.884672
-10.01551,50,442.928227
-10.515023,50,442.974148
-7.386034,50,443.034653
-6.862746,50,443.089761
-7.7029,50,443.142579
-13.870763,50,443.176252
-9.749086,50,443.212546
-11.17942,50,443.262404
-14.975591,50,443.298432
-7.808606,50,443.340838
-8.363983,50,443.396271
-10.036725,50,443.440153
-8.196985,50,443.487845
-10.801932,50,443.531022
-18.066102,50,443.573047
-11.66649,50,443.636214
-14.487418,50,443.676519
-9.645389,50,443.730702
-11.810113,50,443.770622
-10.654457,50,443.806678
-13.229581,50,443.842211
-14.812273,50,443.878211
-9.516965,50,443.921855
-15.497608,50,443.957485
-5.859049,50,444.437024
-15.610268,50,444.481175
-16.378649,50,444.537552
-6.532769,50,444.592876
-10.250145,50,444.640523
-12.795927,50,444.688424
-6.576996,50,444.72449
-9.023921,50,444.766346
-16.690619,50,444.799503
-14.293739,50,444.837786
-9.593424,50,444.878098
-11.578605,50,444.915892
-9.621594,50,444.960107
-8.207789,50,445.00508
-14.526748,50,445.046702
-16.501072,50,445.08832
-10.190432,50,445.133178
-9.088822,50,445.177058
-12.655759,50,445.226721
-7.273831,50,445.284101
-13.733349,50,445.340295
-5.687916,50,445.392126
-12.84306,50,445.452319
-16.583244,50,445.509026
-8.042466,50,445.554651
-14.151291,50,445.613491
-7.233998,50,445.65773
-10.365329,50,445.705365
-8.481277,50,445.74025
-13.364583,50,445.795869
-10.603249,50,445.84026
-7.515939,50,445.89695
-8.213771,50,445.950917
-12.417338,50,446.005118
-10.354231,50,446.069939
-7.888227,50,446.131097
-16.225147,50,446.181428
-14.675439,50,446.226786
-12.456656,50,446.27724
-9.73391,50,446.319274
-9.87791,50,446.849563
-12.300894,50,446.907538
-10.213955,50,446.970002
-10.437373,50,447.028881
-11.230464,50,447.091629
-8.169437,50,447.150233
-8.852091,50,447.207958
-15.420186,50,447.270246
-13.53859,50,447.328515
-6.206463,50,447.368988
-8.032634,50,447.420131
-9.66365,50,447.472517
-10.003753,50,447.525205
-13.302241,50,447.581853
-9.804405,50,447.646427
-8.772589,50,447.694366
-11.024011,50,447.762427
-16.735095,50,447.826347
-12.187645,50,447.881141
-11.215172,50,447.943216
-9.069659,50,448.002777
-9.880958,50,448.060611
-6.703181,50,448.122589
-8.363901,50,448.160799
-16.709446,50,448.198605
-8.436056,50,448.245069
-9.562593,50,448.289165
-9.41175,50,448.338677
-7.507115,50,448.39189
-16.546393,50,448.430098
-7.087018,50,448.474542
-19.453209,50,448.506567
-9.497099,50,448.540134
-13.05589,50,448.575352
-16.534695,50,448.609035
-11.760028,50,448.640859
-7.796433,50,448.678158
-17.613915,50,448.71485
-8.427927,50,448.753258
-19.503963,50,448.802001
-6.558128,50,448.838885
-9.738646,50,449.326486
-11.561931,50,449.376925
-10.125674,50,449.438899
-10.621145,50,449.484291
-19.560959,50,449.530931
-14.927817,50,449.572312
-10.25453,50,449.607816
-8.790877,50,449.647444
-10.250967,50,449.683866
-10.212816,50,449.722303
-5.43865,50,449.763579
-11.579406,50,449.800921
-8.335883,50,449.837925
-11.12186,50,449.876743
-8.569944,50,449.91401
-8.248957,50,449.952869
-16.921675,50,449.992635
-10.161119,50,450.028731
-6.986905,50,450.06784
-14.145753,50,450.103545
-10.027491,50,450.140828
-14.822008,50,450.176787
-11.2175,50,450.213277
-9.462179,50,450.248605
-8.862568,50,450.284092
-12.033599,50,450.318528
-11.458977,50,450.359942
-10.127298,50,450.39462
-15.267461,50,450.450615
-14.189658,50,450.508262
-7.021235,50,450.555042
-10.152121,50,450.588634
-8.835487,50,450.62995
-10.131237,50,450.661824
-6.925333,50,450.691891
-6.246965,50,450.72293
-7.11704,50,450.757047
-10.514987,50,450.789501
-7.857061,50,450.821993
-9.371934,50,450.85498
-10.749834,50,450.887146
-15.511205,50,451.343121
-7.362097,50,451.397346
-14.140056,50,451.447227
-11.767473,50,451.502445
-14.32311,50,451.54236
-7.613191,50,451.605019
-13.565044,50,451.653444
-14.842397,50,451.689694
-7.223264,50,451.726222
-19.428567,50,451.76051
-11.571209,50,451.795369
-9.34965,50,451.827063
-9.378998,50,451.858656
-11.989712,50,451.89177
-9.621638,50,451.924228
-8.237881,50,451.957178
-11.655625,50,451.987907
-13.386341,50,452.017987
-7.702586,50,452.049381
-10.612649,50,452.079584
-9.870515,50,452.112789
-10.220822,50,452.144707
-8.025481,50,452.174978
-10.185346,50,452.205255
-15.152372,50,452.235501
-7.541546,50,452.267593
-13.97643,50,452.301787
-9.518526,50,452.333909
-7.205452,50,452.363607
-5.186431,50,452.412701
-6.238163,50,452.469431
-9.383628,50,452.501731
-8.396371,50,452.533232
-7.929247,50,452.564815
-13.235972,50,452.596942
-10.129155,50,452.629438
-11.879933,50,452.668175
-8.335224,50,452.704293
-8.362912,50,452.739536
-10.444585,50,452.774115
-7.772733,50,452.809315
-13.411003,50,453.273268
-13.778744,50,453.307875
-8.838022,50,453.342464
-11.083786,50,453.377225
-14.788436,50,453.412942
-9.536343,50,453.448474
-20.384893,50,453.491349
-12.957589,50,453.529242
-14.557438,50,453.578679
-12.935683,50,453.615817
-9.172277,50,453.668575
-12.991656,50,453.714479
-9.94696,50,453.753127
-10.943759,50,453.789381
-7.592131,50,453.824005
-7.113443,50,453.881279
-8.239796,50,453.932477
-15.29968,50,453.972449
-10.472994,50,454.008698
-10.570884,50,454.042368
-11.010741,50,454.078424
-9.214099,50,454.111837
-9.077567,50,454.14489
-8.362611,50,454.184659
-10.898506,50,454.221658
-11.916208,50,454.256296
-13.228795,50,454.292264
-15.287346,50,454.326249
-11.69381,50,454.362929
-12.0932,50,454.396915
-12.712725,50,454.430583
-13.836352,50,454.46544
-13.451875,50,454.51954
-9.446671,50,454.566038
-9.042018,50,454.604246
-10.735207,50,454.642952
-11.540076,50,454.684886
-14.114902,50,454.721343
-13.197813,50,454.757873
-14.833567,50,454.795198
-15.982232,50,454.831805
-7.4679,50,455.581411
-8.349266,50,455.666413
-6.801403,50,455.743176
-11.27129,50,455.819091
-6.4155,50,455.894341
-19.041702,50,455.966564
-6.165856,50,456.041235
-12.675422,50,456.111451
-6.401904,50,456.183686
-9.731552,50,456.257127
-13.821897,50,456.325728
-7.02729,50,456.39628
-12.679543,50,456.466961
-9.913094,50,456.53658
-8.76553,50,456.604259
-7.723283,50,456.676087
-9.862169,50,456.752486
-13.596371,50,456.822011
-11.581349,50,456.893512
-8.043767,50,456.96227
-13.707237,50,457.031918
-17.19668,50,457.102691
-11.754684,50,457.172889
-15.755628,50,457.24469
-13.33904,50,457.315318
-11.123764,50,457.386195
-8.244907,50,457.457579
-7.794192,50,457.529656
-11.907804,50,457.600308
-12.942874,50,457.668762
-15.522366,50,457.739575
-13.121524,50,457.81005
-9.159844,50,457.88084
-11.077818,50,457.951975
-9.214708,50,458.022074
-17.765399,50,458.090812
-18.343568,50,458.161097
-15.942318,50,458.230317
-18.071053,50,458.300913
-8.801395,50,458.371979
-9.219576,50,458.440613
-9.10547,50,459.380613
-12.531548,50,459.450297
-10.110593,50,459.518563
-19.53801,50,459.587016
-14.036409,50,459.655412
-7.226787,50,459.725656
-7.732331,50,459.794849
-6.653047,50,459.865121
-7.080105,50,459.935894
-7.482276,50,460.005007
-9.939384,50,460.061629
-17.788503,50,460.105718
-8.858794,50,460.140888
-8.98447,50,460.175648
-10.095211,50,460.210958
-12.551205,50,460.245883
-11.993468,50,460.305078
-10.899853,50,460.376462
-9.932113,50,460.449461
-12.991384,50,460.51949
-13.375806,50,460.588604
-12.103668,50,460.659441
-8.257297,50,460.729214
-19.077177,50,460.800548
-17.105935,50,460.874791
-15.904501,50,460.945315
-17.172005,50,461.016825
-8.725672,50,461.08741
-9.172662,50,461.156772
-7.677478,50,461.226968
-8.136367,50,461.300054
-11.555464,50,461.372052
-8.14608,50,461.441262
-19.314627,50,461.509772
-9.512791,50,461.57848
-10.442275,50,461.646843
-9.420086,50,461.717937
-18.59605,50,461.787089
-12.900421,50,461.856416
-9.668177,50,461.928132
-7.431375,50,461.996579
-11.131803,50,462.930872
-9.146709,50,463.003079
-15.306066,50,463.073956
-6.888858,50,463.142152
-11.35146,50,463.211749
-13.554652,50,463.280632
-7.759822,50,463.348021
-18.588352,50,463.419868
-9.497831,50,463.48745
-9.041987,50,463.554243
-12.412347,50,463.621562
-10.674908,50,463.68843
-10.223647,50,463.760369
-13.350476,50,463.828519
-8.202791,50,463.899081
-8.99282,50,463.968476
-14.476505,50,464.036704
-8.530428,50,464.106289
-11.007403,50,464.176664
-8.911308,50,464.245214
-8.720945,50,464.311448
-18.561656,50,464.38065
-10.978884,50,464.447517
-7.447271,50,464.515095
-10.743779,50,464.581548
-9.198931,50,464.650028
-6.366435,50,464.71752
-8.018355,50,464.786372
-18.163477,50,464.854668
-9.735779,50,464.923543
-8.651391,50,464.992447
-10.31664,50,465.070686
-6.877699,50,465.139867
-13.178136,50,465.206102
-11.091896,50,465.274462
-12.739957,50,465.343135
-13.092504,50,465.412577
-11.857243,50,465.479418
-10.22547,50,465.549124
-6.129803,50,465.616348
-9.172922,50,465.652387
-15.607573,50,466.128462
-7.373626,50,466.163991
-10.387748,50,466.197755
-10.517527,50,466.230253
-11.794375,50,466.263519
-10.298042,50,466.295465
-9.26397,50,466.328259
-10.998845,50,466.360194
-7.705287,50,466.394909
-17.306257,50,466.42812
-9.948151,50,466.461427
-8.484473,50,466.495605
-10.130027,50,466.538887
-13.702068,50,466.573718
-6.81225,50,466.6077
-8.865872,50,466.643303
-6.900368,50,466.683944
-14.504091,50,466.716203
-7.352427,50,466.754004
-9.252946,50,466.791335
-9.921406,50,466.825479
-7.334583,50,466.863814
-7.17949,50,466.899695
-6.477125,50,466.939021
-9.488713,50,466.97291
-8.453637,50,467.006558
-18.179517,50,467.041674
-18.454285,50,467.074692
-14.387153,50,467.108879
-7.537708,50,467.155165
-7.027752,50,467.191432
-10.268843,50,467.23879
-9.044729,50,467.294787
-10.862673,50,467.356508
-16.717951,50,467.421191
-11.603694,50,467.470007
-7.794133,50,467.53387
-13.320981,50,467.589284
-8.244039,50,467.647506
-16.946555,50,467.695651
-8.536214,50,467.74394
-10.176813,50,468.227833
-12.356721,50,468.286361
-7.332558,50,468.346029
-7.57998,50,468.403977
-12.136479,50,468.450194
-15.919726,50,468.493759
-12.141429,50,468.530003
-9.172259,50,468.577843
-14.749016,50,468.618749
-14.789343,50,468.660937
-8.432404,50,468.696311
-14.721489,50,468.747958
-7.832148,50,468.808173
-19.978831,50,468.863287
-6.902255,50,468.910592
-13.635409,50,468.974609
-11.831625,50,469.023493
-15.148254,50,469.065824
-6.473445,50,469.109455
-11.436611,50,469.148462
-10.682674,50,469.198318
-8.717875,50,469.258521
-14.340216,50,469.30442
-8.613374,50,469.349993
-13.558412,50,469.393045
-10.291615,50,469.432199
-8.231905,50,469.480169
-9.250924,50,469.531047
-14.389572,50,469.577735
-14.630195,50,469.611843
-14.183046,50,469.66714
-15.652893,50,469.719276
-5.892815,50,469.765392
-8.857005,50,469.819271
-16.00391,50,469.877316
-7.911051,50,469.926262
-6.724967,50,469.976124
-18.991379,50,470.021339
-11.758491,50,470.074413
-7.707779,50,470.117134
-6.998168,50,470.15184
-9.664597,50,470.620352
-7.891356,50,470.668632
-13.2944,50,470.725727
-8.751007,50,470.775297
-18.540128,50,470.818819
-10.624831,50,470.873121
-9.937151,50,470.922444
-9.977824,50,470.965423
-19.721551,50,471.004709
-13.356796,50,471.06558
-9.636572,50,471.111325
-9.661101,50,471.156455
-12.524656,50,471.198808
-5.364066,50,471.241669
-11.104232,50,471.278303
-13.516868,50,471.329995
-10.468072,50,471.373524
-17.474054,50,471.436991
-10.954755,50,471.491661
-9.521658,50,471.54435
-7.002005,50,471.576414
-9.064578,50,471.634721
-10.603127,50,471.693742
-17.797887,50,471.746818
-9.43889,50,471.801991
-7.730958,50,471.856359
-12.79229,50,471.906936
-9.688563,50,471.962227
-9.251218,50,472.009592
-15.211268,50,472.061818
-17.911577,50,472.122439
-8.424808,50,472.165442
-12.519842,50,472.19898
-10.169825,50,472.246989
-10.400777,50,472.286919
-7.321638,50,472.319745
-9.993671,50,472.350633
-6.595685,50,472.392632
-14.666449,50,472.435982
-13.252707,50,472.484715
-8.844228,50,472.536345
-10.770421,50,472.994824
-8.302797,50,473.047593
-7.934846,50,473.102494
-13.243559,50,473.160584
-12.153966,50,473.21262
-6.01686,50,473.270406
-13.606626,50,473.327839
-9.084155,50,473.384561
-9.569355,50,473.439128
-11.494826,50,473.490825
-13.459037,50,473.542312
-20.066344,50,473.588094
-7.885408,50,473.630265
-10.31871,50,473.669461
-6.863018,50,473.724431
-16.019077,50,473.769843
-12.699271,50,473.813688
-7.16069,50,473.86744
-11.552362,50,473.917342
-11.016462,50,473.956187
-14.423383,50,474.002803
-11.085951,50,474.051123
-8.223398,50,474.10777
-9.060405,50,474.168179
-8.540534,50,474.223521
-8.525593,50,474.281066
-16.481685,50,474.337709
-6.483205,50,474.393595
-8.703046,50,474.452372
-19.302736,50,474.490096
-14.891203,50,474.532193
-15.193147,50,474.575827
-8.027377,50,474.62588
-18.228092,50,474.673542
-9.785426,50,474.719049
-16.711207,50,474.771168
-13.319487,50,474.820479
-9.628743,50,474.876108
-18.394905,50,474.916277
-18.700758,50,474.954839
-13.645156,50,475.003142
-16.062058,50,475.465025
-11.638072,50,475.522328
-6.723261,50,475.576
-9.132366,50,475.631248
-9.947607,50,475.684942
-11.026874,50,475.742003
-9.783168,50,475.797972
-10.040885,50,475.859638
-6.176535,50,475.914516
-11.041694,50,475.961797
-17.46065,50,476.010953
-15.647987,50,476.068379
-12.837173,50,476.134041
-7.37195,50,476.183972
-15.514603,50,476.239651
-7.136642,50,476.301379
-10.298425,50,476.367433
-9.209744,50,476.424339
-10.468278,50,476.479461
-13.019528,50,476.532703
-11.710201,50,476.590708
-10.875192,50,476.644086
-8.058984,50,476.703057
-11.1756,50,476.758741
-16.403193,50,476.810428
-10.488171,50,476.853824
-10.341136,50,476.90004
-13.589564,50,476.953182
-9.476092,50,477.005782
-8.150507,50,477.053276
-7.978204,50,477.112621
-14.276156,50,477.16535
-11.430898,50,477.219756
-17.413881,50,477.273973
-15.156005,50,477.329374
-20.387527,50,477.3838
-7.805642,50,477.442499
-18.408707,50,477.500818
-9.811508,50,477.550936
-15.210149,50,477.592246
-9.966074,50,477.631584
-14.010315,50,478.101248
-17.501561,50,478.167946
-5.871107,50,478.228507
-7.512694,50,478.279482
-12.594241,50,478.336643
-9.585884,50,478.392322
-12.966525,50,478.443122
-19.237395,50,478.499979
-9.995431,50,478.558515
-8.619617,50,478.609703
-8.752513,50,478.667775
-12.099549,50,478.720407
-9.615305,50,478.779953
-9.989975,50,478.817894
-7.526303,50,478.851043
-9.055768,50,478.884237
-14.267969,50,478.917098
-8.654902,50,478.950754
-8.220133,50,478.993547
-11.625957,50,479.045422
-13.245865,50,479.100686
-14.242246,50,479.156107
-14.937335,50,479.215462
-11.688137,50,479.269239
-11.055379,50,479.30473
-14.812805,50,479.365217
-8.38831,50,479.423917
-6.722443,50,479.478331
-12.53575,50,479.531364
-6.444327,50,479.583329
-7.941177,50,479.641624
-8.957086,50,479.689272
-11.709925,50,479.722437
-6.059568,50,479.763472
-10.807836,50,479.796701
-7.669681,50,479.829419
-7.499156,50,479.866228
-8.724263,50,479.916906
-6.310715,50,479.957453
-17.675102,50,480.01148
-13.12355,50,480.048956
-12.426971,50,480.49787
-11.88979,50,480.558768
-6.78222,50,480.61598
-9.189923,50,480.675134
-12.702169,50,480.733278
-16.691213,50,480.788888
-6.412418,50,480.851109
-9.735349,50,480.909329
-12.55101,50,480.962744
-6.029776,50,481.007411
-10.132413,50,481.070146
-13.356821,50,481.132215
-7.579684,50,481.189149
-9.742866,50,481.246716
-6.915634,50,481.307933
-9.537503,50,481.367556
-5.675234,50,481.42452
-8.56032,50,481.463001
-8.91012,50,481.523368
-11.344221,50,481.579292
-13.930739,50,481.63955
-7.2114,50,481.684676
-10.356658,50,481.720364
-6.218054,50,481.754632
-8.02334,50,481.797099
-12.524579,50,481.850921
-9.699488,50,481.897755
-7.891872,50,481.940341
-8.323887,50,481.981789
-13.943003,50,482.021452
-13.685834,50,482.059439
-11.34743,50,482.108753
-10.00934,50,482.149168
-9.132311,50,482.199238
-9.841132,50,482.23622
-8.360439,50,482.291519
-18.355556,50,482.35622
-8.913795,50,482.388859
-16.641558,50,482.44981
-10.247785,50,482.498368
-16.966426,50,482.554929
-9.910422,50,483.036658
-10.359923,50,483.099495
-8.954137,50,483.153007
-8.830867,50,483.200567
-7.662614,50,483.237929
-9.86875,50,483.276677
-9.916996,50,483.322812
-11.741429,50,483.377478
-11.679311,50,483.417806
-7.469661,50,483.466258
-14.979352,50,483.526526
-7.583344,50,483.576451
-13.358946,50,483.631889
-6.978903,50,483.688385
-7.153455,50,483.737766
-17.367498,50,483.792706
-10.698958,50,483.845269
-18.283588,50,483.906131
-11.208123,50,483.961921
-5.605281,50,484.015405
-8.988577,50,484.059138
-7.294338,50,484.110939
-9.830918,50,484.156635
-17.781961,50,484.201738
-10.730787,50,484.251221
-8.394626,50,484.287965
-6.430195,50,484.32701
-11.809709,50,484.374722
-11.243805,50,484.42906
-12.529398,50,484.464837
-14.766531,50,484.520799
-5.467673,50,484.56683
-10.238597,50,484.624945
-16.962908,50,484.677336
-12.091139,50,484.731232
-11.698819,50,484.786292
-9.921651,50,484.84844
-13.384183,50,484.895568
-10.74589,50,484.95565
-16.554669,50,485.008368
-6.783796,50,485.063871
-11.795545,50,485.520205
-11.763988,50,485.572189
-14.44817,50,485.63288
-11.723642,50,485.682856
-9.831005,50,485.738825
-10.606884,50,485.787865
-9.630791,50,485.844502
-12.196356,50,485.902992
-8.547836,50,485.958672
-8.593314,50,486.014187
-8.493604,50,486.05696
-12.660089,50,486.112923
-10.497871,50,486.164863
-14.999466,50,486.208293
-8.569348,50,486.266924
-13.718427,50,486.302585
-11.748504,50,486.359287
-10.274953,50,486.409612
-14.598475,50,486.470009
-12.054347,50,486.527639
-16.659178,50,486.583185
-10.411151,50,486.639444
-7.9029,50,486.696398
-7.073013,50,486.740085
-8.183406,50,486.788858
-8.750664,50,486.825331
-8.951631,50,486.863503
-13.390538,50,486.907734
-11.627952,50,486.963512
-16.876786,50,487.017309
-9.702664,50,487.065463
-6.229439,50,487.117981
-9.320039,50,487.155773
-12.453118,50,487.210243
-9.309106,50,487.259007
-11.153663,50,487.30329
-11.175274,50,487.348036
-9.895305,50,487.390911
-19.080085,50,487.427485
-6.945389,50,487.462881
-16.619211,50,487.501293
-9.942469,50,487.967138
-6.723894,50,488.018175
-11.567876,50,488.076487
-6.906924,50,488.121922
-9.672628,50,488.165987
-12.292246,50,488.204501
-18.2678,50,488.241162
-9.756965,50,488.297519
-8.389164,50,488.353809
-6.467069,50,488.39448
-8.072357,50,488.434087
-7.872926,50,488.473897
-11.437888,50,488.529468
-12.187906,50,488.582929
-5.759039,50,488.622451
-9.192981,50,488.685158
-10.213338,50,488.736466
-9.725732,50,488.783249
-12.907118,50,488.830453
-6.249776,50,488.884325
-16.72707,50,488.941286
-12.539191,50,489.001177
-6.204083,50,489.041726
-9.628329,50,489.079563
-9.551208,50,489.1323
-8.993062,50,489.183498
-19.809331,50,489.237056
-8.870891,50,489.285634
-9.793847,50,489.340784
-9.756999,50,489.396555
-8.834077,50,489.444084
-16.606657,50,489.506538
-9.389826,50,489.551926
-12.601494,50,489.602521
-6.469537,50,489.643772
-7.495295,50,489.69672
-7.817887,50,489.738541
-7.844139,50,489.786912
-9.506002,50,489.827528
-9.997373,50,489.881401
-12.012789,50,489.930627
-9.142636,50,490.393755
-10.465468,50,490.433992
-8.781726,50,490.497294
-18.824868,50,490.554539
-11.413401,50,490.615354
-6.243233,50,490.664036
-12.913822,50,490.726825
-6.672646,50,490.787794
-11.211684,50,490.831492
-11.005652,50,490.897695
-14.076819,50,490.949342
-12.025727,50,491.003095
-10.517795,50,491.054185
-10.026404,50,491.094367
-19.757732,50,491.141865
-12.080489,50,491.196243
-9.56544,50,491.238401
-18.539832,50,491.277682
-9.502544,50,491.318739
-9.867893,50,491.365144
-12.625063,50,491.413184
-7.278476,50,491.461852
-8.353935,50,491.505468
-12.072661,50,491.550952
-9.616071,50,491.599753
-17.055752,50,491.636742
-15.900802,50,491.676901
-15.436,50,491.727864
-9.643199,50,491.774534
-7.645711,50,491.820559
-10.271657,50,491.863838
-9.744658,50,491.904657
-9.745015,50,491.93976
-19.027771,50,491.972426
-15.068279,50,492.017487
-13.697978,50,492.052999
-8.125018,50,492.088829
-8.721355,50,492.144171
-15.046584,50,492.192275
-9.438313,50,492.238815
-8.260449,50,492.280554
-15.74705,50,492.758388
-12.847026,50,492.814877
-11.847507,50,492.878446
-11.110652,50,492.933084
-11.225754,50,492.975923
-11.62694,50,493.020143
-8.79943,50,493.065142
-8.592241,50,493.102707
-10.882857,50,493.140517
-9.952133,50,493.17475
-9.768231,50,493.2274
-14.343909,50,493.286825
-7.20665,50,493.33328
-7.599835,50,493.377302
-10.061133,50,493.430063
-13.216083,50,493.472492
-7.546505,50,493.510843
-8.14886,50,493.552026
-7.553318,50,493.601354
-14.761163,50,493.63578
-11.434319,50,493.673006
-11.83779,50,493.714471
-9.39351,50,493.767747
-7.140788,50,493.824001
-9.353719,50,493.877948
-5.94196,50,493.938109
-16.618288,50,493.994914
-11.418901,50,494.051363
-17.446545,50,494.104841
-9.582103,50,494.138381
-10.698768,50,494.18621
-16.893813,50,494.228843
-11.442303,50,494.261587
-10.562638,50,494.294067
-8.804362,50,494.336005
-12.768091,50,494.372031
-12.527999,50,494.409099
-12.324025,50,494.441609
-13.11195,50,494.476543
-9.80424,50,494.515328
-10.194671,50,494.567059
-10.299878,50,495.020833
-12.794968,50,495.072124
-18.585727,50,495.131227
-8.406206,50,495.183613
-10.712208,50,495.237403
-9.112519,50,495.295421
-6.26037,50,495.337719
-5.68237,50,495.378386
-18.101504,50,495.409999
-9.902818,50,495.450348
-16.375197,50,495.499381
-9.969133,50,495.549866
-16.75334,50,495.601569
-13.263264,50,495.659509
-10.164789,50,495.719758
-8.926719,50,495.764273
-10.116795,50,495.79736
-8.125576,50,495.837543
-17.782577,50,495.893357
-12.064033,50,495.929503
-18.156905,50,495.964283
-11.82889,50,496.011553
-9.345238,50,496.063912
-5.610156,50,496.117032
-12.825275,50,496.170241
-8.367941,50,496.227226
-9.453458,50,496.279214
-8.812029,50,496.333171
-7.416999,50,496.370914
-15.195874,50,496.401994
-11.781899,50,496.432801
-8.81054,50,496.49015
-10.899038,50,496.53239
-8.604705,50,496.574532
-18.980407,50,496.62808
-8.0696,50,496.672498
-9.260474,50,496.725105
-10.633169,50,496.770831
-17.422387,50,496.818337
-10.633347,50,496.863952
-15.329944,50,496.908308
-17.385694,50,497.375026
-9.768343,50,497.440693
-11.310638,50,497.501069
-11.383087,50,497.559173
-10.120545,50,497.627372
-8.587846,50,497.684078
-18.463854,50,497.749822
-7.626582,50,497.805363
-9.543746,50,497.868178
-20.227028,50,497.923868
-14.529049,50,497.971176
-8.061043,50,498.021144
-11.739791,50,498.083184
-12.473277,50,498.141845
-6.543005,50,498.204284
-16.191674,50,498.25543
-6.679275,50,498.319866
-16.03992,50,498.377502
-19.797257,50,498.433377
-10.054715,50,498.491956
-9.959263,50,498.5502
-6.164006,50,498.601987
-19.445753,50,498.667997
-10.722965,50,498.719178
-8.69929,50,498.775429
-13.182577,50,498.834898
-13.228136,50,498.895443
-10.888673,50,498.949323
-8.557008,50,499.000386
-12.597422,50,499.042902
-13.911412,50,499.085982
-9.725664,50,499.14464
-8.931577,50,499.18843
-12.795154,50,499.24752
-9.504644,50,499.300342
-13.497587,50,499.345889
-13.06319,50,499.406213
-16.635843,50,499.461155
-9.225939,50,499.514527
-9.626264,50,499.571955
-10.964026,50,499.622331
-10.503394,50,500.097847
-12.089506,50,500.13648
-15.334558,50,500.179687
-15.761417,50,500.228125
-12.999588,50,500.270113
-17.323156,50,500.312183
-19.718601,50,500.360716
-12.468445,50,500.416691
-13.775521,50,500.472082
-9.614042,50,500.519966
-18.256275,50,500.581153
-13.965097,50,500.640585
-12.884216,50,500.701108
-9.537016,50,500.76065
-16.1724,50,500.822502
-9.673899,50,500.888189
-18.366999,50,500.940793
-12.010513,50,501.004423
-14.890965,50,501.057701
-16.41832,50,501.120621
-11.389914,50,501.176172
-7.33484,50,501.225605
-13.778032,50,501.273357
-9.954592,50,501.309481
-13.583129,50,501.356014
-5.897647,50,501.414794
-8.273952,50,501.47146
-18.487406,50,501.528136
-10.992349,50,501.58216
-9.864384,50,501.638343
-7.527281,50,501.6894
-10.970092,50,501.746244
-10.487767,50,501.798769
-7.658209,50,501.854671
-11.604036,50,501.896835
-10.310329,50,501.946427
-11.718519,50,501.990017
-12.338527,50,502.045443
-16.111377,50,502.078486
-14.676245,50,502.110926
-9.835901,50,502.166946
-9.491116,50,502.660092
-9.347836,50,502.717147
-13.715219,50,502.775587
-7.551067,50,502.83541
-15.567649,50,502.891663
-18.773719,50,502.951753
-18.280975,50,503.001958
-6.595662,50,503.064009
-18.785732,50,503.118485
-16.198315,50,503.173408
-10.875198,50,503.213829
-10.001677,50,503.259812
-9.769826,50,503.300574
-11.612644,50,503.350265
-7.670804,50,503.407791
-7.780473,50,503.461221
-12.912346,50,503.514089
-15.549487,50,503.562216
-10.158657,50,503.619168
-7.601921,50,503.661816
-7.780409,50,503.706186
-7.552303,50,503.770388
-12.305572,50,503.827781
-8.744084,50,503.891854
-14.32581,50,503.955534
-7.37922,50,504.015755
-8.091008,50,504.069836
-14.678168,50,504.124211
-13.133168,50,504.185525
-13.701688,50,504.249593
-16.407657,50,504.301441
-7.934652,50,504.357255
-11.738307,50,504.402745
-8.262006,50,504.450611
-15.45882,50,504.500842
-8.83329,50,504.553393
-7.366386,50,504.606831
-12.033841,50,504.663022
-6.330668,50,504.714231
-19.224067,50,504.755973
-8.975557,50,504.790464
-7.099103,50,505.259328
-9.83475,50,505.303771
-13.067275,50,505.338088
-11.700001,50,505.37844
-19.797534,50,505.427863
-10.347938,50,505.465133
-9.226954,50,505.502476
-8.183875,50,505.53958
-12.818464,50,505.584704
-6.455688,50,505.649072
-6.866708,50,505.695827
-10.22044,50,505.753826
-9.769779,50,505.805179
-11.250124,50,505.867091
-5.764247,50,505.921855
-10.083263,50,505.978431
-11.798983,50,506.033172
-14.378232,50,506.087408
-15.905292,50,506.131171
-18.703651,50,506.178958
-18.874796,50,506.223387
-8.924963,50,506.275057
-8.086096,50,506.315056
-7.422925,50,506.352443
-8.427777,50,506.395254
-13.065855,50,506.431504
-17.811676,50,506.474138
-10.384715,50,506.505697
-14.319655,50,506.538446
-6.52393,50,506.591643
-11.196295,50,506.64641
-11.759215,50,506.703404
-12.693241,50,506.76472
-8.768037,50,506.820834
-14.907075,50,506.870147
-11.827307,50,506.927758
-8.188062,50,506.982848
-9.406057,50,507.034991
-8.552785,50,507.085163
-14.913632,50,507.14237
-8.683779,50,507.189879
-8.626936,50,507.660301
-15.650922,50,507.716308
-8.316171,50,507.770955
-11.959994,50,507.831138
-10.212511,50,507.884757
-9.61611,50,507.942617
-16.973365,50,508.004309
-9.078856,50,508.061836
-6.971734,50,508.117313
-14.126555,50,508.179659
-15.279697,50,508.238023
-7.205195,50,508.296633
-11.89986,50,508.353335
-19.698312,50,508.408345
-9.54053,50,508.451475
-8.702971,50,508.512433
-10.894687,50,508.549286
-10.826098,50,508.595886
-14.69291,50,508.638443
-10.591766,50,508.694437
-8.966657,50,508.754153
-9.961543,50,508.808932
-9.665645,50,508.863527
-13.722607,50,508.924632
-7.907652,50,508.984052
-11.543518,50,509.038864
-14.07189,50,509.087936
-14.357625,50,509.131015
-8.18445,50,509.170603
-14.787472,50,509.208996
-8.831269,50,509.246841
-7.305241,50,509.298673
-12.473451,50,509.346494
-12.097825,50,509.400001
-8.764417,50,509.441876
-17.260934,50,509.491031
-6.643843,50,509.536888
-12.351801,50,509.580165
-9.216521,50,509.629791
-14.386579,50,509.686942
-9.874032,50,510.162098
-17.262783,50,510.219429
-7.434343,50,510.269388
-19.859852,50,510.328392
-8.532617,50,510.377708
-9.906741,50,510.44435
-9.779046,50,510.503195
-13.989774,50,510.560178
-9.523691,50,510.62247
-9.906666,50,510.681497
-14.983944,50,510.745557
-8.859437,50,510.807945
-19.405226,50,510.864134
-17.981819,50,510.906388
-13.798103,50,510.965432
-11.246866,50,511.028038
-18.250173,50,511.091249
-18.450796,50,511.147702
-12.074672,50,511.202572
-16.768215,50,511.259806
-17.641473,50,511.313488
-19.253196,50,511.358622
-9.622707,50,511.408298
-13.151013,50,511.465078
-15.289958,50,511.51337
-17.185071,50,511.569777
-8.813438,50,511.603176
-10.055331,50,511.654876
-14.130589,50,511.700627
-7.389929,50,511.761462
-16.032328,50,511.81862
-7.48051,50,511.874751
-9.165381,50,511.91453
-12.943469,50,511.954779
-11.763701,50,511.998056
-14.011947,50,512.044235
-12.597755,50,512.091959
-14.049081,50,512.13335
-13.907396,50,512.187739
-8.561338,50,512.233148
-7.15469,50,512.275735
-7.593281,50,512.753239
-12.60016,50,512.81263
-9.334956,50,512.866976
-15.509729,50,512.920903
-8.192752,50,512.981018
-16.037562,50,513.047528
-10.989843,50,513.107399
-11.856902,50,513.162564
-15.200337,50,513.214348
-9.869717,50,513.259578
-13.406859,50,513.318592
-6.129246,50,513.373527
-9.060024,50,513.429685
-6.93886,50,513.48035
-14.129354,50,513.517438
-8.224645,50,513.556615
-8.454989,50,513.591736
-8.379377,50,513.635143
-7.061664,50,513.68861
-16.003389,50,513.741977
-8.442679,50,513.810239
-15.787214,50,513.864944
-12.733699,50,513.912304
-16.319124,50,513.965192
-14.456774,50,514.016728
-13.657276,50,514.060795
-13.295304,50,514.100791
-19.306965,50,514.138833
-8.196516,50,514.187803
-8.780473,50,514.233782
-13.046364,50,514.284138
-14.434527,50,514.324712
-16.411631,50,514.364751
-10.496888,50,514.403227
-9.239272,50,514.450952
-15.15831,50,514.508981
-8.610329,50,514.550239
-7.600404,50,514.58889
-8.054641,50,514.640997
-10.274843,50,514.689247
-10.177806,50,514.742045
-10.448103,50,515.198692
-8.152985,50,515.244971
-9.368011,50,515.289215
-18.530058,50,515.340927
-9.259583,50,515.38774
-8.459973,50,515.432883
-10.456156,50,515.477887
-8.724536,50,515.529583
-9.8281,50,515.581295
-15.431013,50,515.640882
-12.878574,50,515.696328
-6.169582,50,515.757139
-16.893729,50,515.813454
-8.665361,50,515.862331
-14.916205,50,515.908537
-14.464405,50,515.953467
-17.235329,50,516.010556
-18.32979,50,516.050856
-10.889803,50,516.087172
-12.717376,50,516.137133
-10.25816,50,516.191101
-9.296082,50,516.248131
-9.844796,50,516.291548
-10.37593,50,516.335632
-7.419999,50,516.372013
-7.856646,50,516.403443
-7.399654,50,516.442119
-9.389562,50,516.475235
-9.235846,50,516.510266
-10.379828,50,516.5651
-11.167922,50,516.617007
-15.433507,50,516.659016
-9.399064,50,516.715706
-8.722962,50,516.758332
-8.300485,50,516.813376
-14.189941,50,516.858991
-16.484038,50,516.893203
-9.117896,50,516.932942
-7.19116,50,516.97722
-6.237733,50,517.023555
-11.282988,50,517.072717
-17.329274,50,517.590486
-10.169977,50,517.640877
-6.618202,50,517.697709
-6.07254,50,517.748869
-13.544921,50,517.806206
-13.69942,50,517.867401
-9.608932,50,517.91501
-8.308091,50,517.960801
-15.170764,50,517.998812
-11.191119,50,518.058723
-11.872956,50,518.110568
-9.706167,50,518.155327
-7.793598,50,518.200803
-13.822845,50,518.250384
-15.706823,50,518.289756
-12.472483,50,518.348934
-8.982608,50,518.408278
-14.679913,50,518.460617
-12.191899,50,518.507734
-12.352103,50,518.566539
-9.097305,50,518.633419
-15.874111,50,518.70016
-14.737698,50,518.769677
-16.178632,50,518.835709
-10.399599,50,518.886195
-12.644032,50,518.943686
-8.410505,50,518.991583
-8.096205,50,519.046227
-11.09549,50,519.090883
-8.593504,50,519.136872
-12.974412,50,519.187042
-8.840301,50,519.235308
-10.800839,50,519.277679
-8.534542,50,519.328869
-13.112911,50,519.387672
-15.424506,50,519.443795
-15.596237,50,519.500823
-8.657511,50,519.559401
-16.042834,50,519.602394
-7.183902,50,519.651822
-9.627094,50,519.71155
-10.767808,50,520.190045
-14.166015,50,520.24526
-17.520724,50,520.300183
-13.50154,50,520.334577
-15.858543,50,520.370783
-7.237213,50,520.407711
-10.333932,50,520.450598
-10.183417,50,520.482314
-13.131469,50,520.530517
-10.573839,50,520.584307
-9.744218,50,520.643405
-7.827246,50,520.682622
-15.99555,50,520.714077
-15.962704,50,520.751672
-16.683866,50,520.799491
-5.976665,50,520.844231
-9.892906,50,520.889599
-12.151585,50,520.927494
-9.111695,50,520.973281
-9.539759,50,521.01247
-19.541552,50,521.048959
-8.360496,50,521.097997
-9.453288,50,521.137535
-18.54218,50,521.197905
-9.950993,50,521.256554
-19.413322,50,521.295354
-15.793754,50,521.331693
-9.461987,50,521.372923
-18.055612,50,521.421832
-7.869006,50,521.465082
-13.554218,50,521.521205
-10.260352,50,521.561754
-11.712977,50,521.615667
-14.821019,50,521.651062
-10.206248,50,521.684797
-9.966027,50,521.745084
-9.176498,50,521.793658
-15.092745,50,521.845383
-16.377364,50,521.882994
-14.725601,50,521.938505
-14.169505,50,521.972282
-13.666702,50,522.457144
-9.598179,50,522.509617
-8.230524,50,522.573523
-10.824472,50,522.625093
-8.589208,50,522.687153
-10.797944,50,522.738496
-8.564913,50,522.790848
-8.971176,50,522.834496
-16.865874,50,522.882155
-9.269462,50,522.92131
-11.221945,50,522.961474
-5.92882,50,522.999934
-5.734029,50,523.056918
-7.403797,50,523.094738
-8.513661,50,523.147328
-11.073379,50,523.199675
-6.395053,50,523.23729
-16.16002,50,523.28878
-8.582857,50,523.34514
-9.268735,50,523.402808
-10.127808,50,523.455897
-9.918903,50,523.512897
-19.572353,50,523.559416
-12.979254,50,523.609109
-8.512276,50,523.644248
-11.854398,50,523.6974
-7.81043,50,523.746158
-11.107354,50,523.800931
-8.13544,50,523.845284
-20.39238,50,523.889075
-9.440325,50,523.934712
-16.118775,50,523.981657
-5.767788,50,524.03269
-7.771193,50,524.08403
-10.008633,50,524.128634
-5.089067,50,524.184289
-10.305835,50,524.238029
-14.132437,50,524.290895
-12.566972,50,524.336113
-8.200906,50,524.373489
-10.091582,50,524.411267
-10.734022,50,524.86847
-16.225016,50,524.930016
-12.383527,50,524.98722
-13.243681,50,525.031085
-10.531226,50,525.080588
-15.518919,50,525.130854
-17.501691,50,525.163238
-12.729083,50,525.213118
-7.61426,50,525.249554
-6.123688,50,525.307633
-9.728891,50,525.370298
-4.827841,50,525.412833
-14.84298,50,525.460992
-14.046207,50,525.501646
-6.843559,50,525.547323
-8.400304,50,525.605832
-10.554469,50,525.656983
-14.573671,50,525.704495
-5.87482,50,525.738906
-15.763752,50,525.781244
-9.839679,50,525.830474
-14.810398,50,525.883213
-7.63418,50,525.921625
-10.054183,50,525.980002
-15.136915,50,526.030719
-7.109879,50,526.079569
-13.300318,50,526.117747
-13.731787,50,526.165261
-16.266481,50,526.200741
-7.14551,50,526.234834
-13.302389,50,526.26854
-12.132728,50,526.304542
-12.874488,50,526.364157
-15.118098,50,526.411758
-14.855219,50,526.465892
-7.918679,50,526.519435
-6.278131,50,526.572523
-6.974867,50,526.618855
-18.29413,50,526.660272
-12.472857,50,526.716652
-9.892368,50,526.765037
-12.411587,50,527.221895
-9.412036,50,527.289182
-19.437118,50,527.345412
-9.571101,50,527.402868
-9.453955,50,527.457551
-13.986788,50,527.493868
-9.137625,50,527.529869
-6.963957,50,527.568824
-8.877582,50,527.605365
-15.121152,50,527.641235
-9.497991,50,527.679247
-12.485481,50,527.714246
-7.841485,50,527.750885
-9.948553,50,527.788249
-6.822417,50,527.826258
-14.660341,50,527.861478
-7.963143,50,527.896859
-7.761602,50,527.935815
-7.881952,50,527.973664
-9.767248,50,528.023652
-6.022972,50,528.073793
-17.968111,50,528.119506
-16.145387,50,528.156517
-11.322459,50,528.191156
-8.334738,50,528.250825
-5.640791,50,528.30301
-7.851906,50,528.358173
-8.157187,50,528.408274
-8.351596,50,528.455546
-10.593724,50,528.506988
-13.663932,50,528.554216
-6.718281,50,528.602433
-13.135524,50,528.651404
-9.5538,50,528.688808
-13.767497,50,528.720169
-9.731389,50,528.757435
-15.477555,50,528.794905
-9.072574,50,528.843987
-6.060166,50,528.88687
-7.775666,50,528.926988
-19.285741,50,528.987329
-9.569211,50,529.449115
-11.172327,50,529.503808
-15.268763,50,529.566804
-9.785466,50,529.618545
-11.039368,50,529.663306
-9.242592,50,529.706314
-13.538433,50,529.739743
-7.577459,50,529.791254
-7.140702,50,529.843359
-11.156277,50,529.890311
-12.477675,50,529.936962
-7.626905,50,529.981079
-7.702772,50,530.026197
-14.000308,50,530.068929
-10.686079,50,530.123617
-13.190282,50,530.156856
-15.618139,50,530.205866
-8.712267,50,530.240466
-10.930236,50,530.300458
-6.728756,50,530.348827
-16.270034,50,530.389621
-8.335009,50,530.444476
-13.618661,50,530.503203
-10.758024,50,530.564455
-14.991221,50,530.621456
-12.88182,50,530.678686
-15.457429,50,530.728456
-9.952867,50,530.778169
-12.310994,50,530.813713
-6.967715,50,530.850656
-10.277834,50,530.888855
-9.999226,50,530.923294
-17.875451,50,530.960263
-14.009858,50,530.997041
-13.100025,50,531.0366
-13.037537,50,531.080211
-7.132095,50,531.12357
-12.831053,50,531.153621
-16.042417,50,531.183559
-14.292129,50,531.214058
-12.066102,50,531.2484
-14.179803,50,531.698153
-13.3075,50,531.763196
-9.464621,50,531.812286
-8.196713,50,531.854879
-17.816049,50,531.893827
-7.797209,50,531.935083
-9.287575,50,531.983308
-6.720956,50,532.025971
-11.802287,50,532.060664
-13.690766,50,532.099537
-15.627687,50,532.138015
-6.711744,50,532.186181
-13.567097,50,532.239701
-12.131809,50,532.275383
-10.969372,50,532.323312
-14.974323,50,532.365817
-13.231766,50,532.403819
-11.538501,50,532.460648
-7.90011,50,532.512315
-12.07468,50,532.556382
-12.46599,50,532.591145
-10.310615,50,532.634365
-7.447277,50,532.690885
-17.995693,50,532.72544
-9.053566,50,532.762254
-16.714149,50,532.828205
-13.920972,50,532.868012
-15.432273,50,532.902487
-9.363196,50,532.938848
-9.536037,50,532.984252
-14.398513,50,533.027945
-13.746636,50,533.060906
-8.142255,50,533.093747
-12.179876,50,533.13022
-8.556223,50,533.178358
-5.695939,50,533.232489
-13.300111,50,533.283753
-9.658958,50,533.321124
-13.012161,50,533.369938
-15.444418,50,533.422321
-15.214623,50,533.465125
-8.862041,50,533.929133
-7.217738,50,533.98992
-6.828936,50,534.046231
-15.400666,50,534.093455
-8.387001,50,534.131854
-5.449572,50,534.172105
-13.387441,50,534.208359
-16.783641,50,534.240978
-13.827983,50,534.292015
-17.918831,50,534.333424
-17.522726,50,534.371497
-7.62406,50,534.425403
-9.025757,50,534.47209
-11.54975,50,534.514068
-7.371308,50,534.567188
-8.344407,50,534.601593
-14.584404,50,534.637007
-15.520468,50,534.677333
-15.993532,50,534.72651
-13.11575,50,534.764053
-9.291195,50,534.799875
-7.331859,50,534.858615
-6.234626,50,534.896875
-15.217385,50,534.936405
-9.183283,50,534.978803
-17.553973,50,535.017101
-8.511505,50,535.061633
-11.576881,50,535.093176
-12.427564,50,535.125258
-14.863199,50,535.169609
-9.376185,50,535.226562
-10.579791,50,535.277772
-6.346977,50,535.328392
-16.003817,50,535.377861
-11.081876,50,535.425629
-5.852429,50,535.460521
-8.780476,50,535.505689
-15.683378,50,535.550342
-8.843763,50,535.609946
-8.738265,50,535.664182
-8.356044,50,535.701137
-19.123074,50,536.17235
-8.151228,50,536.234571
-19.186325,50,536.295137
-9.259064,50,536.343764
-15.950899,50,536.397937
-18.701183,50,536.458676
-12.630184,50,536.518333
-5.898306,50,536.56251
-8.113872,50,536.625539
-16.420829,50,536.669023
-8.401039,50,536.723882
-9.205034,50,536.76119
-11.149637,50,536.813167
-11.619741,50,536.852022
-15.232452,50,536.905589
-19.44621,50,536.950933
-13.18561,50,536.992348
-13.212886,50,537.042945
-6.179924,50,537.090076
-14.010748,50,537.132007
-9.944043,50,537.183888
-9.154308,50,537.225652
-17.532107,50,537.258897
-8.633154,50,537.311499
-10.165574,50,537.349491
-7.752134,50,537.393069
-8.473487,50,537.450375
-8.756387,50,537.499329
-8.093626,50,537.557544
-11.874855,50,537.599088
-13.716654,50,537.644529
-7.878168,50,537.686728
-7.232153,50,537.733716
-9.02293,50,537.773731
-15.689747,50,537.815608
-12.444163,50,537.861071
-15.818749,50,537.906729
-17.875619,50,537.950018
-16.775475,50,537.989114
-8.878713,50,538.021648
-12.633331,50,538.065332
-15.168035,50,538.541242
-8.587158,50,538.594662
-13.083251,50,538.639303
-9.217559,50,538.681645
-10.754346,50,538.73274
-11.556288,50,538.769434
-14.220848,50,538.814865
-15.170176,50,538.85675
-16.249925,50,538.899794
-7.20409,50,538.938088
-18.796151,50,538.982849
-10.142017,50,539.026526
-9.526171,50,539.061459
-11.10054,50,539.117355
-11.320744,50,539.164181
-8.378433,50,539.210557
-9.108315,50,539.256212
-10.844008,50,539.298149
-7.142695,50,539.344088
-11.374987,50,539.398993
-9.951133,50,539.450725
-14.203829,50,539.504715
-15.768444,50,539.558286
-8.407652,50,539.603998
-9.90345,50,539.659317
-6.413632,50,539.716231
-10.599577,50,539.758085
-9.501901,50,539.802901
-8.354147,50,539.84958
-11.383049,50,539.896347
-6.593699,50,539.938275
-10.654097,50,539.989022
-10.198085,50,540.025954
-19.224966,50,540.064913
-10.410717,50,540.121935
-8.574775,50,540.178943
-13.601817,50,540.233768
-10.150275,50,540.282882
-11.789121,50,540.333168
-8.208207,50,540.373246
-11.982098,50,540.425168
-13.301129,50,540.898483
-12.885623,50,540.955958
-10.256287,50,541.009514
-8.413537,50,541.065592
-14.226012,50,541.10398
-10.673808,50,541.140932
-10.212712,50,541.194701
-10.477977,50,541.243178
-10.72386,50,541.301225
-14.93425,50,541.350707
-12.655729,50,541.389135
-7.766393,50,541.43948
-13.631732,50,541.481546
-20.29454,50,541.514751
-5.797866,50,541.552242
-8.644056,50,541.59265
-10.341519,50,541.644249
-12.65512,50,541.702728
-17.142552,50,541.753565
-18.708163,50,541.810739
-14.550972,50,541.858281
-6.313193,50,541.907767
-9.756552,50,541.950732
-13.94449,50,541.985897
-6.5059,50,542.025969
-9.343798,50,542.074301
-9.222232,50,542.112939
-8.581716,50,542.161081
-10.101356,50,542.212251
-11.664131,50,542.272737
-13.135359,50,542.322999
-9.27945,50,542.377506
-10.600481,50,542.414301
-17.979699,50,542.468019
-17.615242,50,542.517925
-20.042722,50,542.558572
-13.399419,50,542.59103
-7.677216,50,542.626557
-14.837719,50,542.672676
-8.029866,50,542.714873
-14.774885,50,542.766236
-8.632552,50,543.238352
-12.098035,50,543.293949
-16.907381,50,543.351398
-19.610774,50,543.411777
-17.667264,50,543.462921
-16.731956,50,543.513404
-7.632518,50,543.567846
-11.936726,50,543.630447
-19.259253,50,543.685568
-9.476455,50,543.726979
-17.07371,50,543.774484
-10.66283,50,543.835236
-9.978268,50,543.886175
-5.898741,50,543.945243
-8.375508,50,543.987495
-12.574395,50,544.044773
-20.209796,50,544.088076
-6.248537,50,544.144267
-7.362798,50,544.196387
-8.243753,50,544.255532
-16.410131,50,544.31463
-9.957809,50,544.371802
-16.441727,50,544.432635
-19.615503,50,544.479603
-8.354128,50,544.515537
-16.472951,50,544.563517
-9.049302,50,544.597495
-8.808608,50,544.630999
-10.564376,50,544.674927
-8.080694,50,544.720723
-10.69714,50,544.77472
-17.221167,50,544.822703
-16.875171,50,544.861939
-6.507371,50,544.903012
-5.412869,50,544.958729
-8.852636,50,545.016424
-16.233772,50,545.072537
-7.196996,50,545.111278
-10.006085,50,545.148549
-13.874434,50,545.200051
-8.227858,50,545.257029
-7.828661,50,545.750183
-14.01352,50,545.808401
-9.186806,50,545.865994
-15.224578,50,545.920921
-11.788068,50,545.974458
-10.493096,50,546.036779
-10.189729,50,546.086526
-20.360798,50,546.131371
-16.955,50,546.180233
-5.801414,50,546.235682
-7.64446,50,546.286696
-9.896543,50,546.346129
-7.727519,50,546.403718
-6.359827,50,546.461771
-8.588269,50,546.513421
-13.176246,50,546.571891
-10.864311,50,546.618654
-6.96228,50,546.674429
-11.554124,50,546.714272
-14.252203,50,546.76517
-8.729084,50,546.813871
-17.246585,50,546.857732
-13.699065,50,546.903667
-16.494883,50,546.958783
-10.148746,50,547.011803
-9.779261,50,547.066116
-10.4573,50,547.111123
-15.923605,50,547.151236
-16.832734,50,547.201612
-10.981435,50,547.256015
-7.767976,50,547.311831
-9.870779,50,547.367705
-6.477024,50,547.422034
-13.102535,50,547.481061
-17.261681,50,547.532556
-14.881427,50,547.590197
-13.377302,50,547.638513
-8.351239,50,547.673014
-9.717037,50,547.707652
-10.709844,50,547.748298
-7.113396,50,547.796497
-11.850192,50,548.278112
-14.061285,50,548.329553
-9.554562,50,548.389131
-18.363989,50,548.445228
-6.9095,50,548.499925
-16.788649,50,548.560524
-5.41405,50,548.622564
-13.226954,50,548.672948
-15.269103,50,548.734684
-10.426632,50,548.777851
-6.319112,50,548.814846
-7.443698,50,548.856037
-9.946621,50,548.89919
-8.044752,50,548.947659
-7.00499,50,548.981247
-12.758,50,549.030433
-13.731966,50,549.078851
-7.734509,50,549.123985
-9.966919,50,549.171745
-9.171488,50,549.213134
-12.193579,50,549.265059
-13.65341,50,549.316983
-7.189359,50,549.372007
-7.572661,50,549.427482
-6.908141,50,549.487684
-17.08935,50,549.536736
-7.747354,50,549.573443
-18.105731,50,549.625325
-12.157991,50,549.681891
-9.02925,50,549.743599
-14.340999,50,549.786481
-16.564364,50,549.842627
-5.451678,50,549.890271
-20.085729,50,549.943484
-15.758799,50,549.981577
-7.552417,50,550.02963
-7.897518,50,550.089142
-12.139586,50,550.146771
-6.809969,50,550.211299
-15.293104,50,550.272754
-16.360152,50,550.333828
-11.993882,50,550.824419
-12.345664,50,550.861539
-10.570291,50,550.899634
-7.558539,50,550.933931
-19.332001,50,550.970398
-5.963615,50,551.024044
-11.053006,50,551.071328
-13.744336,50,551.128227
-10.552456,50,551.185985
-13.071645,50,551.250271
-18.003903,50,551.303893
-6.529848,50,551.364836
-10.914386,50,551.428074
-7.438542,50,551.468698
-14.254445,50,551.527886
-10.935354,50,551.577356
-8.195672,50,551.621978
-18.806331,50,551.689043
-17.146426,50,551.732887
-11.26471,50,551.78014
-6.631414,50,551.813187
-17.504705,50,551.854383
-7.641311,50,551.90145
-7.886414,50,551.952169
-8.626183,50,552.010735
-14.294169,50,552.052779
-12.383852,50,552.089677
-8.352134,50,552.131153
-16.824092,50,552.17591
-10.091839,50,552.208792
-6.310699,50,552.264066
-14.91892,50,552.325238
-9.438125,50,552.386539
-18.080667,50,552.441597
-6.675519,50,552.490075
-19.286725,50,552.540361
-6.966076,50,552.586199
-10.585215,50,552.624893
-8.499192,50,552.670074
-10.433108,50,552.707508
-5.275591,50,552.753073
-15.850089,50,553.220778
-6.528228,50,553.261293
-6.494559,50,553.312089
-7.438403,50,553.36974
-14.453447,50,553.422682
-5.911244,50,553.466883
-17.992713,50,553.500007
-19.03459,50,553.546162
-7.661743,50,553.593256
-8.246672,50,553.645011
-11.75885,50,553.685776
-16.097278,50,553.725974
-14.775178,50,553.767012
-13.167247,50,553.809451
-10.514808,50,553.850112
-10.900694,50,553.899116
-7.599095,50,553.950946
-7.892002,50,554.001425
-19.777469,50,554.051553
-19.59135,50,554.096038
-13.145041,50,554.13397
-16.005128,50,554.170175
-10.960856,50,554.201935
-8.442032,50,554.240221
-7.25989,50,554.285238
-11.925046,50,554.33685
-8.650144,50,554.395389
-16.834006,50,554.450336
-13.197336,50,554.511742
-11.603406,50,554.570209
-7.047254,50,554.623548
-17.624442,50,554.686099
-10.131865,50,554.744953
-8.166197,50,554.805521
-18.305109,50,554.857157
-14.28994,50,554.915937
-10.748916,50,554.969917
-8.981563,50,555.026498
-17.813857,50,555.079504
-15.810417,50,555.117362
-8.807482,50,555.152013
-8.50969,50,555.632675
-16.445286,50,555.69088
-13.155608,50,555.74194
-17.966877,50,555.80065
-14.745887,50,555.853181
-12.753847,50,555.917576
-10.143529,50,555.973412
-9.185314,50,556.030834
-13.336093,50,556.087539
-9.929035,50,556.130885
-10.370075,50,556.1738
-7.751117,50,556.212301
-6.775413,50,556.254082
-7.811431,50,556.291467
-8.546694,50,556.347329
-7.509025,50,556.389377
-13.512192,50,556.435663
-18.300143,50,556.493825
-6.579399,50,556.537394
-14.099673,50,556.574486
-7.073189,50,556.631274
-15.953361,50,556.687757
-15.527749,50,556.748527
-7.513014,50,556.803041
-14.797777,50,556.860646
-16.360883,50,556.914579
-8.960509,50,556.95569
-10.822937,50,557.00441
-9.811718,50,557.062743
-5.806514,50,557.105314
-8.475103,50,557.169623
-6.067123,50,557.22334
-9.024856,50,557.261938
-13.562578,50,557.315508
-8.20358,50,557.360747
-14.059325,50,557.418594
-12.119209,50,557.467829
-18.617263,50,557.525325
-8.857397,50,557.57334
-14.248314,50,557.624228
-13.281947,50,557.68302
-5.869946,50,558.16583
-12.670876,50,558.223176
-8.335243,50,558.281284
-8.529672,50,558.337102
-8.994866,50,558.382294
-9.703149,50,558.444526
-10.028055,50,558.491286
-9.005036,50,558.538821
-17.986846,50,558.587487
-9.561404,50,558.64621
-7.33868,50,558.70852
-16.869863,50,558.764168
-8.540107,50,558.820763
-8.581213,50,558.876131
-14.271239,50,558.933428
-16.981196,50,558.989297
-11.115945,50,559.049406
-15.374236,50,559.108832
-7.685833,50,559.164693
-13.08181,50,559.220192
-7.905641,50,559.267745
-9.157419,50,559.308914
-14.139929,50,559.360675
-17.408919,50,559.403391
-15.990889,50,559.453176
-7.445771,50,559.505974
-12.832191,50,559.56097
-12.711405,50,559.612581
-8.113297,50,559.67492
-7.160926,50,559.727631
-10.641067,50,559.785327
-14.788294,50,559.842447
-9.409324,50,559.898547
-19.850561,50,559.958296
-8.338146,50,560.014352
-16.709223,50,560.072241
-8.263531,50,560.126748
-15.454659,50,560.182825
-15.958183,50,560.222935
-13.756235,50,560.26863
-11.093559,50,560.320504
-7.900656,50,560.818133
-14.423827,50,560.870822
-10.537121,50,560.928466
-11.68967,50,560.981863
-10.378118,50,561.042703
-10.527064,50,561.09296
-11.456981,50,561.151946
-14.028336,50,561.202943
-8.939699,50,561.266357
-5.873012,50,561.322052
-17.171205,50,561.378245
-17.753935,50,561.43441
-17.513155,50,561.492238
-10.356747,50,561.540402
-8.447577,50,561.573753
-11.312138,50,561.628695
-9.072822,50,561.665212
-17.347061,50,561.724772
-13.601031,50,561.765258
-7.458694,50,561.822811
-16.259404,50,561.887089
-17.187033,50,561.942175
-9.196569,50,561.998911
-14.727544,50,562.059843
-9.179144,50,562.115131
-8.884231,50,562.171308
-11.252136,50,562.229632
-6.096595,50,562.28251
-15.478436,50,562.345832
-8.051138,50,562.391344
-11.823203,50,562.425728
-8.249018,50,562.474962
-8.143006,50,562.51028
-6.043439,50,562.552229
-19.146919,50,562.599941
-15.915633,50,562.644422
-8.452118,50,562.689852
-17.101912,50,562.748872
-18.193775,50,562.808154
-14.54606,50,562.862014
-14.267184,50,562.920962
-20.050001,50,563.381399
-14.123731,50,563.441969
-9.094354,50,563.504168
-10.632522,50,563.56501
-7.188082,50,563.617304
-9.237019,50,563.662203
-9.318634,50,563.72402
-12.796388,50,563.761928
-16.445889,50,563.819389
-15.756625,50,563.87443
-10.779697,50,563.936227
-7.699042,50,563.987007
-9.805948,50,564.048646
-11.293406,50,564.103503
-6.270286,50,564.163327
-13.418411,50,564.219984
-8.508366,50,564.275658
-8.754445,50,564.316001
-9.032519,50,564.351383
-17.198532,50,564.403269
-11.855107,50,564.443869
-6.539534,50,564.502978
-18.973809,50,564.543474
-10.026777,50,564.588341
-12.220179,50,564.647294
-15.798534,50,564.691341
-7.782035,50,564.745226
-12.413473,50,564.805927
-9.957229,50,564.857637
-19.377695,50,564.915942
-10.276436,50,564.969575
-9.932499,50,565.026517
-7.154464,50,565.081943
-9.872507,50,565.134699
-9.021222,50,565.179056
-11.196998,50,565.221365
-15.451216,50,565.259515
-7.689327,50,565.295253
-11.286814,50,565.335212
-13.128067,50,565.381384
-6.325755,50,565.428901
-17.09797,50,565.887935
-8.432009,50,565.947919
-9.620109,50,566.005005
-7.002093,50,566.059265
-8.865666,50,566.113992
-5.441286,50,566.171658
-8.560228,50,566.226493
-7.761784,50,566.278386
-7.412286,50,566.336477
-7.283563,50,566.381587
-7.224777,50,566.436224
-13.009252,50,566.485942
-15.90291,50,566.531093
-11.591163,50,566.58427
-13.781022,50,566.619739
-10.830499,50,566.672555
-11.949212,50,566.732572
-8.450241,50,566.769829
-9.107886,50,566.837273
-12.892316,50,566.890552
-10.857111,50,566.949179
-7.347089,50,567.005503
-13.132287,50,567.068529
-9.966992,50,567.133041
-11.965553,50,567.190469
-15.675323,50,567.254226
-6.250276,50,567.311929
-9.252681,50,567.367733
-13.542326,50,567.428563
-9.681277,50,567.487386
-11.180128,50,567.530767
-17.902046,50,567.578612
-7.514884,50,567.616193
-6.257111,50,567.661634
-12.150862,50,567.71797
-9.078159,50,567.774714
-7.376092,50,567.813054
-12.168571,50,567.856247
-5.089484,50,567.897193
-19.169323,50,567.959808
-16.083797,50,568.014408
-8.929066,50,568.484508
-12.417418,50,568.539177
-9.959048,50,568.581651
-9.788273,50,568.638608
-15.078233,50,568.685051
-7.797299,50,568.741091
-13.622758,50,568.802995
-14.020889,50,568.853812
-8.120328,50,568.911133
-6.447371,50,568.968607
-6.086508,50,569.02526
-9.073579,50,569.086078
-8.118114,50,569.143248
-14.435927,50,569.196628
-5.754584,50,569.258082
-19.244383,50,569.31001
-11.839075,50,569.370207
-20.126138,50,569.430496
-11.676162,50,569.480859
-16.775464,50,569.526914
-8.691488,50,569.566101
-15.331754,50,569.627145
-18.196074,50,569.678906
-8.695775,50,569.724057
-16.70523,50,569.760146
-15.945993,50,569.792423
-10.956542,50,569.850442
-19.221903,50,569.902482
-17.009014,50,569.962279
-8.009431,50,570.010275
-9.374915,50,570.069982
-17.263483,50,570.135887
-18.497751,50,570.202636
-9.023999,50,570.264119
-16.085252,50,570.330213
-9.216535,50,570.385577
-6.528646,50,570.438542
-11.640689,50,570.492666
-8.839123,50,570.551079
-8.157692,50,570.606947
-11.686927,50,571.147812
-9.358035,50,571.212829
-17.29504,50,571.271782
-9.434795,50,571.32671
-18.475707,50,571.381293
-19.418077,50,571.449228
-16.130575,50,571.513462
-12.593288,50,571.565265
-8.424278,50,571.61504
-8.757759,50,571.65751
-17.284673,50,571.710019
-19.764853,50,571.764451
-15.985107,50,571.799921
-20.028851,50,571.849159
-5.900617,50,571.903527
-9.990273,50,571.957907
-20.210096,50,572.012427
-4.725122,50,572.052512
-11.943376,50,572.104271
-7.176845,50,572.164799
-8.913988,50,572.235924
-7.995191,50,572.297585
-8.252583,50,572.362145
-17.878577,50,572.420292
-5.592802,50,572.48162
-8.54275,50,572.533796
-19.81385,50,572.586793
-10.892011,50,572.64172
-8.912804,50,572.70504
-15.730002,50,572.75753
-12.031295,50,572.812036
-8.556868,50,572.867849
-16.333151,50,572.916987
-8.449086,50,572.960983
-16.672054,50,573.017399
-12.608564,50,573.064562
-5.647823,50,573.123746
-14.014455,50,573.169089
-19.504714,50,573.22593
-15.723744,50,573.285784
-8.515166,50,573.344979
-8.047509,50,573.864552
-9.42586,50,573.924512
-14.003235,50,573.981036
-12.077486,50,574.036807
-8.180877,50,574.088517
-11.845308,50,574.137084
-9.042473,50,574.188274
-7.886694,50,574.246458
-10.502252,50,574.31641
-11.044386,50,574.380075
-16.160498,50,574.441304
-11.169019,50,574.501785
-6.36635,50,574.565739
-10.535658,50,574.626487
-17.015704,50,574.689478
-11.653784,50,574.747236
-13.029762,50,574.798704
-9.102535,50,574.861919
-7.700063,50,574.920712
-11.196287,50,574.958095
-10.485083,50,575.009057
-16.616873,50,575.05746
-9.55973,50,575.112035
-8.335007,50,575.165761
-13.745483,50,575.222893
-13.906195,50,575.275507
-10.036636,50,575.323064
-11.773344,50,575.370581
-11.538056,50,575.420775
-10.688579,50,575.467042
-9.570603,50,575.519356
-19.693739,50,575.579092
-13.751661,50,575.625912
-16.170102,50,575.669854
-6.957164,50,575.729015
-7.24896,50,575.788054
-10.469694,50,575.843259
-12.650026,50,575.884805
-10.013738,50,575.932548
-9.017471,50,575.974677
-11.563903,50,576.017207
-12.844136,50,576.512064
-8.139145,50,576.577436
-7.554854,50,576.636968
-13.169815,50,576.693076
-5.9492,50,576.743869
-10.190941,50,576.785939
-11.345946,50,576.845012
-9.350055,50,576.887378
-9.766353,50,576.929973
-19.064069,50,576.974308
-7.515866,50,577.03157
-11.544346,50,577.070905
-6.888307,50,577.122802
-10.258697,50,577.175971
-12.212369,50,577.226249
-9.110693,50,577.281296
-8.495463,50,577.326511
-9.754974,50,577.377181
-9.917725,50,577.42361
-14.880069,50,577.467472
-8.815773,50,577.516593
-16.018762,50,577.571917
-15.493909,50,577.628849
-6.144957,50,577.686038
-12.12864,50,577.736419
-7.403899,50,577.787564
-11.486263,50,577.834747
-9.018015,50,577.881763
-8.361602,50,577.936568
-5.594452,50,577.984741
-17.153874,50,578.046863
-7.946209,50,578.10079
-8.089761,50,578.152992
-17.568878,50,578.185626
-18.914278,50,578.226572
-11.842222,50,578.283536
-10.816097,50,578.330693
-9.420201,50,578.379602
-5.161533,50,578.432766
-9.52663,50,578.469034
-7.949648,50,578.506602
-13.187476,50,579.032855
-5.474363,50,579.08618
-16.023137,50,579.132038
-12.672624,50,579.182207
-9.635611,50,579.239446
-13.550892,50,579.302572
-5.634454,50,579.363631
-16.100493,50,579.415323
-9.416252,50,579.458953
-7.960176,50,579.520087
-14.160966,50,579.573159
-9.260488,50,579.62768
-7.944297,50,579.670659
-17.505412,50,579.708744
-13.076268,50,579.760241
-14.889508,50,579.813536
-17.803527,50,579.856062
-12.811653,50,579.904908
-15.526633,50,579.962732
-13.376876,50,580.020755
-13.600509,50,580.078897
-13.216382,50,580.149332
-9.6599,50,580.194365
-10.209258,50,580.231069
-7.786566,50,580.283541
-13.072417,50,580.332574
-16.827746,50,580.386813
-8.068495,50,580.431189
-6.956494,50,580.466605
-12.592976,50,580.50476
-12.153263,50,580.547736
-7.055885,50,580.592089
-17.705672,50,580.658076
-5.930285,50,580.715424
-13.391526,50,580.771415
-16.477973,50,580.820961
-8.139937,50,580.879364
-6.220293,50,580.930532
-12.47078,50,580.979388
-6.913233,50,581.024055
-10.355877,50,581.059196
-12.379516,50,581.55707
-9.678364,50,581.606626
-9.197146,50,581.66893
-15.008567,50,581.729796
-8.792103,50,581.796798
-15.183005,50,581.853226
-11.306585,50,581.914079
-7.552651,50,581.963952
-13.680432,50,582.018192
-11.801655,50,582.059687
-8.088926,50,582.106059
-7.410078,50,582.139398
-9.383341,50,582.184938
-15.825534,50,582.243502
-11.118569,50,582.294238
-16.794467,50,582.36214
-12.408088,50,582.416897
-8.906755,50,582.478411
-6.21496,50,582.523192
-5.571372,50,582.584969
-8.928394,50,582.646409
-9.28794,50,582.707383
-9.958464,50,582.76584
-10.496697,50,582.815463
-10.487225,50,582.87672
-8.688746,50,582.929947
-8.296246,50,582.985879
-5.879251,50,583.029845
-12.40231,50,583.080693
-15.269463,50,583.126575
-10.647356,50,583.162386
-18.992616,50,583.197781
-7.897851,50,583.237826
-6.35098,50,583.285562
-19.812801,50,583.346081
-8.290946,50,583.393663
-7.112724,50,583.452393
-5.495746,50,583.487883
-16.882995,50,583.532889
-10.810711,50,583.590179
-10.46995,50,583.644183
-8.486384,50,584.146077
-13.150928,50,584.196677
-9.502294,50,584.239199
-8.523206,50,584.284573
-15.260538,50,584.335272
-8.25049,50,584.383842
-17.474783,50,584.425454
-14.747195,50,584.473896
-16.917381,50,584.522087
-8.182843,50,584.57813
-9.562908,50,584.632737
-9.477632,50,584.685676
-6.200895,50,584.745508
-8.214055,50,584.793962
-8.049791,50,584.844523
-15.782137,50,584.887405
-14.611602,50,584.944163
-14.491032,50,584.987447
-11.796953,50,585.052806
-7.409549,50,585.098265
-8.878572,50,585.149693
-11.951175,50,585.196359
-7.904672,50,585.241238
-5.802709,50,585.28977
-7.116096,50,585.336141
-19.560463,50,585.386525
-12.600693,50,585.443286
-6.893027,50,585.489343
-16.394069,50,585.536927
-9.124792,50,585.582947
-10.66678,50,585.643174
-8.454069,50,585.704551
-6.703644,50,585.7601
-6.55056,50,585.801892
-11.725601,50,585.84107
-14.001988,50,585.877535
-16.247822,50,585.926509
-11.175705,50,585.983461
-6.6522,50,586.033648
-17.765279,50,586.088681
-19.06814,50,586.121042
-16.486215,50,586.577651
-9.08384,50,586.639116
-9.77768,50,586.686538
-7.101274,50,586.729343
-14.004167,50,586.783455
-9.107818,50,586.824898
-9.119695,50,586.880541
-9.301286,50,586.927167
-8.291013,50,586.973344
-13.285476,50,587.016288
-10.493174,50,587.061629
-17.040277,50,587.120403
-7.49198,50,587.161097
-7.023757,50,587.216675
-4.885595,50,587.261572
-12.854032,50,587.307162
-8.436445,50,587.352568
-13.753122,50,587.397258
-11.573687,50,587.441907
-16.957549,50,587.488615
-6.680858,50,587.526955
-6.405999,50,587.575473
-8.24843,50,587.633384
-11.682747,50,587.691306
-10.607917,50,587.749712
-10.611786,50,587.800935
-19.441916,50,587.846931
-10.619253,50,587.904099
-10.436325,50,587.956768
-9.252945,50,587.992444
-13.869232,50,588.039534
-11.008527,50,588.075401
-17.861941,50,588.107312
-17.48907,50,588.141332
-14.777998,50,588.181085
-7.707763,50,588.237905
-13.383671,50,588.273664
-11.509124,50,588.314059
-10.731384,50,588.350497
-7.816343,50,588.402239
-13.831834,50,588.456135
-8.99913,50,588.942537
-15.052772,50,589.003069
-9.855644,50,589.0583
-16.435179,50,589.114361
-18.973916,50,589.175505
-8.757151,50,589.230525
-5.901535,50,589.287466
-15.800336,50,589.340827
-9.846768,50,589.398344
-8.750546,50,589.438138
-12.927178,50,589.493254
-12.229135,50,589.538289
-10.532042,50,589.585829
-6.137984,50,589.634102
-8.35508,50,589.683045
-17.484261,50,589.726867
-12.608313,50,589.76523
-15.465178,50,589.813789
-8.740495,50,589.867219
-7.668486,50,589.916992
-8.099585,50,589.973804
-15.123254,50,590.027193
-8.42831,50,590.08594
-18.356814,50,590.140212
-8.213568,50,590.190554
-11.497677,50,590.247919
-11.197135,50,590.304569
-14.032664,50,590.360701
-7.018907,50,590.406101
-13.476618,50,590.454123
-10.334856,50,590.490881
-8.473028,50,590.544989
-10.112523,50,590.608114
-6.100482,50,590.651659
-13.291445,50,590.69527
-16.604255,50,590.740776
-12.846627,50,590.795775
-14.54197,50,590.84655
-9.210387,50,590.902828
-6.812505,50,590.959168
-17.94365,50,591.010576
-17.358396,50,591.511489
-8.002097,50,591.56551
-10.112084,50,591.607597
-8.675806,50,591.657416
-16.492401,50,591.701932
-6.738687,50,591.745133
-17.333539,50,591.794461
-12.524367,50,591.846689
-7.06705,50,591.885488
-8.571899,50,591.932797
-7.367333,50,591.995985
-8.900767,50,592.05171
-13.606993,50,592.112628
-10.697688,50,592.168372
-15.111372,50,592.23034
-11.784315,50,592.278109
-5.340792,50,592.325485
-11.688807,50,592.378535
-18.381965,50,592.429191
-8.045873,50,592.48246
-15.405587,50,592.535099
-18.683786,50,592.581599
-13.681135,50,592.618698
-7.443651,50,592.673082
-12.092236,50,592.722791
-14.490462,50,592.781756
-10.645299,50,592.836283
-7.715821,50,592.877091
-10.437717,50,592.912131
-9.488121,50,592.971497
-10.478967,50,593.02736
-17.090671,50,593.085206
-8.6495,50,593.133582
-15.930662,50,593.186559
-13.921591,50,593.238933
-15.473527,50,593.294553
-17.65015,50,593.337876
-7.414189,50,593.393997
-18.723651,50,593.451001
-11.592063,50,593.500262
-15.711886,50,593.55176
-7.699725,50,594.053875
-16.668992,50,594.111113
-9.652566,50,594.16522
-17.67082,50,594.222794
-9.473679,50,594.275185
-8.736395,50,594.328533
-10.21478,50,594.377736
-10.514581,50,594.430827
-7.746101,50,594.480054
-8.061849,50,594.527792
-12.371508,50,594.580371
-13.312484,50,594.624884
-14.348445,50,594.679375
-16.510059,50,594.724535
-15.763588,50,594.771329
-15.687217,50,594.820253
-19.519981,50,594.878819
-14.468325,50,594.919232
-16.839757,50,594.968044
-8.099869,50,595.021092
-15.954991,50,595.077961
-13.175605,50,595.139219
-18.278868,50,595.200105
-17.235161,50,595.258014
-7.915073,50,595.317861
-7.969831,50,595.375454
-10.470774,50,595.434726
-11.553019,50,595.4923
-9.580324,50,595.546608
-14.702755,50,595.608708
-10.431143,50,595.664319
-10.633275,50,595.725537
-8.885604,50,595.778669
-11.774769,50,595.834595
-6.387608,50,595.887483
-8.778818,50,595.945059
-14.320601,50,595.996429
-5.806399,50,596.060452
-7.934451,50,596.12125
-7.718878,50,596.182225
-7.87899,50,596.237772
-8.844138,50,596.75017
-7.809366,50,596.813757
-8.972836,50,596.870854
-9.750681,50,596.923954
-5.723341,50,596.979287
-13.92306,50,597.031199
-5.357585,50,597.088735
-19.683767,50,597.143753
-7.004825,50,597.209406
-8.821312,50,597.269072
-7.191224,50,597.328754
-13.565539,50,597.381277
-9.402553,50,597.43269
-10.514069,50,597.487609
-16.808589,50,597.541943
-13.316692,50,597.602632
-8.922749,50,597.646915
-15.876684,50,597.699314
-13.395639,50,597.763851
-9.651208,50,597.810651
-8.752195,50,597.851759
-17.136188,50,597.918109
-8.717831,50,597.971605
-7.606523,50,598.020865
-15.356105,50,598.073399
-9.034808,50,598.141895
-16.045457,50,598.190496
-10.805927,50,598.244847
-7.576759,50,598.297414
-9.375252,50,598.342055
-12.129036,50,598.388792
-9.336043,50,598.444258
-14.817513,50,598.502973
-6.293666,50,598.552624
-12.780844,50,598.606485
-11.46721,50,598.66683
-8.501035,50,598.722493
-15.289646,50,598.762224
-6.078586,50,598.816416
-7.878453,50,598.870043
-6.936692,50,598.915948
-10.900601,50,599.413642
-10.995061,50,599.471832
-15.550485,50,599.532506
-10.012476,50,599.595956
-7.999176,50,599.654349
-8.686704,50,599.718492
-18.180081,50,599.773506
-8.562598,50,599.837119
-11.231815,50,599.887892
-7.198003,50,599.945982
-10.892154,50,599.989677
-6.559539,50,600.04616
-6.7092,50,600.098219
-16.910756,50,600.150701
-11.983581,50,600.200198
-8.614734,50,600.256735
-11.673353,50,600.312888
-17.24662,50,600.352634
-7.230006,50,600.389294
-16.602784,50,600.445375
-10.022198,50,600.490262
-11.453353,50,600.541997
-14.681714,50,600.592913
-13.270903,50,600.65528
-7.222494,50,600.704618
-13.751458,50,600.762076
-7.964121,50,600.814972
-8.553384,50,600.884609
-12.653804,50,600.938427
-14.489164,50,600.987968
-9.399801,50,601.038933
-11.520774,50,601.085161
-8.504053,50,601.145101
-12.970473,50,601.191858
-17.431037,50,601.23986
-12.627099,50,601.277102
-13.418471,50,601.324233
-15.285017,50,601.37272
-12.361786,50,601.436173
-11.904285,50,601.48755
-11.114036,50,601.540867
-20.121733,50,602.015149
-10.944856,50,602.053828
-17.854931,50,602.101161
-6.488381,50,602.143193
-10.425442,50,602.191641
-8.892304,50,602.249436
-13.899201,50,602.291207
-7.626781,50,602.348478
-15.4972,50,602.408007
-12.873464,50,602.460358
-15.532109,50,602.515394
-9.301885,50,602.560709
-9.280379,50,602.610536
-7.01594,50,602.654519
-15.980843,50,602.697539
-16.823152,50,602.752201
-8.544389,50,602.808315
-9.913235,50,602.861407
-9.528336,50,602.89305
-11.009993,50,602.928568
-11.608029,50,602.967131
-5.936366,50,603.015839
-8.275468,50,603.065461
-9.336839,50,603.112667
-8.967851,50,603.158521
-10.874754,50,603.22537
-16.204732,50,603.279084
-14.821782,50,603.321871
-15.038665,50,603.380489
-7.687057,50,603.437291
-8.061092,50,603.490254
-9.973989,50,603.545943
-11.630116,50,603.599113
-13.032783,50,603.652921
-15.823263,50,603.698183
-14.45401,50,603.740771
-15.417608,50,603.792619
-7.765879,50,603.844247
-5.447413,50,603.879554
-8.240616,50,603.915472
-6.798147,50,603.963809
-13.910292,50,604.435007
-15.961998,50,604.492343
-6.055676,50,604.548817
-11.564819,50,604.611367
-15.338888,50,604.671498
-9.877936,50,604.709164
-7.032141,50,604.767045
-13.923481,50,604.81654
-14.817425,50,604.873802
-5.433774,50,604.925139
-5.04324,50,604.968473
-18.824307,50,605.026694
-15.825426,50,605.077171
-17.143973,50,605.129582
-12.716746,50,605.172265
-16.295293,50,605.226039
-12.846288,50,605.285303
-5.331907,50,605.324735
-7.26573,50,605.37067
-13.824558,50,605.431216
-8.341006,50,605.479894
-10.934931,50,605.540457
-9.081348,50,605.599251
-11.700857,50,605.65737
-7.124754,50,605.713255
-13.842377,50,605.777519
-9.428623,50,605.815547
-11.236426,50,605.854526
-10.810907,50,605.906246
-9.845405,50,605.94287
-9.574453,50,605.97536
-8.414175,50,606.009256
-7.281935,50,606.067717
-8.564875,50,606.122476
-11.069933,50,606.180614
-11.939421,50,606.225266
-5.838844,50,606.263886
-16.97535,50,606.29923
-13.603327,50,606.331941
-6.825979,50,606.373147
-9.705721,50,606.431192
-11.239762,50,606.901456
-12.23892,50,606.96172
-14.949545,50,607.021278
-8.621682,50,607.0801
-12.899147,50,607.143797
-18.109182,50,607.198376
-10.824305,50,607.258047
-12.825574,50,607.307268
-5.817714,50,607.362924
-11.362976,50,607.424328
-5.374941,50,607.48648
-12.37779,50,607.552363
-13.522914,50,607.604076
-14.699197,50,607.668632
-4.568674,50,607.729767
-12.867657,50,607.795292
-8.811144,50,607.84848
-6.828216,50,607.908569
-14.120732,50,607.972287
-15.182103,50,608.037479
-6.954152,50,608.105119
-19.152968,50,608.171888
-11.565288,50,608.234265
-5.293844,50,608.295365
-11.951724,50,608.35207
-6.270989,50,608.411577
-7.307811,50,608.467406
-13.744051,50,608.536284
-16.625369,50,608.602695
-9.030212,50,608.661421
-14.605212,50,608.711559
-17.02094,50,608.765868
-8.794279,50,608.824823
-13.522368,50,608.864692
-9.37146,50,608.911315
-9.931181,50,608.964395
-15.13644,50,609.015795
-17.424775,50,609.071992
-6.781706,50,609.126023
-7.71907,50,609.193528
-16.559538,50,609.257531
-7.752236,50,609.760434
-6.112461,50,609.814108
-10.793989,50,609.859722
-4.894604,50,609.916647
-8.047672,50,609.962703
-7.04847,50,610.015888
-19.314555,50,610.074693
-6.729185,50,610.133965
-13.815696,50,610.194574
-6.824577,50,610.247355
-12.217803,50,610.281439
-12.550562,50,610.341815
-8.892257,50,610.395899
-15.617467,50,610.456368
-8.149882,50,610.521284
-13.043941,50,610.569289
-11.827391,50,610.603464
-8.553069,50,610.654215
-9.762565,50,610.715332
-6.078772,50,610.777031
-7.625985,50,610.838898
-17.041937,50,610.886174
-10.610704,50,610.935447
-16.954131,50,610.980922
-7.648359,50,611.023584
-12.404743,50,611.06495
-17.632719,50,611.102665
-12.839796,50,611.14535
-17.614571,50,611.189844
-17.71708,50,611.233993
-9.282797,50,611.271967
-7.886533,50,611.33375
-8.657517,50,611.385584
-12.763,50,611.440287
-9.195192,50,611.495329
-18.025066,50,611.543417
-8.52071,50,611.580519
-15.905887,50,611.616915
-12.922356,50,611.658744
-10.820203,50,611.707578
-14.737152,50,611.761924
-6.006929,50,612.24711
-8.564283,50,612.302809
-17.31002,50,612.358242
-18.418049,50,612.413763
-6.535735,50,612.464333
-8.451508,50,612.515548
-8.689179,50,612.561851
-5.79944,50,612.603143
-10.535004,50,612.656219
-7.827428,50,612.705471
-16.214606,50,612.748973
-16.939313,50,612.799063
-8.958955,50,612.853675
-7.705073,50,612.90479
-7.049493,50,612.964348
-9.753219,50,613.010492
-6.220864,50,613.067831
-6.991419,50,613.127154
-14.288423,50,613.163528
-6.964417,50,613.227316
-12.976615,50,613.279329
-9.011203,50,613.325076
-12.926242,50,613.362655
-9.330083,50,613.413913
-14.151062,50,613.46717
-10.470279,50,613.510437
-20.119888,50,613.552043
-4.571976,50,613.603541
-6.527921,50,613.651095
-8.655056,50,613.704734
-12.390338,50,613.757571
-7.071737,50,613.800375
-7.259507,50,613.845434
-4.665525,50,613.890893
-13.743649,50,613.929818
-7.360897,50,613.974629
-15.333173,50,614.028367
-8.706738,50,614.075271
-8.577931,50,614.116204
-10.217859,50,614.162206
-8.807857,50,614.204257
-15.019132,50,614.6626
-11.286065,50,614.719304
-7.34591,50,614.759702
-7.022905,50,614.820478
-8.806807,50,614.864717
-7.162425,50,614.92597
-9.48774,50,614.986307
-14.941489,50,615.040726
-7.87761,50,615.099449
-12.518888,50,615.157222
-6.91339,50,615.218563
-8.226229,50,615.260916
-17.893116,50,615.292676
-12.07368,50,615.335459
-16.213719,50,615.378629
-10.583311,50,615.436754
-7.220699,50,615.475192
-18.02975,50,615.521637
-15.058953,50,615.571531
-9.367094,50,615.627985
-6.110622,50,615.678897
-6.51687,50,615.73155
-8.539059,50,615.783056
-15.854069,50,615.839052
-7.943196,50,615.895427
-11.84708,50,615.951367
-8.584355,50,616.015263
-8.891498,50,616.072544
-8.459966,50,616.114872
-7.473937,50,616.163542
-9.789088,50,616.227156
-9.677596,50,616.279417
-6.719488,50,616.322469
-7.075198,50,616.369692
-15.909911,50,616.412882
-5.659024,50,616.463529
-7.239758,50,616.515624
-10.96631,50,616.565935
-16.554898,50,616.620145
-7.778723,50,616.683639
-10.265809,50,616.718843
-9.845988,50,617.184149
-5.718546,50,617.240814
-13.259453,50,617.301448
-9.925419,50,617.357683
-8.243,50,617.412439
-14.194235,50,617.46327
-5.915757,50,617.499918
-12.122574,50,617.541649
-16.934434,50,617.581341
-9.922072,50,617.629769
-5.138312,50,617.665337
-12.022352,50,617.729907
-18.651586,50,617.786981
-7.78022,50,617.829282
-7.966903,50,617.868111
-17.808744,50,617.917179
-10.28591,50,617.977572
-6.551696,50,618.018772
-18.519021,50,618.073998
-17.445313,50,618.116429
-11.905156,50,618.179013
-14.616756,50,618.245358
-9.661785,50,618.304318
-17.936078,50,618.368405
-11.016742,50,618.421292
-17.518222,50,618.471962
-11.517213,50,618.533223
-10.929708,50,618.577734
-16.575135,50,618.610461
-14.405983,50,618.657837
-15.605277,50,618.711238
-8.061279,50,618.763129
-17.66139,50,618.810134
-6.992868,50,618.87018
-14.787292,50,618.909477
-8.880041,50,618.971536
-5.52762,50,619.024021
-8.780912,50,619.083538
-6.559727,50,619.139099
-15.675043,50,619.188916
-16.471194,50,619.247033
-7.926569,50,619.7452
-16.503539,50,619.802183
-7.362798,50,619.859833
-8.946452,50,619.914139
-6.175419,50,619.963925
-4.767457,50,620.024029
-10.367173,50,620.058727
-15.151247,50,620.107615
-10.99222,50,620.156219
-11.057203,50,620.218254
-16.248074,50,620.273305
-7.88189,50,620.327235
-14.777817,50,620.382968
-11.984839,50,620.435697
-5.529989,50,620.494346
-9.216231,50,620.544123
-13.196435,50,620.600298
-14.62901,50,620.640396
-11.152138,50,620.682286
-8.131507,50,620.733527
-8.97633,50,620.766853
-18.742765,50,620.824099
-9.604132,50,620.867401
-8.793629,50,620.907786
-9.574177,50,620.953652
-7.986526,50,620.993936
-8.814611,50,621.040521
-7.827634,50,621.094109
-15.35091,50,621.141646
-9.643659,50,621.205668
-7.434173,50,621.258715
-8.633134,50,621.298353
-13.099031,50,621.335341
-7.633583,50,621.370744
-5.834065,50,621.403504
-13.422224,50,621.435999
-12.010776,50,621.481436
-16.728804,50,621.517407
-8.244402,50,621.566228
-12.479858,50,621.613902
-9.439071,50,621.66567
-14.252356,50,622.117871
-15.565802,50,622.166845
-6.335644,50,622.231862
-17.777477,50,622.291401
-8.583494,50,622.340285
-15.721309,50,622.378468
-6.282083,50,622.422948
-11.090149,50,622.467755
-8.526579,50,622.517521
-15.577761,50,622.556069
-13.618751,50,622.605121
-9.829596,50,622.653251
-15.125238,50,622.707623
-7.732775,50,622.758562
-7.567782,50,622.805847
-13.400843,50,622.850141
-6.257787,50,622.881366
-13.36225,50,622.936481
-11.244235,50,622.988882
-12.49225,50,623.042464
-9.373147,50,623.091193
-13.514613,50,623.140293
-5.408602,50,623.191445
-9.860948,50,623.248602
-8.205233,50,623.307307
-5.308601,50,623.359937
-16.139984,50,623.419471
-7.952388,50,623.455203
-10.480219,50,623.506457
-5.790912,50,623.540027
-17.941525,50,623.573473
-10.422005,50,623.608325
-13.156894,50,623.641936
-9.059651,50,623.675644
-9.249811,50,623.708773
-8.571772,50,623.741726
-6.480679,50,623.774324
-13.929381,50,623.8072
-16.940497,50,623.862897
-14.921768,50,623.9115
-10.582825,50,623.969308
-14.711192,50,624.476333
-16.497285,50,624.536294
-16.097171,50,624.590706
-14.164852,50,624.644449
-5.052267,50,624.701102
-9.231853,50,624.751539
-19.933695,50,624.789946
-15.566895,50,624.841578
-7.132599,50,624.875675
-11.354501,50,624.911874
-4.612484,50,624.951102
-14.2735,50,625.00954
-13.031638,50,625.05175
-15.164795,50,625.106378
-8.811359,50,625.16135
-8.966117,50,625.223331
-7.611404,50,625.287875
-8.23613,50,625.352977
-7.537484,50,625.409834
-15.650351,50,625.472021
-8.957331,50,625.536186
-13.801601,50,625.601839
-13.801634,50,625.655335
-12.235019,50,625.711329
-8.905609,50,625.775356
-13.042706,50,625.83532
-10.018855,50,625.893984
-14.336606,50,625.95658
-18.482311,50,626.003194
-7.051537,50,626.055397
-8.624191,50,626.117674
-10.910648,50,626.171586
-9.136522,50,626.230122
-13.188473,50,626.279656
-10.653188,50,626.317781
-8.809961,50,626.362186
-9.714569,50,626.400252
-9.270996,50,626.458451
-7.287293,50,626.513643
-19.22014,50,626.564719
-12.203354,50,626.611864
-10.241558,50,627.167268
-16.731696,50,627.229491
-14.08227,50,627.284749
-15.762536,50,627.326314
-6.175638,50,627.363874
-8.432427,50,627.402507
-12.800987,50,627.443353
-13.943321,50,627.505769
-9.07798,50,627.563002
-11.125157,50,627.617762
-8.776553,50,627.675075
-11.302054,50,627.734245
-12.338263,50,627.794925
-16.882479,50,627.843427
-13.123268,50,627.879941
-16.747873,50,627.922235
-5.554924,50,627.954977
-13.690468,50,627.999414
-4.503257,50,628.044202
-9.003359,50,628.107239
-4.869685,50,628.157031
-11.306148,50,628.22076
-8.238657,50,628.280236
-13.460185,50,628.329761
-5.399039,50,628.382527
-8.372526,50,628.417593
-5.779509,50,628.477973
-6.553956,50,628.534205
-10.599737,50,628.601519
-11.565659,50,628.661032
-7.169392,50,628.728803
-8.84258,50,628.792251
-16.200579,50,628.852961
-7.900086,50,628.91047
-12.343231,50,628.972534
-7.190293,50,629.025241
-16.952715,50,629.089384
-6.460713,50,629.144279
-10.034848,50,629.205492
-6.557659,50,629.269284
-8.027351,50,629.326788
-10.175763,50,629.845962
-7.678233,50,629.90441
-6.827786,50,629.959233
-7.031518,50,630.023927
-10.535042,50,630.089914
-9.468798,50,630.145646
-17.939885,50,630.204065
-15.838643,50,630.268302
-8.798566,50,630.326095
-14.248161,50,630.383106
-11.030257,50,630.441217
-8.640089,50,630.509607
-10.856596,50,630.574525
-11.84426,50,630.640215
-7.221756,50,630.700658
-10.669342,50,630.764409
-7.709505,50,630.810775
-9.697602,50,630.87742
-11.961388,50,630.930614
-17.768458,50,630.982874
-8.067864,50,631.036976
-8.885591,50,631.091956
-10.255095,50,631.142242
-16.221029,50,631.194568
-5.054649,50,631.231203
-13.728906,50,631.282944
-6.963223,50,631.322837
-6.128631,50,631.382584
-17.698186,50,631.430693
-15.391223,50,631.475305
-18.489983,50,631.530621
-8.98307,50,631.585742
-17.930644,50,631.628274
-8.069734,50,631.663066
-8.089038,50,631.697597
-7.296769,50,631.743523
-10.54139,50,631.795014
-15.894872,50,631.84796
-10.082267,50,631.891132
-8.837436,50,631.936018
-11.613988,50,631.983271
-15.934368,50,632.509559
-6.11787,50,632.557897
-7.751873,50,632.61495
-6.125125,50,632.667158
-5.628892,50,632.717794
-10.082392,50,632.77759
-16.363778,50,632.82359
-8.886241,50,632.882829
-17.067895,50,632.948566
-8.620831,50,633.010951
-7.2359,50,633.076881
-12.595812,50,633.137697
-7.422163,50,633.197867
-7.050399,50,633.260154
-6.097828,50,633.323934
-15.165521,50,633.376843
-8.288461,50,633.425928
-8.751103,50,633.477523
-9.456762,50,633.545102
-8.464947,50,633.60145
-6.495525,50,633.651052
-15.567838,50,633.71435
-4.500859,50,633.762886
-13.185935,50,633.797742
-8.573172,50,633.846365
-9.326134,50,633.897771
-6.381151,50,633.96381
-6.769674,50,634.029801
-13.689176,50,634.092881
-10.29078,50,634.154239
-7.59351,50,634.213034
-8.708524,50,634.274898
-7.530067,50,634.343307
-13.652027,50,634.410721
-8.874379,50,634.463847
-5.114739,50,634.506073
-16.059755,50,634.560153
-9.419255,50,634.603736
-11.539659,50,634.645956
-8.917964,50,634.696654
-7.048949,50,635.201344
-6.202989,50,635.260233
-10.167216,50,635.317329
-7.091228,50,635.37804
-7.4978,50,635.434173
-16.108832,50,635.50218
-7.867503,50,635.551656
-16.174324,50,635.611757
-10.204713,50,635.661637
-5.851893,50,635.710682
-9.395518,50,635.752849
-6.567502,50,635.79589
-9.807275,50,635.841285
-6.15914,50,635.882832
-10.470717,50,635.929266
-14.261556,50,635.972594
-7.636847,50,636.015382
-16.47855,50,636.067243
-8.054915,50,636.127701
-10.157242,50,636.1823
-7.883225,50,636.242662
-12.2921,50,636.299815
-7.748764,50,636.346897
-15.643998,50,636.406138
-16.291471,50,636.461622
-8.952461,50,636.519777
-6.745854,50,636.581147
-12.499842,50,636.641548
-5.388405,50,636.695794
-9.857162,50,636.758483
-9.223598,50,636.798706
-6.601813,50,636.855235
-11.170679,50,636.893321
-6.017957,50,636.946143
-8.375445,50,636.991424
-12.234385,50,637.049054
-7.606548,50,637.08829
-8.752945,50,637.155003
-13.365282,50,637.205243
-6.68372,50,637.268401
-9.229129,50,637.322018
-14.379587,50,637.83339
-8.596179,50,637.895343
-19.762462,50,637.955813
-6.250512,50,638.020597
-7.049691,50,638.077652
-8.818661,50,638.139239
-10.087284,50,638.203231
-10.156047,50,638.263163
-7.077942,50,638.325215
-6.830946,50,638.379708
-17.059357,50,638.43457
-13.274768,50,638.489169
-18.496736,50,638.546519
-11.58909,50,638.608543
-8.229757,50,638.677724
-9.023385,50,638.733816
-6.56808,50,638.79108
-14.533486,50,638.829291
-6.904188,50,638.871954
-16.17335,50,638.933244
-5.569013,50,639.000993
-9.230734,50,639.053365
-10.157443,50,639.110657
-13.236048,50,639.163815
-7.89266,50,639.220361
-16.155518,50,639.273888
-10.311227,50,639.334119
-16.544133,50,639.387397
-7.303605,50,639.446037
-9.391664,50,639.508853
-6.198971,50,639.568093
-16.675053,50,639.627173
-17.286669,50,639.68433
-7.079635,50,639.739231
-13.742243,50,639.788724
-9.430387,50,639.833387
-10.710565,50,639.88389
-10.255844,50,639.932304
-8.061509,50,639.992861
-6.579767,50,640.044704
-10.247243,50,640.105827
-8.607313,50,640.652478
-14.219722,50,640.71459
-6.180304,50,640.771875
-12.244232,50,640.837926
-13.130118,50,640.898713
-9.859186,50,640.959078
-15.01673,50,641.015515
-9.361993,50,641.067221
-7.841056,50,641.105818
-7.64623,50,641.157453
-9.148548,50,641.207603
-8.172799,50,641.25482
-10.433973,50,641.311908
-13.649165,50,641.355038
-10.048456,50,641.396619
-15.036831,50,641.43752
-4.915478,50,641.48559
-16.70381,50,641.527659
-12.699606,50,641.586568
-9.009618,50,641.634116
-18.635724,50,641.698265
-6.945761,50,641.752481
-10.900233,50,641.812159
-11.893002,50,641.868147
-4.744861,50,641.92555
-8.653726,50,641.980637
-17.620387,50,642.044403
-7.794884,50,642.094767
-18.276785,50,642.144782
-9.684787,50,642.205996
-16.1109,50,642.254059
-16.607589,50,642.306843
-12.977476,50,642.352174
-8.94224,50,642.414017
-14.19754,50,642.473578
-10.4337,50,642.512809
-9.878037,50,642.568038
-8.461937,50,642.616431
-16.407194,50,642.675261
-12.288733,50,642.72945
-9.029029,50,642.787873
-8.874919,50,643.286217
-7.977185,50,643.340758
-4.671016,50,643.388446
-12.676609,50,643.446802
-9.653781,50,643.504591
-14.734192,50,643.560983
-10.643988,50,643.614386
-5.394604,50,643.670842
-6.62929,50,643.738375
-7.603082,50,643.802365
-8.54793,50,643.864397
-14.073827,50,643.921322
-7.879908,50,643.982677
-8.978311,50,644.04284
-11.317769,50,644.106502
-6.10253,50,644.15954
-7.497664,50,644.207278
-6.524693,50,644.265255
-12.043104,50,644.302938
-14.560732,50,644.366979
-13.999441,50,644.416912
-6.297827,50,644.469543
-14.299698,50,644.516536
-7.461329,50,644.560197
-12.897067,50,644.59953
-15.278661,50,644.641486
-7.254775,50,644.678737
-12.71561,50,644.723275
-12.273993,50,644.779706
-5.16917,50,644.823762
-8.958271,50,644.869564
-8.387601,50,644.923681
-9.637298,50,644.973268
-8.990838,50,645.032271
-6.990012,50,645.085385
-3.773266,50,645.142625
-16.208284,50,645.199286
-14.315247,50,645.257371
-13.579636,50,645.294653
-7.928421,50,645.35616
-8.761467,50,645.408632
-15.949463,50,645.880777
-11.16128,50,645.934622
-10.725389,50,645.993155
-12.222852,50,646.048035
-10.375774,50,646.096566
-8.76199,50,646.132587
-10.539896,50,646.177167
-13.223802,50,646.233169
-9.727512,50,646.276312
-14.301537,50,646.322593
-16.709931,50,646.367222
-7.846556,50,646.412971
-13.543456,50,646.468465
-8.271761,50,646.514834
-5.994072,50,646.562704
-7.600403,50,646.599636
-16.988682,50,646.643777
-15.556044,50,646.682026
-9.314096,50,646.723348
-11.819513,50,646.758459
-9.316233,50,646.79331
-13.871012,50,646.833149
-8.379782,50,646.872337
-15.691337,50,646.932591
-5.911348,50,646.99276
-12.052766,50,647.049326
-9.875846,50,647.091261
-7.916233,50,647.146914
-10.380545,50,647.203748
-10.616496,50,647.259224
-6.572402,50,647.310704
-12.434376,50,647.369965
-12.934597,50,647.426133
-11.642917,50,647.48575
-9.808683,50,647.526843
-7.64221,50,647.585413
-9.21056,50,647.641392
-9.63679,50,647.686964
-10.931683,50,647.736319
-8.585898,50,647.783917
-17.827192,50,647.823204
-8.18382,50,648.293014
-17.015236,50,648.347091
-18.035332,50,648.411369
-7.091327,50,648.472001
-8.915125,50,648.532776
-8.464516,50,648.586957
-9.455395,50,648.647963
-17.36449,50,648.707313
-13.911039,50,648.758754
-13.840938,50,648.816783
-16.101768,50,648.874036
-10.069436,50,648.938942
-8.648144,50,649.003518
-12.382633,50,649.054805
-6.817094,50,649.097119
-7.397933,50,649.13456
-6.223875,50,649.185146
-12.231415,50,649.225903
-18.763056,50,649.264114
-9.82374,50,649.3068
-13.60275,50,649.36317
-6.686671,50,649.412199
-8.055781,50,649.468432
-8.014438,50,649.519574
-7.970568,50,649.580524
-5.103428,50,649.627681
-8.967625,50,649.679536
-13.221676,50,649.743617
-11.926334,50,649.805315
-6.176305,50,649.863335
-12.361384,50,649.921556
-9.736166,50,649.960154
-12.500286,50,650.015779
-7.380149,50,650.074336
-14.055513,50,650.118791
-7.522648,50,650.162031
-9.300742,50,650.204036
-7.208187,50,650.242459
-11.907678,50,650.29699
-15.613804,50,650.354363
-9.365543,50,650.414387
-18.023485,50,650.882489
-8.997503,50,650.939061
-12.780776,50,650.992683
-7.853108,50,651.052401
-10.603744,50,651.108878
-7.260952,50,651.158155
-11.975711,50,651.193594
-13.600103,50,651.229196
-9.632,50,651.268582
-11.869277,50,651.323399
-9.371286,50,651.384173
-6.459759,50,651.4327
-10.229221,50,651.493449
-7.847952,50,651.54698
-16.380252,50,651.603378
-9.099118,50,651.658124
-12.617609,50,651.714177
-12.543173,50,651.769589
-15.638277,50,651.823976
-16.006149,50,651.85843
-14.384002,50,651.91631
-6.728635,50,651.962518
-9.198342,50,652.000281
-6.975796,50,652.040091
-8.169426,50,652.088599
-16.200773,50,652.142676
-8.163811,50,652.190961
-7.472179,50,652.243572
-4.663848,50,652.290758
-14.763589,50,652.35086
-8.550345,50,652.413028
-17.718453,50,652.465438
-7.931013,50,652.526283
-11.359078,50,652.580486
-14.287748,50,652.641834
-7.173812,50,652.694594
-19.129559,50,652.761389
-14.926458,50,652.819198
-6.791626,50,652.877793
-8.716217,50,652.926379
-13.602022,50,652.968805
-13.182993,50,653.453994
-8.318312,50,653.508281
-16.017932,50,653.572417
-11.847829,50,653.628061
-15.605461,50,653.68961
-13.298355,50,653.753274
-15.190494,50,653.80698
-17.60604,50,653.861127
-5.943764,50,653.905048
-8.019835,50,653.956307
-4.720524,50,654.003504
-8.071134,50,654.052336
-8.526296,50,654.096757
-10.355749,50,654.146549
-11.514622,50,654.191926
-8.960927,50,654.247171
-8.9587,50,654.292475
-6.68128,50,654.336406
-7.348204,50,654.393855
-8.429477,50,654.448392
-17.536863,50,654.502121
-9.346624,50,654.566592
-14.362707,50,654.625027
-6.340436,50,654.681265
-8.142647,50,654.736998
-8.567358,50,654.792258
-10.936969,50,654.856818
-16.237612,50,654.920892
-9.375551,50,654.973642
-15.73165,50,655.031972
-8.530376,50,655.089977
-13.544978,50,655.131814
-11.331984,50,655.177979
-6.215702,50,655.23401
-6.682543,50,655.288216
-6.867564,50,655.344843
-17.509318,50,655.401152
-5.730646,50,655.46041
-8.689253,50,655.516623
-5.068472,50,655.577888
-4.697643,50,655.642014
-7.422197,50,656.135531
-7.917484,50,656.19215
-10.675137,50,656.250379
-16.180626,50,656.306549
-16.93455,50,656.348577
-6.388966,50,656.381177
-16.604531,50,656.412585
-7.397856,50,656.470069
-8.382237,50,656.525018
-7.26624,50,656.582026
-8.525518,50,656.636651
-11.486954,50,656.689458
-8.259994,50,656.745535
-10.170246,50,656.796789
-11.54227,50,656.85575
-11.464325,50,656.912179
-16.157945,50,656.966143
-12.256042,50,657.018861
-11.657386,50,657.075365
-13.842202,50,657.126518
-12.114677,50,657.163395
-18.528892,50,657.212393
-5.147387,50,657.259873
-18.843558,50,657.309377
-5.647674,50,657.344456
-16.069517,50,657.403114
-18.327136,50,657.447931
-5.163217,50,657.501851
-10.165462,50,657.555743
-18.455776,50,657.612316
-7.895726,50,657.665221
-8.754667,50,657.719326
-14.017536,50,657.772651
-10.167758,50,657.819626
-7.232914,50,657.874257
-13.456109,50,657.92281
-10.264806,50,657.958362
-7.093781,50,658.003635
-15.344747,50,658.06178
-10.570901,50,658.101461
-8.550108,50,658.150797
-6.719725,50,658.640873
-9.661058,50,658.696778
-11.795659,50,658.751422
-12.437191,50,658.795822
-13.163562,50,658.854113
-11.672588,50,658.905519
-10.030156,50,658.960765
-8.978043,50,659.0189
-8.688034,50,659.075547
-9.292743,50,659.134357
-15.654076,50,659.186467
-9.551167,50,659.237954
-10.97193,50,659.293493
-15.173371,50,659.347379
-6.976814,50,659.39888
-11.245973,50,659.451851
-9.431753,50,659.500939
-14.927436,50,659.54187
-6.845201,50,659.590676
-18.257932,50,659.648735
-16.283414,50,659.704244
-13.580309,50,659.765594
-14.021462,50,659.826026
-16.924193,50,659.877489
-8.669802,50,659.931968
-14.696127,50,659.983421
-12.564418,50,660.040108
-9.378368,50,660.078584
-12.249365,50,660.113765
-12.61882,50,660.161842
-12.706488,50,660.203706
-11.799786,50,660.241285
-11.016106,50,660.284339
-7.238996,50,660.328514
-14.148863,50,660.363717
-8.957555,50,660.414616
-6.102554,50,660.454734
-8.447467,50,660.511146
-8.787571,50,660.558925
-11.759332,50,660.596632
-11.889156,50,660.649076
-7.102118,50,661.10742
-10.891727,50,661.164235
-15.102773,50,661.221139
-8.200234,50,661.27109
-5.017704,50,661.327848
-16.071285,50,661.375177
-6.204289,50,661.42674
-10.858762,50,661.481559
-8.760642,50,661.53479
-10.772378,50,661.577739
-13.234328,50,661.624753
-10.262441,50,661.677503
-16.568698,50,661.725922
-5.261624,50,661.780467
-7.955486,50,661.831688
-11.120405,50,661.888502
-7.599596,50,661.943897
-9.675813,50,661.995637
-12.974642,50,662.036869
-4.444838,50,662.077652
-8.786444,50,662.132391
-5.796099,50,662.176871
-10.592188,50,662.222814
-18.518792,50,662.26185
-6.742616,50,662.299474
-15.682337,50,662.347431
-9.134292,50,662.406137
-13.108786,50,662.45635
-12.860759,50,662.507242
-7.435082,50,662.555577
-6.530699,50,662.609313
-7.623519,50,662.661041
-17.940003,50,662.718152
-18.222935,50,662.77573
-18.835093,50,662.829108
-16.363965,50,662.882947
-16.782834,50,662.934932
-10.734544,50,663.001817
-8.040887,50,663.060349
-10.215946,50,663.110306
-10.27621,50,663.166333
-17.034657,50,663.61483
-6.810174,50,663.671424
-15.91498,50,663.73058
-8.32001,50,663.781285
-11.816318,50,663.840182
-16.24504,50,663.892912
-16.687923,50,663.947188
-17.005607,50,664.007459
-18.892373,50,664.062531
-8.861092,50,664.114111
-7.204745,50,664.15733
-7.132797,50,664.205415
-16.381771,50,664.254769
-11.759892,50,664.293442
-13.701139,50,664.3438
-6.124205,50,664.386267
-5.973044,50,664.429097
-9.082134,50,664.475085
-9.893854,50,664.509038
-14.818392,50,664.54202
-11.848368,50,664.57633
-11.286741,50,664.618863
-11.191564,50,664.667943
-15.543445,50,664.714843
-7.479091,50,664.750668
-15.909846,50,664.785463
-13.766234,50,664.826608
-12.689462,50,664.869206
-6.254723,50,664.902472
-6.847901,50,664.943547
-15.645277,50,664.999136
-10.541135,50,665.044409
-6.143067,50,665.095167
-12.331956,50,665.149485
-11.30719,50,665.199957
-11.882267,50,665.25613
-8.633981,50,665.314306
-7.480424,50,665.359966
-10.009502,50,665.402371
-12.591155,50,665.438128
-18.7773,50,665.484882
-11.860068,50,665.951304
-8.146734,50,666.012159
-5.771348,50,666.067724
-15.708898,50,666.120183
-7.403493,50,666.176237
-17.460305,50,666.241193
-9.752393,50,666.294428
-6.286511,50,666.35522
-6.584331,50,666.412099
-12.446908,50,666.468185
-18.386529,50,666.511278
-9.184255,50,666.560085
-10.238112,50,666.60965
-8.840727,50,666.658383
-12.625089,50,666.709762
-12.837883,50,666.747106
-18.043835,50,666.782723
-14.290907,50,666.831486
-16.889226,50,666.884813
-4.976331,50,666.934547
-13.136007,50,666.994675
-16.759083,50,667.049482
-6.158534,50,667.108133
-11.773661,50,667.166093
-9.711476,50,667.22227
-12.873573,50,667.275203
-15.229666,50,667.332842
-4.258732,50,667.392205
-13.806667,50,667.442812
-10.09972,50,667.495507
-4.27473,50,667.544119
-13.539387,50,667.588036
-15.389903,50,667.629863
-8.486727,50,667.674796
-6.308358,50,667.714293
-8.628894,50,667.763745
-14.372099,50,667.800191
-7.00797,50,667.853068
-6.702482,50,667.899333
-13.934885,50,667.955274
-12.746025,50,668.012809
-14.817723,50,668.503143
-14.376229,50,668.559435
-8.207703,50,668.614541
-5.464646,50,668.66992
-17.162381,50,668.72821
-5.763084,50,668.791761
-6.990287,50,668.827738
-12.275817,50,668.873487
-14.826783,50,668.924719
-17.032852,50,668.979303
-5.446804,50,669.035124
-12.993788,50,669.090106
-12.376428,50,669.148577
-7.829394,50,669.211996
-5.891762,50,669.268502
-7.461123,50,669.308502
-6.272801,50,669.349031
-6.046157,50,669.407153
-7.729396,50,669.444779
-14.301466,50,669.496369
-11.950228,50,669.529444
-11.919703,50,669.562442
-14.466272,50,669.595652
-13.715612,50,669.64026
-10.321928,50,669.675764
-11.541938,50,669.711391
-7.856043,50,669.760982
-9.355663,50,669.807849
-7.823528,50,669.846048
-17.03237,50,669.893889
-16.300359,50,669.931101
-9.5964,50,669.98536
-13.322369,50,670.031686
-15.308175,50,670.087428
-7.972085,50,670.12682
-10.159955,50,670.186468
-19.176267,50,670.241596
-4.552158,50,670.301598
-17.184268,50,670.358457
-9.161081,50,670.41562
-15.114313,50,670.469052
-11.740726,50,670.938777
-7.562757,50,670.985131
-19.021645,50,671.040155
-9.999622,50,671.091413
-19.52164,50,671.14498
-7.444659,50,671.20498
-9.824025,50,671.257605
-5.342433,50,671.310796
-7.740581,50,671.365033
-12.189862,50,671.420224
-9.766644,50,671.48631
-17.965651,50,671.54406
-15.218408,50,671.604135
-7.483944,50,671.657099
-18.80062,50,671.71244
-8.593146,50,671.771795
-6.340721,50,671.813796
-11.51387,50,671.875516
-8.0122,50,671.928498
-5.529717,50,671.983428
-6.407381,50,672.043669
-17.630982,50,672.09967
-15.556059,50,672.154286
-6.65574,50,672.207102
-17.017471,50,672.262855
-10.411636,50,672.324232
-7.859934,50,672.377751
-5.206037,50,672.437261
-13.504139,50,672.498709
-8.627791,50,672.554995
-9.398116,50,672.608296
-13.288805,50,672.660701
-17.003898,50,672.69729
-12.708031,50,672.750385
-9.713643,50,672.809786
-13.580424,50,672.864828
-10.570605,50,672.920514
-12.941658,50,672.969007
-8.312024,50,673.022087
-7.019755,50,673.083624
-7.52896,50,673.140957
-17.614386,50,673.611703
-14.730075,50,673.664791
-5.157237,50,673.717935
-12.853249,50,673.772652
-8.113262,50,673.821071
-7.240063,50,673.880562
-9.069683,50,673.917553
-16.070379,50,673.95854
-13.138092,50,674.014323
-7.340275,50,674.073986
-7.995267,50,674.138402
-8.661649,50,674.19411
-9.639667,50,674.259639
-11.659694,50,674.31467
-6.885426,50,674.36553
-16.264024,50,674.426225
-13.436453,50,674.488107
-11.743657,50,674.554459
-4.607077,50,674.612355
-7.761826,50,674.671037
-13.991666,50,674.707916
-16.589427,50,674.740109
-9.182805,50,674.798482
-7.374432,50,674.846286
-8.309975,50,674.897717
-8.251836,50,674.949174
-5.861906,50,675.008274
-14.393611,50,675.05894
-11.787686,50,675.114202
-6.531317,50,675.171246
-10.21689,50,675.222316
-11.503729,50,675.279381
-15.700938,50,675.334141
-13.268168,50,675.384981
-13.692512,50,675.438201
-6.478745,50,675.492391
-17.919229,50,675.536808
-16.46229,50,675.568104
-9.027767,50,675.611799
-13.422269,50,675.657635
-7.585238,50,675.704409
-8.5468,50,676.186955
-12.581726,50,676.247741
-4.313882,50,676.29089
-15.324791,50,676.348454
-17.153321,50,676.407821
-18.387114,50,676.458999
-16.695443,50,676.500765
-9.902978,50,676.540422
-7.221762,50,676.595778
-17.689295,50,676.642591
-10.239985,50,676.687337
-9.102063,50,676.735034
-17.088443,50,676.777916
-12.825249,50,676.833295
-6.996433,50,676.89183
-17.563495,50,676.943469
-8.125818,50,676.981394
-6.426184,50,677.029192
-16.335259,50,677.078582
-11.460797,50,677.125232
-6.064314,50,677.181317
-11.574285,50,677.235807
-15.746306,50,677.288377
-9.730025,50,677.347644
-11.203409,50,677.405696
-5.761134,50,677.46179
-5.780126,50,677.518894
-7.158825,50,677.577693
-11.072806,50,677.63541
-11.239493,50,677.691447
-4.524773,50,677.739254
-6.979337,50,677.790891
-8.476269,50,677.842444
-8.271257,50,677.889211
-15.585841,50,677.940714
-8.676053,50,677.995234
-9.019375,50,678.04596
-10.596027,50,678.081798
-19.054803,50,678.132336
-18.081692,50,678.191134
-5.05477,50,678.245588
-14.508772,50,678.704264
-11.639727,50,678.764589
-9.394714,50,678.819949
-8.870337,50,678.876418
-7.244272,50,678.933809
-8.848965,50,678.99611
-13.659916,50,679.048106
-10.262078,50,679.10231
-17.232801,50,679.148197
-15.280029,50,679.20818
-7.623817,50,679.263366
-11.416067,50,679.318157
-9.140107,50,679.370196
-7.369771,50,679.42602
-12.91676,50,679.477034
-19.699844,50,679.533386
-11.443152,50,679.583724
-14.75713,50,679.639729
-5.297489,50,679.692204
-15.221318,50,679.746831
-11.822309,50,679.782889
-3.828459,50,679.830087
-8.779635,50,679.880251
-14.761684,50,679.92044
-15.157295,50,679.954394
-6.405552,50,679.991248
-10.640006,50,680.042425
-8.531767,50,680.085499
-14.081877,50,680.131055
-6.664409,50,680.19143
-15.113429,50,680.248977
-7.881562,50,680.314106
-8.591661,50,680.366336
-16.435859,50,680.419428
-14.53026,50,680.481769
-17.112785,50,680.527015
-13.329291,50,680.587231
-7.243507,50,680.645528
-9.02946,50,680.697606
-10.306645,50,680.74665
-5.575421,50,680.792062
-17.442567,50,681.254036
-6.184509,50,681.314213
-5.463277,50,681.368339
-5.453483,50,681.421418
-11.376827,50,681.47355
-11.633893,50,681.534085
-10.700506,50,681.593592
-15.534533,50,681.655275
-9.291093,50,681.709823
-12.535757,50,681.764443
-5.940907,50,681.823514
-5.680748,50,681.872647
-7.251726,50,681.903923
-13.085835,50,681.950932
-11.303599,50,682.001365
-9.239379,50,682.047872
-7.139449,50,682.09011
-13.229707,50,682.12934
-6.376171,50,682.171231
-9.261359,50,682.216687
-19.060924,50,682.274505
-13.0003,50,682.334157
-5.936654,50,682.392399
-10.800202,50,682.450825
-10.002095,50,682.503748
-17.572617,50,682.554178
-8.696805,50,682.614034
-12.770235,50,682.668962
-17.118092,50,682.72853
-14.261126,50,682.777927
-12.172576,50,682.833834
-10.542499,50,682.888073
-13.297254,50,682.945977
-9.515086,50,682.9798
-8.796559,50,683.036237
-8.4545,50,683.068565
-16.606976,50,683.126135
-15.428278,50,683.177711
-7.172416,50,683.231071
-18.134324,50,683.288398
-6.982159,50,683.348599
-8.238961,50,683.843436
-6.635508,50,683.895176
-9.348177,50,683.952318
-17.376268,50,684.007689
-14.375413,50,684.067989
-12.357708,50,684.121019
-8.886035,50,684.18199
-8.846585,50,684.245024
-11.25263,50,684.287498
-4.923755,50,684.346171
-7.613045,50,684.400659
-5.046788,50,684.456081
-8.475581,50,684.51382
-9.386653,50,684.568777
-16.2696,50,684.626188
-7.593169,50,684.683928
-12.173389,50,684.736727
-15.177286,50,684.78335
-9.012027,50,684.838934
-13.502402,50,684.896713
-19.19054,50,684.950206
-9.841046,50,685.004505
-9.445288,50,685.054107
-13.417215,50,685.104039
-9.575141,50,685.147078
-6.915244,50,685.190259
-9.224718,50,685.247877
-8.195895,50,685.299575
-17.181953,50,685.351324
-10.58236,50,685.406877
-6.551739,50,685.459654
-7.021466,50,685.516682
-9.383956,50,685.573255
-6.652561,50,685.623238
-15.871261,50,685.677939
-9.05716,50,685.736812
-10.260225,50,685.792866
-16.588521,50,685.84516
-8.503282,50,685.889877
-9.506986,50,685.936347
-11.785653,50,685.973312
-6.747028,50,686.453783
-5.007266,50,686.51143
-14.717657,50,686.561919
-6.582109,50,686.6184
-13.894021,50,686.673664
-7.351318,50,686.733277
-11.711658,50,686.785568
-9.052915,50,686.844554
-7.533248,50,686.899211
-10.4095,50,686.953547
-11.516646,50,686.99459
-15.256497,50,687.047009
-7.136676,50,687.088982
-14.642548,50,687.127283
-12.594078,50,687.169437
-9.011748,50,687.215397
-15.125477,50,687.255758
-14.109761,50,687.307816
-7.375319,50,687.358756
-9.314673,50,687.403182
-13.134816,50,687.462531
-9.299217,50,687.51401
-6.047355,50,687.575767
-11.922799,50,687.629137
-15.987139,50,687.687287
-16.87607,50,687.744181
-8.365842,50,687.801745
-9.920898,50,687.847139
-5.764391,50,687.89905
-4.095172,50,687.951946
-7.691078,50,688.000223
-7.984874,50,688.046905
-10.95559,50,688.088233
-14.352452,50,688.140375
-14.431553,50,688.194825
-8.640377,50,688.245766
-9.941481,50,688.292336
-13.036143,50,688.348931
-12.56629,50,688.396091
-5.443077,50,688.450485
-8.792803,50,688.504458
-7.891834,50,688.998614
-11.666666,50,689.051377
-12.134928,50,689.101313
-8.871063,50,689.158764
-11.571729,50,689.21098
-15.208218,50,689.261376
-8.667785,50,689.311692
-6.6289,50,689.360836
-8.445024,50,689.413962
-7.01497,50,689.464768
-7.264868,50,689.524429
-16.060369,50,689.582627
-11.841571,50,689.642929
-15.633578,50,689.699128
-6.505941,50,689.756887
-8.266181,50,689.813862
-11.085695,50,689.864635
-10.417132,50,689.920622
-5.768725,50,689.979564
-7.177517,50,690.015244
-12.437622,50,690.056266
-9.442135,50,690.095835
-10.536681,50,690.132417
-19.587571,50,690.176253
-14.640697,50,690.21233
-15.55766,50,690.259195
-16.245671,50,690.310086
-13.106874,50,690.361438
-9.566551,50,690.411221
-5.615721,50,690.467705
-6.075759,50,690.524854
-9.441772,50,690.581992
-16.588716,50,690.639373
-13.614207,50,690.692695
-14.871939,50,690.747237
-5.277857,50,690.803113
-11.359355,50,690.860659
-12.240452,50,690.924563
-18.134655,50,690.973537
-4.690221,50,691.024403
-18.060403,50,691.066367
-5.398008,50,691.552218
-12.787169,50,691.600239
-10.743599,50,691.652087
-12.830534,50,691.681819
-14.787541,50,691.713886
-11.105308,50,691.762817
-9.875665,50,691.814018
-13.427477,50,691.856533
-9.011461,50,691.914361
-11.104117,50,691.965335
-6.873929,50,692.01431
-18.064999,50,692.066644
-11.014115,50,692.116493
-10.273539,50,692.157706
-13.620656,50,692.19451
-6.165798,50,692.244429
-10.649768,50,692.290998
-18.577543,50,692.342505
-14.313092,50,692.402706
-17.161958,50,692.455573
-13.121593,50,692.49364
-14.967471,50,692.5465
-16.696863,50,692.603437
-7.196113,50,692.661053
-6.600777,50,692.715413
-7.447271,50,692.771866
-16.655816,50,692.826055
-4.666537,50,692.883767
-8.898951,50,692.940573
-9.544222,50,692.999255
-16.499117,50,693.056219
-9.887152,50,693.115538
-13.993816,50,693.169393
-11.935245,50,693.219044
-6.952933,50,693.270936
-8.062472,50,693.316468
-9.762521,50,693.356649
-5.055827,50,693.395578
-10.236019,50,693.447078
-15.1704,50,693.491385
-17.033218,50,693.550268
-17.756533,50,694.01188
-14.330462,50,694.06832
-18.26846,50,694.123171
-10.792967,50,694.17818
-10.387861,50,694.235156
-12.564993,50,694.290905
-5.602678,50,694.349792
-13.823479,50,694.397448
-5.612012,50,694.440807
-16.751418,50,694.487972
-10.633453,50,694.532042
-17.045357,50,694.59257
-8.121362,50,694.65473
-5.064203,50,694.705432
-10.321643,50,694.761083
-6.045344,50,694.815619
-13.147994,50,694.871983
-11.418713,50,694.92815
-4.782196,50,694.987405
-15.627659,50,695.04135
-9.915013,50,695.097651
-15.976453,50,695.155593
-12.351554,50,695.209391
-14.622244,50,695.262113
-9.420965,50,695.320858
-6.346963,50,695.376203
-3.905033,50,695.435894
-4.862716,50,695.475749
-9.532843,50,695.530027
-9.315157,50,695.593279
-15.794283,50,695.648658
-16.197543,50,695.707331
-8.410187,50,695.773204
-6.655323,50,695.829137
-15.696797,50,695.887569
-6.921752,50,695.941885
-7.635166,50,695.996297
-13.344941,50,696.039576
-8.98361,50,696.101342
-6.600399,50,696.159197
-6.321905,50,696.214208
-13.098751,50,696.703116
-17.988335,50,696.764557
-8.943688,50,696.821423
-5.437027,50,696.874061
-11.210261,50,696.930636
-17.373453,50,696.982342
-6.258703,50,697.032744
-8.267949,50,697.086775
-15.140044,50,697.148217
-14.733111,50,697.202273
-9.999749,50,697.258593
-7.424864,50,697.299878
-6.912874,50,697.359528
-17.110911,50,697.416255
-5.892627,50,697.468162
-5.167966,50,697.52059
-14.939197,50,697.559973
-10.132695,50,697.611221
-9.66866,50,697.660739
-5.778816,50,697.71672
-10.113812,50,697.776209
-15.365355,50,697.828502
-15.439976,50,697.882576
-7.619865,50,697.945986
-11.190952,50,697.999626
-9.309641,50,698.057481
-6.744953,50,698.110927
-9.259908,50,698.173438
-10.684238,50,698.233197
-13.441326,50,698.285611
-6.707373,50,698.326632
-5.853348,50,698.365283
-15.222714,50,698.400369
-10.092736,50,698.446203
-7.463674,50,698.493177
-17.379896,50,698.534523
-9.389196,50,698.584156
-5.277856,50,698.633408
-8.141193,50,698.685616
-14.759567,50,698.742591
-11.682381,50,699.245667
-6.191017,50,699.310801
-11.059184,50,699.366035
-11.805905,50,699.425447
-10.937026,50,699.482073
-9.88452,50,699.536463
-13.98589,50,699.590345
-6.155413,50,699.65291
-7.232859,50,699.708023
-9.890776,50,699.758499
-6.864624,50,699.815654
-11.605404,50,699.875663
-16.189855,50,699.933739
-8.968182,50,699.981211
-8.988031,50,700.034431
-13.203242,50,700.08698
-7.25551,50,700.142923
-6.738809,50,700.197626
-13.701903,50,700.238369
-11.519962,50,700.293959
-10.14854,50,700.350099
-14.709642,50,700.387822
-8.835418,50,700.449598
-16.611582,50,700.486726
-6.201523,50,700.526531
-13.975052,50,700.56237
-9.083007,50,700.601879
-11.227135,50,700.640856
-6.522939,50,700.68707
-6.457752,50,700.744143
-10.70371,50,700.798218
-7.125041,50,700.851838
-14.780866,50,700.904725
-10.388846,50,700.956315
-8.477301,50,701.01404
-7.967442,50,701.068776
-16.300778,50,701.129116
-11.131329,50,701.177649
-7.530053,50,701.220366
-6.964839,50,701.254919
-4.472503,50,701.292405
-5.400386,50,701.785625
-11.895711,50,701.84267
-15.198453,50,701.904311
-9.844109,50,701.955153
-9.613797,50,702.015733
-5.846066,50,702.061876
-18.004714,50,702.110125
-16.359623,50,702.169855
-11.311209,50,702.226534
-11.284619,50,702.291094
-4.071567,50,702.34068
-8.095318,50,702.399587
-6.356003,50,702.462459
-6.345626,50,702.515593
-11.845728,50,702.576452
-11.734372,50,702.628951
-11.618332,50,702.685
-10.521243,50,702.726959
-15.985168,50,702.76938
-14.759414,50,702.826371
-17.643988,50,702.879982
-17.635536,50,702.921841
-17.677988,50,702.968344
-8.156521,50,703.004083
-8.698657,50,703.04377
-17.749287,50,703.076636
-16.870638,50,703.122678
-10.668701,50,703.171684
-13.342333,50,703.222237
-17.026045,50,703.278471
-16.583385,50,703.334864
-4.854751,50,703.390463
-7.117107,50,703.431927
-9.099695,50,703.470706
-8.205118,50,703.524168
-9.940402,50,703.558956
-10.866573,50,703.604722
-8.048311,50,703.658609
-11.019083,50,703.704038
-12.890047,50,703.750603
-12.399441,50,703.799202
-9.844384,50,704.315481
-5.984089,50,704.382937
-8.238425,50,704.436042
-3.920932,50,704.487975
-15.564628,50,704.534428
-12.710179,50,704.593924
-13.161884,50,704.639797
-6.333042,50,704.679542
-17.281282,50,704.725645
-9.987227,50,704.76632
-5.567881,50,704.819582
-6.928466,50,704.871886
-16.195159,50,704.935695
-13.432462,50,705.0003
-5.862365,50,705.060298
-6.76068,50,705.117085
-15.256237,50,705.167312
-8.258731,50,705.215232
-17.685414,50,705.262174
-19.104335,50,705.301751
-6.830912,50,705.366551
-14.218839,50,705.418289
-12.248515,50,705.466756
-13.497583,50,705.505369
-5.540464,50,705.550273
-13.459724,50,705.604808
-11.492063,50,705.649613
-16.712437,50,705.694495
-9.577841,50,705.746059
-4.534834,50,705.784973
-12.146057,50,705.822762
-12.018742,50,705.886945
-15.934078,50,705.937451
-16.764705,50,705.990373
-7.109967,50,706.049343
-6.295752,50,706.094602
-6.964937,50,706.134987
-15.560549,50,706.176844
-8.220534,50,706.226389
-10.66013,50,706.288082
-6.484791,50,706.343724
-14.608622,50,706.844954
-12.098861,50,706.894353
-8.113529,50,706.937459
-8.750752,50,707.001031
-10.535053,50,707.054352
-6.424489,50,707.110633
-11.885474,50,707.173166
-15.648516,50,707.21534
-15.114398,50,707.276901
-10.455269,50,707.327329
-14.993323,50,707.371307
-9.284777,50,707.412515
-3.878111,50,707.444113
-17.410961,50,707.494276
-8.497156,50,707.541602
-15.236005,50,707.59007
-14.622203,50,707.642893
-15.860254,50,707.68908
-7.080294,50,707.724151
-6.538288,50,707.760883
-15.699286,50,707.797377
-4.39502,50,707.852956
-8.047301,50,707.915961
-13.485718,50,707.975465
-3.617905,50,708.031852
-8.519658,50,708.08792
-16.297617,50,708.14875
-9.469805,50,708.208475
-11.124923,50,708.251554
-6.875248,50,708.304264
-8.432563,50,708.353905
-16.907441,50,708.404989
-8.181609,50,708.468697
-14.23885,50,708.519463
-14.544732,50,708.579249
-10.959948,50,708.64299
-10.749192,50,708.68458
-15.997583,50,708.736251
-4.090041,50,708.790607
-6.814081,50,708.83638
-14.94593,50,708.876676
-16.986722,50,709.36736
-6.132664,50,709.416142
-13.752522,50,709.474751
-9.764174,50,709.519957
-4.678771,50,709.569784
-9.385763,50,709.617468
-10.741141,50,709.659773
-9.916064,50,709.696964
-4.881107,50,709.740793
-9.013119,50,709.776276
-6.592603,50,709.816866
-7.898243,50,709.848517
-15.12295,50,709.903732
-16.230034,50,709.969516
-17.916108,50,710.029994
-12.421129,50,710.078533
-5.5844,50,710.138144
-10.615122,50,710.183111
-13.120352,50,710.235399
-18.360671,50,710.28199
-7.134393,50,710.33314
-17.945351,50,710.370757
-7.175557,50,710.422541
-11.109633,50,710.464656
-7.631146,50,710.520217
-3.992819,50,710.559782
-15.067321,50,710.624348
-6.729819,50,710.678816
-12.879005,50,710.718615
-10.847061,50,710.767545
-7.422597,50,710.811946
-13.961552,50,710.863519
-16.567954,50,710.921982
-19.103106,50,710.979519
-12.264622,50,711.043829
-7.551142,50,711.100648
-10.007124,50,711.163389
-9.451602,50,711.217839
-6.581257,50,711.283348
-11.043307,50,711.335362
-9.521315,50,711.389327
-11.286838,50,711.889204
-16.556618,50,711.947141
-18.241264,50,712.00962
-7.847684,50,712.070534
-8.677519,50,712.129722
-8.638684,50,712.187031
-16.506324,50,712.252449
-13.120905,50,712.31247
-12.418546,50,712.368552
-8.939112,50,712.423665
-14.65354,50,712.480612
-8.088781,50,712.540736
-18.292249,50,712.581559
-6.590891,50,712.617303
-14.827558,50,712.665071
-13.5816,50,712.70523
-18.226254,50,712.747974
-5.563622,50,712.790925
-15.617186,50,712.840045
-14.001807,50,712.896569
-8.374862,50,712.955922
-11.650817,50,713.021327
-11.299088,50,713.080998
-16.432116,50,713.127909
-12.149315,50,713.165164
-7.938189,50,713.230273
-13.309871,50,713.288915
-12.326743,50,713.341132
-10.203739,50,713.3975
-10.993077,50,713.440913
-9.643947,50,713.477859
-6.321097,50,713.523579
-9.068105,50,713.577731
-6.536211,50,713.640492
-10.643847,50,713.706584
-11.679612,50,713.763365
-6.080367,50,713.8167
-5.182268,50,713.876736
-13.101413,50,713.941835
-6.284582,50,714.007904
-16.461109,50,714.061127
-10.288435,50,714.576154
-13.88805,50,714.629883
-8.661033,50,714.674289
-12.442181,50,714.725008
-10.521021,50,714.769886
-18.904486,50,714.832179
-17.393988,50,714.884774
-10.475203,50,714.949374
-10.206058,50,715.012966
-7.204355,50,715.072955
-7.517804,50,715.135357
-5.383773,50,715.193165
-11.70672,50,715.252017
-16.017924,50,715.307673
-17.535629,50,715.367579
-7.418744,50,715.401196
-7.60193,50,715.447904
-8.535766,50,715.493733
-17.118483,50,715.544947
-4.422026,50,715.59265
-15.325469,50,715.629741
-12.161374,50,715.666561
-9.316824,50,715.720768
-17.50073,50,715.758007
-18.068729,50,715.820318
-12.253262,50,715.875388
-6.702884,50,715.931964
-7.418064,50,715.994963
-14.366488,50,716.049717
-5.085553,50,716.092979
-5.774869,50,716.144544
-17.168257,50,716.188689
-12.924702,50,716.230133
-9.85275,50,716.276774
-15.131004,50,716.331614
-7.656251,50,716.381022
-9.836101,50,716.430917
-8.388775,50,716.467097
-12.744879,50,716.518787
-13.20849,50,716.556078
-9.114124,50,716.595623
-12.836584,50,717.074709
-18.283853,50,717.126405
-10.325418,50,717.185703
-8.916861,50,717.242311
-11.013182,50,717.300237
-16.675069,50,717.356323
-19.314153,50,717.410326
-4.568564,50,717.462439
-4.095807,50,717.507153
-17.902084,50,717.548106
-16.584395,50,717.597442
-8.54257,50,717.643145
-15.701307,50,717.695194
-5.575934,50,717.742759
-18.450459,50,717.788529
-11.535228,50,717.840766
-10.275789,50,717.883312
-19.206776,50,717.935006
-16.837961,50,717.981611
-7.980833,50,718.027018
-13.294148,50,718.075103
-15.375464,50,718.133343
-10.525329,50,718.192686
-7.823454,50,718.24802
-7.905459,50,718.295638
-9.59463,50,718.336819
-18.4511,50,718.377718
-6.541845,50,718.425774
-16.477309,50,718.484646
-8.827749,50,718.532717
-8.359742,50,718.582672
-8.25395,50,718.63874
-8.100062,50,718.6861
-18.654097,50,718.722126
-6.692426,50,718.769747
-18.077282,50,718.816393
-7.269503,50,718.871118
-13.861717,50,718.921027
-13.085544,50,718.967096
-15.252654,50,719.020014
-4.853002,50,719.074518
-17.729282,50,719.586618
-6.515863,50,719.646638
-10.641095,50,719.704994
-13.994118,50,719.765731
-8.331835,50,719.823089
-15.912518,50,719.881929
-9.012732,50,719.932259
-11.971322,50,719.970769
-5.676332,50,720.022334
-10.356673,50,720.071695
-13.414971,50,720.129382
-11.479883,50,720.187171
-14.247469,50,720.249316
-8.725221,50,720.308944
-9.154331,50,720.371767
-6.17073,50,720.419507
-6.582095,50,720.466419
-12.452029,50,720.513925
-10.777546,50,720.558853
-7.986241,50,720.623977
-8.275987,50,720.674376
-8.248888,50,720.717484
-9.673475,50,720.749803
-14.604863,50,720.808488
-14.801813,50,720.854414
-14.080252,50,720.897363
-18.046563,50,720.956743
-8.454667,50,720.998804
-4.673017,50,721.053571
-10.115421,50,721.117407
-12.373063,50,721.168462
-12.200888,50,721.219058
-8.568475,50,721.26685
-18.398322,50,721.301715
-11.116058,50,721.337126
-5.748418,50,721.376313
-13.500266,50,721.423702
-12.492248,50,721.490613
-5.126859,50,721.536517
-12.281615,50,721.578243
-4.447185,50,721.625228
-14.058151,50,722.148516
-7.231753,50,722.205328
-10.523111,50,722.259231
-9.985851,50,722.325238
-8.066568,50,722.389136
-9.36662,50,722.446963
-14.668226,50,722.51209
-15.12503,50,722.571122
-7.056576,50,722.627396
-14.660164,50,722.676535
-6.192056,50,722.735069
-8.173844,50,722.801659
-6.68575,50,722.853266
-9.730479,50,722.906574
-17.562696,50,722.954355
-19.737652,50,723.012394
-16.373171,50,723.065628
-4.721487,50,723.114925
-14.462266,50,723.176941
-6.624494,50,723.238826
-17.192374,50,723.290346
-6.577743,50,723.353313
-8.711864,50,723.40877
-8.770135,50,723.459516
-14.872588,50,723.509707
-19.296469,50,723.541126
-10.98357,50,723.57199
-5.248835,50,723.606835
-17.672809,50,723.658068
-14.028464,50,723.714448
-6.673824,50,723.755236
-5.450552,50,723.789492
-15.713998,50,723.822703
-5.364367,50,723.862244
-6.133386,50,723.915677
-6.151346,50,723.974217
-7.660817,50,724.01721
-15.604364,50,724.061305
-15.451443,50,724.103098
-4.963831,50,724.158049
-12.656802,50,724.21275
-15.83059,50,724.69043
-8.75384,50,724.743319
-11.067033,50,724.793768
-12.843172,50,724.845385
-11.986808,50,724.906272
-9.79495,50,724.946607
-8.068978,50,724.99493
-6.669282,50,725.036098
-11.329726,50,725.086809
-18.35056,50,725.143242
-12.645911,50,725.187662
-6.958559,50,725.218549
-6.422086,50,725.26972
-6.205692,50,725.332029
-14.464573,50,725.390869
-14.513819,50,725.448884
-7.707924,50,725.509293
-19.448867,50,725.569081
-17.616558,50,725.62292
-10.161626,50,725.675911
-16.214779,50,725.714564
-8.752161,50,725.763125
-7.983423,50,725.813277
-11.963665,50,725.860722
-9.627692,50,725.906813
-16.444525,50,725.954099
-7.020928,50,726.01016
-8.066768,50,726.050369
-15.188677,50,726.103315
-14.308978,50,726.151271
-8.989825,50,726.205198
-6.760102,50,726.262071
-15.713915,50,726.318372
-12.91834,50,726.361981
-8.332007,50,726.419523
-6.275214,50,726.474505
-12.230083,50,726.518822
-7.123669,50,726.571142
-6.75599,50,726.623686
-5.865995,50,726.673702
-7.307005,50,726.721915
-12.091445,50,727.203118
-5.578647,50,727.266517
-11.246255,50,727.326287
-8.195014,50,727.38131
-7.796965,50,727.432811
-17.381914,50,727.487869
-16.667443,50,727.529744
-4.641127,50,727.575894
-10.036383,50,727.613774
-7.095857,50,727.650588
-8.264527,50,727.693823
-9.627995,50,727.743243
-17.35269,50,727.80401
-8.900447,50,727.852236
-9.969436,50,727.903391
-11.127892,50,727.94157
-7.51243,50,727.991402
-11.328994,50,728.035325
-7.817104,50,728.091204
-11.722625,50,728.129437
-7.285747,50,728.166349
-8.499258,50,728.216892
-13.278564,50,728.278651
-18.260473,50,728.34464
-16.648007,50,728.403594
-14.698389,50,728.451965
-12.644169,50,728.490069
-16.595771,50,728.537035
-14.138898,50,728.594807
-8.658973,50,728.65949
-6.430605,50,728.720646
-8.340657,50,728.769269
-7.664638,50,728.817356
-13.293136,50,728.858782
-5.610553,50,728.899308
-12.150172,50,728.934344
-7.361189,50,728.973729
-11.591574,50,729.016324
-8.962241,50,729.072352
-6.920089,50,729.116767
-9.253295,50,729.161661
-17.643473,50,729.698151
-12.070765,50,729.751197
-17.70095,50,729.795987
-9.150919,50,729.850096
-13.056858,50,729.903661
-13.243481,50,729.95309
-8.791633,50,730.001243
-17.501929,50,730.053838
-17.786473,50,730.093366
-11.947867,50,730.138277
-9.967702,50,730.176589
-19.111692,50,730.210245
-11.579858,50,730.255624
-9.403991,50,730.315273
-15.556801,50,730.382395
-9.602473,50,730.43185
-7.715225,50,730.486545
-17.620235,50,730.550309
-17.717149,50,730.594059
-9.099136,50,730.650357
-15.97912,50,730.709602
-12.148976,50,730.755725
-16.988067,50,730.793403
-17.573576,50,730.842544
-7.380583,50,730.880692
-12.394736,50,730.923551
-6.030441,50,730.959392
-4.888847,50,730.99675
-16.266398,50,731.035368
-16.084399,50,731.077495
-5.110277,50,731.126394
-11.883768,50,731.166962
-18.462492,50,731.225703
-4.735404,50,731.281406
-5.796624,50,731.329268
-7.859244,50,731.375504
-9.370967,50,731.418492
-6.974778,50,731.466996
-16.732439,50,731.530287
-9.91553,50,731.592431
-5.963268,50,731.645907
-18.36178,50,732.121593
-13.713934,50,732.161767
-5.843525,50,732.223755
-10.931279,50,732.278324
-14.422462,50,732.327381
-9.243123,50,732.3791
-5.780705,50,732.441452
-16.651989,50,732.496125
-14.049065,50,732.54434
-3.897309,50,732.581918
-3.729831,50,732.650379
-8.064335,50,732.701336
-14.392214,50,732.752714
-10.77574,50,732.803268
-17.373416,50,732.848083
-8.34069,50,732.886761
-17.901629,50,732.949046
-5.792562,50,733.008983
-8.068065,50,733.067642
-16.538428,50,733.126692
-6.13324,50,733.204907
-19.103644,50,733.293728
-5.868574,50,733.358835
-13.012732,50,733.421139
-10.73789,50,733.483854
-10.131645,50,733.545567
-12.076535,50,733.601125
-7.130918,50,733.657902
-3.992989,50,733.698371
-6.696857,50,733.740248
-13.968386,50,733.782683
-6.422495,50,733.831728
-9.973588,50,733.881939
-11.923347,50,733.939754
-10.82542,50,733.99388
-4.220186,50,734.04431
-12.250429,50,734.097421
-13.685312,50,734.151668
-6.1621,50,734.206409
-13.083227,50,734.261745
-4.659572,50,734.316487
-9.03095,50,734.822752
-7.980023,50,734.869045
-12.002555,50,734.920234
-6.319857,50,734.971884
-15.840839,50,735.005237
-6.630216,50,735.047459
-14.771492,50,735.082833
-6.071983,50,735.117836
-12.757456,50,735.15287
-10.74197,50,735.200438
-12.09593,50,735.243908
-5.064419,50,735.302583
-7.603349,50,735.357637
-15.079646,50,735.406216
-7.686491,50,735.449592
-16.992012,50,735.500548
-8.195602,50,735.550481
-7.103937,50,735.586439
-10.205843,50,735.642661
-11.738516,50,735.69005
-5.761983,50,735.745984
-8.382225,50,735.796901
-7.125166,50,735.833561
-13.869274,50,735.868721
-10.596529,50,735.901172
-5.92577,50,735.933767
-7.994646,50,735.96587
-17.647572,50,735.998398
-18.236616,50,736.032203
-16.82541,50,736.066632
-13.085435,50,736.105893
-7.889602,50,736.144667
-8.095669,50,736.181969
-8.247096,50,736.224204
-8.334564,50,736.26441
-13.619496,50,736.324636
-14.657156,50,736.383593
-13.898485,50,736.421365
-15.782135,50,736.455981
-8.503776,50,736.502668
-4.509044,50,736.539078
-10.62963,50,737.051185
-10.661151,50,737.085474
-5.705601,50,737.11871
-17.017438,50,737.15029
-13.588683,50,737.182162
-12.998029,50,737.212757
-9.524659,50,737.242442
-8.945392,50,737.275909
-5.8633,50,737.307921
-7.007649,50,737.3405
-12.182371,50,737.383386
-14.788446,50,737.438948
-16.587711,50,737.485779
-8.080636,50,737.53281
-16.49237,50,737.591719
-9.1284,50,737.648739
-7.873774,50,737.697964
-13.096691,50,737.750797
-19.072349,50,737.783861
-9.278015,50,737.817601
-6.127521,50,737.855582
-12.861023,50,737.911767
-15.095001,50,737.947109
-7.445963,50,737.981298
-15.376071,50,738.020357
-8.241917,50,738.055247
-7.807258,50,738.08937
-12.105753,50,738.124321
-7.134432,50,738.171257
-12.767836,50,738.212129
-16.808553,50,738.25705
-6.092244,50,738.31076
-19.175543,50,738.347835
-7.692219,50,738.37877
-6.76926,50,738.41535
-5.229142,50,738.449665
-10.899323,50,738.483493
-12.032487,50,738.523466
-4.407396,50,738.573505
-14.621677,50,738.636484
-16.189816,50,738.688116
-12.806531,50,739.14668
-6.979436,50,739.187696
-17.815729,50,739.27003
-6.453781,50,739.330962
-16.604052,50,739.387302
-9.428995,50,739.42254
-8.321922,50,739.482252
-8.880496,50,739.550548
-7.224736,50,739.598904
-7.799052,50,739.634253
-8.123801,50,739.690154
-6.394839,50,739.729122
-12.040462,50,739.770298
-9.238862,50,739.813731
-12.840952,50,739.848179
-11.586935,50,739.884108
-15.898405,50,739.917059
-7.252945,50,739.950682
-6.039613,50,739.98456
-6.14853,50,740.017687
-9.780194,50,740.052256
-6.361779,50,740.086543
-10.400875,50,740.11743
-8.869806,50,740.147588
-7.774646,50,740.183211
-10.485604,50,740.229457
-5.332036,50,740.269275
-11.181348,50,740.306369
-7.435005,50,740.339155
-7.176943,50,740.371542
-13.951689,50,740.404247
-10.669491,50,740.464109
-4.912606,50,740.497853
-16.123923,50,740.537822
-17.040643,50,740.588723
-16.067175,50,740.633181
-7.065106,50,740.67221
-12.091491,50,740.714234
-8.931637,50,740.755219
-7.447606,50,740.804114
-5.829327,50,740.841321
-18.64738,50,741.336189
-12.121771,50,741.388838
-5.719787,50,741.445164
-13.364933,50,741.482414
-13.098598,50,741.528534
-19.644123,50,741.584494
-10.105138,50,741.642454
-6.475774,50,741.70834
-15.377258,50,741.781013
-6.943709,50,741.853812
-15.015344,50,741.925818
-6.361703,50,741.994996
-8.777507,50,742.063692
-8.023329,50,742.132975
-11.036501,50,742.205137
-15.156984,50,742.275794
-13.024152,50,742.348845
-14.355134,50,742.422124
-7.915027,50,742.495548
-4.406802,50,742.568131
-5.735384,50,742.645028
-6.988008,50,742.716855
-6.40791,50,742.792732
-10.917139,50,742.864488
-10.433708,50,742.938247
-18.486822,50,743.007759
-11.864305,50,743.079279
-6.192965,50,743.147896
-5.91314,50,743.217461
-18.32431,50,743.289115
-13.850227,50,743.360804
-5.941123,50,743.429635
-11.325902,50,743.498577
-12.555449,50,743.566652
-13.507685,50,743.637222
-10.763767,50,743.706801
-6.496793,50,743.779208
-13.120814,50,743.851611
-10.339912,50,743.924741
-14.267927,50,743.994785
-7.996044,50,744.064102
-8.359039,50,744.992544
-12.841987,50,745.066073
-12.856478,50,745.135418
-6.209586,50,745.204813
-17.276243,50,745.276368
-6.457046,50,745.348047
-7.21312,50,745.419044
-7.059375,50,745.488832
-11.752509,50,745.558647
-14.328931,50,745.630764
-17.268098,50,745.697799
-9.877891,50,745.77093
-10.936905,50,745.841558
-17.405926,50,745.910506
-11.357482,50,745.979015
-9.558525,50,746.04993
-13.218209,50,746.121717
-13.182923,50,746.191778
-13.186499,50,746.261176
-17.636506,50,746.331808
-8.406379,50,746.401377
-7.369321,50,746.473643
-7.397574,50,746.544023
-14.643925,50,746.585374
-16.398534,50,746.625351
-6.436437,50,746.661967
-5.670942,50,746.696978
-12.644636,50,746.730268
-16.795364,50,746.765306
-5.289478,50,746.831164
-6.662632,50,746.905894
-9.006005,50,746.976789
-16.374178,50,747.052124
-7.021537,50,747.12361
-5.848389,50,747.197417
-8.322501,50,747.268607
-13.661393,50,747.340902
-12.349295,50,747.411269
-8.800593,50,747.482435
-13.452961,50,747.553669
-11.185931,50,747.624796
-14.591366,50,748.551115
-8.097555,50,748.621386
-8.595021,50,748.691004
-8.572941,50,748.762851
-6.158102,50,748.83242
-8.463209,50,748.902303
-5.950024,50,748.971922
-16.359769,50,749.042022
-18.583878,50,749.110057
-9.994802,50,749.17767
-11.293228,50,749.244773
-5.779221,50,749.312605
-19.209434,50,749.381855
-9.377896,50,749.451763
-12.773394,50,749.520947
-4.501923,50,749.592724
-13.102248,50,749.660369
-6.03277,50,749.731215
-8.360745,50,749.801664
-16.180622,50,749.870289
-6.275508,50,749.94291
-6.084455,50,750.013083
-6.296361,50,750.083292
-5.205434,50,750.149843
-6.045872,50,750.217578
-6.168423,50,750.285732
-14.413335,50,750.356944
-6.824313,50,750.425081
-9.357037,50,750.492357
-6.361516,50,750.561694
-6.573318,50,750.6318
-7.077026,50,750.698691
-6.783742,50,750.763708
-12.630169,50,750.83154
-8.312987,50,750.900534
-19.483456,50,750.968372
-8.267388,50,751.040355
-10.83928,50,751.109755
-12.376872,50,751.175846
-12.486245,50,751.244417
-9.368108,50,751.312935
-13.636702,50,752.211011
-7.615663,50,752.25252
-11.09579,50,752.306426
-7.374099,50,752.3451
-6.639683,50,752.394532
-7.859263,50,752.427518
-15.96278,50,752.460938
-6.0835,50,752.493938
-18.43488,50,752.526992
-9.208533,50,752.559632
-16.868873,50,752.59498
-13.867479,50,752.631442
-11.341665,50,752.667547
-12.194492,50,752.703437
-9.853201,50,752.736988
-10.276723,50,752.770335
-10.016414,50,752.803819
-6.962413,50,752.836987
-5.463818,50,752.868681
-7.305866,50,752.90225
-16.335689,50,752.934674
-7.0088,50,752.969464
-7.680553,50,753.004472
-12.083885,50,753.037719
-9.701083,50,753.070287
-12.803663,50,753.105217
-6.289727,50,753.138568
-8.322168,50,753.177323
-11.312492,50,753.220271
-10.530437,50,753.265325
-9.71064,50,753.302378
-7.656989,50,753.357156
-12.322662,50,753.409091
-10.530865,50,753.446354
-5.469459,50,753.480271
-14.150778,50,753.51904
-6.211185,50,753.555338
-4.588023,50,753.603524
-11.919325,50,753.651671
-11.663291,50,753.694712
-8.849354,50,753.738803
-11.785659,50,754.200135
-12.504012,50,754.257828
-4.640229,50,754.316422
-16.58713,50,754.367898
-5.74324,50,754.429088
-16.369853,50,754.469231
-6.880559,50,754.503428
-6.836818,50,754.556799
-12.504716,50,754.615449
-11.044398,50,754.672578
-4.022925,50,754.714959
-16.099504,50,754.748519
-15.707667,50,754.784739
-5.023608,50,754.823382
-8.435097,50,754.891012
-5.995045,50,754.928833
-10.301373,50,754.962409
-15.087261,50,754.994367
-7.967407,50,755.043756
-15.729146,50,755.084411
-8.304709,50,755.120046
-10.493594,50,755.167131
-18.02929,50,755.228943
-16.117829,50,755.285268
-12.422602,50,755.3444
-4.260427,50,755.396866
-13.726215,50,755.447339
-9.815396,50,755.490829
-14.990413,50,755.528807
-10.318798,50,755.561711
-13.160065,50,755.595187
-8.746495,50,755.628709
-5.813685,50,755.661348
-7.714394,50,755.696045
-14.312265,50,755.737762
-17.511866,50,755.770797
-7.702113,50,755.805267
-10.710092,50,755.837972
-6.221288,50,755.870376
-7.317576,50,755.905912
-11.023742,50,755.939471
-7.862955,50,756.414936
-18.296962,50,756.470095
-11.295975,50,756.53052
-13.295056,50,756.587465
-12.125185,50,756.64532
-5.884221,50,756.697418
-7.295153,50,756.751367
-4.234956,50,756.79812
-13.160562,50,756.852881
-8.145103,50,756.905233
-9.323503,50,756.955324
-12.463769,50,756.999279
-5.593481,50,757.044472
-6.522689,50,757.096528
-5.10585,50,757.134471
-10.746956,50,757.173404
-8.234367,50,757.215016
-12.88636,50,757.250712
-8.771669,50,757.310775
-11.658784,50,757.36003
-8.148913,50,757.42615
-13.393741,50,757.481594
-7.453242,50,757.540192
-10.29246,50,757.59855
-14.268748,50,757.654367
-11.495165,50,757.705213
-7.01219,50,757.755269
-4.977435,50,757.812053
-12.956332,50,757.866111
-11.992144,50,757.915039
-12.099763,50,757.957925
-5.961439,50,758.014266
-16.581771,50,758.063126
-8.93914,50,758.113672
-12.330263,50,758.167134
-18.984682,50,758.225858
-6.652907,50,758.260183
-9.206314,50,758.306976
-6.581349,50,758.346585
-8.853604,50,758.387715
-8.348731,50,758.420784
-12.182507,50,758.875946
-7.845465,50,758.919546
-18.230265,50,758.969117
-10.473612,50,759.010914
-5.809181,50,759.055773
-10.083547,50,759.112975
-8.116318,50,759.152522
-10.021,50,759.196436
-6.615986,50,759.2325
-17.551643,50,759.268575
-6.51137,50,759.313433
-15.185514,50,759.354419
-17.839218,50,759.407331
-14.332984,50,759.46785
-6.599369,50,759.521471
-9.936368,50,759.577929
-19.507357,50,759.635149
-8.386166,50,759.694574
-8.376157,50,759.749149
-17.431404,50,759.803052
-11.705243,50,759.842404
-7.723314,50,759.88774
-4.799722,50,759.939991
-9.727543,50,759.999249
-10.484689,50,760.047169
-12.001786,50,760.088251
-8.313588,50,760.138178
-7.211794,50,760.199751
-9.095652,50,760.25647
-4.918781,50,760.313725
-17.305458,50,760.367079
-11.193778,50,760.42737
-7.28601,50,760.493793
-12.961855,50,760.551671
-10.127586,50,760.610692
-9.201114,50,760.666348
-9.699664,50,760.721209
-12.335556,50,760.772694
-14.573088,50,760.807431
-8.054382,50,760.847961
-17.255714,50,760.895036
-6.340501,50,761.352719
-10.313495,50,761.414562
-8.001053,50,761.479427
-13.020215,50,761.53341
-12.215498,50,761.584439
-16.063079,50,761.637397
-7.827034,50,761.691186
-11.138853,50,761.74617
-10.134586,50,761.796317
-10.529817,50,761.852119
-13.758293,50,761.900408
-16.572853,50,761.961909
-16.011245,50,762.015071
-8.357984,50,762.063088
-17.231803,50,762.117011
-8.601091,50,762.166659
-15.765853,50,762.215279
-11.075157,50,762.270372
-16.31544,50,762.313474
-5.176468,50,762.357771
-13.869678,50,762.413714
-6.472691,50,762.469806
-12.514337,50,762.528464
-7.852972,50,762.584199
-10.636856,50,762.632408
-17.852457,50,762.689649
-5.322792,50,762.741621
-13.159664,50,762.794384
-18.18153,50,762.851497
-10.30799,50,762.90989
-5.759151,50,762.958755
-11.495637,50,763.019702
-18.873033,50,763.072402
-9.642615,50,763.115631
-8.601604,50,763.154451
-6.171302,50,763.198931
-13.555457,50,763.243427
-12.341164,50,763.293591
-12.757896,50,763.330488
-9.615757,50,763.366977
-13.355277,50,763.825412
-14.550365,50,763.893307
-18.269989,50,763.949108
-7.717957,50,764.003158
-11.627506,50,764.054544
-10.29636,50,764.109562
-13.165478,50,764.168087
-8.040069,50,764.220979
-5.84939,50,764.276894
-7.322767,50,764.333915
-7.884085,50,764.383975
-6.99886,50,764.441777
-5.263565,50,764.508451
-19.109359,50,764.556739
-9.329448,50,764.613436
-17.04722,50,764.669888
-5.530516,50,764.727179
-17.426056,50,764.783263
-12.552435,50,764.840043
-5.862724,50,764.896828
-8.636106,50,764.959108
-16.87518,50,765.007773
-17.61058,50,765.06187
-5.165814,50,765.117906
-17.914991,50,765.172455
-6.602281,50,765.231797
-10.703363,50,765.286565
-11.366594,50,765.347313
-9.763337,50,765.406521
-10.123577,50,765.464808
-6.264583,50,765.518601
-5.880411,50,765.578482
-11.762061,50,765.633837
-12.548929,50,765.68951
-8.464753,50,765.741751
-6.606736,50,765.798677
-9.783796,50,765.854594
-9.113507,50,765.911462
-7.855943,50,765.970063
-8.84072,50,766.028575
-8.219548,50,766.085088
-13.022441,50,766.557412
-17.6587,50,766.610772
-8.905072,50,766.671905
-14.719633,50,766.732409
-5.622604,50,766.787573
-5.692275,50,766.843604
-17.290819,50,766.900542
-10.583525,50,766.951286
-15.913376,50,767.004867
-14.345015,50,767.063572
-9.367133,50,767.109515
-6.196169,50,767.15942
-16.849681,50,767.210348
-16.104019,50,767.251151
-6.504499,50,767.298789
-15.752915,50,767.336241
-8.144265,50,767.380932
-10.269882,50,767.422822
-7.976971,50,767.466433
-18.738676,50,767.51112
-15.434853,50,767.558611
-15.225509,50,767.614916
-19.378073,50,767.669201
-6.779819,50,767.730915
-9.753854,50,767.785175
-15.2846,50,767.832765
-14.348537,50,767.888652
-8.772088,50,767.93076
-16.287474,50,767.966285
-9.694387,50,768.016269
-8.161626,50,768.062124
-17.05862,50,768.114418
-14.864694,50,768.165314
-8.46871,50,768.215149
-16.048812,50,768.271458
-11.126645,50,768.32751
-13.083191,50,768.367626
-8.094474,50,768.419159
-7.240894,50,768.459405
-6.79005,50,768.504647
-8.325335,50,768.548181
-17.370153,50,769.020902
-7.593702,50,769.072129
-13.726663,50,769.127892
-18.729445,50,769.181272
-17.168001,50,769.240868
-4.880754,50,769.291584
-15.037779,50,769.347661
-13.95526,50,769.389344
-8.969554,50,769.438251
-19.603859,50,769.477198
-7.05118,50,769.530637
-18.623303,50,769.589396
-18.375095,50,769.650811
-11.481343,50,769.712992
-7.962654,50,769.762408
-9.669322,50,769.818846
-5.617154,50,769.878247
-14.686817,50,769.935043
-11.612837,50,769.985805
-15.353607,50,770.045976
-19.366918,50,770.100198
-13.576547,50,770.155114
-8.901827,50,770.213614
-9.082231,50,770.268224
-6.133158,50,770.327271
-8.358675,50,770.388184
-11.108729,50,770.443641
-7.005018,50,770.490132
-7.935897,50,770.53858
-10.365024,50,770.592
-16.065695,50,770.640302
-12.42287,50,770.701303
-15.733555,50,770.75925
-19.100199,50,770.817586
-16.960125,50,770.865338
-8.349388,50,770.920266
-7.950404,50,770.975472
-8.744968,50,771.033829
-16.8805,50,771.081025
-8.443805,50,771.146074
-17.247053,50,771.19195
-7.516664,50,771.686279
-10.7172,50,771.743918
-18.175319,50,771.79878
-13.682953,50,771.85179
-5.671347,50,771.905681
-17.128478,50,771.958072
-5.021688,50,772.015726
-7.219392,50,772.061917
-12.309947,50,772.113839
-16.621832,50,772.166693
-17.428733,50,772.218181
-11.918264,50,772.267593
-7.40028,50,772.311737
-6.160149,50,772.35852
-17.048378,50,772.403585
-16.459832,50,772.452983
-12.940424,50,772.506876
-11.71063,50,772.555002
-6.384522,50,772.605572
-5.834625,50,772.656403
-13.559556,50,772.705112
-8.823437,50,772.764079
-12.909501,50,772.820637
-5.727985,50,772.867349
-14.539563,50,772.930135
-18.120122,50,772.983943
-18.163289,50,773.035574
-5.739821,50,773.090495
-8.469785,50,773.137845
-7.01801,50,773.203022
-7.68717,50,773.248059
-7.480131,50,773.292958
-9.621095,50,773.340836
-10.560448,50,773.393205
-8.811001,50,773.451267
-10.189708,50,773.506758
-7.168257,50,773.55114
-5.520767,50,773.602665
-6.634492,50,773.655989
-14.960467,50,773.718266
-9.183514,50,773.778163
-7.808682,50,774.269984
-6.88102,50,774.331496
-7.646462,50,774.39531
-11.23048,50,774.447589
-9.680486,50,774.495542
-7.817884,50,774.555686
-13.015459,50,774.604886
-5.074687,50,774.660013
-10.7238,50,774.718634
-8.779973,50,774.771394
-10.030735,50,774.829931
-20.001422,50,774.878201
-7.584965,50,774.944214
-10.313132,50,775.000097
-9.693045,50,775.057338
-12.628293,50,775.090939
-14.514583,50,775.133064
-11.79292,50,775.175561
-16.343794,50,775.2221
-8.904107,50,775.264102
-5.645108,50,775.307715
-10.367582,50,775.344756
-6.386134,50,775.39219
-10.521205,50,775.441758
-16.160913,50,775.479039
-7.938203,50,775.535877
-5.257081,50,775.5758
-13.894549,50,775.635728
-10.425742,50,775.678048
-7.455081,50,775.734101
-6.91266,50,775.778152
-8.336716,50,775.824457
-18.225661,50,775.870349
-15.443546,50,775.917293
-10.143271,50,775.958311
-9.299467,50,776.009024
-8.201861,50,776.051198
-17.159745,50,776.109665
-13.560735,50,776.170639
-9.15531,50,776.23041
-6.046075,50,776.273808
