#{"t_start": 1765900060.5282059, "env_id": "Reacher-v4"}
r,l,t
-68.777574,50,0.328175
-49.847318,50,0.363824
-57.259065,50,0.409833
-73.456828,50,0.458647
-67.420442,50,0.500865
-55.826589,50,0.532909
-64.17636,50,0.564694
-61.851932,50,0.596347
-58.418477,50,0.628012
-53.12824,50,0.659688
-63.162506,50,0.691461
-65.580618,50,0.725291
-63.033932,50,0.75955
-63.000626,50,0.793732
-64.274485,50,0.825262
-66.397074,50,0.856761
-61.768422,50,0.888951
-66.148707,50,0.924036
-58.385878,50,0.958791
-56.901338,50,0.991903
-59.212912,50,1.025902
-64.96494,50,1.058035
-61.835488,50,1.092724
-54.950773,50,1.124693
-57.172441,50,1.1571
-53.473731,50,1.191368
-69.749236,50,1.224588
-61.887762,50,1.257422
-66.025977,50,1.301275
-58.11844,50,1.333871
-66.778334,50,1.378849
-60.848821,50,1.425924
-61.231069,50,1.486251
-58.132517,50,1.528107
-61.793505,50,1.580266
-57.83819,50,1.621082
-61.068892,50,1.684643
-60.194563,50,1.756685
-66.289907,50,1.82491
-61.060747,50,1.898392
-63.88123,50,2.811352
-59.214414,50,2.887311
-62.507253,50,2.956477
-56.283165,50,3.0251
-54.027199,50,3.094494
-61.3191,50,3.16679
-56.102074,50,3.23514
-67.768874,50,3.305502
-60.213388,50,3.375502
-59.691599,50,3.447494
-66.54014,50,3.517661
-71.969565,50,3.589486
-60.001516,50,3.657334
-63.517904,50,3.725847
-56.360394,50,3.795559
-61.302792,50,3.867149
-62.225982,50,3.936544
-65.232847,50,4.008099
-56.632752,50,4.077657
-55.941835,50,4.145995
-64.6578,50,4.217304
-62.094719,50,4.287238
-68.935256,50,4.357186
-56.586394,50,4.425733
-61.808105,50,4.4971
-51.907779,50,4.568074
-54.584171,50,4.636868
-64.414969,50,4.706408
-58.542421,50,4.775201
-62.55686,50,4.846663
-56.312138,50,4.91636
-55.013214,50,4.986149
-62.542502,50,5.054241
-63.849497,50,5.127362
-54.173598,50,5.180977
-60.756341,50,5.218144
-74.831751,50,5.252114
-62.594549,50,5.284491
-67.255807,50,5.316884
-65.190526,50,5.35177
-58.475495,50,5.421304
-59.906983,50,6.341028
-56.8997,50,6.415458
-53.900022,50,6.487791
-64.023158,50,6.561087
-62.188466,50,6.629676
-52.503191,50,6.69941
-57.803691,50,6.771984
-59.088661,50,6.839593
-54.65937,50,6.910754
-56.761591,50,6.981799
-51.537676,50,7.052778
-58.820335,50,7.121749
-48.707726,50,7.190192
-51.177742,50,7.259422
-51.271036,50,7.326472
-57.983675,50,7.394763
-56.592035,50,7.464724
-58.807458,50,7.533274
-58.891429,50,7.604419
-56.934318,50,7.673479
-52.690615,50,7.740783
-60.901701,50,7.808173
-59.014972,50,7.877745
-64.410502,50,7.945183
-57.935071,50,8.013916
-51.070667,50,8.081301
-57.040566,50,8.149695
-63.364484,50,8.219987
-53.693965,50,8.287485
-58.536914,50,8.355766
-58.915117,50,8.424513
-54.179508,50,8.49534
-55.346273,50,8.563699
-58.456626,50,8.631094
-60.631927,50,8.697842
-63.452481,50,8.766712
-59.072724,50,8.835816
-54.077553,50,8.904551
-55.098173,50,8.974018
-56.340177,50,9.042375
-51.329569,50,9.109367
-58.742744,50,9.619416
-57.407482,50,9.661489
-54.936088,50,9.693754
-57.025036,50,9.729865
-55.931125,50,9.763052
-57.013319,50,9.799177
-53.204197,50,9.832656
-57.04176,50,9.876261
-52.499879,50,9.920572
-58.293374,50,9.954295
-51.456341,50,9.995694
-48.666971,50,10.031275
-53.955059,50,10.065948
-61.19322,50,10.104589
-61.416465,50,10.139076
-58.410993,50,10.173145
-61.755846,50,10.217583
-56.099103,50,10.253849
-55.497172,50,10.287803
-49.615259,50,10.32006
-55.789572,50,10.351109
-51.545943,50,10.391148
-59.687294,50,10.426401
-57.86922,50,10.458527
-61.996362,50,10.492366
-53.921188,50,10.527504
-56.219179,50,10.562568
-62.677731,50,10.59836
-51.615112,50,10.635287
-49.520436,50,10.674131
-49.875228,50,10.717045
-60.414237,50,10.77634
-59.73733,50,10.825793
-51.383772,50,10.882069
-55.858567,50,10.923577
-54.662831,50,10.96268
-56.212401,50,11.011659
-59.9064,50,11.058546
-50.886556,50,11.115318
-57.120027,50,11.169353
-60.10985,50,11.22232
-48.643609,50,11.672572
-50.194646,50,11.734652
-53.4649,50,11.785177
-59.340792,50,11.832173
-63.693346,50,11.870071
-57.598839,50,11.909685
-51.256953,50,11.953971
-51.928349,50,12.008793
-56.95475,50,12.061348
-61.567472,50,12.101159
-55.258394,50,12.151383
-46.639702,50,12.194801
-48.173726,50,12.238491
-53.084758,50,12.284165
-49.577518,50,12.334471
-45.00281,50,12.374534
-48.78223,50,12.427463
-55.48031,50,12.477319
-54.222248,50,12.530936
-49.76465,50,12.573843
-49.270435,50,12.622997
-48.403314,50,12.670965
-50.884383,50,12.71925
-56.442617,50,12.756242
-55.858781,50,12.806223
-48.218008,50,12.839183
-56.497062,50,12.882197
-50.249053,50,12.914649
-51.385995,50,12.953116
-55.356394,50,12.999546
-54.516022,50,13.040869
-50.933016,50,13.073798
-50.715112,50,13.113824
-50.854465,50,13.162544
-53.523812,50,13.20969
-58.362683,50,13.242816
-54.932831,50,13.283773
-49.852195,50,13.343699
-51.35344,50,13.387323
-51.217308,50,13.436271
-61.707196,50,13.472045
-60.183365,50,13.925984
-45.435941,50,13.972327
-48.429985,50,14.015435
-52.035562,50,14.066649
-56.714142,50,14.110157
-52.873988,50,14.143959
-53.602057,50,14.181934
-59.317009,50,14.2189
-49.876355,50,14.251852
-50.55437,50,14.296011
-50.729919,50,14.331911
-58.924948,50,14.378953
-50.67234,50,14.42171
-48.216244,50,14.471743
-55.740641,50,14.51947
-52.944345,50,14.574029
-59.342341,50,14.631923
-48.070612,50,14.67354
-56.77261,50,14.724857
-56.026199,50,14.779801
-54.069944,50,14.832751
-51.17703,50,14.876551
-43.779982,50,14.941867
-49.37275,50,15.000398
-48.904055,50,15.052057
-55.209037,50,15.100962
-47.245201,50,15.156951
-52.558503,50,15.199706
-48.731508,50,15.235351
-56.291659,50,15.27058
-56.209043,50,15.31306
-49.030046,50,15.365279
-47.915968,50,15.41192
-61.184161,50,15.466695
-54.486821,50,15.504278
-42.775995,50,15.542934
-56.022619,50,15.593901
-55.441801,50,15.64028
-61.732361,50,15.693715
-44.808422,50,15.748406
-41.288923,50,15.796836
-50.42661,50,16.290752
-50.078681,50,16.349498
-43.465204,50,16.407475
-55.059152,50,16.468681
-40.812923,50,16.52742
-51.599343,50,16.579447
-55.656777,50,16.634221
-42.464826,50,16.682846
-50.373226,50,16.733275
-54.508046,50,16.777238
-52.250962,50,16.827956
-46.415367,50,16.871932
-43.906667,50,16.925338
-44.013156,50,16.960879
-46.66013,50,17.007543
-46.910773,50,17.050773
-48.881113,50,17.087057
-49.067846,50,17.120965
-44.929376,50,17.157372
-50.331036,50,17.201859
-46.969204,50,17.250218
-44.600858,50,17.298289
-49.090395,50,17.349144
-45.376867,50,17.405751
-48.671877,50,17.469621
-47.853416,50,17.523773
-44.94186,50,17.576059
-49.21084,50,17.632486
-46.69801,50,17.687903
-44.164224,50,17.74389
-43.558185,50,17.799357
-47.953087,50,17.85508
-51.462242,50,17.905955
-43.74565,50,17.957005
-44.0233,50,17.996534
-49.015128,50,18.047427
-43.534326,50,18.085228
-49.855469,50,18.130153
-45.309274,50,18.181257
-52.990486,50,18.226177
-45.667747,50,18.280336
-58.693769,50,18.758686
-48.878356,50,18.813076
-42.169416,50,18.866282
-34.333179,50,18.921023
-48.167652,50,18.96823
-48.7974,50,19.027776
-45.627548,50,19.081217
-52.053703,50,19.134848
-44.368588,50,19.182041
-42.391234,50,19.222923
-52.892674,50,19.259876
-55.158909,50,19.314598
-44.36307,50,19.369911
-38.696519,50,19.425487
-48.099191,50,19.481193
-48.661097,50,19.534785
-46.146622,50,19.591385
-48.702289,50,19.650914
-50.303904,50,19.704576
-37.070647,50,19.7639
-52.127623,50,19.824561
-49.456707,50,19.880709
-47.333584,50,19.931811
-50.790923,50,19.992724
-39.626162,50,20.041379
-49.773286,50,20.097242
-49.412311,50,20.14263
-52.844548,50,20.187103
-52.242035,50,20.229156
-50.970448,50,20.27365
-60.131831,50,20.324082
-44.799179,50,20.377196
-44.825564,50,20.431713
-46.081314,50,20.497032
-42.634802,50,20.551662
-40.958707,50,20.610202
-40.299316,50,20.673184
-48.431453,50,20.730115
-42.253928,50,20.765757
-50.315487,50,20.814254
-43.304759,50,20.856374
-42.761817,50,21.309138
-44.480861,50,21.375089
-44.306196,50,21.432071
-35.547787,50,21.490606
-54.27998,50,21.54877
-51.251634,50,21.613723
-50.231335,50,21.667289
-39.446781,50,21.722642
-48.086194,50,21.775775
-46.520443,50,21.8294
-39.45738,50,21.886044
-47.062994,50,21.936807
-38.527546,50,21.994281
-46.703614,50,22.038685
-38.609009,50,22.081489
-47.678856,50,22.125216
-48.353517,50,22.17438
-36.803956,50,22.220227
-46.638293,50,22.255122
-39.880681,50,22.302259
-50.142489,50,22.35971
-39.585783,50,22.4179
-45.818053,50,22.474533
-41.373243,50,22.529369
-54.679882,50,22.595136
-50.305718,50,22.64708
-48.90187,50,22.707278
-44.434158,50,22.749139
-41.30667,50,22.794084
-39.684904,50,22.851017
-47.177303,50,22.903513
-43.095977,50,22.950968
-45.025584,50,22.993001
-43.731719,50,23.050531
-41.002068,50,23.103858
-50.806727,50,23.154673
-39.644446,50,23.190619
-48.243938,50,23.241173
-45.21469,50,23.302656
-36.344766,50,23.357216
-45.459136,50,23.419581
-41.188199,50,23.890354
-51.250079,50,23.950617
-40.461929,50,24.000125
-38.04173,50,24.057127
-37.220128,50,24.108097
-38.771643,50,24.155485
-36.870561,50,24.199798
-38.182518,50,24.246035
-34.996474,50,24.301436
-40.395994,50,24.35946
-44.145072,50,24.417144
-43.060888,50,24.47418
-37.452914,50,24.530131
-40.768734,50,24.58341
-44.833108,50,24.641038
-44.517802,50,24.686276
-42.676138,50,24.728403
-47.73846,50,24.782976
-46.206156,50,24.824986
-45.123719,50,24.87185
-44.293284,50,24.921361
-33.622342,50,24.974178
-48.727236,50,25.02579
-43.662041,50,25.068587
-36.150174,50,25.124872
-39.026263,50,25.179507
-43.200255,50,25.223011
-41.188352,50,25.267578
-41.557079,50,25.312505
-35.254834,50,25.369926
-34.687655,50,25.418376
-47.30769,50,25.475886
-37.804547,50,25.532564
-46.616018,50,25.586436
-39.143212,50,25.639741
-41.154073,50,25.696005
-42.696453,50,25.749118
-44.271416,50,25.805303
-43.413042,50,25.861843
-40.905979,50,25.903352
-44.216891,50,25.955142
-39.436322,50,26.419021
-50.320641,50,26.473005
-44.665058,50,26.530425
-36.043416,50,26.593434
-43.141752,50,26.648869
-29.718261,50,26.711024
-37.732853,50,26.7666
-42.085874,50,26.826739
-36.773465,50,26.879671
-44.206975,50,26.939584
-35.303028,50,26.973129
-40.202828,50,27.008584
-45.072206,50,27.044005
-42.682036,50,27.077306
-40.8087,50,27.128643
-43.494884,50,27.185236
-35.551552,50,27.244703
-35.029783,50,27.294994
-35.50293,50,27.341091
-40.195041,50,27.38114
-35.342576,50,27.424969
-41.920458,50,27.482598
-33.308343,50,27.531667
-36.010603,50,27.591935
-34.657144,50,27.64921
-36.301088,50,27.704716
-37.006887,50,27.75966
-39.320878,50,27.822048
-36.162377,50,27.884486
-46.322189,50,27.940556
-42.492877,50,27.982488
-33.874591,50,28.020566
-45.155244,50,28.077707
-37.366314,50,28.115274
-39.220653,50,28.147881
-33.813182,50,28.186585
-43.012102,50,28.218443
-38.871293,50,28.257078
-37.566865,50,28.311192
-32.891385,50,28.360144
-41.304456,50,28.393107
-39.904966,50,28.869014
-39.849935,50,28.925951
-34.464035,50,28.984592
-33.031231,50,29.038721
-37.095356,50,29.100305
-37.870021,50,29.153892
-40.296547,50,29.213776
-41.727166,50,29.275025
-29.587289,50,29.32984
-34.521821,50,29.387096
-32.139431,50,29.444793
-34.330611,50,29.497552
-37.525629,50,29.553804
-36.396375,50,29.608476
-40.031041,50,29.659366
-27.211832,50,29.71652
-37.081803,50,29.772478
-39.32156,50,29.834078
-33.474679,50,29.891495
-32.724048,50,29.939599
-35.344172,50,29.99229
-36.42378,50,30.043998
-31.127039,50,30.096546
-32.295939,50,30.137551
-31.788875,50,30.190705
-42.739523,50,30.243919
-37.408121,50,30.290432
-34.489532,50,30.346289
-39.784361,50,30.403581
-32.845197,50,30.45926
-40.302435,50,30.511045
-39.572559,50,30.564742
-39.431615,50,30.624859
-34.794754,50,30.679987
-40.488645,50,30.737387
-39.564671,50,30.789476
-37.273253,50,30.850047
-34.904088,50,30.889673
-34.426426,50,30.921146
-36.886499,50,30.972349
-43.79186,50,31.016598
-33.576314,50,31.464362
-30.578237,50,31.51789
-39.26398,50,31.578948
-34.132801,50,31.636616
-34.93064,50,31.693314
-29.080555,50,31.749058
-30.457478,50,31.810461
-31.804834,50,31.860258
-30.373034,50,31.914468
-34.19987,50,31.966014
-31.928224,50,32.024856
-35.708651,50,32.065602
-35.240308,50,32.123019
-38.573665,50,32.169711
-34.464455,50,32.210982
-29.695342,50,32.261746
-36.417372,50,32.314505
-24.872453,50,32.361393
-35.324381,50,32.40355
-28.921196,50,32.447938
-36.455103,50,32.501229
-32.208303,50,32.559567
-39.058305,50,32.614415
-30.009087,50,32.673033
-31.619253,50,32.729135
-28.086242,50,32.785835
-30.378632,50,32.844105
-33.429234,50,32.886455
-39.232906,50,32.936272
-35.79425,50,32.979919
-32.789181,50,33.019327
-28.66732,50,33.057509
-34.285194,50,33.100362
-32.407824,50,33.142518
-38.317699,50,33.18772
-38.877735,50,33.239394
-32.670573,50,33.284967
-28.801568,50,33.328599
-30.496322,50,33.383731
-32.276026,50,33.42416
-31.757495,50,33.479258
-34.016309,50,33.934437
-27.175681,50,33.993291
-25.292999,50,34.053334
-32.454345,50,34.108696
-31.728035,50,34.169308
-24.079526,50,34.231868
-31.179894,50,34.268096
-34.188417,50,34.324203
-28.963179,50,34.364992
-33.380884,50,34.411052
-39.809399,50,34.462912
-28.580083,50,34.510999
-24.127021,50,34.567468
-25.21605,50,34.623534
-29.91496,50,34.675992
-33.168671,50,34.730128
-25.587616,50,34.784704
-30.733276,50,34.840071
-30.436892,50,34.905025
-30.876331,50,34.956516
-42.656213,50,35.013536
-31.486616,50,35.065444
-31.306578,50,35.121882
-34.687069,50,35.183843
-38.402593,50,35.239132
-33.414199,50,35.275914
-28.880582,50,35.321426
-25.933762,50,35.357735
-27.52365,50,35.40134
-36.745582,50,35.438292
-27.611022,50,35.493183
-31.843782,50,35.541378
-31.501818,50,35.59908
-29.765081,50,35.653277
-32.92809,50,35.707577
-28.319506,50,35.768739
-26.266126,50,35.827634
-35.821147,50,35.884537
-29.336677,50,35.932751
-31.264166,50,35.986305
-34.77469,50,36.026957
-26.349657,50,36.47123
-32.018625,50,36.513743
-27.478852,50,36.570911
-24.076387,50,36.623396
-29.927547,50,36.677054
-29.345222,50,36.730469
-32.284356,50,36.780724
-23.545254,50,36.840835
-32.583412,50,36.891529
-25.988542,50,36.944098
-27.201369,50,37.003689
-34.427853,50,37.056791
-32.831815,50,37.101828
-31.979591,50,37.153061
-27.874376,50,37.201077
-31.321319,50,37.247502
-28.856434,50,37.294345
-28.98989,50,37.335972
-31.028095,50,37.375138
-29.945021,50,37.414927
-29.044936,50,37.459029
-31.135962,50,37.515164
-29.049053,50,37.571025
-28.05017,50,37.626538
-39.536208,50,37.676424
-25.823822,50,37.73404
-22.979424,50,37.787812
-28.053635,50,37.843847
-30.54099,50,37.894258
-21.792228,50,37.955606
-25.827866,50,38.012147
-26.670656,50,38.063738
-28.741596,50,38.122116
-31.008636,50,38.168957
-36.434182,50,38.221433
-31.308843,50,38.270714
-29.278829,50,38.318182
-23.976016,50,38.373116
-31.897445,50,38.414011
-21.688277,50,38.455939
-25.080335,50,38.518042
-28.227462,50,38.980637
-29.627169,50,39.039406
-31.279903,50,39.09531
-23.689163,50,39.155164
-28.982429,50,39.216099
-26.305537,50,39.27848
-30.618228,50,39.329361
-24.39155,50,39.382853
-30.719746,50,39.425429
-25.431663,50,39.463031
-23.759816,50,39.511242
-22.728241,50,39.564796
-23.483681,50,39.616972
-26.058954,50,39.670944
-22.600922,50,39.731148
-32.108337,50,39.778641
-26.118695,50,39.813638
-27.089985,50,39.856273
-28.958414,50,39.905628
-19.996164,50,39.942086
-30.612515,50,39.995308
-24.403097,50,40.046452
-25.182994,50,40.10157
-33.102186,50,40.147891
-26.398081,50,40.196023
-21.478394,50,40.239093
-20.535051,50,40.283108
-22.277882,50,40.322552
-24.66212,50,40.380434
-23.878651,50,40.441035
-23.883566,50,40.493149
-20.536674,50,40.546643
-24.416681,50,40.599245
-23.396268,50,40.63828
-24.187729,50,40.692896
-22.717877,50,40.740551
-26.891466,50,40.787176
-28.270044,50,40.835795
-26.611057,50,40.893166
-21.958882,50,40.942297
-27.371388,50,40.980943
-27.245342,50,41.456931
-22.316452,50,41.513711
-22.433286,50,41.561479
-30.616033,50,41.610074
-23.246793,50,41.662553
-22.73684,50,41.700867
-29.967924,50,41.749101
-20.768275,50,41.78701
-25.714952,50,41.824155
-19.491139,50,41.88022
-33.035375,50,41.935062
-22.788883,50,41.975389
-23.585522,50,42.012613
-19.961007,50,42.062389
-24.315078,50,42.105575
-22.549475,50,42.156935
-19.284324,50,42.197457
-22.783319,50,42.242269
-26.326611,50,42.293019
-31.576784,50,42.348797
-21.825725,50,42.403676
-27.37267,50,42.456698
-24.535837,50,42.511695
-29.047442,50,42.553219
-21.913091,50,42.609762
-23.358536,50,42.653693
-22.705534,50,42.712227
-24.907961,50,42.756551
-24.487087,50,42.806229
-27.508417,50,42.851203
-26.211555,50,42.89284
-25.694899,50,42.946978
-24.656301,50,42.990293
-21.649004,50,43.044522
-26.309959,50,43.103104
-25.771427,50,43.144588
-30.741373,50,43.183364
-26.164968,50,43.231027
-18.784149,50,43.284789
-22.383605,50,43.329344
-25.585051,50,43.390195
-20.215044,50,43.88504
-14.944415,50,43.937708
-24.799565,50,43.986674
-20.370386,50,44.036531
-24.938742,50,44.077971
-23.636631,50,44.118335
-19.199842,50,44.17242
-24.50544,50,44.226445
-20.662373,50,44.270577
-25.179033,50,44.307663
-24.03283,50,44.346725
-25.359555,50,44.381418
-18.186373,50,44.418131
-26.71363,50,44.459304
-22.762616,50,44.502243
-23.187682,50,44.538751
-24.260608,50,44.579784
-20.533111,50,44.614815
-25.420303,50,44.668761
-19.045583,50,44.721931
-26.157841,50,44.772243
-22.378948,50,44.815222
-22.704264,50,44.866139
-32.048092,50,44.918912
-21.90357,50,44.977935
-23.428479,50,45.035319
-20.092568,50,45.086564
-19.820162,50,45.14124
-23.03865,50,45.197352
-24.619821,50,45.248056
-21.211766,50,45.302433
-21.461358,50,45.35993
-24.270364,50,45.417517
-19.75964,50,45.469012
-20.370903,50,45.520844
-22.436576,50,45.567405
-22.826469,50,45.615114
-26.156552,50,45.666338
-17.443088,50,45.709813
-20.062775,50,45.746117
-20.817401,50,45.798944
-21.515078,50,46.26365
-19.03891,50,46.321306
-20.196261,50,46.382176
-20.676312,50,46.439822
-22.552986,50,46.492011
-21.576614,50,46.549647
-19.493303,50,46.607592
-20.236079,50,46.672467
-18.261392,50,46.730868
-18.432188,50,46.772433
-18.448277,50,46.820322
-18.013378,50,46.864777
-25.567636,50,46.911813
-21.953369,50,46.961222
-22.51802,50,47.021092
-16.891507,50,47.059493
-19.437864,50,47.115864
-21.421652,50,47.164122
-17.120752,50,47.20256
-19.229627,50,47.258049
-17.604569,50,47.31274
-26.04918,50,47.367736
-20.697976,50,47.432103
-19.200952,50,47.493475
-21.523491,50,47.547724
-18.447097,50,47.611472
-16.536755,50,47.663856
-20.736702,50,47.708125
-26.758918,50,47.7567
-20.948546,50,47.811025
-17.852063,50,47.859512
-20.943997,50,47.90591
-21.17305,50,47.953328
-22.224639,50,48.0153
-19.31474,50,48.064648
-25.686005,50,48.102781
-24.636475,50,48.159906
-23.049006,50,48.212178
-20.601452,50,48.267601
-26.554435,50,48.328379
-16.623423,50,48.387135
-19.815062,50,48.870483
-14.444917,50,48.919775
-19.535537,50,48.976432
-23.828996,50,49.022344
-14.214981,50,49.079682
-17.673274,50,49.145047
-19.527715,50,49.202106
-18.769407,50,49.258341
-13.276291,50,49.320846
-20.007524,50,49.389404
-22.607493,50,49.448927
-22.190335,50,49.500365
-19.514657,50,49.558454
-20.198902,50,49.62039
-14.762425,50,49.676759
-23.715592,50,49.718034
-17.691694,50,49.781962
-17.448358,50,49.837212
-23.180592,50,49.89249
-19.469191,50,49.945249
-19.293293,50,49.989324
-20.722374,50,50.044693
-16.154659,50,50.099178
-18.054241,50,50.144414
-18.831736,50,50.190305
-18.649182,50,50.244322
-21.213108,50,50.302645
-17.877985,50,50.358944
-26.196237,50,50.410917
-20.44287,50,50.470201
-18.130094,50,50.535616
-23.848565,50,50.593482
-21.660922,50,50.65538
-19.692915,50,50.708649
-21.507158,50,50.767758
-23.196271,50,50.815015
-24.285758,50,50.8562
-19.242491,50,50.896361
-18.598109,50,50.952546
-14.767048,50,50.991604
-19.982392,50,51.037331
-22.924007,50,51.526038
-17.14111,50,51.578838
-16.250102,50,51.638633
-23.225646,50,51.690183
-16.619692,50,51.740742
-20.811021,50,51.805951
-16.68623,50,51.860869
-21.614618,50,51.914421
-18.299033,50,51.971978
-25.356087,50,52.015908
-19.646962,50,52.063597
-17.786825,50,52.111774
-18.037515,50,52.164968
-18.991712,50,52.214021
-21.597061,50,52.247977
-19.133441,50,52.284695
-21.210419,50,52.338102
-17.130734,50,52.381303
-20.418572,50,52.420437
-15.46218,50,52.458066
-17.933824,50,52.504511
-17.741949,50,52.552426
-20.102807,50,52.592521
-18.527308,50,52.642333
-21.56997,50,52.682823
-19.618328,50,52.729033
-20.759259,50,52.787717
-22.317312,50,52.83777
-15.792056,50,52.885142
-16.05623,50,52.936912
-16.543445,50,52.97937
-19.759111,50,53.040552
-22.611087,50,53.10202
-15.655123,50,53.162103
-19.520331,50,53.208392
-22.107763,50,53.252001
-13.515592,50,53.288804
-18.390283,50,53.343621
-17.298662,50,53.397988
-17.44515,50,53.44938
-16.576125,50,53.491168
-18.105196,50,53.938151
-14.25634,50,53.984159
-23.018141,50,54.03642
-20.322076,50,54.079268
-16.519385,50,54.130233
-17.646455,50,54.17929
-15.007552,50,54.23419
-20.291803,50,54.281367
-17.857827,50,54.315622
-21.410941,50,54.348549
-18.712592,50,54.382895
-18.506324,50,54.416936
-15.09123,50,54.465905
-16.882073,50,54.517212
-13.627572,50,54.581513
-13.539583,50,54.647708
-15.704385,50,54.700827
-18.056466,50,54.75671
-14.609512,50,54.812438
-17.786016,50,54.869797
-22.870999,50,54.922228
-14.585808,50,54.963827
-15.462495,50,55.010881
-14.388201,50,55.053584
-17.764538,50,55.083381
-15.505065,50,55.146214
-18.108081,50,55.205981
-19.522827,50,55.246311
-19.14203,50,55.289108
-16.958343,50,55.337517
-14.882264,50,55.378869
-17.980448,50,55.431073
-13.315999,50,55.47219
-18.291615,50,55.536938
-15.559923,50,55.577678
-17.365616,50,55.623709
-22.838456,50,55.680848
-16.624907,50,55.727724
-19.793676,50,55.788358
-15.805226,50,55.837383
-16.321087,50,55.88827
-16.456163,50,56.367306
-15.115657,50,56.408498
-16.103406,50,56.464379
-17.076881,50,56.508605
-20.389591,50,56.563895
-15.962337,50,56.619804
-17.300711,50,56.669289
-17.15522,50,56.723122
-12.959959,50,56.775926
-12.310575,50,56.823894
-13.979801,50,56.871566
-18.470786,50,56.91715
-14.409822,50,56.958138
-14.563857,50,57.017528
-16.274414,50,57.077873
-18.318066,50,57.136282
-17.139159,50,57.183852
-12.935655,50,57.2308
-18.839554,50,57.281496
-16.150252,50,57.33452
-16.148585,50,57.385689
-17.99111,50,57.439113
-16.6527,50,57.493483
-14.591155,50,57.548495
-12.938764,50,57.58763
-16.798906,50,57.623156
-13.991976,50,57.678209
-14.154126,50,57.732944
-19.529354,50,57.781882
-12.032172,50,57.832499
-20.452634,50,57.876142
-16.892042,50,57.916041
-16.023442,50,57.954483
-14.75762,50,58.00561
-19.761793,50,58.055736
-15.329197,50,58.10486
-15.560465,50,58.149701
-15.993368,50,58.203842
-14.815326,50,58.25255
-20.776832,50,58.295167
-13.381626,50,58.350707
-19.716783,50,58.838666
-12.180467,50,58.896162
-12.493869,50,58.9517
-14.511552,50,59.009561
-13.667456,50,59.066509
-12.594416,50,59.122767
-17.275311,50,59.178612
-17.544166,50,59.230434
-14.577172,50,59.290391
-18.82469,50,59.346053
-14.740495,50,59.408209
-20.94026,50,59.457428
-14.823458,50,59.510566
-12.341195,50,59.58171
-17.368902,50,59.639484
-13.904464,50,59.700571
-19.484585,50,59.757657
-16.347932,50,59.817798
-14.257914,50,59.874974
-18.677676,50,59.927957
-13.727718,50,59.975865
-15.951077,50,60.027031
-15.679101,50,60.090081
-13.69668,50,60.145875
-19.5461,50,60.205081
-18.04825,50,60.261068
-15.283184,50,60.318369
-16.007882,50,60.370261
-11.816385,50,60.419475
-11.952187,50,60.479292
-15.785946,50,60.533905
-20.10736,50,60.577609
-18.059807,50,60.625924
-15.275366,50,60.672665
-18.696288,50,60.716034
-14.917104,50,60.783686
-14.906362,50,60.83319
-18.187103,50,60.886912
-15.641799,50,60.950482
-16.783461,50,61.012266
-13.534606,50,61.058511
-18.886751,50,61.546654
-15.452822,50,61.584796
-17.377273,50,61.625502
-20.367495,50,61.662275
-13.205219,50,61.700458
-16.599232,50,61.755588
-13.843114,50,61.808765
-14.573275,50,61.857889
-14.483054,50,61.914044
-11.616154,50,61.969879
-12.880374,50,62.026358
-17.417407,50,62.058711
-10.352378,50,62.095114
-14.199574,50,62.134463
-14.468431,50,62.168782
-12.452163,50,62.204476
-12.931633,50,62.24486
-17.840952,50,62.279898
-12.203489,50,62.320042
-13.941683,50,62.355911
-16.938683,50,62.390979
-17.881789,50,62.427334
-16.155713,50,62.462787
-11.314365,50,62.507404
-15.316098,50,62.55323
-14.274349,50,62.610771
-13.263976,50,62.652558
-14.026121,50,62.689122
-13.985173,50,62.741241
-18.791976,50,62.780395
-18.547551,50,62.82971
-20.89877,50,62.886561
-14.069746,50,62.926636
-16.67467,50,62.96334
-12.833733,50,63.008259
-17.03128,50,63.04928
-15.648827,50,63.086624
-15.098014,50,63.124215
-14.328495,50,63.161854
-17.347392,50,63.20313
-17.177519,50,63.249738
-20.549048,50,63.732779
-17.243093,50,63.764744
-15.515445,50,63.801152
-12.897124,50,63.833714
-15.567743,50,63.870511
-17.228493,50,63.913584
-11.219382,50,63.963002
-15.096884,50,64.002215
-15.370898,50,64.046938
-12.832818,50,64.107406
-17.024042,50,64.149199
-15.952543,50,64.18616
-17.587015,50,64.219398
-13.346229,50,64.25139
-9.862994,50,64.284583
-13.514675,50,64.332937
-17.346774,50,64.369557
-20.486445,50,64.402617
-10.681678,50,64.435522
-15.466329,50,64.468054
-14.44563,50,64.500501
-12.01809,50,64.532849
-15.565798,50,64.565269
-14.674549,50,64.597811
-10.195545,50,64.630091
-18.071961,50,64.665316
-12.639369,50,64.704797
-15.12632,50,64.754263
-16.66499,50,64.795936
-13.098499,50,64.840629
-13.985797,50,64.882581
-17.238029,50,64.913134
-15.313794,50,64.947303
-14.046528,50,64.995221
-16.203181,50,65.047131
-10.604859,50,65.089931
-13.536268,50,65.135721
-15.801362,50,65.185374
-15.12878,50,65.218137
-12.74423,50,65.250068
-17.057711,50,65.687555
-17.142325,50,65.723166
-12.948806,50,65.755941
-15.356718,50,65.788182
-15.271884,50,65.820375
-9.653267,50,65.858303
-13.672426,50,65.912392
-11.527935,50,65.95405
-14.404165,50,66.002922
-13.79826,50,66.038571
-12.528633,50,66.074943
-16.721633,50,66.107478
-14.612349,50,66.141283
-13.177611,50,66.186736
-17.405504,50,66.229502
-13.461403,50,66.262882
-11.142188,50,66.299453
-13.487041,50,66.33309
-10.209709,50,66.375225
-14.454767,50,66.415982
-19.610475,50,66.455245
-9.132166,50,66.4871
-13.349825,50,66.517607
-9.415585,50,66.549294
-11.18523,50,66.581656
-12.80037,50,66.611425
-13.644666,50,66.641253
-10.99388,50,66.670986
-12.215634,50,66.700856
-13.681805,50,66.731299
-11.951712,50,66.765424
-12.687487,50,66.809232
-13.957284,50,66.846487
-14.737422,50,66.883909
-15.648641,50,66.935203
-9.649501,50,66.970867
-14.288587,50,67.016454
-10.97109,50,67.051413
-15.336961,50,67.087723
-11.033415,50,67.14737
-11.176739,50,67.205951
-12.209951,50,67.665127
-13.448507,50,67.699635
-12.758434,50,67.740131
-12.858702,50,67.777958
-10.92947,50,67.815182
-10.554832,50,67.851094
-9.227264,50,67.884465
-11.333621,50,67.944109
-14.101268,50,67.991917
-12.713852,50,68.033872
-16.831162,50,68.072396
-10.805726,50,68.12572
-11.290063,50,68.16481
-9.305769,50,68.204783
-15.195633,50,68.265626
-13.249485,50,68.335952
-14.100511,50,68.404199
-13.960674,50,68.47495
-15.234194,50,68.546252
-11.463551,50,68.624912
-11.946137,50,68.698259
-12.152037,50,68.769663
-13.605908,50,68.846234
-12.69175,50,68.922549
-15.593266,50,68.991595
-14.372161,50,69.061796
-12.483581,50,69.130243
-15.920505,50,69.198519
-17.938008,50,69.270777
-16.29383,50,69.342142
-10.462281,50,69.419474
-11.941456,50,69.493421
-14.798993,50,69.565996
-11.656356,50,69.638417
-17.404069,50,69.710935
-16.928355,50,69.783737
-9.318366,50,69.858798
-13.574,50,69.932668
-12.717614,50,70.005219
-16.876514,50,70.078113
-14.998888,50,70.152855
-13.153844,50,71.124186
-11.201265,50,71.202896
-10.584599,50,71.279938
-14.225668,50,71.349505
-19.525429,50,71.418368
-14.915665,50,71.491831
-9.533612,50,71.563964
-11.702283,50,71.638409
-12.954643,50,71.711166
-14.549934,50,71.782409
-10.539084,50,71.855731
-11.297082,50,71.906966
-13.01495,50,71.951311
-14.513116,50,71.985979
-13.60546,50,72.0201
-10.069506,50,72.05581
-9.031077,50,72.090529
-10.671011,50,72.147462
-11.980684,50,72.218876
-9.41918,50,72.2912
-13.046235,50,72.36009
-13.093395,50,72.43191
-19.426712,50,72.503361
-11.835556,50,72.573539
-10.452042,50,72.646566
-9.504397,50,72.717044
-10.642111,50,72.789163
-15.214377,50,72.858988
-13.633761,50,72.931468
-12.485692,50,73.002989
-10.044488,50,73.072587
-10.306652,50,73.140418
-11.036054,50,73.211817
-19.209247,50,73.280755
-13.05977,50,73.351922
-17.164158,50,73.420493
-16.966069,50,73.491716
-10.943157,50,73.563438
-11.737585,50,73.635387
-12.170974,50,73.706233
-10.412099,50,73.779078
-18.070642,50,74.697329
-10.824905,50,74.771103
-17.73994,50,74.840084
-15.156584,50,74.913193
-14.750076,50,74.982612
-10.576451,50,75.050961
-13.196848,50,75.120746
-11.76727,50,75.189933
-9.369467,50,75.260872
-11.735715,50,75.331543
-12.339662,50,75.402746
-14.49481,50,75.472811
-15.603193,50,75.540268
-12.261939,50,75.607999
-13.279201,50,75.677684
-12.14749,50,75.74929
-10.915349,50,75.819024
-13.640014,50,75.886922
-12.418195,50,75.956496
-15.537321,50,76.027153
-15.913833,50,76.066023
-13.826093,50,76.101544
-12.640442,50,76.137494
-9.943952,50,76.175955
-16.254717,50,76.212376
-10.985636,50,76.24603
-14.591204,50,76.279761
-9.939661,50,76.313039
-13.664488,50,76.346911
-17.243662,50,76.380279
-16.188214,50,76.417252
-9.998829,50,76.459336
-8.869963,50,76.496039
-10.754615,50,76.540571
-9.54669,50,76.572456
-15.285588,50,76.60738
-13.619556,50,76.640268
-13.490666,50,76.674125
-17.133226,50,76.710206
-11.220716,50,76.747106
-11.238354,50,76.7797
-10.790306,50,77.248026
-10.312293,50,77.295345
-9.670259,50,77.330388
-13.61412,50,77.362505
-8.794262,50,77.399191
-16.978627,50,77.436024
-11.401722,50,77.468596
-9.887651,50,77.508658
-11.908158,50,77.544617
-13.743742,50,77.584311
-18.836366,50,77.629241
-12.098301,50,77.668426
-11.193411,50,77.707003
-9.034798,50,77.750764
-12.677551,50,77.782539
-15.384722,50,77.814604
-16.148415,50,77.855549
-9.998603,50,77.917115
-13.360897,50,77.973012
-11.268617,50,78.014157
-10.433071,50,78.066454
-15.551324,50,78.120341
-7.601034,50,78.165914
-15.312149,50,78.211691
-11.226986,50,78.249021
-13.087517,50,78.296606
-14.40809,50,78.344471
-12.475141,50,78.378572
-10.663574,50,78.410885
-13.633681,50,78.455928
-11.291843,50,78.493839
-13.404497,50,78.525834
-12.585176,50,78.578026
-21.627899,50,78.611371
-15.157304,50,78.643674
-13.304711,50,78.678582
-13.657431,50,78.723131
-10.448452,50,78.766326
-11.401179,50,78.809838
-13.192112,50,78.842545
-12.769525,50,78.883479
-15.738949,50,79.327227
-13.002391,50,79.378919
-11.131019,50,79.429257
-11.632646,50,79.468579
-9.599708,50,79.506052
-9.938666,50,79.537265
-14.988816,50,79.588131
-9.983484,50,79.633789
-10.926879,50,79.670312
-17.899028,50,79.715173
-10.873494,50,79.769072
-11.710464,50,79.825535
-11.936825,50,79.881858
-14.094982,50,79.94007
-10.589279,50,79.993167
-14.336815,50,80.031628
-8.839824,50,80.080328
-9.844191,50,80.121362
-11.366455,50,80.156547
-13.755408,50,80.197024
-16.150451,50,80.257663
-12.459582,50,80.303941
-13.539242,50,80.370229
-13.574217,50,80.432582
-9.053345,50,80.472075
-14.502433,50,80.516503
-15.660327,50,80.569208
-14.641964,50,80.619914
-18.339119,50,80.672564
-13.218765,50,80.728556
-13.096445,50,80.789912
-12.456236,50,80.855641
-12.035562,50,80.92139
-16.963878,50,80.98152
-10.121222,50,81.043339
-13.621621,50,81.102008
-13.500915,50,81.159024
-11.601938,50,81.215551
-10.742737,50,81.275424
-13.170339,50,81.333458
-14.649954,50,81.386305
-11.921291,50,81.854694
-16.467969,50,81.915114
-14.397586,50,81.95747
-12.743149,50,82.016144
-13.435363,50,82.066262
-14.441036,50,82.104009
-10.260065,50,82.137804
-12.907569,50,82.181128
-9.391315,50,82.21879
-11.727106,50,82.262459
-9.189034,50,82.291942
-8.588347,50,82.322466
-13.753993,50,82.366599
-9.965961,50,82.401749
-9.308865,50,82.436791
-10.879566,50,82.487504
-13.607909,50,82.545985
-14.533332,50,82.6051
-12.505159,50,82.651271
-15.902681,50,82.695687
-12.233567,50,82.746655
-13.556803,50,82.778541
-13.236955,50,82.82527
-9.642707,50,82.880281
-9.89672,50,82.923881
-10.960252,50,82.976551
-9.375204,50,83.018073
-14.956206,50,83.062489
-10.827898,50,83.103047
-11.17555,50,83.150033
-13.655911,50,83.190098
-11.427593,50,83.243238
-9.001387,50,83.283487
-11.480851,50,83.33041
-15.471362,50,83.375374
-14.376091,50,83.430287
-10.330277,50,83.47594
-11.194655,50,83.528103
-13.948899,50,83.56301
-11.695004,50,83.612591
-13.449667,50,83.661251
-13.881607,50,84.144902
-13.373652,50,84.206045
-8.445552,50,84.256192
-9.120525,50,84.317875
-12.039973,50,84.351708
-13.973021,50,84.406389
-13.456085,50,84.454535
-12.721695,50,84.503139
-11.531096,50,84.549381
-8.344874,50,84.601406
-11.366505,50,84.658122
-16.143572,50,84.71666
-10.867491,50,84.758476
-9.277954,50,84.815618
-16.230442,50,84.865749
-9.685319,50,84.908594
-16.766899,50,84.952036
-9.338076,50,84.996735
-8.098247,50,85.050391
-10.863874,50,85.099197
-11.650208,50,85.155295
-11.476606,50,85.212666
-9.455019,50,85.271631
-12.205017,50,85.313313
-14.961516,50,85.364025
-12.147158,50,85.410666
-14.902107,50,85.469379
-10.163681,50,85.506104
-10.849971,50,85.558813
-8.682901,50,85.609948
-16.84178,50,85.665738
-14.541698,50,85.719807
-15.7262,50,85.779953
-18.124263,50,85.83458
-11.982974,50,85.88376
-12.518004,50,85.941871
-17.20748,50,85.990574
-10.34635,50,86.04068
-9.353078,50,86.085695
-8.859975,50,86.129769
-16.428518,50,86.170094
-11.114462,50,86.658139
-6.294326,50,86.71138
-10.308873,50,86.749544
-16.093168,50,86.799525
-10.48581,50,86.850598
-8.998078,50,86.883665
-9.297528,50,86.934043
-8.297315,50,86.977096
-9.655143,50,87.027747
-12.948116,50,87.082966
-10.029854,50,87.140925
-10.028,50,87.204959
-16.742371,50,87.270564
-14.262181,50,87.325546
-16.033783,50,87.38719
-10.87662,50,87.451073
-15.598122,50,87.517422
-8.794043,50,87.578913
-6.672036,50,87.63968
-8.718173,50,87.700169
-12.501357,50,87.760845
-9.256372,50,87.808208
-13.18424,50,87.857625
-10.958693,50,87.916882
-10.625562,50,87.975875
-10.935839,50,88.027182
-13.356636,50,88.081317
-10.462753,50,88.140994
-13.970289,50,88.192858
-14.058238,50,88.232582
-6.951371,50,88.295425
-13.160332,50,88.338423
-15.724286,50,88.39349
-17.115568,50,88.441236
-7.20268,50,88.483885
-11.817805,50,88.524132
-10.733109,50,88.577068
-10.13496,50,88.639688
-12.316467,50,88.681663
-8.971123,50,88.7314
-9.459442,50,88.776496
-9.333656,50,89.264619
-9.470146,50,89.325256
-12.198419,50,89.379915
-13.621784,50,89.44308
-9.994366,50,89.482062
-11.724133,50,89.52362
-15.54999,50,89.560644
-17.314898,50,89.60145
-13.198085,50,89.658316
-12.924899,50,89.715428
-9.806144,50,89.763921
-7.506434,50,89.808626
-10.94634,50,89.849142
-11.237029,50,89.893466
-10.138572,50,89.936324
-12.708526,50,89.980972
-11.327117,50,90.01828
-11.347902,50,90.065442
-8.454368,50,90.106526
-11.996974,50,90.146384
-11.965875,50,90.193036
-10.333724,50,90.239509
-18.90712,50,90.29793
-10.99282,50,90.35273
-9.368672,50,90.391072
-8.457132,50,90.436352
-17.183323,50,90.491852
-6.932993,50,90.535798
-17.301213,50,90.580955
-14.3562,50,90.620838
-12.180166,50,90.673888
-10.15469,50,90.719239
-8.047657,50,90.759665
-14.451598,50,90.815027
-15.285529,50,90.861771
-10.986445,50,90.909283
-10.55911,50,90.950881
-11.888717,50,90.989353
-14.309773,50,91.043939
-11.935345,50,91.085131
-13.901967,50,91.135686
-10.95244,50,91.591844
-6.775777,50,91.645723
-7.954821,50,91.699002
-18.323554,50,91.741983
-9.299821,50,91.780156
-15.969647,50,91.826489
-16.723516,50,91.866824
-7.157361,50,91.912694
-10.995028,50,91.954258
-8.581338,50,92.002583
-11.19975,50,92.04665
-15.338782,50,92.082155
-12.756815,50,92.133914
-17.297373,50,92.173522
-8.828547,50,92.205478
-14.193285,50,92.253227
-16.718428,50,92.297527
-8.273465,50,92.349577
-10.685442,50,92.408995
-12.096036,50,92.447312
-9.595141,50,92.509271
-8.817551,50,92.568594
-8.718078,50,92.617043
-11.739022,50,92.672968
-10.675372,50,92.736617
-16.03129,50,92.790689
-9.278397,50,92.846453
-15.429328,50,92.898579
-7.971591,50,92.944112
-10.135408,50,92.996958
-10.401007,50,93.047197
-16.391537,50,93.10245
-12.40365,50,93.139016
-13.273724,50,93.181461
-10.106938,50,93.231599
-11.410957,50,93.283346
-8.813418,50,93.323472
-15.890892,50,93.359052
-10.810537,50,93.406935
-13.669108,50,93.458673
-19.101376,50,93.509104
-11.654306,50,93.994926
-14.394379,50,94.034528
-6.757145,50,94.081572
-10.335398,50,94.139228
-8.837453,50,94.197876
-5.686624,50,94.253186
-16.213277,50,94.303758
-12.783451,50,94.342083
-8.698874,50,94.383054
-7.07709,50,94.435779
-8.425799,50,94.485359
-11.724119,50,94.539181
-12.32841,50,94.581173
-13.987608,50,94.638927
-10.855863,50,94.691726
-9.431247,50,94.748926
-5.7051,50,94.803645
-10.178153,50,94.854693
-8.726671,50,94.90854
-9.466051,50,94.96354
-12.94198,50,95.020885
-11.937681,50,95.069978
-11.039981,50,95.109638
-15.357533,50,95.141331
-8.242927,50,95.198874
-10.283371,50,95.242656
-11.445312,50,95.288859
-14.683468,50,95.342584
-8.09475,50,95.380788
-7.097501,50,95.432991
-9.122836,50,95.478878
-13.427308,50,95.55112
-9.586949,50,95.605904
-12.713033,50,95.646135
-9.118161,50,95.699631
-12.733058,50,95.741458
-16.168079,50,95.780913
-8.784364,50,95.830915
-8.275245,50,95.8758
-13.86695,50,95.928932
-6.981826,50,95.989142
-15.621398,50,96.438125
-5.921339,50,96.490526
-10.28131,50,96.532109
-12.8348,50,96.57356
-11.989422,50,96.628569
-12.65846,50,96.681908
-16.361975,50,96.736682
-7.612637,50,96.78299
-12.568927,50,96.830429
-11.232213,50,96.87277
-12.767315,50,96.912278
-11.361816,50,96.950389
-12.441218,50,96.996853
-15.852582,50,97.051484
-10.952957,50,97.109851
-13.853788,50,97.164446
-5.885262,50,97.218271
-15.115411,50,97.275362
-15.198054,50,97.325968
-12.445486,50,97.377357
-16.00857,50,97.417797
-15.946126,50,97.465725
-12.166813,50,97.502938
-13.318505,50,97.544525
-13.774297,50,97.593688
-10.407179,50,97.625129
-8.796107,50,97.665101
-13.767982,50,97.703163
-8.078224,50,97.756605
-7.952279,50,97.807243
-10.402917,50,97.857613
-8.331629,50,97.891956
-12.42198,50,97.924335
-11.290056,50,97.966594
-16.549528,50,98.023998
-9.985309,50,98.081489
-10.089649,50,98.135115
-8.998822,50,98.188666
-12.706707,50,98.247124
-5.648775,50,98.293793
-8.744726,50,98.345986
-6.100782,50,98.782166
-12.618878,50,98.827712
-9.846392,50,98.865675
-8.898414,50,98.900974
-8.324752,50,98.935787
-8.377816,50,98.996733
-12.827131,50,99.053149
-17.271749,50,99.111181
-9.378552,50,99.17034
-8.585026,50,99.22389
-12.96732,50,99.280133
-15.449137,50,99.338755
-13.191338,50,99.397804
-11.609462,50,99.453677
-14.255074,50,99.506844
-8.336272,50,99.551141
-7.510658,50,99.587428
-12.241805,50,99.632516
-6.862982,50,99.674156
-10.707437,50,99.724121
-7.921856,50,99.762125
-5.924263,50,99.809107
-10.112713,50,99.848248
-13.435019,50,99.890621
-10.366383,50,99.944441
-7.708568,50,99.99072
-11.04042,50,100.044506
-6.672479,50,100.098107
-8.60684,50,100.152773
-10.470712,50,100.206766
-5.98659,50,100.26825
-11.39163,50,100.320869
-13.014566,50,100.377152
-10.863238,50,100.433845
-13.977836,50,100.483452
-14.510289,50,100.530137
-7.185673,50,100.580508
-15.86972,50,100.618115
-9.009346,50,100.667236
-11.698752,50,100.708336
-10.062665,50,100.749055
-16.951506,50,101.214101
-15.832534,50,101.269542
-7.165075,50,101.322076
-9.214387,50,101.379018
-7.930446,50,101.430111
-12.01412,50,101.492591
-12.120951,50,101.545701
-12.495344,50,101.605886
-9.790911,50,101.657801
-10.915104,50,101.716529
-12.739558,50,101.758749
-6.394826,50,101.79794
-6.470195,50,101.840121
-13.124086,50,101.881161
-14.004737,50,101.926188
-8.259101,50,101.968659
-8.19224,50,102.011822
-10.70362,50,102.055036
-10.21202,50,102.094622
-7.247368,50,102.146555
-8.621402,50,102.201441
-11.028556,50,102.250866
-10.425909,50,102.310592
-8.374748,50,102.365246
-6.338738,50,102.417215
-8.954798,50,102.473124
-10.034092,50,102.534777
-15.788749,50,102.578827
-14.151909,50,102.6167
-8.667512,50,102.658335
-16.061364,50,102.695774
-7.994146,50,102.734825
-12.883915,50,102.7729
-9.935611,50,102.816971
-7.322412,50,102.86493
-7.705915,50,102.904014
-14.193664,50,102.950449
-8.011281,50,102.985114
-8.877468,50,103.028555
-15.801681,50,103.063664
-9.468537,50,103.094486
-6.723149,50,103.559131
-8.278332,50,103.610588
-8.363819,50,103.66386
-5.182251,50,103.722898
-14.967123,50,103.77493
-15.819649,50,103.836874
-8.660166,50,103.894098
-8.077688,50,103.955584
-7.461725,50,104.00299
-14.93422,50,104.063538
-7.705199,50,104.108873
-9.064638,50,104.159346
-14.828037,50,104.20325
-16.456469,50,104.24607
-7.604785,50,104.283265
-13.000316,50,104.319727
-6.561205,50,104.366102
-9.103081,50,104.424941
-16.056823,50,104.464688
-11.659544,50,104.524441
-7.613961,50,104.56884
-12.568347,50,104.624987
-9.273519,50,104.678841
-15.629213,50,104.729893
-9.72809,50,104.776917
-7.791737,50,104.82909
-10.631822,50,104.881535
-11.685765,50,104.938226
-7.498,50,104.978223
-9.249497,50,105.011727
-12.168708,50,105.056827
-14.010315,50,105.103976
-15.261155,50,105.14742
-10.220413,50,105.186805
-7.711873,50,105.235743
-7.932067,50,105.291541
-12.22071,50,105.332501
-11.91407,50,105.387112
-13.758148,50,105.435472
-6.256089,50,105.487217
-10.893706,50,105.546539
-9.345121,50,106.006656
-15.61726,50,106.066786
-16.423982,50,106.120136
-10.434493,50,106.158476
-12.487203,50,106.205952
-15.829119,50,106.24431
-5.651909,50,106.29541
-12.021973,50,106.339649
-8.24219,50,106.380569
-9.752756,50,106.430851
-7.214102,50,106.472061
-14.668549,50,106.518912
-12.440435,50,106.580869
-15.858189,50,106.632462
-13.45309,50,106.685469
-7.317416,50,106.746046
-7.44024,50,106.802605
-9.729709,50,106.856438
-9.018053,50,106.909228
-7.083271,50,106.959322
-7.976134,50,107.012513
-6.239389,50,107.061368
-6.668438,50,107.110892
-10.564877,50,107.169486
-12.44794,50,107.209789
-10.525627,50,107.250074
-11.402223,50,107.29871
-14.288249,50,107.342999
-11.277261,50,107.385999
-13.224942,50,107.440138
-13.419462,50,107.486108
-15.246312,50,107.535693
-9.154948,50,107.588421
-9.491898,50,107.63691
-12.845584,50,107.68801
-11.028406,50,107.73562
-8.128059,50,107.779094
-7.700492,50,107.824947
-7.281888,50,107.861167
-15.401409,50,107.904656
-8.53412,50,107.94659
-12.430784,50,108.479129
-10.178527,50,108.533957
-9.42498,50,108.59221
-6.50039,50,108.646219
-13.990798,50,108.699567
-8.303752,50,108.746172
-16.380849,50,108.797206
-11.992972,50,108.844118
-12.646767,50,108.903604
-15.907707,50,108.950749
-16.432091,50,108.997294
-10.610608,50,109.045585
-5.345389,50,109.092247
-6.467165,50,109.137944
-16.806307,50,109.189146
-8.284629,50,109.238693
-8.222527,50,109.298501
-9.323999,50,109.350913
-15.418891,50,109.393542
-14.599049,50,109.449507
-12.037552,50,109.503413
-12.333258,50,109.559543
-6.793051,50,109.616597
-16.195749,50,109.674074
-10.515779,50,109.731043
-15.042385,50,109.772013
-11.018779,50,109.817996
-8.712307,50,109.862925
-9.306576,50,109.910291
-8.732677,50,109.947964
-8.553288,50,109.993458
-7.499411,50,110.028678
-7.01496,50,110.065522
-15.202075,50,110.11236
-8.804014,50,110.155306
-13.404307,50,110.20577
-10.233869,50,110.252076
-9.679727,50,110.295023
-11.24906,50,110.336519
-13.076411,50,110.380764
-10.069509,50,110.420036
-11.604714,50,110.897291
-14.186406,50,110.946829
-12.744911,50,111.010393
-11.563125,50,111.066262
-8.275184,50,111.116073
-13.091838,50,111.147142
-16.477497,50,111.203462
-9.629545,50,111.234448
-15.47382,50,111.298469
-13.355617,50,111.344112
-11.396349,50,111.390588
-8.728633,50,111.437477
-11.108307,50,111.470755
-15.039687,50,111.503662
-11.589729,50,111.536504
-8.79633,50,111.569915
-11.435337,50,111.604382
-7.708651,50,111.652117
-9.476312,50,111.699936
-10.477547,50,111.733439
-8.861744,50,111.773051
-6.367222,50,111.806797
-14.137729,50,111.839836
-9.470448,50,111.896923
-10.581731,50,111.953322
-8.956171,50,112.018054
-12.514935,50,112.083225
-5.767112,50,112.142114
-10.371373,50,112.198718
-18.752733,50,112.257597
-12.409169,50,112.320287
-11.381173,50,112.38477
-9.574294,50,112.442531
-9.616018,50,112.494671
-5.269604,50,112.527652
-5.792405,50,112.567205
-13.199909,50,112.607586
-6.794816,50,112.66324
-8.71446,50,112.71504
-7.874168,50,112.75554
-11.189624,50,112.796972
-16.151379,50,113.271029
-8.491721,50,113.331234
-12.030804,50,113.3873
-6.620316,50,113.447535
-4.288681,50,113.504291
-8.164614,50,113.576477
-11.467413,50,113.630523
-10.847278,50,113.700514
-7.364535,50,113.76791
-6.185141,50,113.832354
-15.570334,50,113.888807
-9.775021,50,113.933146
-13.997752,50,113.988804
-12.574921,50,114.055487
-10.38641,50,114.097626
-12.640844,50,114.156339
-9.217403,50,114.218846
-14.701053,50,114.282292
-11.830614,50,114.341796
-7.172487,50,114.398961
-10.623205,50,114.463597
-9.018952,50,114.530839
-14.003577,50,114.584721
-16.280489,50,114.644424
-8.594043,50,114.709135
-15.609695,50,114.746972
-6.866881,50,114.782211
-8.995133,50,114.828773
-8.746881,50,114.876831
-8.856463,50,114.921707
-12.245385,50,114.95628
-12.809711,50,115.003101
-12.046152,50,115.043891
-14.573338,50,115.090523
-12.577935,50,115.129317
-16.259945,50,115.183907
-11.860008,50,115.250646
-14.22055,50,115.311848
-9.507458,50,115.367283
-10.280455,50,115.431988
-6.96188,50,115.493704
-14.531573,50,115.983841
-12.174046,50,116.041354
-11.635385,50,116.081682
-14.61319,50,116.121038
-14.465539,50,116.163449
-15.254227,50,116.20689
-7.014833,50,116.255843
-14.148358,50,116.307055
-15.160347,50,116.360293
-8.9908,50,116.415226
-15.877433,50,116.473691
-10.47442,50,116.539564
-8.03744,50,116.596825
-12.374092,50,116.657434
-12.007702,50,116.712714
-8.881448,50,116.767797
-5.74829,50,116.826419
-11.704999,50,116.874387
-10.716131,50,116.919651
-11.946948,50,116.960833
-12.269807,50,117.01115
-11.617642,50,117.069246
-6.372206,50,117.117285
-16.324596,50,117.166748
-12.877859,50,117.208849
-7.388634,50,117.26192
-12.792828,50,117.321534
-7.129343,50,117.385731
-8.321319,50,117.447174
-7.219178,50,117.495984
-11.40493,50,117.547746
-12.437293,50,117.594205
-8.004843,50,117.654463
-12.080604,50,117.703783
-15.859186,50,117.750379
-14.338171,50,117.793329
-7.142796,50,117.852024
-13.552765,50,117.90661
-9.153267,50,117.967184
-8.843598,50,118.018787
-8.483851,50,118.081256
-10.126472,50,118.565561
-11.933147,50,118.613006
-11.14369,50,118.668066
-10.712812,50,118.725879
-14.716274,50,118.77488
-14.689111,50,118.831601
-9.427737,50,118.884338
-11.934687,50,118.936208
-13.545002,50,118.99507
-12.520062,50,119.042676
-8.949458,50,119.095431
-11.479547,50,119.13916
-13.678362,50,119.200488
-11.488247,50,119.256119
-14.664042,50,119.312328
-9.394062,50,119.347678
-14.046162,50,119.393327
-8.530656,50,119.437191
-16.687708,50,119.478745
-7.911795,50,119.542024
-8.970423,50,119.596805
-12.869921,50,119.654865
-13.238699,50,119.710863
-10.423671,50,119.754764
-9.75897,50,119.792503
-14.498554,50,119.827949
-8.705004,50,119.866704
-10.073775,50,119.91611
-7.938336,50,119.95229
-8.760828,50,119.990779
-9.335614,50,120.032193
-10.235219,50,120.083642
-17.378543,50,120.135719
-14.002534,50,120.194939
-6.873116,50,120.23777
-9.431763,50,120.293292
-12.839566,50,120.34037
-8.072013,50,120.379385
-7.998419,50,120.422982
-15.35069,50,120.456068
-16.762136,50,120.492056
-14.939102,50,120.963863
-10.382925,50,121.021158
-9.281842,50,121.079789
-7.956232,50,121.139092
-12.440757,50,121.197742
-11.536268,50,121.247821
-16.544374,50,121.297475
-10.248809,50,121.35418
-10.896677,50,121.409988
-5.974822,50,121.448807
-15.419909,50,121.488864
-7.203117,50,121.53922
-6.059303,50,121.576566
-9.867295,50,121.623997
-8.373889,50,121.678082
-11.335391,50,121.7137
-7.767757,50,121.765977
-7.989934,50,121.823896
-9.924872,50,121.885593
-15.266612,50,121.925435
-14.990299,50,121.99057
-6.100681,50,122.043922
-12.377551,50,122.097717
-9.554718,50,122.158296
-12.848146,50,122.214905
-8.50499,50,122.268026
-13.578475,50,122.311532
-12.235305,50,122.356909
-10.555288,50,122.397677
-8.713244,50,122.430771
-16.354821,50,122.464268
-12.157726,50,122.51605
-7.762411,50,122.566127
-9.987157,50,122.622061
-11.879272,50,122.673405
-8.634191,50,122.724618
-9.512096,50,122.76486
-9.09242,50,122.806062
-10.521457,50,122.871063
-7.258175,50,122.91242
-8.904876,50,122.972503
-9.041278,50,123.476887
-11.41599,50,123.523709
-9.976793,50,123.568203
-12.007143,50,123.600978
-11.663478,50,123.649303
-8.783867,50,123.704112
-13.111869,50,123.747519
-9.405517,50,123.799145
-9.006901,50,123.838122
-9.233322,50,123.8983
-12.436154,50,123.949412
-8.828716,50,124.004379
-12.332028,50,124.052931
-4.715005,50,124.111529
-8.110797,50,124.172191
-13.978233,50,124.233782
-15.287874,50,124.277207
-12.12758,50,124.334411
-12.316724,50,124.38929
-8.454221,50,124.442757
-12.668659,50,124.479251
-12.221843,50,124.537421
-15.932754,50,124.595032
-7.193915,50,124.660455
-12.300852,50,124.720168
-16.793129,50,124.767134
-5.879326,50,124.827171
-18.256446,50,124.864561
-11.056348,50,124.908954
-10.176123,50,124.960386
-6.62988,50,125.012925
-9.233379,50,125.05385
-13.005158,50,125.099274
-4.620383,50,125.146245
-17.24281,50,125.197632
-9.81293,50,125.259769
-8.780639,50,125.325935
-8.777936,50,125.386578
-6.134306,50,125.441508
-17.727449,50,125.494687
-6.813777,50,125.588664
-11.08278,50,126.092362
-9.20816,50,126.153385
-7.928778,50,126.21087
-12.770232,50,126.272815
-6.2858,50,126.32913
-9.410075,50,126.38783
-13.94538,50,126.44587
-8.555066,50,126.497647
-10.709055,50,126.552035
-14.49571,50,126.617196
-11.323374,50,126.675567
-5.854353,50,126.732717
-7.252329,50,126.789263
-8.055415,50,126.848789
-13.364285,50,126.905899
-8.922634,50,126.951989
-9.559255,50,126.991392
-5.858032,50,127.036148
-6.483392,50,127.069517
-7.58347,50,127.128818
-14.424626,50,127.188844
-10.175311,50,127.239994
-16.88872,50,127.284864
-14.684218,50,127.319836
-7.931331,50,127.351548
-12.657102,50,127.387657
-18.250878,50,127.422211
-9.108347,50,127.456189
-12.04102,50,127.491252
-15.470998,50,127.527829
-8.983907,50,127.564524
-11.482652,50,127.598641
-8.612609,50,127.633785
-8.901338,50,127.686792
-7.495229,50,127.72772
-12.128815,50,127.759065
-12.119598,50,127.790507
-7.827874,50,127.821801
-16.947874,50,127.853111
-11.511559,50,127.884507
-6.34438,50,128.351156
-8.316602,50,128.392714
-6.489888,50,128.444397
-9.682495,50,128.493448
-8.154941,50,128.545409
-15.26147,50,128.587412
-8.070491,50,128.622168
-9.826454,50,128.65818
-9.490765,50,128.696461
-12.36815,50,128.739723
-8.734334,50,128.778907
-7.099403,50,128.817741
-8.198495,50,128.85622
-12.501122,50,128.892125
-16.786383,50,128.92699
-8.375564,50,128.96231
-9.246442,50,128.994458
-7.849625,50,129.026342
-9.390014,50,129.062408
-18.430966,50,129.097671
-11.609744,50,129.132159
-7.611736,50,129.16736
-10.634869,50,129.204246
-9.246058,50,129.240431
-14.928081,50,129.276208
-9.389978,50,129.315877
-10.681397,50,129.347517
-7.027596,50,129.381812
-17.288794,50,129.416803
-8.687311,50,129.45118
-11.251894,50,129.485589
-16.587952,50,129.519984
-14.951699,50,129.554392
-12.558452,50,129.58914
-9.032117,50,129.624315
-15.928896,50,129.659606
-12.593535,50,129.709049
-16.428127,50,129.762963
-17.229556,50,129.79597
-15.898398,50,129.829417
-14.828479,50,129.878377
-14.494407,50,130.350075
-10.040188,50,130.407122
-11.734567,50,130.459448
-11.918543,50,130.509916
-9.630633,50,130.554845
-9.292005,50,130.599546
-17.402709,50,130.638943
-7.798805,50,130.693063
-7.784085,50,130.731947
-13.143472,50,130.774655
-8.85518,50,130.807079
-7.788483,50,130.841275
-15.907225,50,130.879426
-13.874859,50,130.915856
-8.234839,50,130.947736
-7.159644,50,130.986982
-14.493989,50,131.034816
-4.438513,50,131.068093
-13.664191,50,131.100169
-12.754302,50,131.131705
-9.831356,50,131.176656
-11.529939,50,131.21239
-9.64728,50,131.257493
-7.144501,50,131.306625
-15.172356,50,131.338114
-12.632584,50,131.370292
-8.752761,50,131.402085
-11.971203,50,131.434712
-8.194858,50,131.479416
-10.958132,50,131.512881
-10.295517,50,131.558676
-17.693879,50,131.59789
-12.995324,50,131.651283
-15.760397,50,131.684409
-13.808858,50,131.718303
-9.444667,50,131.771031
-12.024572,50,131.820783
-11.368654,50,131.85961
-9.802908,50,131.899691
-12.961754,50,131.933496
-5.691747,50,131.973873
-12.828089,50,132.427156
-14.864879,50,132.469666
-9.153919,50,132.522062
-5.154225,50,132.56775
-13.463083,50,132.617242
-7.955997,50,132.651316
-7.273026,50,132.687056
-5.34764,50,132.71964
-10.118265,50,132.772297
-12.884051,50,132.818863
-15.928876,50,132.864347
-8.855708,50,132.901703
-14.457394,50,132.94512
-7.904399,50,132.980795
-11.721342,50,133.015124
-18.150367,50,133.048373
-16.304927,50,133.080076
-9.667602,50,133.114684
-14.565759,50,133.147912
-9.56042,50,133.183297
-17.605001,50,133.217082
-12.26718,50,133.251529
-16.927815,50,133.287286
-17.10933,50,133.322561
-15.301776,50,133.357208
-17.055335,50,133.391921
-4.815565,50,133.441206
-9.817901,50,133.496444
-10.655466,50,133.55232
-15.570648,50,133.602827
-8.572947,50,133.657517
-8.364312,50,133.730158
-14.56337,50,133.801187
-9.436635,50,133.874618
-13.225852,50,133.943849
-14.927133,50,134.0144
-11.512295,50,134.086068
-12.727089,50,134.158448
-7.330485,50,134.229152
-9.604866,50,134.303211
-19.077107,50,134.375754
-14.435629,50,135.307776
-9.406957,50,135.382036
-6.702853,50,135.454241
-18.361892,50,135.525718
-18.182165,50,135.597445
-13.967471,50,135.671957
-14.819933,50,135.743352
-11.710034,50,135.812562
-11.963936,50,135.880338
-14.645528,50,135.95084
-12.757783,50,136.020454
-8.466516,50,136.089664
-7.172592,50,136.159097
-14.921714,50,136.231746
-13.992253,50,136.305165
-9.733748,50,136.376826
-18.929607,50,136.451046
-14.762848,50,136.521729
-7.267945,50,136.591538
-10.175734,50,136.662488
-11.348445,50,136.731462
-13.666151,50,136.800623
-8.547069,50,136.869278
-12.176034,50,136.939833
-12.972152,50,137.010013
-13.638592,50,137.081187
-10.791193,50,137.135249
-11.822023,50,137.181627
-17.390004,50,137.214061
-14.920751,50,137.245787
-13.659381,50,137.279216
-8.941704,50,137.314505
-12.470805,50,137.380598
-15.46021,50,137.447717
-13.314655,50,137.516743
-15.360185,50,137.590345
-14.401186,50,137.664556
-15.8189,50,137.735006
-8.489565,50,137.806923
-7.014832,50,137.877093
-7.169708,50,137.949454
-12.661256,50,138.872825
-8.193721,50,138.946949
-17.645102,50,139.022511
-16.700888,50,139.092193
-13.481945,50,139.16115
-8.0737,50,139.230161
-16.868217,50,139.297717
-11.334733,50,139.365421
-15.421669,50,139.433358
-17.545212,50,139.505414
-10.621847,50,139.576525
-16.321019,50,139.649948
-6.393455,50,139.722123
-13.040299,50,139.793061
-11.671488,50,139.860544
-8.347224,50,139.930093
-12.898786,50,140.000142
-4.659773,50,140.071208
-14.605303,50,140.140662
-9.008862,50,140.21044
-11.798363,50,140.283752
-14.458544,50,140.35447
-8.348658,50,140.423631
-14.146255,50,140.497671
-13.072694,50,140.569534
-6.625201,50,140.636856
-9.514157,50,140.702842
-10.655752,50,140.771
-14.041501,50,140.838253
-8.126741,50,140.906063
-15.491547,50,140.974093
-9.482443,50,141.045373
-12.285995,50,141.116514
-9.885699,50,141.186442
-9.157925,50,141.229813
-6.328988,50,141.265145
-11.64756,50,141.300017
-14.073126,50,141.339842
-12.808208,50,141.375101
-4.887661,50,141.409652
-7.356958,50,141.444713
-8.60579,50,141.92922
-8.558364,50,141.985444
-8.516042,50,142.039665
-15.984727,50,142.084387
-12.236147,50,142.125182
-9.371932,50,142.158889
-15.773545,50,142.196119
-8.551505,50,142.256315
-8.633229,50,142.305307
-14.430336,50,142.362415
-12.397624,50,142.402123
-13.099119,50,142.447677
-12.699687,50,142.486084
-12.174068,50,142.524635
-11.397353,50,142.558125
-17.409722,50,142.591268
-12.209934,50,142.634632
-16.502284,50,142.673524
-11.813838,50,142.708508
-9.18962,50,142.743495
-12.334316,50,142.782347
-16.339441,50,142.82179
-14.032894,50,142.87484
-15.624447,50,142.91732
-7.470949,50,142.953691
-12.286044,50,143.003867
-12.945695,50,143.049341
-14.205122,50,143.099311
-13.78312,50,143.143532
-6.700665,50,143.204501
-16.485627,50,143.250966
-8.337984,50,143.294276
-15.448608,50,143.328074
-8.615631,50,143.37592
-15.725632,50,143.42907
-13.263227,50,143.483786
-11.898711,50,143.53323
-14.035114,50,143.589296
-14.247587,50,143.642239
-12.779121,50,143.689928
-11.318789,50,143.734104
-8.900346,50,144.199669
-7.514736,50,144.257277
-8.319749,50,144.301647
-16.852963,50,144.354656
-10.956826,50,144.396411
-10.293081,50,144.44233
-16.482662,50,144.489581
-11.664091,50,144.52517
-13.581778,50,144.569638
-13.107939,50,144.612678
-13.321278,50,144.671853
-14.378901,50,144.711871
-8.908089,50,144.759211
-17.673903,50,144.809033
-11.855278,50,144.859002
-13.350605,50,144.924931
-14.603714,50,144.983685
-12.277796,50,145.034979
-8.745161,50,145.093434
-8.362291,50,145.140434
-15.645213,50,145.188976
-14.936143,50,145.226966
-18.336551,50,145.268166
-11.50411,50,145.317912
-9.928788,50,145.364881
-15.461285,50,145.400881
-9.53306,50,145.459761
-16.403529,50,145.509533
-12.631322,50,145.558843
-9.732983,50,145.605378
-15.154898,50,145.658815
-7.512989,50,145.695443
-14.150797,50,145.730185
-7.844877,50,145.776019
-9.99766,50,145.827629
-10.79994,50,145.878179
-9.493284,50,145.925925
-16.394356,50,145.975085
-8.50727,50,146.028996
-11.715003,50,146.068492
-10.946087,50,146.108727
-16.60901,50,146.56422
-16.17551,50,146.628024
-11.439967,50,146.68262
-13.17565,50,146.73443
-7.455643,50,146.784181
-13.332792,50,146.828654
-9.953825,50,146.873363
-17.477869,50,146.920909
-7.500879,50,146.982088
-16.093994,50,147.035616
-12.110452,50,147.079504
-13.107698,50,147.121211
-17.90257,50,147.156846
-11.659018,50,147.219936
-16.378251,50,147.271219
-10.224258,50,147.33173
-10.28968,50,147.378239
-11.189199,50,147.43417
-7.913123,50,147.480518
-7.565626,50,147.526086
-16.980893,50,147.583187
-5.850389,50,147.64428
-16.903296,50,147.698098
-10.477566,50,147.755872
-6.998938,50,147.813362
-14.719551,50,147.870415
-15.604948,50,147.924569
-16.945705,50,147.977219
-15.761233,50,148.038885
-9.802785,50,148.0891
-8.712777,50,148.148422
-10.725122,50,148.207091
-11.144158,50,148.249826
-8.501924,50,148.296543
-9.543394,50,148.342333
-5.815358,50,148.380558
-11.656065,50,148.435217
-17.188856,50,148.475932
-10.123365,50,148.517513
-11.263906,50,148.562546
-11.415758,50,148.620549
-8.275583,50,149.09528
-6.98562,50,149.155847
-14.071532,50,149.212811
-7.637731,50,149.275812
-13.318973,50,149.336248
-9.214716,50,149.388276
-9.607961,50,149.440571
-10.957488,50,149.480181
-13.859922,50,149.523476
-7.497706,50,149.584165
-15.136736,50,149.638308
-17.547293,50,149.693826
-18.170907,50,149.74774
-14.867502,50,149.803314
-16.655336,50,149.861535
-12.618479,50,149.913994
-14.920866,50,149.952698
-12.188196,50,149.996779
-12.571569,50,150.044703
-8.076779,50,150.083092
-17.482817,50,150.120345
-11.293245,50,150.163735
-14.670485,50,150.214786
-8.573326,50,150.253499
-16.826688,50,150.291912
-11.21013,50,150.328581
-15.064514,50,150.380581
-12.465812,50,150.422513
-8.119758,50,150.472677
-15.015358,50,150.524562
-15.382357,50,150.574092
-16.021971,50,150.627495
-8.372377,50,150.675847
-7.622642,50,150.73202
-13.031737,50,150.786985
-14.564912,50,150.848302
-7.405629,50,150.896859
-10.327486,50,150.960627
-14.552833,50,151.019216
-8.500658,50,151.074526
-10.038723,50,151.134213
-16.185081,50,151.6017
-7.255576,50,151.657076
-7.601898,50,151.71979
-9.978731,50,151.776346
-15.684093,50,151.831131
-9.346877,50,151.889818
-10.763546,50,151.947083
-8.974271,50,152.000426
-18.432447,50,152.053567
-11.69441,50,152.110394
-17.183812,50,152.156936
-5.970481,50,152.195637
-9.668905,50,152.230982
-9.791099,50,152.280614
-14.368527,50,152.311634
-13.469636,50,152.35123
-17.517714,50,152.410181
-11.910738,50,152.466528
-12.434519,50,152.517705
-13.439883,50,152.566319
-9.314495,50,152.629695
-8.308191,50,152.688649
-7.665421,50,152.745611
-15.290292,50,152.796753
-13.916698,50,152.85769
-15.826528,50,152.899411
-9.540877,50,152.945567
-9.557051,50,152.996662
-10.139381,50,153.035896
-7.385329,50,153.081098
-10.813392,50,153.114402
-7.569401,50,153.145817
-10.055697,50,153.181411
-11.283555,50,153.211088
-11.785335,50,153.240818
-16.496958,50,153.283942
-9.996278,50,153.331437
-9.284243,50,153.370706
-13.770601,50,153.40461
-10.235476,50,153.434436
-14.148537,50,153.467242
-9.262696,50,153.924964
-10.584921,50,153.976928
-11.206132,50,154.020796
-12.039497,50,154.068645
-6.943196,50,154.121121
-16.570261,50,154.164375
-9.942406,50,154.21119
-17.454959,50,154.258185
-11.106077,50,154.308339
-14.653918,50,154.35281
-12.3013,50,154.400016
-17.186267,50,154.440162
-10.17173,50,154.485011
-9.914307,50,154.531814
-11.393849,50,154.562982
-10.155949,50,154.593818
-18.225427,50,154.625479
-9.669726,50,154.669415
-7.295709,50,154.711331
-9.692264,50,154.764197
-9.820497,50,154.800126
-12.685496,50,154.841774
-11.789419,50,154.878561
-11.224627,50,154.920775
-11.539715,50,154.982484
-10.63066,50,155.036324
-9.650862,50,155.086672
-9.637607,50,155.125331
-9.937511,50,155.162553
-13.660128,50,155.202734
-11.128799,50,155.251209
-8.616189,50,155.300853
-17.528929,50,155.342866
-12.684358,50,155.380378
-8.475989,50,155.435326
-9.816691,50,155.474431
-6.357533,50,155.531253
-7.921929,50,155.576802
-7.725512,50,155.615627
-10.721328,50,155.64983
-13.039865,50,155.685246
-14.605456,50,156.132803
-18.484766,50,156.191107
-7.517994,50,156.248372
-17.355527,50,156.312553
-8.022066,50,156.370393
-10.380715,50,156.431331
-7.726971,50,156.48032
-15.86715,50,156.535035
-18.407113,50,156.597888
-11.31076,50,156.658329
-15.235926,50,156.718509
-7.562501,50,156.775326
-6.431743,50,156.828288
-18.277316,50,156.872942
-16.757304,50,156.920854
-8.159177,50,156.977871
-18.328014,50,157.023467
-17.49674,50,157.070273
-10.065934,50,157.114518
-8.59313,50,157.163872
-13.749522,50,157.223844
-10.233832,50,157.271168
-8.724418,50,157.325589
-9.466564,50,157.379849
-8.248555,50,157.443668
-11.94077,50,157.481614
-10.470784,50,157.532816
-8.50613,50,157.591134
-9.914148,50,157.638862
-9.949851,50,157.686923
-13.108814,50,157.719296
-8.345348,50,157.75166
-9.42285,50,157.783993
-9.556064,50,157.816886
-13.389568,50,157.849205
-10.93334,50,157.882743
-8.466992,50,157.915141
-10.222513,50,157.962563
-19.342334,50,158.002542
-12.080846,50,158.03976
-7.779872,50,158.076737
-12.347421,50,158.539622
-17.955007,50,158.599325
-15.682736,50,158.650117
-14.636531,50,158.712797
-10.571064,50,158.765749
-10.855722,50,158.815534
-9.536304,50,158.872653
-13.877631,50,158.929776
-13.50016,50,158.984153
-12.543113,50,159.03517
-9.255392,50,159.09015
-9.012576,50,159.147785
-17.725303,50,159.204424
-14.710723,50,159.24632
-13.49888,50,159.29851
-11.030299,50,159.347321
-6.037081,50,159.38709
-10.896699,50,159.449836
-13.029803,50,159.488675
-7.157491,50,159.534193
-16.171598,50,159.586755
-13.952342,50,159.650828
-6.870542,50,159.705707
-7.800247,50,159.759831
-17.82042,50,159.81682
-10.794734,50,159.871931
-9.290171,50,159.924713
-14.042769,50,159.982627
-10.376211,50,160.036946
-16.069882,50,160.090795
-14.027352,50,160.149856
-7.91689,50,160.190846
-6.175857,50,160.235617
-7.834052,50,160.284639
-9.454683,50,160.334896
-11.527399,50,160.38108
-8.290765,50,160.423807
-7.357835,50,160.469076
-15.160994,50,160.501204
-12.020187,50,160.559064
-9.003342,50,160.615204
-15.398418,50,161.081491
-8.914306,50,161.14281
-13.916722,50,161.193611
-9.665754,50,161.249734
-6.062486,50,161.291571
-15.482772,50,161.346898
-18.711206,50,161.402194
-9.148415,50,161.449141
-10.309355,50,161.499108
-8.761403,50,161.551178
-15.107408,50,161.60246
-9.889756,50,161.6541
-11.456969,50,161.712046
-14.550751,50,161.767752
-7.092327,50,161.821007
-13.231527,50,161.87142
-9.165959,50,161.923944
-10.41771,50,161.967364
-17.403628,50,162.009365
-15.521659,50,162.050263
-14.434044,50,162.088239
-17.814426,50,162.141466
-12.06867,50,162.178034
-19.578643,50,162.213482
-14.388615,50,162.253607
-7.315035,50,162.301863
-15.938093,50,162.342796
-8.663851,50,162.374506
-11.905282,50,162.406164
-16.310131,50,162.450675
-18.881003,50,162.50022
-16.352203,50,162.5454
-9.133822,50,162.588716
-8.542292,50,162.641891
-16.330905,50,162.695518
-8.943936,50,162.745711
-10.933558,50,162.799066
-9.395892,50,162.850452
-10.552269,50,162.909177
-14.175505,50,162.963221
-6.77339,50,163.018416
-14.370332,50,163.492286
-9.537763,50,163.555799
-17.252728,50,163.610584
-11.216978,50,163.66889
-12.22436,50,163.7228
-12.24766,50,163.778849
-17.285369,50,163.837732
-10.091805,50,163.890308
-11.225795,50,163.947276
-12.629106,50,164.000895
-10.121439,50,164.056911
-11.366873,50,164.098174
-10.172616,50,164.141493
-17.319858,50,164.189255
-17.880678,50,164.240389
-15.843741,50,164.285118
-15.333433,50,164.339078
-8.448367,50,164.394291
-13.88997,50,164.43878
-13.524883,50,164.475721
-12.029905,50,164.524398
-17.242291,50,164.58108
-9.880986,50,164.639814
-9.309359,50,164.699708
-11.521094,50,164.758715
-13.457706,50,164.816154
-7.114525,50,164.872066
-11.168035,50,164.932106
-6.060874,50,164.988883
-8.757109,50,165.053618
-11.863012,50,165.103175
-10.31854,50,165.157853
-12.459756,50,165.202559
-9.003368,50,165.242014
-8.769482,50,165.289523
-12.990542,50,165.334304
-11.711374,50,165.372265
-10.773739,50,165.410517
-7.74544,50,165.452873
-8.854995,50,165.498336
-10.800803,50,165.554068
-7.791157,50,166.027821
-13.848224,50,166.083783
-12.809867,50,166.141169
-17.941566,50,166.197402
-9.769089,50,166.243416
-13.515719,50,166.287595
-13.884641,50,166.32904
-10.647056,50,166.394219
-18.923608,50,166.455526
-13.373401,50,166.501798
-9.899653,50,166.552095
-11.479025,50,166.617701
-9.965748,50,166.678091
-11.209138,50,166.741071
-10.201254,50,166.798671
-17.591339,50,166.85324
-17.02677,50,166.904566
-13.475983,50,166.941671
-14.035053,50,166.987493
-16.715504,50,167.027732
-6.910449,50,167.085069
-12.458792,50,167.128991
-10.403202,50,167.179933
-10.895519,50,167.228142
-12.596596,50,167.271086
-6.19359,50,167.322823
-11.236985,50,167.375694
-10.318542,50,167.425319
-12.797164,50,167.472949
-9.431028,50,167.519528
-14.43975,50,167.556902
-12.010984,50,167.616732
-10.297818,50,167.669485
-13.361156,50,167.713422
-9.253957,50,167.76092
-10.897003,50,167.805478
-9.897633,50,167.855429
-12.26364,50,167.904209
-15.059166,50,167.938263
-12.341118,50,167.980193
-15.977253,50,168.024049
-11.699952,50,168.484726
-14.072269,50,168.544514
-16.418148,50,168.603488
-14.598669,50,168.658723
-6.019272,50,168.71627
-16.906042,50,168.768163
-11.613003,50,168.821923
-14.488818,50,168.874634
-8.283062,50,168.919726
-9.915905,50,168.967181
-18.008641,50,169.01528
-17.506586,50,169.066937
-13.041643,50,169.108905
-9.124808,50,169.151783
-10.324449,50,169.200799
-15.356334,50,169.252002
-9.810086,50,169.306247
-16.866594,50,169.360719
-13.006552,50,169.407574
-11.048933,50,169.447959
-11.627256,50,169.509045
-9.601258,50,169.56304
-13.58108,50,169.617508
-9.102301,50,169.679689
-9.700728,50,169.747593
-8.874253,50,169.809846
-9.617633,50,169.86399
-7.387803,50,169.913487
-12.026302,50,169.970036
-13.416349,50,170.027745
-11.607209,50,170.089302
-9.489481,50,170.143834
-12.494692,50,170.186837
-9.039774,50,170.245396
-13.84097,50,170.29042
-10.468139,50,170.341544
-9.946153,50,170.401093
-10.184746,50,170.462044
-15.688058,50,170.514139
-10.448059,50,170.569313
-8.49582,50,170.627449
-12.334396,50,171.133164
-13.149349,50,171.18651
-9.166447,50,171.245336
-9.312361,50,171.306758
-9.714658,50,171.359698
-9.361947,50,171.409488
-13.863991,50,171.447099
-10.812586,50,171.494807
-11.883733,50,171.545767
-8.125231,50,171.604117
-9.216254,50,171.667718
-6.611307,50,171.733337
-7.401839,50,171.791949
-10.126765,50,171.857133
-9.574926,50,171.921262
-14.032131,50,171.978136
-11.843875,50,172.02192
-11.799973,50,172.071727
-9.65683,50,172.126147
-10.219511,50,172.182014
-7.19128,50,172.229614
-8.268877,50,172.273482
-12.897657,50,172.330949
-10.138246,50,172.379807
-9.247785,50,172.424209
-11.482815,50,172.474501
-8.256667,50,172.522712
-11.591769,50,172.577146
-11.415117,50,172.635713
-11.871468,50,172.704073
-9.694841,50,172.772686
-16.604045,50,172.840761
-12.132447,50,172.89938
-9.954541,50,172.962156
-15.647407,50,173.018392
-9.335955,50,173.076382
-10.438525,50,173.137079
-16.103401,50,173.195938
-16.891745,50,173.252053
-18.081049,50,173.307595
-8.621733,50,173.374851
-14.698017,50,173.904366
-9.120311,50,173.96437
-14.610733,50,174.024556
-11.483755,50,174.083
-8.681385,50,174.146198
-11.153682,50,174.209937
-10.132846,50,174.264821
-9.921291,50,174.327163
-15.979624,50,174.388009
-11.605148,50,174.443247
-10.808693,50,174.50174
-13.628248,50,174.562706
-11.187892,50,174.618373
-14.301121,50,174.684762
-9.886186,50,174.74499
-7.903268,50,174.797692
-11.897886,50,174.847247
-9.820681,50,174.903831
-11.60403,50,174.9597
-18.425184,50,175.006798
-15.692584,50,175.046992
-14.213436,50,175.091648
-8.162185,50,175.138928
-13.93701,50,175.190616
-14.750372,50,175.242714
-14.672417,50,175.302383
-18.636637,50,175.355463
-9.632834,50,175.392706
-16.383673,50,175.434232
-9.737752,50,175.47058
-11.063295,50,175.507875
-11.126732,50,175.550346
-7.614077,50,175.596346
-11.0699,50,175.645852
-14.025761,50,175.684411
-11.154621,50,175.731457
-5.683453,50,175.78352
-8.620493,50,175.819788
-8.313678,50,175.855025
-12.847573,50,175.901506
-11.516158,50,175.9346
-9.634782,50,176.417749
-14.957606,50,176.45131
-14.057185,50,176.494422
-17.295323,50,176.544748
-12.598329,50,176.590945
-14.631814,50,176.625971
-12.155997,50,176.660237
-14.551406,50,176.693121
-10.448286,50,176.728221
-9.788182,50,176.765743
-11.961422,50,176.814993
-12.475697,50,176.857246
-10.401381,50,176.892768
-11.039417,50,176.928816
-12.204561,50,176.963005
-11.008343,50,176.998257
-10.456796,50,177.035383
-18.728169,50,177.080138
-9.231491,50,177.1171
-18.499222,50,177.162459
-12.883079,50,177.194687
-10.814177,50,177.22764
-9.741066,50,177.262965
-13.217818,50,177.298437
-11.926766,50,177.340408
-8.121637,50,177.374573
-10.385866,50,177.412771
-9.933964,50,177.450022
-10.241093,50,177.485603
-11.796074,50,177.519486
-13.176292,50,177.553166
-16.805624,50,177.608064
-14.627866,50,177.65329
-10.370484,50,177.689058
-5.275563,50,177.729308
-11.568044,50,177.763484
-11.273205,50,177.79612
-9.489727,50,177.828148
-5.227718,50,177.866054
-15.149163,50,177.8989
-17.54234,50,177.933162
-10.769682,50,178.372938
-9.746881,50,178.406386
-8.19582,50,178.452086
-17.097575,50,178.500795
-8.103723,50,178.543389
-10.567989,50,178.577703
-18.175069,50,178.624875
-12.585645,50,178.669693
-11.728554,50,178.705717
-15.20063,50,178.737518
-11.409076,50,178.770272
-8.323802,50,178.815514
-16.268774,50,178.853668
-11.795571,50,178.886586
-7.079856,50,178.920138
-14.400572,50,178.953171
-11.816049,50,178.990624
-8.518498,50,179.025366
-10.408061,50,179.057699
-11.255553,50,179.089528
-16.300406,50,179.122319
-7.116671,50,179.153728
-16.920879,50,179.183468
-5.995368,50,179.21766
-8.550091,50,179.253887
-12.127387,50,179.293572
-13.154348,50,179.348677
-11.401846,50,179.388492
-14.918402,50,179.424974
-5.724303,50,179.470223
-6.029383,50,179.522617
-15.623494,50,179.574947
-17.263378,50,179.613189
-12.216284,50,179.646859
-7.940202,50,179.686121
-12.563862,50,179.720679
-13.330527,50,179.757851
-6.4715,50,179.796563
-14.395976,50,179.834771
-9.306104,50,179.874333
-10.63846,50,179.916438
-7.856805,50,180.363505
-8.391412,50,180.40975
-8.2528,50,180.455207
-9.805175,50,180.490788
-18.754157,50,180.540454
-13.862049,50,180.576388
-10.973042,50,180.612255
-6.018253,50,180.651584
-7.176685,50,180.69612
-11.152512,50,180.739947
-11.122361,50,180.782283
-9.386867,50,180.817411
-10.670947,50,180.85484
-8.661232,50,180.907164
-12.426483,50,180.940882
-9.55368,50,180.973272
-7.896732,50,181.006946
-7.559468,50,181.038288
-11.219599,50,181.069576
-9.502514,50,181.104342
-11.600597,50,181.137805
-5.616794,50,181.172667
-9.308508,50,181.205989
-9.865955,50,181.2377
-12.96617,50,181.26933
-10.738477,50,181.301738
-8.851813,50,181.334902
-10.886984,50,181.368741
-15.657386,50,181.401926
-13.755151,50,181.437388
-17.759548,50,181.469904
-16.242114,50,181.509913
-12.863239,50,181.543503
-8.339357,50,181.588921
-8.154222,50,181.635653
-9.620958,50,181.671154
-9.220274,50,181.706339
-12.886207,50,181.753238
-12.789418,50,181.785832
-9.022482,50,181.831337
-17.245494,50,181.874641
-8.647412,50,182.695114
-10.794776,50,182.7693
-12.565734,50,182.843649
-12.614194,50,182.914772
-5.756817,50,182.988578
-15.751869,50,183.055281
-14.216739,50,183.125767
-10.080977,50,183.194712
-13.803383,50,183.264675
-10.893231,50,183.333168
-6.95961,50,183.403166
-7.105809,50,183.4753
-8.979155,50,183.543285
-12.930133,50,183.613884
-11.062406,50,183.685102
-15.419708,50,183.757827
-12.365298,50,183.829148
-9.221395,50,183.899568
-8.809616,50,183.968786
-9.141316,50,184.037563
-11.991518,50,184.109019
-18.844342,50,184.178187
-5.734886,50,184.250093
-10.056262,50,184.320569
-12.054533,50,184.390759
-13.014302,50,184.459306
-14.939035,50,184.527653
-12.761302,50,184.597249
-5.959277,50,184.668215
-9.85094,50,184.743425
-7.93218,50,184.81651
-14.298564,50,184.885523
-13.597502,50,184.956447
-16.480853,50,185.026763
-8.778032,50,185.097812
-7.483871,50,185.169071
-15.603795,50,185.237678
-9.249679,50,185.307295
-7.937725,50,185.378011
-10.99742,50,185.433169
-19.405349,50,185.473111
-10.679041,50,186.252484
-12.829903,50,186.322044
-8.846127,50,186.391063
-7.94777,50,186.457633
-11.77284,50,186.524707
-9.401627,50,186.592441
-17.050882,50,186.662539
-11.059646,50,186.732106
-8.16688,50,186.801511
-9.152165,50,186.870692
-12.096125,50,186.938371
-14.680625,50,187.0075
-14.15854,50,187.079263
-15.51024,50,187.146119
-9.774718,50,187.217791
-12.949878,50,187.290269
-17.766544,50,187.362057
-10.913803,50,187.432621
-17.906088,50,187.502351
-7.912044,50,187.574584
-18.781425,50,187.642721
-16.602628,50,187.709337
-11.762446,50,187.778386
-8.452748,50,187.84575
-5.296576,50,187.914228
-12.148268,50,187.983768
-7.14747,50,188.052308
-7.011475,50,188.121516
-9.757939,50,188.189802
-7.774279,50,188.259878
-8.27122,50,188.329669
-15.845916,50,188.397156
-10.093013,50,188.466052
-6.151507,50,188.536191
-11.260919,50,188.603758
-10.815254,50,188.67421
-9.181219,50,188.746935
-11.078245,50,188.816085
-10.890616,50,188.882505
-11.107356,50,188.952881
-18.410565,50,189.020142
-13.390867,50,189.748468
-7.862625,50,189.780792
-11.525556,50,189.812963
-12.460609,50,189.851755
-12.626839,50,189.887964
-11.062082,50,189.932054
-10.33725,50,189.974198
-10.195108,50,190.007519
-15.390441,50,190.043168
-13.116078,50,190.090933
-8.347336,50,190.12499
-9.417327,50,190.172231
-5.589595,50,190.207892
-8.855217,50,190.239897
-10.043434,50,190.273263
-13.663801,50,190.308919
-14.8403,50,190.353824
-10.304878,50,190.397825
-10.808958,50,190.43331
-7.337967,50,190.46774
-10.088149,50,190.501143
-12.620272,50,190.533696
-16.692872,50,190.566279
-9.516877,50,190.606312
-9.371562,50,190.64113
-5.937823,50,190.675552
-11.097054,50,190.709932
-6.332008,50,190.742832
-5.791269,50,190.774968
-11.161743,50,190.812059
-7.408286,50,190.864918
-17.598462,50,190.90954
-14.549474,50,190.947732
-18.004032,50,190.979546
-14.684792,50,191.014943
-7.210767,50,191.066398
-10.725425,50,191.109849
-9.436867,50,191.150611
-9.252613,50,191.190738
-9.820801,50,191.231844
-12.183665,50,191.696534
-9.119021,50,191.7599
-14.017753,50,191.809576
-11.172255,50,191.856162
-16.443358,50,191.893659
-15.38522,50,191.935477
-10.272746,50,191.978181
-5.970641,50,192.024856
-13.452993,50,192.077163
-9.184046,50,192.128088
-9.721311,50,192.18051
-7.432653,50,192.229234
-9.934347,50,192.285644
-13.257399,50,192.324504
-11.434547,50,192.371438
-11.436968,50,192.407432
-12.250557,50,192.453786
-9.307305,50,192.504037
-17.604307,50,192.557059
-9.593597,50,192.589053
-12.417691,50,192.620271
-17.354396,50,192.651346
-10.12466,50,192.708845
-9.863357,50,192.762926
-13.467607,50,192.802184
-6.728043,50,192.84197
-10.10256,50,192.88737
-10.989049,50,192.937444
-8.370789,50,192.986161
-8.669127,50,193.033144
-16.693526,50,193.084215
-8.652489,50,193.122656
-16.791975,50,193.169819
-18.435201,50,193.217386
-10.617085,50,193.250915
-6.929826,50,193.303156
-10.708561,50,193.356583
-11.805971,50,193.410537
-12.667194,50,193.455964
-18.11636,50,193.495317
-14.75212,50,193.541251
-15.5531,50,194.010964
-19.761368,50,194.070092
-11.492149,50,194.122072
-10.118113,50,194.173652
-18.464102,50,194.209646
-9.623423,50,194.26381
-11.69736,50,194.32035
-10.325699,50,194.374844
-11.621163,50,194.431126
-12.34012,50,194.47133
-10.840209,50,194.512331
-9.646185,50,194.570232
-9.17801,50,194.627909
-11.852015,50,194.683076
-8.584171,50,194.721041
-14.058418,50,194.782919
-9.696589,50,194.840377
-12.342222,50,194.898087
-13.650947,50,194.94975
-12.26047,50,194.998618
-12.433408,50,195.057477
-15.330332,50,195.122067
-9.546857,50,195.170033
-12.230507,50,195.20839
-14.861551,50,195.257552
-17.97276,50,195.316926
-18.512717,50,195.361966
-14.452364,50,195.421722
-9.289716,50,195.467261
-8.383221,50,195.509278
-10.332735,50,195.552264
-10.894829,50,195.593259
-15.171008,50,195.651389
-19.256703,50,195.696501
-9.75993,50,195.734533
-14.522127,50,195.76598
-12.405691,50,195.803999
-9.793299,50,195.848823
-16.244486,50,195.904662
-11.201918,50,195.939234
-10.580073,50,195.976819
-10.005957,50,196.425044
-12.477759,50,196.493799
-12.096462,50,196.550362
-11.348641,50,196.604447
-11.663744,50,196.648993
-11.702589,50,196.696227
-10.218104,50,196.747995
-10.5352,50,196.780972
-11.017704,50,196.833712
-15.245171,50,196.881061
-13.423671,50,196.920808
-8.935292,50,196.959074
-9.971902,50,196.996206
-11.598548,50,197.042994
-5.000534,50,197.093783
-10.009728,50,197.141819
-16.15912,50,197.194194
-7.670808,50,197.24962
-6.878761,50,197.287727
-10.473335,50,197.331916
-13.316008,50,197.376675
-7.779101,50,197.419974
-7.986758,50,197.484639
-11.14054,50,197.540308
-17.920047,50,197.600109
-9.817523,50,197.648019
-7.105036,50,197.709034
-10.965592,50,197.763704
-5.987972,50,197.819808
-14.759259,50,197.878679
-15.005337,50,197.935824
-8.15627,50,197.985627
-9.920763,50,198.022847
-6.403131,50,198.060736
-8.520668,50,198.103459
-17.717853,50,198.15842
-11.315034,50,198.200278
-13.601603,50,198.248245
-6.376805,50,198.284855
-10.493221,50,198.318006
-11.566168,50,198.364223
-10.73043,50,198.838896
-11.814084,50,198.896801
-17.695476,50,198.954679
-6.635251,50,199.00515
-15.194821,50,199.060225
-7.651383,50,199.121474
-15.712578,50,199.178842
-7.896442,50,199.234853
-10.545852,50,199.28829
-9.936543,50,199.33885
-9.977556,50,199.387958
-10.767314,50,199.448433
-4.975619,50,199.506309
-11.381937,50,199.564135
-18.010875,50,199.617852
-14.964233,50,199.658497
-12.779743,50,199.705894
-10.148515,50,199.743756
-8.571641,50,199.776834
-14.928694,50,199.815293
-9.425027,50,199.869789
-5.335314,50,199.922779
-13.297097,50,199.981786
-4.748061,50,200.038045
-12.072538,50,200.090044
-7.669881,50,200.145026
-6.144926,50,200.199753
-15.873166,50,200.251741
-18.697999,50,200.31567
-12.302522,50,200.380788
-7.949916,50,200.426725
-11.731078,50,200.484941
-9.723553,50,200.526681
-9.00502,50,200.572489
-11.67354,50,200.615582
-11.303243,50,200.668099
-17.367065,50,200.702496
-10.502393,50,200.733716
-8.001578,50,200.772924
-18.580172,50,200.821474
-8.069466,50,200.867946
-14.46811,50,201.336845
-11.182352,50,201.395435
-17.58754,50,201.451072
-12.912339,50,201.509993
-13.996564,50,201.575924
-9.516574,50,201.629251
-11.758898,50,201.686117
-10.82648,50,201.746842
-5.25206,50,201.797689
-10.650207,50,201.851402
-12.501705,50,201.903155
-5.532699,50,201.964314
-5.128686,50,202.019101
-12.021017,50,202.076068
-8.807205,50,202.133328
-10.163373,50,202.178391
-9.666013,50,202.237917
-11.397569,50,202.290193
-13.43158,50,202.354773
-12.421789,50,202.411502
-15.7796,50,202.461995
-12.888602,50,202.512929
-14.497977,50,202.571703
-13.806128,50,202.629748
-10.574056,50,202.683405
-18.539965,50,202.734958
-16.090565,50,202.775863
-11.564281,50,202.819869
-15.713314,50,202.866926
-8.362843,50,202.926419
-11.247264,50,202.983033
-10.471006,50,203.03933
-16.74089,50,203.09781
-13.675073,50,203.149423
-11.328259,50,203.202714
-11.99758,50,203.25529
-12.123904,50,203.310652
-8.296219,50,203.377455
-14.733096,50,203.432555
-9.15546,50,203.481583
-9.721465,50,203.537594
-8.086028,50,204.013522
-9.120257,50,204.071915
-10.718713,50,204.124072
-9.861077,50,204.174393
-16.254696,50,204.235191
-16.063159,50,204.289863
-5.863795,50,204.347214
-11.059063,50,204.395609
-10.324452,50,204.452031
-18.110725,50,204.489613
-16.135379,50,204.537398
-14.047597,50,204.57445
-9.899674,50,204.635393
-9.024262,50,204.672235
-9.016162,50,204.711637
-12.564245,50,204.76312
-6.633002,50,204.805059
-9.974783,50,204.846775
-18.220222,50,204.896722
-10.158671,50,204.942148
-9.133273,50,204.991341
-9.821846,50,205.049072
-12.341566,50,205.103311
-8.382042,50,205.159872
-10.953155,50,205.21652
-11.532015,50,205.275226
-18.419711,50,205.331155
-8.395594,50,205.378279
-8.815618,50,205.436866
-13.72013,50,205.491827
-10.989049,50,205.547906
-6.3844,50,205.603706
-9.530749,50,205.644936
-9.644425,50,205.700396
-8.224313,50,205.74312
-9.419883,50,205.780207
-10.978938,50,205.828514
-10.14945,50,205.868463
-11.375352,50,205.905371
-9.75242,50,205.954421
-11.224348,50,206.005378
-13.020439,50,206.477059
-7.885466,50,206.534922
-15.947837,50,206.586664
-9.148263,50,206.643025
-17.279794,50,206.705859
-6.649207,50,206.767233
-11.590233,50,206.822631
-10.484166,50,206.874864
-13.728364,50,206.930604
-7.029865,50,206.980958
-14.171245,50,207.02862
-10.33071,50,207.087405
-14.397761,50,207.140579
-9.763978,50,207.201713
-8.845724,50,207.256769
-12.627008,50,207.313842
-14.785635,50,207.371916
-8.000357,50,207.425839
-11.008153,50,207.484119
-7.005187,50,207.538021
-7.745768,50,207.593701
-10.770061,50,207.645567
-10.457261,50,207.695687
-12.002337,50,207.754827
-7.787732,50,207.819995
-9.350261,50,207.862257
-12.382718,50,207.904037
-11.948306,50,207.946611
-16.188202,50,207.987827
-19.379556,50,208.046691
-12.309742,50,208.100889
-13.414108,50,208.155958
-18.392405,50,208.213061
-12.979511,50,208.273573
-6.720341,50,208.335673
-9.275493,50,208.385317
-14.552743,50,208.443872
-10.62092,50,208.507166
-7.41616,50,208.561291
-16.771812,50,208.622742
-14.98658,50,208.683583
-10.645922,50,209.163119
-10.922777,50,209.225823
-10.208593,50,209.278914
-8.602696,50,209.333397
-11.954658,50,209.38986
-11.705809,50,209.450412
-7.030196,50,209.502005
-9.000494,50,209.554584
-18.283452,50,209.608376
-16.751571,50,209.661414
-19.36799,50,209.714457
-8.252144,50,209.769346
-8.55444,50,209.824203
-9.625542,50,209.876642
-10.921562,50,209.927078
-7.287888,50,209.970939
-10.520897,50,210.018363
-15.974517,50,210.061725
-8.723981,50,210.102591
-19.007532,50,210.143858
-6.840106,50,210.205339
-8.08057,50,210.266829
-9.759209,50,210.324456
-13.665602,50,210.380252
-9.457908,50,210.43426
-10.532369,50,210.495615
-12.165773,50,210.556226
-19.131975,50,210.610973
-11.038855,50,210.677965
-13.145186,50,210.733971
-9.396682,50,210.79367
-6.329535,50,210.855805
-9.342255,50,210.910705
-12.23273,50,210.952646
-6.592901,50,211.006847
-9.508252,50,211.047259
-15.646515,50,211.101425
-17.066498,50,211.152305
-10.285753,50,211.214182
-13.119594,50,211.266177
-18.53796,50,211.319995
-8.397112,50,211.779194
-13.00646,50,211.843474
-12.848131,50,211.897057
-17.737961,50,211.95835
-12.791433,50,212.013884
-11.030888,50,212.075011
-9.727644,50,212.131242
-8.793441,50,212.196175
-14.424201,50,212.259742
-9.404462,50,212.316344
-7.231699,50,212.374208
-8.450588,50,212.434348
-10.07831,50,212.490334
-10.804675,50,212.553727
-12.628745,50,212.608293
-15.94505,50,212.663484
-9.444509,50,212.724217
-15.777422,50,212.778769
-15.626954,50,212.82841
-12.623323,50,212.883029
-16.6006,50,212.935677
-16.246105,50,212.994018
-7.202776,50,213.054701
-12.943753,50,213.102071
-9.329804,50,213.155704
-8.216594,50,213.218352
-17.81699,50,213.278717
-16.783799,50,213.335694
-10.325587,50,213.38809
-10.243675,50,213.445775
-11.752218,50,213.497699
-9.63541,50,213.546242
-7.077039,50,213.60003
-7.459977,50,213.641686
-10.979161,50,213.679747
-13.949102,50,213.719664
-6.648946,50,213.759222
-6.312431,50,213.824061
-16.160067,50,213.861651
-16.342907,50,213.9223
-18.125606,50,213.979721
-9.807265,50,214.464285
-15.191028,50,214.520869
-6.383367,50,214.571911
-11.884573,50,214.629982
-15.56506,50,214.666927
-9.716226,50,214.700595
-7.890497,50,214.757798
-11.163056,50,214.807226
-9.704476,50,214.866516
-11.809789,50,214.910616
-14.171887,50,214.969432
-10.233173,50,215.007752
-13.274041,50,215.053935
-10.616276,50,215.094277
-16.666349,50,215.142699
-13.089144,50,215.179651
-13.667739,50,215.215708
-12.461078,50,215.256422
-10.841504,50,215.299798
-6.76757,50,215.343909
-16.931504,50,215.382832
-7.251487,50,215.445759
-11.605774,50,215.490903
-5.581295,50,215.544435
-9.054579,50,215.608942
-11.010752,50,215.653891
-18.030241,50,215.703105
-8.058576,50,215.757085
-8.316881,50,215.791758
-11.62551,50,215.842126
-11.704714,50,215.901802
-10.476363,50,215.941733
-15.033651,50,215.980065
-7.866365,50,216.024751
-17.464877,50,216.081105
-15.117713,50,216.123785
-10.340623,50,216.185653
-9.451405,50,216.240447
-13.088348,50,216.288981
-12.081927,50,216.349273
-8.01893,50,216.397914
-8.040574,50,216.883391
-17.210843,50,216.935717
-8.428833,50,216.993016
-9.218514,50,217.045377
-10.522215,50,217.10923
-6.882261,50,217.157832
-18.217297,50,217.218893
-12.154229,50,217.268549
-13.625893,50,217.319658
-6.703738,50,217.378006
-7.371392,50,217.423963
-5.924785,50,217.479496
-8.701525,50,217.534591
-10.83301,50,217.587216
-5.993962,50,217.638132
-13.504764,50,217.689771
-6.248549,50,217.7318
-12.298543,50,217.778398
-8.469652,50,217.838795
-6.907091,50,217.891207
-18.944294,50,217.947208
-7.049458,50,218.000315
-15.182773,50,218.054674
-11.745998,50,218.088838
-8.993378,50,218.12372
-5.557359,50,218.167602
-9.418438,50,218.227484
-13.265419,50,218.291873
-13.574666,50,218.352839
-9.595292,50,218.397846
-9.465967,50,218.450067
-18.313498,50,218.50148
-10.15588,50,218.551897
-12.039641,50,218.599496
-7.898173,50,218.641768
-18.783822,50,218.673867
-14.273183,50,218.73105
-10.385237,50,218.769539
-9.107662,50,218.805216
-10.993071,50,218.844789
-14.968627,50,218.886712
-11.500565,50,219.371067
-8.495466,50,219.434706
-8.311117,50,219.497515
-6.025873,50,219.558589
-9.888514,50,219.602996
-8.219899,50,219.651796
-12.743552,50,219.691948
-11.339161,50,219.741676
-10.545734,50,219.792288
-15.364948,50,219.842429
-9.902744,50,219.901772
-10.614544,50,219.95556
-7.696368,50,220.01054
-10.592285,50,220.063698
-14.2386,50,220.127498
-8.987942,50,220.184162
-6.465578,50,220.228034
-12.304619,50,220.269107
-10.40973,50,220.330155
-12.165431,50,220.390657
-18.508987,50,220.451202
-5.853727,50,220.49365
-10.508927,50,220.546465
-8.395599,50,220.604282
-9.555864,50,220.653722
-13.782522,50,220.695602
-9.423413,50,220.736216
-8.37045,50,220.787912
-9.560767,50,220.849949
-10.687218,50,220.909553
-10.453614,50,220.970917
-11.36376,50,221.035981
-11.360249,50,221.094876
-10.290621,50,221.141951
-7.504495,50,221.179934
-9.507613,50,221.23192
-8.307906,50,221.283439
-11.047418,50,221.339475
-14.165009,50,221.398653
-9.416966,50,221.4483
-7.386859,50,221.492461
-12.240428,50,221.979088
-12.338036,50,222.03205
-12.614846,50,222.091238
-8.902429,50,222.15428
-8.044018,50,222.213472
-8.976913,50,222.265078
-8.828667,50,222.325663
-4.980952,50,222.380293
-9.491829,50,222.430631
-7.965123,50,222.464976
-17.189214,50,222.504523
-8.597583,50,222.549474
-9.237972,50,222.596317
-10.2762,50,222.650795
-13.404377,50,222.685778
-9.982895,50,222.724807
-16.753847,50,222.782963
-6.047153,50,222.834973
-5.855267,50,222.887321
-8.351183,50,222.931345
-10.242537,50,222.974325
-10.443685,50,223.012967
-11.713955,50,223.068054
-9.414198,50,223.115514
-17.244888,50,223.153948
-7.097727,50,223.193745
-15.352042,50,223.231728
-7.176352,50,223.27646
-11.743494,50,223.325677
-17.732186,50,223.378269
-16.165265,50,223.427711
-14.226572,50,223.483463
-14.352478,50,223.528783
-9.235544,50,223.583221
-6.027157,50,223.633418
-10.78498,50,223.679821
-8.091394,50,223.735888
-12.659568,50,223.795732
-10.260462,50,223.854146
-15.624838,50,223.915815
-9.839002,50,223.96636
-10.08476,50,224.427766
-9.352351,50,224.46729
-10.419263,50,224.514949
-10.119675,50,224.550688
-6.487254,50,224.610329
-14.134413,50,224.65834
-17.103989,50,224.707707
-9.434392,50,224.754644
-7.561869,50,224.792647
-14.622846,50,224.8334
-4.70405,50,224.870988
-16.226402,50,224.912766
-8.44525,50,224.956622
-9.063654,50,225.016089
-5.887382,50,225.069444
-8.576665,50,225.119381
-8.729737,50,225.166983
-12.603298,50,225.224246
-10.583635,50,225.279264
-12.555919,50,225.331424
-10.388777,50,225.376278
-8.46553,50,225.423719
-9.701897,50,225.46135
-9.372549,50,225.518447
-12.055993,50,225.571724
-11.663933,50,225.616191
-6.633067,50,225.652081
-8.800024,50,225.689778
-12.237771,50,225.739801
-11.580463,50,225.776263
-8.590766,50,225.832134
-10.289513,50,225.877809
-9.508429,50,225.924037
-15.225645,50,225.962282
-11.978675,50,226.003801
-8.575393,50,226.062379
-9.179257,50,226.120333
-8.12633,50,226.176842
-12.319733,50,226.225739
-7.943947,50,226.284387
-9.002792,50,226.334875
-17.261395,50,226.79337
-8.661691,50,226.853726
-12.182351,50,226.901263
-8.760936,50,226.940362
-16.461463,50,226.994116
-9.466307,50,227.054873
-10.464505,50,227.113933
-14.119239,50,227.172824
-7.837638,50,227.23296
-9.10286,50,227.288253
-13.476312,50,227.344682
-7.797697,50,227.387807
-13.10497,50,227.43476
-10.915939,50,227.474791
-11.227695,50,227.535155
-8.903004,50,227.595144
-8.668677,50,227.633641
-14.064057,50,227.676145
-10.27912,50,227.711884
-12.468364,50,227.758933
-14.925906,50,227.806548
-11.604849,50,227.858864
-9.525259,50,227.90982
-15.865013,50,227.956218
-9.691462,50,228.006658
-10.163443,50,228.060622
-10.121456,50,228.120352
-10.564504,50,228.181888
-10.304698,50,228.234275
-7.980951,50,228.276939
-6.812943,50,228.322405
-13.43857,50,228.375849
-8.706666,50,228.422671
-13.895042,50,228.472339
-9.666376,50,228.514673
-7.220639,50,228.574657
-16.712177,50,228.622722
-8.97884,50,228.67451
-14.054512,50,228.721206
-8.431129,50,228.780021
-18.367032,50,228.834084
-15.52073,50,229.309627
-17.428015,50,229.356868
-9.124731,50,229.410795
-16.60883,50,229.465031
-17.931055,50,229.522404
-14.905287,50,229.568572
-11.218105,50,229.616424
-10.987112,50,229.668661
-10.079105,50,229.725608
-10.463478,50,229.762166
-10.486899,50,229.801805
-12.114455,50,229.836899
-14.255566,50,229.868044
-14.824681,50,229.907397
-7.931021,50,229.948761
-9.259752,50,229.996508
-10.051164,50,230.033328
-16.605848,50,230.086524
-9.074236,50,230.125341
-7.768947,50,230.16436
-13.609147,50,230.213147
-8.022338,50,230.259838
-12.837411,50,230.298481
-8.326707,50,230.329015
-15.334223,50,230.394411
-12.336283,50,230.454163
-10.014967,50,230.499073
-7.453021,50,230.538533
-8.862919,50,230.569511
-7.450627,50,230.612761
-11.90339,50,230.661218
-9.734357,50,230.710228
-18.223391,50,230.767765
-13.894302,50,230.804997
-13.758737,50,230.848432
-9.303054,50,230.891798
-11.628701,50,230.935997
-15.712989,50,230.991696
-6.793392,50,231.029687
-7.77582,50,231.068623
-9.457296,50,231.100302
-7.398101,50,231.561174
-14.606511,50,231.614235
-18.497164,50,231.673231
-8.446494,50,231.727684
-9.395828,50,231.79073
-10.898576,50,231.847022
-14.258455,50,231.90299
-8.262959,50,231.948801
-6.258563,50,231.998044
-11.064434,50,232.054131
-7.09343,50,232.117153
-13.710544,50,232.172409
-17.836503,50,232.213846
-8.19817,50,232.268061
-8.745403,50,232.325114
-9.375713,50,232.378876
-8.602172,50,232.418848
-6.889509,50,232.458898
-8.161224,50,232.493196
-11.944306,50,232.553318
-6.884042,50,232.602797
-15.897256,50,232.66373
-10.262234,50,232.725964
-9.761442,50,232.781934
-17.813007,50,232.827367
-14.378765,50,232.870295
-11.770417,50,232.916981
-17.142131,50,232.952978
-11.740149,50,233.004128
-18.198031,50,233.043425
-15.953449,50,233.090049
-11.966162,50,233.139449
-8.692561,50,233.181558
-14.978319,50,233.217624
-11.466204,50,233.25
-9.318373,50,233.297454
-11.879947,50,233.342588
-9.592216,50,233.383765
-8.339405,50,233.420552
-9.673703,50,233.465942
-11.228215,50,233.500769
-11.191328,50,233.959429
-13.410558,50,234.012047
-6.040529,50,234.06647
-14.974791,50,234.123031
-18.459258,50,234.165671
-14.860206,50,234.202747
-18.177334,50,234.251536
-6.873852,50,234.305519
-9.728985,50,234.364661
-8.127292,50,234.415369
-11.945015,50,234.472133
-12.120631,50,234.525486
-14.73664,50,234.565228
-10.181507,50,234.619951
-9.493103,50,234.672253
-8.91355,50,234.731311
-13.445042,50,234.788173
-9.79958,50,234.835147
-10.162273,50,234.886168
-13.535751,50,234.933833
-8.295954,50,234.99172
-12.283472,50,235.045108
-15.025724,50,235.101522
-13.562006,50,235.152031
-15.844591,50,235.203033
-10.175641,50,235.250819
-9.825802,50,235.286533
-9.901426,50,235.330462
-4.635586,50,235.375172
-13.550213,50,235.418338
-9.8724,50,235.457203
-6.49603,50,235.499213
-4.642804,50,235.551348
-8.564972,50,235.597359
-7.428367,50,235.642312
-14.515536,50,235.693906
-9.40725,50,235.739067
-7.82518,50,235.795651
-8.570055,50,235.839786
-10.582481,50,235.878307
-7.915702,50,235.914366
-11.623761,50,236.367449
-7.310478,50,236.427684
-9.517238,50,236.481066
-4.62614,50,236.538321
-9.454965,50,236.595736
-10.123873,50,236.65258
-8.810227,50,236.698124
-8.660003,50,236.748299
-8.091657,50,236.791329
-9.758959,50,236.835093
-10.104339,50,236.882066
-11.187932,50,236.928238
-9.490595,50,236.96456
-9.243528,50,237.014536
-12.043898,50,237.049242
-6.374579,50,237.086729
-7.852622,50,237.118442
-11.161806,50,237.17232
-14.010555,50,237.208791
-6.976745,50,237.268288
-11.912776,50,237.314495
-10.016823,50,237.366144
-10.87835,50,237.425995
-10.716098,50,237.480876
-8.775497,50,237.532768
-14.044266,50,237.588414
-14.516018,50,237.645298
-10.752235,50,237.707917
-5.444428,50,237.759423
-11.974896,50,237.803717
-6.955575,50,237.852726
-9.929225,50,237.891233
-6.956896,50,237.948215
-7.171308,50,237.99411
-12.127443,50,238.044405
-7.384649,50,238.083343
-14.299423,50,238.134871
-16.96651,50,238.168116
-14.070592,50,238.218064
-6.235762,50,238.274871
-7.718391,50,238.33159
-7.64544,50,238.820441
-7.965487,50,238.873669
-8.346765,50,238.926182
-13.10182,50,238.97994
-7.001575,50,239.033228
-8.527463,50,239.082605
-13.1938,50,239.128805
-9.095621,50,239.173751
-14.439979,50,239.226468
-11.543647,50,239.266934
-15.820577,50,239.305342
-9.250253,50,239.339023
-11.19483,50,239.371297
-9.200708,50,239.41737
-8.463024,50,239.465769
-10.344711,50,239.496004
-11.403988,50,239.529719
-17.821848,50,239.578778
-12.77957,50,239.630272
-12.13408,50,239.682718
-11.771674,50,239.721827
-13.682969,50,239.768706
-14.841658,50,239.821092
-4.970297,50,239.870735
-9.853522,50,239.922477
-9.773908,50,239.980606
-18.693512,50,240.024363
-6.518969,50,240.067241
-11.026295,50,240.117407
-9.0767,50,240.163022
-7.884316,50,240.213959
-9.043961,50,240.256479
-12.708327,50,240.303726
-10.592428,50,240.35894
-13.404559,50,240.411211
-9.421283,50,240.464955
-4.924363,50,240.50703
-5.882166,50,240.557018
-11.547383,50,240.606731
-9.458292,50,240.656326
-9.988262,50,240.700207
-11.99608,50,241.177318
-9.950139,50,241.233609
-17.5904,50,241.291546
-9.42569,50,241.349249
-9.130098,50,241.401954
-10.039703,50,241.462896
-6.900163,50,241.520959
-8.509341,50,241.576741
-7.334839,50,241.633364
-13.672503,50,241.69623
-10.156396,50,241.754808
-15.414931,50,241.801052
-8.341399,50,241.847135
-11.357979,50,241.896646
-11.051678,50,241.938845
-6.402589,50,241.997187
-7.356925,50,242.040896
-9.191322,50,242.097594
-7.559247,50,242.153324
-9.115174,50,242.207788
-8.179735,50,242.267315
-7.084233,50,242.326253
-8.233892,50,242.376808
-13.603423,50,242.432837
-10.477203,50,242.489439
-8.621871,50,242.546247
-10.980829,50,242.593297
-7.328946,50,242.63417
-8.589561,50,242.686012
-8.021922,50,242.733593
-15.399084,50,242.774982
-12.986457,50,242.830832
-9.905279,50,242.882677
-10.44465,50,242.930628
-10.909656,50,242.97252
-8.094782,50,243.023713
-6.744873,50,243.07982
-9.411536,50,243.116062
-9.462011,50,243.17034
-10.84275,50,243.228985
-7.270735,50,243.289603
-10.724677,50,243.79174
-12.787815,50,243.849047
-10.908497,50,243.901806
-10.68551,50,243.960865
-13.376301,50,244.017895
-6.365242,50,244.074287
-7.326081,50,244.126922
-8.66404,50,244.189195
-13.956705,50,244.246164
-12.106991,50,244.30385
-8.508111,50,244.359493
-5.893697,50,244.415633
-8.233647,50,244.464466
-11.404257,50,244.521725
-11.381764,50,244.576739
-11.721372,50,244.637384
-6.464066,50,244.694699
-16.071798,50,244.755856
-9.778069,50,244.807873
-12.740413,50,244.868913
-5.021772,50,244.924689
-10.131107,50,244.982503
-6.114761,50,245.031304
-14.342449,50,245.075685
-8.688065,50,245.115864
-9.289977,50,245.168764
-9.688311,50,245.229982
-9.45234,50,245.288256
-12.540622,50,245.343479
-9.690251,50,245.39657
-8.930355,50,245.453266
-9.065355,50,245.505998
-8.291554,50,245.546093
-9.881929,50,245.601069
-11.877415,50,245.643808
-9.2411,50,245.688046
-12.127797,50,245.735196
-9.630214,50,245.773242
-8.766878,50,245.814422
-7.730318,50,245.859621
-9.820896,50,245.895655
-8.772025,50,246.35709
-9.133903,50,246.411644
-7.792864,50,246.469656
-10.956186,50,246.524361
-12.172309,50,246.584288
-9.016641,50,246.646325
-7.508179,50,246.702685
-7.963864,50,246.758822
-12.115765,50,246.815048
-9.478308,50,246.865438
-11.504294,50,246.927162
-12.810752,50,246.98356
-5.1982,50,247.038847
-9.731792,50,247.096953
-11.983658,50,247.148343
-13.701137,50,247.188574
-7.797798,50,247.230356
-10.514521,50,247.262015
-8.830405,50,247.312091
-9.59833,50,247.369511
-8.829143,50,247.425571
-8.345266,50,247.479039
-9.962685,50,247.533807
-11.43852,50,247.59129
-9.451226,50,247.645802
-9.472229,50,247.703079
-10.872261,50,247.759386
-8.364171,50,247.81041
-9.133314,50,247.859371
-7.165341,50,247.901056
-12.779453,50,247.953145
-17.116376,50,247.996638
-8.17609,50,248.049713
-11.178391,50,248.104975
-8.575179,50,248.161087
-9.510106,50,248.207039
-12.696444,50,248.245205
-8.638614,50,248.292031
-14.682059,50,248.340884
-8.281796,50,248.392878
-9.578043,50,248.443404
-7.054978,50,248.931339
-9.0466,50,248.996184
-10.063472,50,249.051394
-7.330516,50,249.116565
-9.378284,50,249.175438
-11.521494,50,249.22368
-11.391301,50,249.278233
-8.393027,50,249.323779
-8.687133,50,249.381451
-13.153724,50,249.437531
-8.107978,50,249.495226
-11.170459,50,249.548735
-13.469249,50,249.609433
-11.932431,50,249.665984
-7.692042,50,249.725301
-10.547762,50,249.785465
-7.504573,50,249.838938
-10.711929,50,249.892019
-11.759301,50,249.945946
-7.381239,50,249.997166
-7.170965,50,250.051457
-6.308161,50,250.088284
-11.386102,50,250.143803
-9.072717,50,250.193939
-12.99311,50,250.240815
-11.11339,50,250.277413
-6.359285,50,250.319336
-12.659545,50,250.356691
-11.128224,50,250.417765
-12.595566,50,250.47426
-16.9299,50,250.534223
-6.746934,50,250.591104
-8.172485,50,250.645983
-12.422097,50,250.704325
-7.772759,50,250.763495
-10.660134,50,250.819963
-9.730962,50,250.878962
-8.095314,50,250.938168
-8.505838,50,250.984536
-11.863729,50,251.033931
-7.730214,50,251.094806
-10.202495,50,251.592408
-10.593247,50,251.651801
-16.317404,50,251.715966
-11.263431,50,251.764292
-14.729867,50,251.816437
-8.538878,50,251.870843
-9.773493,50,251.918993
-9.752991,50,251.960614
-7.294966,50,251.995299
-8.260153,50,252.04401
-11.210742,50,252.092164
-16.434846,50,252.141642
-7.48338,50,252.186398
-8.266775,50,252.2294
-8.890094,50,252.279562
-7.677172,50,252.322718
-9.22642,50,252.364633
-9.909877,50,252.403015
-6.584335,50,252.436976
-12.950518,50,252.492291
-12.605372,50,252.531595
-6.19189,50,252.591591
-6.622265,50,252.643582
-10.256758,50,252.702014
-13.455525,50,252.763973
-8.356625,50,252.821895
-13.236536,50,252.876899
-11.272831,50,252.932119
-12.027261,50,252.983683
-9.504944,50,253.039702
-6.360288,50,253.082993
-10.244353,50,253.126036
-16.599474,50,253.157795
-10.797825,50,253.19508
-7.526479,50,253.240682
-8.593344,50,253.294431
-9.229728,50,253.339634
-8.743987,50,253.386317
-12.083133,50,253.428243
-8.458412,50,253.479059
-5.951729,50,253.967621
-8.076064,50,254.000233
-9.444758,50,254.032313
-5.789789,50,254.070831
-7.443598,50,254.12799
-9.459064,50,254.182396
-12.04963,50,254.24206
-13.21487,50,254.307113
-11.623257,50,254.361625
-12.22638,50,254.402992
-8.742352,50,254.457251
-9.362118,50,254.502057
-11.395996,50,254.550636
-13.790007,50,254.601791
-12.898853,50,254.645535
-17.460429,50,254.692708
-10.122983,50,254.738209
-8.406416,50,254.778045
-11.578701,50,254.810712
-11.783249,50,254.844972
-9.101588,50,254.89428
-7.882211,50,254.945859
-4.901741,50,255.001901
-9.441484,50,255.055918
-10.972522,50,255.112683
-12.030799,50,255.172419
-7.884768,50,255.231279
-9.138599,50,255.284417
-8.883559,50,255.341003
-13.360323,50,255.383759
-8.708197,50,255.431886
-8.287996,50,255.483183
-9.61611,50,255.534089
-9.694103,50,255.579916
-12.336337,50,255.624344
-13.020944,50,255.671693
-7.376253,50,255.719802
-11.286363,50,255.778718
-5.675695,50,255.833139
-10.134277,50,255.87539
-6.866285,50,255.922611
-14.21525,50,256.399125
-12.024641,50,256.465143
-12.187618,50,256.522494
-9.685756,50,256.572025
-6.137069,50,256.63171
-11.735376,50,256.68934
-8.849053,50,256.744987
-11.32355,50,256.795645
-13.722099,50,256.847765
-8.603745,50,256.892428
-12.347555,50,256.941913
-6.303692,50,256.998332
-10.408002,50,257.04233
-8.981727,50,257.090446
-14.66333,50,257.140265
-9.879081,50,257.19531
-8.139907,50,257.235677
-5.767598,50,257.297218
-5.786468,50,257.346448
-8.84822,50,257.390445
-9.708874,50,257.445132
-7.251247,50,257.504346
-6.276407,50,257.565735
-9.744227,50,257.620077
-8.667969,50,257.680565
-9.521826,50,257.737171
-13.012755,50,257.784058
-8.225123,50,257.844432
-10.125638,50,257.892128
-13.15197,50,257.945093
-12.272723,50,257.991235
-8.25351,50,258.040086
-6.027501,50,258.087982
-6.717423,50,258.138864
-8.291931,50,258.185614
-6.831052,50,258.228081
-7.874456,50,258.279478
-12.042265,50,258.327825
-8.238748,50,258.369642
-10.169513,50,258.429354
-11.154387,50,258.487284
-7.165155,50,258.938823
-5.930447,50,258.993613
-14.521691,50,259.046455
-14.969616,50,259.098393
-7.652519,50,259.143773
-12.784994,50,259.197713
-13.03031,50,259.255278
-8.600694,50,259.308155
-5.629103,50,259.363218
-10.796458,50,259.411079
-13.463024,50,259.469076
-8.288294,50,259.535449
-9.171607,50,259.595045
-5.945324,50,259.656
-12.450825,50,259.708187
-5.686548,50,259.746323
-9.267143,50,259.783993
-11.555465,50,259.84095
-8.056049,50,259.901902
-10.639224,50,259.941098
-8.667521,50,259.987238
-12.893621,50,260.037812
-11.211698,50,260.082481
-11.673064,50,260.128613
-7.105981,50,260.16715
-6.278847,50,260.212359
-9.433046,50,260.245085
-8.471348,50,260.279372
-9.617146,50,260.313302
-9.854625,50,260.361458
-9.3811,50,260.403842
-11.069857,50,260.451845
-11.692378,50,260.517106
-8.42096,50,260.57274
-15.913687,50,260.6112
-12.860697,50,260.646848
-8.623071,50,260.710822
-8.872195,50,260.757333
-9.751171,50,260.815655
-5.937455,50,260.87697
-12.512206,50,260.925927
-10.681416,50,261.383962
-13.975415,50,261.4392
-9.414256,50,261.501857
-12.207016,50,261.555055
-10.54899,50,261.61116
-9.037635,50,261.665743
-5.207147,50,261.728524
-13.172629,50,261.780636
-13.384859,50,261.842211
-13.762497,50,261.901748
-9.057748,50,261.957695
-8.115256,50,262.012738
-8.968927,50,262.067542
-11.224201,50,262.104568
-10.901472,50,262.144038
-11.241681,50,262.186708
-8.51415,50,262.226953
-11.46117,50,262.27112
-8.644644,50,262.306472
-10.541639,50,262.35086
-10.227067,50,262.402298
-8.784044,50,262.468362
-9.650798,50,262.524864
-10.683518,50,262.582776
-8.893323,50,262.642007
-11.460416,50,262.695233
-8.132716,50,262.753988
-8.00229,50,262.814708
-14.199638,50,262.873281
-10.650495,50,262.925344
-10.823879,50,262.984002
-7.332503,50,263.042829
-7.615477,50,263.100183
-9.195442,50,263.157801
-11.982152,50,263.208444
-10.303518,50,263.261726
-10.900477,50,263.310977
-13.549093,50,263.347003
-9.658393,50,263.392525
-13.900474,50,263.448876
-11.058203,50,263.506711
-8.947766,50,263.973921
-8.737293,50,264.027909
-9.641945,50,264.086622
-13.00091,50,264.139132
-12.24896,50,264.19204
-5.863154,50,264.244872
-11.987506,50,264.289982
-14.766095,50,264.352274
-12.054015,50,264.402516
-11.40369,50,264.464956
-9.84856,50,264.518602
-13.178196,50,264.572316
-10.355036,50,264.630766
-7.103523,50,264.684291
-10.065857,50,264.739777
-10.022351,50,264.805668
-5.77629,50,264.863912
-10.700961,50,264.907951
-7.695181,50,264.973794
-6.788777,50,265.031085
-5.50648,50,265.069161
-10.205435,50,265.135695
-8.343758,50,265.185513
-8.462895,50,265.23663
-10.448821,50,265.28747
-10.22404,50,265.340003
-12.898965,50,265.378863
-10.063219,50,265.436939
-10.755368,50,265.495615
-12.667621,50,265.547878
-10.479235,50,265.606078
-6.133502,50,265.663615
-9.319941,50,265.718079
-15.022151,50,265.77252
-9.633389,50,265.821374
-9.470585,50,265.862301
-7.681372,50,265.893872
-12.661584,50,265.936967
-9.605121,50,265.985736
-9.662559,50,266.028997
-7.618479,50,266.079721
-11.122149,50,266.55609
-8.697456,50,266.609606
-8.66315,50,266.673964
-14.170795,50,266.729918
-11.526332,50,266.784242
-11.678437,50,266.842916
-8.528973,50,266.898018
-6.461879,50,266.956455
-11.139579,50,267.005099
-9.007785,50,267.065958
-5.46989,50,267.123181
-11.15789,50,267.184322
-8.324332,50,267.234078
-8.288277,50,267.296995
-15.106374,50,267.34929
-10.289749,50,267.405677
-8.706002,50,267.462405
-11.356532,50,267.520562
-9.865395,50,267.577032
-8.344492,50,267.630333
-8.624722,50,267.687272
-12.707685,50,267.742459
-10.277247,50,267.801454
-7.585189,50,267.861795
-9.596215,50,267.919613
-11.009097,50,267.964084
-6.066998,50,268.024876
-5.579057,50,268.071344
-11.443873,50,268.115409
-9.469429,50,268.160192
-10.12254,50,268.208828
-8.288518,50,268.246583
-8.10052,50,268.292272
-7.030285,50,268.333483
-8.582019,50,268.377162
-8.970888,50,268.418329
-10.444885,50,268.476472
-8.579656,50,268.535737
-7.467966,50,268.574612
-9.251324,50,268.625053
-12.881991,50,268.669805
-11.318631,50,269.129007
-13.021664,50,269.183745
-7.808634,50,269.229057
-10.648954,50,269.263824
-9.45305,50,269.311243
-10.218642,50,269.352102
-9.339752,50,269.387074
-8.794249,50,269.432055
-13.309681,50,269.491675
-7.461101,50,269.538607
-11.931105,50,269.587741
-11.107869,50,269.640712
-8.670881,50,269.686028
-9.940965,50,269.744493
-6.858324,50,269.797395
-8.108984,50,269.848739
-9.061408,50,269.907152
-11.447213,50,269.96284
-11.618065,50,270.020984
-9.377089,50,270.075972
-14.018055,50,270.130457
-7.670734,50,270.179381
-9.808442,50,270.223286
-10.702602,50,270.281321
-9.720363,50,270.312939
-8.786137,50,270.359743
-11.793787,50,270.399861
-12.88577,50,270.450638
-12.821059,50,270.482503
-8.34667,50,270.528962
-13.279608,50,270.578877
-12.711721,50,270.641893
-11.171207,50,270.699122
-7.860693,50,270.741517
-12.472745,50,270.792144
-10.632711,50,270.850572
-13.668056,50,270.900968
-8.756467,50,270.945588
-7.513056,50,270.992716
-10.52465,50,271.052087
-8.055252,50,271.091236
-11.570531,50,271.540768
-9.890083,50,271.593736
-10.980686,50,271.653949
-10.663448,50,271.714854
-10.039168,50,271.771825
-9.004411,50,271.835502
-14.840553,50,271.899301
-13.078889,50,271.955373
-11.316826,50,272.012265
-6.698353,50,272.068252
-16.029955,50,272.116078
-10.08406,50,272.177659
-6.419365,50,272.224698
-12.274447,50,272.264715
-14.383405,50,272.301403
-12.512743,50,272.347456
-12.431981,50,272.390699
-8.878793,50,272.429842
-8.995119,50,272.471687
-13.749973,50,272.519599
-10.099513,50,272.573208
-10.829696,50,272.633369
-14.154065,50,272.695725
-8.704988,50,272.758534
-8.924619,50,272.814938
-10.124053,50,272.867136
-7.35431,50,272.92666
-9.558911,50,272.981366
-8.168154,50,273.041474
-13.502986,50,273.081892
-14.270996,50,273.134209
-7.696214,50,273.193643
-11.808218,50,273.250518
-12.51249,50,273.290258
-15.773614,50,273.322086
-14.135841,50,273.370684
-13.219446,50,273.428067
-13.140325,50,273.476685
-9.53248,50,273.527042
-17.02596,50,273.583033
-8.687218,50,273.636729
-16.40961,50,274.113713
-14.450252,50,274.173405
-8.315007,50,274.227473
-10.013741,50,274.282935
-8.721947,50,274.344829
-9.260707,50,274.400034
-9.89418,50,274.456277
-7.974205,50,274.511365
-6.890326,50,274.560132
-14.519474,50,274.622091
-8.37809,50,274.683218
-7.444225,50,274.734543
-7.822873,50,274.796271
-10.91244,50,274.853806
-11.331881,50,274.90533
-11.659333,50,274.954546
-8.445684,50,275.015189
-10.06835,50,275.073254
-10.246748,50,275.130925
-12.352954,50,275.186967
-6.080148,50,275.243442
-8.143522,50,275.29964
-9.031802,50,275.349714
-11.118174,50,275.404969
-6.748074,50,275.461884
-12.698306,50,275.515694
-12.903939,50,275.555358
-11.321036,50,275.597471
-12.357011,50,275.656519
-9.620973,50,275.709114
-9.999281,50,275.769646
-11.647502,50,275.827688
-12.324065,50,275.884778
-5.226353,50,275.945636
-8.51499,50,276.003034
-10.771496,50,276.053802
-11.566132,50,276.102481
-10.896672,50,276.150524
-8.226206,50,276.198151
-10.463916,50,276.24649
-8.215386,50,276.287466
-7.125355,50,276.773175
-7.022436,50,276.830139
-10.134542,50,276.888331
-9.985731,50,276.952053
-5.890022,50,277.007053
-9.80488,50,277.06946
-9.530209,50,277.129872
-6.134096,50,277.188623
-9.806183,50,277.254427
-8.072277,50,277.312815
-13.296095,50,277.369747
-9.221742,50,277.431861
-8.090628,50,277.493601
-12.960102,50,277.553982
-9.856778,50,277.601204
-8.90069,50,277.652715
-12.053854,50,277.703985
-7.571674,50,277.75235
-11.509716,50,277.814468
-16.084432,50,277.865332
-9.024635,50,277.921348
-14.658704,50,277.974808
-7.448949,50,278.032011
-10.026834,50,278.08909
-7.525239,50,278.145056
-6.78583,50,278.204
-7.321455,50,278.266118
-13.747489,50,278.308887
-14.179183,50,278.369932
-9.632217,50,278.416607
-8.491614,50,278.466007
-10.600272,50,278.509868
-11.717581,50,278.565707
-9.056231,50,278.623456
-11.272672,50,278.66817
-11.822358,50,278.71437
-17.083056,50,278.758612
-7.508667,50,278.817922
-15.34041,50,278.870973
-14.033923,50,278.935125
-6.625071,50,278.991607
-15.594924,50,279.48481
-13.905564,50,279.538491
-11.099063,50,279.586433
-11.674841,50,279.631426
-9.544151,50,279.680467
-8.390606,50,279.732691
-12.969893,50,279.786302
-6.636436,50,279.843801
-10.400506,50,279.902224
-13.058532,50,279.959964
-10.510851,50,280.012936
-8.427523,50,280.066433
-7.059448,50,280.126206
-13.127203,50,280.182493
-10.59285,50,280.223989
-9.471894,50,280.272259
-11.511465,50,280.317755
-12.151707,50,280.365716
-11.055451,50,280.418727
-8.644967,50,280.460845
-11.428535,50,280.511539
-10.130608,50,280.569582
-13.112524,50,280.630338
-10.927926,50,280.673559
-7.189957,50,280.720432
-9.704673,50,280.770406
-6.400919,50,280.829055
-10.241383,50,280.886126
-9.735683,50,280.939097
-9.311777,50,280.990177
-7.076151,50,281.040296
-12.190984,50,281.100498
-13.870637,50,281.157728
-8.986064,50,281.209437
-5.436434,50,281.258546
-16.003547,50,281.304496
-11.589618,50,281.347552
-14.397124,50,281.379302
-8.431536,50,281.413712
-9.325492,50,281.475033
-9.697027,50,281.528703
-8.538319,50,282.003855
-9.903784,50,282.0646
-6.115658,50,282.121542
-9.490156,50,282.18181
-8.18217,50,282.243301
-16.421973,50,282.298657
-8.668064,50,282.351359
-14.257735,50,282.416615
-8.961236,50,282.473752
-12.516502,50,282.524216
-9.671349,50,282.578008
-12.463628,50,282.634395
-10.604436,50,282.67331
-12.343089,50,282.725723
-12.165695,50,282.772881
-11.33056,50,282.81519
-8.941193,50,282.851529
-11.199526,50,282.881001
-7.07306,50,282.920729
-12.387979,50,282.961373
-7.185809,50,282.998674
-9.909368,50,283.053069
-7.367354,50,283.11287
-7.579008,50,283.168619
-14.93582,50,283.22263
-13.271948,50,283.287319
-8.971961,50,283.345429
-15.274136,50,283.388546
-8.146904,50,283.433686
-13.863899,50,283.471039
-9.836592,50,283.524441
-11.037953,50,283.570596
-13.142021,50,283.617972
-9.110798,50,283.661798
-9.243621,50,283.720493
-14.871257,50,283.763684
-8.645124,50,283.813752
-15.352243,50,283.857022
-10.440403,50,283.910978
-9.028788,50,283.967216
-9.995893,50,284.022614
-9.452502,50,284.520646
-13.280664,50,284.579975
-12.357704,50,284.63953
-9.667499,50,284.694907
-10.024314,50,284.739146
-16.654697,50,284.80027
-14.204522,50,284.838736
-11.172126,50,284.89001
-8.932164,50,284.927407
-8.862319,50,284.975429
-9.151051,50,285.031749
-8.010365,50,285.089317
-11.661355,50,285.147509
-16.056935,50,285.207178
-7.928436,50,285.261766
-12.284342,50,285.318749
-15.817175,50,285.369519
-9.190334,50,285.414971
-16.322802,50,285.474808
-6.285205,50,285.511015
-8.966735,50,285.557033
-7.009855,50,285.610476
-15.433836,50,285.658469
-12.854565,50,285.717401
-9.428082,50,285.760504
-7.035958,50,285.808901
-9.663208,50,285.86332
-7.392336,50,285.904792
-11.189409,50,285.943311
-9.756485,50,285.990017
-14.235873,50,286.042836
-13.021279,50,286.098989
-8.267307,50,286.162759
-9.126076,50,286.217293
-9.660829,50,286.2624
-7.743037,50,286.316984
-6.227094,50,286.349941
-14.60289,50,286.393441
-8.007232,50,286.448801
-8.759576,50,286.500737
-9.254492,50,286.537687
-13.157584,50,287.017274
-6.399859,50,287.069382
-8.326527,50,287.132028
-12.048471,50,287.192467
-11.94592,50,287.252709
-10.361856,50,287.300209
-10.073097,50,287.352497
-9.114706,50,287.412034
-5.575848,50,287.457438
-9.112432,50,287.502769
-10.494014,50,287.541867
-15.785003,50,287.592115
-9.730077,50,287.632578
-9.296682,50,287.678362
-14.709852,50,287.724621
-13.423291,50,287.765341
-15.104348,50,287.805041
-13.828622,50,287.855436
-12.490449,50,287.89914
-9.398197,50,287.941134
-9.952685,50,287.98499
-14.811388,50,288.03852
-7.099313,50,288.082483
-16.430342,50,288.140727
-8.752132,50,288.196169
-9.035815,50,288.252812
-13.936292,50,288.306162
-8.80848,50,288.363277
-11.234057,50,288.418248
-6.747191,50,288.475438
-10.040399,50,288.531506
-13.181165,50,288.577802
-7.664781,50,288.613598
-12.680014,50,288.656521
-14.215858,50,288.713061
-6.482707,50,288.758089
-12.824196,50,288.797341
-11.018609,50,288.854142
-13.130611,50,288.900476
-6.783015,50,288.94672
-6.824042,50,289.000021
-15.823615,50,289.473706
-11.811161,50,289.530491
-7.938915,50,289.58571
-9.143245,50,289.639447
-16.690184,50,289.698342
-5.264104,50,289.754471
-7.226939,50,289.811148
-11.725318,50,289.867027
-7.814629,50,289.922528
-12.101142,50,289.98425
-8.998296,50,290.034221
-12.60452,50,290.095038
-9.505658,50,290.156971
-8.712154,50,290.216965
-12.992784,50,290.277231
-10.51688,50,290.336743
-11.75456,50,290.390181
-14.918913,50,290.450372
-12.827901,50,290.505347
-10.102502,50,290.549664
-10.831534,50,290.606783
-9.960354,50,290.657462
-12.046792,50,290.707149
-9.81318,50,290.754967
-11.894539,50,290.815608
-11.738044,50,290.860893
-12.404524,50,290.914187
-11.99555,50,290.96954
-14.462706,50,291.02701
-9.456578,50,291.085154
-7.632333,50,291.143472
-12.855723,50,291.207281
-10.93458,50,291.265908
-11.577159,50,291.323948
-9.801222,50,291.383747
-13.718584,50,291.440154
-10.557836,50,291.49906
-11.702701,50,291.541546
-12.077971,50,291.602575
-12.407391,50,291.657125
-8.678451,50,291.698201
-12.814598,50,292.196848
-8.619603,50,292.250724
-11.779422,50,292.307149
-9.189546,50,292.362493
-10.450059,50,292.416241
-12.246262,50,292.47149
-15.329752,50,292.529559
-8.11266,50,292.583299
-10.923951,50,292.649159
-15.356783,50,292.709999
-10.945276,50,292.779384
-12.979997,50,292.831091
-8.172347,50,292.884827
-8.898452,50,292.934059
-6.741496,50,292.99532
-6.098748,50,293.035813
-11.82698,50,293.090316
-9.295831,50,293.142939
-8.414518,50,293.199797
-8.5187,50,293.258701
-11.438641,50,293.317289
-7.375442,50,293.374569
-9.23772,50,293.429451
-9.15391,50,293.47766
-9.3297,50,293.53196
-10.014255,50,293.583938
-8.809247,50,293.64329
-7.529518,50,293.691852
-9.754903,50,293.740212
-8.048224,50,293.78929
-7.873883,50,293.828626
-9.784205,50,293.862039
-12.970889,50,293.903784
-8.038062,50,293.942912
-11.725114,50,293.997229
-12.118541,50,294.049621
-5.497367,50,294.085882
-12.810704,50,294.139203
-11.118291,50,294.1896
-9.956288,50,294.252646
-17.857248,50,294.2995
-10.666944,50,294.777678
-8.35132,50,294.833659
-10.402154,50,294.890127
-8.855056,50,294.941388
-9.694654,50,294.98413
-13.846763,50,295.032659
-8.930845,50,295.078158
-8.216191,50,295.118132
-9.2871,50,295.164625
-12.206385,50,295.212551
-12.253557,50,295.249996
-8.669232,50,295.282808
-9.677893,50,295.324073
-8.356821,50,295.382165
-6.140683,50,295.441993
-5.457034,50,295.486634
-7.108004,50,295.546295
-9.507716,50,295.607942
-8.1912,50,295.649074
-11.323295,50,295.698046
-9.173666,50,295.730788
-9.816747,50,295.7724
-12.742762,50,295.825071
-6.967431,50,295.876004
-11.984456,50,295.914753
-8.767977,50,295.958941
-13.479774,50,296.003909
-13.597381,50,296.045547
-12.325874,50,296.089885
-6.47388,50,296.142136
-10.542122,50,296.199666
-10.326478,50,296.243786
-11.61223,50,296.290909
-12.466447,50,296.342923
-12.526535,50,296.391437
-9.014829,50,296.428576
-12.000426,50,296.467302
-10.647327,50,296.52556
-9.187752,50,296.579628
-13.117093,50,296.638035
-12.219028,50,296.684865
-11.730827,50,297.219715
-8.236025,50,297.279173
-13.917804,50,297.340882
-9.720558,50,297.393044
-13.240963,50,297.448694
-6.561041,50,297.508585
-8.701903,50,297.567022
-10.682226,50,297.623812
-7.220283,50,297.680238
-8.447166,50,297.740158
-11.397515,50,297.784496
-12.657632,50,297.844009
-9.668495,50,297.904347
-6.853015,50,297.958552
-10.531806,50,298.009663
-16.708395,50,298.066784
-7.144328,50,298.122688
-8.736664,50,298.178334
-10.697899,50,298.235569
-12.474683,50,298.299009
-8.444798,50,298.355029
-14.294854,50,298.41107
-7.299006,50,298.470315
-8.648304,50,298.530096
-8.284431,50,298.588936
-6.200871,50,298.655076
-8.314315,50,298.712845
-10.844952,50,298.768614
-7.044503,50,298.820913
-10.400443,50,298.868714
-9.966106,50,298.910359
-10.09128,50,298.95503
-10.211908,50,299.003618
-9.245529,50,299.057359
-13.37173,50,299.114505
-9.68627,50,299.155764
-16.279783,50,299.201297
-8.801217,50,299.260939
-8.363111,50,299.32194
-10.032626,50,299.387085
-11.340963,50,299.444789
-11.763155,50,299.955812
-7.995837,50,300.013707
-8.083034,50,300.07047
-15.13964,50,300.129693
-10.380603,50,300.168982
-13.627375,50,300.217679
-8.31811,50,300.275327
-10.725619,50,300.331197
-8.956549,50,300.387064
-13.385681,50,300.442823
-10.169228,50,300.506488
-8.895703,50,300.561443
-10.612476,50,300.6221
-8.45317,50,300.685144
-12.657757,50,300.742376
-12.408223,50,300.808789
-6.902862,50,300.867323
-12.102719,50,300.923708
-8.823601,50,300.978282
-10.442235,50,301.033874
-14.057555,50,301.096022
-7.295885,50,301.139319
-6.903219,50,301.177418
-6.405141,50,301.241876
-7.227746,50,301.306158
-9.776769,50,301.368748
-10.370394,50,301.424346
-8.788212,50,301.48209
-13.560964,50,301.547712
-9.12333,50,301.603766
-10.071482,50,301.662859
-12.540148,50,301.722435
-9.30689,50,301.779338
-8.099184,50,301.837174
-8.65169,50,301.88011
-12.136977,50,301.944689
-6.713067,50,302.003515
-7.887173,50,302.052577
-9.202048,50,302.103109
-14.219522,50,302.13881
-9.029541,50,302.187134
-14.919485,50,302.668301
-9.108693,50,302.734026
-15.785245,50,302.800554
-4.700246,50,302.855469
-5.711098,50,302.920894
-8.224309,50,302.98521
-8.046619,50,303.039042
-11.407765,50,303.10477
-10.831798,50,303.162542
-8.241592,50,303.213068
-13.84164,50,303.259839
-8.251378,50,303.3058
-10.703391,50,303.350933
-7.318498,50,303.393028
-8.952167,50,303.432284
-8.761881,50,303.487746
-15.625562,50,303.538365
-15.57001,50,303.582675
-8.612611,50,303.635811
-12.404098,50,303.694231
-10.013255,50,303.755504
-8.669631,50,303.819963
-9.307436,50,303.882558
-9.451175,50,303.925406
-9.890063,50,303.979673
-10.216984,50,304.017141
-15.756927,50,304.061744
-6.373331,50,304.114329
-8.546886,50,304.169393
-10.642178,50,304.216801
-10.934357,50,304.287834
-8.663635,50,304.329859
-11.147797,50,304.379516
-10.025959,50,304.431522
-8.93791,50,304.472819
-11.570186,50,304.51297
-13.292323,50,304.548034
-7.134032,50,304.587372
-12.03778,50,304.624247
-8.786696,50,304.664139
-6.071483,50,304.721092
-8.077979,50,305.222701
-9.099754,50,305.279051
-11.368335,50,305.338878
-9.329118,50,305.405498
-10.475776,50,305.467367
-14.220305,50,305.527269
-10.690913,50,305.577691
-11.426692,50,305.642915
-10.256302,50,305.70627
-10.818587,50,305.764127
-13.469641,50,305.816884
-7.615887,50,305.868474
-10.472336,50,305.912653
-8.665943,50,305.962422
-9.09177,50,306.014206
-7.899761,50,306.067876
-10.876975,50,306.119854
-8.366281,50,306.173298
-14.425419,50,306.223279
-10.900445,50,306.271509
-6.267342,50,306.325572
-8.247005,50,306.367247
-13.732892,50,306.426342
-8.642658,50,306.473787
-11.575478,50,306.520288
-11.101354,50,306.567749
-10.057966,50,306.614113
-9.923727,50,306.675056
-12.049568,50,306.723769
-11.251289,50,306.77863
-12.602659,50,306.824939
-14.708988,50,306.8832
-9.823541,50,306.939482
-12.470965,50,306.986964
-10.073035,50,307.043849
-13.270495,50,307.093301
-11.621614,50,307.134977
-8.385945,50,307.175852
-8.732329,50,307.233405
-10.545824,50,307.291173
-12.491755,50,307.35201
-8.659095,50,307.871385
-8.32222,50,307.927876
-9.040661,50,307.988365
-8.639623,50,308.040442
-15.578543,50,308.09174
-10.21135,50,308.134875
-9.415744,50,308.179799
-7.321283,50,308.223018
-9.907363,50,308.262409
-9.582337,50,308.313617
-12.068519,50,308.357872
-7.31115,50,308.41145
-15.341412,50,308.466729
-11.117158,50,308.522329
-11.358813,50,308.576556
-7.408754,50,308.632877
-8.870385,50,308.687316
-13.837656,50,308.737806
-9.597103,50,308.781229
-13.611136,50,308.814105
-8.376807,50,308.865085
-9.284082,50,308.925446
-11.36631,50,308.984333
-7.947278,50,309.040009
-9.174951,50,309.09766
-7.531585,50,309.151513
-17.508655,50,309.189398
-11.729252,50,309.239925
-9.626081,50,309.283728
-9.212866,50,309.328953
-8.282556,50,309.38647
-8.303385,50,309.424585
-11.363674,50,309.471743
-8.635283,50,309.512292
-11.151356,50,309.560825
-10.226564,50,309.596438
-6.520455,50,309.635138
-11.709078,50,309.691507
-9.37696,50,309.74259
-7.882987,50,309.795818
-11.104875,50,309.840249
-8.394143,50,310.353247
-12.942013,50,310.422371
-16.663046,50,310.487114
-8.898254,50,310.555239
-8.628127,50,310.607235
-11.312805,50,310.659141
-14.830696,50,310.716874
-11.754633,50,310.76449
-6.455363,50,310.819933
-5.69836,50,310.88558
-6.845919,50,310.948964
-12.271307,50,311.00628
-8.298173,50,311.05827
-12.809317,50,311.126293
-10.330708,50,311.20022
-9.753181,50,311.255758
-11.632126,50,311.320525
-14.104258,50,311.382662
-8.737871,50,311.447834
-8.377604,50,311.510677
-5.471301,50,311.577313
-9.056675,50,311.640081
-8.668691,50,311.699541
-7.909774,50,311.750177
-12.232533,50,311.80975
-8.957872,50,311.868728
-10.628077,50,311.930225
-9.460973,50,311.979604
-16.939968,50,312.040792
-8.967815,50,312.097813
-5.632158,50,312.150465
-7.762111,50,312.20412
-9.331207,50,312.259853
-9.847617,50,312.322085
-9.654799,50,312.386796
-12.383788,50,312.439258
-9.964754,50,312.501921
-7.655763,50,312.554954
-12.615079,50,312.606432
-9.466113,50,312.650778
-9.097855,50,312.684184
-9.874084,50,313.175567
-8.627358,50,313.21095
-13.636203,50,313.246454
-7.088032,50,313.28914
-6.675562,50,313.350079
-12.451459,50,313.410383
-6.606302,50,313.472906
-9.824159,50,313.520742
-6.921056,50,313.568527
-13.194146,50,313.60318
-6.526372,50,313.636129
-8.563753,50,313.669258
-8.017816,50,313.715715
-9.717749,50,313.751166
-8.86402,50,313.789146
-9.828048,50,313.824111
-9.025452,50,313.858778
-12.891106,50,313.89375
-9.450235,50,313.929484
-13.807868,50,313.966336
-13.769732,50,314.005341
-8.208873,50,314.041494
-8.081533,50,314.078888
-15.655542,50,314.115391
-10.685759,50,314.161002
-8.709187,50,314.209209
-11.859592,50,314.252603
-12.166709,50,314.299941
-10.552665,50,314.338143
-7.327001,50,314.375601
-10.114108,50,314.414159
-6.775408,50,314.472482
-7.077965,50,314.524844
-10.845948,50,314.566431
-8.832644,50,314.608325
-8.430163,50,314.658654
-8.685496,50,314.692901
-9.891503,50,314.728631
-12.536422,50,314.761734
-8.167736,50,314.795387
-5.890315,50,314.830523
-12.427785,50,315.311791
-10.604199,50,315.34836
-15.037625,50,315.381347
-12.628137,50,315.422004
-12.194959,50,315.47032
-10.189081,50,315.514798
-15.99066,50,315.556407
-11.350999,50,315.601361
-8.869901,50,315.649776
-8.275103,50,315.70582
-9.594795,50,315.742154
-10.655529,50,315.778534
-8.572119,50,315.81209
-6.749756,50,315.848662
-8.031318,50,315.888227
-9.545449,50,315.927956
-8.272564,50,315.963676
-9.061759,50,315.999408
-11.50681,50,316.039896
-11.169822,50,316.078711
-7.907805,50,316.115867
-9.328868,50,316.151601
-8.982233,50,316.186412
-13.801936,50,316.221235
-14.318688,50,316.263175
-13.576682,50,316.294797
-7.150601,50,316.327329
-10.614213,50,316.366127
-10.090353,50,316.419075
-9.349556,50,316.475693
-10.425524,50,316.518651
-12.089558,50,316.557868
-9.863067,50,316.593594
-15.044311,50,316.629447
-8.751133,50,316.670145
-9.199587,50,316.705143
-13.315913,50,316.742477
-10.63501,50,316.78489
-7.02634,50,316.848674
-14.131689,50,316.88603
-8.738651,50,317.369499
-9.635974,50,317.420314
-9.938969,50,317.473751
-7.445124,50,317.517689
-8.219507,50,317.554412
-10.077079,50,317.601042
-7.393162,50,317.63763
-8.501267,50,317.67952
-8.926404,50,317.727754
-8.732704,50,317.762541
-8.351091,50,317.798815
-6.666461,50,317.843702
-9.115239,50,317.877984
-7.373241,50,317.917026
-10.002845,50,317.95431
-9.936743,50,317.990875
-8.143668,50,318.030407
-9.444167,50,318.076087
-8.386947,50,318.113354
-10.587377,50,318.148975
-12.324276,50,318.182863
-10.075406,50,318.217196
-12.606502,50,318.250192
-10.176031,50,318.282782
-13.335651,50,318.316836
-9.825798,50,318.350202
-7.419824,50,318.38379
-9.305604,50,318.417259
-15.907685,50,318.460432
-9.552666,50,318.515931
-11.358848,50,318.55457
-8.638181,50,318.600465
-5.869515,50,318.64282
-6.372451,50,318.685315
-8.673864,50,318.729496
-8.620927,50,318.773767
-9.178278,50,318.810319
-7.253441,50,318.844911
-9.412328,50,318.880036
-8.966832,50,318.915426
-9.291847,50,318.952979
-8.839333,50,319.780502
-9.720349,50,319.867224
-7.563982,50,319.944498
-10.387913,50,320.016658
-8.844437,50,320.085973
-11.691736,50,320.155313
-14.332027,50,320.223849
-11.888971,50,320.295192
-9.494598,50,320.367041
-6.070645,50,320.442351
-9.163039,50,320.518515
-7.720988,50,320.592428
-10.565924,50,320.666061
-8.537777,50,320.736433
-6.387008,50,320.806221
-8.05993,50,320.876822
-10.364064,50,320.944955
-8.949007,50,321.013351
-8.216539,50,321.084103
-8.377806,50,321.156866
-9.184083,50,321.231492
-9.485626,50,321.304976
-11.043643,50,321.376349
-7.846835,50,321.449955
-11.604648,50,321.520434
-11.855777,50,321.590126
-8.556198,50,321.659359
-6.587365,50,321.730366
-11.166313,50,321.800511
-10.623667,50,321.874187
-8.978943,50,321.947604
-8.114082,50,322.023447
-7.692588,50,322.094915
-15.448987,50,322.16579
-12.14635,50,322.237699
-7.53495,50,322.30779
-8.783349,50,322.378786
-9.434809,50,322.450533
-10.023023,50,322.52144
-13.344287,50,322.59643
-12.003718,50,322.669764
-9.588024,50,323.425091
-12.418936,50,323.498288
-8.056214,50,323.569629
-8.275979,50,323.639509
-8.001772,50,323.712559
-10.221672,50,323.784211
-9.623212,50,323.858266
-9.114276,50,323.93033
-9.127497,50,324.000875
-9.525423,50,324.075295
-8.204496,50,324.142972
-8.763555,50,324.216492
-8.563073,50,324.289731
-6.964359,50,324.363819
-7.607024,50,324.434026
-8.977079,50,324.508537
-9.359866,50,324.58042
-8.201525,50,324.651768
-11.567161,50,324.718845
-11.482216,50,324.787859
-7.793276,50,324.856668
-9.620798,50,324.925408
-9.736852,50,324.995189
-8.669791,50,325.065791
-9.140529,50,325.14028
-9.098949,50,325.210106
-9.142641,50,325.27823
-9.111182,50,325.351236
-7.038684,50,325.426741
-5.971687,50,325.499338
-13.178507,50,325.569209
-8.20675,50,325.639338
-7.951784,50,325.709134
-7.682081,50,325.777233
-11.993092,50,325.84504
-7.590554,50,325.917162
-10.322092,50,325.994553
-13.918795,50,326.067286
-7.177874,50,326.140686
-11.564508,50,326.211715
-8.443418,50,326.283329
-11.572026,50,327.184709
-11.633005,50,327.223269
-9.072046,50,327.262941
-8.892475,50,327.298448
-12.1221,50,327.333799
-9.655019,50,327.368065
-6.269824,50,327.403258
-9.105154,50,327.436277
-10.389932,50,327.471283
-8.523568,50,327.508619
-16.002239,50,327.55062
-12.61721,50,327.587074
-9.513549,50,327.622775
-9.562045,50,327.658634
-6.866075,50,327.692319
-6.378655,50,327.729402
-15.13993,50,327.774776
-9.591885,50,327.810543
-10.784952,50,327.860561
-8.632376,50,327.895272
-13.722862,50,327.93346
-7.30981,50,327.968523
-12.715057,50,328.006471
-8.593819,50,328.044623
-9.330651,50,328.08063
-8.097604,50,328.114553
-12.903329,50,328.148747
-7.246937,50,328.185147
-14.445126,50,328.233521
-11.309392,50,328.283027
-7.294648,50,328.329552
-11.774214,50,328.372571
-13.694627,50,328.41229
-15.643497,50,328.464628
-13.582011,50,328.502584
-9.609726,50,328.538078
-10.855758,50,328.57551
-9.314604,50,328.612637
-16.002822,50,328.648907
-10.26337,50,328.693174
-13.609847,50,328.732997
-9.283169,50,329.262469
-8.443791,50,329.313451
-12.24967,50,329.374962
-6.959826,50,329.433967
-14.724285,50,329.472531
-8.480252,50,329.511206
-9.681274,50,329.555191
-9.050548,50,329.594548
-8.30268,50,329.634943
-10.906207,50,329.694652
-9.057403,50,329.748725
-12.745235,50,329.811978
-13.634644,50,329.875915
-9.293807,50,329.924283
-6.347107,50,329.984999
-9.599965,50,330.027169
-8.303463,50,330.069427
-15.965254,50,330.104991
-7.966493,50,330.142349
-9.02747,50,330.182716
-12.020537,50,330.218518
-8.427749,50,330.25756
-9.854552,50,330.303735
-5.403614,50,330.361997
-10.095701,50,330.418957
-9.07084,50,330.470519
-9.520355,50,330.531061
-8.838928,50,330.584465
-9.36891,50,330.630994
-12.596119,50,330.687108
-7.842101,50,330.747993
-10.067822,50,330.800444
-15.495177,50,330.851628
-9.347915,50,330.90859
-8.638687,50,330.958946
-9.404705,50,331.007165
-8.794787,50,331.056817
-13.885843,50,331.116791
-10.560126,50,331.152586
-8.797159,50,331.191723
-10.135552,50,331.237702
-9.063925,50,331.785031
-9.645839,50,331.832408
-11.796086,50,331.880689
-11.152667,50,331.941738
-8.003287,50,331.988763
-10.221167,50,332.041842
-7.523657,50,332.094158
-12.645086,50,332.151549
-8.011622,50,332.205587
-14.78644,50,332.259178
-10.031728,50,332.294427
-14.234477,50,332.329821
-11.164369,50,332.395778
-10.991248,50,332.450566
-8.87281,50,332.508019
-10.301453,50,332.568135
-11.429212,50,332.618062
-9.120625,50,332.667973
-8.118735,50,332.714024
-9.76049,50,332.767911
-14.159269,50,332.830981
-7.575114,50,332.888289
-12.022837,50,332.940617
-15.570634,50,332.999742
-13.917554,50,333.035245
-10.417381,50,333.082798
-7.596047,50,333.145462
-9.821722,50,333.204552
-7.623735,50,333.240662
-12.976818,50,333.304563
-10.824269,50,333.362642
-6.567725,50,333.427215
-12.399933,50,333.485245
-9.862019,50,333.541136
-10.339352,50,333.600877
-12.212698,50,333.655649
-12.143834,50,333.710998
-8.096478,50,333.769831
-8.526294,50,333.828562
-10.901521,50,333.869323
-14.19206,50,333.921493
-14.761783,50,334.446241
-10.713718,50,334.506912
-7.733868,50,334.55887
-8.767582,50,334.614538
-7.667586,50,334.667165
-16.710212,50,334.730583
-13.878358,50,334.781988
-7.156219,50,334.845514
-10.064732,50,334.903591
-10.672468,50,334.959082
-10.505337,50,335.019268
-11.338469,50,335.080205
-13.532077,50,335.132584
-15.347528,50,335.195482
-11.846626,50,335.254446
-9.391444,50,335.299523
-9.019012,50,335.355794
-8.359527,50,335.406901
-8.601638,50,335.465304
-10.297708,50,335.526321
-6.526189,50,335.583777
-12.155222,50,335.639422
-13.844355,50,335.700773
-13.559704,50,335.764657
-7.315807,50,335.822934
-7.128222,50,335.881888
-11.442899,50,335.930247
-13.346302,50,335.993542
-9.463858,50,336.050865
-11.724501,50,336.098174
-8.313824,50,336.160363
-11.398893,50,336.207825
-7.705689,50,336.262542
-15.094822,50,336.31595
-13.278738,50,336.360943
-11.033032,50,336.409202
-13.735601,50,336.468757
-9.500982,50,336.525413
-7.596781,50,336.583869
-15.6834,50,336.63866
-8.297396,50,336.696294
-8.704954,50,337.233831
-13.929984,50,337.289444
-8.22396,50,337.343077
-6.84552,50,337.399427
-13.999011,50,337.454322
-9.370629,50,337.523812
-14.966054,50,337.579786
-9.275695,50,337.634266
-9.017407,50,337.69399
-6.977317,50,337.745979
-10.932954,50,337.803739
-10.157841,50,337.857447
-11.755479,50,337.913079
-9.568866,50,337.96899
-15.686434,50,338.026456
-10.234999,50,338.085661
-11.943987,50,338.141308
-5.634547,50,338.199476
-10.636991,50,338.240059
-11.629053,50,338.29107
-6.096307,50,338.344312
-7.979122,50,338.392156
-11.375465,50,338.452638
-8.366761,50,338.515677
-11.515229,50,338.577372
-9.905193,50,338.62548
-8.096492,50,338.684659
-10.512279,50,338.746929
-7.481406,50,338.800757
-7.57106,50,338.853989
-7.133495,50,338.895075
-13.984903,50,338.942481
-8.51319,50,338.995999
-8.82707,50,339.057753
-8.400579,50,339.104131
-10.952835,50,339.145656
-9.16812,50,339.19234
-12.612936,50,339.238536
-10.05134,50,339.279893
-14.458094,50,339.331214
-13.811149,50,339.384892
-15.533646,50,339.882998
-8.265014,50,339.942296
-7.175968,50,340.003851
-8.487966,50,340.062067
-9.245054,50,340.112463
-9.13755,50,340.16788
-13.134461,50,340.222459
-9.711508,50,340.278048
-9.742401,50,340.326918
-10.643135,50,340.389919
-9.461312,50,340.437285
-10.977733,50,340.495626
-13.055645,50,340.547868
-7.565342,50,340.597397
-8.553233,50,340.648125
-7.122776,50,340.697243
-6.529201,50,340.754227
-10.371432,50,340.814243
-9.074491,50,340.867753
-12.18096,50,340.920825
-12.362527,50,340.975891
-10.17525,50,341.03289
-7.980955,50,341.083775
-11.323749,50,341.12479
-11.758456,50,341.173957
-10.869874,50,341.231751
-9.962017,50,341.271164
-14.857959,50,341.316974
-8.162904,50,341.356268
-13.89418,50,341.406051
-11.425798,50,341.442489
-8.120667,50,341.500823
-13.863903,50,341.549118
-9.250423,50,341.604771
-12.279536,50,341.65934
-9.603058,50,341.702947
-12.155968,50,341.753422
-12.316683,50,341.811044
-17.515879,50,341.866401
-11.071998,50,341.918965
-10.884378,50,341.981141
-9.209445,50,342.482841
-7.611427,50,342.544037
-12.200665,50,342.606043
-9.312637,50,342.653531
-8.555922,50,342.696044
-11.166785,50,342.743485
-7.130335,50,342.796723
-10.233984,50,342.862855
-10.48025,50,342.920467
-13.646788,50,342.977604
-6.577424,50,343.031111
-7.164871,50,343.086214
-11.565031,50,343.148988
-18.598455,50,343.212352
-15.86272,50,343.274137
-9.315695,50,343.335293
-10.550563,50,343.402728
-9.886103,50,343.461456
-8.761113,50,343.521983
-9.800972,50,343.567377
-14.297559,50,343.613018
-9.89902,50,343.651734
-11.864941,50,343.697647
-12.90154,50,343.760614
-9.507967,50,343.801549
-10.734617,50,343.858348
-8.043665,50,343.915451
-10.637796,50,343.976339
-7.893746,50,344.033127
-9.84033,50,344.094721
-6.877267,50,344.148178
-10.999471,50,344.208177
-9.60411,50,344.264096
-10.599781,50,344.321097
-9.354359,50,344.373985
-8.243315,50,344.420588
-12.814029,50,344.476202
-11.700862,50,344.519216
-14.334715,50,344.572747
-9.91202,50,344.624134
-8.983671,50,344.670089
-7.423444,50,345.178527
-12.186508,50,345.230162
-7.695273,50,345.286387
-10.747175,50,345.344002
-7.806509,50,345.401054
-9.272048,50,345.462527
-10.223413,50,345.5167
-14.493995,50,345.575382
-12.358122,50,345.631513
-12.106133,50,345.68574
-13.122692,50,345.747399
-11.619068,50,345.803384
-12.903891,50,345.853967
-6.822123,50,345.908484
-12.941006,50,345.963487
-9.837185,50,346.012281
-9.179389,50,346.071904
-15.839553,50,346.130116
-5.642507,50,346.189988
-9.81018,50,346.253034
-13.879981,50,346.312929
-11.763681,50,346.373155
-11.576079,50,346.42824
-9.07888,50,346.485442
-17.321278,50,346.542061
-8.95391,50,346.597955
-10.165157,50,346.641711
-11.157226,50,346.699526
-8.95178,50,346.762594
-8.879685,50,346.813724
-9.278295,50,346.86363
-10.690101,50,346.906138
-10.69321,50,346.957252
-9.928015,50,347.005958
-15.783771,50,347.059685
-6.769907,50,347.111825
-10.656197,50,347.170074
-12.082358,50,347.233082
-9.585963,50,347.298916
-14.433769,50,347.341412
-9.406918,50,347.399051
-9.237144,50,347.907143
-7.615169,50,347.96629
-12.56293,50,348.019491
-10.427674,50,348.078134
-11.828768,50,348.132859
-16.469413,50,348.190515
-17.816091,50,348.245739
-8.166743,50,348.303703
-8.490139,50,348.357707
-10.609008,50,348.427392
-8.365153,50,348.49367
-12.709122,50,348.542612
-13.73276,50,348.578336
-10.459595,50,348.618213
-8.605977,50,348.675187
-10.119256,50,348.741486
-9.986802,50,348.803
-8.347451,50,348.851927
-11.98539,50,348.902992
-8.921162,50,348.944443
-12.056368,50,349.003756
-9.608277,50,349.05883
-11.812489,50,349.113565
-6.727711,50,349.155539
-9.01123,50,349.199351
-6.716836,50,349.254756
-10.343571,50,349.310615
-9.338338,50,349.367805
-8.049916,50,349.416548
-7.993514,50,349.456106
-8.73074,50,349.494394
-13.170405,50,349.535865
-9.555797,50,349.580113
-8.551475,50,349.629894
-10.440562,50,349.679185
-10.144205,50,349.747155
-10.345106,50,349.795109
-10.947276,50,349.840551
-9.937518,50,349.884052
-12.73032,50,349.922002
-9.043675,50,349.96423
-10.787593,50,350.478084
-10.052622,50,350.516851
-10.625865,50,350.557851
-12.089624,50,350.602042
-8.422969,50,350.657789
-10.222489,50,350.698048
-12.297194,50,350.745357
-9.244566,50,350.796482
-14.283846,50,350.849689
-9.305827,50,350.896394
-9.452066,50,350.955759
-11.145318,50,351.010503
-9.068868,50,351.06741
-11.867399,50,351.12549
-10.224448,50,351.174829
-13.911736,50,351.225938
-11.275028,50,351.276486
-14.214222,50,351.330417
-11.544991,50,351.382012
-9.198618,50,351.438069
-7.693693,50,351.495498
-14.142552,50,351.555142
-12.812336,50,351.619626
-18.243217,50,351.654671
-18.072409,50,351.709108
-10.201862,50,351.765333
-12.79881,50,351.826766
-6.8508,50,351.87174
-9.398391,50,351.915738
-11.167476,50,351.968975
-6.026501,50,352.024398
-9.212128,50,352.070644
-11.000438,50,352.124713
-13.699827,50,352.177076
-12.093601,50,352.226387
-7.869448,50,352.280319
-17.289169,50,352.342869
-10.108633,50,352.397226
-7.040101,50,352.444453
-8.62894,50,352.49772
-7.350672,50,352.554862
-10.162859,50,353.063675
-13.865464,50,353.107446
-9.326018,50,353.170543
-10.524842,50,353.230335
-12.902497,50,353.277429
-11.565322,50,353.320436
-13.129199,50,353.373187
-11.731926,50,353.420824
-10.087032,50,353.47239
-10.448901,50,353.535259
-15.856599,50,353.593604
-10.721541,50,353.654285
-8.676649,50,353.706191
-7.214067,50,353.757787
-14.194567,50,353.803824
-7.753557,50,353.854944
-10.259036,50,353.906005
-12.555767,50,353.948965
-8.523697,50,354.001005
-18.268215,50,354.043635
-12.948172,50,354.095646
-9.169626,50,354.156812
-8.492792,50,354.221971
-6.357953,50,354.271913
-9.032518,50,354.330552
-12.690884,50,354.384296
-8.75714,50,354.441969
-7.209697,50,354.502969
-7.439168,50,354.547648
-9.105736,50,354.583791
-8.572595,50,354.639088
-7.953191,50,354.692117
-8.934768,50,354.749895
-13.157577,50,354.809756
-7.965132,50,354.856693
-9.544078,50,354.922102
-9.690139,50,354.960023
-6.276448,50,355.010458
-9.974333,50,355.062446
-10.515269,50,355.112936
-10.039007,50,355.163078
-9.067489,50,355.647551
-9.75133,50,355.703795
-11.092581,50,355.760447
-9.621602,50,355.81504
-11.541092,50,355.856374
-11.250921,50,355.895977
-9.583082,50,355.930632
-12.452396,50,355.976487
-11.01639,50,356.024322
-10.939389,50,356.073179
-10.878506,50,356.111677
-5.913715,50,356.160361
-10.509866,50,356.202299
-11.895924,50,356.237306
-9.358708,50,356.290419
-13.377124,50,356.328729
-8.391604,50,356.375168
-15.917456,50,356.407874
-15.998478,50,356.462035
-16.568037,50,356.510294
-6.971658,50,356.561503
-17.795523,50,356.611573
-9.218265,50,356.664768
-15.749842,50,356.719971
-12.210261,50,356.773499
-14.552965,50,356.837085
-8.752157,50,356.892251
-10.542528,50,356.946312
-6.239705,50,356.999403
-7.975707,50,357.044212
-11.963612,50,357.08642
-9.028529,50,357.145838
-10.716142,50,357.205597
-8.337876,50,357.251792
-14.700532,50,357.286027
-8.606365,50,357.329305
-11.933568,50,357.371298
-14.010455,50,357.413908
-8.541425,50,357.470158
-10.162935,50,357.527852
-5.703711,50,357.58105
-9.302968,50,358.045022
-7.762196,50,358.102946
-11.986318,50,358.16297
-13.905902,50,358.197235
-12.014583,50,358.231923
-8.441798,50,358.279452
-17.90505,50,358.315943
-9.610031,50,358.351723
-12.448976,50,358.389507
-8.577667,50,358.422453
-9.064646,50,358.472438
-8.528921,50,358.507007
-14.28953,50,358.556388
-13.002348,50,358.611371
-13.165421,50,358.659881
-12.134341,50,358.702487
-15.321105,50,358.743148
-10.24784,50,358.80303
-13.959351,50,358.848538
-11.271425,50,358.900107
-5.230521,50,358.960664
-11.009342,50,359.014474
-16.508048,50,359.071306
-11.939218,50,359.129253
-9.767614,50,359.172893
-10.915801,50,359.231143
-10.514732,50,359.289259
-12.476242,50,359.343223
-14.294266,50,359.399208
-10.271539,50,359.4589
-14.644911,50,359.515546
-13.68278,50,359.568738
-10.608338,50,359.604912
-6.057479,50,359.645259
-12.849909,50,359.688215
-10.169273,50,359.744243
-10.610241,50,359.790395
-19.486929,50,359.836456
-14.012217,50,359.886122
-8.868584,50,359.929568
-10.296868,50,359.975303
-12.116014,50,360.437692
-18.475813,50,360.490242
-9.075482,50,360.544425
-11.42495,50,360.606748
-9.662684,50,360.660911
-9.968771,50,360.709372
-8.794952,50,360.753034
-13.100074,50,360.790121
-8.888549,50,360.834114
-9.45067,50,360.895344
-12.455317,50,360.942498
-7.122486,50,360.98749
-9.605196,50,361.028425
-6.601211,50,361.067466
-6.840319,50,361.109849
-8.927172,50,361.145401
-6.936341,50,361.181395
-16.964641,50,361.226262
-8.76411,50,361.263214
-9.222767,50,361.29775
-10.139345,50,361.334106
-13.152468,50,361.37997
-11.838627,50,361.436043
-11.159139,50,361.503667
-11.744105,50,361.559277
-10.159701,50,361.615108
-9.296285,50,361.671019
-15.56163,50,361.726716
-8.18014,50,361.784636
-10.808702,50,361.841485
-7.526946,50,361.892951
-8.152757,50,361.951379
-9.853355,50,362.013662
-12.14163,50,362.07111
-13.925445,50,362.122573
-8.224898,50,362.159735
-8.417595,50,362.219352
-8.671448,50,362.262697
-8.765576,50,362.309278
-9.341411,50,362.357385
-10.172062,50,362.415333
-9.845873,50,362.887381
-12.215945,50,362.947662
-11.436458,50,363.000521
-8.701323,50,363.059498
-7.537963,50,363.117937
-11.886031,50,363.176333
-8.438314,50,363.232866
-9.43984,50,363.29378
-9.189987,50,363.335174
-6.716064,50,363.383745
-9.232576,50,363.44082
-8.563071,50,363.502836
-8.453472,50,363.565099
-13.31193,50,363.619124
-11.735615,50,363.678431
-11.073475,50,363.738726
-15.645791,50,363.794909
-10.005997,50,363.833589
-10.42834,50,363.884723
-16.668442,50,363.924734
-11.114856,50,363.977816
-11.304218,50,364.01272
-14.261802,50,364.06501
-8.901578,50,364.118712
-9.134407,50,364.172705
-9.618245,50,364.2128
-7.817997,50,364.253289
-9.91125,50,364.28747
-9.047157,50,364.335899
-7.742485,50,364.404139
-12.746393,50,364.468798
-8.876008,50,364.524362
-10.261305,50,364.590853
-10.665631,50,364.638759
-9.156924,50,364.677633
-14.550573,50,364.731744
-10.31369,50,364.78476
-7.463945,50,364.840565
-11.615542,50,364.885643
-12.011619,50,364.934601
-12.583051,50,364.994419
-13.60207,50,365.474537
-10.185278,50,365.533293
-9.338311,50,365.591641
-8.913764,50,365.650133
-10.932597,50,365.698752
-5.892043,50,365.757338
-9.538278,50,365.818378
-10.655752,50,365.886296
-14.536758,50,365.945938
-9.810888,50,366.007743
-11.674518,50,366.062761
-6.882053,50,366.107652
-7.871786,50,366.166582
-5.979108,50,366.234015
-7.723107,50,366.289689
-9.248609,50,366.34489
-9.405448,50,366.403291
-10.359211,50,366.462976
-16.174684,50,366.521408
-6.25403,50,366.570616
-5.532676,50,366.629296
-13.778048,50,366.697217
-10.560614,50,366.753809
-10.135739,50,366.80156
-9.760522,50,366.857915
-10.293665,50,366.897255
-8.950002,50,366.946282
-9.19396,50,367.003313
-11.716081,50,367.047331
-5.970154,50,367.103665
-11.394173,50,367.159503
-12.118396,50,367.209668
-7.886205,50,367.251976
-5.951767,50,367.311841
-8.543686,50,367.368944
-10.149357,50,367.437113
-15.941026,50,367.479213
-10.299506,50,367.533142
-8.957517,50,367.57557
-9.286456,50,367.622311
-12.544942,50,367.669785
-7.377882,50,368.134059
-12.397153,50,368.177497
-10.786971,50,368.236732
-7.897541,50,368.279973
-15.134698,50,368.321467
-12.285347,50,368.359658
-7.005805,50,368.394422
-13.653374,50,368.436571
-7.187207,50,368.494637
-7.941883,50,368.551001
-18.937193,50,368.608926
-11.680345,50,368.658598
-12.261699,50,368.709709
-6.177938,50,368.747524
-6.466554,50,368.789276
-8.936849,50,368.848584
-8.933505,50,368.894103
-9.98431,50,368.945812
-13.888642,50,369.00968
-8.309836,50,369.060216
-8.704709,50,369.105861
-8.017363,50,369.159751
-9.057192,50,369.211075
-14.485825,50,369.269987
-14.724433,50,369.310997
-12.832559,50,369.355755
-9.723129,50,369.399054
-9.42322,50,369.454195
-9.648442,50,369.50453
-15.557596,50,369.55856
-11.285596,50,369.603642
-10.437792,50,369.654221
-14.269562,50,369.700882
-9.812195,50,369.761769
-10.88027,50,369.831469
-9.485716,50,369.877779
-18.658686,50,369.940585
-7.760067,50,370.003891
-10.122048,50,370.057272
-6.637378,50,370.112802
-10.770604,50,370.174395
-5.581778,50,370.71085
-11.043121,50,370.760819
-8.097624,50,370.80381
-7.133599,50,370.852086
-11.28736,50,370.89367
-10.380659,50,370.948944
-5.439172,50,371.004874
-9.620592,50,371.04772
-10.655538,50,371.097033
-10.843887,50,371.140209
-15.227472,50,371.178759
-8.219263,50,371.220785
-13.485572,50,371.266884
-7.683892,50,371.320155
-10.421346,50,371.356257
-8.041599,50,371.419553
-7.661035,50,371.468838
-9.098477,50,371.516626
-10.050844,50,371.551055
-6.854543,50,371.59405
-9.06705,50,371.632517
-9.439029,50,371.66973
-10.761542,50,371.733979
-5.797316,50,371.785777
-7.924717,50,371.836541
-10.729983,50,371.886975
-15.857846,50,371.931029
-11.911518,50,371.986609
-15.494754,50,372.030791
-8.242481,50,372.07471
-7.240512,50,372.123638
-10.632212,50,372.185318
-11.342485,50,372.235688
-8.235077,50,372.29244
-12.207845,50,372.338832
-8.99639,50,372.388552
-8.497825,50,372.448192
-8.945213,50,372.505225
-10.037357,50,372.563823
-11.833557,50,372.625701
-10.007844,50,372.6884
-9.88843,50,373.217025
-10.019007,50,373.28331
-13.778086,50,373.356299
-6.119655,50,373.416699
-12.254413,50,373.478891
-17.056745,50,373.529529
-7.580851,50,373.584096
-7.848271,50,373.643019
-9.696673,50,373.698842
-11.909376,50,373.755766
-9.094001,50,373.812469
-10.770114,50,373.877024
-8.482472,50,373.928828
-17.50252,50,373.981939
-9.129996,50,374.034744
-13.401587,50,374.085911
-12.810033,50,374.146052
-9.572574,50,374.206321
-11.511185,50,374.259167
-12.320682,50,374.311875
-12.103646,50,374.367518
-12.896522,50,374.431096
-8.818406,50,374.486894
-8.573074,50,374.547892
-12.311665,50,374.608117
-13.022986,50,374.668142
-7.402453,50,374.718845
-11.505856,50,374.769331
-8.041538,50,374.818654
-13.423905,50,374.863773
-12.105136,50,374.909733
-13.166132,50,374.954802
-9.988712,50,375.00704
-10.493648,50,375.058228
-7.458874,50,375.095385
-8.326576,50,375.127875
-9.911558,50,375.160086
-14.911282,50,375.195597
-8.696449,50,375.229484
-8.987821,50,375.286843
-9.105266,50,375.339411
-8.930204,50,375.859305
-10.291988,50,375.909761
-7.834435,50,375.945969
-6.649892,50,375.99719
-11.839598,50,376.040112
-8.754791,50,376.073661
-7.786198,50,376.117785
-10.294061,50,376.151932
-15.546225,50,376.188741
-11.024863,50,376.23205
-11.175348,50,376.269188
-10.273004,50,376.304628
-8.051408,50,376.353486
-6.638736,50,376.38931
-10.443104,50,376.433457
-10.283491,50,376.479979
-7.705204,50,376.523528
-8.252989,50,376.564312
-13.951076,50,376.599959
-8.89911,50,376.639902
-15.912962,50,376.675119
-10.201974,50,376.710232
-10.792785,50,376.745645
-10.632232,50,376.782101
-13.060202,50,376.816005
-9.800458,50,376.853862
-13.326559,50,376.892441
-10.353592,50,376.929789
-18.418548,50,376.971562
-6.694329,50,377.009896
-5.917231,50,377.044808
-13.187,50,377.079645
-9.103194,50,377.113651
-9.182056,50,377.147671
-9.050056,50,377.18095
-10.10494,50,377.216895
-11.573014,50,377.254011
-11.394363,50,377.290585
-13.714925,50,377.326769
-8.225213,50,377.362965
-13.387378,50,377.40425
-10.178935,50,377.865849
-7.823939,50,377.8981
-11.187992,50,377.946751
-9.860395,50,377.993246
-10.300008,50,378.036245
-15.32738,50,378.074729
-17.895686,50,378.109737
-6.750429,50,378.153314
-10.126493,50,378.210309
-7.651768,50,378.258881
-8.757904,50,378.303483
-12.62376,50,378.340385
-13.763882,50,378.381591
-8.708927,50,378.418813
-9.999534,50,378.478692
-6.48005,50,378.520693
-11.468727,50,378.561726
-11.55186,50,378.596188
-6.714557,50,378.641942
-11.290103,50,378.686713
-8.695458,50,378.722862
-11.087878,50,378.759135
-10.433232,50,378.793741
-7.057994,50,378.830645
-7.302863,50,378.889247
-14.898295,50,378.940452
-15.386569,50,378.975824
-10.865503,50,379.010267
-6.834274,50,379.043936
-6.612426,50,379.077685
-6.867504,50,379.117859
-11.024882,50,379.157836
-13.074546,50,379.197738
-8.13455,50,379.235535
-12.151245,50,379.270886
-9.90701,50,379.307524
-12.000203,50,379.346808
-7.965867,50,379.384063
-12.514985,50,379.421976
-9.67457,50,379.46284
-13.046592,50,379.496235
-13.190022,50,379.969789
-11.803045,50,380.00771
-5.665884,50,380.040519
-6.980404,50,380.072827
-9.115827,50,380.116273
-14.168115,50,380.162268
-9.283896,50,380.196471
-10.289149,50,380.231687
-8.532704,50,380.267302
-12.135445,50,380.300153
-12.69978,50,380.33421
-12.376905,50,380.367154
-7.111388,50,380.400512
-11.705293,50,380.437141
-9.559911,50,380.48928
-9.183697,50,380.522228
-13.455322,50,380.562459
-10.241256,50,380.598162
-13.489582,50,380.647343
-12.903518,50,380.685176
-10.946634,50,380.724047
-7.535813,50,380.758338
-10.480133,50,380.793539
-12.233303,50,380.834488
-9.823044,50,380.871759
-11.52683,50,380.908163
-8.56259,50,380.949889
-9.433899,50,380.992603
-14.613583,50,381.028521
-9.894066,50,381.064079
-12.080024,50,381.105145
-11.291334,50,381.153026
-9.157721,50,381.212066
-9.296355,50,381.286565
-11.707485,50,381.362783
-17.168385,50,381.436839
-14.173283,50,381.510116
-10.036388,50,381.579813
-12.829841,50,381.652562
-12.304157,50,381.725046
-9.782424,50,382.687193
-12.042242,50,382.766351
-7.915476,50,382.843795
-7.887466,50,382.915746
-14.531729,50,382.988121
-8.221515,50,383.060707
-9.317192,50,383.134459
-8.705954,50,383.206692
-5.479415,50,383.277991
-8.580858,50,383.350909
-9.986015,50,383.422338
-9.590998,50,383.490996
-13.412294,50,383.560758
-11.049132,50,383.630944
-10.907499,50,383.703483
-10.503976,50,383.772942
-10.865829,50,383.843686
-11.197497,50,383.914864
-11.54893,50,383.985814
-11.510429,50,384.056194
-10.401476,50,384.126648
-8.994306,50,384.196493
-10.09215,50,384.265552
-10.388331,50,384.338347
-9.608761,50,384.409265
-11.227515,50,384.480236
-8.472072,50,384.552705
-7.428763,50,384.622864
-13.072803,50,384.692306
-8.381863,50,384.765808
-7.025064,50,384.836794
-6.550997,50,384.906586
-11.046864,50,384.976757
-9.367029,50,385.047745
-7.426311,50,385.117651
-11.040072,50,385.187371
-14.405305,50,385.256653
-8.652183,50,385.325102
-11.472246,50,385.397283
-12.189017,50,385.467289
-12.552271,50,385.53822
-12.934341,50,386.353823
-6.98246,50,386.394792
-8.06092,50,386.445216
-10.776565,50,386.514912
-8.201378,50,386.582085
-14.642611,50,386.6503
-14.444595,50,386.717746
-6.933111,50,386.786
-10.884622,50,386.855023
-14.08723,50,386.923574
-14.469272,50,386.993535
-13.505016,50,387.062811
-12.318795,50,387.132812
-14.867237,50,387.20216
-7.595754,50,387.26891
-9.403558,50,387.33943
-14.109746,50,387.407526
-9.637821,50,387.476724
-13.305953,50,387.543691
-11.931715,50,387.611933
-12.417246,50,387.683553
-11.755064,50,387.754195
-9.298059,50,387.826159
-7.430199,50,387.895164
-8.717863,50,387.964181
-11.818398,50,388.032303
-6.353046,50,388.10011
-10.456598,50,388.168802
-9.198682,50,388.238018
-13.859546,50,388.305905
-9.781149,50,388.375015
-14.776935,50,388.445333
-10.309657,50,388.514307
-15.072274,50,388.581983
-16.291812,50,388.652542
-9.049709,50,388.719297
-14.050478,50,388.785775
-6.604726,50,388.855567
-12.066981,50,388.924541
-16.834838,50,388.992534
-11.809689,50,389.06176
-12.160109,50,389.98028
-12.90014,50,390.060912
-15.458939,50,390.131893
-8.65003,50,390.199924
-8.273158,50,390.26888
-7.715774,50,390.3391
-17.202823,50,390.408158
-8.157846,50,390.474661
-17.56976,50,390.545194
-12.803973,50,390.612005
-10.220985,50,390.678943
-8.111763,50,390.748005
-6.917477,50,390.814054
-9.590654,50,390.887007
-8.348706,50,390.952713
-10.668563,50,391.022922
-14.775163,50,391.092669
-9.837884,50,391.163187
-6.283235,50,391.231961
-12.558055,50,391.301552
-11.180037,50,391.371076
-10.156828,50,391.438742
-8.580161,50,391.50702
-7.085907,50,391.577021
-13.438063,50,391.639387
-12.160819,50,391.672087
-9.144025,50,391.704255
-12.09053,50,391.743723
-6.997091,50,391.779128
-11.049979,50,391.814585
-10.956287,50,391.84828
-15.785866,50,391.882045
-12.555277,50,391.915681
-10.809108,50,391.948373
-12.372721,50,391.982993
-10.54452,50,392.025747
-8.9907,50,392.069499
-7.967649,50,392.104462
-15.70706,50,392.147857
-12.553249,50,392.192198
-14.109611,50,392.228217
-13.199443,50,392.710212
-7.21109,50,392.744865
-6.98069,50,392.779582
-8.890434,50,392.813586
-8.746045,50,392.848525
-10.410006,50,392.887719
-11.635236,50,392.922711
-8.781091,50,392.959482
-9.931492,50,392.998571
-10.562146,50,393.043184
-16.675256,50,393.089803
-8.952043,50,393.157747
-9.651976,50,393.219276
-10.358584,50,393.276254
-10.084193,50,393.321604
-10.84538,50,393.369335
-8.500268,50,393.42269
-7.033086,50,393.478234
-14.511064,50,393.520186
-12.227908,50,393.564068
-15.470761,50,393.615455
-10.286993,50,393.67469
-11.651692,50,393.729189
-15.965522,50,393.782688
-7.595991,50,393.843191
-7.984623,50,393.897689
-9.800081,50,393.932628
-10.71954,50,393.98024
-6.519007,50,394.031868
-11.526595,50,394.088629
-6.378251,50,394.131123
-9.511773,50,394.179486
-14.618106,50,394.237717
-9.573179,50,394.292505
-9.941681,50,394.345392
-10.645773,50,394.393507
-10.5306,50,394.445689
-15.320222,50,394.498451
-10.713542,50,394.537921
-10.917279,50,394.586543
-6.00642,50,394.624524
-8.091598,50,395.110649
-14.534054,50,395.166955
-13.476295,50,395.228495
-9.346906,50,395.288746
-8.744674,50,395.344749
-10.114258,50,395.405292
-18.420982,50,395.456878
-10.661056,50,395.519631
-9.557821,50,395.57931
-12.056586,50,395.635804
-14.484406,50,395.695323
-8.703399,50,395.758668
-11.082674,50,395.811879
-12.338804,50,395.858667
-15.747277,50,395.911237
-11.431091,50,395.968841
-10.445263,50,396.0217
-10.199294,50,396.077499
-9.525141,50,396.141054
-10.138367,50,396.204829
-6.867248,50,396.26311
-14.611672,50,396.314607
-8.843117,50,396.38216
-9.464565,50,396.450068
-13.641313,50,396.512025
-8.487279,50,396.566788
-12.556132,50,396.616269
-9.140502,50,396.672114
-15.407533,50,396.725001
-9.971577,50,396.776289
-8.098616,50,396.82112
-13.179927,50,396.869178
-8.226002,50,396.912415
-7.228918,50,396.967293
-12.206365,50,397.012161
-15.489244,50,397.055747
-9.772977,50,397.103504
-17.491804,50,397.151846
-11.452033,50,397.201812
-11.19978,50,397.242696
-9.988966,50,397.291395
-14.124625,50,397.773611
-11.290818,50,397.811642
-11.972485,50,397.854806
-10.691649,50,397.916743
-13.884692,50,397.974596
-6.656168,50,398.020535
-11.226341,50,398.077616
-7.610462,50,398.125952
-9.068832,50,398.184921
-16.945457,50,398.247219
-10.673245,50,398.307994
-9.535853,50,398.356407
-7.791272,50,398.394559
-14.05604,50,398.424683
-16.263115,50,398.454742
-5.989829,50,398.500623
-15.066967,50,398.538893
-10.576781,50,398.568674
-13.013526,50,398.598213
-9.873035,50,398.632245
-13.979647,50,398.688666
-11.152068,50,398.72553
-11.624,50,398.76635
-9.227213,50,398.810363
-8.753991,50,398.851702
-8.200101,50,398.894325
-10.086437,50,398.934916
-8.921317,50,398.986917
-8.600285,50,399.035259
-10.751436,50,399.084983
-7.063451,50,399.139238
-11.898501,50,399.191189
-10.877508,50,399.251096
-14.79664,50,399.301803
-10.70723,50,399.353481
-9.837498,50,399.401624
-12.225371,50,399.448267
-15.255522,50,399.48338
-11.964174,50,399.539454
-6.54534,50,399.597594
-10.869323,50,399.638834
-16.659415,50,400.10179
-10.690689,50,400.158715
-12.62889,50,400.214412
-14.02034,50,400.274644
-15.64436,50,400.32299
-12.957619,50,400.377768
-8.851113,50,400.435405
-14.499604,50,400.494563
-9.439424,50,400.550508
-9.75772,50,400.610214
-9.920076,50,400.661503
-15.852484,50,400.703674
-8.919192,50,400.74545
-11.398197,50,400.7956
-15.696363,50,400.834473
-10.052247,50,400.882568
-9.984252,50,400.920847
-17.940853,50,400.970735
-8.735645,50,401.016991
-7.290026,50,401.063637
-10.721297,50,401.1141
-14.892654,50,401.173189
-10.871721,50,401.228631
-9.613553,50,401.288604
-8.31934,50,401.342024
-10.616069,50,401.392407
-15.742971,50,401.451343
-13.933057,50,401.510974
-8.519614,50,401.563308
-9.539233,50,401.606771
-19.314008,50,401.649063
-9.362932,50,401.687181
-6.627416,50,401.729938
-9.956197,50,401.77775
-7.920233,50,401.808921
-7.095595,50,401.862586
-13.741488,50,401.916548
-9.443148,50,401.956436
-12.338661,50,401.998119
-8.608749,50,402.051418
-9.992091,50,402.095709
-12.75921,50,402.558394
-8.149083,50,402.623825
-15.015012,50,402.673275
-12.398097,50,402.730884
-16.668009,50,402.795968
-8.305803,50,402.84999
-12.497846,50,402.912609
-9.056387,50,402.95692
-9.093325,50,402.998099
-13.949494,50,403.056793
-12.508692,50,403.095938
-8.947599,50,403.149518
-10.191253,50,403.200916
-15.93511,50,403.2559
-13.823688,50,403.320827
-13.565,50,403.371574
-15.122823,50,403.424745
-16.198962,50,403.480827
-7.416198,50,403.54607
-13.937939,50,403.597523
-9.648364,50,403.648219
-10.209802,50,403.692306
-10.521852,50,403.736101
-8.574238,50,403.77903
-13.258768,50,403.817646
-9.561087,50,403.861854
-11.593175,50,403.892942
-8.562458,50,403.935501
-11.316177,50,403.996708
-15.04283,50,404.036297
-11.725117,50,404.089685
-7.880925,50,404.151609
-13.751044,50,404.21191
-14.044303,50,404.261713
-7.228532,50,404.31962
-16.436943,50,404.374196
-8.756028,50,404.4327
-14.50557,50,404.491381
-7.510925,50,404.53913
-8.264895,50,404.596121
-11.768207,50,404.651951
-18.521936,50,405.125397
-10.175614,50,405.187329
-6.452314,50,405.243603
-9.587515,50,405.29114
-8.702306,50,405.345713
-10.274116,50,405.401935
-8.96183,50,405.456953
-7.301776,50,405.510965
-16.96779,50,405.56865
-12.678545,50,405.625862
-9.613874,50,405.676565
-12.147339,50,405.716643
-8.569073,50,405.76518
-10.793503,50,405.806926
-7.391998,50,405.860052
-10.961613,50,405.901464
-9.0771,50,405.951622
-10.967723,50,405.988089
-8.972335,50,406.044215
-12.692853,50,406.100284
-9.773002,50,406.155566
-11.876789,50,406.212585
-18.999591,50,406.271262
-10.379091,50,406.327454
-14.075632,50,406.382015
-13.207608,50,406.441257
-15.080636,50,406.503101
-9.709584,50,406.553154
-11.818976,50,406.608742
-16.087022,50,406.668802
-12.251657,50,406.71814
-10.499973,50,406.77581
-14.241817,50,406.831455
-6.834779,50,406.871141
-12.614643,50,406.923293
-10.750331,50,406.969252
-14.935498,50,407.014492
-18.25719,50,407.057351
-11.66627,50,407.112647
-11.659704,50,407.178738
-9.033979,50,407.240457
-7.15902,50,407.706756
-7.636739,50,407.765651
-8.371137,50,407.82307
-12.694627,50,407.879043
-9.901485,50,407.932813
-9.12583,50,407.98519
-10.641929,50,408.029043
-16.041893,50,408.089053
-11.575201,50,408.129035
-6.190024,50,408.189999
-8.112746,50,408.246763
-14.396119,50,408.299758
-9.102253,50,408.355824
-9.865958,50,408.417276
-14.818166,50,408.470596
-8.629909,50,408.527059
-7.733259,50,408.580984
-10.644095,50,408.639741
-8.338716,50,408.697213
-13.954244,50,408.756103
-17.822881,50,408.807895
-8.299974,50,408.874554
-12.013649,50,408.930557
-8.229882,50,408.98145
-11.810978,50,409.035962
-9.084699,50,409.085491
-12.87841,50,409.139801
-10.4064,50,409.198483
-8.701891,50,409.257133
-11.403862,50,409.306868
-8.50642,50,409.365865
-8.588732,50,409.419389
-8.370952,50,409.468285
-8.274181,50,409.52275
-9.180036,50,409.566396
-7.428971,50,409.614887
-6.560152,50,409.666403
-11.875213,50,409.709711
-13.579827,50,409.761346
-11.934687,50,409.80896
-7.330126,50,409.857446
-9.522218,50,410.31247
-11.183396,50,410.370933
-16.436944,50,410.423932
-16.155304,50,410.46728
-12.687851,50,410.516953
-15.157278,50,410.564587
-9.686346,50,410.598159
-9.404612,50,410.630694
-8.369696,50,410.662864
-16.032911,50,410.70913
-12.031101,50,410.742548
-13.774629,50,410.777417
-8.600104,50,410.81608
-14.919957,50,410.85977
-13.02539,50,410.899761
-9.523463,50,410.941564
-10.247815,50,410.983569
-8.984032,50,411.032418
-12.680324,50,411.070386
-13.6254,50,411.114041
-8.928046,50,411.160551
-13.654822,50,411.200024
-10.386292,50,411.248815
-11.12886,50,411.288088
-6.608176,50,411.339835
-11.277333,50,411.4054
-10.218163,50,411.458684
-12.531464,50,411.518011
-12.637813,50,411.572818
-7.122328,50,411.634281
-17.645455,50,411.695639
-8.869861,50,411.747011
-13.828778,50,411.798956
-14.435607,50,411.850946
-12.028292,50,411.909659
-16.337554,50,411.956283
-16.765304,50,412.014711
-8.606576,50,412.071982
-8.135912,50,412.120995
-13.231767,50,412.15389
-9.263327,50,412.207482
-9.497938,50,412.664627
-7.740933,50,412.720659
-13.269388,50,412.773431
-14.525237,50,412.830876
-10.014897,50,412.895701
-10.502298,50,412.947989
-6.047407,50,412.994614
-15.39061,50,413.048097
-5.85917,50,413.103127
-11.780368,50,413.160141
-8.557252,50,413.213685
-9.1262,50,413.26501
-9.273272,50,413.317756
-5.872534,50,413.360851
-9.391408,50,413.418781
-12.601554,50,413.461469
-10.46107,50,413.508773
-5.577172,50,413.545767
-10.382443,50,413.588079
-9.980894,50,413.624822
-15.490123,50,413.677702
-13.417709,50,413.731533
-6.412344,50,413.784748
-13.174717,50,413.840709
-14.438364,50,413.893797
-9.694411,50,413.935374
-12.072071,50,413.987261
-8.993664,50,414.026928
-10.888762,50,414.071983
-6.231503,50,414.119901
-14.158089,50,414.161483
-15.790703,50,414.194395
-9.528828,50,414.234741
-9.44868,50,414.268776
-8.461079,50,414.302481
-8.495153,50,414.362238
-8.685158,50,414.397128
-9.938647,50,414.433271
-15.412531,50,414.483359
-10.021741,50,414.51772
-10.041944,50,414.551927
-11.328832,50,415.008588
-10.014085,50,415.064743
-10.047561,50,415.120775
-13.374583,50,415.175107
-10.482632,50,415.221891
-18.083276,50,415.266214
-15.851151,50,415.306021
-16.539068,50,415.356833
-10.203609,50,415.396408
-8.515585,50,415.439591
-9.725465,50,415.476158
-11.332179,50,415.528781
-13.564923,50,415.580776
-8.157981,50,415.625291
-13.737645,50,415.684005
-14.055575,50,415.725788
-7.797763,50,415.779264
-17.427424,50,415.827401
-14.434091,50,415.884679
-13.916701,50,415.940766
-7.057718,50,415.988123
-10.689859,50,416.042666
-8.126872,50,416.096068
-14.062464,50,416.150939
-8.156987,50,416.195291
-7.968178,50,416.242705
-16.027989,50,416.286196
-8.315273,50,416.336275
-12.685886,50,416.390405
-7.894433,50,416.440797
-9.700219,50,416.500415
-10.113782,50,416.558107
-9.823655,50,416.597234
-9.913267,50,416.642789
-13.926259,50,416.698819
-9.408913,50,416.75341
-8.758096,50,416.790841
-8.551726,50,416.837678
-16.233265,50,416.876773
-10.218358,50,416.92652
-9.574048,50,416.969448
-9.857407,50,417.450814
-14.539339,50,417.515918
-10.089804,50,417.571296
-8.162717,50,417.627009
-14.941936,50,417.680044
-10.407104,50,417.734636
-7.334209,50,417.781225
-7.960577,50,417.827712
-8.696219,50,417.884997
-10.954357,50,417.942317
-15.503254,50,418.003478
-18.650585,50,418.066635
-5.814396,50,418.132906
-9.242963,50,418.187313
-8.198293,50,418.24051
-12.387618,50,418.298383
-8.596447,50,418.343551
-9.091729,50,418.405451
-10.856182,50,418.440041
-8.650914,50,418.488638
-14.877072,50,418.536433
-15.53204,50,418.595001
-14.90629,50,418.644344
-7.40101,50,418.693794
-13.47498,50,418.746048
-7.669843,50,418.784791
-15.745617,50,418.828446
-11.701349,50,418.871122
-9.628843,50,418.912671
-9.817301,50,418.962574
-6.366071,50,419.001184
-14.719838,50,419.055718
-8.489421,50,419.124404
-14.086195,50,419.18296
-10.148009,50,419.235324
-10.366349,50,419.279914
-12.168189,50,419.335047
-9.48179,50,419.38486
-11.243925,50,419.429546
-13.258453,50,419.481644
-13.759717,50,419.527227
-7.85911,50,420.000667
-11.371013,50,420.05081
-16.009608,50,420.105248
-10.467683,50,420.157939
-8.270633,50,420.215076
-7.850335,50,420.270489
-8.279842,50,420.322544
-9.880544,50,420.378958
-6.100352,50,420.423098
-7.983256,50,420.470397
-12.053087,50,420.515775
-7.685872,50,420.572206
-8.609839,50,420.621241
-9.428948,50,420.668679
-10.645011,50,420.724871
-9.737938,50,420.782036
-12.655756,50,420.825185
-8.725353,50,420.873119
-14.879786,50,420.919636
-8.887073,50,420.962014
-8.117251,50,421.013379
-6.052893,50,421.069109
-8.288312,50,421.127511
-8.643031,50,421.184651
-14.125886,50,421.242215
-13.156309,50,421.300252
-8.482886,50,421.349856
-14.554959,50,421.403582
-17.616827,50,421.462536
-13.728384,50,421.522665
-10.444913,50,421.57327
-9.561844,50,421.627771
-8.198604,50,421.67232
-17.521846,50,421.714801
-10.072191,50,421.765156
-7.946289,50,421.822849
-12.777261,50,421.866789
-11.520662,50,421.911978
-9.630607,50,421.955451
-9.64995,50,421.99758
-13.475421,50,422.055053
-10.130255,50,422.513737
-12.759082,50,422.580057
-14.742362,50,422.643616
-10.960635,50,422.69911
-10.532468,50,422.755787
-11.229516,50,422.803092
-15.161639,50,422.840602
-15.485653,50,422.883026
-9.746285,50,422.934675
-18.504049,50,422.986706
-6.37119,50,423.034924
-8.696241,50,423.093705
-14.49257,50,423.144808
-7.088718,50,423.199189
-17.701167,50,423.253336
-15.002712,50,423.306455
-14.309619,50,423.36359
-5.482144,50,423.411021
-8.591583,50,423.447998
-16.620616,50,423.496985
-9.045687,50,423.531471
-11.344309,50,423.583827
-17.170892,50,423.621371
-12.322616,50,423.66786
-12.648707,50,423.698803
-12.832485,50,423.730752
-8.967288,50,423.764722
-11.384084,50,423.812778
-8.686002,50,423.843951
-12.084688,50,423.874751
-18.732853,50,423.905752
-15.793114,50,423.963314
-7.626865,50,424.010735
-9.361511,50,424.051572
-12.189077,50,424.11744
-13.655546,50,424.173226
-9.764235,50,424.228627
-10.483079,50,424.286069
-10.287548,50,424.342245
-12.454098,50,424.389228
-8.01339,50,424.421424
-9.177613,50,424.855914
-15.728902,50,424.887468
-9.946115,50,424.927129
-10.802673,50,424.968504
-9.10772,50,425.0107
-8.187742,50,425.064989
-7.624347,50,425.118622
-14.527319,50,425.182144
-9.172872,50,425.238592
-8.726855,50,425.303214
-14.593067,50,425.369252
-6.927901,50,425.435498
-10.783186,50,425.493492
-8.804539,50,425.546377
-8.73631,50,425.594674
-15.146279,50,425.640121
-11.650856,50,425.70004
-8.143937,50,425.750586
-7.953312,50,425.796569
-11.915283,50,425.842778
-9.134374,50,425.895593
-18.999382,50,425.940623
-16.476992,50,425.987919
-7.284318,50,426.044793
-10.080957,50,426.103556
-13.003126,50,426.156045
-10.752577,50,426.212812
-15.586797,50,426.260037
-13.31376,50,426.308961
-14.818504,50,426.360471
-13.013513,50,426.412274
-9.252745,50,426.465965
-10.336875,50,426.510057
-10.503432,50,426.544183
-12.650113,50,426.589172
-10.58051,50,426.626382
-15.159987,50,426.682678
-10.716391,50,426.75309
-9.04662,50,426.818877
-13.714449,50,426.870577
-19.015522,50,426.930316
-10.285225,50,427.408137
-10.884784,50,427.458182
-10.307866,50,427.507012
-8.513879,50,427.546427
-16.587518,50,427.583489
-14.622273,50,427.61594
-12.586883,50,427.658971
-8.346341,50,427.718324
-11.293204,50,427.761391
-7.705454,50,427.810034
-6.803247,50,427.85457
-12.493957,50,427.898901
-8.058492,50,427.939643
-12.699368,50,427.989967
-6.496784,50,428.040847
-12.054024,50,428.084488
-6.29824,50,428.130443
-8.458441,50,428.184793
-9.217034,50,428.22547
-7.863803,50,428.283315
-9.430297,50,428.335513
-7.421371,50,428.391474
-16.928762,50,428.448336
-9.26654,50,428.49564
-9.154061,50,428.541948
-9.94996,50,428.589752
-10.922303,50,428.63655
-6.978575,50,428.686601
-10.188745,50,428.725048
-7.008144,50,428.763597
-6.983834,50,428.813873
-10.116964,50,428.853169
-6.519905,50,428.894895
-11.935886,50,428.937486
-10.448348,50,428.991859
-6.416562,50,429.049255
-9.802576,50,429.097965
-7.284076,50,429.1386
-9.268982,50,429.188008
-10.185011,50,429.239283
-10.213426,50,429.283717
-10.993684,50,429.766183
-8.793151,50,429.827807
-8.559736,50,429.885427
-13.66541,50,429.940471
-9.521081,50,429.981464
-7.203462,50,430.035934
-14.752269,50,430.084094
-12.048378,50,430.143439
-10.867718,50,430.197114
-17.526717,50,430.24913
-13.066244,50,430.303591
-6.366369,50,430.351395
-14.327424,50,430.387625
-13.465804,50,430.438336
-6.814749,50,430.478416
-9.392279,50,430.525939
-13.902646,50,430.577285
-9.176372,50,430.624452
-8.502814,50,430.660265
-13.086892,50,430.705128
-12.076613,50,430.750937
-15.083332,50,430.807992
-15.952909,50,430.858936
-18.340444,50,430.893811
-9.201786,50,430.931677
-7.628537,50,430.964424
-10.920448,50,431.01369
-13.240572,50,431.047867
-13.18375,50,431.085706
-10.167242,50,431.134014
-9.49056,50,431.170718
-13.988987,50,431.232474
-13.007822,50,431.276711
-14.938271,50,431.322255
-8.144847,50,431.369189
-10.47451,50,431.426877
-9.440194,50,431.477614
-13.072937,50,431.53076
-17.145606,50,431.5716
-8.495228,50,431.624139
-16.161661,50,431.675725
-10.82096,50,432.143497
-10.361289,50,432.18214
-12.724531,50,432.230886
-10.383497,50,432.26657
-6.762772,50,432.314828
-14.924183,50,432.364166
-12.947877,50,432.402971
-15.14833,50,432.441727
-15.938549,50,432.480377
-13.065364,50,432.519971
-8.758964,50,432.556402
-11.787404,50,432.619599
-6.185932,50,432.666
-14.329134,50,432.715614
-11.741405,50,432.761451
-10.755021,50,432.806136
-6.686739,50,432.844754
-7.950752,50,432.911063
-11.431903,50,432.976687
-15.927827,50,433.03286
-12.876004,50,433.085613
-8.820602,50,433.145469
-9.824441,50,433.20431
-11.723368,50,433.26776
-7.040877,50,433.32149
-7.13142,50,433.378393
-9.29008,50,433.428734
-12.797073,50,433.471902
-6.231265,50,433.527106
-10.230687,50,433.566634
-10.859934,50,433.613256
-14.344722,50,433.665264
-13.963972,50,433.703777
-14.232749,50,433.749643
-14.863431,50,433.803028
-13.932973,50,433.862343
-8.471662,50,433.905196
-9.079835,50,433.949054
-10.34995,50,434.007713
-15.399455,50,434.055087
-9.823783,50,434.09339
-15.811916,50,434.559982
-14.936054,50,434.620699
-10.108257,50,434.674032
-11.616992,50,434.732616
-13.100629,50,434.774916
-10.430493,50,434.821784
-16.661967,50,434.870584
-10.162544,50,434.927098
-6.239398,50,434.985692
-5.346351,50,435.029868
-7.096594,50,435.091632
-11.958477,50,435.138402
-10.143634,50,435.17819
-7.216318,50,435.217083
-10.482329,50,435.268583
-12.631968,50,435.323608
-10.57216,50,435.365856
-6.427369,50,435.416526
-14.95941,50,435.455611
-10.415671,50,435.498658
-10.086589,50,435.550808
-15.799015,50,435.602972
-10.6532,50,435.657638
-9.853556,50,435.696142
-10.892984,50,435.751012
-15.549911,50,435.805033
-11.139299,50,435.85015
-7.873519,50,435.903715
-11.436283,50,435.964833
-12.947492,50,436.00687
-14.786969,50,436.050735
-13.058472,50,436.105024
-8.029501,50,436.150341
-8.944251,50,436.206509
-10.038752,50,436.257239
-10.576863,50,436.289872
-12.703039,50,436.321654
-6.6621,50,436.373521
-10.862006,50,436.408861
-16.595644,50,436.469421
-13.193914,50,436.506232
-9.860683,50,436.972912
-7.88785,50,437.037323
-13.058617,50,437.083449
-12.702573,50,437.125303
-13.881659,50,437.169972
-10.354955,50,437.21408
-7.985943,50,437.262754
-10.203569,50,437.324384
-8.712413,50,437.379371
-6.9186,50,437.419144
-18.188619,50,437.453602
-7.11112,50,437.517928
-6.060548,50,437.584246
-15.844838,50,437.635051
-7.520884,50,437.676769
-14.642234,50,437.711564
-7.245112,50,437.762152
-16.697806,50,437.817858
-14.923493,50,437.867779
-7.048077,50,437.90339
-9.092289,50,437.95088
-8.697983,50,438.006901
-9.873945,50,438.064164
-10.35575,50,438.118829
-15.190216,50,438.177612
-11.749046,50,438.233398
-9.168649,50,438.280104
-10.068329,50,438.320943
-6.222493,50,438.358965
-9.031455,50,438.404171
-15.232494,50,438.441854
-10.4327,50,438.476487
-6.608278,50,438.527895
-15.150653,50,438.585284
-10.522597,50,438.63412
-10.643341,50,438.669921
-15.180475,50,438.71789
-13.9416,50,438.771377
-8.790892,50,438.813877
-16.817894,50,438.874226
-13.722495,50,438.928013
-12.247669,50,439.43757
-9.14615,50,439.488533
-7.809426,50,439.547189
-11.608403,50,439.604992
-8.792612,50,439.658264
-6.833661,50,439.71419
-7.767028,50,439.771822
-6.89957,50,439.831195
-7.649302,50,439.886402
-9.966047,50,439.934624
-9.263328,50,439.976741
-9.686616,50,440.02667
-11.359103,50,440.081677
-9.553657,50,440.124143
-10.090939,50,440.166031
-12.38449,50,440.212377
-9.50047,50,440.264847
-15.787189,50,440.323505
-10.116984,50,440.374799
-10.971615,50,440.429747
-18.000198,50,440.487944
-12.501197,50,440.543828
-11.055754,50,440.588854
-15.504638,50,440.6504
-10.234448,50,440.705335
-8.847755,50,440.761283
-9.058666,50,440.811645
-15.405424,50,440.862794
-9.152898,50,440.909156
-10.594146,50,440.953379
-10.961175,50,441.000583
-10.272739,50,441.062205
-12.686729,50,441.128962
-8.00364,50,441.192272
-13.412531,50,441.245049
-10.860486,50,441.285259
-7.105338,50,441.329988
-13.825159,50,441.381649
-9.332202,50,441.442575
-6.762202,50,441.509912
-15.561004,50,441.566435
-10.271193,50,442.047769
-9.51168,50,442.104901
-12.910895,50,442.161413
-7.721649,50,442.215039
-7.984232,50,442.260637
-10.396976,50,442.315228
-16.404561,50,442.369385
-8.84067,50,442.422332
-8.196733,50,442.484519
-8.654896,50,442.542106
-17.495341,50,442.598353
-10.253309,50,442.649431
-12.250509,50,442.697077
-8.702531,50,442.745076
-6.032994,50,442.782791
-9.140734,50,442.820189
-15.931692,50,442.875216
-13.262704,50,442.918741
-10.395059,50,442.964667
-12.610495,50,443.025166
-10.789279,50,443.080264
-12.157069,50,443.133117
-10.00882,50,443.166795
-8.226,50,443.203055
-9.170148,50,443.252926
-17.855246,50,443.288952
-12.79245,50,443.331361
-7.021113,50,443.386823
-9.068586,50,443.430664
-19.992713,50,443.478359
-11.242704,50,443.521539
-5.489349,50,443.563699
-6.731484,50,443.62673
-14.051772,50,443.667032
-14.488418,50,443.721231
-15.618891,50,443.761166
-8.364761,50,443.797198
-7.520387,50,443.832731
-16.59689,50,443.868726
-16.514519,50,443.912438
-6.490972,50,443.947977
-10.274008,50,444.427551
-14.251691,50,444.471697
-13.475133,50,444.528042
-8.794672,50,444.583385
-11.643556,50,444.631031
-10.7858,50,444.678957
-9.314713,50,444.715004
-6.00949,50,444.756837
-11.647201,50,444.790015
-15.433084,50,444.828298
-10.383635,50,444.868605
-6.685496,50,444.906441
-6.771888,50,444.950625
-11.373345,50,444.995599
-11.794005,50,445.037202
-14.390398,50,445.07885
-6.013357,50,445.123685
-9.446627,50,445.167602
-19.71885,50,445.217214
-18.170553,50,445.274601
-9.889218,50,445.330807
-9.437793,50,445.382644
-9.929414,50,445.442743
-10.001472,50,445.499537
-8.348971,50,445.545215
-9.840176,50,445.604003
-8.11906,50,445.648273
-13.526972,50,445.695873
-16.886645,50,445.730866
-5.763916,50,445.786383
-9.594039,50,445.830769
-8.132088,50,445.887462
-8.907747,50,445.941458
-8.566995,50,445.995657
-15.447087,50,446.060506
-14.896989,50,446.121624
-8.610647,50,446.172022
-6.895321,50,446.217297
-8.251225,50,446.267765
-10.136099,50,446.309784
-10.823537,50,446.840034
-9.999386,50,446.898006
-9.885373,50,446.960624
-13.347709,50,447.019409
-14.584418,50,447.082161
-7.536613,50,447.140753
-10.990701,50,447.198561
-9.941525,50,447.260826
-18.557171,50,447.319078
-8.115478,50,447.35966
-11.153106,50,447.410706
-14.379222,50,447.463125
-7.928403,50,447.515867
-7.663796,50,447.572439
-9.909949,50,447.637
-9.781397,50,447.684946
-13.320497,50,447.752964
-10.348401,50,447.816861
-6.627543,50,447.87166
-9.766879,50,447.933742
-13.872572,50,447.993305
-13.514938,50,448.051144
-10.721044,50,448.113156
-12.970318,50,448.151315
-10.29704,50,448.189169
-9.821858,50,448.235677
-12.305159,50,448.279782
-10.913404,50,448.329202
-10.312921,50,448.382418
-10.330927,50,448.420568
-9.287635,50,448.465076
-9.651445,50,448.497042
-10.491485,50,448.530606
-10.212761,50,448.565868
-10.952456,50,448.599553
-5.293093,50,448.631371
-10.917353,50,448.66871
-10.881198,50,448.705321
-9.370903,50,448.743722
-12.578496,50,448.792512
-15.907757,50,448.829403
-17.934589,50,449.317009
-8.142268,50,449.367365
-13.966581,50,449.429455
-9.271536,50,449.474802
-7.804928,50,449.521441
-7.667558,50,449.562866
-9.503615,50,449.598431
-8.036667,50,449.637997
-11.094847,50,449.674388
-15.49777,50,449.712815
-12.657676,50,449.754132
-8.910331,50,449.791396
-8.592325,50,449.828496
-10.008635,50,449.867254
-7.348056,50,449.904557
-13.960985,50,449.943389
-12.661127,50,449.983198
-10.260917,50,450.019303
-7.145599,50,450.058372
-8.947145,50,450.094084
-17.417322,50,450.131341
-9.272746,50,450.167458
-10.970854,50,450.203816
-16.966224,50,450.239109
-11.841872,50,450.274594
-14.67398,50,450.30908
-10.142472,50,450.350495
-15.735866,50,450.385166
-15.530682,50,450.441134
-13.132647,50,450.498794
-14.438985,50,450.545574
-16.808071,50,450.579168
-13.379475,50,450.620484
-6.492803,50,450.652357
-9.673416,50,450.682431
-6.732265,50,450.713582
-16.281719,50,450.747607
-16.747219,50,450.780054
-7.857026,50,450.812622
-16.25083,50,450.845532
-9.797322,50,450.877658
-7.382058,50,451.333753
-11.658783,50,451.387856
-15.308831,50,451.437884
-6.800721,50,451.492954
-12.720438,50,451.532843
-11.833135,50,451.595482
-15.901525,50,451.643917
-12.626046,50,451.6802
-10.22825,50,451.716741
-9.26278,50,451.751021
-11.754109,50,451.785881
-8.783971,50,451.817573
-8.429336,50,451.849163
-6.912022,50,451.882241
-8.086359,50,451.9147
-8.387954,50,451.947728
-8.216661,50,451.978446
-13.646246,50,452.008524
-9.173692,50,452.03993
-8.610345,50,452.070125
-9.73951,50,452.103328
-14.509315,50,452.135219
-11.649596,50,452.165493
-12.136032,50,452.195766
-12.967654,50,452.226013
-8.031785,50,452.258107
-7.738549,50,452.292326
-10.816927,50,452.32445
-7.925265,50,452.354141
-10.884807,50,452.403632
-14.679247,50,452.459945
-12.847452,50,452.492284
-9.485081,50,452.523744
-13.313868,50,452.555399
-18.65662,50,452.587495
-12.659142,50,452.619986
-12.730607,50,452.658714
-9.533169,50,452.694819
-10.554955,50,452.73007
-17.228241,50,452.764597
-9.348893,50,452.799805
-6.989942,50,453.263801
-8.428834,50,453.298393
-8.595109,50,453.332978
-7.418643,50,453.367779
-12.318846,50,453.403455
-10.012748,50,453.439081
-10.004793,50,453.48193
-12.477468,50,453.519792
-9.29797,50,453.569359
-17.583879,50,453.606308
-6.264276,50,453.659102
-17.60497,50,453.70499
-9.658695,50,453.743663
-15.973241,50,453.779913
-12.603843,50,453.814463
-14.135503,50,453.87176
-7.595234,50,453.92299
-9.083673,50,453.96299
-14.729768,50,453.999189
-11.591008,50,454.032906
-11.091926,50,454.068952
-7.763376,50,454.102383
-12.909642,50,454.13541
-13.691208,50,454.175246
-11.393194,50,454.212175
-11.449502,50,454.246866
-10.796425,50,454.282841
-9.827537,50,454.316739
-10.858502,50,454.353452
-12.080365,50,454.387455
-10.513237,50,454.421067
-8.143831,50,454.45591
-15.611144,50,454.510092
-17.104051,50,454.556567
-9.920784,50,454.594747
-10.614562,50,454.633522
-15.911905,50,454.675404
-14.469548,50,454.711861
-12.78061,50,454.748387
-13.70882,50,454.785692
-14.891001,50,454.822305
-11.884631,50,455.571913
-6.689391,50,455.656987
-6.956362,50,455.733693
-17.144929,50,455.809627
-9.230408,50,455.88482
-8.368327,50,455.957079
-7.612078,50,456.031766
-6.34967,50,456.102009
-8.380146,50,456.17424
-12.297597,50,456.247684
-8.121764,50,456.316274
-11.71616,50,456.386809
-7.837642,50,456.457495
-19.639269,50,456.527088
-11.092116,50,456.594764
-11.563191,50,456.666646
-14.535291,50,456.742949
-8.382779,50,456.812552
-8.16053,50,456.884034
-10.014848,50,456.952831
-9.520292,50,457.022471
-8.193426,50,457.093246
-12.873589,50,457.163437
-5.915203,50,457.235256
-8.647433,50,457.305817
-7.462268,50,457.376725
-9.699166,50,457.448031
-11.342686,50,457.520182
-11.016615,50,457.590814
-7.955781,50,457.659265
-6.911376,50,457.730093
-15.519841,50,457.800606
-9.905228,50,457.871332
-9.770403,50,457.942544
-12.999,50,458.012582
-9.24965,50,458.081333
-12.830051,50,458.151631
-10.44638,50,458.220823
-11.115322,50,458.291466
-15.344259,50,458.362526
-8.944679,50,458.43112
-9.010612,50,459.371184
-16.924558,50,459.440761
-16.110644,50,459.509019
-8.683686,50,459.577528
-14.968755,50,459.645923
-17.685296,50,459.716171
-12.215582,50,459.78542
-7.324197,50,459.855672
-18.392754,50,459.926407
-7.639185,50,459.995512
-10.384842,50,460.052096
-8.728567,50,460.096245
-17.356407,50,460.131451
-10.372156,50,460.166143
-5.972921,50,460.201469
-8.307744,50,460.236357
-9.498324,50,460.295625
-7.617785,50,460.366968
-13.898734,50,460.439984
-8.1013,50,460.509987
-11.336976,50,460.579124
-14.970163,50,460.650014
-13.958138,50,460.719727
-6.907721,50,460.791056
-11.116516,50,460.865346
-9.110879,50,460.935828
-11.728427,50,461.007337
-6.647763,50,461.077919
-12.410204,50,461.147252
-15.92122,50,461.217518
-11.723252,50,461.29059
-10.607825,50,461.362566
-10.802708,50,461.431732
-12.397463,50,461.500282
-8.196533,50,461.569023
-8.261656,50,461.637404
-9.986855,50,461.708393
-14.820035,50,461.777602
-12.301929,50,461.846891
-12.850177,50,461.918577
-9.544786,50,461.987128
-16.683519,50,462.921477
-12.396655,50,462.993593
-5.482732,50,463.064523
-8.285755,50,463.132619
-13.584015,50,463.202302
-10.928713,50,463.271124
-12.099709,50,463.338575
-12.027464,50,463.410431
-8.875058,50,463.477981
-15.576272,50,463.544735
-9.241549,50,463.612073
-16.469249,50,463.678984
-9.701003,50,463.750968
-8.989645,50,463.819034
-9.829959,50,463.889625
-7.709521,50,463.958996
-14.761843,50,464.027246
-8.491473,50,464.09682
-5.416023,50,464.16719
-10.377199,50,464.235678
-7.458688,50,464.301926
-6.700466,50,464.371168
-10.172274,50,464.438062
-16.031734,50,464.505608
-8.543312,50,464.572047
-7.596761,50,464.64054
-11.081519,50,464.708033
-9.432877,50,464.776889
-9.246389,50,464.845239
-9.260392,50,464.914039
-7.176379,50,464.983005
-10.150384,50,465.061196
-16.970734,50,465.130375
-12.876828,50,465.196657
-7.621746,50,465.264944
-15.201114,50,465.333688
-15.820995,50,465.403113
-12.386483,50,465.469892
-7.386554,50,465.539609
-13.443679,50,465.606883
-12.290215,50,465.64293
-10.938997,50,466.118876
-19.16982,50,466.154621
-16.452919,50,466.188256
-17.908987,50,466.220713
-10.379245,50,466.254073
-18.900177,50,466.286003
-8.504372,50,466.318763
-11.069751,50,466.350687
-5.580096,50,466.385416
-7.836483,50,466.418673
-9.808146,50,466.451979
-5.328488,50,466.486151
-18.266193,50,466.529505
-14.028784,50,466.564277
-13.616114,50,466.598254
-6.758483,50,466.633856
-7.855261,50,466.674401
-12.708261,50,466.706694
-18.836617,50,466.744553
-12.353367,50,466.781905
-10.075445,50,466.816
-12.101949,50,466.85433
-8.850012,50,466.890247
-11.661758,50,466.929538
-19.034828,50,466.96342
-6.310359,50,466.997067
-9.627002,50,467.032144
-8.632316,50,467.065164
-7.440879,50,467.099443
-11.214735,50,467.145652
-11.233297,50,467.181948
-6.115589,50,467.229221
-13.731497,50,467.285387
-8.45151,50,467.347069
-12.673369,50,467.411731
-7.419679,50,467.460568
-9.834497,50,467.524479
-13.089782,50,467.579815
-12.687153,50,467.637948
-8.548436,50,467.686192
-6.760059,50,467.734478
-7.041377,50,468.218345
-14.413278,50,468.276868
-15.898922,50,468.336605
-8.335446,50,468.39449
-8.479586,50,468.440712
-6.028533,50,468.484284
-12.722801,50,468.520508
-12.37355,50,468.568413
-8.073003,50,468.609252
-11.001219,50,468.651448
-16.503461,50,468.686821
-16.16793,50,468.738533
-17.886656,50,468.798686
-9.176031,50,468.853796
-19.687374,50,468.901121
-14.181081,50,468.965129
-10.125521,50,469.014006
-7.825281,50,469.056334
-6.785479,50,469.100028
-9.101133,50,469.13897
-8.456808,50,469.188857
-7.869619,50,469.249097
-16.381473,50,469.294982
-11.618266,50,469.340506
-10.01798,50,469.383555
-20.338823,50,469.422707
-12.918352,50,469.47068
-10.568369,50,469.521621
-10.030577,50,469.568251
-14.557023,50,469.602366
-12.229801,50,469.657755
-13.385773,50,469.709773
-12.095773,50,469.755979
-12.744344,50,469.809871
-6.915424,50,469.867836
-9.59825,50,469.916794
-9.004228,50,469.966579
-16.300305,50,470.011851
-16.862602,50,470.064939
-8.897667,50,470.107677
-14.794682,50,470.142352
-12.621295,50,470.611026
-8.605578,50,470.659144
-14.477763,50,470.716235
-13.137981,50,470.765812
-12.972077,50,470.80933
-12.323113,50,470.86372
-8.359825,50,470.913013
-8.851169,50,470.956009
-9.554665,50,470.995226
-10.518102,50,471.056076
-9.72485,50,471.101838
-19.701572,50,471.147027
-12.926128,50,471.189321
-12.280634,50,471.232176
-8.450965,50,471.268814
-10.865724,50,471.320593
-6.435371,50,471.364072
-17.727972,50,471.427565
-10.531563,50,471.482084
-6.797464,50,471.534891
-10.930286,50,471.566934
-10.831658,50,471.625194
-8.327244,50,471.684212
-12.749045,50,471.737374
-12.04192,50,471.792538
-9.767431,50,471.846908
-7.560684,50,471.897443
-9.250704,50,471.952743
-6.961917,50,472.000146
-9.624217,50,472.052343
-14.398092,50,472.112984
-9.632116,50,472.155943
-8.99409,50,472.189494
-9.265105,50,472.237492
-5.997089,50,472.277427
-10.238642,50,472.310257
-15.695028,50,472.341141
-9.034137,50,472.383137
-13.539323,50,472.426504
-10.946683,50,472.475327
-16.076321,50,472.52695
-5.889153,50,472.985417
-11.001947,50,473.038175
-9.939789,50,473.09303
-14.448264,50,473.151139
-12.993998,50,473.203042
-10.674362,50,473.260905
-14.106871,50,473.318374
-8.891949,50,473.375072
-13.97688,50,473.429725
-8.537575,50,473.481347
-10.432318,50,473.532825
-10.856085,50,473.578594
-19.697573,50,473.620807
-8.999644,50,473.660075
-17.218354,50,473.714896
-9.25172,50,473.760366
-7.978073,50,473.804176
-11.075949,50,473.857982
-18.187584,50,473.907848
-13.1352,50,473.946715
-15.910116,50,473.993292
-14.116244,50,474.041692
-17.049763,50,474.098324
-17.42138,50,474.158686
-10.49988,50,474.213988
-8.781957,50,474.271584
-10.979139,50,474.32823
-7.394647,50,474.384081
-15.782382,50,474.442878
-14.555271,50,474.480609
-9.769334,50,474.522759
-18.832919,50,474.56634
-9.386393,50,474.616399
-11.429038,50,474.664157
-9.913792,50,474.709564
-8.864108,50,474.761706
-12.555806,50,474.810986
-10.622383,50,474.866717
-13.280521,50,474.906829
-11.842244,50,474.945351
-10.041907,50,474.993733
-5.425679,50,475.455589
-8.562437,50,475.512807
-6.820884,50,475.566561
-10.765422,50,475.621788
-9.5444,50,475.675487
-11.451478,50,475.732551
-15.20949,50,475.788496
-12.506089,50,475.850191
-9.613861,50,475.905082
-10.305977,50,475.952304
-10.108338,50,476.001498
-11.134657,50,476.058912
-9.077274,50,476.124569
-13.06284,50,476.174499
-16.257878,50,476.23019
-7.355259,50,476.291944
-7.555831,50,476.357883
-12.607447,50,476.415019
-11.80965,50,476.469838
-13.789094,50,476.523282
-6.089598,50,476.581255
-12.075862,50,476.634603
-13.471863,50,476.693519
-9.967349,50,476.749257
-12.362852,50,476.801032
-8.057061,50,476.844327
-18.873709,50,476.890551
-9.973771,50,476.943692
-8.405947,50,476.996236
-7.791557,50,477.043849
-8.021209,50,477.103095
-9.306686,50,477.155917
-11.797746,50,477.21029
-7.865242,50,477.264545
-14.877923,50,477.319796
-17.293759,50,477.374401
-10.602306,50,477.432886
-7.378419,50,477.491287
-15.461404,50,477.541502
-10.148107,50,477.582804
-10.430531,50,477.622102
-13.446941,50,478.091689
-12.883389,50,478.158394
-12.638757,50,478.218987
-8.170435,50,478.270004
-12.116373,50,478.327135
-16.1918,50,478.382718
-8.277212,50,478.433689
-7.583482,50,478.490444
-10.384478,50,478.54909
-16.01296,50,478.600233
-8.031476,50,478.658255
-6.610093,50,478.710947
-15.328995,50,478.770506
-9.599001,50,478.808405
-12.308962,50,478.841555
-8.195186,50,478.874749
-12.632902,50,478.907616
-8.610677,50,478.941273
-10.290773,50,478.984059
-9.581165,50,479.035886
-7.946223,50,479.091125
-5.905534,50,479.146526
-8.522391,50,479.206011
-9.228438,50,479.259822
-12.764622,50,479.295409
-6.834481,50,479.355743
-8.024874,50,479.414476
-13.345249,50,479.468952
-9.98936,50,479.521938
-9.138221,50,479.573965
-10.735658,50,479.632236
-8.9451,50,479.679788
-8.684217,50,479.71295
-16.496759,50,479.754044
-13.534134,50,479.78721
-6.109187,50,479.819927
-13.158936,50,479.85676
-18.219661,50,479.907497
-12.303909,50,479.947966
-5.890766,50,480.002009
-16.134652,50,480.039469
-11.762928,50,480.488292
-13.807067,50,480.54929
-15.227033,50,480.606582
-12.303766,50,480.665785
-12.524912,50,480.72374
-13.124177,50,480.77945
-8.707204,50,480.841558
-15.718643,50,480.899888
-17.250043,50,480.953298
-9.000346,50,480.998005
-8.97537,50,481.060751
-7.599598,50,481.122705
-11.583298,50,481.179712
-19.930523,50,481.237151
-11.154375,50,481.29847
-16.805374,50,481.358085
-10.165194,50,481.415055
-10.339461,50,481.453499
-8.230145,50,481.513994
-7.28384,50,481.569792
-7.119659,50,481.630112
-20.383574,50,481.675184
-15.848282,50,481.710871
-14.076294,50,481.745147
-11.203962,50,481.787616
-6.124305,50,481.841552
-13.161653,50,481.888262
-12.937519,50,481.930853
-10.792702,50,481.972305
-13.499985,50,482.011975
-8.780524,50,482.049985
-18.14945,50,482.099266
-15.060221,50,482.13968
-14.638581,50,482.189714
-8.633701,50,482.226736
-13.682909,50,482.28202
-10.211639,50,482.346752
-6.476834,50,482.379372
-8.389331,50,482.440379
-11.296938,50,482.488885
-12.063482,50,482.545399
-9.12975,50,483.027233
-10.380787,50,483.089903
-10.891821,50,483.143574
-13.31311,50,483.191092
-8.923923,50,483.228446
-10.86472,50,483.267191
-15.343064,50,483.313323
-9.653762,50,483.368078
-10.163991,50,483.408319
-9.50754,50,483.456784
-11.131637,50,483.517152
-10.173733,50,483.566968
-7.058456,50,483.622469
-8.813744,50,483.678857
-7.739365,50,483.728334
-12.361265,50,483.783287
-11.942709,50,483.835807
-11.403145,50,483.896646
-6.043411,50,483.952484
-15.389979,50,484.005903
-9.465267,50,484.049645
-8.856645,50,484.101346
-15.968617,50,484.147147
-13.404816,50,484.19225
-14.289144,50,484.241727
-12.164521,50,484.278483
-20.014526,50,484.317514
-10.13991,50,484.365397
-9.872695,50,484.419639
-9.514838,50,484.455356
-8.793482,50,484.511373
-11.706871,50,484.557368
-11.024182,50,484.615482
-8.452952,50,484.667881
-8.995125,50,484.721791
-10.320962,50,484.776828
-14.767867,50,484.838987
-11.236839,50,484.886148
-18.966421,50,484.946182
-19.762009,50,484.998931
-10.294986,50,485.054451
-18.091684,50,485.510651
-12.45689,50,485.562622
-14.778156,50,485.623392
-9.562193,50,485.673333
-19.481492,50,485.729374
-10.939235,50,485.778395
-13.576813,50,485.834958
-6.957702,50,485.89356
-12.526364,50,485.949198
-12.105044,50,486.004663
-12.81393,50,486.04747
-17.203121,50,486.10343
-8.942466,50,486.155371
-19.440075,50,486.198852
-10.760834,50,486.257415
-8.438662,50,486.293102
-13.846481,50,486.349805
-15.920228,50,486.400137
-7.045534,50,486.460521
-12.23372,50,486.518205
-8.712337,50,486.573755
-8.518513,50,486.629924
-6.748759,50,486.686909
-10.895195,50,486.730598
-9.890948,50,486.77937
-15.256661,50,486.815841
-8.813135,50,486.854019
-9.061063,50,486.898278
-14.488498,50,486.954044
-15.902376,50,487.007824
-10.646993,50,487.056008
-14.339634,50,487.108511
-8.341873,50,487.146412
-11.578423,50,487.200825
-12.077654,50,487.249533
-11.289154,50,487.293801
-6.745739,50,487.338648
-7.431868,50,487.381423
-8.364774,50,487.418003
-15.819046,50,487.453379
-5.727151,50,487.491804
-12.834949,50,487.957662
-11.248092,50,488.008733
-11.943335,50,488.066992
-15.601717,50,488.112425
-9.530476,50,488.156493
-8.996455,50,488.195054
-14.703634,50,488.231673
-6.990017,50,488.288035
-9.863186,50,488.344307
-9.613542,50,488.385043
-12.521113,50,488.424706
-18.339788,50,488.464432
-12.173689,50,488.520015
-10.825631,50,488.573471
-19.586228,50,488.613103
-9.560806,50,488.675673
-12.419241,50,488.727006
-14.006356,50,488.773808
-8.323958,50,488.820968
-9.194831,50,488.874923
-17.339774,50,488.931836
-14.176163,50,488.991696
-11.349806,50,489.032243
-14.592721,50,489.070128
-9.940017,50,489.122802
-12.275264,50,489.17401
-11.19499,50,489.227599
-12.685812,50,489.276286
-8.011087,50,489.331369
-7.016528,50,489.387081
-19.464942,50,489.434623
-7.832693,50,489.497068
-12.122057,50,489.542444
-10.244589,50,489.593099
-8.471986,50,489.634317
-17.696124,50,489.687232
-17.898657,50,489.729014
-7.523007,50,489.777472
-7.726409,50,489.81804
-7.741978,50,489.871913
-9.588332,50,489.921161
-9.041036,50,490.384272
-8.93861,50,490.424529
-11.241879,50,490.487917
-11.204384,50,490.54517
-14.4836,50,490.605839
-8.0507,50,490.654602
-12.0605,50,490.71736
-12.352643,50,490.778331
-13.521548,50,490.821932
-9.899505,50,490.888197
-9.700946,50,490.939842
-7.323476,50,490.993585
-9.188686,50,491.044821
-12.011316,50,491.084884
-14.011426,50,491.132381
-13.378805,50,491.186735
-16.423855,50,491.228889
-6.093833,50,491.268216
-7.506687,50,491.30925
-16.673717,50,491.355631
-6.786011,50,491.403696
-14.403976,50,491.452461
-10.024663,50,491.495984
-8.400253,50,491.541469
-7.287308,50,491.590259
-8.589651,50,491.627257
-9.494246,50,491.667431
-7.772351,50,491.718421
-12.33413,50,491.765041
-11.195282,50,491.811081
-8.477064,50,491.854382
-12.233122,50,491.895154
-12.047433,50,491.930265
-13.594745,50,491.962943
-9.667631,50,492.008001
-15.615923,50,492.043511
-13.603165,50,492.079379
-10.097895,50,492.134684
-10.026219,50,492.182863
-13.557348,50,492.229412
-14.961439,50,492.271071
-13.098036,50,492.748933
-9.431582,50,492.805406
-11.989046,50,492.869052
-7.731298,50,492.923613
-10.314703,50,492.966429
-9.129348,50,493.010729
-15.57264,50,493.055649
-10.522629,50,493.093217
-8.495884,50,493.131045
-11.26141,50,493.165257
-13.691921,50,493.217957
-9.33939,50,493.277328
-9.916224,50,493.323889
-7.451548,50,493.36781
-16.482305,50,493.420573
-7.192232,50,493.463126
-9.402349,50,493.501353
-6.806102,50,493.542644
-10.391191,50,493.591868
-11.517522,50,493.626292
-17.22732,50,493.663616
-9.723898,50,493.704983
-9.565379,50,493.758284
-8.522051,50,493.814453
-11.121945,50,493.868434
-10.409947,50,493.928486
-9.83221,50,493.985491
-15.990148,50,494.041913
-10.37463,50,494.09534
-18.177448,50,494.128894
-11.612609,50,494.176739
-8.803129,50,494.219352
-7.509839,50,494.252091
-8.913043,50,494.28456
-15.866374,50,494.326516
-8.891241,50,494.36254
-12.943411,50,494.39961
-16.643803,50,494.432122
-11.582453,50,494.467095
-9.367662,50,494.505834
-13.08352,50,494.55757
-17.163846,50,495.011383
-14.314841,50,495.062678
-10.412373,50,495.121697
-8.563663,50,495.174185
-15.242084,50,495.227946
-18.952924,50,495.285951
-13.280626,50,495.328258
-14.925133,50,495.368902
-8.217795,50,495.400517
-10.096896,50,495.440967
-10.785495,50,495.489894
-13.755275,50,495.540373
-12.875172,50,495.592182
-12.66669,50,495.650027
-10.542964,50,495.710291
-18.920061,50,495.754793
-14.499586,50,495.787867
-12.482268,50,495.828051
-9.564883,50,495.883893
-8.270305,50,495.920018
-15.974459,50,495.954832
-10.443583,50,496.001993
-16.050785,50,496.054528
-16.978718,50,496.107563
-17.418827,50,496.160733
-8.403569,50,496.217728
-13.156144,50,496.269772
-17.535243,50,496.323727
-10.692307,50,496.361449
-8.588677,50,496.392521
-8.585677,50,496.423329
-9.606323,50,496.480662
-9.813374,50,496.522909
-20.101347,50,496.565038
-10.775892,50,496.618495
-8.124821,50,496.663012
-13.160967,50,496.715706
-14.327936,50,496.761315
-9.892676,50,496.808788
-8.468859,50,496.854452
-10.190017,50,496.898825
-11.439826,50,497.365549
-8.179304,50,497.431238
-12.108303,50,497.491575
-15.63145,50,497.549773
-15.116531,50,497.617981
-17.02514,50,497.674543
-12.687822,50,497.740443
-11.104422,50,497.795899
-12.036597,50,497.85867
-11.733959,50,497.914286
-9.982521,50,497.961687
-14.310527,50,498.011695
-8.664653,50,498.073719
-17.49724,50,498.132382
-20.099451,50,498.194796
-17.092403,50,498.245965
-8.623299,50,498.310505
-8.861724,50,498.368072
-11.488938,50,498.423897
-12.935684,50,498.48256
-19.425168,50,498.54071
-8.059979,50,498.592559
-8.730607,50,498.658528
-13.846763,50,498.709733
-9.6089,50,498.765965
-15.472962,50,498.825366
-9.610928,50,498.885994
-10.595238,50,498.939854
-17.406073,50,498.990898
-9.048988,50,499.033439
-10.523214,50,499.076521
-8.857205,50,499.135155
-5.838681,50,499.178955
-12.700231,50,499.238103
-8.399661,50,499.290894
-12.543863,50,499.336444
-9.56005,50,499.396626
-13.521928,50,499.451722
-12.476723,50,499.50509
-11.668748,50,499.562504
-12.744152,50,499.612891
-14.742678,50,500.088346
-19.101528,50,500.126991
-9.307882,50,500.170254
-15.574862,50,500.218683
-6.814296,50,500.260627
-11.315655,50,500.302812
-8.149821,50,500.351206
-9.06917,50,500.407161
-8.249444,50,500.462765
-9.623059,50,500.510511
-14.124771,50,500.571591
-15.40303,50,500.6312
-14.871235,50,500.691739
-10.352169,50,500.751108
-8.133592,50,500.81303
-9.731933,50,500.87882
-14.677005,50,500.931335
-7.309086,50,500.995044
-14.293047,50,501.048247
-13.886784,50,501.111126
-17.892061,50,501.166684
-11.37474,50,501.216116
-9.953889,50,501.26387
-8.76217,50,501.299989
-13.265025,50,501.346661
-9.722351,50,501.405195
-19.926482,50,501.462067
-11.737198,50,501.518689
-9.455614,50,501.572726
-5.890504,50,501.628905
-17.811211,50,501.679861
-14.664239,50,501.736785
-10.154767,50,501.789304
-15.403023,50,501.84509
-16.58366,50,501.887345
-10.708741,50,501.936953
-5.999579,50,501.980603
-13.867039,50,502.035963
-13.246844,50,502.068999
-12.270722,50,502.101444
-9.810932,50,502.157473
-9.377719,50,502.650704
-6.47934,50,502.707718
-9.433669,50,502.766067
-7.89137,50,502.825863
-12.241848,50,502.882197
-9.941512,50,502.942311
-7.669553,50,502.992495
-14.270126,50,503.054629
-14.164596,50,503.108906
-7.120763,50,503.16387
-16.988931,50,503.204359
-8.93427,50,503.250344
-8.319315,50,503.291082
-8.715775,50,503.340771
-18.434245,50,503.398323
-13.373262,50,503.451711
-9.004249,50,503.504608
-9.566195,50,503.552696
-7.706716,50,503.60966
-20.026598,50,503.652328
-12.358159,50,503.696835
-11.206993,50,503.760882
-6.347721,50,503.818252
-8.905356,50,503.882318
-15.781358,50,503.946074
-9.125417,50,504.006261
-9.101133,50,504.06042
-9.181088,50,504.114758
-14.716132,50,504.176088
-8.108723,50,504.240224
-13.107167,50,504.291953
-16.891212,50,504.347765
-10.024633,50,504.393285
-9.95576,50,504.441073
-10.778745,50,504.491435
-8.085301,50,504.543972
-14.74993,50,504.597347
-7.223771,50,504.653581
-9.244049,50,504.704763
-19.341679,50,504.746483
-10.662873,50,504.78098
-11.556099,50,505.24984
-19.782358,50,505.294281
-19.07061,50,505.328599
-10.247277,50,505.368872
-9.344844,50,505.418374
-7.082947,50,505.455666
-8.61313,50,505.492988
-9.233985,50,505.530085
-15.23807,50,505.575258
-9.470323,50,505.639577
-5.694736,50,505.686343
-8.629724,50,505.744351
-12.157835,50,505.795762
-11.574683,50,505.857524
-16.39846,50,505.912346
-9.437991,50,505.969007
-13.344308,50,506.023679
-12.305314,50,506.07796
-15.427235,50,506.121683
-13.306336,50,506.169541
-9.25571,50,506.2139
-11.557449,50,506.265568
-7.683925,50,506.305568
-12.120189,50,506.342961
-9.486099,50,506.385772
-8.786917,50,506.422023
-13.396305,50,506.464649
-6.862499,50,506.496209
-9.490085,50,506.528959
-9.513266,50,506.582233
-8.116533,50,506.636802
-18.005905,50,506.693895
-15.139228,50,506.755223
-11.656048,50,506.81131
-9.827144,50,506.860743
-7.891248,50,506.918302
-8.743429,50,506.973411
-10.891589,50,507.025521
-13.872328,50,507.075698
-7.243936,50,507.132858
-12.208736,50,507.180388
-7.71296,50,507.650818
-13.418241,50,507.706741
-17.427358,50,507.761449
-13.413603,50,507.821569
-14.406439,50,507.875377
-18.517465,50,507.933108
-12.949933,50,507.994798
-16.691094,50,508.052374
-14.877762,50,508.107846
-9.04753,50,508.170276
-17.954849,50,508.228619
-8.213112,50,508.287203
-7.76678,50,508.343866
-9.372751,50,508.398859
-13.347565,50,508.442005
-12.780809,50,508.502958
-7.202294,50,508.539798
-16.495298,50,508.586399
-6.487849,50,508.629087
-10.678439,50,508.684892
-9.325301,50,508.744634
-14.228172,50,508.799462
-10.374952,50,508.854168
-16.826783,50,508.915069
-11.158904,50,508.97459
-14.181991,50,509.029387
-9.618793,50,509.07841
-10.235801,50,509.121454
-8.515661,50,509.161115
-6.60352,50,509.199508
-15.147537,50,509.237354
-9.217811,50,509.289224
-14.691596,50,509.337067
-17.783454,50,509.39051
-9.549314,50,509.432382
-9.05908,50,509.481547
-16.001107,50,509.527411
-9.358176,50,509.570681
-12.632758,50,509.62032
-8.592842,50,509.677433
-11.984425,50,510.152629
-10.286978,50,510.20998
-6.367375,50,510.259911
-17.064492,50,510.318934
-18.388796,50,510.3682
-6.714977,50,510.434777
-17.986765,50,510.493737
-7.386687,50,510.55075
-9.260828,50,510.613035
-18.117447,50,510.672028
-8.850056,50,510.736162
-8.178667,50,510.798396
-14.735771,50,510.854741
-12.845066,50,510.896894
-10.338589,50,510.956002
-16.161655,50,511.018572
-10.973949,50,511.081765
-16.886909,50,511.138174
-7.254912,50,511.193117
-11.960736,50,511.250211
-6.212686,50,511.304026
-13.047943,50,511.349134
-9.257797,50,511.398904
-16.515756,50,511.455606
-10.160274,50,511.503909
-8.401125,50,511.560323
-8.291162,50,511.593694
-17.394623,50,511.645413
-10.283157,50,511.691215
-11.217489,50,511.752015
-9.285738,50,511.80919
-5.856738,50,511.865262
-7.198388,50,511.905042
-17.323826,50,511.945262
-7.449629,50,511.988568
-8.110801,50,512.034749
-7.754787,50,512.082401
-11.425496,50,512.123865
-14.128558,50,512.178251
-14.292913,50,512.223673
-10.830392,50,512.266254
-12.618175,50,512.743617
-8.75034,50,512.803099
-16.467577,50,512.857625
-16.88837,50,512.911454
-10.268016,50,512.971596
-7.046759,50,513.038083
-15.643874,50,513.097842
-14.960861,50,513.153086
-8.803776,50,513.204861
-10.246162,50,513.250166
-14.834708,50,513.309175
-8.369286,50,513.364062
-14.232478,50,513.4202
-12.807707,50,513.470851
-12.219617,50,513.507951
-12.934226,50,513.547124
-18.815205,50,513.582248
-8.447988,50,513.62575
-7.870478,50,513.679171
-12.813312,50,513.732485
-13.904247,50,513.80076
-10.42052,50,513.855479
-9.53988,50,513.902783
-10.885164,50,513.955723
-7.275645,50,514.007218
-8.25695,50,514.05131
-8.994134,50,514.091309
-12.100669,50,514.129346
-11.997508,50,514.178401
-12.804674,50,514.224298
-16.385238,50,514.274711
-5.894882,50,514.315221
-15.126183,50,514.355263
-7.620733,50,514.393808
-12.481521,50,514.441466
-10.043998,50,514.499482
-10.359518,50,514.540753
-9.940743,50,514.57939
-11.901818,50,514.631528
-6.370532,50,514.679749
-7.959214,50,514.732556
-9.29295,50,515.18929
-11.593338,50,515.23553
-10.634789,50,515.279727
-9.096465,50,515.331445
-11.318667,50,515.37827
-10.637349,50,515.423403
-19.17221,50,515.468396
-11.00067,50,515.520194
-19.31567,50,515.571727
-10.382022,50,515.6315
-9.98285,50,515.686883
-6.342125,50,515.747742
-11.666587,50,515.803915
-9.361031,50,515.852957
-20.193433,50,515.899048
-13.568132,50,515.943925
-13.747277,50,516.001067
-11.598385,50,516.041372
-15.715092,50,516.077677
-11.337479,50,516.127647
-17.091477,50,516.181705
-7.639771,50,516.2387
-13.413655,50,516.282082
-11.666614,50,516.326145
-6.858985,50,516.36252
-10.757498,50,516.393956
-12.507884,50,516.432629
-10.971685,50,516.46574
-12.242008,50,516.500779
-13.794343,50,516.555628
-13.573219,50,516.607428
-14.196732,50,516.649507
-9.366478,50,516.706201
-13.469331,50,516.748842
-13.559346,50,516.803931
-14.090251,50,516.849503
-10.273191,50,516.883717
-6.836315,50,516.923532
-5.866487,50,516.967735
-16.189001,50,517.014131
-8.923246,50,517.063284
-8.027125,50,517.581017
-12.023589,50,517.631475
-14.980054,50,517.688089
-14.416286,50,517.739475
-9.065645,50,517.796785
-7.243785,50,517.857963
-14.194587,50,517.905514
-5.745471,50,517.951302
-10.014645,50,517.989328
-5.732262,50,518.049241
-19.631442,50,518.101076
-13.424068,50,518.145877
-15.850771,50,518.19135
-11.730706,50,518.240953
-7.971381,50,518.280272
-5.706107,50,518.339402
-15.813353,50,518.398793
-8.557711,50,518.451128
-10.210539,50,518.498243
-10.694147,50,518.55713
-10.736855,50,518.62394
-7.533015,50,518.690725
-15.39002,50,518.760193
-14.497264,50,518.826229
-9.834131,50,518.876802
-11.384154,50,518.934205
-9.334472,50,518.982104
-7.187955,50,519.036714
-15.044694,50,519.081445
-7.463314,50,519.127383
-8.128936,50,519.177559
-9.16767,50,519.225846
-11.327547,50,519.268217
-6.948311,50,519.319422
-8.869621,50,519.378221
-6.0371,50,519.434331
-13.485202,50,519.491394
-13.729974,50,519.549897
-13.034991,50,519.592911
-10.056486,50,519.642329
-12.401855,50,519.702167
-6.649732,50,520.180485
-10.142432,50,520.235799
-10.738969,50,520.290747
-15.808841,50,520.32509
-17.229712,50,520.361295
-8.345009,50,520.398228
-15.285547,50,520.441105
-11.390451,50,520.472826
-11.325548,50,520.521107
-9.46465,50,520.574813
-17.294554,50,520.633912
-16.169814,50,520.673131
-9.609095,50,520.704588
-9.447185,50,520.742244
-8.23562,50,520.790003
-6.647701,50,520.834748
-6.04901,50,520.88011
-9.535444,50,520.918011
-13.586846,50,520.963796
-9.265763,50,521.002985
-14.292686,50,521.039515
-11.637412,50,521.088511
-11.289848,50,521.12804
-10.000847,50,521.188475
-14.241312,50,521.247058
-9.361789,50,521.285871
-15.710494,50,521.322321
-13.204965,50,521.363432
-9.656008,50,521.412348
-11.140959,50,521.455593
-5.927781,50,521.51173
-6.245998,50,521.552264
-16.017881,50,521.606179
-10.352211,50,521.641577
-12.203489,50,521.675311
-18.479656,50,521.735633
-6.578941,50,521.784165
-17.144688,50,521.835912
-19.092295,50,521.873506
-6.726897,50,521.929016
-10.603198,50,521.962836
-10.60471,50,522.447689
-13.175352,50,522.500148
-17.732767,50,522.564109
-8.685503,50,522.615683
-9.87402,50,522.677675
-11.157498,50,522.729023
-16.757995,50,522.781362
-12.807829,50,522.825048
-14.028879,50,522.872685
-9.736657,50,522.911872
-9.920059,50,522.951992
-10.946035,50,522.990505
-12.783556,50,523.047427
-6.077142,50,523.085259
-10.211648,50,523.137942
-10.260232,50,523.190181
-8.655737,50,523.227843
-11.216208,50,523.279351
-5.014779,50,523.335691
-14.254765,50,523.393367
-8.118845,50,523.446439
-9.900954,50,523.503381
-11.03636,50,523.549926
-11.479217,50,523.599625
-9.715907,50,523.634764
-12.795365,50,523.687891
-7.540583,50,523.73669
-14.502664,50,523.791357
-9.926922,50,523.835795
-7.461041,50,523.879644
-8.158346,50,523.925227
-18.447603,50,523.972248
-10.597324,50,524.023127
-11.657869,50,524.07461
-9.236552,50,524.119151
-8.022499,50,524.174806
-14.099967,50,524.228554
-10.419047,50,524.281427
-13.007621,50,524.326614
-8.583582,50,524.364002
-16.821088,50,524.401819
-9.12569,50,524.859034
-10.694646,50,524.920535
-6.445848,50,524.977741
-10.659225,50,525.02164
-16.970647,50,525.07112
-13.175978,50,525.121386
-8.551638,50,525.153749
-19.084933,50,525.20363
-13.84925,50,525.240008
-15.485584,50,525.298249
-6.118719,50,525.360813
-8.267802,50,525.403346
-10.430188,50,525.451505
-9.744133,50,525.492162
-12.763419,50,525.537811
-6.838152,50,525.596437
-19.985906,50,525.64754
-16.517864,50,525.695004
-8.51538,50,525.729417
-11.201759,50,525.771771
-7.612887,50,525.820997
-14.56505,50,525.873737
-15.764047,50,525.912132
-13.122324,50,525.970577
-13.580261,50,526.021239
-8.251804,50,526.070076
-9.764484,50,526.108264
-15.371883,50,526.155775
-17.236044,50,526.191257
-9.483678,50,526.225347
-9.882691,50,526.259062
-16.205359,50,526.295045
-7.741294,50,526.354668
-5.67331,50,526.402287
-8.65466,50,526.456425
-8.201871,50,526.509965
-7.073304,50,526.562981
-5.266756,50,526.609368
-9.329673,50,526.650848
-7.783352,50,526.707167
-12.447387,50,526.755589
-9.820341,50,527.212427
-9.276598,50,527.279687
-15.935382,50,527.335868
-6.053038,50,527.393395
-12.282985,50,527.448111
-7.098373,50,527.484383
-19.733439,50,527.52038
-8.6881,50,527.559333
-8.272975,50,527.59588
-6.880647,50,527.631746
-7.990412,50,527.669754
-8.280468,50,527.704758
-7.490657,50,527.741401
-8.580152,50,527.778873
-16.037511,50,527.816769
-8.995217,50,527.85199
-9.001306,50,527.887376
-13.919533,50,527.926385
-11.415179,50,527.964175
-8.192687,50,528.014083
-11.403571,50,528.064301
-11.425023,50,528.110048
-9.5276,50,528.147029
-9.75309,50,528.181686
-15.168809,50,528.241368
-5.984696,50,528.293432
-8.219907,50,528.348761
-10.047939,50,528.398792
-10.999806,50,528.446057
-14.005692,50,528.497434
-11.370517,50,528.544769
-9.134832,50,528.592944
-8.66648,50,528.641996
-16.553814,50,528.679314
-8.714249,50,528.710679
-7.680671,50,528.747952
-11.120963,50,528.785418
-9.180226,50,528.834553
-10.675349,50,528.877386
-13.061709,50,528.917517
-12.599789,50,528.977881
-10.379025,50,529.439543
-11.020931,50,529.494378
-18.997557,50,529.557334
-15.765898,50,529.609055
-10.927472,50,529.653815
-19.846905,50,529.696826
-11.999722,50,529.730259
-15.857081,50,529.781779
-5.730729,50,529.83387
-9.078079,50,529.880843
-8.29535,50,529.927467
-9.206248,50,529.97165
-8.758607,50,530.016703
-15.26459,50,530.059498
-11.0414,50,530.114221
-16.087542,50,530.147372
-10.508457,50,530.196378
-8.099103,50,530.230979
-11.157593,50,530.290913
-13.877787,50,530.339338
-7.230975,50,530.380145
-7.898967,50,530.435046
-9.089664,50,530.493744
-12.867089,50,530.554917
-19.516503,50,530.612007
-10.433499,50,530.669267
-11.874195,50,530.71899
-7.345238,50,530.768676
-9.620965,50,530.80423
-12.351179,50,530.841168
-11.262154,50,530.879373
-6.686285,50,530.913801
-11.232384,50,530.950785
-19.538915,50,530.987555
-7.253132,50,531.027209
-9.353203,50,531.070819
-15.031493,50,531.114083
-14.630828,50,531.144135
-9.354136,50,531.174231
-6.174226,50,531.204688
-7.527695,50,531.238876
-13.041751,50,531.688747
-10.501198,50,531.753751
-8.884166,50,531.802797
-12.245628,50,531.845395
-7.537824,50,531.884346
-16.454806,50,531.925617
-14.953588,50,531.973912
-10.857699,50,532.016488
-13.70234,50,532.05117
-14.387856,50,532.090048
-14.016289,50,532.128527
-9.431416,50,532.1767
-10.972846,50,532.230323
-8.047186,50,532.265902
-14.106338,50,532.313792
-8.907703,50,532.356337
-13.644734,50,532.394331
-11.58422,50,532.451252
-9.197428,50,532.502831
-13.315459,50,532.54689
-10.019676,50,532.581684
-7.531978,50,532.624845
-16.467993,50,532.68139
-17.111958,50,532.715961
-15.082311,50,532.752787
-8.158814,50,532.818768
-7.010021,50,532.858688
-9.307164,50,532.893
-14.939537,50,532.929274
-5.482374,50,532.974903
-7.858642,50,533.018456
-18.828574,50,533.051418
-11.168094,50,533.084259
-6.681326,50,533.120728
-9.402599,50,533.168865
-7.669608,50,533.223044
-18.589425,50,533.274262
-11.757561,50,533.31163
-7.901902,50,533.360514
-7.326487,50,533.412835
-13.623883,50,533.455723
-11.850415,50,533.919703
-6.019818,50,533.980401
-17.016057,50,534.036737
-9.894868,50,534.08397
-6.486089,50,534.12237
-15.45538,50,534.162615
-9.450891,50,534.198874
-12.593595,50,534.231494
-9.064855,50,534.282533
-9.158275,50,534.323941
-7.416538,50,534.362071
-7.432031,50,534.415915
-14.007943,50,534.462598
-7.804128,50,534.504574
-15.405905,50,534.557695
-14.14841,50,534.5921
-13.272104,50,534.627519
-9.742603,50,534.667913
-14.34054,50,534.717065
-9.16488,50,534.754572
-4.720525,50,534.790374
-8.855808,50,534.849048
-11.431266,50,534.88739
-12.911215,50,534.926944
-18.549483,50,534.969333
-7.438456,50,535.0077
-11.997728,50,535.052141
-14.516067,50,535.083689
-9.567037,50,535.115769
-9.332173,50,535.160076
-12.44519,50,535.217129
-14.590037,50,535.268281
-10.087201,50,535.318959
-12.876889,50,535.368482
-6.102195,50,535.416141
-12.425818,50,535.451031
-12.485301,50,535.496176
-7.121904,50,535.540882
-14.16718,50,535.600388
-6.466953,50,535.654749
-8.419262,50,535.691645
-13.046357,50,536.162861
-13.702716,50,536.22509
-5.723341,50,536.28566
-8.041098,50,536.334261
-7.4753,50,536.388467
-9.328306,50,536.449233
-5.738295,50,536.508891
-18.153429,50,536.553035
-10.465046,50,536.616022
-8.986885,50,536.659539
-6.473483,50,536.714288
-10.120837,50,536.751698
-11.602392,50,536.803684
-13.587106,50,536.842625
-9.26839,50,536.896134
-8.875951,50,536.941444
-9.427972,50,536.982925
-8.438824,50,537.033524
-17.891751,50,537.08058
-9.437128,50,537.122508
-13.605198,50,537.174511
-15.449768,50,537.216161
-8.585119,50,537.249404
-8.31473,50,537.302004
-9.902267,50,537.34
-8.416109,50,537.383598
-12.334275,50,537.440932
-10.377356,50,537.489909
-11.281882,50,537.548083
-18.146451,50,537.589617
-14.949683,50,537.635024
-13.26492,50,537.677314
-14.296086,50,537.724173
-9.948864,50,537.764248
-10.760807,50,537.8061
-7.589414,50,537.851586
-6.41483,50,537.89725
-7.040969,50,537.940495
-11.003136,50,537.979625
-7.578603,50,538.012166
-16.385102,50,538.055884
-15.319663,50,538.531829
-15.139437,50,538.585104
-13.697714,50,538.629815
-11.743083,50,538.672159
-11.823623,50,538.723305
-7.864204,50,538.759942
-7.611383,50,538.805424
-8.472459,50,538.847259
-9.04717,50,538.890312
-7.26659,50,538.928593
-12.105211,50,538.973368
-19.50217,50,539.017016
-8.878842,50,539.051973
-7.998763,50,539.107753
-10.37541,50,539.15468
-6.510404,50,539.201066
-10.19804,50,539.246724
-5.971721,50,539.288636
-17.570726,50,539.334646
-11.842589,50,539.389523
-9.134212,50,539.441255
-9.266754,50,539.495143
-19.32035,50,539.548878
-4.993492,50,539.59451
-6.447161,50,539.649833
-18.621174,50,539.706748
-16.00863,50,539.74859
-8.731841,50,539.793498
-7.832483,50,539.840132
-9.202182,50,539.88691
-8.401568,50,539.92879
-9.966873,50,539.979553
-9.082746,50,540.01654
-8.516336,50,540.055447
-7.33295,50,540.112467
-10.787899,50,540.169479
-7.06944,50,540.224359
-8.276969,50,540.273382
-14.138762,50,540.32368
-12.79683,50,540.363809
-9.034876,50,540.415703
-12.629446,50,540.888998
-9.100728,50,540.946473
-8.657225,50,541.000048
-6.848924,50,541.056125
-8.331685,50,541.0945
-10.169063,50,541.13147
-18.737056,50,541.185306
-11.105594,50,541.233689
-13.835883,50,541.291732
-9.590986,50,541.341259
-11.91915,50,541.379648
-17.99485,50,541.429986
-15.571819,50,541.472054
-9.849752,50,541.505267
-17.679924,50,541.542814
-5.197559,50,541.583161
-7.492557,50,541.634715
-18.710186,50,541.6933
-8.650318,50,541.744101
-12.701882,50,541.80134
-15.109057,50,541.848845
-10.067644,50,541.898344
-12.298677,50,541.941278
-9.478135,50,541.976418
-12.889923,50,542.016554
-9.670804,50,542.064812
-10.444771,50,542.10345
-10.434676,50,542.151595
-15.321884,50,542.202824
-6.809995,50,542.263249
-11.799047,50,542.313528
-11.220021,50,542.368019
-8.050864,50,542.404925
-6.343125,50,542.458534
-10.160601,50,542.508572
-8.553212,50,542.549085
-11.655806,50,542.581543
-6.429275,50,542.61708
-15.963562,50,542.66319
-10.277231,50,542.705484
-13.661225,50,542.756746
-8.568614,50,543.22884
-9.671193,50,543.284406
-9.419431,50,543.34205
-9.383731,50,543.40222
-9.173746,50,543.453463
-13.961245,50,543.503998
-9.59384,50,543.558413
-8.489792,50,543.620962
-5.894625,50,543.676121
-8.324773,50,543.71749
-8.861574,50,543.765083
-16.709351,50,543.825748
-9.042436,50,543.876785
-13.712907,50,543.935754
-10.249376,50,543.978085
-6.893614,50,544.035352
-16.746946,50,544.0787
-14.770629,50,544.134743
-9.920091,50,544.186897
-8.329671,50,544.2461
-8.430041,50,544.305127
-9.058361,50,544.362314
-12.317312,50,544.423195
-13.642865,50,544.470116
-9.417185,50,544.506053
-7.935471,50,544.554033
-9.214182,50,544.588002
-16.363083,50,544.621505
-16.913623,50,544.665412
-14.270049,50,544.711147
-10.322631,50,544.765247
-15.656288,50,544.813212
-6.54281,50,544.852451
-7.17908,50,544.893582
-12.149901,50,544.949238
-7.511511,50,545.006927
-9.211164,50,545.063072
-14.733741,50,545.101814
-14.862454,50,545.139082
-11.470409,50,545.190564
-7.852182,50,545.247594
-8.371414,50,545.740682
-6.662395,50,545.798878
-13.15959,50,545.85655
-14.403844,50,545.911466
-17.614209,50,545.965013
-7.274125,50,546.027343
-15.580293,50,546.076947
-15.532224,50,546.121901
-9.656598,50,546.170751
-9.500767,50,546.226134
-12.798799,50,546.277124
-6.786059,50,546.336669
-10.871102,50,546.39428
-12.107719,50,546.452335
-6.429096,50,546.503975
-7.691498,50,546.562336
-8.54254,50,546.609159
-19.546342,50,546.664933
-7.889315,50,546.704841
-6.764634,50,546.755678
-9.751377,50,546.80441
-13.987311,50,546.848297
-7.796895,50,546.894179
-15.209475,50,546.949337
-9.276551,50,547.002208
-8.648775,50,547.056622
-9.4623,50,547.101638
-18.249143,50,547.141792
-16.750607,50,547.192189
-17.821378,50,547.246594
-7.294825,50,547.302258
-11.76199,50,547.358234
-8.989026,50,547.412536
-13.068246,50,547.47163
-8.12386,50,547.523031
-10.226301,50,547.580714
-15.106728,50,547.629025
-12.112861,50,547.663521
-7.888318,50,547.698163
-8.458517,50,547.738836
-8.706927,50,547.787044
-12.159803,50,548.26861
-9.968072,50,548.320134
-9.234508,50,548.379663
-10.181468,50,548.435866
-12.083153,50,548.490451
-15.946708,50,548.551078
-13.712281,50,548.613063
-6.807155,50,548.663538
-15.356255,50,548.725214
-11.100955,50,548.768402
-11.64377,50,548.805295
-12.913976,50,548.846549
-15.139781,50,548.88972
-15.295966,50,548.938192
-18.192919,50,548.971776
-11.913238,50,549.020962
-6.25821,50,549.069369
-11.246534,50,549.114534
-13.777339,50,549.162196
-17.449549,50,549.203643
-11.697623,50,549.255597
-8.199218,50,549.307557
-7.251795,50,549.362461
-11.093248,50,549.418046
-9.564895,50,549.478245
-11.027068,50,549.527246
-10.247547,50,549.56396
-15.937515,50,549.615838
-19.222183,50,549.672403
-9.554072,50,549.734114
-13.280257,50,549.777007
-6.2123,50,549.833166
-7.558876,50,549.880842
-9.605633,50,549.933995
-7.681075,50,549.972115
-12.846352,50,550.020143
-7.275793,50,550.079664
-7.629097,50,550.137374
-12.30094,50,550.201799
-9.105999,50,550.263295
-14.044257,50,550.324301
-7.223168,50,550.814952
-13.492549,50,550.852076
-14.600689,50,550.890173
-7.997424,50,550.924455
-13.62671,50,550.96091
-16.020199,50,551.014554
-9.878775,50,551.061884
-8.086388,50,551.118778
-14.754117,50,551.176534
-9.973449,50,551.240788
-18.659542,50,551.294472
-12.990311,50,551.355364
-8.143446,50,551.418581
-6.573836,50,551.459198
-16.452032,50,551.518366
-13.918555,50,551.567872
-7.521312,50,551.61256
-12.542057,50,551.679521
-9.737704,50,551.723376
-14.439143,50,551.770652
-5.392488,50,551.803699
-8.476833,50,551.844901
-8.815036,50,551.892033
-8.602458,50,551.942613
-10.380454,50,552.001264
-8.393113,50,552.043313
-6.103211,50,552.080199
-8.229789,50,552.121714
-15.660292,50,552.166424
-8.101197,50,552.199299
-15.591025,50,552.254616
-18.22977,50,552.31575
-10.256403,50,552.377075
-19.796693,50,552.432216
-9.934372,50,552.480726
-15.044748,50,552.530865
-17.186159,50,552.57677
-12.662225,50,552.615431
-10.008032,50,552.660591
-12.17764,50,552.698019
-11.829894,50,552.743585
-17.127411,50,553.211333
-14.327903,50,553.251802
-20.406714,50,553.302635
-7.870287,50,553.360177
-8.353652,50,553.413158
-17.287146,50,553.45746
-15.285807,50,553.490611
-8.656709,50,553.536677
-13.088351,50,553.583759
-8.776599,50,553.63553
-17.247467,50,553.676288
-15.706628,50,553.716502
-6.903291,50,553.757529
-6.033228,50,553.799958
-8.758862,50,553.840624
-15.599229,50,553.889724
-6.068715,50,553.941472
-9.623688,50,553.991843
-8.285775,50,554.042064
-8.31646,50,554.086611
-8.453597,50,554.12448
-15.655053,50,554.160688
-16.008316,50,554.192446
-8.573482,50,554.230731
-8.016695,50,554.275671
-8.158706,50,554.327383
-11.646687,50,554.385876
-7.264621,50,554.440738
-6.76601,50,554.502284
-10.380268,50,554.560797
-9.985396,50,554.614008
-14.642582,50,554.676648
-19.749853,50,554.735482
-14.226292,50,554.795956
-11.860161,50,554.847715
-17.958638,50,554.906501
-16.543544,50,554.9605
-17.310584,50,555.017004
-13.485796,50,555.070018
-8.078749,50,555.107874
-16.39979,50,555.14252
-8.16286,50,555.623154
-17.042754,50,555.681408
-13.277695,50,555.732471
-16.56763,50,555.791184
-14.563273,50,555.843731
-4.795048,50,555.908063
-6.59787,50,555.963974
-13.812518,50,556.02144
-18.338992,50,556.077991
-9.609411,50,556.121292
-17.96478,50,556.164318
-13.180246,50,556.202933
-13.0222,50,556.244598
-10.788262,50,556.28199
-14.131161,50,556.337927
-12.024167,50,556.379895
-20.240164,50,556.426194
-8.269122,50,556.484299
-8.900623,50,556.527909
-15.860779,50,556.565025
-18.789174,50,556.621836
-7.782506,50,556.678378
-7.141335,50,556.738987
-15.275229,50,556.793566
-15.093859,50,556.851138
-11.321074,50,556.90509
-10.287814,50,556.946199
-18.66646,50,556.994917
-6.354899,50,557.053222
-15.52744,50,557.095871
-8.866722,50,557.16015
-8.066162,50,557.213869
-15.360118,50,557.252444
-5.649142,50,557.306062
-8.142126,50,557.35126
-16.108472,50,557.409119
-11.903271,50,557.458345
-8.010695,50,557.515861
-12.910005,50,557.5638
-8.091379,50,557.614711
-7.159839,50,557.673572
-15.415308,50,558.156276
-8.670347,50,558.213646
-19.500834,50,558.271722
-10.046787,50,558.327622
-6.934922,50,558.372918
-8.622939,50,558.435124
-10.055803,50,558.481798
-14.992548,50,558.529304
-9.161,50,558.578078
-8.346509,50,558.63673
-13.834329,50,558.699079
-11.3783,50,558.754586
-9.144822,50,558.811405
-13.67676,50,558.866653
-6.504707,50,558.923955
-16.297932,50,558.979836
-6.020917,50,559.03994
-9.339294,50,559.099306
-7.23757,50,559.155237
-7.135194,50,559.210649
-10.208206,50,559.258267
-9.389237,50,559.299428
-9.063475,50,559.351081
-8.613308,50,559.393903
-12.338123,50,559.443686
-9.610061,50,559.49644
-8.091368,50,559.551477
-12.711653,50,559.603124
-9.092484,50,559.665435
-11.674575,50,559.71811
-12.037613,50,559.775861
-17.176815,50,559.833001
-8.606176,50,559.889071
-6.907275,50,559.948779
-8.772489,50,560.004929
-9.440394,50,560.062761
-12.753265,50,560.117297
-12.802558,50,560.173299
-6.178159,50,560.213458
-5.102863,50,560.259142
-7.499492,50,560.311013
-17.284957,50,560.808655
-9.270271,50,560.861252
-6.049967,50,560.919008
-6.101276,50,560.972392
-8.289595,50,561.033235
-17.741393,50,561.083513
-10.564731,50,561.142411
-11.824827,50,561.193472
-12.366786,50,561.256793
-5.388091,50,561.31261
-10.245794,50,561.368733
-11.840155,50,561.425013
-8.0075,50,561.482809
-9.757615,50,561.530914
-15.514481,50,561.564265
-9.955042,50,561.619208
-12.82157,50,561.655722
-10.464643,50,561.715291
-19.035505,50,561.755769
-8.83511,50,561.813292
-17.227459,50,561.877627
-10.635814,50,561.932712
-7.992154,50,561.989447
-16.768378,50,562.050381
-8.445617,50,562.105599
-7.279314,50,562.161876
-8.492877,50,562.2202
-6.728927,50,562.273074
-18.264704,50,562.336364
-18.713258,50,562.381855
-6.982257,50,562.416243
-4.810747,50,562.465475
-5.74912,50,562.500792
-6.707377,50,562.542756
-16.854606,50,562.590454
-19.879817,50,562.634936
-13.908355,50,562.680383
-7.934227,50,562.739404
-12.038365,50,562.798772
-8.841392,50,562.852447
-12.63272,50,562.911471
-8.662273,50,563.371995
-17.640249,50,563.432547
-17.243103,50,563.494625
-8.558868,50,563.555545
-7.661689,50,563.607876
-14.302981,50,563.652736
-7.206877,50,563.714624
-18.439599,50,563.752597
-13.707568,50,563.809912
-16.014359,50,563.865008
-10.757681,50,563.92672
-7.825991,50,563.977602
-15.454752,50,564.039122
-6.817356,50,564.094066
-14.03874,50,564.153801
-8.412606,50,564.210488
-9.315562,50,564.266173
-13.541737,50,564.306511
-7.520987,50,564.341912
-15.748011,50,564.393673
-10.559927,50,564.434381
-11.133869,50,564.49349
-12.548286,50,564.533988
-12.903826,50,564.578945
-7.750388,50,564.637802
-15.812847,50,564.681858
-9.672682,50,564.735754
-12.529743,50,564.796497
-12.295276,50,564.848202
-7.867873,50,564.906441
-7.72436,50,564.960128
-7.653972,50,565.01703
-9.126862,50,565.072527
-17.550531,50,565.125247
-7.770029,50,565.169569
-9.405625,50,565.211866
-9.620182,50,565.250031
-8.670851,50,565.28586
-9.132305,50,565.325723
-12.812852,50,565.371893
-15.886652,50,565.419348
-9.811688,50,565.878421
-8.667496,50,565.938477
-16.899146,50,565.995533
-16.233065,50,566.049791
-17.377889,50,566.104524
-7.071276,50,566.162174
-8.238202,50,566.217092
-15.442992,50,566.268803
-15.795852,50,566.327008
-13.906689,50,566.372206
-14.05298,50,566.426668
-9.795771,50,566.476455
-8.502316,50,566.521604
-10.997312,50,566.5748
-9.283912,50,566.610255
-13.488651,50,566.663056
-5.37656,50,566.723112
-7.843641,50,566.760365
-6.141833,50,566.827783
-10.048561,50,566.88103
-10.205541,50,566.939602
-12.183416,50,566.996134
-10.646001,50,567.059051
-19.260633,50,567.123522
-9.181319,50,567.180978
-19.486358,50,567.244713
-15.320538,50,567.302347
-16.836943,50,567.358266
-11.444492,50,567.419126
-11.325297,50,567.477894
-14.080032,50,567.521275
-16.623374,50,567.569161
-17.189364,50,567.606699
-9.036252,50,567.652228
-17.691555,50,567.70841
-13.777096,50,567.765266
-9.372863,50,567.803566
-6.551947,50,567.846795
-9.584706,50,567.88761
-14.26072,50,567.950275
-7.848511,50,568.004962
-7.346238,50,568.475089
-9.943374,50,568.529639
-5.86544,50,568.572162
-8.658974,50,568.629137
-9.616155,50,568.675588
-7.381207,50,568.731619
-16.839492,50,568.793529
-10.632443,50,568.844384
-6.971826,50,568.901663
-12.29015,50,568.959024
-17.988324,50,569.015821
-13.52975,50,569.076675
-10.400989,50,569.133808
-8.57755,50,569.187094
-17.526113,50,569.248568
-7.475499,50,569.300545
-16.461654,50,569.360775
-9.934983,50,569.421069
-16.852241,50,569.471457
-8.358947,50,569.517454
-13.323394,50,569.556607
-18.01408,50,569.617606
-10.450141,50,569.669419
-7.684575,50,569.71457
-14.004331,50,569.750659
-9.904301,50,569.78294
-11.295712,50,569.840963
-11.364432,50,569.893124
-7.534404,50,569.952842
-11.343723,50,570.000793
-6.471424,50,570.060493
-8.142994,50,570.126398
-7.894156,50,570.193166
-9.440508,50,570.25469
-9.274707,50,570.32074
-15.080745,50,570.376088
-5.716269,50,570.429123
-13.459139,50,570.483178
-19.395868,50,570.541641
-19.891313,50,570.597492
-6.645446,50,571.138311
-14.725354,50,571.203333
-12.659631,50,571.262204
-18.079763,50,571.317211
-8.569458,50,571.371766
-13.905727,50,571.439758
-10.517527,50,571.504027
-18.139195,50,571.555776
-15.053699,50,571.605544
-12.529285,50,571.64813
-16.743648,50,571.700571
-15.325236,50,571.754994
-9.825037,50,571.790438
-11.493542,50,571.839674
-17.21642,50,571.894041
-8.922763,50,571.948471
-11.813779,50,572.002931
-11.064327,50,572.043089
-17.653862,50,572.094777
-15.615905,50,572.155319
-9.035727,50,572.226467
-9.644267,50,572.28808
-10.785591,50,572.352694
-6.695856,50,572.410858
-11.41699,50,572.472154
-7.223993,50,572.524319
-11.582713,50,572.577346
-7.939127,50,572.632297
-11.814246,50,572.6955
-7.787188,50,572.748094
-13.949964,50,572.802549
-7.384513,50,572.858368
-8.051663,50,572.90755
-11.186803,50,572.951496
-9.7112,50,573.007831
-10.909018,50,573.055038
-11.025675,50,573.114262
-9.067604,50,573.159575
-8.27178,50,573.216331
-13.409753,50,573.276312
-9.119858,50,573.335554
-7.439915,50,573.855115
-15.931396,50,573.915066
-8.59164,50,573.971538
-12.355563,50,574.027252
-14.459571,50,574.079036
-16.230798,50,574.127592
-8.57851,50,574.178805
-10.144003,50,574.236985
-11.963111,50,574.306921
-9.962123,50,574.370588
-14.21619,50,574.431787
-13.219926,50,574.492324
-11.477634,50,574.556216
-5.472703,50,574.617063
-18.480372,50,574.679976
-19.653147,50,574.737747
-15.934979,50,574.789215
-17.03931,50,574.852453
-11.838231,50,574.911227
-12.956642,50,574.948695
-8.952117,50,574.999565
-8.020471,50,575.04793
-7.361835,50,575.102549
-9.145621,50,575.15627
-13.519133,50,575.213402
-15.396527,50,575.266006
-15.253743,50,575.313618
-6.821025,50,575.361082
-12.225008,50,575.411317
-11.666973,50,575.457561
-12.492695,50,575.50984
-7.409787,50,575.569587
-19.62472,50,575.616401
-9.626185,50,575.660367
-12.46329,50,575.719472
-12.408454,50,575.778627
-7.427051,50,575.833769
-10.041828,50,575.87537
-19.002163,50,575.923182
-11.894809,50,575.965276
-20.304895,50,576.007807
-4.899187,50,576.502684
-5.126866,50,576.567776
-10.375459,50,576.627423
-15.283279,50,576.683594
-19.708446,50,576.73441
-6.491662,50,576.77645
-12.766819,50,576.835521
-6.468123,50,576.877902
-11.20853,50,576.92048
-15.282893,50,576.964818
-4.48943,50,577.022066
-17.362767,50,577.061429
-10.031822,50,577.113336
-7.846974,50,577.166508
-18.568815,50,577.216763
-10.151679,50,577.271891
-9.055748,50,577.317046
-18.105358,50,577.367722
-8.579521,50,577.414057
-10.141546,50,577.457988
-13.506129,50,577.507145
-8.54998,50,577.562489
-17.302485,50,577.619386
-10.844944,50,577.676602
-19.403805,50,577.726999
-7.509517,50,577.778065
-13.583217,50,577.825233
-15.138564,50,577.872328
-13.999456,50,577.927072
-11.675397,50,577.975338
-9.681327,50,578.03738
-7.204919,50,578.091334
-16.656512,50,578.143485
-11.332921,50,578.176118
-9.347603,50,578.217161
-8.030044,50,578.274049
-9.002019,50,578.321227
-8.081111,50,578.370274
-17.847063,50,578.423328
-10.426561,50,578.459552
-5.261518,50,578.49702
-12.751038,50,579.023429
-12.160653,50,579.07675
-6.871335,50,579.122581
-9.843677,50,579.172719
-16.225401,50,579.229954
-9.449713,50,579.29306
-14.299535,50,579.354218
-11.492842,50,579.405852
-5.217467,50,579.449485
-15.778858,50,579.510603
-8.314328,50,579.563744
-12.80797,50,579.618245
-5.711179,50,579.661172
-13.006768,50,579.69925
-9.43552,50,579.750795
-8.701824,50,579.804073
-7.284122,50,579.84658
-9.595461,50,579.895415
-15.523139,50,579.953205
-9.721891,50,580.01127
-9.211735,50,580.06939
-8.877925,50,580.139835
-8.567836,50,580.184877
-8.729842,50,580.221715
-12.09651,50,580.274038
-8.469548,50,580.323161
-4.872615,50,580.377408
-8.967874,50,580.421744
-13.403956,50,580.457144
-12.456853,50,580.495272
-12.24325,50,580.538246
-10.36736,50,580.582627
-5.90097,50,580.648601
-12.086832,50,580.705983
-8.518465,50,580.761912
-12.950176,50,580.811525
-9.098247,50,580.869876
-17.420905,50,580.921096
-12.365106,50,580.969931
-19.694766,50,581.01455
-19.66928,50,581.049678
-18.293946,50,581.547543
-11.327607,50,581.597234
-12.915613,50,581.659446
-10.06122,50,581.720319
-18.762905,50,581.787367
-7.179847,50,581.843756
-17.944596,50,581.904625
-9.567796,50,581.954542
-6.01535,50,582.008712
-8.717229,50,582.050272
-15.995513,50,582.096569
-15.617098,50,582.130015
-7.589957,50,582.175511
-9.185554,50,582.233996
-14.129786,50,582.284844
-9.831295,50,582.352679
-11.040101,50,582.407385
-13.559997,50,582.468873
-9.703516,50,582.513599
-8.944924,50,582.57559
-10.053626,50,582.636992
-17.151502,50,582.697899
-15.475406,50,582.756416
-8.429057,50,582.806061
-9.293291,50,582.867317
-12.937294,50,582.920493
-5.663312,50,582.976329
-15.326504,50,583.020347
-7.976047,50,583.071201
-11.931981,50,583.117097
-18.891127,50,583.152895
-15.083779,50,583.188292
-8.789811,50,583.228336
-10.250157,50,583.276113
-5.682108,50,583.336592
-16.571372,50,583.384192
-17.170001,50,583.442899
-18.308991,50,583.478398
-17.854528,50,583.523439
-17.23239,50,583.580755
-7.787406,50,583.634715
-15.9269,50,584.136494
-11.461641,50,584.187196
-6.768901,50,584.229712
-12.519514,50,584.275127
-6.069139,50,584.325678
-10.355184,50,584.374348
-15.514558,50,584.416038
-7.441102,50,584.464413
-19.745409,50,584.512646
-9.416406,50,584.568651
-17.557904,50,584.623266
-18.46419,50,584.676184
-7.95053,50,584.736026
-9.976143,50,584.784479
-8.655627,50,584.834978
-9.64957,50,584.877921
-13.215937,50,584.934675
-16.02505,50,584.977962
-8.568974,50,585.043345
-13.44466,50,585.088771
-14.903615,50,585.140206
-9.050617,50,585.186821
-19.703215,50,585.231805
-13.110943,50,585.280287
-16.265009,50,585.326628
-16.21124,50,585.377058
-12.378278,50,585.433776
-14.852331,50,585.479881
-7.457504,50,585.527506
-8.488654,50,585.573547
-7.514886,50,585.633739
-5.913671,50,585.69517
-15.270505,50,585.750654
-16.791065,50,585.792412
-7.958584,50,585.831476
-10.98977,50,585.868093
-14.561495,50,585.917012
-7.754159,50,585.974008
-6.955366,50,586.024163
-9.375753,50,586.079211
-16.649641,50,586.111439
-11.059434,50,586.568223
-8.22212,50,586.62963
-10.665228,50,586.677085
-13.260486,50,586.719851
-5.781816,50,586.774076
-6.277643,50,586.815403
-13.826446,50,586.871142
-5.97549,50,586.91766
-8.19673,50,586.963854
-11.758157,50,587.006793
-16.405315,50,587.052121
-16.263784,50,587.110991
-9.022855,50,587.151695
-12.031795,50,587.207221
-12.551135,50,587.252126
-8.93335,50,587.297678
-13.399624,50,587.343078
-8.917651,50,587.387775
-10.693444,50,587.432428
-7.906855,50,587.479124
-17.058825,50,587.517549
-16.955652,50,587.566034
-9.114873,50,587.623976
-19.44477,50,587.68186
-17.197426,50,587.74017
-8.107506,50,587.791529
-13.07333,50,587.837444
-9.067017,50,587.894627
-15.335765,50,587.947278
-19.822835,50,587.982952
-15.862565,50,588.030045
-12.271394,50,588.065913
-13.052038,50,588.097823
-17.004574,50,588.131848
-17.094484,50,588.171576
-14.46336,50,588.228417
-6.684288,50,588.264174
-7.926371,50,588.304568
-9.868394,50,588.341023
-15.390753,50,588.392751
-13.102241,50,588.446537
-5.832469,50,588.933099
-17.330146,50,588.993629
-7.847998,50,589.048687
-13.385006,50,589.104854
-6.483607,50,589.166058
-12.717863,50,589.220942
-11.555646,50,589.278076
-6.331795,50,589.331364
-8.490835,50,589.388855
-11.702319,50,589.428648
-18.055824,50,589.483767
-11.99617,50,589.528801
-18.134286,50,589.576445
-7.953261,50,589.624619
-8.377847,50,589.673555
-7.51571,50,589.717384
-17.148507,50,589.755741
-6.875857,50,589.80434
-9.207972,50,589.857857
-5.909186,50,589.907546
-9.861098,50,589.964445
-12.46805,50,590.017781
-9.374153,50,590.076451
-8.790484,50,590.130746
-13.40169,50,590.181116
-17.704128,50,590.238537
-10.013144,50,590.295012
-15.558993,50,590.351265
-13.577009,50,590.396559
-13.600878,50,590.444636
-12.791667,50,590.481389
-11.598109,50,590.535472
-8.438601,50,590.598641
-16.468623,50,590.642225
-19.874416,50,590.685782
-8.248564,50,590.731295
-6.614534,50,590.786306
-7.409845,50,590.837039
-12.471976,50,590.893306
-7.024892,50,590.94968
-8.335593,50,591.00112
-9.688242,50,591.501979
-15.129794,50,591.556022
-7.722836,50,591.598107
-7.094956,50,591.647938
-7.695145,50,591.692506
-16.347934,50,591.735637
-5.762928,50,591.785037
-16.044324,50,591.837204
-12.577154,50,591.87604
-11.035665,50,591.923276
-7.650401,50,591.986522
-17.850332,50,592.042232
-8.949632,50,592.103116
-13.105053,50,592.158869
-15.292078,50,592.220854
-8.640097,50,592.268626
-14.460379,50,592.315974
-7.478095,50,592.369049
-15.961383,50,592.419703
-7.053483,50,592.473013
-8.670968,50,592.525624
-6.70357,50,592.572112
-9.721044,50,592.609182
-8.925039,50,592.663466
-12.204335,50,592.713271
-15.358913,50,592.772266
-15.840929,50,592.826756
-10.513517,50,592.867604
-8.663185,50,592.902643
-9.678194,50,592.9621
-14.205875,50,593.017929
-6.478937,50,593.075758
-6.761462,50,593.124097
-15.344819,50,593.177125
-15.394575,50,593.22943
-14.189846,50,593.285065
-5.850548,50,593.32848
-13.629142,50,593.384551
-14.533431,50,593.441473
-11.955122,50,593.490769
-11.546475,50,593.542274
-11.715882,50,594.044394
-7.215703,50,594.101698
-7.115514,50,594.155843
-7.374819,50,594.213242
-12.509792,50,594.26569
-13.123799,50,594.319019
-16.678511,50,594.368254
-12.202083,50,594.421309
-6.214867,50,594.470609
-12.529442,50,594.518301
-17.758842,50,594.57077
-14.887595,50,594.615455
-14.860569,50,594.669883
-9.996936,50,594.715044
-6.325704,50,594.761874
-15.736748,50,594.810769
-15.072367,50,594.869317
-12.620493,50,594.909785
-14.726303,50,594.958571
-17.723565,50,595.011626
-6.989207,50,595.0685
-15.538855,50,595.129747
-14.925489,50,595.190668
-7.679385,50,595.248462
-8.011927,50,595.308437
-5.110704,50,595.366014
-6.920855,50,595.425279
-11.394182,50,595.482834
-9.860602,50,595.537054
-9.855587,50,595.599259
-17.723359,50,595.65487
-7.502045,50,595.71608
-8.091439,50,595.769251
-10.307075,50,595.825096
-11.764724,50,595.878071
-15.549705,50,595.935519
-14.897367,50,595.986913
-9.186521,50,596.050973
-8.515287,50,596.111768
-12.154958,50,596.172795
-7.049459,50,596.228365
-6.467369,50,596.740763
-10.870223,50,596.804295
-6.801206,50,596.861407
-7.574843,50,596.914464
-17.840138,50,596.969816
-9.613879,50,597.021797
-16.246876,50,597.079174
-9.221061,50,597.134275
-14.55192,50,597.199823
-15.73699,50,597.259657
-5.296877,50,597.319215
-14.8729,50,597.371783
-15.331256,50,597.423198
-10.542479,50,597.478122
-13.020621,50,597.532494
-9.182683,50,597.593086
-8.36246,50,597.637423
-18.241337,50,597.689845
-9.298536,50,597.754433
-14.372885,50,597.801219
-16.660105,50,597.842285
-8.571007,50,597.908642
-14.304724,50,597.96211
-9.021306,50,598.011378
-16.755379,50,598.063981
-9.651127,50,598.132426
-8.366506,50,598.181012
-8.467121,50,598.235372
-14.049636,50,598.28792
-7.283452,50,598.332588
-16.020486,50,598.379303
-4.671795,50,598.434779
-17.057351,50,598.493485
-5.125613,50,598.543136
-5.356115,50,598.596998
-8.850432,50,598.657386
-10.125529,50,598.712998
-18.331743,50,598.752735
-13.694667,50,598.806952
-8.42954,50,598.860538
-8.596593,50,598.90646
-8.239896,50,599.404165
-10.538557,50,599.462371
-15.512035,50,599.523062
-16.389578,50,599.586475
-6.514779,50,599.644913
-19.17902,50,599.708912
-7.160797,50,599.764025
-11.769331,50,599.827523
-12.039663,50,599.878392
-17.700322,50,599.936495
-13.813718,50,599.980229
-7.846422,50,600.036668
-8.61571,50,600.08875
-6.855752,50,600.141228
-10.67046,50,600.190715
-7.644909,50,600.247276
-4.866203,50,600.30341
-8.961135,50,600.34315
-14.797248,50,600.379852
-4.86652,50,600.435952
-4.922285,50,600.48077
-11.056594,50,600.532496
-12.783204,50,600.583441
-5.39716,50,600.645809
-12.612397,50,600.695041
-8.2201,50,600.752589
-11.300303,50,600.805435
-19.834367,50,600.875121
-8.261702,50,600.928935
-5.312483,50,600.978498
-12.001309,50,601.029378
-9.597359,50,601.075691
-13.203559,50,601.135648
-17.647233,50,601.182379
-17.412598,50,601.230374
-11.770575,50,601.26772
-7.218348,50,601.31476
-12.568218,50,601.363234
-7.89654,50,601.426727
-8.205617,50,601.478181
-8.106041,50,601.531372
-9.584893,50,602.005668
-17.252137,50,602.044309
-17.792578,50,602.091691
-16.886926,50,602.133721
-9.86029,50,602.182165
-8.409537,50,602.24001
-18.262813,50,602.281715
-9.474117,50,602.338964
-11.742705,50,602.398464
-6.861288,50,602.450938
-18.355204,50,602.505982
-6.682505,50,602.551222
-15.584105,50,602.601095
-16.542391,50,602.64504
-8.714353,50,602.688053
-10.73513,50,602.742761
-8.726982,50,602.79874
-7.856673,50,602.851924
-15.23081,50,602.883558
-16.448908,50,602.91908
-6.653596,50,602.95764
-9.176346,50,603.006374
-12.092438,50,603.055988
-11.872693,50,603.103225
-9.768502,50,603.149104
-12.408888,50,603.215919
-19.377967,50,603.269692
-8.152394,50,603.31238
-7.029672,50,603.370997
-19.115683,50,603.427833
-9.240255,50,603.480828
-14.521809,50,603.536449
-6.474969,50,603.589543
-11.158104,50,603.643487
-16.329098,50,603.688621
-9.047239,50,603.731287
-9.601873,50,603.783136
-16.329895,50,603.834768
-18.588746,50,603.870063
-16.78581,50,603.905978
-13.762143,50,603.954333
-11.1186,50,604.425572
-14.839875,50,604.482891
-15.86068,50,604.539241
-7.919992,50,604.601915
-8.983866,50,604.661972
-11.072286,50,604.69972
-16.735408,50,604.757596
-12.942482,50,604.807052
-9.575506,50,604.864337
-9.147028,50,604.915652
-13.482129,50,604.958902
-7.784739,50,605.01721
-12.817692,50,605.067708
-5.905819,50,605.12009
-8.452449,50,605.162747
-6.576342,50,605.216552
-8.975535,50,605.275814
-8.555153,50,605.315311
-11.257493,50,605.361179
-15.839532,50,605.42167
-13.887375,50,605.470402
-7.053067,50,605.53102
-16.768524,50,605.589763
-11.552804,50,605.647796
-12.810778,50,605.703753
-7.795043,50,605.768037
-10.372754,50,605.806055
-7.642318,50,605.845035
-13.579623,50,605.896796
-16.807833,50,605.933377
-13.690377,50,605.965868
-10.117041,50,605.999801
-5.628182,50,606.058237
-6.414463,50,606.113024
-6.688784,50,606.171126
-6.623417,50,606.215832
-7.952414,50,606.254411
-16.503465,50,606.289742
-6.50767,50,606.322465
-8.834764,50,606.363798
-8.080742,50,606.421749
-12.905957,50,606.891994
-8.351411,50,606.95233
-5.341312,50,607.01185
-12.71632,50,607.070639
-8.289153,50,607.134307
-13.881579,50,607.188803
-17.316424,50,607.248592
-14.251936,50,607.29774
-7.874558,50,607.353423
-7.842217,50,607.414865
-11.256145,50,607.477011
-8.821989,50,607.542893
-10.726764,50,607.594687
-14.298054,50,607.659166
-10.811762,50,607.72027
-16.241036,50,607.785722
-17.466969,50,607.838936
-4.639546,50,607.899
-16.670804,50,607.962813
-5.396445,50,608.027989
-17.598005,50,608.095664
-17.426013,50,608.162407
-15.20922,50,608.224772
-12.338801,50,608.2859
-9.931001,50,608.342525
-11.819347,50,608.402093
-10.95942,50,608.457934
-6.054827,50,608.52685
-14.716539,50,608.593229
-9.53411,50,608.651949
-6.719101,50,608.702102
-10.623616,50,608.756411
-10.720245,50,608.815345
-16.837387,50,608.855204
-16.787529,50,608.901785
-17.851734,50,608.954835
-7.17152,50,609.006312
-11.206754,50,609.062518
-9.752029,50,609.116487
-7.23107,50,609.184063
-14.058937,50,609.248041
-9.835311,50,609.750898
-13.857204,50,609.804681
-6.428878,50,609.850296
-10.731153,50,609.907154
-13.367224,50,609.953212
-8.439721,50,610.006407
-16.907173,50,610.065223
-10.409337,50,610.124494
-6.392971,50,610.185143
-7.881855,50,610.237877
-7.313887,50,610.271947
-17.964045,50,610.332358
-13.238693,50,610.386453
-14.098619,50,610.446885
-10.880358,50,610.511677
-16.677376,50,610.559796
-6.459549,50,610.593978
-15.3455,50,610.64474
-11.37012,50,610.705901
-9.912354,50,610.767476
-8.282317,50,610.829414
-6.490876,50,610.876686
-10.58896,50,610.925958
-15.805659,50,610.971439
-18.496024,50,611.014123
-11.297752,50,611.055467
-11.286769,50,611.093164
-5.528384,50,611.135857
-5.259677,50,611.180352
-9.299326,50,611.224509
-9.010671,50,611.262499
-7.306704,50,611.324276
-8.584822,50,611.376095
-7.172044,50,611.430863
-13.975543,50,611.485892
-12.646266,50,611.533979
-15.473035,50,611.571026
-15.654436,50,611.607427
-18.582099,50,611.649265
-7.72099,50,611.69811
-10.064584,50,611.752499
-15.403553,50,612.237623
-6.443587,50,612.293339
-8.864453,50,612.348681
-15.763784,50,612.404293
-8.119148,50,612.454843
-9.703501,50,612.506043
-13.166103,50,612.552365
-9.330377,50,612.593615
-6.482876,50,612.646782
-10.82025,50,612.695982
-7.841784,50,612.739485
-13.914334,50,612.789461
-16.080106,50,612.844169
-8.14905,50,612.895288
-12.888386,50,612.954862
-7.749145,50,613.001021
-7.122894,50,613.058358
-16.714837,50,613.117706
-7.043988,50,613.15404
-10.675422,50,613.217803
-12.145402,50,613.269908
-8.602089,50,613.315583
-15.638774,50,613.35321
-14.19999,50,613.404471
-9.12465,50,613.457703
-11.542187,50,613.500947
-17.435922,50,613.542568
-12.763562,50,613.59406
-17.382071,50,613.641607
-8.625237,50,613.695241
-7.981803,50,613.748085
-14.845606,50,613.790884
-10.886769,50,613.835945
-10.073422,50,613.881404
-7.872784,50,613.920331
-11.961839,50,613.965202
-16.308343,50,614.018891
-8.288219,50,614.065783
-12.032588,50,614.106715
-7.893826,50,614.152702
-16.218557,50,614.194782
-17.793624,50,614.65314
-11.91625,50,614.709834
-7.31828,50,614.750214
-9.042022,50,614.811046
-18.317855,50,614.855251
-12.978703,50,614.916533
-9.307672,50,614.976849
-5.290175,50,615.031232
-4.99964,50,615.090031
-17.1009,50,615.147695
-5.577604,50,615.209174
-4.910127,50,615.251425
-6.759174,50,615.283186
-14.857411,50,615.326031
-8.024236,50,615.369178
-6.314623,50,615.427277
-11.971462,50,615.465733
-12.13313,50,615.512155
-10.649008,50,615.562169
-11.419714,50,615.618493
-17.319848,50,615.669409
-10.330386,50,615.721968
-7.352398,50,615.773594
-5.180381,50,615.829487
-12.061615,50,615.885842
-6.308522,50,615.941942
-8.923347,50,616.005897
-11.024244,50,616.063071
-11.046771,50,616.105523
-12.82918,50,616.154101
-13.211966,50,616.21769
-11.600768,50,616.269876
-9.124643,50,616.313042
-5.755398,50,616.360204
-16.380788,50,616.403398
-11.292211,50,616.454107
-12.035152,50,616.506129
-8.345426,50,616.556339
-16.088184,50,616.61074
-6.741189,50,616.674107
-14.869466,50,616.70938
-18.259777,50,617.174596
-10.038632,50,617.231364
-14.563948,50,617.291991
-6.956548,50,617.348165
-4.651572,50,617.402987
-9.092486,50,617.453777
-13.499727,50,617.490437
-13.224996,50,617.53214
-10.536268,50,617.57185
-13.86463,50,617.620277
-9.193,50,617.655853
-10.517596,50,617.720426
-11.416302,50,617.777531
-8.550589,50,617.819791
-15.422197,50,617.858622
-6.053503,50,617.907699
-8.511697,50,617.968053
-6.156027,50,618.009284
-17.778939,50,618.064556
-9.735461,50,618.106941
-17.449146,50,618.169591
-6.854102,50,618.2359
-16.66732,50,618.294771
-10.866426,50,618.358956
-18.263821,50,618.411848
-13.114488,50,618.462538
-16.319015,50,618.523723
-10.283072,50,618.568247
-16.388554,50,618.600977
-7.111048,50,618.648342
-14.982388,50,618.70175
-7.207015,50,618.753555
-12.351304,50,618.800651
-8.418234,50,618.860696
-9.41293,50,618.899977
-13.125379,50,618.962045
-14.873372,50,619.014596
-16.024323,50,619.074091
-5.763538,50,619.129667
-6.660346,50,619.17948
-19.614882,50,619.237589
-14.879797,50,619.735697
-9.337476,50,619.792708
-7.401111,50,619.850404
-14.761012,50,619.904695
-16.213935,50,619.954464
-14.069789,50,620.01458
-6.961381,50,620.049273
-6.588588,50,620.098138
-18.949264,50,620.146741
-16.700347,50,620.208714
-7.354511,50,620.263844
-11.178816,50,620.317717
-11.60285,50,620.373485
-8.727985,50,620.42623
-7.841813,50,620.484889
-10.824379,50,620.534629
-10.379946,50,620.590817
-13.026272,50,620.63096
-15.547757,50,620.672794
-10.144791,50,620.724048
-10.617402,50,620.757369
-5.524284,50,620.814665
-11.065678,50,620.857919
-8.02216,50,620.898378
-8.86531,50,620.944166
-6.21228,50,620.984406
-9.270582,50,621.031084
-4.218162,50,621.08464
-9.135928,50,621.132148
-9.358006,50,621.196196
-4.403876,50,621.249138
-9.596836,50,621.288869
-19.518603,50,621.325854
-13.335078,50,621.36126
-9.89238,50,621.394019
-8.552785,50,621.426515
-7.455615,50,621.471936
-13.928134,50,621.507918
-16.688674,50,621.556854
-10.828416,50,621.604415
-3.85275,50,621.65625
-7.668159,50,622.108422
-7.105657,50,622.157399
-15.481565,50,622.222417
-11.929008,50,622.281919
-13.929059,50,622.330797
-13.212117,50,622.36902
-11.812032,50,622.41346
-6.469088,50,622.458261
-8.027459,50,622.508017
-9.878082,50,622.546652
-19.699594,50,622.595649
-13.207163,50,622.643814
-8.20232,50,622.698131
-5.36211,50,622.749092
-9.513746,50,622.796407
-15.362117,50,622.84065
-13.357005,50,622.872021
-9.120866,50,622.926989
-6.799823,50,622.97939
-17.068438,50,623.033059
-7.993471,50,623.081709
-7.396546,50,623.130818
-18.301875,50,623.181947
-8.969248,50,623.239167
-8.297465,50,623.297887
-17.661907,50,623.350398
-7.218104,50,623.410009
-13.271759,50,623.445713
-13.86474,50,623.496965
-17.414548,50,623.53054
-10.033597,50,623.563984
-9.463106,50,623.598836
-12.308999,50,623.632537
-6.050121,50,623.666152
-10.126191,50,623.699284
-17.885158,50,623.732243
-11.650519,50,623.764835
-15.500936,50,623.797712
-8.44263,50,623.853396
-15.027127,50,623.902134
-9.377588,50,623.959916
-13.841962,50,624.466892
-20.167466,50,624.52685
-4.503568,50,624.581194
-15.599252,50,624.634978
-14.771903,50,624.691615
-13.078282,50,624.742048
-12.521638,50,624.780459
-9.721808,50,624.832094
-12.741039,50,624.866184
-4.182546,50,624.902379
-11.143062,50,624.941711
-5.490324,50,625.000091
-16.323511,50,625.042214
-11.474637,50,625.096891
-9.901361,50,625.151882
-5.87996,50,625.213843
-8.344532,50,625.278421
-14.082672,50,625.343525
-8.904494,50,625.400345
-8.011032,50,625.462492
-8.729311,50,625.526721
-11.319553,50,625.592351
-14.986146,50,625.645848
-9.56396,50,625.701859
-6.604409,50,625.765923
-6.211287,50,625.825904
-8.988959,50,625.884496
-8.840941,50,625.947182
-18.789286,50,625.993706
-16.211784,50,626.04592
-6.238736,50,626.10821
-16.033851,50,626.161953
-7.505002,50,626.220634
-16.798921,50,626.270175
-6.631754,50,626.308282
-15.13472,50,626.352764
-4.797003,50,626.390758
-8.193797,50,626.44902
-8.223002,50,626.504211
-12.633371,50,626.555236
-5.203983,50,626.602347
-6.359692,50,627.157774
-8.344619,50,627.220021
-11.13668,50,627.275259
-8.883024,50,627.316826
-13.931046,50,627.354393
-17.773295,50,627.393011
-7.157445,50,627.433917
-18.685232,50,627.496313
-14.602604,50,627.553553
-9.284566,50,627.608289
-9.068304,50,627.66561
-13.659168,50,627.724741
-7.043554,50,627.785551
-11.263034,50,627.833939
-16.239871,50,627.870471
-10.069225,50,627.912748
-9.45087,50,627.945595
-8.240308,50,627.989924
-5.672996,50,628.034784
-8.602678,50,628.097795
-11.011617,50,628.147556
-9.230197,50,628.211228
-16.463436,50,628.270752
-4.430407,50,628.320339
-16.89905,50,628.372989
-6.98487,50,628.408107
-6.875118,50,628.468557
-16.365473,50,628.524725
-8.234612,50,628.591994
-6.82826,50,628.651472
-15.542553,50,628.719325
-11.06249,50,628.782714
-15.915775,50,628.843585
-4.906569,50,628.901008
-10.29747,50,628.963157
-15.310125,50,629.015676
-10.330783,50,629.079852
-8.337731,50,629.134806
-10.135445,50,629.196058
-7.914406,50,629.259812
-9.134372,50,629.317302
-14.152728,50,629.836527
-17.058779,50,629.894959
-5.254095,50,629.949788
-15.088487,50,630.014458
-8.884193,50,630.080412
-7.832162,50,630.136124
-11.114886,50,630.194618
-13.192394,50,630.258731
-5.866961,50,630.316651
-9.218873,50,630.373626
-5.733708,50,630.431673
-8.508718,50,630.500218
-8.883832,50,630.565003
-15.761423,50,630.63073
-11.815982,50,630.691214
-12.247593,50,630.754989
-8.15568,50,630.801403
-11.737529,50,630.868044
-6.756737,50,630.921125
-7.261533,50,630.973381
-11.277699,50,631.027579
-10.195575,50,631.082528
-7.391818,50,631.132693
-13.585158,50,631.18508
-14.217883,50,631.221716
-7.87431,50,631.273469
-10.918845,50,631.313373
-17.064523,50,631.373078
-9.41055,50,631.421209
-10.324116,50,631.465806
-6.918764,50,631.521175
-9.840741,50,631.576251
-10.79476,50,631.618785
-6.593155,50,631.653597
-12.9767,50,631.688148
-5.288072,50,631.734075
-4.936623,50,631.785522
-12.376382,50,631.838525
-13.157188,50,631.881645
-6.970825,50,631.926531
-15.443729,50,631.973845
-9.248555,50,632.500059
-11.151758,50,632.548475
-12.674811,50,632.605476
-17.084375,50,632.657669
-8.191947,50,632.70839
-9.251543,50,632.768044
-16.564146,50,632.814103
-8.635192,50,632.873372
-6.124676,50,632.939106
-7.483924,50,633.001432
-4.824363,50,633.067409
-15.375156,50,633.128191
-17.940768,50,633.188364
-11.460267,50,633.250677
-17.321653,50,633.314436
-7.179287,50,633.367368
-14.903453,50,633.416512
-6.920131,50,633.468056
-9.146475,50,633.535675
-7.842813,50,633.591961
-18.687219,50,633.641605
-14.956408,50,633.704798
-13.740501,50,633.753401
-5.748427,50,633.788254
-11.802743,50,633.836901
-10.622631,50,633.888243
-10.261882,50,633.954302
-9.374556,50,634.020282
-7.545818,50,634.083387
-16.511578,50,634.144805
-6.677009,50,634.20357
-12.469361,50,634.265312
-17.118596,50,634.333817
-17.631108,50,634.401282
-10.924077,50,634.454263
-8.455049,50,634.496585
-7.240807,50,634.550762
-8.702362,50,634.59424
-10.994121,50,634.636462
-17.460228,50,634.687225
-14.392796,50,635.191769
-9.448652,50,635.25082
-6.134998,50,635.307915
-12.420165,50,635.368511
-7.326307,50,635.424709
-19.307004,50,635.492728
-12.754337,50,635.542212
-15.399108,50,635.60222
-7.77611,50,635.652124
-16.818247,50,635.701237
-3.952122,50,635.743357
-6.061153,50,635.786401
-7.506788,50,635.831724
-5.772723,50,635.873343
-8.009835,50,635.919827
-16.473848,50,635.963095
-8.8289,50,636.005897
-13.649324,50,636.057758
-14.48968,50,636.118205
-7.138742,50,636.17278
-10.848419,50,636.23323
-7.131947,50,636.290305
-17.751711,50,636.337433
-14.725943,50,636.396705
-6.416771,50,636.45215
-17.698248,50,636.51025
-8.35998,50,636.571682
-11.561656,50,636.632115
-4.349457,50,636.686323
-9.452113,50,636.749012
-8.125052,50,636.789222
-12.102288,50,636.845843
-15.953016,50,636.883833
-10.762857,50,636.936548
-16.948626,50,636.981933
-11.384592,50,637.039621
-9.575008,50,637.078794
-15.25132,50,637.14556
-12.385641,50,637.195765
-6.218418,50,637.258949
-12.096811,50,637.312571
-10.071775,50,637.823761
-11.869854,50,637.885919
-9.581679,50,637.946352
-8.810015,50,638.011157
-8.09867,50,638.068187
-7.771739,50,638.129786
-15.397612,50,638.193692
-6.522794,50,638.253772
-7.805268,50,638.315831
-8.023714,50,638.370171
-11.012754,50,638.425167
-8.186765,50,638.479697
-13.899695,50,638.537081
-7.438189,50,638.599003
-4.459727,50,638.668327
-13.826628,50,638.724303
-9.21663,50,638.781604
-9.250851,50,638.819802
-8.920897,50,638.862467
-12.32611,50,638.923733
-6.768666,50,638.991523
-4.498687,50,639.043904
-11.649607,50,639.101187
-7.544579,50,639.154347
-14.72471,50,639.210895
-7.940473,50,639.264457
-8.321157,50,639.324673
-6.185028,50,639.377878
-12.610465,50,639.43661
-12.364934,50,639.499336
-7.722717,50,639.558655
-11.831795,50,639.617601
-7.291513,50,639.674863
-16.812134,50,639.729612
-6.673023,50,639.779292
-9.798114,50,639.823924
-16.887994,50,639.874403
-5.855934,50,639.922837
-11.373704,50,639.983399
-8.879203,50,640.035265
-9.203306,50,640.096367
-8.8429,50,640.643058
-17.472338,50,640.705101
-13.286742,50,640.762411
-15.832193,50,640.828461
-6.678028,50,640.889259
-13.333957,50,640.949557
-11.386597,50,641.006096
-6.208871,50,641.057701
-5.97945,50,641.096329
-7.310634,50,641.147967
-15.639967,50,641.19813
-7.484266,50,641.245349
-12.548814,50,641.302491
-5.835146,50,641.345552
-9.022216,50,641.38714
-7.634058,50,641.428036
-11.177698,50,641.476068
-8.522673,50,641.518271
-7.553723,50,641.577096
-12.985036,50,641.624599
-10.991719,50,641.688839
-13.958386,50,641.743024
-8.881294,50,641.802634
-6.328889,50,641.858623
-12.649156,50,641.915981
-6.957191,50,641.97118
-13.586446,50,642.034944
-6.654747,50,642.085368
-7.435946,50,642.135336
-9.448571,50,642.196517
-13.702003,50,642.244572
-8.948843,50,642.297274
-5.477527,50,642.342691
-15.905113,50,642.40455
-19.781785,50,642.464091
-9.300258,50,642.503327
-14.612091,50,642.558564
-14.386077,50,642.606925
-8.096248,50,642.665752
-14.698162,50,642.719929
-5.022425,50,642.7784
-17.02287,50,643.276667
-12.941821,50,643.331294
-9.827975,50,643.378871
-7.740373,50,643.437346
-16.693589,50,643.49512
-13.344775,50,643.551515
-15.460209,50,643.60495
-11.914625,50,643.661431
-14.149417,50,643.728937
-16.193811,50,643.792833
-17.737866,50,643.854933
-13.831934,50,643.91189
-12.91365,50,643.973201
-14.33843,50,644.033367
-7.534156,50,644.097042
-9.868089,50,644.150085
-6.831077,50,644.197785
-11.878411,50,644.25582
-9.239044,50,644.293547
-7.538607,50,644.357496
-17.479433,50,644.407439
-7.526874,50,644.460087
-13.756124,50,644.507074
-14.324944,50,644.550736
-10.530982,50,644.590043
-16.214207,50,644.63203
-17.272008,50,644.669403
-6.116016,50,644.713782
-14.768493,50,644.770216
-15.239514,50,644.814265
-7.77532,50,644.860071
-12.229353,50,644.914188
-14.685742,50,644.963782
-4.238121,50,645.022801
-15.095082,50,645.075909
-11.729652,50,645.133156
-8.256841,50,645.189829
-8.040407,50,645.247922
-9.377832,50,645.285161
-10.236011,50,645.346673
-9.818795,50,645.399097
-7.106127,50,645.871231
-7.131427,50,645.925206
-18.378372,50,645.983687
-8.732901,50,646.038573
-7.125397,50,646.087076
-13.251894,50,646.123095
-16.832226,50,646.167562
-17.580038,50,646.223694
-14.946274,50,646.266931
-7.050469,50,646.31315
-12.561349,50,646.357739
-13.166464,50,646.403372
-9.330685,50,646.458996
-16.205377,50,646.505363
-11.073345,50,646.553216
-10.621663,50,646.590154
-8.21795,50,646.634294
-6.997652,50,646.672539
-5.162265,50,646.713853
-8.264184,50,646.748967
-5.873815,50,646.783818
-7.070238,50,646.823631
-9.502196,50,646.862863
-12.65749,50,646.923134
-12.312078,50,646.9833
-9.92523,50,647.039854
-12.69307,50,647.081833
-13.030484,50,647.137435
-15.153046,50,647.19426
-12.6156,50,647.249683
-6.709824,50,647.301245
-6.719588,50,647.360523
-12.449162,50,647.416701
-4.834501,50,647.476316
-8.536455,50,647.517317
-6.459952,50,647.575963
-11.96474,50,647.631897
-7.465676,50,647.677472
-8.45353,50,647.726881
-15.006265,50,647.774424
-7.541282,50,647.813715
-13.80534,50,648.283552
-14.496238,50,648.337621
-8.441689,50,648.401987
-9.258606,50,648.462645
-11.516181,50,648.523322
-17.027481,50,648.577453
-14.364167,50,648.638499
-18.174877,50,648.69783
-12.644893,50,648.749311
-18.877317,50,648.807399
-9.773574,50,648.864666
-15.966137,50,648.929471
-8.564721,50,648.994033
-6.774949,50,649.045393
-12.580411,50,649.087657
-14.439695,50,649.125078
-8.786048,50,649.175794
-4.751341,50,649.216405
-8.218469,50,649.254626
-8.188999,50,649.297244
-11.042148,50,649.353726
-5.724444,50,649.402582
-6.605119,50,649.459002
-16.684418,50,649.510108
-11.070073,50,649.571108
-12.570982,50,649.618143
-12.768113,50,649.670094
-7.082956,50,649.734186
-15.791136,50,649.795988
-9.008748,50,649.853886
-9.379557,50,649.912106
-12.139634,50,649.95066
-8.823693,50,650.00631
-8.846956,50,650.064765
-13.489312,50,650.109299
-6.049119,50,650.152629
-14.565958,50,650.194547
-9.683864,50,650.232975
-8.545244,50,650.287605
-5.011635,50,650.344905
-8.985493,50,650.404849
-6.978427,50,650.873036
-8.982459,50,650.929609
-12.238584,50,650.983269
-12.498447,50,651.042885
-6.50122,50,651.09947
-15.640378,50,651.148671
-12.896498,50,651.184104
-7.012107,50,651.219706
-7.615692,50,651.259114
-16.703119,50,651.313793
-7.065921,50,651.374732
-7.682089,50,651.423234
-9.771322,50,651.483989
-8.303502,50,651.537398
-14.838642,50,651.593948
-7.164963,50,651.648685
-16.319869,50,651.704651
-10.553171,50,651.76008
-7.815493,50,651.814493
-10.90949,50,651.848948
-6.286732,50,651.906971
-11.696309,50,651.953025
-18.614046,50,651.990787
-9.741093,50,652.030664
-11.853156,50,652.079107
-16.450485,50,652.133281
-8.280954,50,652.181583
-12.702185,50,652.234103
-15.726546,50,652.281336
-11.697473,50,652.341504
-5.641676,50,652.403539
-6.621774,50,652.455968
-8.604154,50,652.516715
-4.642505,50,652.571019
-6.138748,50,652.632404
-6.156046,50,652.685118
-12.049615,50,652.751876
-7.829232,50,652.809752
-4.953188,50,652.868418
-9.369193,50,652.91689
-16.247128,50,652.959317
-8.521548,50,653.444486
-15.149301,50,653.498904
-13.367974,50,653.56294
-8.732486,50,653.618644
-5.18634,50,653.68011
-8.46072,50,653.743762
-8.970868,50,653.797476
-16.168369,50,653.851641
-17.121331,50,653.895559
-13.151668,50,653.94683
-10.781326,50,653.994032
-5.505119,50,654.042903
-14.164629,50,654.087268
-11.462375,50,654.137062
-10.744008,50,654.182359
-6.534999,50,654.237756
-7.241504,50,654.282982
-8.815751,50,654.32702
-5.417511,50,654.384325
-8.62814,50,654.438908
-9.404933,50,654.492708
-9.997316,50,654.557161
-10.600494,50,654.615461
-8.358091,50,654.671697
-6.100638,50,654.727545
-12.45106,50,654.782811
-10.560442,50,654.847458
-11.396305,50,654.911342
-15.329686,50,654.964189
-16.068931,50,655.02251
-12.029326,50,655.080484
-9.107369,50,655.122319
-8.816181,50,655.168412
-15.884842,50,655.224521
-7.905782,50,655.278887
-9.628537,50,655.335449
-13.907273,50,655.391766
-6.971867,50,655.450924
-8.550934,50,655.507166
-14.560983,50,655.568424
-16.077555,50,655.632579
-7.393655,50,656.125901
-15.443221,50,656.18272
-11.168042,50,656.240978
-13.301272,50,656.297096
-12.250033,50,656.339158
-11.968462,50,656.371695
-13.423477,50,656.403098
-6.495103,50,656.460641
-7.729829,50,656.51566
-13.463551,50,656.57262
-16.306508,50,656.6272
-7.382586,50,656.679989
-11.222957,50,656.736073
-8.474104,50,656.787311
-15.668601,50,656.846216
-10.833275,50,656.902657
-16.914522,50,656.956697
-9.58197,50,657.009469
-12.984835,50,657.065891
-11.490383,50,657.117118
-17.568451,50,657.153873
-16.643309,50,657.202903
-6.425526,50,657.250392
-4.774513,50,657.299889
-14.812005,50,657.33497
-14.682135,50,657.393535
-7.422161,50,657.438502
-13.485927,50,657.492423
-5.334776,50,657.546219
-9.912957,50,657.602831
-6.576194,50,657.655759
-6.341997,50,657.709729
-4.390176,50,657.763271
-5.620426,50,657.810175
-13.019793,50,657.864762
-15.250562,50,657.913323
-12.662843,50,657.948825
-9.210002,50,657.994167
-7.551713,50,658.052263
-16.391198,50,658.091974
-9.12834,50,658.141315
-6.618865,50,658.631402
-7.288009,50,658.687325
-6.185509,50,658.741981
-13.083873,50,658.786394
-14.962251,50,658.844664
-17.873621,50,658.896086
-9.646795,50,658.951295
-12.549024,50,659.009444
-11.74169,50,659.066011
-8.404959,50,659.124845
-18.763185,50,659.176978
-7.662178,50,659.228444
-7.620916,50,659.283993
-4.107972,50,659.337893
-12.390321,50,659.389494
-10.177335,50,659.442387
-8.412799,50,659.491451
-5.479291,50,659.532435
-12.772889,50,659.5813
-6.41246,50,659.639213
-11.330495,50,659.694803
-12.861518,50,659.756144
-9.1164,50,659.816598
-8.609155,50,659.86805
-11.23813,50,659.922495
-10.32112,50,659.973986
-7.572073,50,660.030642
-8.720454,50,660.069095
-8.178205,50,660.104277
-5.931526,50,660.152353
-7.746237,50,660.194254
-7.847721,50,660.231827
-14.48439,50,660.274848
-16.72484,50,660.319025
-9.833479,50,660.354227
-19.252482,50,660.405128
-13.55734,50,660.445241
-11.819177,50,660.501658
-7.140929,50,660.549412
-18.508706,50,660.587144
-18.036347,50,660.6395
-8.985959,50,661.097872
-8.153314,50,661.154779
-13.979797,50,661.211574
-14.464065,50,661.261619
-11.926069,50,661.318263
-17.350665,50,661.365747
-11.361814,50,661.417218
-6.242219,50,661.471982
-13.464554,50,661.525315
-17.369753,50,661.568247
-4.345445,50,661.615253
-7.366384,50,661.668028
-11.379243,50,661.716451
-15.539915,50,661.771037
-5.095214,50,661.82232
-15.368819,50,661.879059
-5.057011,50,661.934474
-7.748842,50,661.986117
-6.97529,50,662.027379
-5.310874,50,662.06819
-10.720999,50,662.122941
-17.7037,50,662.167383
-17.283792,50,662.213315
-7.153951,50,662.252364
-17.228051,50,662.289982
-11.65548,50,662.337946
-7.922745,50,662.396679
-7.535853,50,662.446857
-9.916022,50,662.497772
-14.994316,50,662.546089
-12.411645,50,662.599772
-8.677009,50,662.651582
-11.740498,50,662.708803
-4.558021,50,662.766209
-15.003061,50,662.819654
-16.653807,50,662.873488
-9.829198,50,662.925499
-13.077716,50,662.992357
-17.003933,50,663.050908
-9.179963,50,663.10069
-6.603048,50,663.156962
-9.808571,50,663.605343
-12.478632,50,663.661984
-9.82521,50,663.721128
-11.422135,50,663.771736
-5.006803,50,663.830714
-11.661053,50,663.883464
-14.363016,50,663.937744
-7.418138,50,663.998042
-9.901865,50,664.053084
-19.464185,50,664.104639
-7.293019,50,664.147868
-11.469028,50,664.196037
-13.663575,50,664.24528
-14.245197,50,664.28399
-10.224313,50,664.334317
-17.723497,50,664.376945
-7.751842,50,664.419645
-17.733148,50,664.465618
-6.991078,50,664.49955
-17.727293,50,664.532531
-15.093746,50,664.566984
-12.445546,50,664.609409
-7.692904,50,664.658423
-6.75771,50,664.705359
-11.436739,50,664.74118
-6.00957,50,664.775981
-10.402983,50,664.817124
-10.233039,50,664.859715
-8.535143,50,664.892987
-19.220837,50,664.934055
-17.44579,50,664.989649
-13.051694,50,665.034981
-7.909454,50,665.085732
-16.393924,50,665.140017
-10.635502,50,665.19047
-10.918901,50,665.246759
-13.420319,50,665.304921
-11.880699,50,665.350481
-15.110495,50,665.392883
-13.826229,50,665.42864
-18.474032,50,665.475393
-8.036059,50,665.941865
-13.201731,50,666.002694
-10.005114,50,666.058261
-12.012713,50,666.110626
-10.237277,50,666.166687
-6.409162,50,666.231673
-12.895386,50,666.284997
-13.196639,50,666.34568
-5.106124,50,666.402577
-11.734832,50,666.458799
-17.575495,50,666.501788
-16.993923,50,666.550668
-7.642207,50,666.600208
-10.660877,50,666.648894
-15.010115,50,666.700275
-15.680753,50,666.737617
-17.786884,50,666.773225
-5.922058,50,666.822002
-10.521222,50,666.875326
-11.23167,50,666.925117
-6.432442,50,666.98518
-7.120048,50,667.04005
-5.541045,50,667.098638
-13.155349,50,667.15663
-12.477209,50,667.212718
-7.198623,50,667.265757
-16.386587,50,667.323304
-12.805746,50,667.382767
-10.820213,50,667.433326
-5.625714,50,667.486019
-13.480376,50,667.534561
-9.866617,50,667.578549
-12.682048,50,667.620373
-9.089583,50,667.665328
-8.29326,50,667.704808
-11.441695,50,667.754256
-9.379157,50,667.790703
-9.084051,50,667.8437
-11.216557,50,667.889804
-5.728304,50,667.94574
-16.599228,50,668.003365
-8.075931,50,668.493812
-10.084637,50,668.549994
-6.507262,50,668.605006
-16.570042,50,668.660466
-7.618383,50,668.718751
-13.242847,50,668.782324
-6.497249,50,668.81827
-9.811548,50,668.864107
-8.889654,50,668.91523
-15.623785,50,668.969888
-7.392214,50,669.025664
-14.283169,50,669.080654
-15.943726,50,669.139036
-7.299466,50,669.202616
-9.102751,50,669.258997
-9.609097,50,669.299055
-12.795203,50,669.339541
-7.048171,50,669.397664
-8.316839,50,669.43518
-7.594835,50,669.486883
-16.809867,50,669.519956
-14.3775,50,669.552954
-8.857354,50,669.586169
-6.663602,50,669.630771
-6.124929,50,669.666275
-18.71581,50,669.701898
-14.856995,50,669.751493
-16.417321,50,669.798353
-8.530893,50,669.836564
-13.359642,50,669.884403
-6.098025,50,669.921565
-6.66936,50,669.97589
-16.680097,50,670.02225
-6.019969,50,670.077981
-4.682323,50,670.117395
-12.017287,50,670.177037
-12.675045,50,670.232127
-8.226528,50,670.292165
-17.553072,50,670.349025
-7.843137,50,670.406152
-15.634966,50,670.459563
-14.782951,50,670.929289
-6.200433,50,670.975811
-8.847095,50,671.030802
-7.093834,50,671.082072
-18.267126,50,671.135517
-13.252693,50,671.195547
-13.838187,50,671.248219
-10.367964,50,671.301332
-7.069007,50,671.35566
-12.904098,50,671.41079
-6.380553,50,671.476834
-7.641383,50,671.5346
-6.197034,50,671.59469
-5.499207,50,671.647561
-10.540512,50,671.703022
-14.686008,50,671.762276
-12.290896,50,671.804288
-16.005609,50,671.866148
-8.651621,50,671.919027
-6.155766,50,671.974049
-10.881811,50,672.034295
-6.456934,50,672.090211
-16.282957,50,672.144855
-15.748951,50,672.197632
-5.894406,50,672.253274
-7.370015,50,672.314673
-9.522892,50,672.368285
-15.28036,50,672.427793
-6.45459,50,672.489249
-14.338784,50,672.545553
-16.675769,50,672.598725
-18.059664,50,672.651213
-8.313216,50,672.687968
-15.539412,50,672.740896
-12.823743,50,672.800377
-5.190426,50,672.855344
-8.411674,50,672.911062
-8.768632,50,672.959537
-5.636046,50,673.01263
-9.750659,50,673.074098
-5.594102,50,673.131473
-9.507358,50,673.602211
-13.24414,50,673.655367
-10.812674,50,673.708496
-7.39672,50,673.763212
-11.67199,50,673.811625
-11.975365,50,673.870934
-17.036439,50,673.90806
-14.799677,50,673.948974
-14.20039,50,674.004799
-9.226013,50,674.064646
-5.160696,50,674.129046
-4.666648,50,674.184744
-14.421309,50,674.25026
-9.264374,50,674.305215
-6.312752,50,674.356005
-14.725807,50,674.416855
-7.868329,50,674.478774
-13.243159,50,674.544883
-8.439805,50,674.602913
-9.914218,50,674.661516
-16.651964,50,674.698428
-17.898172,50,674.730711
-15.168145,50,674.78911
-12.175183,50,674.836803
-9.065585,50,674.888287
-14.300723,50,674.93968
-10.139351,50,674.998827
-11.584704,50,675.049489
-16.612826,50,675.104679
-11.958574,50,675.1618
-4.836157,50,675.212937
-8.273004,50,675.269876
-7.556306,50,675.324708
-17.675459,50,675.375532
-16.93273,50,675.428813
-12.94303,50,675.482909
-6.156778,50,675.527321
-15.459597,50,675.558617
-7.114511,50,675.602311
-9.805895,50,675.648187
-17.308995,50,675.694929
-5.658452,50,676.177501
-10.370856,50,676.238276
-11.848595,50,676.281306
-10.700346,50,676.339055
-8.116967,50,676.39834
-9.306875,50,676.449428
-14.897915,50,676.491361
-14.6054,50,676.53108
-11.572818,50,676.586289
-9.577831,50,676.63313
-7.727812,50,676.677868
-9.189576,50,676.725529
-8.64336,50,676.768539
-6.711297,50,676.823781
-9.541398,50,676.882393
-15.561774,50,676.933982
-14.443298,50,676.971906
-8.493648,50,677.019727
-7.978219,50,677.069096
-7.3271,50,677.115737
-7.324378,50,677.171728
-6.980035,50,677.226348
-9.007866,50,677.27893
-9.496512,50,677.338131
-7.90456,50,677.396227
-10.720161,50,677.4524
-8.371052,50,677.50951
-10.829649,50,677.568224
-17.845664,50,677.626034
-7.644218,50,677.682063
-9.916028,50,677.729684
-17.862083,50,677.781407
-7.392969,50,677.832956
-8.758521,50,677.879721
-13.815087,50,677.931268
-16.914411,50,677.985815
-13.90525,50,678.036577
-6.105838,50,678.072299
-8.991845,50,678.122926
-12.249646,50,678.181595
-6.291882,50,678.236064
-15.437665,50,678.694794
-12.696629,50,678.755138
-14.797437,50,678.810511
-13.84936,50,678.866952
-6.567112,50,678.924338
-16.889689,50,678.986582
-9.052197,50,679.038646
-7.166047,50,679.09286
-12.563116,50,679.138813
-12.464624,50,679.198663
-12.986145,50,679.253935
-10.847839,50,679.308787
-15.47907,50,679.360744
-11.905617,50,679.416589
-8.132785,50,679.467606
-9.009189,50,679.523938
-12.58685,50,679.574264
-7.884148,50,679.630296
-16.608657,50,679.682754
-12.846119,50,679.737365
-9.52327,50,679.773408
-11.476528,50,679.820605
-11.991225,50,679.870901
-11.278768,50,679.910951
-19.018034,50,679.944904
-15.453651,50,679.981711
-12.730587,50,680.032948
-12.86442,50,680.076006
-7.003171,50,680.12164
-5.207742,50,680.181769
-10.413574,50,680.239439
-12.006818,50,680.30458
-8.658842,50,680.356972
-9.918296,50,680.409995
-5.60105,50,680.472238
-5.760462,50,680.517534
-12.121382,50,680.577879
-15.969193,50,680.636069
-14.289306,50,680.688159
-10.364832,50,680.737141
-10.723591,50,680.782664
-7.100462,50,681.244486
-11.565464,50,681.304657
-9.005393,50,681.358955
-15.70279,50,681.412048
-12.701913,50,681.464085
-11.443905,50,681.524569
-4.921783,50,681.584208
-14.455998,50,681.645717
-19.601206,50,681.700294
-18.159773,50,681.755001
-7.375388,50,681.813941
-4.859498,50,681.863186
-15.738894,50,681.894591
-15.831932,50,681.941443
-17.698103,50,681.991878
-13.340303,50,682.038409
-12.308505,50,682.080624
-17.144504,50,682.119851
-12.996656,50,682.16177
-6.729045,50,682.207218
-6.324446,50,682.264976
-5.369164,50,682.324618
-9.076805,50,682.38294
-8.604881,50,682.44129
-8.556571,50,682.494182
-11.557979,50,682.544742
-6.926739,50,682.604587
-10.75085,50,682.659501
-14.494098,50,682.719073
-6.231481,50,682.768475
-3.573815,50,682.824353
-12.627322,50,682.87865
-12.424508,50,682.936485
-16.671731,50,682.970326
-5.366482,50,683.026744
-5.665402,50,683.059076
-16.706366,50,683.116698
-7.719643,50,683.168215
-8.021334,50,683.22161
-7.126829,50,683.278887
-15.251518,50,683.339144
-13.281463,50,683.833913
-10.306906,50,683.885538
-10.30705,50,683.942841
-8.315443,50,683.99816
-11.563602,50,684.05856
-8.236909,50,684.111487
-16.344823,50,684.172561
-14.63087,50,684.235549
-10.033749,50,684.278065
-8.513096,50,684.336724
-7.595883,50,684.391217
-9.253923,50,684.446668
-13.742962,50,684.504263
-9.097463,50,684.559318
-17.770457,50,684.616718
-9.508392,50,684.674396
-9.947989,50,684.727256
-6.81779,50,684.773925
-4.39595,50,684.829442
-15.55924,50,684.887223
-6.167967,50,684.940773
-5.676537,50,684.995062
-19.392295,50,685.044614
-10.321085,50,685.094555
-12.845883,50,685.137584
-7.138504,50,685.18079
-6.323532,50,685.238336
-13.272618,50,685.290069
-17.264131,50,685.341805
-7.114246,50,685.397291
-5.741496,50,685.450187
-10.131036,50,685.50729
-16.495823,50,685.563797
-9.987536,50,685.613852
-16.182262,50,685.668499
-8.537154,50,685.727244
-13.071198,50,685.783335
-10.502254,50,685.83567
-6.740844,50,685.880384
-7.857064,50,685.926854
-6.273561,50,685.963824
-11.233828,50,686.444324
-7.83385,50,686.501973
-14.892004,50,686.552424
-10.293557,50,686.608786
-13.371877,50,686.664087
-7.212864,50,686.723819
-10.533558,50,686.776017
-4.30163,50,686.835164
-8.972052,50,686.889771
-12.155682,50,686.9441
-9.229327,50,686.985157
-7.666445,50,687.037589
-17.484934,50,687.079492
-9.788383,50,687.117801
-16.886287,50,687.15995
-12.31905,50,687.205911
-14.987867,50,687.24629
-18.821927,50,687.298373
-10.611511,50,687.34928
-7.78069,50,687.393725
-8.310761,50,687.453085
-17.112015,50,687.504504
-8.026893,50,687.566338
-19.173687,50,687.619684
-9.19396,50,687.677861
-5.10201,50,687.73485
-12.279537,50,687.792267
-14.900035,50,687.837651
-9.982095,50,687.889552
-10.374629,50,687.942598
-6.717547,50,687.990728
-8.264481,50,688.037414
-9.546058,50,688.078803
-8.500547,50,688.130889
-15.287206,50,688.185358
-9.588881,50,688.236229
-8.926833,50,688.282896
-18.785864,50,688.339429
-17.409013,50,688.386599
-14.981819,50,688.440942
-8.255775,50,688.495029
-9.853265,50,688.98908
-5.627578,50,689.041845
-7.636394,50,689.091912
-5.163808,50,689.149317
-12.163694,50,689.201506
-6.897237,50,689.251905
-7.189461,50,689.30223
-17.68219,50,689.351426
-16.610922,50,689.404474
-14.555422,50,689.455332
-9.570071,50,689.514988
-15.374339,50,689.573252
-16.738775,50,689.633529
-16.46172,50,689.689749
-11.09866,50,689.747374
-15.612483,50,689.804407
-12.77864,50,689.855205
-7.322959,50,689.911167
-7.22331,50,689.970011
-16.561956,50,690.005757
-6.488668,50,690.046823
-14.50845,50,690.086343
-15.015274,50,690.122954
-6.00779,50,690.166839
-13.195321,50,690.203012
-17.164404,50,690.249733
-11.367491,50,690.300694
-7.58754,50,690.352032
-8.613532,50,690.401737
-6.44907,50,690.458228
-13.29156,50,690.515342
-5.83752,50,690.572543
-11.692882,50,690.629924
-6.657692,50,690.68318
-8.020235,50,690.737757
-5.35755,50,690.793674
-11.474068,50,690.851226
-15.890216,50,690.915132
-9.684267,50,690.964047
-12.103111,50,691.014817
-13.941671,50,691.056877
-14.043128,50,691.542835
-9.913399,50,691.590869
-11.395729,50,691.642626
-14.7247,50,691.672362
-17.102647,50,691.704399
-17.704332,50,691.753372
-10.355669,50,691.804585
-12.127696,50,691.847166
-13.93321,50,691.904946
-6.018069,50,691.955849
-5.897577,50,692.004821
-19.447651,50,692.057173
-17.644865,50,692.107046
-3.904137,50,692.148212
-7.540212,50,692.185008
-18.387942,50,692.23494
-8.126142,50,692.281506
-15.387044,50,692.33297
-5.356946,50,692.393337
-13.080539,50,692.446071
-7.426398,50,692.484148
-15.198327,50,692.537059
-6.608915,50,692.594004
-10.198694,50,692.651618
-16.484241,50,692.706046
-7.636022,50,692.762401
-11.312606,50,692.816519
-13.576049,50,692.874304
-11.807584,50,692.931132
-8.051285,50,692.989697
-8.964853,50,693.046836
-10.321385,50,693.106143
-6.295386,50,693.159969
-6.488883,50,693.209575
-8.14009,50,693.261487
-8.22986,50,693.30701
-14.320933,50,693.347156
-9.464609,50,693.386093
-11.248479,50,693.437602
-9.597211,50,693.481938
-6.977514,50,693.540737
-16.616696,50,694.002364
-7.354922,50,694.058815
-10.657941,50,694.113629
-5.821685,50,694.168705
-13.141636,50,694.225603
-11.338079,50,694.281338
-13.386255,50,694.340304
-16.423798,50,694.387977
-12.065925,50,694.431486
-5.904759,50,694.478644
-12.771121,50,694.5226
-7.022309,50,694.583192
-10.017522,50,694.645299
-9.348561,50,694.696008
-12.921764,50,694.751616
-6.092188,50,694.806234
-7.200382,50,694.862552
-14.780158,50,694.918713
-5.638023,50,694.977971
-9.721126,50,695.031916
-6.866435,50,695.088073
-16.091334,50,695.146245
-12.419893,50,695.199959
-13.240762,50,695.252645
-8.897376,50,695.311499
-14.77331,50,695.366629
-8.746955,50,695.42649
-8.892691,50,695.466262
-13.059745,50,695.520556
-13.805231,50,695.583789
-15.39691,50,695.63926
-10.038298,50,695.697779
-8.197194,50,695.763634
-10.052304,50,695.819566
-8.71273,50,695.878139
-8.229145,50,695.932271
-6.600979,50,695.986829
-5.948233,50,696.030221
-8.568659,50,696.091931
-6.213774,50,696.149691
-15.298357,50,696.204686
-6.797172,50,696.693666
-12.111396,50,696.755049
-3.911537,50,696.811878
-15.421024,50,696.86462
-16.383331,50,696.921273
-5.441423,50,696.972878
-12.598045,50,697.023294
-6.746903,50,697.077314
-9.269185,50,697.138755
-7.230696,50,697.192822
-13.07867,50,697.249028
-13.646796,50,697.290438
-8.271637,50,697.350067
-10.039052,50,697.406732
-9.316123,50,697.458513
-12.113319,50,697.511103
-6.820737,50,697.550488
-8.994989,50,697.601719
-16.524326,50,697.651188
-15.661646,50,697.707187
-15.596938,50,697.766829
-14.183737,50,697.819046
-13.20482,50,697.87313
-15.97734,50,697.936535
-18.586122,50,697.990159
-8.339024,50,698.048113
-12.184383,50,698.101409
-12.675883,50,698.163986
-18.440527,50,698.223804
-13.538141,50,698.276102
-12.905137,50,698.317145
-11.025694,50,698.355796
-11.541002,50,698.390906
-16.868444,50,698.436714
-15.703995,50,698.48369
-12.896708,50,698.525096
-7.256574,50,698.574689
-15.150887,50,698.623914
-12.372819,50,698.676178
-13.853272,50,698.733166
-10.572051,50,699.236314
-7.20075,50,699.301325
-3.690697,50,699.35657
-13.53636,50,699.415981
-8.781543,50,699.472504
-18.037431,50,699.526874
-17.199436,50,699.580814
-14.320175,50,699.643445
-10.121553,50,699.698445
-7.66124,50,699.74907
-5.656875,50,699.80619
-7.058819,50,699.866311
-10.569449,50,699.924273
-16.307083,50,699.97163
-4.804509,50,700.024952
-10.12406,50,700.077542
-8.3743,50,700.133486
-16.450637,50,700.188184
-13.873097,50,700.228822
-7.7492,50,700.284399
-5.670031,50,700.340656
-13.708514,50,700.378335
-11.334411,50,700.44013
-7.207611,50,700.477238
-16.886676,50,700.517093
-11.865328,50,700.552891
-9.602599,50,700.592391
-12.409291,50,700.63137
-12.363497,50,700.677619
-9.701191,50,700.734632
-9.635806,50,700.788789
-11.387401,50,700.842403
-12.937621,50,700.895278
-9.037933,50,700.946852
-10.566172,50,701.004522
-10.384965,50,701.059218
-16.199095,50,701.119654
-5.346438,50,701.168162
-15.702547,50,701.210908
-10.928793,50,701.245431
-13.634781,50,701.282923
-6.423028,50,701.77621
-6.887943,50,701.833222
-12.90173,50,701.894848
-6.587468,50,701.945683
-8.24883,50,702.006232
-8.963979,50,702.052433
-16.595924,50,702.100656
-17.248593,50,702.160372
-13.131608,50,702.217041
-10.304837,50,702.281627
-13.883784,50,702.331191
-16.437911,50,702.390073
-6.387427,50,702.452965
-6.396408,50,702.506118
-14.352643,50,702.567034
-7.639717,50,702.619517
-5.405005,50,702.675467
-18.210108,50,702.717484
-11.073915,50,702.759896
-11.569687,50,702.816888
-12.133936,50,702.870494
-14.793676,50,702.912353
-5.000329,50,702.958927
-6.354749,50,702.994596
-17.091349,50,703.034276
-6.821276,50,703.067147
-13.775214,50,703.113233
-8.191153,50,703.162238
-8.172685,50,703.212791
-11.311758,50,703.269056
-11.135251,50,703.325439
-12.40841,50,703.381051
-9.722444,50,703.422443
-17.953072,50,703.461212
-8.114239,50,703.514707
-17.792872,50,703.549463
-19.259371,50,703.595221
-7.391108,50,703.649122
-11.76754,50,703.694549
-17.671721,50,703.741035
-17.156578,50,703.789727
-14.935685,50,704.30601
-9.485263,50,704.373415
-6.54841,50,704.426547
-11.230966,50,704.478491
-12.365841,50,704.524945
-17.155668,50,704.584483
-8.941488,50,704.630314
-9.367687,50,704.669984
-17.930856,50,704.716156
-12.000333,50,704.756844
-11.138931,50,704.810104
-12.868607,50,704.862426
-8.673874,50,704.926267
-11.326646,50,704.990793
-12.646586,50,705.050849
-17.84771,50,705.107673
-6.31248,50,705.157824
-13.794472,50,705.205756
-8.39952,50,705.252755
-7.868647,50,705.292262
-16.181393,50,705.357155
-14.068645,50,705.408866
-6.465248,50,705.457282
-8.006824,50,705.495886
-9.832907,50,705.540783
-6.833878,50,705.595406
-9.126202,50,705.640124
-9.133196,50,705.685014
-6.36621,50,705.736567
-16.573708,50,705.775485
-7.715588,50,705.813314
-9.924276,50,705.877477
-6.031589,50,705.927849
-7.089477,50,705.980797
-12.075563,50,706.039914
-11.170049,50,706.085132
-6.760359,50,706.125498
-5.630657,50,706.16738
-14.196031,50,706.216938
-5.133242,50,706.278639
-12.06618,50,706.334249
-9.128723,50,706.835497
-13.680156,50,706.884878
-11.255686,50,706.92799
-5.661617,50,706.991536
-7.375054,50,707.044914
-14.656361,50,707.101126
-10.107001,50,707.163602
-8.081352,50,707.205933
-7.066252,50,707.267453
-12.154722,50,707.317857
-11.144134,50,707.361823
-12.130495,50,707.403023
-7.275179,50,707.434624
-6.364333,50,707.484792
-4.377028,50,707.532124
-7.083907,50,707.580707
-10.945527,50,707.633506
-8.541546,50,707.679589
-17.111649,50,707.714665
-6.258618,50,707.751391
-7.139326,50,707.787889
-14.419912,50,707.843491
-11.513109,50,707.906539
-7.127321,50,707.966034
-9.222106,50,708.022374
-11.632413,50,708.078429
-16.773578,50,708.13934
-11.144453,50,708.199005
-11.1717,50,708.242052
-15.369064,50,708.294771
-12.193138,50,708.344414
-12.641515,50,708.395525
-19.264463,50,708.459282
-8.805644,50,708.510009
-11.154422,50,708.569796
-7.614781,50,708.633514
-11.6622,50,708.67509
-13.677259,50,708.726819
-8.925759,50,708.781152
-5.387412,50,708.826883
-4.394501,50,708.867252
-17.336267,50,709.357876
-5.108289,50,709.406673
-8.853275,50,709.465313
-14.151986,50,709.510481
-11.025057,50,709.560315
-11.837385,50,709.608029
-7.77955,50,709.650284
-6.874478,50,709.68751
-7.569035,50,709.731308
-11.860322,50,709.766791
-7.050437,50,709.807381
-14.497246,50,709.83903
-5.669453,50,709.894251
-7.458582,50,709.960069
-12.910565,50,710.020527
-13.875421,50,710.069115
-4.751213,50,710.12867
-16.69243,50,710.173741
-13.253067,50,710.225906
-7.141912,50,710.272505
-9.207238,50,710.323726
-6.955411,50,710.361267
-8.139399,50,710.413066
-7.318369,50,710.455158
-4.564268,50,710.510752
-13.682943,50,710.550309
-10.304484,50,710.614879
-11.24077,50,710.669386
-4.581041,50,710.70927
-7.413335,50,710.758057
-10.301188,50,710.802496
-8.481076,50,710.854034
-17.635724,50,710.912496
-6.279855,50,710.970051
-10.902411,50,711.034386
-6.352555,50,711.091263
-9.259649,50,711.153908
-13.998171,50,711.20834
-8.618719,50,711.273874
-7.75565,50,711.325994
-16.630881,50,711.379842
-7.833808,50,711.879649
-11.974799,50,711.937679
-10.15512,50,712.000159
-7.029139,50,712.060958
-10.310289,50,712.12025
-8.569101,50,712.177549
-16.60381,50,712.242989
-16.700997,50,712.303012
-9.414639,50,712.359095
-14.080948,50,712.414222
-5.613669,50,712.471173
-19.766787,50,712.531293
-10.486434,50,712.572074
-7.021699,50,712.607815
-12.694206,50,712.655563
-7.923318,50,712.695749
-10.278143,50,712.73849
-17.474342,50,712.781329
-13.497234,50,712.830582
-18.436051,50,712.887105
-5.69211,50,712.94646
-14.188816,50,713.011882
-12.215537,50,713.071582
-8.389008,50,713.118421
-13.907293,50,713.155747
-9.303294,50,713.22081
-6.021469,50,713.279472
-10.086296,50,713.331648
-16.712912,50,713.388105
-17.244567,50,713.431427
-5.641691,50,713.468423
-18.158636,50,713.514092
-7.650504,50,713.568258
-14.448516,50,713.631003
-11.320227,50,713.697159
-10.879324,50,713.753834
-9.910027,50,713.807277
-15.680716,50,713.867321
-9.9245,50,713.932382
-6.853916,50,713.998458
-6.739482,50,714.051658
-6.536585,50,714.566718
-9.432854,50,714.620385
-6.33848,50,714.664827
-11.990821,50,714.71553
-8.749051,50,714.760378
-4.970259,50,714.82269
-10.507837,50,714.875336
-7.751395,50,714.939843
-5.81531,50,715.003498
-10.006342,50,715.063485
-6.466281,50,715.125848
-4.318212,50,715.183679
-16.851883,50,715.242501
-7.470014,50,715.298164
-12.746868,50,715.358194
-13.135953,50,715.391703
-6.972661,50,715.438422
-5.28588,50,715.484267
-6.939583,50,715.535484
-7.796476,50,715.583163
-9.055294,50,715.620358
-9.977762,50,715.657186
-6.069191,50,715.711281
-7.540741,50,715.748523
-7.961352,50,715.810853
-9.078768,50,715.865814
-14.350669,50,715.922524
-19.295514,50,715.985464
-6.042562,50,716.040263
-8.583725,50,716.083493
-7.656685,50,716.135059
-12.474413,50,716.179206
-10.432666,50,716.220637
-7.191839,50,716.267301
-4.449686,50,716.322127
-6.017212,50,716.371541
-15.234829,50,716.421468
-6.173134,50,716.457645
-14.765033,50,716.5093
-4.307868,50,716.546596
-15.313809,50,716.586183
-9.453831,50,717.065259
-13.683695,50,717.116976
-5.359742,50,717.176253
-8.376118,50,717.232897
-6.940154,50,717.290797
-11.261601,50,717.346896
-13.536094,50,717.400895
-9.773279,50,717.452953
-17.916778,50,717.497668
-12.535939,50,717.538618
-6.508027,50,717.587955
-15.870408,50,717.633665
-13.477052,50,717.685718
-16.291209,50,717.733333
-8.277996,50,717.779075
-9.936341,50,717.831299
-15.158314,50,717.873825
-16.127113,50,717.925546
-12.678188,50,717.972145
-8.336865,50,718.017521
-16.285157,50,718.065588
-12.6543,50,718.123884
-17.782908,50,718.183291
-14.775037,50,718.238436
-7.09529,50,718.286144
-10.998311,50,718.327326
-8.200181,50,718.36832
-9.387312,50,718.416285
-13.665995,50,718.47524
-18.051855,50,718.523223
-6.15676,50,718.57324
-7.247617,50,718.629194
-14.593659,50,718.676611
-14.909607,50,718.71268
-5.883065,50,718.760306
-6.616021,50,718.806902
-10.564451,50,718.861635
-18.131179,50,718.911539
-11.305079,50,718.957621
-9.091684,50,719.010583
-8.813766,50,719.06511
-7.613481,50,719.577193
-4.336011,50,719.637161
-4.658338,50,719.695619
-5.980666,50,719.756251
-5.462034,50,719.813658
-8.411241,50,719.872344
-14.345479,50,719.922846
-16.608166,50,719.961264
-16.139955,50,720.012845
-5.423456,50,720.062222
-13.574121,50,720.119898
-10.223845,50,720.177688
-7.670671,50,720.239859
-13.801523,50,720.299402
-16.296525,50,720.362236
-16.458381,50,720.410071
-8.268845,50,720.456925
-10.752315,50,720.504441
-7.315278,50,720.549389
-13.303965,50,720.614491
-12.161044,50,720.66488
-4.0311,50,720.707996
-11.460976,50,720.740318
-7.788634,50,720.799006
-13.775584,50,720.844927
-10.32336,50,720.887932
-11.214837,50,720.947265
-6.88592,50,720.989317
-16.249121,50,721.044178
-9.643587,50,721.10789
-5.602485,50,721.15897
-6.296594,50,721.209573
-12.291308,50,721.257367
-8.785123,50,721.292226
-11.203598,50,721.32764
-13.53085,50,721.366839
-12.88066,50,721.414213
-5.796174,50,721.481133
-9.944355,50,721.527028
-7.048942,50,721.568807
-10.729759,50,721.61589
-12.52048,50,722.138993
-7.555152,50,722.195909
-13.382159,50,722.249877
-19.387698,50,722.315834
-4.633587,50,722.379683
-12.057737,50,722.437507
-11.00942,50,722.502579
-11.348722,50,722.561733
-8.048142,50,722.617967
-16.909253,50,722.667055
-17.976113,50,722.725593
-9.783721,50,722.792184
-9.65972,50,722.843778
-8.440873,50,722.897073
-5.744775,50,722.944927
-12.352312,50,723.002905
-15.002454,50,723.056188
-15.679192,50,723.105533
-17.003196,50,723.167392
-6.281996,50,723.229465
-15.366506,50,723.28091
-8.986644,50,723.343772
-11.499593,50,723.39928
-8.672152,50,723.450059
-16.623501,50,723.500219
-11.814741,50,723.531638
-18.18079,50,723.562496
-16.256996,50,723.597347
-6.96901,50,723.648611
-6.239603,50,723.704909
-6.634014,50,723.745747
-12.950426,50,723.780012
-7.31918,50,723.813216
-7.920404,50,723.852757
-6.61722,50,723.906245
-9.347579,50,723.964716
-5.235285,50,724.007772
-6.168949,50,724.051817
-14.33195,50,724.093608
-16.405749,50,724.148546
-10.926069,50,724.203327
-7.210638,50,724.681002
-8.134987,50,724.733752
-13.144262,50,724.78439
-17.567817,50,724.835918
-13.809786,50,724.896701
-5.349932,50,724.937163
-10.235089,50,724.985492
-7.636113,50,725.026648
-13.001254,50,725.077369
-5.942951,50,725.133766
-15.188367,50,725.178169
-16.482565,50,725.209054
-12.152157,50,725.260256
-18.273868,50,725.322518
-14.307415,50,725.381444
-19.204798,50,725.439423
-10.223922,50,725.499883
-12.664842,50,725.559645
-6.677099,50,725.613487
-19.000961,50,725.666421
-9.179042,50,725.705103
-5.995198,50,725.753709
-11.929864,50,725.803786
-5.887914,50,725.851248
-10.5867,50,725.897321
-9.169372,50,725.944611
-8.940545,50,726.000643
-13.331589,50,726.040882
-15.131253,50,726.093827
-18.469131,50,726.14178
-17.42892,50,726.195725
-14.873979,50,726.252585
-10.270556,50,726.308786
-12.63053,50,726.352527
-13.317829,50,726.410046
-18.131685,50,726.465036
-6.853449,50,726.509335
-11.909773,50,726.561666
-6.88447,50,726.614196
-10.307212,50,726.664217
-18.005032,50,726.712425
-13.145122,50,727.193707
-5.802037,50,727.257034
-7.425875,50,727.316729
-8.598716,50,727.371848
-15.664726,50,727.423319
-7.181509,50,727.478387
-9.105463,50,727.520258
-7.039457,50,727.566444
-7.319095,50,727.604266
-17.25054,50,727.641207
-17.576557,50,727.684482
-8.211794,50,727.733727
-6.029172,50,727.794561
-9.382914,50,727.842715
-8.805485,50,727.893934
-8.466338,50,727.932093
-7.007851,50,727.981952
-5.861498,50,728.025811
-11.172575,50,728.081686
-9.759824,50,728.119987
-4.266513,50,728.156861
-6.260576,50,728.207458
-6.924089,50,728.269176
-11.172186,50,728.335204
-13.417331,50,728.394152
-7.324536,50,728.442477
-15.753855,50,728.480582
-8.703006,50,728.527565
-13.238334,50,728.585347
-5.146298,50,728.650057
-7.611447,50,728.711185
-17.698631,50,728.759689
-18.33561,50,728.807865
-9.036738,50,728.849286
-10.043847,50,728.889831
-12.262987,50,728.924889
-7.656257,50,728.964334
-11.869569,50,729.00689
-8.688286,50,729.062888
-16.425363,50,729.10727
-7.15528,50,729.152159
-7.064474,50,729.688635
-9.140058,50,729.741712
-7.061556,50,729.786521
-6.607736,50,729.84061
-16.975664,50,729.894173
-11.464999,50,729.943606
-6.200815,50,729.991752
-8.661245,50,730.044364
-8.22201,50,730.083876
-10.230297,50,730.128785
-6.638852,50,730.167107
-6.223131,50,730.200757
-10.473135,50,730.246152
-10.102757,50,730.305917
-5.723521,50,730.372892
-4.723049,50,730.42239
-17.1443,50,730.477055
-9.69684,50,730.540792
-18.487245,50,730.584587
-11.011947,50,730.64093
-6.580619,50,730.700115
-18.639683,50,730.746236
-8.899221,50,730.783915
-8.533459,50,730.83306
-10.968893,50,730.871201
-8.333595,50,730.914061
-7.296063,50,730.949988
-8.908473,50,730.987264
-7.098826,50,731.025958
-16.87791,50,731.068072
-7.458519,50,731.116907
-13.014166,50,731.157478
-12.598404,50,731.216183
-14.665752,50,731.271918
-6.274052,50,731.319798
-5.30155,50,731.36603
-8.13414,50,731.409014
-12.450924,50,731.457589
-9.636523,50,731.520875
-10.865011,50,731.582934
-6.908957,50,731.636381
-9.167813,50,732.112059
-11.003283,50,732.152296
-19.741333,50,732.214303
-6.997593,50,732.268881
-7.093221,50,732.31794
-19.478112,50,732.369558
-6.199063,50,732.431914
-13.506499,50,732.486632
-8.27944,50,732.534852
-4.557264,50,732.572431
-7.996854,50,732.640949
-13.246723,50,732.691959
-7.504194,50,732.743273
-13.026135,50,732.793775
-5.854039,50,732.838657
-13.35726,50,732.877317
-8.519632,50,732.939613
-8.53589,50,732.999492
-12.686868,50,733.058189
-13.181708,50,733.117315
-8.685792,50,733.196015
-7.697363,50,733.284285
-8.843633,50,733.349386
-10.011723,50,733.411684
-9.23519,50,733.47443
-4.330102,50,733.536125
-19.085524,50,733.591617
-4.230868,50,733.648408
-17.095604,50,733.688937
-14.976763,50,733.730766
-17.670504,50,733.773194
-5.352022,50,733.82225
-7.980645,50,733.872504
-8.659906,50,733.930353
-5.681489,50,733.98444
-8.734356,50,734.034849
-11.798133,50,734.087972
-14.899461,50,734.142144
-8.459687,50,734.197016
-9.517948,50,734.252262
-7.56764,50,734.307014
-9.75676,50,734.813197
-7.651215,50,734.859551
-12.151095,50,734.910777
-10.515535,50,734.962394
-16.721366,50,734.995763
-19.034664,50,735.038003
-6.053445,50,735.073358
-14.310455,50,735.108359
-18.509479,50,735.143384
-7.195778,50,735.190955
-15.61406,50,735.234425
-7.947153,50,735.293097
-14.030823,50,735.348161
-13.36791,50,735.396748
-7.719666,50,735.440103
-18.429101,50,735.491138
-11.073647,50,735.540993
-11.099699,50,735.576993
-6.952959,50,735.633124
-8.600568,50,735.680526
-9.812559,50,735.736502
-13.200036,50,735.787564
-4.338098,50,735.824071
-4.855196,50,735.859227
-5.269459,50,735.89172
-17.904772,50,735.924264
-17.541332,50,735.956409
-8.368504,50,735.988963
-13.153833,50,736.022762
-12.249753,50,736.057147
-12.446292,50,736.096431
-6.835337,50,736.135123
-13.49059,50,736.172534
-9.539167,50,736.214679
-11.056296,50,736.254921
-5.320742,50,736.315048
-10.528189,50,736.374132
-12.686265,50,736.411863
-14.211306,50,736.446612
-14.007856,50,736.493226
-6.677263,50,736.529713
-7.533667,50,737.041708
-6.640046,50,737.075981
-19.154219,50,737.109222
-11.392724,50,737.140863
-9.525388,50,737.172708
-4.750142,50,737.203305
-15.858915,50,737.232978
-10.009733,50,737.266423
-15.838462,50,737.298435
-16.823497,50,737.331007
-6.966718,50,737.373783
-7.852876,50,737.42949
-7.02812,50,737.476296
-10.035368,50,737.523338
-12.24619,50,737.582248
-6.442135,50,737.639245
-12.777599,50,737.688444
-8.861701,50,737.741304
-9.790988,50,737.774379
-11.015461,50,737.808131
-7.44091,50,737.846181
-10.298944,50,737.902324
-7.714296,50,737.937661
-14.632134,50,737.971825
-12.099729,50,738.010937
-7.471533,50,738.045758
-14.00938,50,738.079847
-18.38241,50,738.114818
-7.351325,50,738.161828
-7.016751,50,738.202715
-6.953355,50,738.247569
-15.701545,50,738.301391
-6.429551,50,738.338382
-11.364757,50,738.369313
-17.206832,50,738.405927
-14.899136,50,738.440224
-7.610664,50,738.474017
-9.471302,50,738.514016
-9.460831,50,738.564069
-8.660893,50,738.626985
-12.454604,50,738.678554
-8.935045,50,739.137242
-15.458707,50,739.178134
-7.009169,50,739.260578
-14.276874,50,739.32156
-6.608837,50,739.377788
-11.161048,50,739.413176
-15.75666,50,739.472762
-7.726933,50,739.541137
-10.208792,50,739.589461
-7.127684,50,739.624708
-3.665013,50,739.680665
-17.119656,50,739.719672
-16.331955,50,739.760864
-16.761673,50,739.804253
-17.180843,50,739.838698
-8.979745,50,739.874631
-10.086588,50,739.907686
-4.543637,50,739.941233
-7.892283,50,739.975116
-4.182904,50,740.008222
-8.632413,50,740.042788
-18.039365,50,740.077129
-8.746518,50,740.107919
-7.418632,50,740.13808
-8.216732,50,740.173635
-12.057029,50,740.219985
-11.310837,50,740.259753
-9.80452,50,740.296882
-5.144561,50,740.329637
-4.565548,50,740.362032
-13.876153,50,740.394763
-8.291382,50,740.454673
-10.637548,50,740.488378
-7.437857,50,740.528293
-12.216906,50,740.579251
-14.086572,50,740.623748
-17.656729,50,740.662765
-11.157831,50,740.704817
-7.629198,50,740.745633
-6.66169,50,740.794585
-6.382177,50,740.831877
-6.11924,50,741.326794
-19.641706,50,741.379338
-11.672558,50,741.435718
-7.898259,50,741.472964
-7.275232,50,741.518977
-10.803743,50,741.57501
-8.508024,50,741.633003
-5.687185,50,741.698803
-16.631386,50,741.771524
-5.859517,50,741.844292
-8.9314,50,741.916409
-8.839586,50,741.985495
-12.378907,50,742.054241
-16.733727,50,742.123434
-6.803741,50,742.19574
-15.296351,50,742.266267
-10.815692,50,742.339294
-15.687107,50,742.41268
-9.324153,50,742.486093
-12.13825,50,742.55865
-12.45982,50,742.635539
-12.143115,50,742.707302
-8.305785,50,742.783233
-6.239792,50,742.855
-12.430135,50,742.928816
-12.632333,50,742.998393
-15.785398,50,743.06977
-7.031706,50,743.138397
-8.519479,50,743.208005
-15.449151,50,743.27963
-9.558711,50,743.35134
-12.549403,50,743.420162
-6.407971,50,743.489116
-18.220678,50,743.557118
-14.915578,50,743.627737
-11.797669,50,743.697269
-8.039936,50,743.769767
-7.382692,50,743.842137
-8.990639,50,743.915305
-12.78588,50,743.985303
-15.651068,50,744.0546
-6.363316,50,744.983076
-5.38361,50,745.056577
-11.808227,50,745.125911
-13.383467,50,745.195358
-7.730884,50,745.266885
-7.63087,50,745.338549
-11.937161,50,745.409572
-14.592959,50,745.479388
-13.69458,50,745.54918
-11.160793,50,745.621284
-14.987389,50,745.688343
-18.785095,50,745.761474
-7.300355,50,745.832016
-11.216396,50,745.900983
-9.257933,50,745.969569
-9.590788,50,746.040422
-13.288158,50,746.11226
-6.319407,50,746.182313
-19.467686,50,746.251691
-11.771991,50,746.322289
-12.635194,50,746.391895
-8.739434,50,746.464117
-10.75705,50,746.534555
-10.623006,50,746.575926
-14.829776,50,746.615965
-3.875004,50,746.65252
-5.581324,50,746.687435
-15.597897,50,746.720779
-5.526419,50,746.755817
-6.600739,50,746.821711
-8.229239,50,746.896364
-5.193776,50,746.967323
-14.672543,50,747.042728
-5.496359,50,747.114163
-12.796513,50,747.188103
-13.599951,50,747.258997
-11.975671,50,747.331449
-12.369553,50,747.401779
-12.688263,50,747.472904
-15.458925,50,747.544225
-7.855566,50,747.615323
-17.71822,50,748.541651
-13.945359,50,748.611908
-8.151085,50,748.681498
-9.607251,50,748.753367
-9.057936,50,748.822973
-13.983723,50,748.892838
-5.656419,50,748.962529
-18.484304,50,749.032537
-13.634961,50,749.100597
-5.471777,50,749.168223
-8.423688,50,749.235324
-8.747712,50,749.303145
-5.443036,50,749.372342
-13.56472,50,749.442275
-17.832482,50,749.5114
-14.654544,50,749.583233
-7.92357,50,749.650925
-9.673367,50,749.721767
-15.19981,50,749.792202
-5.360891,50,749.860816
-7.04745,50,749.93341
-16.192018,50,750.003655
-5.666674,50,750.073816
-10.354379,50,750.140407
-8.845684,50,750.208102
-16.219185,50,750.276231
-11.588316,50,750.347468
-6.221704,50,750.415576
-9.344433,50,750.482887
-7.957568,50,750.552241
-10.290283,50,750.622333
-9.649392,50,750.68925
-13.143979,50,750.754197
-6.610149,50,750.822102
-12.710425,50,750.891063
-10.920642,50,750.958919
-8.285203,50,751.030908
-8.046815,50,751.100216
-15.289328,50,751.166335
-6.49107,50,751.234943
-6.538965,50,751.303449
-8.611499,50,752.201555
-7.117328,50,752.243027
-17.653107,50,752.296987
-10.171369,50,752.335592
-13.592566,50,752.385006
-9.387124,50,752.418022
-15.871449,50,752.451551
-7.081397,50,752.484518
-7.460967,50,752.517506
-8.762713,50,752.550103
-10.027297,50,752.585455
-14.833719,50,752.622062
-4.301298,50,752.65804
-8.050278,50,752.693964
-10.189291,50,752.727514
-7.320506,50,752.760845
-7.177251,50,752.79432
-7.292805,50,752.827464
-4.783777,50,752.859152
-12.948862,50,752.892815
-5.2332,50,752.925185
-14.566049,50,752.959801
-7.302114,50,752.994943
-9.365379,50,753.028315
-5.570996,50,753.060947
-17.068953,50,753.095764
-10.525394,50,753.129129
-6.707087,50,753.167797
-7.00839,50,753.210832
-14.477384,50,753.255827
-5.851671,50,753.292934
-5.678798,50,753.347692
-3.801298,50,753.399676
-17.738732,50,753.436908
-13.205143,50,753.470783
-11.865403,50,753.509601
-6.359722,50,753.545853
-16.108547,50,753.594041
-17.664808,50,753.642251
-8.42828,50,753.685273
-6.778485,50,753.729164
-12.352697,50,754.190745
-18.363756,50,754.248364
-9.212965,50,754.306995
-5.465069,50,754.358426
-11.603644,50,754.419675
-14.831501,50,754.459742
-16.013365,50,754.493942
-9.9645,50,754.547334
-13.443584,50,754.605957
-5.729593,50,754.663186
-11.172811,50,754.70547
-6.603053,50,754.739034
-13.270736,50,754.77525
-9.418951,50,754.813911
-14.65582,50,754.881625
-5.944669,50,754.919347
-10.759453,50,754.952933
-17.600985,50,754.984885
-10.504154,50,755.034325
-19.788269,50,755.074923
-18.005981,50,755.110558
-15.132896,50,755.157635
-17.823572,50,755.219542
-7.685168,50,755.275826
-6.421648,50,755.334889
-12.90901,50,755.38738
-6.711502,50,755.437933
-12.116316,50,755.481344
-15.094799,50,755.519319
-5.410768,50,755.552222
-10.796133,50,755.585699
-7.300287,50,755.61922
-13.678339,50,755.651862
-17.149002,50,755.68655
-10.488358,50,755.728279
-7.338605,50,755.761311
-17.124657,50,755.795941
-16.122947,50,755.828483
-5.662951,50,755.860884
-8.84474,50,755.896432
-12.214523,50,755.929982
-10.746329,50,756.405438
-8.858697,50,756.460567
-6.416884,50,756.521107
-13.357951,50,756.578029
-6.658494,50,756.635856
-16.766759,50,756.687977
-8.579209,50,756.7419
-16.649249,50,756.788729
-7.674749,50,756.843397
-8.426273,50,756.895833
-15.310545,50,756.945834
-14.850303,50,756.989793
-7.270039,50,757.035066
-8.017661,50,757.087041
-18.261666,50,757.124982
-19.071012,50,757.163918
-15.981443,50,757.205553
-7.147702,50,757.241307
-9.790237,50,757.301363
-11.91328,50,757.350536
-11.596199,50,757.416582
-8.92119,50,757.472132
-12.236859,50,757.5307
-14.399665,50,757.589063
-5.216829,50,757.644879
-6.414669,50,757.695744
-18.222257,50,757.745793
-16.902966,50,757.802584
-11.433858,50,757.856623
-15.428493,50,757.905487
-17.658868,50,757.948433
-17.245624,50,758.004826
-11.274147,50,758.053643
-9.970501,50,758.104176
-17.987271,50,758.157655
-6.406196,50,758.216369
-8.839147,50,758.250694
-7.813266,50,758.297493
-16.032707,50,758.337153
-15.841157,50,758.378224
-17.156504,50,758.411292
-12.269586,50,758.866475
-7.436567,50,758.910053
-12.600209,50,758.959682
-5.322733,50,759.001431
-9.641021,50,759.046297
-14.876886,50,759.103496
-10.194744,50,759.14303
-15.699336,50,759.186943
-13.386231,50,759.223007
-4.939707,50,759.259087
-9.245708,50,759.304016
-9.954175,50,759.344935
-9.738679,50,759.39786
-5.066399,50,759.458391
-6.161884,50,759.512045
-10.669889,50,759.568498
-14.294387,50,759.625646
-16.00823,50,759.685097
-6.314335,50,759.739578
-11.076409,50,759.793565
-10.554061,50,759.832938
-16.870176,50,759.878192
-8.748564,50,759.93049
-7.054078,50,759.989782
-5.218112,50,760.037675
-6.929793,50,760.078758
-12.395574,50,760.128673
-12.258892,50,760.190273
-15.825353,50,760.246975
-7.492246,50,760.304132
-14.673519,50,760.357699
-8.846299,50,760.41797
-8.623631,50,760.48438
-10.274242,50,760.542226
-5.852568,50,760.601171
-15.273893,50,760.656793
-6.901298,50,760.711742
-15.634752,50,760.763163
-7.393125,50,760.797949
-13.375632,50,760.83841
-7.493421,50,760.885553
-9.867506,50,761.343226
-11.567139,50,761.40502
-7.296911,50,761.469944
-7.768662,50,761.523948
-16.234753,50,761.574973
-9.718188,50,761.62798
-14.034183,50,761.681828
-5.280434,50,761.736718
-5.601118,50,761.786889
-7.343422,50,761.842769
-14.960998,50,761.891035
-9.645053,50,761.952412
-8.941833,50,762.005606
-14.845076,50,762.053731
-7.514239,50,762.107631
-8.810831,50,762.15714
-14.808406,50,762.205805
-17.465482,50,762.260928
-7.142415,50,762.303989
-8.439661,50,762.348312
-16.310917,50,762.40428
-5.238653,50,762.460337
-15.65498,50,762.519017
-5.977927,50,762.574683
-15.686848,50,762.623021
-10.579684,50,762.680126
-16.123208,50,762.732178
-17.482093,50,762.784948
-18.065825,50,762.842028
-16.770695,50,762.900428
-16.821183,50,762.949343
-7.028088,50,763.010191
-18.436525,50,763.062961
-6.616355,50,763.106101
-7.399602,50,763.144958
-13.503384,50,763.189399
-9.497507,50,763.233942
-7.760719,50,763.284096
-7.721949,50,763.32095
-6.690728,50,763.357527
-10.606405,50,763.81593
-6.471224,50,763.883813
-9.156974,50,763.939739
-19.283864,50,763.993619
-16.804156,50,764.045145
-15.520011,50,764.100043
-9.384769,50,764.158732
-16.287389,50,764.211511
-10.185047,50,764.267499
-10.104103,50,764.324442
-8.259558,50,764.374438
-6.069271,50,764.432306
-6.70845,50,764.498991
-6.520095,50,764.547319
-15.629997,50,764.604012
-7.086002,50,764.660398
-6.622376,50,764.717722
-10.346691,50,764.77381
-12.116451,50,764.830528
-12.167694,50,764.887366
-13.926857,50,764.949618
-8.419199,50,764.998366
-7.520025,50,765.052336
-12.194093,50,765.108377
-15.070001,50,765.163018
-8.063681,50,765.222422
-14.56153,50,765.277076
-10.106348,50,765.337743
-19.501796,50,765.397043
-9.491404,50,765.455351
-14.302131,50,765.509161
-10.212399,50,765.569106
-12.462941,50,765.624388
-6.360407,50,765.68004
-15.817231,50,765.732286
-13.842301,50,765.789244
-10.760168,50,765.845128
-11.110137,50,765.901949
-17.683711,50,765.960578
-7.62746,50,766.019049
-12.062988,50,766.075638
-15.393945,50,766.547873
-7.988341,50,766.601343
-8.073438,50,766.662457
-9.000308,50,766.722899
-15.343638,50,766.778098
-5.716249,50,766.834147
-7.997456,50,766.891098
-4.142676,50,766.941839
-5.1774,50,766.99532
-11.112821,50,767.05405
-4.055639,50,767.100024
-12.278722,50,767.149977
-9.82967,50,767.200865
-8.246004,50,767.241667
-12.300975,50,767.289298
-12.007255,50,767.326752
-12.119883,50,767.37134
-8.209908,50,767.413332
-8.739968,50,767.456953
-13.96557,50,767.501508
-15.703139,50,767.549139
-9.141859,50,767.605485
-6.801062,50,767.659772
-15.750448,50,767.721462
-12.820351,50,767.775713
-8.367759,50,767.823341
-12.277089,50,767.879204
-16.699711,50,767.921285
-12.155879,50,767.95678
-6.383057,50,768.006792
-7.119739,50,768.05263
-7.380534,50,768.104836
-16.356754,50,768.155884
-14.140075,50,768.205655
-17.18675,50,768.262104
-17.512515,50,768.318017
-7.142287,50,768.358142
-8.970689,50,768.409646
-7.430658,50,768.449917
-17.690055,50,768.495202
-12.969152,50,768.538837
-19.110531,50,769.011424
-11.807707,50,769.062695
-5.867393,50,769.118385
-9.273574,50,769.171714
-13.706225,50,769.231404
-18.772115,50,769.28216
-11.245735,50,769.338282
-6.149372,50,769.379725
-7.748919,50,769.428768
-16.89757,50,769.4677
-6.831391,50,769.521177
-7.185993,50,769.579886
-6.058811,50,769.64126
-6.773619,50,769.703449
-13.469726,50,769.752944
-18.48568,50,769.809391
-9.000454,50,769.868791
-13.071794,50,769.925475
-7.44555,50,769.976339
-7.342282,50,770.036507
-14.616674,50,770.090709
-7.685319,50,770.145653
-8.459525,50,770.204157
-11.120213,50,770.25876
-8.604613,50,770.317767
-7.906491,50,770.378734
-10.823388,50,770.434211
-5.100343,50,770.480686
-10.276446,50,770.529092
-16.043628,50,770.582496
-11.783249,50,770.630876
-8.326442,50,770.691686
-7.251903,50,770.749802
-10.584623,50,770.808068
-12.932851,50,770.855822
-18.073173,50,770.910879
-13.840373,50,770.966027
-15.609768,50,771.024381
-14.747999,50,771.071536
-17.947572,50,771.136579
-9.113338,50,771.182485
-9.687361,50,771.676712
-13.126488,50,771.734495
-16.316891,50,771.789298
-9.040048,50,771.842327
-13.649128,50,771.896301
-9.549897,50,771.948608
-9.116049,50,772.006251
-15.750922,50,772.052425
-11.404617,50,772.104351
-19.129938,50,772.157223
-8.857533,50,772.208753
-9.76232,50,772.258126
-5.430159,50,772.302358
-17.406644,50,772.349071
-15.810817,50,772.394155
-16.170611,50,772.443514
-7.753406,50,772.49742
-15.020156,50,772.545559
-7.827124,50,772.59608
-10.546264,50,772.646971
-11.529438,50,772.695645
-6.682854,50,772.754644
-8.535016,50,772.811226
-5.570329,50,772.857864
-10.414857,50,772.92068
-5.771487,50,772.974464
-16.012174,50,773.026113
-11.148856,50,773.081027
-8.639874,50,773.128365
-13.72745,50,773.193565
-16.950935,50,773.23857
-7.355024,50,773.283381
-17.09631,50,773.331342
-14.014521,50,773.383771
-16.283076,50,773.441768
-7.566016,50,773.497311
-16.12384,50,773.541652
-7.147433,50,773.593157
-6.606522,50,773.646495
-7.152108,50,773.70885
-18.574296,50,773.768711
-17.772344,50,774.260547
-7.821811,50,774.322064
-8.647465,50,774.385889
-13.20617,50,774.438203
-15.073332,50,774.486072
-6.222232,50,774.546142
-6.897768,50,774.595371
-6.351323,50,774.650444
-9.017923,50,774.709106
-7.580421,50,774.761957
-10.356176,50,774.82041
-13.921641,50,774.868774
-7.136882,50,774.934684
-9.030661,50,774.990568
-8.615498,50,775.047851
-15.252871,50,775.081445
-7.083463,50,775.123636
-11.582917,50,775.166072
-12.320264,50,775.21261
-7.98929,50,775.254699
-11.879695,50,775.298228
-5.812333,50,775.335271
-9.020557,50,775.382725
-7.582192,50,775.432266
-10.564715,50,775.469553
-14.984842,50,775.526435
-16.987878,50,775.566354
-4.017946,50,775.626239
-7.969602,50,775.668561
-12.93806,50,775.724682
-12.867745,50,775.768728
-17.214395,50,775.815036
-16.702467,50,775.860921
-17.705917,50,775.907859
-16.275001,50,775.948828
-17.631799,50,775.999579
-7.883661,50,776.041704
-7.323331,50,776.100193
-14.503494,50,776.161221
-3.898614,50,776.220981
-6.077496,50,776.264321
