#{"t_start": 1765899236.4803221, "env_id": "Reacher-v4"}
r,l,t
-57.48734,50,1.142732
-64.018738,50,1.178991
-59.487657,50,1.214733
-58.766674,50,1.249377
-64.559245,50,1.282955
-68.336847,50,1.314948
-55.089572,50,1.347461
-61.247221,50,1.37944
-65.971902,50,1.413712
-65.380485,50,1.461264
-57.440595,50,1.504554
-65.408162,50,1.554338
-57.631555,50,1.593288
-65.992854,50,1.630957
-62.057567,50,1.663946
-61.510121,50,1.695594
-63.836804,50,1.727117
-71.094993,50,1.759331
-65.962658,50,1.794782
-59.828616,50,1.848652
-58.337797,50,1.890442
-62.737238,50,1.923636
-56.260435,50,1.961046
-62.537786,50,1.997695
-62.547752,50,2.043602
-61.499428,50,2.098407
-57.935034,50,2.149868
-56.026079,50,2.190149
-69.457319,50,2.23251
-61.197937,50,2.276201
-58.011684,50,2.319649
-60.095175,50,2.373363
-68.487733,50,2.429894
-65.454593,50,2.471643
-53.932397,50,2.518004
-59.852764,50,2.561765
-53.758722,50,2.608475
-60.0746,50,2.652763
-61.801614,50,2.701675
-56.981628,50,2.744529
-55.463841,50,3.354166
-64.107512,50,3.416409
-64.795357,50,3.471877
-56.319204,50,3.527958
-68.290333,50,3.591347
-61.17828,50,3.645657
-60.603185,50,3.696164
-60.415627,50,3.757893
-66.537982,50,3.80991
-59.069895,50,3.860537
-62.388346,50,3.911318
-59.000259,50,3.97148
-56.961875,50,4.020149
-57.945269,50,4.07757
-69.025064,50,4.137672
-60.985634,50,4.170724
-64.240439,50,4.200974
-61.276081,50,4.231197
-63.991426,50,4.286567
-55.075428,50,4.337757
-55.6984,50,4.406342
-63.299932,50,4.460557
-54.997171,50,4.515898
-61.802046,50,4.568156
-68.891908,50,4.621601
-57.769378,50,4.675994
-56.827784,50,4.735209
-59.470005,50,4.782413
-64.456367,50,4.83727
-58.731333,50,4.898702
-66.016729,50,4.954639
-59.955602,50,5.004298
-66.734372,50,5.061031
-69.43718,50,5.1125
-59.49109,50,5.165032
-65.481706,50,5.217249
-63.085134,50,5.275168
-68.854286,50,5.328711
-55.564684,50,5.386199
-57.650161,50,5.443609
-57.517686,50,5.501027
-61.999891,50,5.956499
-54.221263,50,6.015795
-55.041422,50,6.077713
-66.794214,50,6.132511
-57.122852,50,6.190164
-63.674179,50,6.249846
-63.205848,50,6.306715
-57.138155,50,6.363648
-64.216881,50,6.418485
-60.981341,50,6.468471
-57.871897,50,6.522857
-59.100065,50,6.581862
-52.714888,50,6.638853
-65.974685,50,6.677683
-56.026898,50,6.732774
-61.695802,50,6.791547
-62.316363,50,6.843821
-52.864072,50,6.903699
-57.488999,50,6.961992
-62.528527,50,7.017475
-62.363035,50,7.082345
-54.771948,50,7.146931
-63.054236,50,7.205263
-54.479643,50,7.263082
-63.180655,50,7.318759
-63.974213,50,7.378534
-53.85701,50,7.438059
-64.631492,50,7.494359
-58.688075,50,7.55303
-73.864215,50,7.595425
-56.876734,50,7.656103
-62.202288,50,7.713565
-56.875086,50,7.770213
-60.473949,50,7.833755
-55.556375,50,7.892843
-52.467633,50,7.953961
-52.353402,50,8.016682
-62.078489,50,8.082409
-53.383241,50,8.136694
-62.594965,50,8.199136
-60.470978,50,8.260185
-64.180867,50,8.762496
-64.263677,50,8.824395
-56.820145,50,8.88349
-57.339087,50,8.938654
-59.613447,50,8.997068
-62.993941,50,9.051012
-54.491576,50,9.108443
-57.906189,50,9.176594
-59.496086,50,9.234582
-54.672276,50,9.290184
-58.784357,50,9.351351
-58.023123,50,9.404697
-53.275325,50,9.464907
-50.457668,50,9.515554
-58.130288,50,9.573349
-61.904266,50,9.630566
-58.132338,50,9.682016
-51.831556,50,9.724776
-68.071467,50,9.776563
-54.556654,50,9.830408
-58.480731,50,9.885095
-54.304561,50,9.937647
-56.797335,50,9.99147
-66.874301,50,10.050899
-61.889777,50,10.11042
-48.635635,50,10.16532
-53.50468,50,10.227107
-53.865347,50,10.283785
-59.442912,50,10.33937
-53.619952,50,10.395582
-52.848901,50,10.459567
-61.300376,50,10.512813
-57.493827,50,10.570926
-51.176813,50,10.625531
-50.569017,50,10.676735
-64.62162,50,10.737364
-50.669925,50,10.792349
-55.044596,50,10.848571
-49.804283,50,10.903237
-59.586492,50,10.95348
-62.041038,50,11.008245
-48.818782,50,11.467132
-64.726591,50,11.52493
-49.130106,50,11.58427
-53.718739,50,11.637859
-51.341755,50,11.692863
-52.572789,50,11.755707
-57.37637,50,11.816535
-57.113535,50,11.873038
-43.25555,50,11.932695
-52.012076,50,11.990186
-46.682374,50,12.047963
-51.445896,50,12.10707
-59.117133,50,12.165557
-57.560479,50,12.220565
-57.159216,50,12.285843
-53.074787,50,12.341936
-55.604571,50,12.394801
-50.610971,50,12.451792
-49.824129,50,12.507391
-50.026986,50,12.562685
-51.608981,50,12.621797
-54.304529,50,12.675356
-53.564833,50,12.724697
-52.7386,50,12.778823
-57.248221,50,12.833517
-46.902124,50,12.890592
-53.458319,50,12.949427
-57.160119,50,13.000844
-53.601079,50,13.058376
-61.672321,50,13.116449
-55.046098,50,13.171219
-46.323148,50,13.223769
-52.89592,50,13.281312
-46.668866,50,13.335851
-65.360308,50,13.393739
-48.240217,50,13.449968
-52.789339,50,13.507837
-56.217657,50,13.569228
-57.745412,50,13.624067
-59.163353,50,13.681391
-53.270054,50,13.738883
-53.077899,50,14.233561
-54.549985,50,14.29159
-49.905838,50,14.350209
-47.747446,50,14.41474
-52.783093,50,14.467323
-60.793054,50,14.526435
-51.673661,50,14.577493
-54.416968,50,14.639633
-57.823132,50,14.691031
-54.835436,50,14.757321
-57.235006,50,14.816994
-48.46898,50,14.880163
-47.487916,50,14.942441
-45.881913,50,15.002369
-55.874982,50,15.063304
-43.386667,50,15.122048
-49.046501,50,15.18807
-54.415494,50,15.242676
-56.670486,50,15.300429
-50.868169,50,15.356627
-53.05443,50,15.404091
-60.806084,50,15.462705
-51.666079,50,15.526484
-46.288642,50,15.587933
-57.76931,50,15.652272
-56.905937,50,15.713544
-58.086452,50,15.771046
-45.387483,50,15.828802
-61.735561,50,15.89066
-49.845334,50,15.940376
-53.212874,50,15.996008
-50.031401,50,16.052669
-53.212681,50,16.112516
-43.094466,50,16.166783
-53.106602,50,16.222144
-55.206594,50,16.276178
-52.844892,50,16.335403
-58.432238,50,16.391814
-50.520805,50,16.444554
-45.953896,50,16.507734
-43.022451,50,16.569857
-54.989503,50,17.075699
-54.027609,50,17.135795
-51.26606,50,17.202163
-48.439217,50,17.270141
-51.472117,50,17.336445
-45.387868,50,17.402343
-51.352204,50,17.470557
-49.325306,50,17.541101
-50.621638,50,17.608167
-49.904539,50,17.674808
-43.368391,50,17.745634
-47.756304,50,17.814551
-56.124046,50,17.880903
-50.386428,50,17.949015
-52.022453,50,18.012785
-48.960473,50,18.078104
-57.421545,50,18.144561
-48.620383,50,18.208776
-58.68905,50,18.269604
-53.321454,50,18.335267
-44.125851,50,18.401832
-47.183996,50,18.467821
-49.001013,50,18.532802
-54.656883,50,18.597951
-48.685043,50,18.652148
-49.418255,50,18.715706
-52.012905,50,18.773288
-51.385831,50,18.831854
-49.204061,50,18.896028
-51.103597,50,18.96013
-52.985291,50,19.01967
-42.327576,50,19.079728
-45.61464,50,19.147427
-52.028846,50,19.211656
-53.686417,50,19.277272
-50.104324,50,19.340943
-46.786722,50,19.407444
-51.382671,50,19.472783
-45.859829,50,19.540595
-61.912948,50,19.603098
-47.067982,50,19.660863
-52.416041,50,20.164384
-42.301513,50,20.223083
-44.256842,50,20.288205
-46.910896,50,20.343571
-46.767636,50,20.400747
-57.461874,50,20.455818
-45.80132,50,20.507985
-46.769003,50,20.572682
-47.188945,50,20.637762
-51.099064,50,20.697788
-43.644154,50,20.762521
-39.2055,50,20.829247
-44.807372,50,20.88529
-47.576843,50,20.944918
-40.865756,50,20.988809
-51.797149,50,21.052155
-48.128755,50,21.106376
-37.590256,50,21.16243
-46.943678,50,21.217308
-38.319545,50,21.274939
-49.256793,50,21.329406
-45.746821,50,21.388237
-49.188188,50,21.444875
-47.750262,50,21.498687
-47.988545,50,21.559059
-47.673067,50,21.614995
-49.054667,50,21.665882
-59.912965,50,21.724763
-50.410041,50,21.777882
-52.444676,50,21.827028
-46.530618,50,21.882487
-51.205327,50,21.935302
-42.035147,50,21.989213
-53.868541,50,22.04713
-51.072277,50,22.104374
-45.377475,50,22.157569
-52.127568,50,22.209489
-46.914636,50,22.268837
-52.158985,50,22.324745
-49.227615,50,22.385028
-47.568104,50,22.442234
-45.610837,50,22.916831
-46.148623,50,22.976055
-57.954031,50,23.039534
-45.682528,50,23.098969
-47.729989,50,23.161817
-46.222706,50,23.218884
-42.782528,50,23.278655
-50.74342,50,23.335109
-47.274521,50,23.39667
-46.973451,50,23.461259
-48.186414,50,23.526915
-44.452964,50,23.587126
-41.528517,50,23.642911
-46.299185,50,23.698648
-48.753752,50,23.751785
-41.525435,50,23.812246
-45.008717,50,23.865985
-52.717381,50,23.918
-43.578022,50,23.971355
-47.997444,50,24.024867
-45.12072,50,24.091302
-44.854123,50,24.15671
-43.532967,50,24.219166
-40.925614,50,24.272567
-44.863281,50,24.333649
-47.792397,50,24.389932
-44.643092,50,24.446645
-45.363032,50,24.497304
-46.960899,50,24.557266
-48.006312,50,24.612378
-42.409978,50,24.66671
-44.427612,50,24.729518
-48.119471,50,24.786554
-50.978184,50,24.850205
-49.925809,50,24.904397
-41.591612,50,24.968254
-50.511812,50,25.029996
-46.583859,50,25.095425
-39.229542,50,25.152521
-46.136413,50,25.206847
-48.154503,50,25.267002
-43.240411,50,25.745143
-46.715434,50,25.800772
-43.027164,50,25.863675
-41.075897,50,25.919525
-42.002059,50,25.985154
-50.228806,50,26.045601
-42.800689,50,26.100609
-52.251766,50,26.155538
-51.130049,50,26.218626
-40.482359,50,26.274689
-45.860515,50,26.33979
-47.106263,50,26.402501
-39.247401,50,26.454799
-44.630392,50,26.513208
-39.128912,50,26.572507
-46.833506,50,26.634792
-43.765275,50,26.691649
-42.05021,50,26.746403
-41.888465,50,26.803624
-41.996698,50,26.858165
-39.087284,50,26.905641
-44.302926,50,26.941622
-40.958685,50,26.998707
-42.831557,50,27.053746
-41.391009,50,27.111358
-37.114164,50,27.177254
-44.694427,50,27.236488
-42.933038,50,27.294757
-48.795295,50,27.346151
-44.750504,50,27.406116
-49.439255,50,27.463505
-40.248261,50,27.520452
-40.646709,50,27.575102
-39.545853,50,27.632581
-42.066329,50,27.688705
-42.711973,50,27.757847
-42.438094,50,27.806174
-45.492778,50,27.862634
-45.854911,50,27.917006
-45.046377,50,27.97453
-42.777545,50,28.031547
-42.900892,50,28.523373
-41.383768,50,28.577531
-44.463219,50,28.640702
-37.312902,50,28.696782
-41.725306,50,28.758883
-43.127038,50,28.817125
-36.998706,50,28.874662
-42.143765,50,28.933338
-36.77616,50,29.004087
-46.690537,50,29.062452
-50.315137,50,29.123197
-36.127274,50,29.184602
-47.768941,50,29.248199
-40.508432,50,29.301203
-43.443794,50,29.354473
-37.00731,50,29.406032
-51.615521,50,29.463662
-42.438938,50,29.517485
-40.159835,50,29.578476
-40.094996,50,29.644429
-38.121088,50,29.703369
-44.113082,50,29.760757
-40.651274,50,29.808658
-36.212195,50,29.868295
-44.804537,50,29.926673
-48.647767,50,29.985557
-41.108537,50,30.043499
-34.341326,50,30.097454
-32.669142,50,30.158183
-32.048225,50,30.226125
-48.313801,50,30.293749
-37.942058,50,30.352068
-40.792982,50,30.411546
-40.250591,50,30.463097
-49.141907,50,30.523683
-40.430576,50,30.581668
-39.343511,50,30.636031
-35.877384,50,30.688612
-41.282709,50,30.744669
-44.153889,50,30.80493
-38.630413,50,30.860195
-36.773651,50,31.334656
-38.618306,50,31.390324
-36.814921,50,31.451696
-33.79057,50,31.501377
-33.755228,50,31.561966
-43.563873,50,31.611276
-43.927949,50,31.668399
-39.200396,50,31.72889
-36.448316,50,31.781353
-37.594289,50,31.832385
-38.674079,50,31.890306
-41.753641,50,31.950291
-35.801863,50,32.008785
-42.082396,50,32.068516
-41.454738,50,32.13472
-35.123594,50,32.196073
-31.324518,50,32.25234
-43.730292,50,32.301537
-33.900867,50,32.359879
-38.784533,50,32.416111
-38.704835,50,32.469552
-36.0793,50,32.525142
-44.356865,50,32.585112
-34.013312,50,32.639526
-40.097585,50,32.694813
-32.902552,50,32.750502
-45.543215,50,32.802743
-34.676076,50,32.854311
-36.437861,50,32.913507
-38.983824,50,32.966146
-37.449535,50,33.029286
-39.642977,50,33.088873
-35.529433,50,33.132881
-42.002897,50,33.191938
-36.41175,50,33.242021
-39.876617,50,33.298962
-39.854467,50,33.349422
-43.449225,50,33.40492
-36.986032,50,33.464757
-41.242906,50,33.516521
-35.658934,50,33.57559
-36.041719,50,34.087592
-37.999717,50,34.152221
-32.663615,50,34.215029
-39.205106,50,34.275877
-29.775126,50,34.340886
-33.978095,50,34.40885
-34.294644,50,34.472878
-42.906699,50,34.533596
-33.206376,50,34.595788
-39.403875,50,34.656024
-42.189598,50,34.714326
-32.98608,50,34.76355
-36.654223,50,34.831161
-40.684002,50,34.892671
-43.415357,50,34.949815
-36.660577,50,35.003847
-34.502208,50,35.064247
-43.777504,50,35.125802
-34.989423,50,35.174468
-32.165328,50,35.233517
-41.923164,50,35.283561
-35.102272,50,35.341421
-40.50343,50,35.408031
-41.112546,50,35.469218
-35.243807,50,35.524164
-30.825411,50,35.589542
-36.807295,50,35.651072
-37.719286,50,35.713476
-36.393831,50,35.77992
-33.159106,50,35.844599
-39.958205,50,35.902613
-33.528978,50,35.963985
-45.145955,50,36.030332
-30.653868,50,36.0937
-35.400822,50,36.152298
-40.653443,50,36.204951
-38.930076,50,36.266922
-42.773399,50,36.325723
-30.681877,50,36.377552
-35.556782,50,36.438644
-39.876695,50,36.493635
-35.917845,50,36.960702
-32.5998,50,37.017015
-33.257096,50,37.074417
-33.710642,50,37.136558
-45.777524,50,37.190681
-37.26225,50,37.246874
-32.678065,50,37.309806
-32.668935,50,37.365246
-41.284627,50,37.423467
-36.756135,50,37.486056
-32.166408,50,37.545723
-37.102505,50,37.601436
-38.836912,50,37.663296
-32.331474,50,37.71454
-33.581059,50,37.776544
-35.009465,50,37.827102
-28.2291,50,37.879607
-35.42478,50,37.934877
-42.065348,50,37.995907
-40.654265,50,38.050451
-32.966012,50,38.122948
-39.465568,50,38.187724
-43.492593,50,38.241668
-40.197919,50,38.295011
-33.095113,50,38.355062
-37.744314,50,38.409861
-37.929356,50,38.463495
-34.53695,50,38.522803
-36.177558,50,38.582164
-36.850903,50,38.635971
-46.063044,50,38.695812
-34.639616,50,38.753479
-31.851732,50,38.807784
-39.06352,50,38.863421
-37.418477,50,38.915543
-31.723987,50,38.968487
-31.654839,50,39.027178
-37.243144,50,39.079148
-35.782182,50,39.1341
-35.64093,50,39.194095
-36.371248,50,39.252717
-40.076184,50,39.722302
-33.561482,50,39.776381
-39.371841,50,39.833786
-31.882716,50,39.892453
-34.339471,50,39.946735
-37.489376,50,39.992281
-33.311018,50,40.059718
-31.308532,50,40.127699
-38.953475,50,40.182627
-31.324335,50,40.242626
-40.969305,50,40.307529
-31.893863,50,40.368826
-35.883372,50,40.430286
-33.022558,50,40.490007
-32.324921,50,40.549883
-40.281209,50,40.614335
-39.909204,50,40.671862
-30.552973,50,40.730534
-32.068347,50,40.787864
-32.010524,50,40.848446
-36.357941,50,40.88559
-35.758569,50,40.941528
-35.177061,50,40.996747
-30.376008,50,41.05358
-34.227158,50,41.107958
-32.908269,50,41.164542
-37.695519,50,41.22202
-34.643104,50,41.278259
-36.813936,50,41.341132
-34.743392,50,41.392182
-33.291373,50,41.452439
-34.361624,50,41.511756
-32.985535,50,41.569293
-36.775741,50,41.62656
-38.233601,50,41.686484
-37.354117,50,41.730017
-31.919479,50,41.786073
-38.142837,50,41.846056
-32.141245,50,41.902099
-37.354466,50,41.953133
-34.828277,50,42.003325
-29.228832,50,42.481518
-34.901367,50,42.544935
-34.124669,50,42.603816
-37.140001,50,42.667167
-36.296921,50,42.723209
-36.327416,50,42.786871
-33.815259,50,42.846608
-26.243896,50,42.911461
-33.008502,50,42.961315
-31.96918,50,43.018733
-36.90809,50,43.073346
-35.837612,50,43.139804
-30.609352,50,43.203284
-21.217347,50,43.26803
-26.34927,50,43.333038
-28.79694,50,43.394511
-31.473645,50,43.450014
-26.311439,50,43.500398
-29.723776,50,43.556723
-20.550756,50,43.608788
-29.746048,50,43.662618
-37.537524,50,43.718856
-32.934241,50,43.776274
-32.387188,50,43.823524
-32.295005,50,43.880944
-37.169277,50,43.933811
-35.596093,50,43.98693
-35.193814,50,44.050619
-30.819398,50,44.10285
-28.618057,50,44.149112
-31.000264,50,44.207066
-39.014907,50,44.266843
-26.534228,50,44.311966
-30.859432,50,44.364911
-32.015651,50,44.424215
-30.943139,50,44.482688
-29.725079,50,44.552345
-30.991807,50,44.622658
-39.831123,50,44.696009
-32.176876,50,44.76691
-30.335029,50,44.83379
-37.618014,50,45.333281
-35.735696,50,45.395717
-28.338808,50,45.453559
-34.307645,50,45.508893
-36.820912,50,45.57223
-34.683159,50,45.62867
-32.204101,50,45.694569
-30.484407,50,45.756299
-29.614426,50,45.809632
-35.310468,50,45.865319
-37.531614,50,45.918626
-26.091399,50,45.976177
-27.601604,50,46.035228
-27.336863,50,46.087607
-30.19112,50,46.130263
-29.942552,50,46.184956
-28.534119,50,46.247411
-29.510005,50,46.307582
-32.756591,50,46.360474
-31.97829,50,46.421701
-31.364893,50,46.479615
-33.052991,50,46.541046
-25.258063,50,46.597307
-28.495619,50,46.658477
-35.29494,50,46.715078
-33.910902,50,46.768784
-34.063359,50,46.823084
-32.522966,50,46.877559
-30.403704,50,46.935624
-29.804356,50,46.971974
-33.194852,50,47.015772
-31.43852,50,47.067801
-35.423465,50,47.125151
-40.031472,50,47.185163
-28.813325,50,47.250382
-29.673982,50,47.303695
-26.559084,50,47.36495
-28.422579,50,47.423571
-27.414125,50,47.477338
-25.93504,50,47.538413
-31.855829,50,47.589519
-44.009339,50,48.105083
-28.793156,50,48.171994
-35.204687,50,48.235487
-31.271073,50,48.297367
-32.850977,50,48.36551
-27.837291,50,48.433875
-27.341378,50,48.492367
-28.592091,50,48.55793
-34.960207,50,48.615665
-25.7328,50,48.678956
-24.731787,50,48.733792
-34.157827,50,48.806666
-21.931852,50,48.872644
-27.279995,50,48.92499
-33.070417,50,48.97736
-33.384619,50,49.031132
-30.518939,50,49.087836
-31.388996,50,49.141834
-28.745391,50,49.193988
-30.281449,50,49.254005
-35.5645,50,49.318964
-34.184273,50,49.374808
-33.958108,50,49.427142
-30.19898,50,49.488564
-29.431677,50,49.55146
-26.612556,50,49.604853
-33.782888,50,49.66757
-33.780931,50,49.724617
-27.655962,50,49.778244
-35.652284,50,49.840076
-32.336758,50,49.902822
-31.707842,50,49.958716
-31.246169,50,50.019992
-33.015784,50,50.07362
-32.334034,50,50.129443
-33.283903,50,50.184253
-32.115832,50,50.247134
-29.38139,50,50.305352
-33.787175,50,50.359964
-38.449689,50,50.407817
-40.952971,50,50.465623
-29.699084,50,50.942188
-39.277711,50,50.992852
-28.401889,50,51.049705
-28.017992,50,51.106134
-31.34806,50,51.166848
-30.116375,50,51.225053
-34.062372,50,51.285049
-32.327373,50,51.341139
-32.264252,50,51.397938
-30.283904,50,51.454598
-24.1908,50,51.518997
-31.214946,50,51.582994
-25.762387,50,51.6359
-23.015204,50,51.7014
-28.879953,50,51.759601
-34.362172,50,51.816675
-25.534449,50,51.87721
-26.310637,50,51.933974
-27.984249,50,51.989415
-24.599492,50,52.047674
-26.557371,50,52.104711
-24.508329,50,52.171906
-30.234257,50,52.245194
-26.360361,50,52.301533
-42.169245,50,52.350499
-27.367615,50,52.41052
-25.006101,50,52.477214
-26.631134,50,52.536969
-27.606817,50,52.60061
-25.758096,50,52.650484
-25.035139,50,52.712658
-27.139691,50,52.781105
-27.592782,50,52.85133
-32.805707,50,52.911736
-23.029346,50,52.971315
-32.845766,50,53.027416
-33.746176,50,53.08064
-34.162696,50,53.134083
-32.737234,50,53.18071
-34.135123,50,53.244168
-22.747367,50,53.298705
-32.605225,50,53.775763
-30.410483,50,53.830605
-29.701412,50,53.889403
-38.312591,50,53.945868
-27.584431,50,53.999066
-28.926455,50,54.065873
-28.851414,50,54.122304
-41.824376,50,54.177973
-31.875628,50,54.240771
-27.642871,50,54.300093
-23.744041,50,54.354723
-27.247594,50,54.412622
-23.289071,50,54.468762
-36.475623,50,54.527581
-30.364503,50,54.592489
-29.601461,50,54.649287
-28.376112,50,54.704469
-29.589049,50,54.755023
-33.050468,50,54.805214
-30.163956,50,54.862872
-23.308914,50,54.914153
-26.024949,50,54.967265
-28.809728,50,55.023389
-20.618933,50,55.077916
-23.026663,50,55.135201
-26.232582,50,55.187621
-31.069454,50,55.239211
-33.755227,50,55.293741
-27.881096,50,55.356198
-32.456087,50,55.407446
-37.969241,50,55.4666
-24.123175,50,55.521984
-31.020228,50,55.577494
-35.728372,50,55.62496
-24.948467,50,55.681798
-40.867942,50,55.731871
-27.192741,50,55.782451
-32.919572,50,55.834297
-28.542551,50,55.883707
-26.253653,50,55.938104
-22.52504,50,55.991233
-30.606272,50,56.450254
-23.108683,50,56.503292
-23.195169,50,56.558866
-29.884648,50,56.61592
-26.985702,50,56.667995
-24.400441,50,56.725632
-31.409807,50,56.778549
-24.911709,50,56.836151
-22.730364,50,56.886852
-25.458048,50,56.95454
-33.898916,50,57.015996
-27.056103,50,57.071588
-28.953558,50,57.129725
-34.264023,50,57.189405
-31.833445,50,57.250092
-29.602537,50,57.315066
-31.75855,50,57.367477
-28.608163,50,57.429121
-25.206522,50,57.47279
-23.810417,50,57.524305
-25.730512,50,57.583194
-30.922714,50,57.639688
-25.036872,50,57.69325
-29.978751,50,57.750902
-31.631514,50,57.806457
-30.000227,50,57.85933
-25.773305,50,57.913662
-23.988947,50,57.970824
-29.744638,50,58.028718
-23.079626,50,58.087224
-28.63721,50,58.141405
-22.92142,50,58.201072
-29.126997,50,58.251886
-18.364742,50,58.310576
-27.463241,50,58.36769
-24.748899,50,58.423309
-25.851104,50,58.472364
-27.927955,50,58.528102
-22.101793,50,58.587112
-27.423998,50,58.642016
-25.243216,50,58.69638
-23.488783,50,59.180436
-28.370579,50,59.236382
-20.476848,50,59.290897
-30.795049,50,59.350789
-28.290268,50,59.407848
-24.313868,50,59.469706
-22.676477,50,59.526533
-26.369847,50,59.574673
-31.926838,50,59.631693
-26.415868,50,59.691454
-32.764046,50,59.750828
-23.879574,50,59.807479
-28.087581,50,59.867738
-32.132865,50,59.921896
-30.389431,50,59.977043
-23.411913,50,60.035255
-36.009314,50,60.093951
-28.84761,50,60.153502
-26.765788,50,60.213735
-33.220456,50,60.258344
-22.730151,50,60.315605
-22.518093,50,60.371225
-29.652312,50,60.432804
-29.28359,50,60.481899
-30.358524,50,60.541296
-21.191785,50,60.592814
-25.472196,50,60.641028
-31.112134,50,60.713083
-26.685486,50,60.772763
-21.05039,50,60.839679
-27.393832,50,60.907386
-26.880746,50,60.966066
-29.219033,50,61.024169
-22.55572,50,61.087069
-30.268902,50,61.147624
-21.518397,50,61.207854
-28.46083,50,61.262091
-30.756543,50,61.325404
-23.123187,50,61.392068
-28.393694,50,61.448043
-31.330679,50,61.511611
-24.742482,50,62.026275
-36.989918,50,62.087713
-26.888871,50,62.147895
-25.946233,50,62.204999
-30.957349,50,62.260094
-22.025661,50,62.316753
-31.458743,50,62.371943
-17.746632,50,62.432528
-19.588039,50,62.50073
-37.382934,50,62.566601
-27.569816,50,62.621799
-26.552672,50,62.682804
-26.469904,50,62.74492
-23.324044,50,62.815945
-29.503121,50,62.887503
-27.588143,50,62.960817
-29.180352,50,63.026769
-26.610943,50,63.096709
-24.972349,50,63.15591
-29.051715,50,63.218811
-33.958145,50,63.27389
-34.42561,50,63.336985
-31.393196,50,63.403963
-24.964384,50,63.473021
-29.314649,50,63.532288
-30.274613,50,63.59508
-33.168499,50,63.657909
-28.178145,50,63.719074
-22.356265,50,63.778028
-28.978918,50,63.836551
-26.81747,50,63.89356
-23.039096,50,63.948415
-25.183824,50,64.006137
-27.88109,50,64.056943
-20.742298,50,64.114162
-21.713787,50,64.171814
-29.062913,50,64.231763
-25.387616,50,64.289039
-30.090538,50,64.349102
-28.339576,50,64.409437
-24.377847,50,64.466594
-32.01726,50,64.96679
-24.356039,50,65.033414
-26.890026,50,65.093047
-23.605832,50,65.152883
-23.604719,50,65.204735
-29.507031,50,65.264792
-26.543943,50,65.328847
-22.528101,50,65.379073
-21.075685,50,65.434513
-19.901564,50,65.492359
-31.080754,50,65.549335
-22.025283,50,65.600116
-30.595286,50,65.658421
-29.834738,50,65.708919
-24.07704,50,65.770236
-35.223247,50,65.820479
-33.51682,50,65.878762
-23.023139,50,65.926524
-23.114267,50,65.986098
-27.195487,50,66.04388
-30.605957,50,66.095264
-23.055226,50,66.14736
-33.018152,50,66.20281
-22.370558,50,66.255811
-26.293242,50,66.316505
-16.796337,50,66.374784
-23.681183,50,66.429754
-33.118219,50,66.483116
-29.08569,50,66.539186
-31.732835,50,66.59506
-24.915136,50,66.650304
-28.89483,50,66.702659
-26.301305,50,66.759809
-30.013138,50,66.818875
-23.228245,50,66.876657
-16.553859,50,66.934152
-29.063241,50,66.990804
-32.607395,50,67.044731
-24.273164,50,67.101458
-24.494499,50,67.149879
-24.090736,50,67.212658
-26.147388,50,67.685929
-20.230126,50,67.741878
-30.082041,50,67.800224
-29.007387,50,67.856214
-25.693552,50,67.907504
-18.699889,50,67.963158
-22.485665,50,68.016459
-24.106381,50,68.072598
-23.901882,50,68.127756
-21.507039,50,68.188267
-29.236653,50,68.242492
-18.68872,50,68.302343
-21.514805,50,68.360852
-25.576847,50,68.421414
-23.655483,50,68.477966
-31.341391,50,68.53333
-34.185048,50,68.601944
-21.300426,50,68.665197
-35.859302,50,68.71666
-19.575972,50,68.772737
-24.947963,50,68.839603
-15.073231,50,68.896379
-27.304213,50,68.953078
-21.554541,50,69.013557
-28.127223,50,69.074001
-19.787777,50,69.13784
-20.10479,50,69.204211
-22.984171,50,69.268602
-21.148764,50,69.332573
-30.610906,50,69.388438
-24.384134,50,69.443035
-23.937302,50,69.497823
-22.027975,50,69.552102
-22.451908,50,69.609999
-31.52225,50,69.662567
-26.919265,50,69.713519
-33.383411,50,69.774416
-23.557745,50,69.833204
-22.717037,50,69.888979
-32.295878,50,69.94439
-22.363819,50,70.00142
-22.651045,50,70.471151
-21.675512,50,70.52138
-17.971682,50,70.578535
-22.817807,50,70.644012
-16.560766,50,70.700845
-20.938551,50,70.756672
-33.364698,50,70.809518
-31.143049,50,70.869705
-22.223199,50,70.924698
-27.958666,50,70.975262
-25.578693,50,71.03807
-30.767541,50,71.093258
-16.8085,50,71.151946
-25.045287,50,71.20668
-30.584414,50,71.265826
-32.223497,50,71.32479
-17.722921,50,71.379857
-23.534409,50,71.441895
-26.765675,50,71.505396
-25.228434,50,71.561215
-19.984036,50,71.608145
-27.965591,50,71.664114
-37.858142,50,71.727526
-24.816107,50,71.784435
-23.472341,50,71.839384
-26.27699,50,71.895943
-24.520628,50,71.954602
-34.11426,50,72.010056
-25.998117,50,72.068449
-23.2618,50,72.11382
-26.612622,50,72.165304
-19.977753,50,72.224463
-27.411238,50,72.283265
-21.563174,50,72.333315
-23.93372,50,72.394633
-22.550366,50,72.446689
-21.020086,50,72.506142
-22.891592,50,72.565593
-16.598536,50,72.619872
-17.297173,50,72.682398
-26.441496,50,73.168939
-18.922633,50,73.220219
-26.029991,50,73.275581
-22.976048,50,73.334206
-19.374803,50,73.388921
-24.498377,50,73.447503
-30.72303,50,73.50773
-20.354154,50,73.562574
-24.312265,50,73.624043
-27.010049,50,73.675346
-32.122571,50,73.744456
-19.349724,50,73.811279
-18.568998,50,73.870372
-29.587765,50,73.924253
-23.765616,50,73.979448
-21.217692,50,74.044007
-25.546717,50,74.104555
-18.748664,50,74.158742
-17.586951,50,74.214029
-21.144334,50,74.263836
-17.701048,50,74.326095
-20.035441,50,74.389748
-28.332078,50,74.447844
-22.463535,50,74.51192
-21.088857,50,74.563573
-23.660852,50,74.62883
-26.78938,50,74.684647
-21.235447,50,74.732427
-15.627606,50,74.785128
-25.420521,50,74.840912
-20.240499,50,74.899158
-26.824802,50,74.961059
-21.306073,50,75.016256
-28.714986,50,75.079273
-20.431424,50,75.140102
-21.474345,50,75.194103
-23.2126,50,75.252103
-20.242571,50,75.302108
-19.265527,50,75.364686
-27.29113,50,75.428583
-25.703003,50,75.489621
-21.870311,50,75.973942
-33.374701,50,76.034925
-24.780755,50,76.079186
-17.761993,50,76.114106
-20.959892,50,76.159963
-26.42843,50,76.222895
-25.376448,50,76.279793
-22.276532,50,76.344103
-31.414211,50,76.399267
-27.018252,50,76.457552
-27.51159,50,76.508052
-21.017015,50,76.574001
-21.284276,50,76.627726
-21.435508,50,76.68769
-26.55977,50,76.740549
-18.956867,50,76.798489
-32.209979,50,76.84403
-34.77292,50,76.910615
-20.904129,50,76.964426
-18.527493,50,77.025652
-22.413377,50,77.076544
-24.195065,50,77.130295
-38.191026,50,77.193291
-25.509068,50,77.253134
-29.364045,50,77.309188
-28.690063,50,77.361683
-20.35444,50,77.414614
-30.845561,50,77.476565
-22.350375,50,77.538486
-28.632108,50,77.591561
-16.51439,50,77.644751
-27.03723,50,77.69719
-26.861502,50,77.751612
-20.43145,50,77.809824
-19.123749,50,77.867117
-21.27991,50,77.925761
-24.135333,50,77.974642
-20.923575,50,78.028371
-30.994791,50,78.090361
-23.482131,50,78.139152
-23.686624,50,78.199918
-21.970949,50,78.670555
-27.003295,50,78.724816
-21.971838,50,78.783566
-21.194081,50,78.849627
-30.176127,50,78.904719
-27.097718,50,78.955804
-18.148118,50,79.020027
-26.515811,50,79.082357
-23.125784,50,79.137023
-21.387151,50,79.198391
-18.627742,50,79.263327
-27.204633,50,79.315619
-18.310091,50,79.372221
-20.967676,50,79.437095
-23.520092,50,79.493307
-30.441302,50,79.544147
-18.426581,50,79.600376
-24.459008,50,79.656569
-25.422372,50,79.709499
-23.277845,50,79.767063
-23.746855,50,79.82726
-28.590789,50,79.884008
-23.173916,50,79.940335
-21.970249,50,79.989913
-31.082961,50,80.048463
-22.894524,50,80.104692
-26.522829,50,80.158757
-21.38801,50,80.221021
-22.134393,50,80.281366
-19.23139,50,80.337038
-16.562353,50,80.38736
-20.266114,50,80.444757
-20.607193,50,80.498626
-15.2713,50,80.556178
-19.453744,50,80.609818
-31.035283,50,80.670357
-32.578358,50,80.726443
-20.086222,50,80.784549
-20.915061,50,80.841226
-29.472002,50,80.894444
-13.432529,50,80.9546
-17.435508,50,81.4172
-20.286096,50,81.455846
-26.138207,50,81.510675
-16.041443,50,81.575696
-26.5524,50,81.633124
-23.646059,50,81.686416
-26.726769,50,81.728914
-17.982985,50,81.790715
-25.224504,50,81.848659
-26.074742,50,81.907966
-28.472549,50,81.962069
-19.25719,50,82.021194
-23.988396,50,82.077035
-28.024138,50,82.139329
-26.960723,50,82.202947
-19.050304,50,82.259658
-24.09128,50,82.319206
-19.878916,50,82.382823
-28.068926,50,82.43523
-23.965129,50,82.492
-26.469053,50,82.553246
-25.7265,50,82.608932
-19.826356,50,82.663618
-18.122397,50,82.723401
-24.494593,50,82.781929
-27.259021,50,82.841809
-21.753498,50,82.904399
-22.642357,50,82.962713
-19.255217,50,83.01471
-30.324464,50,83.082325
-19.248377,50,83.144834
-24.846405,50,83.202591
-23.810537,50,83.259918
-20.589095,50,83.315966
-33.192722,50,83.369529
-24.247832,50,83.429492
-19.036435,50,83.48786
-24.525715,50,83.547218
-22.90969,50,83.606184
-26.716516,50,83.658304
-34.113658,50,83.719209
-18.744217,50,84.190405
-20.601363,50,84.245351
-19.879246,50,84.304535
-15.657344,50,84.362055
-23.644625,50,84.406088
-17.131114,50,84.469771
-29.297938,50,84.529919
-23.206814,50,84.587351
-26.402418,50,84.651908
-16.260258,50,84.715356
-27.61759,50,84.771385
-26.149502,50,84.828741
-25.478507,50,84.883079
-26.374311,50,84.943882
-25.424841,50,85.007808
-22.997301,50,85.067847
-19.828418,50,85.126609
-16.749094,50,85.187492
-19.568359,50,85.253961
-15.778465,50,85.319641
-29.258263,50,85.377494
-14.424204,50,85.443039
-31.939927,50,85.49694
-21.572114,50,85.556506
-27.706809,50,85.620418
-18.238044,50,85.677301
-25.032373,50,85.739843
-24.172833,50,85.804738
-23.546895,50,85.862081
-25.224982,50,85.920342
-21.43083,50,85.983083
-21.183024,50,86.037437
-28.635263,50,86.095228
-20.70396,50,86.155836
-23.359132,50,86.21178
-15.543719,50,86.26452
-14.774237,50,86.331322
-23.097274,50,86.391859
-25.997733,50,86.45389
-15.817551,50,86.516061
-30.142103,50,86.576066
-21.985538,50,87.062453
-16.749111,50,87.12216
-26.807632,50,87.18006
-17.469146,50,87.240368
-21.432759,50,87.302524
-23.837564,50,87.362105
-19.998317,50,87.424592
-18.597273,50,87.488245
-27.614696,50,87.548116
-20.269502,50,87.609949
-20.037168,50,87.675824
-23.967698,50,87.743603
-31.665972,50,87.800366
-16.895249,50,87.855513
-26.726656,50,87.917808
-27.999298,50,87.969318
-19.238488,50,88.027971
-20.541408,50,88.07838
-19.060927,50,88.13347
-12.296246,50,88.190987
-32.1673,50,88.249657
-16.202477,50,88.303151
-26.695421,50,88.361998
-16.429597,50,88.417895
-17.941842,50,88.476359
-19.22012,50,88.531677
-24.634368,50,88.583823
-21.55406,50,88.637312
-20.41076,50,88.687917
-31.74982,50,88.747573
-14.219985,50,88.798632
-28.689447,50,88.861513
-26.895466,50,88.92243
-18.478532,50,88.98844
-24.385113,50,89.052729
-16.477865,50,89.113898
-15.426942,50,89.176589
-13.666113,50,89.242897
-18.663267,50,89.299037
-22.14803,50,89.36133
-24.084729,50,89.422951
-23.254068,50,89.90649
-24.7899,50,89.96949
-19.885467,50,90.024286
-27.373492,50,90.060823
-16.610297,50,90.117172
-25.829785,50,90.171496
-27.19638,50,90.22817
-28.181317,50,90.281623
-23.770542,50,90.336219
-12.594722,50,90.399594
-16.700633,50,90.455224
-11.650127,50,90.506807
-16.795789,50,90.560372
-22.713444,50,90.61784
-15.041826,50,90.676675
-21.392823,50,90.731521
-24.138174,50,90.792032
-16.349347,50,90.853775
-20.713028,50,90.909141
-27.190319,50,90.964422
-15.870166,50,91.0241
-24.226578,50,91.081942
-19.277864,50,91.137445
-16.564869,50,91.198743
-20.404931,50,91.257654
-16.176831,50,91.314148
-29.131315,50,91.368711
-20.090343,50,91.42847
-20.214189,50,91.491374
-28.579364,50,91.554336
-21.720233,50,91.601964
-14.827239,50,91.657278
-23.213862,50,91.715422
-20.716108,50,91.772011
-15.706564,50,91.827333
-20.906076,50,91.88062
-14.776084,50,91.942397
-27.581465,50,91.996568
-21.376188,50,92.047885
-15.778439,50,92.102405
-21.261738,50,92.153011
-19.205691,50,92.637523
-19.25406,50,92.696109
-14.60296,50,92.75269
-24.381778,50,92.80967
-22.201467,50,92.86512
-29.380779,50,92.927074
-17.80946,50,92.985655
-16.81573,50,93.04091
-23.568929,50,93.091535
-26.146192,50,93.148285
-22.245621,50,93.207106
-20.514269,50,93.268324
-21.541593,50,93.330752
-15.906163,50,93.386071
-19.319864,50,93.448581
-27.407838,50,93.512235
-23.005959,50,93.569003
-27.482816,50,93.625808
-21.808082,50,93.680046
-28.619148,50,93.736204
-25.522323,50,93.796566
-12.988687,50,93.849529
-19.36535,50,93.903317
-22.75525,50,93.963254
-28.501643,50,94.021196
-27.944306,50,94.076588
-16.514073,50,94.133963
-22.699603,50,94.18923
-31.734427,50,94.250814
-20.973138,50,94.314068
-22.367598,50,94.372703
-24.86763,50,94.424855
-26.341382,50,94.482363
-20.467148,50,94.536223
-29.665203,50,94.594914
-25.732055,50,94.653512
-27.718513,50,94.709216
-28.918653,50,94.767932
-29.594215,50,94.832293
-20.78909,50,94.886316
-13.573169,50,94.942825
-25.724238,50,95.423126
-24.774791,50,95.483528
-23.508414,50,95.536813
-30.363128,50,95.591303
-22.247243,50,95.642988
-23.324588,50,95.701972
-22.029205,50,95.76349
-19.883296,50,95.817784
-22.460487,50,95.877046
-25.016201,50,95.936224
-19.157935,50,95.989638
-17.894212,50,96.045992
-24.683012,50,96.093867
-22.039046,50,96.148741
-22.663109,50,96.203461
-23.220175,50,96.265054
-20.872703,50,96.322059
-21.070574,50,96.374157
-17.618319,50,96.432928
-16.944426,50,96.484613
-18.721876,50,96.536615
-21.747663,50,96.591331
-25.445186,50,96.648773
-24.334899,50,96.708213
-15.737896,50,96.763116
-26.958038,50,96.821478
-21.869591,50,96.88332
-18.976641,50,96.935207
-21.480198,50,96.986526
-19.720336,50,97.049505
-17.868969,50,97.114001
-15.108076,50,97.169863
-27.113634,50,97.216058
-24.913182,50,97.272053
-30.007783,50,97.32197
-29.554012,50,97.381713
-29.365312,50,97.437672
-27.981305,50,97.483464
-25.49759,50,97.544619
-18.229857,50,97.594383
-21.750662,50,97.644699
-22.217524,50,98.146732
-28.443903,50,98.210224
-28.65666,50,98.276678
-14.257709,50,98.341418
-26.648298,50,98.402408
-19.654175,50,98.458568
-20.8639,50,98.510987
-20.240053,50,98.565548
-21.771848,50,98.616093
-18.336077,50,98.676867
-12.52883,50,98.729091
-25.310093,50,98.787771
-26.90473,50,98.840677
-24.083789,50,98.901637
-25.540435,50,98.965761
-25.742117,50,99.019475
-20.121086,50,99.066059
-23.245191,50,99.122731
-27.492039,50,99.181287
-26.969154,50,99.244506
-18.211771,50,99.30452
-27.62582,50,99.368873
-21.614523,50,99.421531
-25.382282,50,99.461771
-18.495499,50,99.516784
-28.432563,50,99.574439
-30.003355,50,99.636499
-22.61307,50,99.691435
-15.262574,50,99.7456
-22.625445,50,99.804374
-16.059101,50,99.863078
-22.738089,50,99.919567
-21.670634,50,99.978235
-17.318844,50,100.03901
-20.444687,50,100.103773
-19.728262,50,100.157137
-29.691796,50,100.213041
-15.202118,50,100.267603
-30.119059,50,100.320714
-27.436849,50,100.382617
-25.828522,50,100.433549
-21.872972,50,100.933146
-23.929518,50,100.98264
-31.128433,50,101.046556
-15.274595,50,101.106823
-21.285967,50,101.166513
-19.76453,50,101.227127
-28.298343,50,101.287526
-30.673591,50,101.332624
-18.786273,50,101.381914
-24.816001,50,101.441076
-12.204159,50,101.491632
-15.803502,50,101.54542
-23.913662,50,101.606984
-14.992336,50,101.667545
-18.077586,50,101.730608
-16.133654,50,101.789571
-26.180702,50,101.848647
-23.072496,50,101.912645
-26.794401,50,101.972931
-13.226131,50,102.026024
-19.822802,50,102.082856
-16.432489,50,102.14332
-21.952505,50,102.200968
-13.985058,50,102.265111
-25.33916,50,102.322091
-23.978768,50,102.377579
-19.23239,50,102.442477
-24.152178,50,102.507603
-17.762302,50,102.571353
-22.166554,50,102.630046
-25.576628,50,102.684643
-25.984669,50,102.743769
-13.731623,50,102.807488
-24.36969,50,102.868266
-16.814797,50,102.923011
-21.075387,50,102.982245
-15.940311,50,103.037673
-12.229144,50,103.093875
-20.493141,50,103.14393
-18.938593,50,103.200905
-28.757831,50,103.263531
-24.498596,50,103.758891
-21.930089,50,103.812989
-27.234926,50,103.876321
-25.240267,50,103.93574
-26.225718,50,103.99977
-14.982814,50,104.061516
-24.130663,50,104.114643
-31.759779,50,104.178302
-29.566542,50,104.230785
-27.767914,50,104.282291
-24.561976,50,104.342442
-19.368217,50,104.396907
-29.296088,50,104.458705
-19.166433,50,104.508824
-24.375677,50,104.570439
-17.469885,50,104.627824
-21.170421,50,104.691351
-28.632469,50,104.739244
-26.806696,50,104.797712
-18.44148,50,104.847554
-27.1018,50,104.903751
-28.990758,50,104.959601
-19.708764,50,105.008573
-23.199116,50,105.063959
-18.324096,50,105.120828
-23.19887,50,105.171736
-22.104185,50,105.232834
-12.946398,50,105.293363
-12.599501,50,105.352261
-19.830752,50,105.414032
-29.620157,50,105.450606
-25.401715,50,105.507408
-30.129963,50,105.560499
-18.353085,50,105.616832
-21.283169,50,105.672558
-21.9051,50,105.731254
-22.702231,50,105.785464
-29.697771,50,105.841976
-17.90932,50,105.90144
-27.964672,50,105.958178
-12.910693,50,106.016431
-22.184196,50,106.503671
-18.509135,50,106.558167
-21.583716,50,106.609316
-22.070924,50,106.665425
-21.462999,50,106.726461
-21.044788,50,106.769954
-22.960578,50,106.825204
-23.164693,50,106.87971
-21.039574,50,106.945665
-25.757728,50,106.996318
-24.577461,50,107.056751
-22.207552,50,107.117705
-17.941989,50,107.174618
-28.3418,50,107.234675
-22.990628,50,107.301646
-19.27418,50,107.358367
-26.33524,50,107.414848
-22.744648,50,107.467525
-21.165528,50,107.533897
-25.219168,50,107.592625
-29.180755,50,107.648746
-29.143926,50,107.70826
-20.929316,50,107.766656
-14.944777,50,107.821534
-21.128616,50,107.875926
-15.154195,50,107.933677
-26.525649,50,107.984911
-12.012351,50,108.039482
-22.21297,50,108.099658
-28.328696,50,108.150884
-21.715121,50,108.205783
-15.562895,50,108.266964
-25.40571,50,108.316512
-28.681952,50,108.36877
-16.533055,50,108.426203
-20.349119,50,108.478122
-15.917663,50,108.532766
-17.864258,50,108.594845
-20.719422,50,108.651323
-21.819918,50,108.708616
-15.784002,50,108.762963
-14.065441,50,109.244975
-11.525069,50,109.303805
-23.24155,50,109.361646
-15.39676,50,109.420014
-21.9974,50,109.47338
-14.222767,50,109.532754
-16.092794,50,109.586703
-13.633506,50,109.643516
-23.096101,50,109.699393
-17.495273,50,109.756624
-20.376835,50,109.814344
-16.128084,50,109.864447
-14.246459,50,109.9204
-16.136925,50,109.982545
-19.102526,50,110.03921
-15.287563,50,110.096017
-13.959983,50,110.154262
-23.026028,50,110.203254
-18.952224,50,110.261363
-12.821283,50,110.314574
-21.319508,50,110.366475
-18.500208,50,110.430663
-22.417431,50,110.485834
-18.240553,50,110.541421
-22.318235,50,110.600259
-24.278927,50,110.666568
-15.998778,50,110.723879
-21.04778,50,110.776806
-22.98682,50,110.833101
-28.032012,50,110.889854
-18.675303,50,110.939842
-26.414126,50,110.995802
-12.730696,50,111.050927
-19.6025,50,111.102851
-23.873819,50,111.159213
-24.226034,50,111.219769
-21.6669,50,111.275685
-26.81231,50,111.332467
-21.913735,50,111.386655
-24.17354,50,111.450334
-27.47361,50,111.495697
-16.646881,50,111.987009
-25.757227,50,112.043118
-14.935905,50,112.104082
-18.405478,50,112.169423
-19.274856,50,112.234818
-23.701933,50,112.296619
-12.858898,50,112.352817
-13.217543,50,112.413665
-15.510884,50,112.47114
-21.460541,50,112.528087
-14.259322,50,112.582618
-29.135828,50,112.635535
-20.259675,50,112.696145
-15.066088,50,112.757111
-18.454327,50,112.811969
-17.665866,50,112.869526
-16.607232,50,112.926823
-14.370432,50,112.985676
-21.450113,50,113.040407
-28.16076,50,113.096918
-16.13019,50,113.155849
-15.831308,50,113.211873
-15.383033,50,113.271315
-23.257476,50,113.321035
-10.927573,50,113.384777
-29.01816,50,113.439317
-22.429167,50,113.498857
-15.299179,50,113.551171
-15.436726,50,113.606056
-19.878312,50,113.664376
-20.10325,50,113.726261
-25.263151,50,113.780132
-19.721733,50,113.838862
-22.271022,50,113.885442
-28.146149,50,113.941824
-16.584476,50,113.996945
-27.093224,50,114.052756
-23.267469,50,114.116678
-19.528156,50,114.165519
-12.021762,50,114.228748
-20.439546,50,114.283437
-17.997318,50,114.742907
-18.594618,50,114.800191
-29.364242,50,114.86281
-19.045612,50,114.916514
-14.859013,50,114.975381
-13.780523,50,115.040004
-11.11847,50,115.098063
-20.568164,50,115.146969
-26.996691,50,115.203068
-20.474915,50,115.257117
-19.402456,50,115.319171
-21.506213,50,115.379828
-20.02418,50,115.44337
-23.467524,50,115.505848
-14.550035,50,115.561998
-26.411672,50,115.620451
-10.376275,50,115.679851
-14.28308,50,115.734201
-21.453019,50,115.784804
-26.721593,50,115.837418
-14.765184,50,115.902844
-26.391851,50,115.958554
-23.33496,50,116.021756
-10.927757,50,116.082904
-22.18555,50,116.141877
-14.36703,50,116.204019
-24.349835,50,116.256042
-22.729035,50,116.312411
-26.573117,50,116.369359
-14.363125,50,116.422254
-27.496321,50,116.479664
-20.618682,50,116.538946
-22.45693,50,116.597703
-22.986349,50,116.656785
-23.961677,50,116.707967
-19.683641,50,116.764607
-24.72621,50,116.819344
-22.308736,50,116.870101
-23.861079,50,116.922932
-27.440962,50,116.972201
-13.288069,50,117.027483
-26.585396,50,117.507366
-18.749285,50,117.556333
-15.386324,50,117.605309
-23.600008,50,117.669086
-22.747434,50,117.726182
-21.271914,50,117.781031
-18.802678,50,117.836221
-14.75391,50,117.889749
-16.139721,50,117.947781
-27.221191,50,118.003588
-18.211087,50,118.066082
-16.897331,50,118.124375
-16.048087,50,118.188976
-19.795635,50,118.252567
-20.080269,50,118.313872
-16.988384,50,118.369955
-13.429915,50,118.425358
-22.055444,50,118.479536
-24.122429,50,118.536962
-25.908758,50,118.592557
-26.015581,50,118.642972
-24.92193,50,118.704393
-16.978013,50,118.764403
-19.130166,50,118.817922
-19.017605,50,118.870011
-13.678199,50,118.932839
-26.476172,50,118.987871
-10.517354,50,119.036948
-28.030443,50,119.084486
-20.933273,50,119.145754
-27.581008,50,119.198493
-29.273054,50,119.254678
-19.027896,50,119.312826
-12.28767,50,119.37009
-28.71813,50,119.430066
-20.819914,50,119.48473
-21.625984,50,119.544427
-18.896709,50,119.600818
-14.168708,50,119.66131
-20.086473,50,119.718592
-17.3034,50,119.779292
-15.206499,50,120.278303
-23.138344,50,120.337692
-16.416132,50,120.395602
-22.311391,50,120.461447
-24.496813,50,120.520651
-22.400827,50,120.580757
-29.731393,50,120.6398
-30.12498,50,120.702261
-12.54704,50,120.759038
-15.417372,50,120.808933
-20.847015,50,120.86141
-18.853967,50,120.919801
-26.072448,50,120.984511
-10.646922,50,121.045509
-29.729164,50,121.103206
-20.635964,50,121.163747
-22.503107,50,121.21784
-24.831943,50,121.274207
-17.972907,50,121.326319
-21.555783,50,121.381763
-13.570015,50,121.438592
-27.582992,50,121.49313
-25.351556,50,121.550462
-19.242281,50,121.610195
-26.100792,50,121.662218
-24.541888,50,121.716807
-18.520187,50,121.774311
-15.638438,50,121.826668
-22.101484,50,121.879453
-12.626702,50,121.929947
-24.843461,50,121.978922
-20.949817,50,122.037122
-25.246476,50,122.099268
-13.824731,50,122.154979
-19.547005,50,122.220682
-25.31583,50,122.283181
-21.921803,50,122.341672
-21.136394,50,122.398487
-18.714234,50,122.451247
-20.065794,50,122.509628
-13.701445,50,122.564511
-16.548903,50,123.029937
-12.451193,50,123.088767
-21.585025,50,123.153679
-12.79949,50,123.219691
-20.466873,50,123.274183
-18.27314,50,123.326416
-19.519777,50,123.382439
-28.620089,50,123.441169
-17.392308,50,123.493528
-23.491871,50,123.551155
-20.560898,50,123.607641
-15.869241,50,123.668001
-23.021914,50,123.731441
-18.155816,50,123.786284
-11.61096,50,123.847273
-27.494811,50,123.905157
-20.588198,50,123.959607
-12.265293,50,124.017794
-14.010242,50,124.063246
-21.605894,50,124.117871
-24.478711,50,124.174903
-20.874336,50,124.226445
-23.859384,50,124.284156
-23.986375,50,124.342274
-25.933354,50,124.398489
-24.920437,50,124.455323
-23.329094,50,124.514981
-18.442038,50,124.573438
-19.335576,50,124.628082
-12.505122,50,124.674291
-25.800402,50,124.730686
-13.031458,50,124.782687
-24.499414,50,124.836078
-26.417111,50,124.895582
-12.139997,50,124.949497
-19.442028,50,125.005507
-19.336605,50,125.060855
-16.532754,50,125.116747
-28.142777,50,125.17681
-19.653457,50,125.233988
-22.287716,50,125.296352
-18.884392,50,125.770708
-22.188221,50,125.828068
-25.020261,50,125.892477
-18.665251,50,125.956215
-20.210051,50,126.019036
-8.921895,50,126.076955
-14.0819,50,126.13184
-20.907333,50,126.188618
-13.446031,50,126.247905
-17.514602,50,126.307924
-23.738743,50,126.352888
-23.173879,50,126.411206
-23.927455,50,126.46926
-16.21065,50,126.528891
-17.390659,50,126.592182
-27.308731,50,126.655892
-10.907038,50,126.711206
-12.194557,50,126.767596
-20.901315,50,126.825859
-16.201283,50,126.884618
-27.938212,50,126.942098
-14.447964,50,126.995661
-15.821176,50,127.052501
-22.498964,50,127.100301
-22.243192,50,127.158299
-13.563186,50,127.213171
-22.085202,50,127.265991
-24.403319,50,127.323707
-24.05498,50,127.376597
-17.337719,50,127.439465
-17.883748,50,127.497287
-14.959092,50,127.554123
-23.852154,50,127.612796
-21.766654,50,127.67139
-18.4154,50,127.729983
-26.716372,50,127.788074
-22.732312,50,127.85121
-22.737346,50,127.906788
-22.327029,50,127.956859
-28.457303,50,128.007085
-20.25932,50,128.056691
-20.088603,50,128.612411
-23.867065,50,128.671612
-18.943102,50,128.730871
-27.907415,50,128.789774
-14.813347,50,128.849616
-21.109516,50,128.899677
-13.785657,50,128.96574
-22.439967,50,129.030791
-27.14466,50,129.095094
-16.591335,50,129.148047
-21.54486,50,129.20267
-14.786566,50,129.258942
-20.775129,50,129.310782
-22.083605,50,129.374839
-20.539067,50,129.430273
-12.233688,50,129.482912
-22.677081,50,129.544284
-9.762708,50,129.599752
-20.704557,50,129.65719
-27.777592,50,129.714979
-27.855909,50,129.771441
-13.333309,50,129.82771
-14.859414,50,129.883097
-14.351363,50,129.94392
-15.184857,50,129.996829
-16.223742,50,130.049215
-19.088254,50,130.103903
-8.752124,50,130.15907
-12.959665,50,130.216616
-20.641459,50,130.275008
-13.032711,50,130.329942
-12.22538,50,130.390257
-20.131381,50,130.452007
-17.451852,50,130.516002
-26.172647,50,130.577834
-30.192796,50,130.634435
-12.943076,50,130.698377
-10.744285,50,130.75669
-14.703461,50,130.813506
-14.942098,50,130.865771
-19.097995,50,130.931875
-13.208942,50,131.503902
-26.768988,50,131.566323
-17.588351,50,131.626464
-12.74258,50,131.697724
-13.825532,50,131.764766
-20.59044,50,131.825423
-23.876838,50,131.875551
-15.866839,50,131.935735
-16.443671,50,131.999814
-29.439369,50,132.057975
-21.376406,50,132.113578
-22.57598,50,132.174686
-21.154863,50,132.23013
-26.57061,50,132.287058
-24.107693,50,132.342082
-14.656929,50,132.396945
-13.669003,50,132.489662
-22.054823,50,132.552851
-18.507473,50,132.614682
-21.190264,50,132.67692
-23.812532,50,132.741455
-18.354519,50,132.799383
-18.415267,50,132.865119
-15.234324,50,132.923724
-19.13962,50,132.988652
-22.266583,50,133.041815
-26.307284,50,133.094168
-19.689432,50,133.148945
-18.09357,50,133.202389
-25.479263,50,133.261117
-18.241262,50,133.313626
-25.6304,50,133.36794
-22.696836,50,133.423043
-15.278681,50,133.47217
-18.333555,50,133.526987
-23.898121,50,133.582906
-9.58036,50,133.639699
-20.143829,50,133.700714
-21.154335,50,133.754029
-24.8225,50,133.810174
-10.766457,50,133.867694
-23.214263,50,134.346712
-18.936439,50,134.391095
-25.461281,50,134.449348
-10.086068,50,134.504745
-17.458683,50,134.566082
-23.725348,50,134.621485
-15.822206,50,134.68103
-23.16496,50,134.730034
-20.847889,50,134.782795
-20.431856,50,134.838083
-22.111257,50,134.892789
-19.482051,50,134.945216
-16.239263,50,134.992254
-18.57045,50,135.051689
-21.152581,50,135.111397
-19.679511,50,135.17115
-24.649531,50,135.224668
-15.223491,50,135.280308
-18.120898,50,135.335774
-24.302657,50,135.38693
-22.112985,50,135.444626
-20.551231,50,135.503933
-12.633571,50,135.560829
-22.393269,50,135.61383
-19.385626,50,135.662093
-20.832636,50,135.718459
-19.527394,50,135.776233
-26.835077,50,135.825817
-24.508906,50,135.87726
-24.024761,50,135.939965
-21.217821,50,135.995237
-26.016751,50,136.05051
-11.648378,50,136.105328
-22.449517,50,136.164716
-13.935747,50,136.220516
-21.439589,50,136.276168
-17.399885,50,136.334093
-18.941803,50,136.400982
-22.059239,50,136.457204
-14.604874,50,136.520727
-17.713772,50,136.586585
-13.822942,50,137.168223
-21.91298,50,137.226095
-22.189758,50,137.295674
-20.921017,50,137.360104
-20.36064,50,137.418809
-26.700368,50,137.475136
-23.04641,50,137.527518
-22.292441,50,137.569699
-18.681407,50,137.615236
-17.79232,50,137.664856
-13.215126,50,137.713965
-20.477502,50,137.753294
-19.719526,50,137.793101
-15.645063,50,137.828544
-16.179927,50,137.863397
-20.992563,50,137.904262
-18.709831,50,137.938294
-15.219964,50,137.973394
-27.136671,50,138.008975
-15.108659,50,138.050766
-21.785436,50,138.085114
-23.920593,50,138.120993
-23.703102,50,138.158152
-19.762112,50,138.208466
-17.126817,50,138.260771
-13.945919,50,138.312206
-20.65955,50,138.364742
-15.988506,50,138.402271
-21.149857,50,138.437874
-23.797607,50,138.472979
-25.148052,50,138.507876
-18.410971,50,138.542942
-23.595514,50,138.579096
-13.630365,50,138.626568
-15.137234,50,138.672518
-18.049378,50,138.71594
-17.239982,50,138.751784
-17.620773,50,138.787572
-20.707598,50,138.823381
-24.461796,50,138.857801
-16.346407,50,138.892198
-26.151572,50,139.418062
-18.784282,50,139.465414
-12.395802,50,139.515228
-16.671392,50,139.551355
-27.258658,50,139.589178
-13.796285,50,139.625287
-15.287853,50,139.660822
-20.634245,50,139.69618
-11.84213,50,139.733639
-15.596792,50,139.775669
-16.450453,50,139.811652
-21.7533,50,139.846753
-24.003866,50,139.890097
-24.424751,50,139.939474
-15.282865,50,139.982824
-24.719214,50,140.016185
-10.822627,50,140.052625
-25.993277,50,140.086899
-20.724693,50,140.123498
-22.453214,50,140.161503
-19.707571,50,140.197479
-26.240047,50,140.231922
-11.282632,50,140.270447
-21.163664,50,140.306365
-23.430313,50,140.353225
-17.865638,50,140.394915
-18.623,50,140.435521
-14.375722,50,140.470876
-24.016631,50,140.511066
-27.236544,50,140.544708
-24.780603,50,140.582738
-13.599127,50,140.617624
-18.266594,50,140.656783
-22.63286,50,140.696864
-22.427728,50,140.737887
-15.889919,50,140.776075
-10.996802,50,140.8162
-23.440178,50,140.851533
-17.197493,50,140.891071
-27.240766,50,140.928229
-19.289846,50,141.428871
-13.712646,50,141.483525
-10.043126,50,141.526524
-22.353445,50,141.566918
-19.317998,50,141.601225
-21.991758,50,141.654761
-17.483364,50,141.689093
-17.74938,50,141.737088
-25.871902,50,141.770432
-19.70269,50,141.805337
-13.663895,50,141.839197
-28.622982,50,141.872493
-20.700727,50,141.912768
-21.35434,50,141.94806
-20.830941,50,141.9873
-15.693876,50,142.021008
-17.121518,50,142.054744
-20.084798,50,142.08796
-15.828003,50,142.123296
-22.488969,50,142.157514
-22.593453,50,142.193372
-11.885502,50,142.229461
-13.870668,50,142.26741
-11.891431,50,142.30414
-13.176549,50,142.33973
-14.314667,50,142.375689
-18.784378,50,142.410578
-18.719998,50,142.445178
-20.784127,50,142.481916
-25.03376,50,142.529003
-15.97308,50,142.568388
-15.064672,50,142.617336
-13.14153,50,142.664068
-19.68193,50,142.707292
-22.331216,50,142.745064
-12.771766,50,142.807823
-19.59681,50,142.84613
-21.667678,50,142.88161
-13.867962,50,142.919646
-10.584899,50,142.972915
-12.566614,50,143.021899
-12.802337,50,143.650532
-13.603083,50,143.685132
-15.172125,50,143.718263
-16.321015,50,143.750801
-20.211582,50,143.783512
-23.132864,50,143.81742
-13.778891,50,143.858541
-25.528976,50,143.893226
-21.882908,50,143.928913
-23.617911,50,143.975395
-19.844643,50,144.010686
-17.173966,50,144.044465
-27.599863,50,144.076899
-12.90135,50,144.108507
-23.695368,50,144.153533
-11.163297,50,144.190906
-12.672354,50,144.225005
-17.458218,50,144.265543
-9.881002,50,144.302933
-23.051578,50,144.336703
-17.222054,50,144.370097
-20.139897,50,144.40296
-16.387735,50,144.437127
-18.917223,50,144.472505
-18.067358,50,144.502958
-16.625527,50,144.533029
-22.824852,50,144.566091
-19.625796,50,144.600163
-10.077405,50,144.63696
-18.630471,50,144.673773
-16.757903,50,144.722512
-18.176442,50,144.759009
-20.495943,50,144.794813
-16.582587,50,144.828103
-21.121967,50,144.860826
-19.000655,50,144.894586
-23.720348,50,144.930647
-12.591942,50,144.965282
-23.508043,50,144.997477
-12.985486,50,145.029659
-16.523628,50,145.061841
-17.397633,50,145.513124
-16.847921,50,145.547394
-23.474374,50,145.579107
-24.422935,50,145.611729
-16.001158,50,145.643463
-20.809832,50,145.678819
-14.644935,50,145.722201
-21.941746,50,145.770775
-18.565696,50,145.805436
-20.832731,50,145.858693
-22.62379,50,145.891208
-11.626467,50,145.93415
-25.420824,50,145.966275
-19.463764,50,145.999748
-19.130409,50,146.042715
-19.275189,50,146.076214
-15.295791,50,146.108268
-13.629993,50,146.140346
-12.732918,50,146.17219
-12.193915,50,146.204294
-19.897666,50,146.236144
-22.171416,50,146.269006
-10.108053,50,146.301621
-23.72777,50,146.334201
-24.689418,50,146.368364
-16.282204,50,146.400085
-16.10908,50,146.432256
-21.140831,50,146.467892
-20.986958,50,146.501353
-10.095127,50,146.535005
-19.997463,50,146.567592
-18.923475,50,146.599381
-14.62918,50,146.631181
-23.98804,50,146.662708
-25.115204,50,146.694181
-24.763465,50,146.731076
-18.697922,50,146.772922
-10.835072,50,146.80788
-21.97028,50,146.865167
-21.335989,50,146.920925
-22.276989,50,146.953753
-12.935843,50,147.447525
-19.752892,50,147.480974
-22.610885,50,147.514627
-10.448604,50,147.547316
-25.462483,50,147.579645
-22.040233,50,147.612004
-19.996858,50,147.644205
-18.783265,50,147.680709
-17.383138,50,147.715585
-11.639975,50,147.768706
-9.765769,50,147.81107
-21.516334,50,147.844223
-21.893611,50,147.877068
-22.61758,50,147.923666
-13.387208,50,147.973923
-24.932324,50,148.024179
-15.972707,50,148.059682
-18.254342,50,148.095109
-22.568302,50,148.126747
-20.685795,50,148.16489
-15.96739,50,148.199263
-18.224658,50,148.230381
-25.830785,50,148.266042
-11.853657,50,148.298737
-21.909971,50,148.330403
-13.998725,50,148.362262
-21.318543,50,148.397212
-21.752405,50,148.430145
-22.885866,50,148.464019
-11.941085,50,148.496128
-10.582557,50,148.533246
-9.262803,50,148.566049
-24.834261,50,148.599581
-13.646737,50,148.631083
-25.353513,50,148.664934
-24.84714,50,148.699812
-21.963906,50,148.741344
-11.455193,50,148.783319
-17.266573,50,148.840059
-22.518372,50,148.882542
-9.342696,50,148.915603
-15.632765,50,149.363467
-18.954292,50,149.402211
-22.965336,50,149.453385
-18.194889,50,149.497886
-20.671195,50,149.532051
-21.508586,50,149.567923
-13.394586,50,149.602951
-24.549146,50,149.638531
-22.571056,50,149.673881
-20.118804,50,149.719766
-21.901213,50,149.774862
-13.254051,50,149.842936
-26.164013,50,149.901385
-10.747243,50,149.95515
-21.631421,50,150.024124
-23.608595,50,150.08154
-23.581631,50,150.141261
-13.312591,50,150.205719
-12.207523,50,150.260274
-16.886939,50,150.316175
-16.803669,50,150.368418
-25.305042,50,150.4357
-19.449237,50,150.486904
-15.753951,50,150.54592
-20.828206,50,150.609356
-18.250208,50,150.667924
-19.487783,50,150.72387
-18.026327,50,150.776135
-21.479986,50,150.832792
-14.135354,50,150.894395
-22.785161,50,150.948292
-15.428075,50,151.003482
-15.507004,50,151.059854
-8.191912,50,151.117922
-17.016801,50,151.173435
-15.13693,50,151.232629
-20.836695,50,151.288589
-21.525483,50,151.340281
-25.061,50,151.394974
-20.58371,50,151.457402
-25.322584,50,151.511951
-12.136684,50,152.299233
-10.034302,50,152.35271
-21.331267,50,152.412124
-16.351952,50,152.47101
-20.715869,50,152.534299
-23.150958,50,152.593803
-24.896411,50,152.654096
-19.257966,50,152.709224
-11.46336,50,152.763197
-22.306091,50,152.81963
-12.450007,50,152.876338
-24.128433,50,152.927029
-10.372587,50,152.98232
-17.053019,50,153.04088
-22.804791,50,153.091608
-23.790353,50,153.143333
-26.312241,50,153.198451
-16.448058,50,153.254318
-17.391667,50,153.305521
-13.576891,50,153.357933
-21.806312,50,153.420424
-14.85928,50,153.481879
-20.447686,50,153.544742
-20.638377,50,153.597655
-19.654008,50,153.649605
-12.451364,50,153.705138
-22.570777,50,153.75608
-17.670055,50,153.812196
-26.459739,50,153.86606
-12.662292,50,153.920081
-12.69941,50,153.979426
-18.529105,50,154.030386
-24.200506,50,154.085655
-22.990607,50,154.141589
-19.187578,50,154.19879
-13.011295,50,154.24903
-13.068813,50,154.303773
-13.105076,50,154.357365
-18.47945,50,154.414565
-10.715143,50,154.4663
-9.467833,50,154.517939
-20.07202,50,155.258545
-20.647101,50,155.315581
-27.413047,50,155.373736
-21.140379,50,155.430948
-19.122172,50,155.483007
-10.195048,50,155.53928
-21.054085,50,155.591332
-21.192736,50,155.647913
-17.248056,50,155.700555
-20.820925,50,155.756431
-18.191496,50,155.811292
-21.285192,50,155.86288
-23.90087,50,155.898609
-21.711389,50,155.932144
-23.547495,50,155.96629
-22.935083,50,155.99799
-21.964458,50,156.032114
-25.882258,50,156.064468
-16.179587,50,156.096897
-21.85832,50,156.129639
-16.578889,50,156.163213
-20.578227,50,156.195852
-17.269116,50,156.228006
-22.409549,50,156.260867
-19.671975,50,156.294654
-15.472173,50,156.327461
-18.987127,50,156.359589
-23.846995,50,156.391473
-16.986193,50,156.424612
-13.228119,50,156.46676
-27.701754,50,156.506316
-13.192178,50,156.543371
-21.386089,50,156.576264
-18.084776,50,156.61701
-23.195052,50,156.649042
-13.179129,50,156.684371
-22.318657,50,156.719919
-8.585379,50,156.754659
-13.485436,50,156.790467
-25.205734,50,156.822598
-26.671098,50,156.853943
-20.786654,50,157.332195
-13.207444,50,157.366621
-21.478635,50,157.398454
-22.942334,50,157.429386
-22.313897,50,157.462471
-19.856832,50,157.493553
-22.176031,50,157.525126
-20.163597,50,157.556522
-16.219691,50,157.587774
-15.628255,50,157.634387
-25.483471,50,157.684963
-18.780828,50,157.746886
-21.522266,50,157.805561
-13.677453,50,157.865066
-15.980794,50,157.914769
-18.327994,50,157.965824
-9.696149,50,158.012732
-22.567992,50,158.057457
-18.214232,50,158.096102
-24.858971,50,158.13472
-23.593394,50,158.170875
-22.108842,50,158.216181
-24.93886,50,158.261412
-21.926907,50,158.315324
-19.177994,50,158.374108
-27.898533,50,158.426546
-14.59824,50,158.480407
-14.842393,50,158.543547
-18.178943,50,158.603636
-18.729749,50,158.651459
-18.170494,50,158.70778
-13.383674,50,158.761127
-21.483722,50,158.810932
-20.525126,50,158.865208
-19.441782,50,158.90453
-23.972456,50,158.958748
-18.416918,50,159.011095
-23.670431,50,159.046719
-22.86559,50,159.096978
-27.748273,50,159.148207
-24.456132,50,159.20372
-22.304483,50,159.664405
-19.985694,50,159.72841
-22.754249,50,159.781491
-14.976647,50,159.840736
-16.185395,50,159.902187
-15.492146,50,159.965325
-25.612176,50,160.011476
-19.511322,50,160.065717
-16.929088,50,160.120458
-17.288817,50,160.179788
-14.629717,50,160.238767
-22.811198,50,160.301994
-22.72824,50,160.356953
-17.758516,50,160.415944
-20.967517,50,160.471642
-22.285201,50,160.52671
-14.150368,50,160.578741
-20.697722,50,160.630703
-16.880892,50,160.689125
-15.369381,50,160.750384
-23.192022,50,160.803505
-24.122403,50,160.858771
-17.352565,50,160.915657
-11.605096,50,160.975572
-20.086971,50,161.0351
-17.909748,50,161.100401
-13.44378,50,161.165215
-23.514334,50,161.230426
-12.366014,50,161.291081
-23.414261,50,161.351928
-18.764711,50,161.413386
-13.915992,50,161.470537
-10.783481,50,161.530396
-19.596218,50,161.580626
-25.629777,50,161.635632
-20.938189,50,161.68828
-23.178728,50,161.750754
-21.584389,50,161.80477
-21.479399,50,161.867909
-14.254068,50,161.925679
-15.172941,50,161.976617
-22.919571,50,162.435034
-18.170474,50,162.496689
-24.207623,50,162.550656
-12.341946,50,162.602473
-19.975213,50,162.657916
-19.836679,50,162.711339
-17.674699,50,162.768073
-16.793972,50,162.82187
-22.179598,50,162.879106
-17.315181,50,162.93418
-22.517469,50,162.990234
-13.024989,50,163.043634
-20.394641,50,163.103907
-12.835682,50,163.164418
-19.41982,50,163.220015
-24.801157,50,163.273203
-11.764419,50,163.336873
-17.257057,50,163.393704
-21.535309,50,163.448828
-16.744298,50,163.508756
-18.059626,50,163.55797
-24.38664,50,163.616422
-23.154501,50,163.669768
-17.448046,50,163.727558
-16.540903,50,163.781614
-18.756456,50,163.838117
-22.413007,50,163.890491
-16.59651,50,163.945591
-23.610054,50,164.00165
-25.009664,50,164.052551
-19.22915,50,164.108454
-14.352745,50,164.16711
-22.421389,50,164.226454
-20.982766,50,164.278493
-11.792581,50,164.340128
-18.69262,50,164.394575
-24.284295,50,164.457815
-16.324398,50,164.506704
-22.337829,50,164.568642
-23.03839,50,164.623655
-26.880866,50,164.681145
-21.564679,50,165.138498
-17.550055,50,165.196827
-22.042578,50,165.247531
-24.249737,50,165.304261
-10.670101,50,165.355507
-21.666752,50,165.416971
-21.944174,50,165.481535
-18.996733,50,165.532549
-13.698165,50,165.584586
-16.456512,50,165.646096
-17.197471,50,165.701262
-18.8353,50,165.756446
-20.197792,50,165.814997
-15.655094,50,165.869907
-19.16023,50,165.928149
-21.800155,50,165.9818
-23.631186,50,166.037319
-24.984034,50,166.09118
-14.331482,50,166.142772
-21.161333,50,166.197512
-14.565184,50,166.248385
-18.54969,50,166.300967
-10.802581,50,166.350709
-20.067324,50,166.403445
-11.116285,50,166.461094
-26.371819,50,166.517508
-14.868943,50,166.570911
-22.221811,50,166.626688
-22.7496,50,166.684176
-14.653759,50,166.736473
-14.04581,50,166.789498
-16.94053,50,166.840723
-13.587553,50,166.90152
-18.1083,50,166.950118
-15.573545,50,167.009614
-23.202426,50,167.064446
-20.964973,50,167.12032
-18.997522,50,167.178596
-13.952793,50,167.237383
-11.74902,50,167.287982
-24.862131,50,167.34334
-24.39348,50,167.827341
-21.734032,50,167.88283
-18.655103,50,167.945949
-13.970985,50,168.000378
-18.084786,50,168.051906
-16.789181,50,168.109115
-16.882077,50,168.163641
-22.32099,50,168.219144
-18.230523,50,168.277659
-17.21986,50,168.333167
-19.625293,50,168.392591
-19.619816,50,168.451287
-16.025886,50,168.511625
-19.669633,50,168.563057
-21.052292,50,168.611088
-20.033039,50,168.666858
-16.231989,50,168.724314
-15.006438,50,168.779647
-25.376062,50,168.835013
-21.293113,50,168.899028
-19.109559,50,168.949857
-18.508467,50,169.00365
-9.719215,50,169.048386
-24.026183,50,169.09681
-12.403546,50,169.149442
-21.986688,50,169.207444
-28.027008,50,169.256386
-13.852759,50,169.308864
-17.845828,50,169.36187
-21.222771,50,169.415694
-17.434732,50,169.471642
-21.524514,50,169.526908
-22.142697,50,169.582325
-8.232083,50,169.636843
-14.911032,50,169.692163
-15.047516,50,169.744431
-8.249013,50,169.795539
-25.850331,50,169.855773
-23.367743,50,169.901673
-14.743154,50,169.960386
-17.496419,50,170.018754
-22.1409,50,170.554108
-24.364948,50,170.613091
-18.04578,50,170.670513
-19.291646,50,170.725073
-22.315551,50,170.778631
-13.680092,50,170.838697
-19.932557,50,170.893959
-14.621993,50,170.942859
-19.494564,50,170.995968
-24.394966,50,171.054772
-23.742756,50,171.113954
-19.044419,50,171.171223
-13.797287,50,171.223847
-19.037331,50,171.270453
-16.016989,50,171.330939
-19.471877,50,171.380365
-25.505254,50,171.437012
-19.127707,50,171.489063
-22.853217,50,171.55038
-22.955289,50,171.60648
-26.710418,50,171.656945
-19.381855,50,171.716663
-12.575033,50,171.77264
-23.711643,50,171.822812
-21.755871,50,171.880905
-20.870664,50,171.937402
-23.61464,50,171.992667
-10.882576,50,172.04968
-20.408559,50,172.106357
-19.479799,50,172.161897
-22.664347,50,172.219706
-18.411766,50,172.273965
-19.435384,50,172.332776
-17.845145,50,172.388834
-13.140705,50,172.442806
-25.336767,50,172.498994
-11.527795,50,172.560764
-26.193955,50,172.62147
-15.250201,50,172.681966
-19.798951,50,172.741583
-16.16416,50,172.798482
-21.245455,50,173.279229
-12.205198,50,173.341243
-18.582517,50,173.397882
-25.800584,50,173.449778
-24.316802,50,173.509358
-21.123156,50,173.563082
-19.345053,50,173.621349
-11.718672,50,173.679117
-16.399407,50,173.73405
-18.625305,50,173.787172
-20.447179,50,173.843252
-24.34675,50,173.8923
-20.668656,50,173.951385
-9.529569,50,174.013607
-24.108943,50,174.070648
-15.843592,50,174.131936
-15.38438,50,174.18565
-24.728888,50,174.244894
-12.38606,50,174.285582
-17.536382,50,174.337642
-24.572553,50,174.394787
-14.885963,50,174.446247
-22.855897,50,174.501611
-24.583725,50,174.559464
-18.657936,50,174.615729
-14.941357,50,174.686574
-15.25834,50,174.754136
-15.992777,50,174.811099
-20.514969,50,174.877916
-21.202762,50,174.940998
-8.869395,50,174.990699
-15.583121,50,175.044631
-26.193442,50,175.10359
-20.071083,50,175.167227
-19.117364,50,175.232022
-12.000552,50,175.288551
-16.137349,50,175.339902
-25.265068,50,175.399165
-25.060826,50,175.459652
-11.472201,50,175.518773
-25.144071,50,175.5699
-24.180828,50,176.048473
-12.947533,50,176.106819
-23.178204,50,176.159324
-21.078799,50,176.221435
-11.331771,50,176.281233
-8.980265,50,176.334572
-19.969657,50,176.391881
-21.478761,50,176.448899
-13.120787,50,176.499143
-24.407424,50,176.556225
-14.337745,50,176.605058
-18.550586,50,176.666834
-20.311825,50,176.7187
-18.153589,50,176.771372
-25.690573,50,176.824696
-11.672772,50,176.880505
-19.95499,50,176.933678
-21.319962,50,176.986469
-13.210221,50,177.043772
-18.610796,50,177.098641
-16.65644,50,177.153959
-26.244623,50,177.209134
-23.983026,50,177.261724
-20.918757,50,177.319577
-23.771196,50,177.380222
-22.246428,50,177.437581
-16.603919,50,177.49549
-18.600524,50,177.553422
-24.729706,50,177.604785
-12.515912,50,177.660958
-23.114084,50,177.716915
-23.728771,50,177.77119
-21.653481,50,177.826551
-14.86044,50,177.888526
-22.067731,50,177.954472
-18.020487,50,178.01902
-14.641316,50,178.0808
-11.327979,50,178.13527
-23.59149,50,178.192296
-25.570403,50,178.251574
-21.016574,50,178.306326
-13.849457,50,178.783046
-23.876136,50,178.841155
-26.440183,50,178.899999
-24.590487,50,178.954507
-21.751681,50,179.015862
-22.305334,50,179.068721
-21.084354,50,179.132037
-17.938231,50,179.192232
-24.11066,50,179.243739
-22.032533,50,179.302088
-15.227447,50,179.360327
-21.583714,50,179.422378
-14.497416,50,179.467028
-20.526076,50,179.521636
-13.272732,50,179.579499
-19.399852,50,179.635733
-24.15507,50,179.691052
-14.206144,50,179.74568
-17.205473,50,179.801723
-21.185408,50,179.859584
-25.572724,50,179.916943
-23.947594,50,179.975048
-14.957397,50,180.036486
-18.610294,50,180.082898
-15.711787,50,180.139976
-18.289549,50,180.196865
-24.467444,50,180.25831
-21.60968,50,180.314423
-23.24305,50,180.366745
-16.797952,50,180.424069
-24.844589,50,180.479952
-21.803478,50,180.533979
-9.714107,50,180.597475
-16.239303,50,180.652267
-21.81029,50,180.686623
-16.554379,50,180.748326
-26.471172,50,180.807947
-19.024648,50,180.871827
-25.003752,50,180.929858
-22.535375,50,180.985171
-15.11942,50,181.043035
-25.616385,50,181.570583
-8.614507,50,181.632165
-17.072622,50,181.693266
-16.309667,50,181.755999
-21.20084,50,181.818166
-19.03894,50,181.872667
-15.297609,50,181.935311
-20.144138,50,181.99127
-23.639331,50,182.049037
-17.573701,50,182.131483
-21.73314,50,182.205311
-26.694453,50,182.26863
-14.026406,50,182.328089
-16.565488,50,182.393444
-21.859732,50,182.453927
-22.64817,50,182.521621
-11.46248,50,182.586992
-16.974766,50,182.647416
-19.139728,50,182.70722
-19.685742,50,182.768892
-21.072683,50,182.825703
-13.875581,50,182.888894
-7.554696,50,182.958728
-17.293763,50,183.01129
-20.777077,50,183.069042
-12.756099,50,183.123564
-16.562818,50,183.180604
-17.527075,50,183.235716
-14.508538,50,183.293742
-26.012879,50,183.333485
-18.987102,50,183.400362
-17.091551,50,183.456786
-18.698518,50,183.511981
-24.084618,50,183.567123
-20.116515,50,183.628843
-17.7672,50,183.690853
-11.683078,50,183.756305
-22.074211,50,183.819347
-14.520173,50,183.876551
-23.768157,50,183.938342
-14.518894,50,184.002556
-25.629119,50,184.514804
-26.575587,50,184.574722
-23.678045,50,184.640357
-17.927297,50,184.694826
-9.267641,50,184.754354
-26.332136,50,184.810617
-14.291949,50,184.867622
-13.511961,50,184.926249
-20.423118,50,184.98729
-14.990352,50,185.040036
-13.151723,50,185.096941
-17.611075,50,185.154572
-25.189478,50,185.214283
-20.477036,50,185.27478
-21.899294,50,185.331472
-26.141705,50,185.389092
-24.889378,50,185.444588
-23.720801,50,185.503026
-23.765416,50,185.562124
-26.44972,50,185.622697
-23.763013,50,185.680204
-17.003605,50,185.735719
-16.776438,50,185.796473
-17.634772,50,185.853194
-19.238604,50,185.911891
-25.96539,50,185.969544
-26.454021,50,186.031687
-11.514473,50,186.090022
-11.162998,50,186.154573
-17.309547,50,186.215131
-26.446987,50,186.27547
-20.295594,50,186.333471
-24.319795,50,186.397721
-13.907315,50,186.462079
-14.673769,50,186.518446
-11.548981,50,186.574948
-16.654341,50,186.640518
-15.606887,50,186.703773
-17.80358,50,186.765302
-25.111906,50,186.827653
-21.60327,50,186.925253
-20.858591,50,187.441051
-18.997977,50,187.497853
-20.865647,50,187.552532
-18.288844,50,187.608501
-26.248988,50,187.667379
-13.280927,50,187.72594
-13.571519,50,187.783807
-16.916206,50,187.844856
-22.96134,50,187.906896
-17.703532,50,187.971413
-9.001555,50,188.034993
-17.261665,50,188.095652
-24.156472,50,188.154636
-15.555421,50,188.215187
-12.713981,50,188.270825
-18.278331,50,188.314523
-9.940011,50,188.373073
-11.793292,50,188.428866
-14.486422,50,188.473882
-22.716322,50,188.509557
-13.34579,50,188.550835
-23.115874,50,188.598416
-14.488091,50,188.651996
-8.527009,50,188.685864
-15.543019,50,188.733454
-14.843482,50,188.788315
-24.131506,50,188.84158
-22.553684,50,188.898212
-15.669311,50,188.944741
-22.966814,50,188.981396
-19.409935,50,189.015602
-21.172835,50,189.050092
-17.608144,50,189.086581
-15.14093,50,189.126601
-24.865896,50,189.169133
-21.307696,50,189.21469
-21.170742,50,189.25051
-19.939516,50,189.28705
-19.133748,50,189.321099
-18.686226,50,189.354423
-21.677663,50,189.387216
-11.564948,50,189.888795
-24.665598,50,189.954543
-16.095271,50,190.018352
-22.284078,50,190.07301
-22.041746,50,190.135065
-16.687698,50,190.170356
-17.202996,50,190.206397
-20.479212,50,190.238449
-12.902576,50,190.273764
-22.27446,50,190.3072
-17.07089,50,190.349571
-19.512513,50,190.382454
-23.886628,50,190.416072
-20.784363,50,190.450442
-10.982458,50,190.485633
-16.954032,50,190.519466
-21.003017,50,190.55363
-12.292773,50,190.589986
-14.370819,50,190.623332
-17.094507,50,190.655759
-16.015977,50,190.688247
-22.741289,50,190.720292
-14.226022,50,190.75348
-27.67376,50,190.786054
-15.672371,50,190.819584
-21.012287,50,190.853998
-22.431424,50,190.888519
-25.254045,50,190.934258
-11.157131,50,190.966638
-23.154812,50,191.006599
-18.248588,50,191.055743
-14.649653,50,191.114624
-19.565923,50,191.164279
-25.18486,50,191.221838
-14.352694,50,191.256254
-21.216887,50,191.290242
-18.565673,50,191.32402
-21.086836,50,191.358726
-19.021103,50,191.393774
-14.736767,50,191.428727
-14.615255,50,191.462273
-19.763666,50,191.934611
-14.092047,50,191.967475
-20.209903,50,191.999179
-24.657205,50,192.041122
-19.754272,50,192.096359
-21.804075,50,192.14113
-23.544532,50,192.186688
-15.367902,50,192.222972
-19.474553,50,192.262872
-20.895683,50,192.310471
-14.48569,50,192.343124
-15.361202,50,192.38102
-9.21014,50,192.462697
-17.815937,50,192.496283
-15.024205,50,192.528196
-13.845859,50,192.561515
-7.391241,50,192.593689
-22.006523,50,192.625741
-24.660372,50,192.658255
-25.15328,50,192.696396
-14.09385,50,192.73032
-16.915881,50,192.764804
-24.403797,50,192.799186
-20.789943,50,192.835578
-16.072554,50,192.867624
-13.91933,50,192.909278
-20.867651,50,192.955792
-20.55593,50,193.014221
-21.898386,50,193.065653
-14.243038,50,193.107054
-8.80069,50,193.147559
-15.403068,50,193.179834
-22.959866,50,193.227165
-16.983554,50,193.261191
-12.902409,50,193.297259
-22.479726,50,193.343621
-18.991246,50,193.377924
-12.323667,50,193.419817
-12.932461,50,193.454453
-17.308521,50,193.486563
-24.366671,50,193.523646
-10.120452,50,194.017692
-26.736524,50,194.071698
-8.377991,50,194.117777
-18.746203,50,194.158522
-23.181009,50,194.204818
-15.309724,50,194.241624
-22.471215,50,194.275732
-22.993294,50,194.315127
-25.387834,50,194.349256
-20.741979,50,194.383686
-23.250609,50,194.422051
-17.460798,50,194.455979
-13.590445,50,194.489896
-17.359786,50,194.524763
-21.732135,50,194.569443
-18.759204,50,194.611865
-21.604473,50,194.658325
-22.690572,50,194.707741
-24.508586,50,194.782606
-21.699584,50,194.852587
-22.282115,50,194.923127
-22.735938,50,194.995303
-7.821987,50,195.073785
-20.910792,50,195.1485
-9.637001,50,195.220714
-10.577075,50,195.296229
-14.268933,50,195.370152
-24.009781,50,195.443991
-17.162065,50,195.513255
-20.211399,50,195.583562
-24.760725,50,195.650876
-8.54657,50,195.723328
-17.232814,50,195.793435
-8.711515,50,195.864062
-10.410783,50,195.936651
-13.545024,50,196.005919
-12.006664,50,196.076573
-11.60169,50,196.145363
-22.087878,50,196.214764
-18.117213,50,196.284303
-22.685651,50,196.355496
-15.553931,50,197.310164
-11.441541,50,197.382957
-25.089756,50,197.455047
-14.514178,50,197.522991
-19.320033,50,197.593125
-17.003308,50,197.661504
-24.284376,50,197.729907
-13.401021,50,197.801145
-13.729452,50,197.871614
-19.6279,50,197.943978
-23.402105,50,198.014507
-9.175715,50,198.058992
-14.01121,50,198.108063
-13.487876,50,198.14046
-16.860947,50,198.173465
-17.806356,50,198.2088
-17.883088,50,198.246565
-17.738549,50,198.31933
-11.668048,50,198.390583
-18.222448,50,198.456191
-24.895633,50,198.526767
-20.663396,50,198.598065
-22.785013,50,198.668705
-18.986264,50,198.739233
-20.460667,50,198.808983
-14.534526,50,198.881956
-21.368025,50,198.955153
-20.80354,50,199.026075
-23.825294,50,199.095472
-8.246643,50,199.162036
-15.071263,50,199.232285
-23.878303,50,199.302941
-21.684236,50,199.373046
-18.271721,50,199.445949
-12.616167,50,199.518779
-27.445308,50,199.588533
-17.587368,50,199.660862
-17.516015,50,199.733231
-18.277488,50,199.802184
-18.646992,50,199.872655
-16.222126,50,199.942449
-22.831641,50,200.893526
-18.108812,50,200.969415
-21.87744,50,201.043804
-21.528099,50,201.115208
-25.884229,50,201.187911
-18.340173,50,201.258618
-9.342577,50,201.324465
-15.979439,50,201.393504
-17.655305,50,201.463034
-20.038303,50,201.533072
-18.451753,50,201.602974
-14.137713,50,201.674441
-15.376719,50,201.745524
-17.910113,50,201.814392
-18.169168,50,201.856794
-12.832198,50,201.891485
-21.706131,50,201.935585
-24.222019,50,201.970248
-21.10036,50,202.003869
-19.915604,50,202.039626
-19.131491,50,202.074556
-13.43312,50,202.118193
-25.180027,50,202.152802
-11.049858,50,202.18492
-24.373853,50,202.216826
-15.845728,50,202.249125
-12.542229,50,202.280861
-10.499341,50,202.312399
-16.809096,50,202.345306
-19.788372,50,202.376933
-18.100269,50,202.410393
-17.635103,50,202.443745
-6.456388,50,202.476387
-11.458597,50,202.510442
-23.368309,50,202.546143
-19.876101,50,202.578847
-21.405027,50,202.613635
-15.2506,50,202.656284
-23.181527,50,202.69137
-19.973545,50,202.729544
-16.141716,50,202.765516
-14.568246,50,203.252265
-12.586332,50,203.288473
-11.577814,50,203.335616
-9.935732,50,203.370085
-17.255908,50,203.403884
-10.708782,50,203.448395
-24.432085,50,203.482976
-17.89228,50,203.531467
-10.774605,50,203.566089
-12.421548,50,203.613083
-23.060077,50,203.655148
-21.244552,50,203.688982
-24.667257,50,203.72204
-22.581153,50,203.757136
-9.378507,50,203.792093
-17.812752,50,203.833747
-19.433404,50,203.86912
-9.85061,50,203.902626
-25.586904,50,203.942487
-20.312403,50,203.976712
-12.328263,50,204.011905
-26.054341,50,204.051182
-12.969991,50,204.086887
-14.511179,50,204.129568
-11.210719,50,204.163924
-13.236216,50,204.198798
-10.054232,50,204.241091
-12.793904,50,204.275742
-22.800175,50,204.309996
-18.555167,50,204.37444
-22.368062,50,204.432056
-7.124887,50,204.477877
-17.334149,50,204.539493
-19.341344,50,204.584011
-15.911325,50,204.650364
-18.48383,50,204.707956
-21.647236,50,204.773157
-17.102533,50,204.810124
-9.593299,50,204.866201
-17.304269,50,204.908903
-19.574024,50,205.399737
-23.217199,50,205.462388
-21.391284,50,205.519398
-21.282568,50,205.577208
-19.875303,50,205.627394
-23.011195,50,205.680657
-20.827054,50,205.732432
-23.399892,50,205.786012
-15.433011,50,205.83441
-21.9022,50,205.893527
-14.459183,50,205.943947
-24.024625,50,205.99699
-15.563225,50,206.05549
-25.17654,50,206.099244
-23.831853,50,206.160526
-12.101542,50,206.21511
-10.736053,50,206.272585
-24.775966,50,206.332369
-15.188354,50,206.392827
-23.074769,50,206.442151
-16.778454,50,206.495439
-23.252884,50,206.548114
-25.744424,50,206.615226
-20.309002,50,206.676263
-20.426072,50,206.74049
-19.236179,50,206.798748
-9.28606,50,206.857427
-17.50288,50,206.912131
-21.952571,50,206.965738
-17.401573,50,207.02166
-24.579729,50,207.078695
-25.023615,50,207.132034
-19.405568,50,207.190646
-13.74499,50,207.247326
-22.892887,50,207.29554
-9.303729,50,207.354806
-19.485344,50,207.408233
-17.458161,50,207.463745
-22.204682,50,207.508719
-22.211394,50,207.563827
-22.331267,50,207.619853
-20.364247,50,208.108843
-25.120315,50,208.165741
-17.58588,50,208.221946
-20.05194,50,208.276621
-16.535116,50,208.332766
-11.293907,50,208.39346
-23.325749,50,208.448774
-18.044049,50,208.505957
-12.739693,50,208.56332
-16.581736,50,208.61747
-17.30778,50,208.673701
-16.347474,50,208.723019
-15.515228,50,208.785474
-13.664677,50,208.839829
-25.532408,50,208.898496
-23.943664,50,208.951935
-16.246496,50,209.008645
-22.168472,50,209.060313
-23.054974,50,209.115894
-7.724597,50,209.169928
-8.774873,50,209.224549
-16.128378,50,209.279952
-15.977864,50,209.332792
-18.771139,50,209.395592
-20.57526,50,209.447428
-9.820104,50,209.498311
-12.143553,50,209.556498
-18.701807,50,209.613876
-23.0293,50,209.665969
-24.202118,50,209.728825
-22.609825,50,209.780117
-9.804222,50,209.839763
-13.725813,50,209.895889
-13.028088,50,209.949479
-12.948289,50,209.989462
-17.567435,50,210.040784
-25.984651,50,210.096837
-23.416387,50,210.15634
-27.298488,50,210.207476
-16.038728,50,210.258107
-10.410977,50,210.318668
-18.172405,50,210.783951
-20.673637,50,210.842812
-22.985652,50,210.905398
-21.968188,50,210.961199
-20.471465,50,211.013171
-8.814044,50,211.067889
-19.684267,50,211.120868
-19.567877,50,211.174399
-18.932606,50,211.230886
-14.370028,50,211.285322
-22.296741,50,211.344822
-19.112961,50,211.402748
-20.521734,50,211.458286
-19.771564,50,211.513703
-17.344551,50,211.569145
-20.568147,50,211.618995
-16.564108,50,211.678687
-23.087272,50,211.733591
-13.029372,50,211.790936
-8.03056,50,211.844396
-21.075009,50,211.90327
-23.313922,50,211.964151
-19.212363,50,212.015022
-21.867198,50,212.071473
-15.428731,50,212.127345
-23.52118,50,212.18055
-9.55786,50,212.233529
-7.939892,50,212.289793
-18.582417,50,212.350137
-10.971433,50,212.394673
-17.286624,50,212.451556
-25.35389,50,212.50523
-18.360496,50,212.560431
-20.384641,50,212.612224
-23.145245,50,212.669303
-19.08337,50,212.72269
-25.139099,50,212.77369
-15.149012,50,212.834543
-24.890413,50,212.889337
-26.075076,50,212.935361
-27.355628,50,212.992414
-18.646115,50,213.47277
-24.876755,50,213.524994
-17.724255,50,213.588159
-18.519791,50,213.653678
-19.262053,50,213.713582
-14.852422,50,213.776894
-10.37425,50,213.841754
-18.935639,50,213.903957
-19.744509,50,213.969371
-20.929136,50,214.027514
-18.921807,50,214.084197
-11.215847,50,214.145859
-13.461941,50,214.209057
-21.076114,50,214.253987
-16.342863,50,214.315649
-15.250883,50,214.380294
-10.049659,50,214.442743
-25.277619,50,214.503845
-20.716197,50,214.564754
-17.601909,50,214.622651
-19.005827,50,214.688832
-21.068277,50,214.750801
-14.066457,50,214.805551
-21.88168,50,214.85881
-17.137557,50,214.912281
-17.937556,50,214.959072
-26.527966,50,215.013232
-19.663558,50,215.067523
-21.445819,50,215.123508
-25.240563,50,215.182435
-18.055919,50,215.236192
-14.652722,50,215.289485
-19.628008,50,215.343706
-21.407546,50,215.401583
-9.819052,50,215.454581
-23.561509,50,215.507029
-10.132811,50,215.562348
-16.689654,50,215.623249
-18.438821,50,215.677463
-12.670772,50,215.729861
-18.46425,50,215.781942
-16.053139,50,216.233145
-10.547112,50,216.293113
-16.429993,50,216.351615
-15.056129,50,216.405337
-10.905664,50,216.470978
-24.699254,50,216.535724
-11.939257,50,216.601054
-16.057009,50,216.666951
-19.131303,50,216.730492
-23.492967,50,216.793296
-9.410358,50,216.857489
-20.305003,50,216.914107
-18.521704,50,216.975565
-12.017845,50,217.015684
-25.017146,50,217.069611
-20.697933,50,217.124546
-19.434501,50,217.180284
-22.963103,50,217.24082
-19.749341,50,217.293461
-14.092687,50,217.358297
-13.73301,50,217.412358
-24.630712,50,217.46842
-6.312007,50,217.518923
-26.989973,50,217.562895
-20.522368,50,217.612871
-17.159841,50,217.674721
-7.555938,50,217.735459
-19.312858,50,217.794993
-13.715161,50,217.851192
-19.882529,50,217.905289
-17.999091,50,217.961967
-17.166,50,218.020685
-19.839459,50,218.085049
-18.177186,50,218.141742
-8.876766,50,218.199694
-22.29042,50,218.257766
-22.337521,50,218.30689
-15.712775,50,218.357538
-11.089753,50,218.414646
-15.716343,50,218.467598
-25.627803,50,218.524694
-14.866395,50,218.992204
-14.099079,50,219.045927
-19.193673,50,219.099526
-23.622299,50,219.154414
-22.424652,50,219.210118
-17.555801,50,219.26205
-22.08936,50,219.317709
-12.807212,50,219.365475
-23.734776,50,219.418037
-25.581103,50,219.468504
-23.020867,50,219.529241
-13.351842,50,219.585355
-11.668211,50,219.649733
-21.105743,50,219.713804
-12.53347,50,219.770633
-15.849323,50,219.824589
-9.093349,50,219.875359
-24.967549,50,219.928259
-23.031856,50,219.981567
-11.331742,50,220.03614
-16.94064,50,220.086275
-19.503089,50,220.142452
-22.470715,50,220.207048
-19.5818,50,220.261352
-14.487987,50,220.319175
-9.962186,50,220.365824
-11.84675,50,220.430473
-24.50621,50,220.485354
-13.574304,50,220.538068
-20.065512,50,220.597625
-14.525676,50,220.645617
-10.168941,50,220.703282
-20.19656,50,220.758054
-7.295486,50,220.812744
-18.13994,50,220.870248
-22.253467,50,220.923622
-18.564366,50,220.97937
-9.810446,50,221.036338
-25.605523,50,221.091077
-17.819511,50,221.142867
-21.330411,50,221.196798
-16.055237,50,221.668206
-7.663994,50,221.73191
-7.562187,50,221.796942
-20.894378,50,221.857268
-14.561477,50,221.909687
-11.508338,50,221.972123
-17.78827,50,222.022698
-8.724724,50,222.081141
-17.07342,50,222.143471
-20.514878,50,222.197336
-24.162596,50,222.252842
-16.97159,50,222.309291
-8.718477,50,222.366129
-22.86194,50,222.422268
-11.393134,50,222.475234
-9.369849,50,222.529927
-13.876032,50,222.584251
-17.646775,50,222.640052
-9.161211,50,222.694101
-22.201237,50,222.746041
-11.245907,50,222.815342
-8.096146,50,222.874039
-19.076363,50,222.930232
-20.555952,50,222.984341
-13.450789,50,223.039888
-13.405411,50,223.096354
-23.589954,50,223.146762
-13.736637,50,223.207699
-19.011463,50,223.266302
-21.519112,50,223.317996
-18.15267,50,223.373677
-17.087579,50,223.430025
-14.839653,50,223.485448
-12.832979,50,223.541772
-14.175132,50,223.592984
-24.650481,50,223.641706
-20.550804,50,223.700211
-21.890059,50,223.749949
-13.472194,50,223.80141
-19.345162,50,223.859952
-21.016863,50,223.919107
-13.207366,50,224.392595
-16.925548,50,224.442794
-17.283354,50,224.500762
-17.168435,50,224.557534
-20.422774,50,224.61564
-22.828209,50,224.67296
-21.181552,50,224.722625
-18.598968,50,224.785711
-15.029948,50,224.840828
-19.407429,50,224.896879
-18.020197,50,224.947778
-11.974033,50,224.998576
-22.775994,50,225.05733
-19.879252,50,225.111771
-20.471544,50,225.167197
-11.44177,50,225.222656
-24.584279,50,225.280191
-21.690973,50,225.337086
-19.654262,50,225.3948
-10.519386,50,225.44939
-19.477382,50,225.511804
-21.450562,50,225.563565
-24.813597,50,225.618573
-16.523651,50,225.666722
-16.664769,50,225.721733
-22.197011,50,225.78035
-16.897284,50,225.836206
-17.483411,50,225.896549
-18.129642,50,225.953384
-15.904327,50,226.007563
-19.040673,50,226.063713
-21.281145,50,226.119572
-19.90644,50,226.179693
-13.140228,50,226.230712
-18.566588,50,226.282853
-15.279317,50,226.344806
-8.066518,50,226.402827
-24.329657,50,226.454572
-17.276972,50,226.50482
-22.374773,50,226.568648
-11.794302,50,226.612748
-23.097129,50,227.078247
-21.743447,50,227.135906
-11.884434,50,227.191224
-15.679509,50,227.256159
-22.359999,50,227.320017
-21.450011,50,227.384319
-10.748947,50,227.435145
-11.096439,50,227.48894
-19.901874,50,227.54234
-18.655113,50,227.606293
-17.638119,50,227.669922
-8.467097,50,227.733357
-24.698774,50,227.79163
-13.723922,50,227.855382
-16.336861,50,227.911115
-17.423508,50,227.96313
-13.020344,50,228.021114
-19.386713,50,228.075906
-19.934375,50,228.131154
-15.266365,50,228.189353
-9.403056,50,228.242066
-24.050704,50,228.301905
-12.190054,50,228.356925
-23.16372,50,228.408077
-19.930179,50,228.463979
-22.98343,50,228.520963
-14.824751,50,228.576175
-21.527392,50,228.642355
-11.970932,50,228.69232
-19.637079,50,228.747607
-23.243316,50,228.801272
-10.329829,50,228.858294
-22.977581,50,228.913454
-21.889453,50,228.962953
-19.674413,50,229.017464
-21.197662,50,229.072252
-20.259225,50,229.131528
-15.368884,50,229.187854
-14.502412,50,229.23599
-20.229651,50,229.293328
-16.024743,50,229.350765
-23.70824,50,229.804249
-15.768978,50,229.861999
-16.058424,50,229.924714
-10.785106,50,229.980286
-13.781807,50,230.038155
-11.572882,50,230.092508
-14.377324,50,230.152682
-19.210363,50,230.21354
-19.105346,50,230.273317
-25.587374,50,230.327734
-12.366456,50,230.382734
-22.555887,50,230.435375
-14.073073,50,230.499773
-12.839754,50,230.559645
-12.397285,50,230.610176
-17.964365,50,230.670589
-22.083961,50,230.730074
-24.382153,50,230.790723
-20.10169,50,230.857191
-21.511776,50,230.908798
-8.839038,50,230.969644
-15.461707,50,231.03319
-22.216134,50,231.088786
-22.946599,50,231.145607
-15.036798,50,231.1956
-16.768246,50,231.26433
-22.334231,50,231.322151
-14.270155,50,231.371911
-22.927857,50,231.426174
-14.085154,50,231.47354
-13.046004,50,231.532369
-18.610428,50,231.594199
-15.938156,50,231.64621
-13.695879,50,231.707567
-19.400153,50,231.764112
-12.027749,50,231.821652
-14.19754,50,231.883137
-9.080403,50,231.917788
-26.04326,50,231.967959
-19.265089,50,232.031624
-19.24027,50,232.081676
-22.742548,50,232.545202
-9.245417,50,232.605149
-18.087904,50,232.665547
-11.574035,50,232.730114
-19.396732,50,232.796329
-10.334658,50,232.848879
-11.177584,50,232.907729
-15.100093,50,232.972468
-19.934963,50,233.027564
-13.584599,50,233.083452
-10.568854,50,233.140128
-19.911164,50,233.194929
-22.539291,50,233.255013
-17.899625,50,233.311006
-20.967761,50,233.365668
-12.109027,50,233.417144
-19.123774,50,233.472426
-7.584931,50,233.527752
-21.912138,50,233.582779
-22.748465,50,233.643503
-17.549827,50,233.694165
-14.464943,50,233.753819
-14.56937,50,233.812633
-14.267033,50,233.865802
-21.489334,50,233.923799
-21.499521,50,233.982147
-15.037777,50,234.029858
-22.424213,50,234.080731
-13.482452,50,234.142118
-23.277842,50,234.196095
-15.435038,50,234.242395
-15.720563,50,234.300606
-11.167164,50,234.35556
-8.93205,50,234.413334
-17.971278,50,234.475885
-15.775623,50,234.529848
-15.666528,50,234.586722
-14.871244,50,234.645394
-20.71745,50,234.698163
-16.481809,50,234.757675
-21.532906,50,234.812823
-22.304986,50,235.282995
-19.455701,50,235.334542
-18.558539,50,235.390396
-13.973716,50,235.448447
-23.899043,50,235.506472
-20.766288,50,235.562669
-15.629586,50,235.618459
-21.928108,50,235.683775
-19.781477,50,235.73508
-18.969319,50,235.799981
-20.376686,50,235.853551
-15.643977,50,235.907269
-20.66496,50,235.96277
-23.153126,50,236.01949
-24.746809,50,236.076338
-18.571954,50,236.139597
-14.922999,50,236.202649
-20.129892,50,236.257019
-11.623761,50,236.311497
-14.874331,50,236.367381
-20.086797,50,236.429567
-12.352016,50,236.488158
-18.68304,50,236.54199
-18.779988,50,236.59649
-17.792426,50,236.652389
-17.624725,50,236.708501
-16.219673,50,236.763217
-10.715799,50,236.823359
-23.666007,50,236.876538
-17.179031,50,236.93432
-20.163705,50,236.989953
-20.371209,50,237.046134
-20.161592,50,237.106235
-16.737491,50,237.156322
-20.1379,50,237.205784
-17.76189,50,237.264698
-25.247001,50,237.320395
-15.57993,50,237.380345
-11.613951,50,237.440416
-21.43703,50,237.501146
-13.791112,50,237.561443
-20.967314,50,238.045573
-20.806945,50,238.111459
-14.312501,50,238.171633
-19.390608,50,238.234047
-10.857852,50,238.293434
-20.798657,50,238.355663
-9.621245,50,238.413895
-25.018815,50,238.462813
-12.695081,50,238.529617
-11.140465,50,238.594769
-15.75318,50,238.646119
-14.988569,50,238.707625
-14.297712,50,238.7665
-23.197906,50,238.82528
-15.999195,50,238.879258
-23.310536,50,238.931315
-23.506403,50,238.978814
-15.521821,50,239.033713
-6.969097,50,239.082969
-17.402323,50,239.142107
-10.705565,50,239.201718
-22.828293,50,239.253055
-13.079195,50,239.318065
-20.308324,50,239.369743
-15.038277,50,239.437212
-20.389793,50,239.499238
-21.879337,50,239.556288
-7.832739,50,239.612273
-14.422933,50,239.671985
-11.533615,50,239.724383
-23.995175,50,239.777438
-23.341385,50,239.834568
-16.554067,50,239.892222
-10.794195,50,239.945896
-16.598103,50,239.999891
-11.252922,50,240.049252
-15.870509,50,240.10832
-17.465211,50,240.160946
-7.533708,50,240.214286
-18.154959,50,240.271352
-9.515591,50,240.330829
-7.348167,50,240.801232
-13.369459,50,240.854682
-17.108599,50,240.918363
-7.79482,50,240.974887
-15.294162,50,241.032412
-23.949746,50,241.085515
-16.505088,50,241.141831
-21.881416,50,241.203385
-11.435878,50,241.269533
-13.009938,50,241.326415
-15.452281,50,241.385415
-20.282168,50,241.436833
-10.598424,50,241.501742
-13.443833,50,241.560667
-16.990003,50,241.616459
-21.217876,50,241.676753
-13.091639,50,241.737059
-8.437586,50,241.795982
-20.431689,50,241.847907
-20.761295,50,241.906822
-14.150647,50,241.970094
-10.746187,50,242.024554
-24.041703,50,242.080555
-20.755444,50,242.138586
-20.410577,50,242.193886
-17.661022,50,242.254524
-15.485468,50,242.311597
-15.7856,50,242.363578
-21.579351,50,242.419456
-19.906336,50,242.477707
-18.377217,50,242.534651
-22.476683,50,242.590456
-14.812536,50,242.633231
-14.418374,50,242.691556
-17.082775,50,242.751943
-19.986951,50,242.799144
-20.546916,50,242.84907
-20.27339,50,242.912123
-15.119659,50,242.967051
-10.97861,50,243.020766
-21.199155,50,243.07893
-20.886381,50,243.55218
-15.10965,50,243.608252
-8.312911,50,243.658357
-21.528572,50,243.713013
-17.569729,50,243.761262
-14.552689,50,243.792211
-20.26776,50,243.852847
-16.699853,50,243.905767
-11.393156,50,243.962502
-6.950851,50,244.024286
-16.493858,50,244.0742
-13.101703,50,244.134521
-16.696717,50,244.196715
-11.923735,50,244.2567
-15.350477,50,244.316107
-9.475363,50,244.37493
-23.887357,50,244.430654
-20.811627,50,244.48282
-16.556739,50,244.54255
-10.770626,50,244.600026
-7.778104,50,244.652351
-19.018254,50,244.717257
-17.368234,50,244.783053
-22.413061,50,244.840752
-17.62422,50,244.896693
-18.999385,50,244.951838
-18.10308,50,244.984266
-19.755306,50,245.033856
-17.676545,50,245.091733
-18.65212,50,245.148009
-12.241436,50,245.200747
-13.658885,50,245.256188
-24.546805,50,245.301263
-14.853901,50,245.355762
-8.028206,50,245.407353
-17.605036,50,245.46511
-7.713476,50,245.519662
-21.027586,50,245.580284
-11.882875,50,245.637346
-17.041572,50,245.693336
-17.028961,50,245.747715
-16.326191,50,246.227779
-16.533571,50,246.28205
-19.216935,50,246.336973
-8.201751,50,246.400993
-13.825567,50,246.455142
-22.042302,50,246.517922
-13.635085,50,246.569234
-7.462399,50,246.628165
-7.342167,50,246.687135
-20.673291,50,246.728408
-14.195414,50,246.785616
-9.775058,50,246.843295
-22.687616,50,246.898659
-19.679672,50,246.952757
-21.810415,50,247.010443
-12.554826,50,247.059858
-14.389487,50,247.115999
-18.594204,50,247.177993
-9.419571,50,247.23353
-21.330242,50,247.284758
-24.202373,50,247.3423
-17.206462,50,247.393612
-15.767334,50,247.452809
-9.823979,50,247.506446
-9.346414,50,247.561658
-15.701749,50,247.617653
-13.59872,50,247.671676
-16.278922,50,247.730135
-18.627408,50,247.788613
-18.142272,50,247.849888
-9.728575,50,247.904527
-11.429243,50,247.96417
-18.595579,50,248.011839
-11.698451,50,248.064436
-20.381321,50,248.129424
-12.482802,50,248.195692
-12.822279,50,248.251392
-12.802083,50,248.320875
-21.390806,50,248.368922
-21.968485,50,248.429264
-11.933577,50,248.487504
-7.531717,50,248.957427
-13.908145,50,249.011923
-19.494148,50,249.062856
-8.977352,50,249.118435
-17.318163,50,249.178867
-13.198347,50,249.234329
-15.177203,50,249.287715
-15.416774,50,249.3416
-12.708411,50,249.395133
-17.512141,50,249.453618
-16.697091,50,249.508922
-10.445064,50,249.559764
-14.762047,50,249.612123
-7.127543,50,249.666502
-10.672669,50,249.720682
-16.051376,50,249.772454
-19.055665,50,249.832232
-18.802908,50,249.888917
-16.695543,50,249.941705
-12.240775,50,249.991547
-23.524979,50,250.048429
-18.594239,50,250.108912
-12.803596,50,250.164969
-7.649759,50,250.218709
-18.735932,50,250.26728
-20.731482,50,250.322341
-21.55396,50,250.38046
-18.733465,50,250.44136
-21.482906,50,250.49595
-16.739312,50,250.553393
-16.226045,50,250.602247
-23.611752,50,250.655958
-10.800759,50,250.715263
-13.721503,50,250.772858
-10.955758,50,250.815736
-17.813798,50,250.854187
-23.360695,50,250.903259
-10.992064,50,250.963593
-10.459379,50,251.021233
-17.319843,50,251.078814
-13.62355,50,251.137548
-17.752351,50,251.600619
-19.396817,50,251.655082
-16.0803,50,251.70467
-10.450906,50,251.765283
-19.705693,50,251.818987
-16.239467,50,251.876529
-14.602102,50,251.908666
-15.33235,50,251.972544
-15.894634,50,252.026343
-10.414234,50,252.086363
-19.82336,50,252.136694
-16.274709,50,252.195539
-10.151716,50,252.250394
-20.333555,50,252.309404
-12.749299,50,252.365885
-18.983044,50,252.415926
-23.352642,50,252.468971
-24.32645,50,252.520951
-14.276546,50,252.569183
-21.376403,50,252.623743
-19.182707,50,252.681046
-14.493103,50,252.738145
-21.048684,50,252.794362
-18.14988,50,252.849889
-9.87103,50,252.900926
-18.385516,50,252.959821
-15.60118,50,253.013644
-21.119098,50,253.068393
-15.969538,50,253.124898
-14.304587,50,253.177038
-14.718417,50,253.230259
-20.068085,50,253.286969
-24.35416,50,253.34143
-6.15727,50,253.3934
-19.598334,50,253.446612
-20.250871,50,253.505414
-7.877895,50,253.562657
-20.066566,50,253.62187
-10.018285,50,253.681589
-14.524171,50,253.741652
-8.368413,50,253.793334
-10.212575,50,254.245365
-12.665176,50,254.310434
-23.723796,50,254.367161
-17.77066,50,254.428348
-22.603812,50,254.482254
-14.483359,50,254.53971
-21.026709,50,254.593384
-25.414042,50,254.645315
-23.704305,50,254.683683
-16.495819,50,254.750261
-10.06514,50,254.801478
-22.279976,50,254.848198
-20.366188,50,254.90518
-13.651563,50,254.95768
-15.514042,50,255.016622
-20.906991,50,255.068948
-21.735256,50,255.122296
-11.394172,50,255.180651
-6.993091,50,255.235435
-8.72365,50,255.284223
-18.047011,50,255.336689
-7.965588,50,255.39197
-14.75882,50,255.441531
-19.190951,50,255.496932
-21.643758,50,255.549798
-13.188734,50,255.609294
-23.440949,50,255.661967
-17.312112,50,255.714841
-7.617803,50,255.770791
-19.09147,50,255.829581
-17.999328,50,255.876011
-17.192898,50,255.934297
-14.937971,50,255.984357
-15.022794,50,256.038237
-7.506477,50,256.092539
-18.67758,50,256.154464
-12.659202,50,256.207711
-21.235078,50,256.27077
-21.18322,50,256.322959
-15.866478,50,256.380507
-19.321031,50,256.4406
-7.556358,50,256.895027
-23.904374,50,256.94557
-16.620386,50,257.00215
-22.737744,50,257.059629
-13.338276,50,257.113065
-14.574724,50,257.166739
-22.812317,50,257.220359
-17.081584,50,257.272082
-21.914106,50,257.320992
-7.850555,50,257.369894
-13.974002,50,257.428493
-20.602079,50,257.487011
-24.701078,50,257.545054
-19.899647,50,257.600223
-11.792729,50,257.657573
-11.629623,50,257.713686
-20.921512,50,257.758905
-7.098562,50,257.820652
-6.624577,50,257.877581
-22.484601,50,257.932919
-14.775079,50,257.98441
-15.737682,50,258.039638
-10.725082,50,258.098092
-6.664326,50,258.150923
-21.009572,50,258.205315
-18.702942,50,258.251503
-23.546319,50,258.298533
-22.518297,50,258.359597
-16.679937,50,258.420038
-7.737076,50,258.478382
-16.218852,50,258.530827
-18.020963,50,258.591171
-20.441795,50,258.644661
-12.226818,50,258.698137
-10.859235,50,258.754349
-20.787681,50,258.811205
-20.102709,50,258.86842
-20.428189,50,258.924504
-15.598782,50,258.976779
-21.041037,50,259.031138
-17.673228,50,259.08986
-9.943761,50,259.560116
-20.133324,50,259.618503
-12.515201,50,259.670001
-14.684993,50,259.733923
-22.079189,50,259.787682
-12.113848,50,259.845903
-20.105999,50,259.900905
-18.773029,50,259.958928
-20.959574,50,260.008352
-9.228731,50,260.065769
-23.060233,50,260.120873
-23.352497,50,260.173216
-10.306611,50,260.235286
-16.295676,50,260.296647
-14.213311,50,260.346681
-12.334459,50,260.403143
-9.96823,50,260.45937
-23.876631,50,260.513689
-12.938018,50,260.568277
-20.929713,50,260.624323
-13.818177,50,260.676458
-14.742755,50,260.728364
-10.663438,50,260.778581
-19.842659,50,260.827434
-11.361627,50,260.881217
-20.916115,50,260.928999
-11.543315,50,260.984691
-13.398288,50,261.041517
-22.982839,50,261.097801
-12.656959,50,261.14996
-16.950928,50,261.205949
-13.668299,50,261.251787
-6.608276,50,261.310456
-16.072393,50,261.365587
-16.868207,50,261.428937
-9.717893,50,261.482083
-7.275681,50,261.533571
-20.26903,50,261.579927
-11.436082,50,261.63172
-18.652649,50,261.686745
-11.391269,50,261.750751
-18.237565,50,262.220709
-15.093671,50,262.275304
-18.619362,50,262.327643
-12.685799,50,262.378237
-10.018511,50,262.43132
-23.627325,50,262.489036
-10.14603,50,262.539271
-23.119539,50,262.589668
-7.594852,50,262.645165
-11.856296,50,262.701036
-19.967017,50,262.76022
-19.005174,50,262.818355
-14.373616,50,262.874005
-15.380623,50,262.931864
-12.243832,50,262.982909
-18.31319,50,263.036015
-6.560916,50,263.085641
-21.192482,50,263.143203
-13.94546,50,263.202695
-17.542344,50,263.261918
-22.800643,50,263.322879
-20.408044,50,263.379292
-18.386892,50,263.426862
-21.09364,50,263.486336
-17.789322,50,263.542687
-15.129366,50,263.598575
-13.753145,50,263.659096
-12.232092,50,263.713132
-7.701176,50,263.771935
-6.629453,50,263.824927
-9.716027,50,263.884317
-18.452885,50,263.935923
-10.294552,50,263.984716
-9.005639,50,264.051165
-25.311476,50,264.115571
-10.231376,50,264.171173
-15.135165,50,264.218143
-18.771665,50,264.283459
-12.088944,50,264.342577
-21.747356,50,264.405069
-19.770814,50,264.464748
-13.239689,50,264.946254
-16.039367,50,264.998513
-17.845153,50,265.054549
-21.957251,50,265.111001
-13.120687,50,265.171072
-15.158463,50,265.231139
-14.468524,50,265.29339
-18.65291,50,265.342621
-18.966141,50,265.401336
-12.883854,50,265.464129
-20.482823,50,265.515582
-24.037286,50,265.574436
-24.216988,50,265.631168
-20.92073,50,265.687782
-17.808992,50,265.740073
-17.736676,50,265.801425
-22.149875,50,265.861379
-14.779513,50,265.918639
-8.529687,50,265.981011
-18.776971,50,266.045156
-20.777212,50,266.106205
-14.912097,50,266.160959
-21.930298,50,266.221923
-14.495419,50,266.27775
-13.31521,50,266.333813
-14.525348,50,266.389924
-15.599175,50,266.452853
-7.978379,50,266.507551
-19.262795,50,266.562611
-9.206286,50,266.615498
-18.158278,50,266.6696
-15.960786,50,266.729003
-11.535105,50,266.7868
-16.519972,50,266.847507
-13.578485,50,266.902056
-15.304975,50,266.963115
-8.124897,50,267.026568
-14.162253,50,267.085591
-20.169967,50,267.14285
-21.877102,50,267.194246
-21.37326,50,267.254349
-14.580368,50,267.76765
-22.672718,50,267.824826
-12.286122,50,267.876748
-18.083165,50,267.938465
-11.295173,50,268.003227
-12.160527,50,268.065144
-10.863004,50,268.125205
-12.378013,50,268.185014
-14.185042,50,268.246913
-13.73287,50,268.302932
-17.663138,50,268.368965
-16.25599,50,268.423707
-20.26171,50,268.483433
-23.790649,50,268.551304
-19.367527,50,268.611517
-15.141632,50,268.669282
-15.089714,50,268.727704
-16.535258,50,268.783761
-14.494524,50,268.842752
-13.37232,50,268.898555
-14.327215,50,268.955926
-6.791414,50,269.016834
-12.725104,50,269.076755
-11.463075,50,269.130618
-9.109186,50,269.188112
-14.786394,50,269.245467
-9.188097,50,269.301495
-17.757965,50,269.354618
-14.925271,50,269.408734
-21.776243,50,269.47128
-11.237621,50,269.527566
-22.54216,50,269.579295
-10.829834,50,269.639319
-18.636084,50,269.695003
-13.672005,50,269.751184
-17.160343,50,269.801824
-10.554159,50,269.860023
-11.969224,50,269.917329
-19.698263,50,269.970229
-12.795438,50,270.025926
-19.761447,50,270.081903
-12.3183,50,270.542447
-8.512294,50,270.604913
-15.717884,50,270.665441
-5.494208,50,270.723823
-5.898924,50,270.779698
-10.375971,50,270.835649
-22.20191,50,270.893572
-9.834291,50,270.949911
-20.673824,50,271.006127
-19.607516,50,271.064622
-20.706697,50,271.124176
-21.911815,50,271.174988
-11.171743,50,271.232415
-15.750652,50,271.290084
-11.0141,50,271.337675
-17.947456,50,271.397579
-18.943597,50,271.457887
-24.407287,50,271.517132
-9.276288,50,271.573179
-24.175196,50,271.632652
-20.16322,50,271.691144
-19.541849,50,271.749563
-10.570006,50,271.802796
-15.876848,50,271.857129
-17.916309,50,271.917556
-23.277114,50,271.980671
-21.049527,50,272.040347
-9.152871,50,272.094791
-18.162441,50,272.14983
-21.844425,50,272.212307
-19.76948,50,272.273741
-17.529901,50,272.325441
-21.553929,50,272.380729
-17.415746,50,272.443742
-9.693029,50,272.505675
-12.746053,50,272.566089
-14.263481,50,272.627079
-11.160066,50,272.689973
-19.18758,50,272.748234
-12.251786,50,272.804585
-6.424442,50,273.261972
-21.392894,50,273.315656
-22.172905,50,273.375696
-15.68732,50,273.433434
-21.67547,50,273.490656
-16.820897,50,273.547933
-8.810429,50,273.600792
-16.391831,50,273.655636
-19.074475,50,273.709461
-10.054111,50,273.765327
-13.677376,50,273.824221
-13.087265,50,273.879723
-20.095539,50,273.93963
-16.079423,50,273.991553
-10.275987,50,274.047339
-18.99173,50,274.106742
-13.42445,50,274.159139
-8.666179,50,274.221299
-13.972931,50,274.278199
-21.886802,50,274.347531
-16.063288,50,274.410921
-18.662935,50,274.477854
-17.153042,50,274.538865
-21.953942,50,274.601446
-19.196792,50,274.666918
-17.718536,50,274.723431
-14.515997,50,274.785363
-8.798482,50,274.847907
-11.487223,50,274.906478
-15.989255,50,274.962631
-22.104862,50,275.025793
-7.635014,50,275.076221
-23.396491,50,275.139213
-17.454004,50,275.201696
-7.089837,50,275.262674
-17.277,50,275.322504
-21.327742,50,275.376553
-23.215617,50,275.439296
-17.062251,50,275.495297
-24.075167,50,275.554631
-12.501572,50,275.610351
-11.965082,50,276.11291
-20.427168,50,276.171354
-23.542927,50,276.228492
-15.829932,50,276.29032
-20.327397,50,276.347318
-9.732722,50,276.40523
-16.067787,50,276.45738
-21.731659,50,276.512012
-16.774974,50,276.568919
-9.957124,50,276.620647
-13.467987,50,276.676661
-12.116874,50,276.738832
-15.362199,50,276.797635
-20.597792,50,276.854627
-8.024829,50,276.912854
-20.097153,50,276.968478
-18.520187,50,277.022506
-9.051405,50,277.08253
-19.006838,50,277.140146
-15.115127,50,277.198174
-20.170922,50,277.262918
-12.361649,50,277.323244
-17.478926,50,277.386591
-5.77413,50,277.444168
-16.937518,50,277.508992
-20.391272,50,277.569068
-20.845314,50,277.633271
-9.680232,50,277.683637
-17.893648,50,277.738908
-14.178677,50,277.78916
-14.438339,50,277.844916
-17.883905,50,277.902027
-10.337845,50,277.965094
-17.895857,50,278.026967
-20.593027,50,278.083937
-11.234078,50,278.143509
-16.101553,50,278.203178
-18.534988,50,278.258995
-21.19806,50,278.314867
-20.841149,50,278.371983
-19.29831,50,278.434301
-15.751254,50,278.934357
-22.514814,50,278.98954
-9.727554,50,279.043326
-9.207466,50,279.101985
-13.211691,50,279.156034
-21.784526,50,279.212875
-20.492153,50,279.276678
-23.127714,50,279.338197
-12.525349,50,279.388035
-12.40079,50,279.442264
-24.755521,50,279.501113
-9.570199,50,279.557611
-10.651354,50,279.613804
-19.64838,50,279.676215
-22.836056,50,279.733748
-10.774933,50,279.795907
-11.302407,50,279.845854
-18.944417,50,279.90586
-15.329248,50,279.958877
-21.502804,50,280.001543
-14.858421,50,280.053729
-9.100616,50,280.107975
-23.610245,50,280.166055
-15.629739,50,280.220725
-19.022021,50,280.275422
-18.991879,50,280.331637
-21.874928,50,280.386414
-19.548771,50,280.444664
-14.863021,50,280.509253
-8.050006,50,280.565922
-12.535209,50,280.618863
-15.327122,50,280.678121
-17.551202,50,280.732732
-16.381621,50,280.790714
-17.737615,50,280.848074
-18.011858,50,280.907865
-17.351761,50,280.965882
-14.596067,50,281.028519
-17.164087,50,281.082617
-16.653746,50,281.140012
-9.126605,50,281.196055
-16.035258,50,281.690308
-21.027989,50,281.752253
-20.092719,50,281.8083
-9.259851,50,281.866967
-21.054693,50,281.92688
-21.691039,50,281.985512
-20.593789,50,282.046046
-16.215366,50,282.106209
-21.937721,50,282.167936
-13.350641,50,282.227095
-21.455688,50,282.284355
-12.732658,50,282.352619
-14.257165,50,282.408565
-15.248376,50,282.463695
-10.790408,50,282.51518
-11.699562,50,282.575445
-14.632244,50,282.629959
-13.798523,50,282.665497
-15.604557,50,282.707249
-20.418489,50,282.759785
-20.241818,50,282.813631
-6.549477,50,282.874682
-9.716562,50,282.930481
-17.785983,50,282.983739
-13.012093,50,283.0349
-14.05269,50,283.091868
-22.233107,50,283.147118
-13.790961,50,283.204688
-18.78861,50,283.267405
-14.231029,50,283.323516
-10.295904,50,283.383203
-22.183079,50,283.444823
-15.655336,50,283.502867
-12.647736,50,283.557969
-18.975371,50,283.609729
-22.393866,50,283.667224
-21.019005,50,283.725533
-8.235714,50,283.790514
-13.458468,50,283.855377
-10.363562,50,283.912646
-12.166397,50,283.97365
-19.790457,50,284.442481
-20.612419,50,284.494757
-17.612684,50,284.55765
-15.51267,50,284.611042
-13.765662,50,284.664912
-8.642866,50,284.718346
-17.74132,50,284.773394
-14.288773,50,284.828505
-18.943789,50,284.890184
-16.836917,50,284.945629
-15.176209,50,285.006249
-8.90027,50,285.067442
-13.984384,50,285.12571
-9.322476,50,285.183819
-22.179733,50,285.237622
-9.139979,50,285.296095
-19.680295,50,285.352236
-18.161271,50,285.405272
-10.3069,50,285.46507
-22.266015,50,285.524945
-14.739983,50,285.580077
-9.76075,50,285.64128
-8.62152,50,285.703982
-19.422474,50,285.760063
-6.553354,50,285.818145
-16.588185,50,285.875632
-14.312389,50,285.935859
-18.37701,50,285.996698
-21.653336,50,286.053865
-11.922679,50,286.111712
-14.892921,50,286.172937
-20.134468,50,286.233336
-12.082245,50,286.293518
-22.734283,50,286.345408
-11.288512,50,286.408472
-17.743202,50,286.458606
-20.668038,50,286.515402
-16.025198,50,286.572427
-9.903373,50,286.631697
-22.346548,50,286.690561
-23.350796,50,286.74748
-20.670821,50,287.226661
-17.114555,50,287.282382
-8.628619,50,287.342298
-18.98937,50,287.39502
-13.365855,50,287.443461
-17.074536,50,287.500284
-15.824373,50,287.555386
-7.221332,50,287.610624
-20.891119,50,287.664095
-15.808966,50,287.716138
-15.894853,50,287.770369
-21.433287,50,287.832191
-15.06946,50,287.887979
-15.044988,50,287.941877
-22.985889,50,288.000989
-11.817203,50,288.05325
-6.855943,50,288.099178
-16.969145,50,288.165182
-22.666742,50,288.220818
-20.848465,50,288.280011
-14.307374,50,288.336743
-12.765502,50,288.38623
-12.641712,50,288.451153
-17.142913,50,288.50242
-6.965481,50,288.555816
-15.576811,50,288.6119
-21.128656,50,288.673613
-16.522213,50,288.724931
-20.898673,50,288.776545
-12.237832,50,288.832164
-23.991298,50,288.887914
-21.218198,50,288.946112
-18.136194,50,289.004159
-21.289,50,289.059556
-22.032795,50,289.116265
-8.778627,50,289.173846
-7.672208,50,289.221367
-7.569684,50,289.274317
-14.017244,50,289.326731
-4.167749,50,289.381709
-22.526505,50,289.433175
-18.080275,50,289.911871
-16.512993,50,289.971489
-18.493036,50,290.032199
-7.055674,50,290.092158
-6.980139,50,290.13727
-17.998188,50,290.196517
-12.342094,50,290.260191
-20.428857,50,290.318999
-20.525172,50,290.370515
-16.707444,50,290.433641
-16.552256,50,290.488006
-5.454804,50,290.545684
-17.251736,50,290.601963
-16.188451,50,290.658598
-10.680724,50,290.717702
-16.535901,50,290.779636
-10.583576,50,290.838714
-9.931862,50,290.90043
-6.325213,50,290.955429
-12.750023,50,291.017941
-14.697043,50,291.073706
-15.704874,50,291.132934
-16.17384,50,291.194559
-14.671497,50,291.252268
-17.77629,50,291.311954
-11.12744,50,291.369811
-15.980001,50,291.429188
-20.706442,50,291.484521
-12.809062,50,291.542156
-19.513405,50,291.606818
-12.737243,50,291.667679
-21.221125,50,291.732957
-20.881736,50,291.786597
-18.085381,50,291.842078
-18.694176,50,291.902092
-15.246231,50,291.958714
-10.783555,50,292.011315
-12.094551,50,292.066602
-10.438517,50,292.116786
-8.355226,50,292.17263
-17.921694,50,292.230845
-21.35786,50,292.734138
-16.393521,50,292.778024
-16.771778,50,292.83377
-21.269629,50,292.893565
-14.788864,50,292.950847
-18.331279,50,293.004077
-12.512632,50,293.05681
-14.083785,50,293.117007
-9.417282,50,293.171563
-6.482317,50,293.237381
-14.826951,50,293.295163
-13.597687,50,293.356015
-7.364643,50,293.408962
-17.596498,50,293.464314
-10.438524,50,293.51793
-18.693658,50,293.575169
-16.960364,50,293.633252
-10.963409,50,293.684666
-19.007475,50,293.74527
-20.656277,50,293.797698
-16.392785,50,293.862492
-14.340286,50,293.913434
-19.368681,50,293.966716
-18.980164,50,294.022208
-19.944122,50,294.070091
-18.015731,50,294.124397
-7.711477,50,294.177005
-11.067438,50,294.231821
-6.669805,50,294.291584
-19.044399,50,294.346651
-8.904353,50,294.404001
-15.561647,50,294.454515
-22.771202,50,294.515809
-20.728774,50,294.575533
-12.825925,50,294.6279
-20.982617,50,294.68253
-11.78,50,294.740722
-16.150096,50,294.794816
-14.262671,50,294.852171
-15.03021,50,294.90261
-18.999333,50,294.941893
-19.442419,50,295.449105
-13.190067,50,295.505126
-10.911767,50,295.569555
-10.39837,50,295.624021
-15.554889,50,295.677232
-12.170381,50,295.732114
-14.041105,50,295.79094
-6.53593,50,295.847903
-12.408324,50,295.90628
-22.106882,50,295.961844
-15.820676,50,296.019181
-14.319614,50,296.081061
-14.830706,50,296.136832
-11.894888,50,296.200069
-8.328447,50,296.260357
-14.596038,50,296.317462
-17.479435,50,296.36966
-15.690383,50,296.414092
-10.531086,50,296.472848
-21.592686,50,296.529249
-16.265997,50,296.588488
-11.907089,50,296.647707
-22.033509,50,296.704716
-12.2052,50,296.766835
-13.354184,50,296.824599
-14.303924,50,296.874463
-12.381193,50,296.938551
-14.12708,50,296.999665
-13.859401,50,297.062361
-21.23941,50,297.120526
-20.843785,50,297.175143
-21.356989,50,297.223102
-11.645092,50,297.282655
-18.958393,50,297.333453
-21.350407,50,297.386916
-12.47216,50,297.441417
-14.918302,50,297.491802
-19.566676,50,297.552739
-21.293348,50,297.612678
-17.923054,50,297.667835
-7.317243,50,297.735612
-5.797631,50,298.21157
-11.008297,50,298.268206
-8.391588,50,298.328647
-10.321417,50,298.383732
-12.292589,50,298.430018
-12.557947,50,298.487037
-12.171348,50,298.539058
-15.131526,50,298.597435
-18.503251,50,298.651525
-15.31912,50,298.705153
-16.702921,50,298.762902
-9.636968,50,298.814829
-11.967267,50,298.87452
-8.160298,50,298.931022
-13.995718,50,298.983316
-12.745177,50,299.042597
-20.255384,50,299.100894
-13.685018,50,299.158876
-21.55229,50,299.212645
-11.993099,50,299.250736
-12.604826,50,299.31626
-5.530615,50,299.3705
-14.50712,50,299.422551
-16.317363,50,299.480356
-15.217552,50,299.529616
-20.671222,50,299.588311
-13.277174,50,299.640147
-13.87789,50,299.696442
-18.242671,50,299.758154
-12.879232,50,299.804732
-11.16909,50,299.865742
-18.206154,50,299.930457
-11.863166,50,299.986218
-17.21624,50,300.046338
-5.734551,50,300.100947
-14.314519,50,300.15785
-14.418736,50,300.213681
-21.189029,50,300.269631
-6.095618,50,300.323268
-20.931204,50,300.375526
-11.776875,50,300.429098
-16.978519,50,300.903667
-18.055527,50,300.95918
-19.771708,50,301.018128
-14.775617,50,301.074261
-17.676319,50,301.128527
-20.057727,50,301.182778
-20.25041,50,301.233562
-14.290104,50,301.296714
-18.534799,50,301.351866
-22.979724,50,301.405233
-22.462647,50,301.456464
-8.267029,50,301.513725
-19.843885,50,301.571786
-15.912912,50,301.627098
-17.617134,50,301.69161
-17.506592,50,301.749874
-6.216076,50,301.811686
-13.249949,50,301.865962
-9.819598,50,301.917913
-18.529561,50,301.972887
-15.942124,50,302.030041
-9.624601,50,302.092009
-19.697977,50,302.144216
-22.601834,50,302.20773
-14.928974,50,302.262911
-21.03093,50,302.314255
-9.975881,50,302.371341
-7.555921,50,302.425894
-9.092254,50,302.47525
-23.713916,50,302.53535
-13.772834,50,302.588878
-14.804764,50,302.647979
-12.367335,50,302.699841
-18.020139,50,302.74477
-18.732214,50,302.808312
-20.976818,50,302.870013
-21.092817,50,302.924893
-18.751607,50,302.974998
-15.791458,50,303.029036
-13.010465,50,303.085451
-13.046738,50,303.141584
-18.772196,50,303.619702
-22.855591,50,303.676184
-15.428064,50,303.730444
-14.010112,50,303.782859
-5.378985,50,303.847572
-17.949076,50,303.895488
-10.784288,50,303.952743
-14.65029,50,304.009456
-14.404466,50,304.065331
-9.734135,50,304.11883
-17.594231,50,304.172273
-6.910691,50,304.227524
-20.900257,50,304.282038
-11.09253,50,304.338697
-20.474582,50,304.396735
-14.742925,50,304.454457
-15.278216,50,304.507506
-16.014608,50,304.568294
-15.38615,50,304.622153
-19.660716,50,304.677869
-17.546119,50,304.737822
-8.207036,50,304.792793
-15.884055,50,304.856258
-12.4459,50,304.911338
-18.060063,50,304.9691
-15.950329,50,305.024742
-18.169509,50,305.084735
-14.714704,50,305.142891
-18.754466,50,305.19446
-19.412781,50,305.255523
-16.496746,50,305.316815
-18.152774,50,305.373
-9.507451,50,305.434632
-16.059093,50,305.493833
-16.842716,50,305.549996
-14.499776,50,305.602684
-16.88811,50,305.662345
-11.502106,50,305.718374
-16.250273,50,305.775634
-5.279441,50,305.829987
-15.814503,50,305.88785
-18.350603,50,306.3801
-18.543796,50,306.43645
-17.849423,50,306.497812
-13.466073,50,306.549791
-12.600626,50,306.607877
-9.178051,50,306.669252
-25.443074,50,306.726179
-14.183196,50,306.765833
-21.870976,50,306.822919
-12.662721,50,306.882944
-17.871468,50,306.937135
-15.333399,50,306.995022
-20.691287,50,307.04837
-16.13309,50,307.103639
-17.9255,50,307.15734
-18.405224,50,307.216337
-19.426363,50,307.272763
-16.197512,50,307.326623
-22.367793,50,307.381592
-11.872292,50,307.44176
-13.42511,50,307.494444
-11.968722,50,307.548641
-15.10451,50,307.609468
-19.434513,50,307.661324
-19.666107,50,307.717617
-15.654976,50,307.776627
-22.275585,50,307.823812
-9.096272,50,307.882868
-7.353989,50,307.938142
-18.268072,50,307.994722
-10.24156,50,308.06148
-18.84606,50,308.118624
-15.921841,50,308.171475
-16.09508,50,308.226391
-8.497158,50,308.280232
-21.313711,50,308.330997
-20.551314,50,308.382458
-13.63854,50,308.444805
-14.414924,50,308.500907
-17.695521,50,308.554767
-21.196896,50,308.618788
-21.471528,50,309.086425
-17.882437,50,309.14151
-17.252146,50,309.194604
-19.75708,50,309.247582
-19.214898,50,309.301152
-14.088206,50,309.353533
-11.868902,50,309.407654
-19.846351,50,309.466615
-6.555826,50,309.523528
-18.937623,50,309.579573
-4.831465,50,309.632818
-15.950066,50,309.695739
-19.065171,50,309.743321
-17.659009,50,309.79975
-12.694634,50,309.854172
-13.280462,50,309.908466
-17.602862,50,309.969782
-20.142527,50,310.025434
-17.292614,50,310.081567
-18.859874,50,310.132808
-13.726821,50,310.18584
-7.748044,50,310.247841
-8.037886,50,310.309269
-19.374027,50,310.36773
-8.804927,50,310.423908
-12.900334,50,310.47985
-11.225952,50,310.535207
-16.635305,50,310.594197
-19.65947,50,310.659044
-5.790027,50,310.719143
-17.854757,50,310.772688
-14.661986,50,310.82522
-22.817752,50,310.881974
-6.892909,50,310.936454
-23.319522,50,310.99549
-14.237063,50,311.04759
-18.452738,50,311.10368
-14.941547,50,311.162986
-16.534042,50,311.221106
-17.783527,50,311.280387
-11.523784,50,311.336844
-16.342685,50,311.827614
-20.876331,50,311.885444
-11.603793,50,311.941234
-22.076486,50,311.996447
-8.011944,50,312.045242
-17.68991,50,312.103075
-11.77527,50,312.163521
-14.662282,50,312.225682
-16.535611,50,312.281878
-19.527848,50,312.340439
-19.58385,50,312.397742
-18.931192,50,312.456611
-12.820131,50,312.513623
-20.927433,50,312.572542
-9.582184,50,312.627811
-14.961638,50,312.690122
-18.809375,50,312.741668
-15.829535,50,312.800243
-17.240923,50,312.863652
-12.622387,50,312.923467
-19.186082,50,312.981163
-12.727071,50,313.035654
-21.714544,50,313.095521
-14.403877,50,313.151213
-16.287531,50,313.208536
-8.469096,50,313.266487
-15.918051,50,313.322327
-18.933162,50,313.376229
-14.620233,50,313.42936
-16.835304,50,313.485409
-7.961933,50,313.544744
-10.829326,50,313.597597
-15.406942,50,313.653675
-8.33448,50,313.704703
-13.190524,50,313.760747
-20.382945,50,313.816474
-19.712635,50,313.874512
-13.522797,50,313.930782
-16.62703,50,313.991667
-14.690654,50,314.051775
-17.484839,50,314.102598
-21.012533,50,314.573956
-19.229984,50,314.631939
-12.48615,50,314.687491
-11.098417,50,314.739782
-21.379223,50,314.799414
-8.733154,50,314.861269
-15.858368,50,314.915108
-15.854996,50,314.963893
-7.724126,50,315.023821
-12.206858,50,315.082561
-10.883274,50,315.139039
-12.09471,50,315.189065
-16.630238,50,315.244878
-17.245054,50,315.299757
-18.580485,50,315.357865
-6.699275,50,315.418739
-18.552429,50,315.471299
-14.772832,50,315.525674
-21.83618,50,315.580333
-12.542766,50,315.637747
-20.534469,50,315.696422
-11.017247,50,315.747808
-18.520251,50,315.805919
-12.953067,50,315.863349
-18.610722,50,315.91795
-11.884883,50,315.971385
-11.659851,50,316.02886
-20.125351,50,316.088428
-11.805952,50,316.145732
-7.824237,50,316.201754
-13.923315,50,316.260802
-10.826785,50,316.322625
-17.980124,50,316.366767
-8.475508,50,316.42562
-15.376894,50,316.48046
-17.515369,50,316.539099
-16.529528,50,316.596296
-10.811992,50,316.65435
-16.692366,50,316.713605
-15.808796,50,316.764096
-18.732062,50,316.822637
-19.132546,50,317.294067
-19.252424,50,317.35322
-16.908487,50,317.410919
-15.412978,50,317.472189
-20.444972,50,317.524196
-9.767956,50,317.583864
-10.377392,50,317.633859
-9.241723,50,317.692455
-18.191974,50,317.753363
-19.525261,50,317.81265
-8.991354,50,317.869787
-21.843825,50,317.929734
-8.064673,50,317.984714
-18.152419,50,318.03316
-15.377425,50,318.081799
-13.254686,50,318.14596
-17.258537,50,318.197757
-7.484226,50,318.252352
-11.810756,50,318.311922
-9.535076,50,318.365943
-13.147534,50,318.418562
-14.840167,50,318.47569
-8.590231,50,318.530735
-18.286246,50,318.59162
-20.0405,50,318.646206
-7.886425,50,318.70362
-13.282143,50,318.758669
-15.207125,50,318.816638
-15.471845,50,318.875514
-11.302531,50,318.934147
-13.965033,50,318.990495
-16.146054,50,319.040579
-11.071761,50,319.09954
-20.691265,50,319.158404
-13.391965,50,319.210051
-19.413294,50,319.274636
-18.618059,50,319.327408
-8.696269,50,319.382564
-12.562003,50,319.438438
-12.413199,50,319.491023
-10.504872,50,319.535552
-18.160837,50,320.004477
-18.634546,50,320.063711
-17.26148,50,320.113032
-17.727771,50,320.171697
-16.710343,50,320.223067
-7.520022,50,320.283673
-20.278397,50,320.342608
-22.663469,50,320.401883
-12.965901,50,320.45765
-17.6816,50,320.511736
-21.731188,50,320.569532
-21.507894,50,320.62466
-21.827139,50,320.678685
-11.599795,50,320.730269
-12.333124,50,320.785738
-12.485297,50,320.846141
-17.651208,50,320.90117
-13.435507,50,320.960203
-9.155897,50,321.020092
-14.917624,50,321.074825
-13.052639,50,321.132596
-11.18826,50,321.18829
-12.787983,50,321.244294
-10.981065,50,321.304511
-18.927839,50,321.365959
-22.00528,50,321.421181
-20.375265,50,321.479295
-14.486911,50,321.529729
-17.458252,50,321.587145
-16.950939,50,321.643139
-9.914113,50,321.696343
-9.380729,50,321.752458
-15.856552,50,321.811169
-19.772319,50,321.871751
-17.400742,50,321.932135
-10.071354,50,321.990126
-15.420802,50,322.041117
-19.750117,50,322.103034
-11.167386,50,322.155517
-19.284275,50,322.209618
-12.80709,50,322.269472
-10.490335,50,322.751704
-15.192533,50,322.80484
-15.92134,50,322.868719
-13.302092,50,322.923281
-16.716364,50,322.978782
-13.581177,50,323.037661
-17.989682,50,323.096236
-5.040387,50,323.146956
-16.477016,50,323.206716
-18.520438,50,323.264881
-19.628622,50,323.312813
-15.656151,50,323.343015
-11.381365,50,323.399193
-16.409883,50,323.459836
-17.020549,50,323.519408
-21.703159,50,323.578913
-20.786763,50,323.635236
-14.250094,50,323.687031
-18.741345,50,323.746965
-18.817016,50,323.795846
-9.802295,50,323.845838
-19.621332,50,323.897864
-13.287956,50,323.949831
-16.494281,50,324.009639
-13.730612,50,324.065857
-11.551854,50,324.124347
-18.905351,50,324.182041
-22.13423,50,324.240861
-11.501126,50,324.297528
-12.029425,50,324.344428
-12.208981,50,324.397619
-20.465035,50,324.455491
-13.13019,50,324.506594
-11.041164,50,324.564998
-11.821552,50,324.619411
-15.236412,50,324.678694
-11.532015,50,324.741541
-12.490959,50,324.788861
-13.490382,50,324.843425
-12.850843,50,324.897326
-20.496824,50,324.956285
-19.145975,50,325.431861
-14.420645,50,325.487663
-6.11572,50,325.539631
-15.649738,50,325.595396
-21.425582,50,325.647798
-5.976752,50,325.705768
-10.356487,50,325.759486
-20.886729,50,325.818161
-11.484976,50,325.875505
-18.010288,50,325.934261
-11.470015,50,325.989646
-21.537001,50,326.046882
-11.114053,50,326.104624
-21.514529,50,326.164848
-10.494963,50,326.214118
-14.06649,50,326.27372
-16.899544,50,326.335348
-17.66858,50,326.394795
-14.214672,50,326.448392
-15.156771,50,326.509491
-10.292656,50,326.561715
-21.542908,50,326.617038
-19.494712,50,326.673889
-11.327161,50,326.730422
-14.679488,50,326.78688
-17.619486,50,326.843791
-8.959719,50,326.890723
-18.376563,50,326.949694
-7.600412,50,327.005702
-10.600331,50,327.060246
-11.036978,50,327.117599
-13.963391,50,327.174468
-11.631192,50,327.231704
-15.171857,50,327.28724
-22.402875,50,327.338741
-17.169296,50,327.390719
-18.442669,50,327.443717
-16.807768,50,327.501592
-12.498967,50,327.554258
-7.252671,50,327.615724
-18.638685,50,327.6729
-15.710735,50,328.150432
-8.400851,50,328.212051
-8.138087,50,328.264416
-18.709066,50,328.32469
-16.091898,50,328.374356
-6.775799,50,328.430173
-12.470426,50,328.485723
-13.98562,50,328.539714
-15.227284,50,328.599081
-19.939255,50,328.649929
-15.261077,50,328.704686
-15.238475,50,328.759942
-19.16667,50,328.813771
-21.646391,50,328.870866
-11.884948,50,328.930285
-11.47438,50,328.989886
-20.585917,50,329.040816
-6.732182,50,329.0979
-16.651527,50,329.156629
-9.271092,50,329.207898
-10.252209,50,329.261779
-20.237636,50,329.313329
-21.019538,50,329.367347
-18.939458,50,329.423145
-12.49116,50,329.473536
-19.9551,50,329.531113
-20.82194,50,329.581408
-16.174574,50,329.637204
-20.727214,50,329.694118
-6.794818,50,329.748893
-7.651339,50,329.804628
-20.701372,50,329.861317
-20.073935,50,329.91465
-11.394921,50,329.970519
-18.444889,50,330.030043
-18.23376,50,330.082867
-21.528689,50,330.144703
-20.406956,50,330.198526
-8.562639,50,330.259656
-20.766237,50,330.319095
-13.659783,50,330.374709
-11.341112,50,330.842789
-18.955064,50,330.898503
-16.671393,50,330.955712
-14.01913,50,331.010281
-16.497001,50,331.061815
-20.898892,50,331.115667
-19.338941,50,331.171908
-13.016988,50,331.220911
-21.921528,50,331.277218
-16.843502,50,331.333702
-8.04975,50,331.388484
-9.674568,50,331.440128
-19.828576,50,331.493228
-4.195603,50,331.54735
-11.005084,50,331.599733
-12.262755,50,331.653428
-14.625418,50,331.707281
-20.113822,50,331.760672
-15.868645,50,331.810982
-13.6797,50,331.866924
-21.051637,50,331.918476
-22.10393,50,331.971131
-18.812081,50,332.028254
-13.075821,50,332.079953
-16.194821,50,332.143222
-6.931319,50,332.200129
-20.724928,50,332.256712
-13.572284,50,332.313458
-16.424649,50,332.364742
-9.992104,50,332.415096
-17.882075,50,332.471246
-17.050191,50,332.518539
-20.118198,50,332.567247
-20.513558,50,332.626987
-20.580991,50,332.680458
-21.181214,50,332.735404
-13.049411,50,332.790365
-14.226544,50,332.849527
-6.155201,50,332.915018
-20.743178,50,332.958332
-16.218364,50,333.02052
-18.667381,50,333.508644
-11.521753,50,333.563346
-11.399159,50,333.622264
-18.211791,50,333.67932
-18.355478,50,333.722219
-19.73702,50,333.781027
-7.74267,50,333.827602
-19.896202,50,333.882831
-19.263486,50,333.933215
-14.771672,50,333.98962
-8.247794,50,334.051178
-16.319613,50,334.104595
-4.404582,50,334.161978
-17.460068,50,334.221783
-11.869561,50,334.282097
-16.752797,50,334.336893
-15.558311,50,334.396601
-14.944171,50,334.45701
-11.132811,50,334.513956
-19.943566,50,334.564601
-15.157651,50,334.622312
-17.066755,50,334.668701
-14.023022,50,334.727812
-14.019066,50,334.781437
-20.33367,50,334.84112
-17.175088,50,334.892898
-7.063659,50,334.947482
-21.478795,50,335.004743
-10.057198,50,335.061531
-20.042635,50,335.121217
-19.810857,50,335.172447
-16.366917,50,335.227427
-21.412296,50,335.285305
-5.149363,50,335.346293
-18.304504,50,335.40349
-4.191403,50,335.460779
-13.940317,50,335.514152
-11.940026,50,335.572756
-18.390133,50,335.62481
-11.970589,50,335.682836
-16.204552,50,335.742369
-16.430693,50,336.227251
-19.239752,50,336.284656
-19.146825,50,336.342408
-15.985295,50,336.400682
-22.64719,50,336.457502
-5.421361,50,336.521438
-9.030244,50,336.573824
-17.981243,50,336.630581
-9.235895,50,336.681304
-14.032168,50,336.744093
-13.929214,50,336.803826
-15.174557,50,336.859702
-7.242804,50,336.917496
-15.603044,50,336.972159
-14.207098,50,337.031759
-22.993511,50,337.086152
-15.05387,50,337.143833
-14.836883,50,337.198049
-5.22565,50,337.253392
-9.716545,50,337.317821
-11.618617,50,337.371245
-20.074481,50,337.42352
-21.779928,50,337.480573
-19.617828,50,337.538176
-18.083218,50,337.593938
-14.004308,50,337.649356
-18.768463,50,337.705567
-21.884417,50,337.758024
-14.48487,50,337.814775
-13.071817,50,337.868191
-9.223062,50,337.926284
-11.789103,50,337.977617
-14.939453,50,338.037698
-17.427636,50,338.092151
-15.237046,50,338.148913
-18.658873,50,338.205245
-7.438814,50,338.263207
-16.545119,50,338.322774
-14.731942,50,338.377348
-13.785287,50,338.438563
-5.348266,50,338.498044
-7.937258,50,338.970128
-11.295729,50,339.031194
-7.95872,50,339.08854
-20.134715,50,339.139267
-13.981961,50,339.193956
-21.402672,50,339.237578
-22.006234,50,339.297903
-19.141106,50,339.350663
-15.971157,50,339.406725
-13.374077,50,339.455065
-14.62268,50,339.506708
-6.607091,50,339.559307
-20.947564,50,339.620794
-11.847054,50,339.674276
-18.819072,50,339.734643
-16.280842,50,339.792361
-21.711555,50,339.850326
-19.676133,50,339.905459
-8.391202,50,339.962824
-16.953975,50,340.011717
-21.591187,50,340.07487
-6.7185,50,340.126374
-9.39897,50,340.177841
-11.307738,50,340.237111
-12.497601,50,340.293007
-15.125966,50,340.352877
-11.036588,50,340.402852
-10.491758,50,340.462878
-9.887052,50,340.520341
-18.108963,50,340.579233
-12.737662,50,340.641255
-7.317069,50,340.69704
-19.338251,50,340.759292
-21.620008,50,340.817283
-16.61702,50,340.870585
-15.240496,50,340.928505
-19.969753,50,340.987765
-15.359889,50,341.040914
-9.967708,50,341.105374
-13.216022,50,341.156796
-21.069389,50,341.640431
-13.116964,50,341.704128
-18.828753,50,341.760223
-12.903428,50,341.818594
-5.816213,50,341.872151
-12.022343,50,341.930538
-17.569573,50,341.986567
-8.899528,50,342.045127
-8.394789,50,342.101015
-14.304892,50,342.155803
-17.365281,50,342.208678
-19.186096,50,342.269179
-20.892403,50,342.328614
-19.798392,50,342.384538
-13.810118,50,342.445558
-8.985833,50,342.502059
-17.283028,50,342.564721
-13.528483,50,342.626599
-20.337594,50,342.674842
-11.65607,50,342.728032
-17.252214,50,342.785621
-13.562473,50,342.839664
-16.210537,50,342.898468
-11.788679,50,342.962483
-17.524797,50,343.02136
-16.162951,50,343.076578
-18.314911,50,343.135888
-11.205735,50,343.198835
-15.546911,50,343.25275
-13.96021,50,343.311593
-11.657593,50,343.367685
-8.392705,50,343.4278
-7.941596,50,343.488578
-22.763935,50,343.540912
-20.185727,50,343.595617
-21.974224,50,343.647496
-16.823099,50,343.709028
-12.346402,50,343.770012
-9.167977,50,343.828921
-17.235168,50,343.88484
-12.711657,50,343.94552
-7.684057,50,344.435783
-20.938569,50,344.497952
-6.535177,50,344.556515
-15.530169,50,344.615195
-11.541226,50,344.67296
-21.948186,50,344.734323
-17.48606,50,344.792142
-14.308535,50,344.852281
-17.620121,50,344.910541
-17.432878,50,344.968112
-11.667635,50,345.022794
-10.274918,50,345.080795
-8.345946,50,345.139329
-14.669841,50,345.199732
-20.099247,50,345.261403
-18.112097,50,345.318482
-17.785412,50,345.372956
-5.691837,50,345.43058
-6.82879,50,345.492218
-6.585751,50,345.547907
-5.214386,50,345.599292
-19.536148,50,345.659431
-20.885888,50,345.72023
-13.114692,50,345.771547
-10.326838,50,345.836228
-7.189947,50,345.90144
-20.149255,50,345.963751
-18.08268,50,346.020852
-8.011115,50,346.076709
-18.862607,50,346.134809
-15.540492,50,346.191509
-8.721907,50,346.247699
-13.303215,50,346.312344
-13.205127,50,346.36932
-20.116997,50,346.424897
-11.773276,50,346.482151
-18.446693,50,346.537218
-8.269641,50,346.597285
-15.330589,50,346.653914
-4.683807,50,346.709761
-11.46785,50,346.761758
-13.396422,50,347.287927
-13.801344,50,347.356102
-20.207653,50,347.414448
-21.772377,50,347.475436
-16.730272,50,347.534798
-9.99696,50,347.592259
-15.302833,50,347.653021
-15.268972,50,347.711184
-15.319005,50,347.769521
-13.934144,50,347.825738
-8.556743,50,347.888584
-13.194188,50,347.946803
-10.487387,50,348.004817
-16.71349,50,348.061942
-15.684333,50,348.132953
-17.963272,50,348.197744
-5.969206,50,348.26366
-10.618909,50,348.326792
-14.763388,50,348.390571
-6.53785,50,348.455497
-14.142611,50,348.519088
-15.914802,50,348.581669
-10.784256,50,348.649911
-15.971937,50,348.71266
-14.806393,50,348.777206
-12.311101,50,348.841132
-10.535983,50,348.907536
-5.799444,50,348.96749
-19.407668,50,349.031263
-10.082298,50,349.083342
-19.726934,50,349.15139
-18.479817,50,349.215323
-5.845848,50,349.271186
-14.764873,50,349.332729
-18.048446,50,349.398474
-15.490531,50,349.464063
-16.924207,50,349.517311
-12.73365,50,349.577667
-12.679869,50,349.639122
-16.023133,50,349.694791
-14.547327,50,349.754726
-18.233534,50,350.273799
-8.817103,50,350.334115
-17.920436,50,350.388591
-21.317206,50,350.456535
-8.653145,50,350.516956
-15.337841,50,350.579574
-9.72149,50,350.63346
-15.517319,50,350.691837
-15.911151,50,350.750753
-12.468547,50,350.808565
-21.609553,50,350.858622
-13.929203,50,350.917221
-12.606453,50,350.969092
-15.047961,50,351.035188
-17.511149,50,351.089851
-14.24063,50,351.143912
-9.719518,50,351.206626
-8.385594,50,351.267733
-9.062642,50,351.323485
-19.111352,50,351.38538
-9.268376,50,351.450694
-19.576858,50,351.50335
-16.966366,50,351.573235
-13.373124,50,351.634168
-12.353105,50,351.695111
-19.300591,50,351.756125
-22.169207,50,351.809994
-18.22509,50,351.874284
-19.648298,50,351.930818
-21.239899,50,351.98666
-7.08417,50,352.04594
-15.602987,50,352.105446
-10.265662,50,352.156318
-16.264233,50,352.222058
-19.487381,50,352.278749
-7.905814,50,352.339282
-18.06355,50,352.396553
-19.929189,50,352.44991
-15.855822,50,352.508595
-15.109106,50,352.56556
-8.558919,50,352.624104
-17.684975,50,353.156926
-19.690708,50,353.212353
-21.804972,50,353.272119
-7.160146,50,353.324135
-22.253413,50,353.378249
-16.428658,50,353.433797
-14.213042,50,353.494131
-13.036674,50,353.547642
-10.928076,50,353.609508
-12.468406,50,353.671272
-12.334923,50,353.7328
-13.848942,50,353.784361
-13.674798,50,353.841841
-11.738517,50,353.903624
-20.529185,50,353.960321
-21.758398,50,354.012743
-19.975163,50,354.075698
-8.684517,50,354.135216
-21.052396,50,354.198344
-14.197202,50,354.259925
-14.212068,50,354.320819
-4.977827,50,354.382982
-14.753098,50,354.439441
-20.368287,50,354.498075
-19.739434,50,354.554975
-10.463814,50,354.614379
-11.675566,50,354.670754
-10.417657,50,354.720061
-15.676798,50,354.782917
-14.132192,50,354.838448
-8.303409,50,354.896806
-18.750148,50,354.951668
-12.881215,50,355.007787
-9.736167,50,355.068279
-20.327522,50,355.121255
-14.917381,50,355.183275
-15.680166,50,355.244569
-12.324615,50,355.306645
-18.553622,50,355.36072
-14.225442,50,355.418935
-12.351719,50,355.482767
-22.977822,50,355.991138
-15.27061,50,356.054253
-19.096408,50,356.112484
-17.999076,50,356.170062
-10.786154,50,356.227957
-6.433784,50,356.286353
-11.35164,50,356.341853
-22.148411,50,356.39921
-6.543948,50,356.453882
-12.467739,50,356.511062
-18.233199,50,356.570773
-17.048144,50,356.629827
-13.97132,50,356.688624
-19.322113,50,356.752337
-8.747593,50,356.805757
-10.894069,50,356.868193
-10.997926,50,356.921639
-15.537538,50,356.98168
-14.659148,50,357.037674
-14.727169,50,357.099318
-12.171745,50,357.163616
-17.860747,50,357.228044
-14.085101,50,357.292341
-9.500007,50,357.341537
-9.930856,50,357.406687
-17.121955,50,357.462691
-21.716998,50,357.522921
-13.323237,50,357.583966
-14.767309,50,357.644809
-16.963573,50,357.704437
-9.357501,50,357.766077
-16.769371,50,357.822724
-13.203794,50,357.882821
-7.831502,50,357.939696
-13.308999,50,357.991606
-10.200077,50,358.053202
-11.149739,50,358.11003
-19.106203,50,358.163098
-20.469927,50,358.220518
-5.068002,50,358.281412
-6.023993,50,358.335767
-10.547408,50,358.852711
-10.661527,50,358.909514
-10.014535,50,358.965709
-21.425114,50,359.020615
-14.129191,50,359.077128
-19.585571,50,359.136939
-20.598905,50,359.19691
-12.101433,50,359.250962
-15.736783,50,359.303732
-10.634403,50,359.362369
-14.460533,50,359.416856
-9.547227,50,359.47292
-16.621356,50,359.535018
-14.894346,50,359.600505
-7.790465,50,359.658357
-20.480296,50,359.717758
-13.567908,50,359.776012
-9.567031,50,359.841088
-18.628766,50,359.898547
-8.465371,50,359.958752
-16.678328,50,360.021644
-12.433621,50,360.088111
-20.694935,50,360.145477
-13.862057,50,360.205323
-17.368085,50,360.269802
-10.436235,50,360.334726
-17.683235,50,360.396932
-15.172469,50,360.462589
-15.972133,50,360.525842
-10.776161,50,360.585735
-12.976335,50,360.64559
-18.66801,50,360.698883
-10.446927,50,360.758782
-20.173599,50,360.815734
-10.234428,50,360.878223
-10.35614,50,360.944211
-11.902381,50,361.00432
-9.375888,50,361.061212
-16.246252,50,361.119611
-20.550177,50,361.173996
-20.048271,50,361.242175
-15.910383,50,361.766214
-16.283426,50,361.824551
-17.891649,50,361.881886
-20.475137,50,361.944338
-5.24085,50,362.012153
-9.93776,50,362.07336
-18.024863,50,362.133588
-16.487185,50,362.198422
-6.868169,50,362.26441
-17.043226,50,362.324388
-14.520008,50,362.378841
-14.808697,50,362.431645
-15.818873,50,362.492069
-12.173308,50,362.557549
-20.251484,50,362.625676
-14.269847,50,362.686659
-7.513605,50,362.735625
-16.956608,50,362.793579
-21.1803,50,362.850869
-4.605822,50,362.905954
-16.008695,50,362.960623
-18.774971,50,363.016406
-16.087713,50,363.076169
-11.903989,50,363.131258
-15.113262,50,363.186769
-18.930356,50,363.244136
-10.381947,50,363.299966
-9.498716,50,363.358087
-12.196744,50,363.416877
-12.843572,50,363.477725
-16.264384,50,363.539807
-6.328031,50,363.596188
-11.313564,50,363.649488
-11.011024,50,363.711711
-4.839076,50,363.767628
-14.639373,50,363.828155
-8.395236,50,363.893685
-16.919665,50,363.944771
-13.260162,50,364.001062
-6.706091,50,364.047686
-11.881123,50,364.102223
-14.184634,50,364.619316
-16.797322,50,364.670263
-8.592132,50,364.723629
-7.527028,50,364.777324
-13.588054,50,364.834998
-15.72848,50,364.887768
-19.374332,50,364.947362
-16.338433,50,365.005205
-5.250048,50,365.062509
-15.437476,50,365.116097
-13.267206,50,365.180316
-17.547423,50,365.239037
-21.175284,50,365.295528
-12.471601,50,365.357084
-15.188638,50,365.413482
-16.767441,50,365.47668
-14.062085,50,365.536837
-6.694428,50,365.596226
-10.236741,50,365.650636
-11.889865,50,365.70668
-5.164966,50,365.76406
-10.923037,50,365.821615
-17.253563,50,365.87596
-15.883826,50,365.938165
-19.537874,50,365.993288
-22.088174,50,366.049273
-13.424715,50,366.114338
-7.564778,50,366.174556
-17.75816,50,366.238082
-16.894192,50,366.300123
-20.39565,50,366.358946
-19.174615,50,366.412291
-20.48274,50,366.467345
-15.016967,50,366.52293
-19.396956,50,366.582889
-10.1749,50,366.635535
-16.398582,50,366.697358
-9.50838,50,366.750188
-11.626622,50,366.803995
-19.673761,50,366.858502
-4.366955,50,366.916305
-18.036613,50,367.43983
-21.547665,50,367.501555
-10.222226,50,367.565691
-13.919633,50,367.630187
-16.88337,50,367.694053
-7.861783,50,367.755482
-13.323301,50,367.816628
-12.554125,50,367.870257
-18.113935,50,367.925721
-11.293133,50,367.976172
-14.026485,50,368.029413
-14.58175,50,368.089417
-4.812992,50,368.141639
-20.990695,50,368.201591
-17.029159,50,368.261175
-15.748658,50,368.319438
-15.502581,50,368.379514
-17.818049,50,368.435259
-11.012856,50,368.488641
-10.873948,50,368.545311
-16.859387,50,368.597586
-20.202795,50,368.654428
-19.386639,50,368.709125
-16.775724,50,368.769184
-4.686251,50,368.825844
-11.826303,50,368.887863
-21.009995,50,368.952468
-17.379258,50,369.003042
-18.081169,50,369.06526
-4.861426,50,369.126647
-7.422908,50,369.186139
-8.495707,50,369.249748
-19.763024,50,369.311214
-8.25054,50,369.365663
-21.974021,50,369.421788
-13.402835,50,369.484868
-18.122044,50,369.54686
-17.61234,50,369.603348
-7.331123,50,369.666328
-10.698355,50,369.729498
-16.535002,50,369.789859
-17.191535,50,370.286823
-12.241634,50,370.354664
-16.636837,50,370.406406
-9.198427,50,370.468462
-8.27218,50,370.53461
-19.829019,50,370.58325
-13.896936,50,370.638121
-15.387832,50,370.699513
-19.99378,50,370.754057
-14.194262,50,370.824986
-15.729311,50,370.888197
-13.375708,50,370.955971
-12.192379,50,371.011119
-18.733288,50,371.072214
-12.979246,50,371.12328
-9.78269,50,371.181881
-20.502155,50,371.239015
-14.617475,50,371.302758
-19.685115,50,371.362781
-15.128352,50,371.423803
-14.094738,50,371.484575
-20.627748,50,371.548225
-4.055256,50,371.603571
-20.728983,50,371.655658
-18.271475,50,371.713372
-15.678886,50,371.779486
-14.775659,50,371.839678
-15.284197,50,371.886872
-15.011534,50,371.9516
-9.444709,50,372.005848
-15.402655,50,372.069279
-15.078397,50,372.133066
-17.035171,50,372.198647
-15.675012,50,372.25818
-19.385244,50,372.319143
-18.381509,50,372.374605
-19.929508,50,372.428684
-20.409559,50,372.482181
-14.355732,50,372.542399
-21.756417,50,372.595711
-14.790134,50,372.647848
-15.994995,50,373.157684
-21.681989,50,373.215467
-15.346965,50,373.273687
-18.157342,50,373.338145
-16.388259,50,373.398067
-17.535053,50,373.461244
-20.353446,50,373.52461
-9.807651,50,373.584654
-12.812256,50,373.647787
-10.663752,50,373.710341
-18.699686,50,373.779469
-17.70896,50,373.837311
-10.198433,50,373.87043
-9.43493,50,373.91802
-14.963977,50,373.974319
-20.832375,50,374.034927
-8.607365,50,374.09766
-15.483093,50,374.162659
-18.888939,50,374.224152
-21.192005,50,374.280828
-20.647404,50,374.3389
-11.619608,50,374.396074
-17.112136,50,374.454645
-20.664999,50,374.516498
-8.689724,50,374.572997
-11.323156,50,374.633827
-12.881828,50,374.691999
-16.612097,50,374.75068
-8.001774,50,374.810309
-9.75362,50,374.873052
-13.595357,50,374.934228
-13.507985,50,374.992143
-11.217082,50,375.051753
-19.770507,50,375.112307
-14.025403,50,375.171681
-14.233776,50,375.227649
-9.628981,50,375.284028
-20.667939,50,375.336936
-15.091913,50,375.397062
-13.395457,50,375.455368
-18.988803,50,375.510843
-15.274292,50,376.038191
-10.251802,50,376.104258
-13.835576,50,376.153595
-19.540541,50,376.209588
-10.189438,50,376.255617
-13.11067,50,376.311667
-13.192607,50,376.367435
-7.949379,50,376.426953
-16.130605,50,376.489294
-11.283268,50,376.548458
-14.987545,50,376.601782
-6.008951,50,376.659191
-5.172122,50,376.720069
-8.342638,50,376.777697
-19.775688,50,376.838431
-18.039659,50,376.891455
-18.690504,50,376.95238
-12.393282,50,377.013576
-6.286075,50,377.068628
-20.207053,50,377.13354
-11.211996,50,377.200024
-12.618539,50,377.257166
-18.308188,50,377.314611
-20.510936,50,377.3785
-15.962071,50,377.43565
-15.493383,50,377.498013
-17.719553,50,377.563025
-16.494496,50,377.62458
-11.744073,50,377.689468
-12.206443,50,377.759498
-8.774464,50,377.822621
-9.788797,50,377.887668
-6.764415,50,377.954396
-12.890028,50,378.017838
-13.665327,50,378.077111
-12.289832,50,378.138742
-11.019593,50,378.197446
-8.9043,50,378.25068
-15.764145,50,378.302603
-18.010289,50,378.356132
-17.628433,50,378.409595
-13.831195,50,378.919937
-14.513691,50,378.975459
-8.212856,50,379.033444
-21.296613,50,379.090359
-21.216279,50,379.15056
-13.686441,50,379.208636
-13.651787,50,379.264834
-20.081771,50,379.329107
-10.318281,50,379.388165
-7.600983,50,379.453043
-16.443603,50,379.51062
-14.520956,50,379.576175
-9.998636,50,379.637184
-11.596326,50,379.701488
-12.641134,50,379.756692
-13.345619,50,379.820716
-21.23251,50,379.874182
-14.197804,50,379.937951
-8.306897,50,379.999063
-17.820174,50,380.051429
-11.336015,50,380.111743
-14.423885,50,380.163302
-15.046664,50,380.222877
-11.436401,50,380.277477
-17.816124,50,380.329662
-17.597394,50,380.391269
-22.159361,50,380.446564
-13.552895,50,380.505129
-18.913864,50,380.566709
-15.800129,50,380.629075
-14.860777,50,380.68202
-6.206304,50,380.741212
-5.747786,50,380.799647
-20.641848,50,380.850421
-17.68803,50,380.915257
-16.046092,50,380.969799
-17.425529,50,381.026092
-13.650829,50,381.09227
-5.284718,50,381.142929
-10.149727,50,381.197601
-19.146983,50,381.266189
-14.151249,50,381.777792
-20.116592,50,381.839898
-19.076561,50,381.897221
-19.654351,50,381.959865
-4.332008,50,382.014056
-18.516779,50,382.079502
-5.137159,50,382.137124
-6.976346,50,382.204417
-16.507613,50,382.270596
-5.583555,50,382.323781
-13.31922,50,382.38882
-19.993146,50,382.456002
-18.955665,50,382.512203
-14.54121,50,382.575693
-17.539467,50,382.63155
-13.294817,50,382.690544
-16.387566,50,382.752835
-6.216122,50,382.819265
-18.095135,50,382.878184
-13.235473,50,382.934152
-16.181176,50,382.991754
-7.28873,50,383.047795
-18.569998,50,383.105341
-20.461919,50,383.162314
-10.426111,50,383.220523
-18.897848,50,383.274772
-7.910053,50,383.333118
-21.552335,50,383.398545
-9.051406,50,383.455955
-4.080387,50,383.521215
-13.293553,50,383.585098
-7.120721,50,383.649336
-10.83135,50,383.707478
-10.54297,50,383.762149
-18.891809,50,383.814792
-9.262869,50,383.875645
-7.965342,50,383.932043
-13.228305,50,383.994987
-15.664859,50,384.055941
-10.662478,50,384.119981
-6.110432,50,384.182244
-20.791951,50,384.707715
-9.878555,50,384.765802
-16.081596,50,384.823699
-9.916241,50,384.882832
-20.021271,50,384.93676
-17.835312,50,384.998707
-13.941421,50,385.054781
-14.237524,50,385.115387
-13.998083,50,385.173104
-6.090079,50,385.227425
-15.812389,50,385.282076
-12.748555,50,385.347555
-14.375515,50,385.412107
-11.182488,50,385.47661
-21.220532,50,385.541674
-17.713786,50,385.602683
-8.467433,50,385.661569
-5.004969,50,385.722853
-5.10519,50,385.782442
-6.706857,50,385.841736
-11.213798,50,385.897764
-21.573001,50,385.954288
-8.887067,50,386.015912
-18.036811,50,386.062897
-17.020586,50,386.119831
-12.343756,50,386.178619
-16.702363,50,386.242679
-21.611513,50,386.308857
-19.378787,50,386.369309
-18.3505,50,386.431636
-6.051428,50,386.494086
-19.104525,50,386.548568
-14.722772,50,386.610272
-11.051543,50,386.66423
-11.585859,50,386.72638
-20.343573,50,386.782386
-16.380466,50,386.841733
-7.116507,50,386.896256
-14.76771,50,386.956105
-11.020561,50,387.015065
-20.546204,50,387.079025
-12.676546,50,387.585249
-21.134301,50,387.647586
-13.86389,50,387.69981
-9.895553,50,387.763566
-12.187025,50,387.815337
-12.454783,50,387.883361
-7.384252,50,387.94371
-10.571338,50,388.00761
-11.267053,50,388.060425
-4.81497,50,388.115683
-21.259615,50,388.173192
-13.210286,50,388.228447
-7.636606,50,388.291105
-19.012527,50,388.350672
-16.700658,50,388.406593
-11.955571,50,388.463547
-18.869457,50,388.535611
-11.382608,50,388.591595
-10.247352,50,388.647912
-15.504357,50,388.711461
-22.413418,50,388.768979
-15.901006,50,388.835224
-9.471345,50,388.891714
-4.913489,50,388.949362
-20.527293,50,389.003609
-21.822882,50,389.060584
-12.314572,50,389.12542
-17.72348,50,389.176954
-7.374537,50,389.240217
-6.051056,50,389.302293
-8.193071,50,389.361341
-6.995952,50,389.425647
-13.057672,50,389.488091
-12.147273,50,389.545584
-8.157259,50,389.611486
-18.690872,50,389.66177
-10.906146,50,389.720244
-7.75622,50,389.778092
-12.547016,50,389.847914
-9.310323,50,389.904811
-11.890047,50,389.967533
-13.465358,50,390.483304
-13.522702,50,390.541625
-15.729415,50,390.60052
-16.645228,50,390.662376
-22.20344,50,390.726169
-17.14247,50,390.783728
-7.000702,50,390.849401
-4.619894,50,390.901733
-5.632265,50,390.965767
-10.654572,50,391.021111
-18.695046,50,391.08716
-14.779668,50,391.149644
-16.372789,50,391.205452
-5.716552,50,391.268533
-15.866194,50,391.323598
-10.500068,50,391.379633
-17.888129,50,391.430327
-19.670421,50,391.49138
-7.9412,50,391.551312
-21.038721,50,391.619229
-10.253496,50,391.680606
-18.712903,50,391.729668
-7.082521,50,391.796688
-11.090404,50,391.859789
-18.458351,50,391.928593
-17.151572,50,391.988961
-5.444021,50,392.042881
-18.531395,50,392.106564
-11.198298,50,392.168128
-20.404829,50,392.226387
-12.360057,50,392.289023
-11.993274,50,392.344288
-14.43483,50,392.41085
-8.825148,50,392.473608
-11.728435,50,392.528846
-19.642949,50,392.593338
-21.615071,50,392.655668
-15.273523,50,392.719323
-9.12481,50,392.783037
-17.722614,50,392.848638
-18.469069,50,392.906794
-12.392805,50,393.409628
-7.222998,50,393.48293
-7.153123,50,393.547529
-11.414208,50,393.603562
-19.43145,50,393.661312
-14.412233,50,393.718122
-7.64902,50,393.7804
-13.189395,50,393.846389
-17.056627,50,393.903465
-5.048479,50,393.95409
-19.273271,50,394.018677
-4.103323,50,394.085549
-13.37469,50,394.14449
-17.011392,50,394.205113
-14.395669,50,394.270375
-12.349655,50,394.333417
-18.44673,50,394.396303
-5.928157,50,394.453756
-17.509891,50,394.511062
-6.373614,50,394.57389
-6.254048,50,394.632274
-5.370097,50,394.696957
-15.869904,50,394.753534
-11.738538,50,394.814237
-9.319956,50,394.877084
-6.317929,50,394.942693
-13.188151,50,395.004076
-5.084846,50,395.067266
-7.441129,50,395.133365
-11.861038,50,395.189209
-15.592853,50,395.246138
-13.797674,50,395.308964
-4.843974,50,395.369262
-7.841982,50,395.429576
-12.08697,50,395.496714
-11.545383,50,395.558357
-12.980099,50,395.624373
-15.40535,50,395.684659
-5.017578,50,395.743375
-19.364148,50,395.807991
-5.166255,50,395.865913
-4.888276,50,396.398267
-10.916119,50,396.453278
-7.648371,50,396.51229
-11.436346,50,396.57481
-21.401334,50,396.632337
-10.643524,50,396.687847
-12.542376,50,396.748575
-19.232673,50,396.81095
-18.739097,50,396.869235
-8.359286,50,396.926656
-15.972713,50,396.985058
-10.138033,50,397.03293
-9.025662,50,397.089914
-18.259859,50,397.146816
-9.014975,50,397.210575
-16.965383,50,397.273752
-7.837323,50,397.331131
-13.337166,50,397.394494
-4.89792,50,397.457437
-10.777241,50,397.515526
-12.641633,50,397.569948
-9.615868,50,397.629616
-15.372249,50,397.692148
-15.828577,50,397.758489
-8.403185,50,397.812856
-18.218243,50,397.867989
-21.207073,50,397.923418
-9.829721,50,397.985217
-10.305471,50,398.044352
-16.272672,50,398.110924
-9.039291,50,398.170862
-6.920309,50,398.240704
-18.72942,50,398.295765
-5.545731,50,398.349547
-20.405451,50,398.415108
-7.074016,50,398.475307
-6.750525,50,398.533048
-18.993219,50,398.595484
-6.300647,50,398.655341
-17.242877,50,398.717675
-7.659122,50,398.778315
-9.229845,50,399.290056
-17.411455,50,399.347667
-12.145777,50,399.406567
-13.578013,50,399.466311
-19.00759,50,399.525844
-14.847784,50,399.589828
-15.281253,50,399.645857
-12.824206,50,399.70755
-7.215281,50,399.771086
-13.742215,50,399.821636
-11.079474,50,399.888373
-17.151413,50,399.945014
-10.802691,50,400.005219
-17.293306,50,400.066128
-16.981448,50,400.131659
-12.579545,50,400.185748
-6.00203,50,400.245111
-18.71453,50,400.299183
-3.298722,50,400.360082
-15.940433,50,400.417146
-6.118637,50,400.465711
-8.307754,50,400.516935
-15.254708,50,400.573422
-9.170788,50,400.627138
-6.184638,50,400.692258
-14.640264,50,400.747053
-12.046718,50,400.810806
-4.722455,50,400.867308
-4.855979,50,400.927604
-14.57423,50,400.98297
-15.855149,50,401.03827
-9.205597,50,401.10194
-16.265738,50,401.166695
-21.11481,50,401.229602
-11.296974,50,401.286541
-12.236371,50,401.34865
-17.580945,50,401.404015
-13.855656,50,401.464159
-5.705954,50,401.519263
-15.916082,50,401.56957
-7.331177,50,401.629122
-17.170072,50,402.166842
-14.9739,50,402.227849
-7.889798,50,402.286247
-3.629987,50,402.350785
-19.112942,50,402.411262
-19.328411,50,402.476323
-6.875153,50,402.527485
-6.523311,50,402.590795
-14.260542,50,402.648306
-8.311585,50,402.719351
-16.352795,50,402.772956
-15.279121,50,402.836655
-10.261184,50,402.899004
-18.417179,50,402.956106
-18.289321,50,403.009139
-13.32813,50,403.069992
-3.956706,50,403.135822
-7.956313,50,403.194837
-12.622352,50,403.262681
-5.682372,50,403.3121
-13.554315,50,403.367324
-17.431171,50,403.424231
-14.441883,50,403.482663
-11.790946,50,403.530814
-13.785859,50,403.58905
-13.222828,50,403.653785
-7.089396,50,403.712695
-17.11805,50,403.783022
-10.894913,50,403.837635
-18.247759,50,403.896459
-10.73718,50,403.95249
-16.649718,50,404.018938
-15.987382,50,404.072393
-9.84314,50,404.12248
-11.764021,50,404.188903
-14.822788,50,404.249659
-20.029971,50,404.310253
-12.343298,50,404.374026
-21.230767,50,404.438868
-9.701237,50,404.503187
-20.280614,50,404.553058
-15.072159,50,405.082792
-20.704897,50,405.146154
-12.69782,50,405.205816
-19.919743,50,405.260938
-10.713598,50,405.319824
-16.049227,50,405.380075
-15.701666,50,405.436738
-17.197389,50,405.498116
-16.26379,50,405.554256
-6.934419,50,405.607966
-20.283041,50,405.666691
-15.240804,50,405.726467
-5.16043,50,405.79121
-17.705065,50,405.846688
-15.778929,50,405.907757
-11.597924,50,405.966388
-17.744427,50,406.030161
-18.844551,50,406.086456
-12.393051,50,406.150597
-20.571931,50,406.216228
-13.891975,50,406.274709
-11.340492,50,406.338353
-5.801687,50,406.401685
-17.380913,50,406.450112
-8.335974,50,406.508271
-16.199583,50,406.560325
-9.229543,50,406.625794
-11.821356,50,406.682889
-14.639284,50,406.742929
-18.4883,50,406.799782
-8.579543,50,406.863708
-9.355023,50,406.925582
-16.21947,50,406.988786
-12.280607,50,407.051533
-19.517881,50,407.114959
-9.135926,50,407.176727
-13.172789,50,407.234724
-9.90861,50,407.292851
-14.068593,50,407.350867
-12.262935,50,407.411779
-11.172235,50,407.468981
-14.17864,50,408.001296
-20.079398,50,408.06081
-5.584444,50,408.128693
-10.369329,50,408.183675
-11.713292,50,408.247176
-9.174326,50,408.300206
-13.186948,50,408.363405
-13.700614,50,408.426975
-18.664464,50,408.484884
-21.038201,50,408.548931
-13.744714,50,408.614762
-6.19976,50,408.677021
-14.169885,50,408.737887
-6.461952,50,408.804704
-10.380171,50,408.870905
-16.689038,50,408.929887
-8.221933,50,408.987704
-11.140532,50,409.040036
-16.688602,50,409.103832
-20.557699,50,409.165912
-9.113543,50,409.227895
-11.576683,50,409.284335
-10.936169,50,409.345678
-20.474775,50,409.413048
-22.080103,50,409.481252
-17.253593,50,409.531898
-17.583075,50,409.594391
-19.31449,50,409.662666
-10.027346,50,409.719465
-19.126767,50,409.780075
-11.827239,50,409.840243
-20.5393,50,409.905074
-17.982163,50,409.961108
-6.426214,50,410.018727
-20.789761,50,410.079583
-19.334165,50,410.137319
-8.577184,50,410.192237
-17.853246,50,410.250967
-10.395309,50,410.311911
-14.319194,50,410.373619
-20.211238,50,410.434681
-3.86071,50,410.968838
-10.032596,50,411.025753
-7.726606,50,411.087792
-14.372121,50,411.155898
-18.723928,50,411.218742
-16.950416,50,411.280656
-6.075754,50,411.341817
-19.720998,50,411.400693
-15.045458,50,411.451765
-8.651766,50,411.514893
-15.154201,50,411.58588
-11.287769,50,411.647027
-18.363244,50,411.703151
-9.788824,50,411.765824
-20.528178,50,411.831174
-18.549152,50,411.892934
-8.027479,50,411.960246
-14.827937,50,412.018969
-14.922157,50,412.076602
-9.868565,50,412.137697
-14.397848,50,412.19907
-6.007766,50,412.262049
-15.195574,50,412.319496
-9.900583,50,412.379527
-17.609506,50,412.437432
-15.824781,50,412.498266
-8.943592,50,412.558666
-16.984259,50,412.620635
-10.758358,50,412.681811
-10.12737,50,412.748471
-21.808966,50,412.806262
-8.587294,50,412.864304
-7.754867,50,412.919038
-13.254793,50,412.984586
-9.952313,50,413.040875
-13.355396,50,413.102708
-6.703076,50,413.165351
-15.943227,50,413.221421
-13.532449,50,413.284908
-14.353011,50,413.351747
-8.601443,50,413.860172
-12.208708,50,413.925093
-19.989663,50,413.98065
-7.120307,50,414.032893
-6.631348,50,414.089315
-9.567547,50,414.153832
-6.776599,50,414.213855
-18.250809,50,414.273977
-8.779955,50,414.338807
-16.797426,50,414.405303
-7.831718,50,414.472515
-15.193056,50,414.536635
-8.911817,50,414.593893
-11.355996,50,414.654223
-11.002221,50,414.709745
-17.511803,50,414.771307
-15.780036,50,414.832854
-15.586061,50,414.897421
-12.534577,50,414.960519
-4.974258,50,415.027323
-11.511868,50,415.092398
-20.996754,50,415.149237
-4.434064,50,415.203496
-18.354424,50,415.258675
-10.655523,50,415.314685
-6.841381,50,415.368811
-17.682505,50,415.423269
-18.967076,50,415.473083
-10.221227,50,415.539469
-21.207863,50,415.595291
-8.21796,50,415.653285
-9.832578,50,415.702821
-12.612306,50,415.759219
-19.417706,50,415.819694
-10.951647,50,415.878943
-5.907799,50,415.928475
-5.641731,50,415.988706
-20.019066,50,416.044206
-13.627595,50,416.103391
-19.903678,50,416.157109
-12.892825,50,416.208145
-9.635659,50,416.663105
-14.790153,50,416.721035
-13.187305,50,416.784681
-14.519535,50,416.839587
-8.350292,50,416.893098
-19.95128,50,416.941348
-6.486565,50,416.998386
-8.183793,50,417.051343
-13.994826,50,417.107468
-16.19997,50,417.164681
-10.92878,50,417.222366
-12.756356,50,417.287767
-13.957075,50,417.354925
-13.212841,50,417.422137
-12.148184,50,417.482374
-4.867999,50,417.533901
-14.640691,50,417.587707
-8.386118,50,417.64699
-17.226735,50,417.702594
-15.315423,50,417.757652
-14.708221,50,417.815722
-14.118049,50,417.865873
-18.553306,50,417.920761
-12.840521,50,417.976588
-18.394519,50,418.039564
-15.716012,50,418.094859
-5.518899,50,418.15122
-15.053638,50,418.20403
-16.418211,50,418.264653
-11.578207,50,418.328225
-14.412198,50,418.383678
-16.071523,50,418.439201
-17.497392,50,418.499089
-4.378974,50,418.554851
-12.355444,50,418.605371
-14.723283,50,418.658469
-17.62808,50,418.717818
-14.802619,50,418.79053
-9.493227,50,418.859015
-12.597129,50,418.930611
-11.667397,50,418.998778
-6.777457,50,419.512802
-12.311723,50,419.570128
-13.110439,50,419.631971
-15.635032,50,419.690258
-9.747206,50,419.748069
-12.464277,50,419.809293
-12.577987,50,419.871658
-9.078686,50,419.931657
-18.138658,50,419.999884
-18.717837,50,420.061395
-18.163626,50,420.115052
-16.301081,50,420.184476
-20.503709,50,420.24567
-15.375348,50,420.310635
-11.544708,50,420.374392
-11.57543,50,420.427906
-18.238594,50,420.48778
-16.623587,50,420.550097
-14.885018,50,420.609647
-18.207528,50,420.665515
-7.645052,50,420.719593
-21.280491,50,420.774904
-5.845065,50,420.838079
-16.781586,50,420.895111
-17.015766,50,420.953425
-19.775467,50,421.00715
-12.784752,50,421.063587
-21.499069,50,421.124346
-17.515175,50,421.179708
-8.571648,50,421.235342
-14.798539,50,421.289606
-10.925675,50,421.344665
-6.882767,50,421.404131
-8.767122,50,421.467022
-10.435117,50,421.524828
-14.428026,50,421.586844
-13.634686,50,421.649223
-10.874119,50,421.712673
-4.805224,50,421.772781
-13.726414,50,421.831281
-13.523347,50,421.890779
-17.435501,50,422.384629
-13.78291,50,422.44789
-17.337632,50,422.504895
-4.491379,50,422.56409
-14.920424,50,422.620465
-8.360333,50,422.683019
-4.901625,50,422.739285
-15.58787,50,422.790529
-18.03666,50,422.844334
-20.591176,50,422.904006
-7.769243,50,422.955101
-7.857031,50,422.99798
-7.905946,50,423.057535
-20.267895,50,423.112495
-20.272957,50,423.175505
-15.495929,50,423.231626
-10.729779,50,423.29444
-4.924089,50,423.348992
-13.91292,50,423.406182
-8.360228,50,423.46595
-8.823615,50,423.520623
-21.198941,50,423.583117
-19.453471,50,423.63208
-4.826831,50,423.68623
-18.126057,50,423.740415
-13.00056,50,423.802711
-17.017631,50,423.86308
-9.294506,50,423.923735
-5.269541,50,423.980841
-14.203583,50,424.034499
-10.130332,50,424.091496
-8.273971,50,424.145766
-9.231578,50,424.202553
-12.890384,50,424.269731
-6.639384,50,424.333532
-9.271187,50,424.401311
-4.801828,50,424.466798
-11.191876,50,424.529793
-11.939383,50,424.5972
-10.506414,50,424.656425
-21.67289,50,424.713776
-20.088751,50,425.266499
-11.976204,50,425.32506
-10.097735,50,425.384409
-18.188489,50,425.439303
-16.601133,50,425.495421
-20.099132,50,425.549794
-21.121896,50,425.610868
-19.07882,50,425.667922
-14.244798,50,425.722036
-9.905149,50,425.777483
-10.980617,50,425.834083
-15.100261,50,425.887289
-9.737292,50,425.943829
-12.737642,50,425.99996
-10.96905,50,426.059788
-11.127347,50,426.110252
-15.726412,50,426.172324
-14.480966,50,426.23485
-18.191248,50,426.298874
-10.565454,50,426.360965
-18.388552,50,426.41616
-10.856773,50,426.478616
-18.693524,50,426.540018
-8.27452,50,426.59849
-13.571733,50,426.649963
-8.094011,50,426.703405
-16.955017,50,426.750733
-14.483152,50,426.798211
-11.241345,50,426.851789
-17.354726,50,426.896877
-18.541395,50,426.952075
-11.231152,50,426.9862
-13.946373,50,427.02079
-13.36669,50,427.055319
-18.300219,50,427.090543
-16.460497,50,427.129168
-14.590765,50,427.164305
-16.604734,50,427.203673
-19.74927,50,427.254716
-17.929219,50,427.317702
-15.252261,50,427.356368
-13.340047,50,427.810633
-14.68121,50,427.863373
-11.656818,50,427.90392
-4.365144,50,427.955561
-18.388733,50,427.988748
-14.072262,50,428.026208
-4.245319,50,428.060004
-5.320484,50,428.09544
-4.654318,50,428.129351
-14.743249,50,428.164373
-8.377143,50,428.198614
-17.498572,50,428.238305
-10.686439,50,428.275168
-8.071008,50,428.310492
-16.709445,50,428.350656
-18.296363,50,428.389226
-16.346516,50,428.425396
-9.033101,50,428.466517
-15.722422,50,428.504282
-19.475615,50,428.537769
-19.618614,50,428.571844
-17.712923,50,428.612049
-17.825011,50,428.659502
-13.527296,50,428.695982
-18.359479,50,428.728192
-10.457584,50,428.761051
-7.37103,50,428.795114
-8.426719,50,428.831446
-19.875085,50,428.866332
-18.806665,50,428.916267
-20.841734,50,428.950332
-17.48496,50,428.983985
-15.020024,50,429.021862
-16.455773,50,429.055959
-4.47654,50,429.091401
-10.149973,50,429.130621
-15.586324,50,429.164965
-10.009872,50,429.199805
-7.521741,50,429.235598
-11.948012,50,429.269949
-15.966297,50,429.305356
-12.624554,50,429.781838
-12.297394,50,429.814493
-19.072405,50,429.853384
-8.952958,50,429.920278
-14.162812,50,429.964335
-5.827281,50,429.996387
-7.827778,50,430.028497
-11.222021,50,430.060877
-10.237754,50,430.092592
-12.385175,50,430.124473
-13.697092,50,430.156999
-9.516052,50,430.188265
-8.039527,50,430.226102
-17.089995,50,430.260851
-7.978483,50,430.295787
-9.736028,50,430.343369
-17.562893,50,430.388382
-11.345618,50,430.428071
-15.29297,50,430.476166
-5.351928,50,430.542695
-14.691401,50,430.57772
-15.743813,50,430.609272
-13.416598,50,430.640804
-14.622485,50,430.670664
-15.221846,50,430.700389
-8.163077,50,430.732431
-11.706949,50,430.767566
-17.813868,50,430.805614
-13.773874,50,430.856789
-16.012841,50,430.912748
-16.109341,50,430.964954
-6.550011,50,431.005358
-13.942007,50,431.044365
-18.117764,50,431.088444
-15.668311,50,431.121001
-6.327104,50,431.157521
-14.13694,50,431.190073
-7.628648,50,431.229168
-7.316956,50,431.265525
-11.872878,50,431.298678
-8.188656,50,431.336714
-11.963422,50,431.809823
-18.593089,50,431.864889
-8.264449,50,431.922541
-10.602626,50,431.97113
-16.793296,50,432.017743
-6.728322,50,432.062216
-13.209054,50,432.117852
-4.008612,50,432.164534
-9.501483,50,432.203203
-18.76176,50,432.250066
-20.881348,50,432.287987
-12.792963,50,432.321505
-6.096008,50,432.353447
-7.021392,50,432.385505
-21.246914,50,432.41855
-5.911551,50,432.450454
-15.098332,50,432.482417
-18.516926,50,432.514214
-16.243369,50,432.54587
-20.187453,50,432.580124
-15.013225,50,432.615074
-7.806679,50,432.649713
-13.062171,50,432.692139
-7.446561,50,432.725493
-7.559798,50,432.759014
-10.503737,50,432.791168
-13.533968,50,432.823246
-4.545462,50,432.861622
-19.086551,50,432.921818
-6.872989,50,432.986032
-13.420471,50,433.035516
-7.524438,50,433.072065
-10.963092,50,433.125261
-20.246256,50,433.200156
-8.835054,50,433.27055
-14.794753,50,433.343801
-9.054735,50,433.414827
-10.407422,50,433.484231
-16.391814,50,433.551973
-15.278322,50,433.621886
-16.540734,50,433.693096
-5.551104,50,434.625598
-21.780618,50,434.696112
-18.716283,50,434.765154
-21.161332,50,434.834378
-21.658954,50,434.872372
-10.143672,50,434.908425
-10.695386,50,434.940678
-12.903825,50,434.976167
-19.276113,50,435.011954
-18.1633,50,435.048386
-12.899744,50,435.084011
-19.593758,50,435.120028
-6.658959,50,435.154696
-5.338181,50,435.187928
-11.377285,50,435.220015
-16.821727,50,435.256448
-9.979588,50,435.290059
-10.822363,50,435.323859
-13.645541,50,435.35819
-9.702368,50,435.390558
-12.849582,50,435.423397
-13.321683,50,435.45744
-16.541758,50,435.493023
-11.727069,50,435.528452
-16.225888,50,435.56267
-12.642128,50,435.59726
-19.824943,50,435.631926
-9.558116,50,435.666177
-20.175163,50,435.700387
-4.991596,50,435.737945
-5.854717,50,435.778272
-9.647847,50,435.825133
-14.285377,50,435.868704
-14.748935,50,435.90376
-18.63609,50,435.940293
-12.157981,50,435.981894
-9.563318,50,436.016886
-11.001442,50,436.0554
-8.076308,50,436.091027
-17.212375,50,436.125418
-15.673624,50,436.16531
-11.209914,50,436.648148
-15.317946,50,436.689949
-11.115422,50,436.728072
-5.849022,50,436.772064
-15.761411,50,436.80921
-15.159923,50,436.845632
-12.208143,50,436.876854
-11.813091,50,436.913664
-10.031477,50,436.959169
-4.148865,50,437.002589
-12.899662,50,437.046017
-16.299811,50,437.089753
-10.814527,50,437.136432
-17.019734,50,437.172798
-13.55739,50,437.21271
-17.80499,50,437.251555
-18.186931,50,437.284509
-10.514863,50,437.318081
-6.025203,50,437.350348
-19.996549,50,437.383014
-14.481065,50,437.416923
-9.123009,50,437.451302
-16.699786,50,437.484447
-12.517184,50,437.517748
-8.192988,50,437.552941
-12.717663,50,437.588943
-5.161134,50,437.624419
-5.548796,50,437.658882
-10.708593,50,437.693794
-18.532304,50,437.730711
-14.298818,50,437.770075
-7.801417,50,437.822
-9.16097,50,437.868021
-8.767666,50,437.907196
-8.975976,50,437.939556
-14.041838,50,437.975653
-5.053617,50,438.013372
-4.387524,50,438.058948
-10.342589,50,438.104568
-5.991693,50,438.137134
-18.108256,50,438.170514
-13.214429,50,438.629431
-10.779052,50,438.661668
-18.026444,50,438.693594
-15.767618,50,438.726277
-15.472037,50,438.758643
-11.344021,50,438.790782
-8.234575,50,438.823003
-4.842649,50,438.856263
-5.263791,50,438.887717
-11.621592,50,438.919637
-21.056465,50,438.954736
-20.722357,50,439.004476
-7.291454,50,439.040641
-15.829367,50,439.085609
-13.061154,50,439.132205
-14.126971,50,439.178622
-14.057592,50,439.217028
-13.219812,50,439.250476
-16.529057,50,439.285395
-10.851222,50,439.321738
-15.737942,50,439.356953
-13.931463,50,439.411169
-19.894011,50,439.444757
-15.827608,50,439.478176
-15.966253,50,439.510826
-11.452157,50,439.54734
-11.67427,50,439.581128
-19.30633,50,439.614631
-11.554952,50,439.650194
-5.711794,50,439.685126
-15.149386,50,439.719241
-6.909938,50,439.752874
-10.322262,50,439.787097
-12.702339,50,439.825621
-5.734145,50,439.861061
-18.078057,50,439.908638
-15.289808,50,439.942497
-13.196711,50,439.978209
-19.074631,50,440.013165
-17.767466,50,440.046765
-15.525125,50,440.081329
-11.551552,50,440.529607
-10.405243,50,440.567819
-19.395895,50,440.601253
-9.428181,50,440.648433
-20.892622,50,440.680547
-6.913609,50,440.713193
-13.280406,50,440.744869
-8.295369,50,440.787566
-15.290763,50,440.819057
-12.585174,50,440.85199
-6.371368,50,440.88745
-11.544543,50,440.923804
-12.809524,50,440.959773
-7.060083,50,440.991698
-16.414319,50,441.036862
-20.446789,50,441.077487
-12.870719,50,441.109536
-14.327075,50,441.14202
-12.343421,50,441.175354
-9.712468,50,441.222526
-16.474684,50,441.267725
-9.079374,50,441.306186
-7.277393,50,441.347119
-10.430658,50,441.384373
-8.593355,50,441.421651
-5.517284,50,441.456165
-20.283628,50,441.490375
-19.551881,50,441.529144
-17.483964,50,441.564297
-15.591174,50,441.603803
-13.34751,50,441.646808
-7.567316,50,441.690326
-8.980108,50,441.727623
-9.142618,50,441.763862
-5.41776,50,441.797884
-20.908309,50,441.842877
-10.756194,50,441.889328
-8.561893,50,441.930705
-19.249358,50,441.969767
-12.086029,50,442.005219
-16.380874,50,442.041949
-11.473999,50,442.534163
-15.797008,50,442.567904
-6.515766,50,442.610073
-17.301624,50,442.6449
-12.708949,50,442.679903
-15.311893,50,442.713775
-10.288529,50,442.753017
-18.500784,50,442.795359
-17.344015,50,442.83444
-16.599155,50,442.873585
-8.780441,50,442.908239
-13.812683,50,442.943257
-9.81645,50,442.986367
-13.924753,50,443.032309
-4.249239,50,443.07162
-15.456018,50,443.104219
-9.532811,50,443.136551
-11.107656,50,443.173529
-14.805757,50,443.21326
-13.316548,50,443.2526
-14.358444,50,443.285131
-19.1233,50,443.322325
-21.01847,50,443.354399
-6.744299,50,443.38663
-19.441647,50,443.418884
-8.669272,50,443.460622
-15.494761,50,443.499272
-8.915573,50,443.540101
-4.777436,50,443.572706
-10.67598,50,443.61522
-6.591172,50,443.656772
-14.936358,50,443.689307
-15.252373,50,443.724885
-16.138941,50,443.756978
-4.661646,50,443.789204
-16.871706,50,443.822883
-16.535579,50,443.855875
-6.298547,50,443.892189
-17.278513,50,443.931222
-7.232522,50,443.974045
-13.702211,50,444.017663
-17.303721,50,444.472046
-16.186509,50,444.513689
-14.246873,50,444.551741
-9.878554,50,444.589476
-16.830818,50,444.642878
-14.784661,50,444.680701
-20.948462,50,444.731197
-13.850553,50,444.773884
-11.153964,50,444.819802
-4.032341,50,444.867077
-8.710232,50,444.926725
-16.095787,50,444.970086
-19.566073,50,445.018996
-6.97359,50,445.056907
-16.486577,50,445.097421
-7.289328,50,445.148425
-20.800068,50,445.195724
-13.164035,50,445.234713
-10.875993,50,445.26894
-10.186796,50,445.301126
-9.528374,50,445.332556
-6.003326,50,445.364575
-9.549896,50,445.396741
-8.865536,50,445.441047
-13.356758,50,445.475973
-9.163021,50,445.509122
-12.260261,50,445.545823
-19.881723,50,445.579082
-4.244096,50,445.613834
-14.667977,50,445.647589
-14.345532,50,445.679884
-10.204056,50,445.720439
-16.149355,50,445.752774
-15.498771,50,445.786616
-20.097555,50,445.819421
-16.837137,50,445.852312
-12.581333,50,445.88513
-19.470336,50,445.918328
-17.559172,50,445.961869
-8.342507,50,445.993984
-10.547755,50,446.039808
-7.88993,50,446.506615
-13.320356,50,446.545032
-4.163959,50,446.595876
-7.925889,50,446.628652
-6.581146,50,446.668902
-8.640756,50,446.724981
-12.580562,50,446.763791
-17.701734,50,446.804514
-8.456623,50,446.842435
-4.755078,50,446.879585
-14.109366,50,446.915496
-21.263732,50,446.956786
-12.105677,50,446.997504
-19.02574,50,447.045913
-20.390773,50,447.103271
-16.410865,50,447.139574
-15.524214,50,447.187651
-8.821198,50,447.235801
-18.264016,50,447.278438
-16.441376,50,447.314571
-21.027362,50,447.3517
-7.929494,50,447.386884
-20.067717,50,447.42185
-15.357009,50,447.457078
-20.605067,50,447.494992
-16.433006,50,447.531852
-17.87057,50,447.570692
-16.163521,50,447.607222
-11.897308,50,447.642766
-16.22831,50,447.692959
-5.743198,50,447.731494
-17.37957,50,447.767431
-7.831058,50,447.801888
-15.476701,50,447.836432
-14.957148,50,447.872159
-12.042099,50,447.90743
-13.331183,50,447.945762
-18.73685,50,447.98627
-16.577015,50,448.023407
-8.962058,50,448.062195
-13.253764,50,448.098797
-9.939167,50,448.583031
-18.192394,50,448.617294
-10.727031,50,448.652341
-16.178065,50,448.686524
-19.083076,50,448.720904
-19.891624,50,448.765017
-18.995057,50,448.800505
-11.886021,50,448.834934
-15.265352,50,448.883257
-7.56158,50,448.922748
-8.878778,50,448.964144
-10.513507,50,449.008096
-16.242489,50,449.06025
-18.044319,50,449.110124
-5.778095,50,449.145879
-14.689768,50,449.189779
-16.464947,50,449.251612
-5.46548,50,449.291116
-18.874521,50,449.333589
-13.277326,50,449.382628
-13.407791,50,449.420224
-8.93921,50,449.453972
-14.849408,50,449.494795
-20.065313,50,449.53287
-16.631656,50,449.568173
-13.825746,50,449.602868
-16.907486,50,449.638453
-17.843016,50,449.674886
-13.154148,50,449.716663
-8.563332,50,449.754053
-11.772102,50,449.793316
-14.342425,50,449.830857
-8.09738,50,449.872457
-18.994171,50,449.909045
-14.30205,50,449.957008
-17.536675,50,450.008276
-19.359316,50,450.062943
-7.185457,50,450.10481
-12.905019,50,450.139767
-17.256738,50,450.178907
-18.021814,50,450.222489
-14.775234,50,450.706392
-5.97381,50,450.744198
-15.269594,50,450.783328
-7.208298,50,450.818909
-5.871901,50,450.854719
-19.903669,50,450.890264
-20.709644,50,450.937236
-10.802949,50,450.988125
-9.290949,50,451.032529
-6.564613,50,451.097783
-15.99478,50,451.1609
-14.33683,50,451.218986
-16.789956,50,451.275991
-18.789073,50,451.341361
-20.083216,50,451.400657
-17.364111,50,451.465779
-10.3017,50,451.530511
-20.86254,50,451.589288
-13.51582,50,451.650885
-11.113451,50,451.708236
-15.763613,50,451.77036
-11.731212,50,451.825601
-11.773156,50,451.889695
-17.054939,50,451.94678
-12.872703,50,452.008616
-18.376955,50,452.069043
-13.049225,50,452.126662
-10.125964,50,452.18504
-13.867668,50,452.237427
-17.757702,50,452.299033
-11.819134,50,452.359651
-7.553538,50,452.415462
-21.256226,50,452.477038
-20.150345,50,452.541067
-12.846607,50,452.596754
-17.173437,50,452.654617
-19.739067,50,452.721611
-16.533687,50,452.780587
-15.061006,50,452.840951
-11.602669,50,452.90357
-11.352452,50,452.959183
-16.898732,50,453.487674
-11.959986,50,453.543743
-10.819792,50,453.59988
-18.536466,50,453.657798
-14.592353,50,453.722161
-5.396916,50,453.781172
-19.934901,50,453.838167
-16.151741,50,453.899327
-18.25803,50,453.958651
-11.172538,50,454.020347
-14.551343,50,454.080763
-13.342642,50,454.140875
-14.439536,50,454.196613
-11.517788,50,454.258094
-7.068034,50,454.31404
-19.906167,50,454.370934
-16.322449,50,454.428155
-19.855776,50,454.490983
-9.773081,50,454.551705
-10.760065,50,454.604812
-17.66318,50,454.660477
-13.618556,50,454.717485
-14.745129,50,454.77936
-21.156409,50,454.836523
-17.000721,50,454.896775
-8.633831,50,454.957702
-12.873055,50,455.012087
-17.128501,50,455.052933
-17.933377,50,455.117015
-12.997458,50,455.179472
-16.428872,50,455.244263
-17.601384,50,455.303006
-8.819619,50,455.360243
-15.414082,50,455.413809
-8.558593,50,455.474456
-10.56008,50,455.528363
-18.059332,50,455.578406
-18.057858,50,455.636616
-20.274457,50,455.68707
-20.642737,50,455.744663
-17.105372,50,455.806387
-18.851492,50,456.320701
-10.908326,50,456.375289
-16.536051,50,456.436287
-5.299555,50,456.492734
-14.695867,50,456.552006
-12.094975,50,456.607735
-12.146405,50,456.642383
-10.772681,50,456.699623
-20.145167,50,456.747257
-5.816878,50,456.810437
-5.643324,50,456.868289
-13.757068,50,456.934417
-15.467949,50,456.995275
-12.334408,50,457.059685
-14.913158,50,457.124778
-4.432922,50,457.187797
-13.036614,50,457.248455
-19.446212,50,457.312593
-19.291759,50,457.377295
-20.66756,50,457.440103
-18.376103,50,457.493993
-11.755781,50,457.558233
-18.13302,50,457.618322
-17.024851,50,457.67565
-9.978533,50,457.735266
-10.312863,50,457.792779
-20.563236,50,457.854877
-18.203477,50,457.909087
-10.832361,50,457.961624
-8.967096,50,458.025655
-16.116676,50,458.087224
-15.631379,50,458.148287
-18.415431,50,458.20682
-13.71126,50,458.270442
-12.07207,50,458.327069
-19.088632,50,458.393032
-18.314916,50,458.449864
-17.417643,50,458.509832
-18.823795,50,458.570857
-11.637453,50,458.632529
-13.60763,50,458.696333
-12.455718,50,459.227051
-16.547906,50,459.283233
-17.293484,50,459.340655
-16.256125,50,459.40058
-16.06859,50,459.457179
-10.028337,50,459.513147
-16.499719,50,459.566166
-13.395432,50,459.618703
-17.859959,50,459.685028
-15.502697,50,459.743687
-10.818005,50,459.802112
-19.588892,50,459.865293
-14.391349,50,459.917606
-17.549149,50,459.974487
-11.661847,50,460.030309
-11.322438,50,460.086924
-6.773641,50,460.137302
-11.767695,50,460.19521
-11.443773,50,460.260117
-13.827714,50,460.317794
-9.714629,50,460.377639
-14.018,50,460.43696
-19.016207,50,460.503439
-13.232067,50,460.561978
-4.988653,50,460.616087
-5.868779,50,460.669644
-6.301597,50,460.730227
-10.888938,50,460.783111
-7.974954,50,460.844426
-19.381919,50,460.905649
-11.998635,50,460.965734
-12.768837,50,461.024702
-19.211723,50,461.080741
-15.044621,50,461.139038
-4.875194,50,461.201502
-8.048708,50,461.268781
-5.948289,50,461.327267
-12.980075,50,461.382843
-13.088703,50,461.437459
-10.851388,50,461.500595
-16.347665,50,461.561325
-16.998605,50,462.078123
-17.231425,50,462.137098
-12.327901,50,462.197381
-19.061338,50,462.251878
-4.214778,50,462.313856
-8.531446,50,462.377145
-7.392394,50,462.429583
-7.543079,50,462.499342
-18.911075,50,462.558234
-6.64072,50,462.615778
-12.155685,50,462.684833
-19.693122,50,462.75161
-3.4527,50,462.811681
-18.613358,50,462.872641
-10.382704,50,462.937877
-5.22521,50,462.997682
-16.057794,50,463.051216
-17.489405,50,463.117089
-7.340595,50,463.183257
-12.502812,50,463.247232
-11.300596,50,463.312348
-6.525521,50,463.371927
-13.647249,50,463.43616
-7.264524,50,463.496682
-5.468791,50,463.560396
-14.468245,50,463.621048
-8.123925,50,463.685712
-15.995629,50,463.747143
-11.705905,50,463.812591
-10.187338,50,463.871257
-16.040329,50,463.925708
-7.770401,50,463.980914
-19.49807,50,464.040877
-15.169706,50,464.102598
-9.770239,50,464.158845
-13.965805,50,464.211683
-7.593924,50,464.271216
-12.280854,50,464.332298
-13.183905,50,464.396163
-14.230833,50,464.456964
-10.065174,50,464.51786
-14.934843,50,465.03223
-19.377476,50,465.088422
-9.439714,50,465.151332
-17.841672,50,465.208339
-4.591637,50,465.272055
-6.345462,50,465.335768
-10.513177,50,465.394236
-13.928938,50,465.462571
-14.12613,50,465.529188
-21.091814,50,465.585337
-14.419865,50,465.647669
-9.358523,50,465.704896
-6.743643,50,465.767543
-17.700742,50,465.828175
-6.991432,50,465.889208
-6.826516,50,465.952955
-7.340188,50,466.017321
-13.302305,50,466.079019
-7.698057,50,466.129625
-16.017195,50,466.187583
-10.271339,50,466.243839
-9.089868,50,466.301927
-11.468611,50,466.356745
-18.066253,50,466.419742
-15.377936,50,466.480474
-13.942051,50,466.546701
-10.894658,50,466.607543
-6.371554,50,466.669666
-9.195561,50,466.729828
-19.660655,50,466.788439
-9.760663,50,466.850536
-15.377799,50,466.908938
-13.303131,50,466.959154
-14.388181,50,467.016106
-13.672256,50,467.074689
-13.076277,50,467.127872
-12.426625,50,467.185409
-19.499815,50,467.248879
-13.105874,50,467.308913
-10.439778,50,467.366143
-10.107723,50,467.420731
-15.399844,50,467.940568
-8.74691,50,468.002898
-19.063513,50,468.065142
-18.138738,50,468.131407
-16.626099,50,468.195061
-17.820902,50,468.256962
-18.969283,50,468.32191
-16.472814,50,468.387833
-8.688135,50,468.451405
-12.808756,50,468.510033
-18.862406,50,468.572461
-11.948714,50,468.635125
-16.427218,50,468.697291
-15.759855,50,468.763506
-6.238787,50,468.828748
-13.206203,50,468.895665
-9.699157,50,468.959685
-12.191195,50,469.023492
-14.766346,50,469.07785
-17.009599,50,469.13901
-20.053678,50,469.195301
-12.843062,50,469.256051
-12.283538,50,469.312888
-2.82304,50,469.369028
-18.641951,50,469.430664
-15.635377,50,469.4891
-5.896576,50,469.542521
-20.333871,50,469.59362
-17.762859,50,469.651796
-8.834254,50,469.709094
-13.27035,50,469.770481
-19.103162,50,469.827523
-12.712716,50,469.887727
-14.746973,50,469.944958
-3.977811,50,470.002408
-17.02656,50,470.06651
-12.211719,50,470.131927
-5.091912,50,470.187597
-14.019851,50,470.246209
-16.825766,50,470.304564
-20.5175,50,470.360488
-6.572045,50,470.87477
-9.648372,50,470.926318
-16.464573,50,470.98708
-13.050257,50,471.040283
-14.709234,50,471.095613
-19.69741,50,471.160527
-5.67243,50,471.223837
-9.789065,50,471.278011
-8.68909,50,471.329503
-11.227951,50,471.38802
-13.795099,50,471.452854
-16.854431,50,471.510596
-5.595445,50,471.571734
-12.876524,50,471.622874
-4.49022,50,471.68089
-11.940392,50,471.738815
-7.316265,50,471.800566
-10.893119,50,471.863082
-16.574543,50,471.920903
-6.63929,50,471.979462
-7.287765,50,472.038631
-16.949205,50,472.08351
-12.539366,50,472.146453
-18.346158,50,472.206298
-8.430543,50,472.275917
-12.484595,50,472.338049
-15.799846,50,472.404861
-6.274175,50,472.467275
-14.783928,50,472.524629
-5.562377,50,472.583351
-17.347289,50,472.640037
-4.753727,50,472.702564
-6.103539,50,472.761994
-14.188038,50,472.816957
-12.046288,50,472.874362
-10.727721,50,472.932832
-11.973106,50,472.983433
-11.054776,50,473.04355
-9.661723,50,473.098192
-14.896497,50,473.15967
-17.152122,50,473.223243
-17.317097,50,473.708591
-11.815889,50,473.765789
-9.542447,50,473.827291
-15.037262,50,473.886337
-14.068781,50,473.945861
-12.450883,50,474.005099
-12.445292,50,474.047446
-5.352192,50,474.107464
-16.622878,50,474.166583
-11.576768,50,474.224564
-9.651642,50,474.287968
-15.599333,50,474.342484
-15.897777,50,474.405315
-10.524894,50,474.464426
-5.825243,50,474.528177
-16.492302,50,474.588158
-18.526686,50,474.655066
-5.728157,50,474.716853
-15.34147,50,474.778506
-9.10847,50,474.839185
-9.756798,50,474.899354
-10.376422,50,474.960312
-19.741555,50,475.008497
-18.89763,50,475.065873
-19.258731,50,475.129525
-15.980109,50,475.185551
-17.421325,50,475.249367
-17.934809,50,475.315196
-19.878381,50,475.371589
-12.048875,50,475.437166
-10.080752,50,475.501147
-16.930496,50,475.55491
-12.68565,50,475.610965
-19.036131,50,475.667765
-12.203482,50,475.730808
-19.929108,50,475.777452
-9.374963,50,475.834675
-17.574831,50,475.8886
-16.644484,50,475.952334
-5.637128,50,476.006625
-6.364036,50,476.529698
-15.45521,50,476.590664
-4.193256,50,476.648031
-8.395112,50,476.700676
-12.31468,50,476.75717
-16.735283,50,476.8141
-10.32527,50,476.869324
-12.422314,50,476.929286
-11.801972,50,476.970123
-11.017931,50,477.020124
-9.724951,50,477.084575
-10.27064,50,477.137592
-12.732562,50,477.200044
-8.59328,50,477.258433
-11.776851,50,477.310897
-7.290185,50,477.363496
-5.881706,50,477.41957
-20.193527,50,477.482655
-12.627993,50,477.543645
-14.410003,50,477.595066
-4.63271,50,477.661615
-19.189779,50,477.707003
-7.658581,50,477.764821
-11.487626,50,477.818749
-19.710636,50,477.884012
-16.39213,50,477.935564
-8.793322,50,477.994605
-17.260623,50,478.052363
-17.073435,50,478.111498
-14.779793,50,478.168628
-7.804031,50,478.228482
-7.659862,50,478.286919
-16.049977,50,478.34081
-4.910903,50,478.400017
-13.936221,50,478.458242
-7.691417,50,478.522016
-10.105661,50,478.579654
-8.096098,50,478.631523
-15.055291,50,478.691059
-14.50751,50,478.741561
-5.669173,50,478.800488
-10.187238,50,479.306308
-7.409353,50,479.365673
-4.78723,50,479.423157
-10.885404,50,479.48036
-18.615736,50,479.539997
-14.781607,50,479.598466
-19.637277,50,479.665144
-5.286988,50,479.733105
-15.997062,50,479.796945
-12.285388,50,479.858726
-8.127839,50,479.918821
-13.541668,50,479.980252
-10.03362,50,480.045329
-11.847457,50,480.098696
-16.150221,50,480.154749
-12.340063,50,480.214915
-19.454804,50,480.274148
-15.539633,50,480.334188
-15.512601,50,480.398922
-12.66803,50,480.454341
-19.51324,50,480.51466
-11.635613,50,480.569445
-11.046174,50,480.622308
-11.381026,50,480.683156
-9.546242,50,480.737998
-10.063128,50,480.791861
-7.207951,50,480.856003
-14.00559,50,480.907839
-6.395576,50,480.963296
-8.6721,50,481.019634
-10.434711,50,481.080992
-18.768229,50,481.139162
-8.089689,50,481.195468
-4.345949,50,481.254411
-5.968177,50,481.315787
-15.901557,50,481.379184
-14.056432,50,481.433679
-16.317626,50,481.491691
-10.494819,50,481.548617
-16.356069,50,481.605599
-15.746178,50,481.661785
-16.793168,50,482.160984
-12.481255,50,482.224275
-3.433219,50,482.283213
-13.426097,50,482.344412
-11.808264,50,482.404902
-17.474787,50,482.464147
-17.009897,50,482.525281
-17.651682,50,482.583623
-13.23595,50,482.646668
-15.082457,50,482.703756
-7.226329,50,482.76129
-15.432438,50,482.819414
-11.37479,50,482.868882
-16.995129,50,482.932497
-20.610369,50,482.988735
-6.25635,50,483.044813
-20.694993,50,483.094811
-7.771637,50,483.155039
-12.032472,50,483.204322
-13.083561,50,483.255995
-14.153549,50,483.315313
-16.852055,50,483.37114
-12.3785,50,483.426384
-11.368027,50,483.488139
-5.741321,50,483.546166
-10.05741,50,483.607614
-4.21182,50,483.660172
-14.048652,50,483.712817
-10.511492,50,483.76427
-14.883859,50,483.830798
-12.843091,50,483.883746
-16.761752,50,483.935674
-12.543031,50,483.99081
-3.553176,50,484.051078
-11.328656,50,484.109703
-5.93016,50,484.171815
-14.124814,50,484.229272
-17.557085,50,484.287725
-11.082357,50,484.346243
-5.578681,50,484.405829
-15.442475,50,484.465252
-10.074818,50,484.965922
-4.729199,50,485.02875
-11.654929,50,485.085917
-17.472804,50,485.145792
-12.133659,50,485.213516
-16.857929,50,485.270824
-3.594509,50,485.330261
-18.04846,50,485.385383
-8.099414,50,485.446628
-10.355317,50,485.50217
-13.735779,50,485.562598
-15.720619,50,485.618563
-6.879089,50,485.67996
-8.227188,50,485.735623
-11.490379,50,485.790721
-16.581002,50,485.84689
-5.732961,50,485.904753
-19.74613,50,485.966352
-4.848406,50,486.028787
-13.360624,50,486.092645
-12.377627,50,486.148276
-13.663935,50,486.204818
-8.268444,50,486.268667
-12.658618,50,486.330388
-16.855593,50,486.3885
-16.141829,50,486.444899
-14.130029,50,486.499302
-15.828008,50,486.561081
-11.780106,50,486.618458
-14.068824,50,486.681511
-6.338636,50,486.735669
-9.801236,50,486.789366
-7.103973,50,486.846169
-5.775714,50,486.896276
-6.156081,50,486.947085
-15.39298,50,487.005999
-10.990221,50,487.065476
-11.233716,50,487.121267
-18.274602,50,487.178307
-20.078334,50,487.240801
-7.106507,50,487.299202
-9.409706,50,487.822207
-12.933348,50,487.877074
-16.061907,50,487.938648
-7.784357,50,487.99583
-12.897833,50,488.054638
-12.698646,50,488.111984
-14.436093,50,488.17521
-10.896006,50,488.232976
-6.699579,50,488.288478
-7.338499,50,488.351391
-16.112433,50,488.409691
-5.673931,50,488.465054
-11.528515,50,488.518318
-8.665735,50,488.571944
-3.894945,50,488.631396
-9.828272,50,488.692847
-17.684373,50,488.749779
-16.248978,50,488.799145
-11.292178,50,488.852899
-15.034647,50,488.911347
-11.987053,50,488.966249
-9.051283,50,489.026916
-15.446029,50,489.078042
-20.141512,50,489.132352
-17.612639,50,489.18532
-15.282674,50,489.242485
-14.255818,50,489.2995
-6.174811,50,489.351863
-3.641465,50,489.413495
-17.337829,50,489.473673
-12.032567,50,489.529368
-21.241945,50,489.588915
-14.425966,50,489.647619
-14.027267,50,489.70573
-13.141905,50,489.767667
-8.654429,50,489.822823
-14.927092,50,489.876097
-17.706828,50,489.94127
-12.45453,50,490.001896
-15.607142,50,490.064463
-13.52947,50,490.120731
-15.237339,50,490.612311
-16.412863,50,490.667505
-13.067703,50,490.725632
-10.704506,50,490.774984
-12.232641,50,490.828943
-14.422337,50,490.870026
-19.359612,50,490.930534
-12.561174,50,490.984377
-8.352681,50,491.038584
-4.644036,50,491.090818
-15.884145,50,491.146846
-11.870564,50,491.200894
-19.345616,50,491.25767
-10.399923,50,491.311311
-19.380859,50,491.369207
-7.377002,50,491.421917
-14.282215,50,491.477953
-16.604664,50,491.533857
-4.713874,50,491.584794
-15.332807,50,491.641002
-12.407614,50,491.69988
-12.317275,50,491.754502
-16.301531,50,491.808109
-8.83275,50,491.866839
-4.820179,50,491.92026
-8.16516,50,491.974357
-12.404438,50,492.029294
-9.583331,50,492.085141
-16.663908,50,492.142529
-5.672636,50,492.200799
-14.513962,50,492.260923
-16.882658,50,492.313034
-7.874531,50,492.370889
-6.624135,50,492.424902
-8.772049,50,492.477012
-15.399752,50,492.530316
-20.860397,50,492.585576
-16.225435,50,492.643228
-8.093817,50,492.694435
-20.872698,50,492.750875
-11.61367,50,492.807549
-15.101011,50,493.273674
-9.772149,50,493.332544
-11.972756,50,493.3965
-11.197315,50,493.451001
-14.047175,50,493.504469
-8.140599,50,493.558939
-2.472936,50,493.616975
-18.211383,50,493.668741
-9.408362,50,493.723375
-10.074485,50,493.771515
-16.328524,50,493.824463
-10.275803,50,493.87795
-9.314432,50,493.93279
-13.307573,50,493.987203
-6.291895,50,494.03273
-3.187903,50,494.090293
-5.542829,50,494.142963
-14.295036,50,494.201476
-12.379266,50,494.256042
-17.675267,50,494.31054
-18.904789,50,494.371111
-10.607468,50,494.420902
-17.480902,50,494.471657
-6.740634,50,494.532819
-14.854338,50,494.587762
-22.058392,50,494.63976
-20.200459,50,494.694624
-11.831834,50,494.754723
-14.558194,50,494.80558
-15.422666,50,494.857525
-7.611171,50,494.914761
-7.595794,50,494.965095
-5.52216,50,495.013651
-14.047665,50,495.069139
-17.814482,50,495.122892
-12.750397,50,495.181899
-18.784491,50,495.235508
-13.953181,50,495.295733
-7.795883,50,495.353632
-3.590186,50,495.41892
-3.215408,50,495.483721
-18.693223,50,495.947237
-14.375448,50,495.999485
-15.611893,50,496.061525
-10.947995,50,496.113422
-9.713702,50,496.168896
-14.660515,50,496.229474
-18.12923,50,496.282505
-21.087151,50,496.336898
-11.382407,50,496.399578
-10.753342,50,496.446266
-13.876867,50,496.496816
-16.058858,50,496.558514
-12.117474,50,496.615708
-6.44328,50,496.665436
-12.864614,50,496.719965
-5.466499,50,496.775897
-20.656787,50,496.830405
-8.687841,50,496.887381
-16.182869,50,496.943837
-19.713454,50,496.996804
-16.772749,50,497.052633
-13.791568,50,497.102752
-4.80195,50,497.152674
-14.72889,50,497.212359
-5.805613,50,497.269178
-15.791824,50,497.327689
-3.875726,50,497.374781
-16.440777,50,497.434819
-7.20223,50,497.491995
-11.483207,50,497.545461
-12.40053,50,497.605613
-7.61668,50,497.662668
-16.164117,50,497.716807
-17.968048,50,497.764382
-15.893464,50,497.8197
-11.069353,50,497.874361
-5.102128,50,497.912633
-19.485755,50,497.954756
-11.667449,50,498.012988
-11.837088,50,498.071927
-10.986141,50,498.114347
-20.238077,50,498.576708
-9.167101,50,498.628614
-13.887303,50,498.686636
-20.967061,50,498.745156
-7.377648,50,498.806227
-11.35969,50,498.855732
-13.384986,50,498.912131
-16.116291,50,498.976586
-20.139552,50,499.031913
-7.590409,50,499.087442
-17.813904,50,499.141001
-5.544054,50,499.195693
-6.945448,50,499.248324
-12.5177,50,499.305688
-16.056694,50,499.364701
-16.649437,50,499.425709
-11.854401,50,499.485582
-18.650824,50,499.544574
-16.788857,50,499.59515
-9.742578,50,499.653201
-8.393103,50,499.706911
-8.802818,50,499.7578
-9.821955,50,499.815876
-11.029255,50,499.871878
-13.663132,50,499.925446
-15.744726,50,499.978792
-16.382534,50,500.031147
-6.745598,50,500.087146
-10.527585,50,500.1462
-11.078953,50,500.200669
-21.19646,50,500.256629
-10.121516,50,500.312644
-15.733272,50,500.371273
-14.874814,50,500.423958
-17.442596,50,500.47573
-16.708804,50,500.531578
-21.706297,50,500.5868
-10.377618,50,500.639843
-6.392869,50,500.694569
-15.833194,50,500.74879
-16.161497,50,500.815193
-13.594197,50,501.303396
-9.284255,50,501.35521
-15.427781,50,501.407803
-10.713889,50,501.464265
-10.058005,50,501.51987
-11.71946,50,501.57414
-17.444349,50,501.628613
-9.992773,50,501.687074
-6.581681,50,501.737565
-11.042319,50,501.793167
-18.71115,50,501.851305
-12.319335,50,501.911155
-18.824544,50,501.965325
-8.404417,50,502.010566
-7.39468,50,502.066464
-18.132114,50,502.119511
-17.619436,50,502.170683
-10.04096,50,502.230783
-13.819389,50,502.28003
-15.199942,50,502.337429
-14.134063,50,502.394806
-16.641498,50,502.448958
-14.855865,50,502.503961
-19.811587,50,502.559069
-6.259924,50,502.614385
-14.875353,50,502.674352
-16.148993,50,502.731943
-13.132638,50,502.78125
-9.960007,50,502.83099
-5.761308,50,502.887515
-10.278114,50,502.940728
-16.71297,50,502.997016
-17.756548,50,503.049402
-4.007902,50,503.110038
-7.389507,50,503.160641
-7.494153,50,503.214983
-19.841008,50,503.267005
-9.252016,50,503.324114
-14.759609,50,503.37687
-18.624879,50,503.436565
-12.999918,50,503.486261
-9.48318,50,503.95715
-6.827813,50,504.007218
-17.320376,50,504.062803
-12.855299,50,504.118957
-7.81045,50,504.169868
-16.116496,50,504.219273
-19.050311,50,504.272676
-9.577503,50,504.326622
-17.981499,50,504.381292
-9.43881,50,504.43595
-10.379882,50,504.499518
-14.708137,50,504.551624
-18.316968,50,504.60973
-14.787833,50,504.668709
-15.870393,50,504.723042
-5.952496,50,504.777468
-18.069792,50,504.831163
-14.0739,50,504.881135
-15.5152,50,504.941214
-6.111999,50,504.99349
-20.304776,50,505.047288
-9.746112,50,505.108346
-10.969509,50,505.162706
-19.162873,50,505.217782
-15.64508,50,505.275839
-13.139723,50,505.330884
-7.829988,50,505.380843
-19.494601,50,505.434817
-12.186396,50,505.482203
-5.812919,50,505.538563
-12.949437,50,505.594525
-19.191921,50,505.650941
-7.872923,50,505.701159
-19.347037,50,505.754386
-14.941376,50,505.806766
-9.137562,50,505.866108
-16.495591,50,505.914537
-12.796664,50,505.96996
-15.991765,50,506.024119
-16.433039,50,506.079375
-5.730115,50,506.134937
-15.622913,50,506.599561
-12.396909,50,506.644061
-4.733378,50,506.697574
-19.471438,50,506.751009
-14.486462,50,506.806114
-13.669448,50,506.859428
-17.321065,50,506.916836
-3.664408,50,506.972888
-14.098273,50,507.02774
-12.997651,50,507.090049
-4.55179,50,507.144962
-18.31876,50,507.200018
-18.381063,50,507.258465
-9.969558,50,507.308658
-16.20326,50,507.36853
-7.665218,50,507.428578
-7.672814,50,507.483431
-7.767056,50,507.540777
-15.025929,50,507.591335
-18.178792,50,507.64125
-20.751855,50,507.697302
-8.594769,50,507.754486
-19.026798,50,507.806264
-7.377219,50,507.858391
-16.673382,50,507.914497
-21.250084,50,507.965602
-12.723979,50,508.017675
-17.603832,50,508.068978
-15.431976,50,508.125101
-9.501865,50,508.175995
-13.837321,50,508.220157
-11.316726,50,508.278782
-10.390398,50,508.327094
-4.545219,50,508.385352
-15.309757,50,508.439429
-16.157929,50,508.49473
-4.975574,50,508.55225
-13.60334,50,508.609169
-12.543715,50,508.662727
-19.899452,50,508.71343
-10.445294,50,508.764525
-16.220941,50,509.242588
-13.293747,50,509.304184
-8.941265,50,509.353877
-15.782315,50,509.405363
-15.380456,50,509.463268
-14.932069,50,509.519055
-4.65188,50,509.569888
-8.083039,50,509.62353
-7.217923,50,509.679716
-9.907562,50,509.73723
-7.493984,50,509.791854
-21.28599,50,509.845006
-21.035984,50,509.896627
-18.838015,50,509.955525
-16.772571,50,510.014142
-4.853536,50,510.062284
-14.077146,50,510.122078
-19.698083,50,510.174554
-4.646544,50,510.221839
-11.312023,50,510.286832
-18.398045,50,510.338196
-6.783032,50,510.397028
-8.865193,50,510.44913
-6.747103,50,510.513944
-12.000663,50,510.566603
-8.142536,50,510.616068
-13.565729,50,510.672017
-20.18826,50,510.724708
-11.736008,50,510.780361
-15.129744,50,510.834313
-5.881037,50,510.886704
-12.639725,50,510.940963
-13.317782,50,510.984666
-20.017849,50,511.043625
-17.947251,50,511.095516
-11.480515,50,511.155838
-13.819419,50,511.206876
-14.8914,50,511.257303
-16.473929,50,511.313626
-22.165869,50,511.369723
-13.088446,50,511.42867
-12.933195,50,511.897318
-19.822459,50,511.947534
-7.621265,50,512.004962
-21.108477,50,512.057196
-13.662011,50,512.114442
-13.045113,50,512.168225
-14.683737,50,512.224095
-17.108467,50,512.28581
-16.156103,50,512.34963
-12.339636,50,512.412054
-13.427332,50,512.465825
-6.675365,50,512.520558
-14.291706,50,512.572042
-14.667816,50,512.601875
-16.363314,50,512.664089
-19.722393,50,512.707227
-18.675395,50,512.764735
-16.830905,50,512.824438
-9.583261,50,512.879716
-17.294772,50,512.934608
-16.725795,50,512.991089
-4.859369,50,513.037498
-15.778253,50,513.091974
-15.378646,50,513.141528
-14.859707,50,513.195641
-13.711028,50,513.252439
-14.161877,50,513.308456
-12.444066,50,513.364729
-14.933225,50,513.419022
-9.220548,50,513.476812
-14.337678,50,513.533586
-9.946678,50,513.583368
-4.275198,50,513.626751
-19.985734,50,513.690848
-9.404138,50,513.741516
-16.895318,50,513.799374
-15.474667,50,513.853138
-6.981566,50,513.910454
-9.735582,50,513.955887
-21.152876,50,514.01833
-5.155011,50,514.075444
-12.660737,50,514.531032
-13.657796,50,514.589676
-8.991417,50,514.651066
-7.301775,50,514.707996
-18.543084,50,514.772679
-14.839589,50,514.829657
-15.330501,50,514.884292
-7.986257,50,514.933326
-9.341379,50,514.988199
-9.874398,50,515.051878
-9.141584,50,515.107151
-4.781348,50,515.166128
-13.00451,50,515.221464
-12.84457,50,515.285652
-15.065659,50,515.344604
-16.414574,50,515.397365
-4.110631,50,515.449996
-16.568148,50,515.506629
-12.471522,50,515.565448
-3.952423,50,515.6232
-12.340329,50,515.677222
-20.348758,50,515.734945
-16.871523,50,515.787259
-12.803424,50,515.845286
-4.386534,50,515.909637
-7.711786,50,515.961675
-5.332032,50,516.014668
-18.85698,50,516.067306
-12.187782,50,516.132265
-14.736478,50,516.18499
-12.012158,50,516.246361
-15.504019,50,516.301643
-15.346869,50,516.355962
-5.427853,50,516.407872
-14.157294,50,516.465128
-13.291148,50,516.519143
-12.581886,50,516.576139
-17.110811,50,516.622999
-11.181553,50,516.676119
-18.589734,50,516.731865
-11.88797,50,516.787889
-10.081632,50,517.256912
-7.98965,50,517.317619
-20.510871,50,517.370072
-12.170327,50,517.427669
-15.74357,50,517.493024
-18.29123,50,517.55696
-6.35585,50,517.606227
-12.374796,50,517.658016
-7.290732,50,517.709068
-17.204506,50,517.76783
-11.541826,50,517.819644
-14.860898,50,517.87627
-2.375602,50,517.929539
-18.850688,50,517.988292
-7.172947,50,518.043873
-17.110437,50,518.091297
-8.918409,50,518.147863
-10.886331,50,518.201437
-20.795623,50,518.25898
-13.406352,50,518.312943
-14.878427,50,518.37108
-14.983459,50,518.412691
-12.258099,50,518.46818
-13.373591,50,518.526284
-3.60369,50,518.579737
-15.804706,50,518.638753
-10.720227,50,518.693125
-8.234022,50,518.744341
-12.506619,50,518.797784
-13.48206,50,518.852351
-16.072218,50,518.906698
-7.353275,50,518.960534
-19.100247,50,519.017292
-2.83636,50,519.067361
-10.092681,50,519.122797
-5.913445,50,519.187278
-17.191731,50,519.242607
-20.964869,50,519.296139
-4.260623,50,519.357993
-18.943328,50,519.411469
-15.583978,50,519.474452
-7.745121,50,519.931522
-18.182831,50,519.990426
-20.732416,50,520.045004
-6.697213,50,520.095566
-18.28086,50,520.149808
-14.996127,50,520.199744
-14.935602,50,520.259968
-7.691636,50,520.314795
-19.386664,50,520.368942
-18.846779,50,520.421451
-18.222253,50,520.474803
-14.459651,50,520.531557
-7.095292,50,520.582368
-11.650949,50,520.641985
-13.7593,50,520.707182
-7.384589,50,520.757794
-9.805782,50,520.812914
-20.034602,50,520.864317
-14.779704,50,520.92655
-16.034671,50,520.980248
-4.947787,50,521.033271
-16.579494,50,521.089957
-4.991793,50,521.15355
-17.240268,50,521.213235
-13.097333,50,521.275067
-12.349215,50,521.333593
-14.981271,50,521.390337
-5.811969,50,521.451313
-6.57099,50,521.512624
-14.35636,50,521.569979
-4.131756,50,521.625075
-10.813534,50,521.684272
-13.788054,50,521.741331
-20.129726,50,521.806773
-15.18941,50,521.869485
-17.064847,50,521.922795
-16.874853,50,521.980629
-6.006582,50,522.036009
-19.245652,50,522.091174
-16.37509,50,522.15118
-17.440156,50,522.202988
-6.727136,50,522.696205
-10.246922,50,522.75476
-6.468158,50,522.820366
-16.365314,50,522.868407
-14.081595,50,522.908625
-11.890962,50,522.967488
-14.978698,50,523.023918
-10.947682,50,523.073384
-15.190391,50,523.128069
-5.71472,50,523.185386
-7.945107,50,523.245381
-11.502311,50,523.301317
-18.825677,50,523.363191
-12.747043,50,523.423245
-6.785539,50,523.478464
-7.483343,50,523.537189
-17.996911,50,523.59574
-6.202501,50,523.657419
-17.641335,50,523.714582
-16.058853,50,523.771385
-13.07235,50,523.82857
-4.40774,50,523.890782
-20.4624,50,523.956547
-12.562258,50,524.010295
-11.425002,50,524.061688
-10.268336,50,524.107882
-14.037539,50,524.163512
-11.761686,50,524.220634
-13.522117,50,524.279843
-13.105495,50,524.332547
-17.544751,50,524.395217
-17.187004,50,524.451163
-12.385663,50,524.500258
-15.155346,50,524.557813
-3.25896,50,524.614639
-17.00166,50,524.677395
-14.483942,50,524.733466
-9.860575,50,524.794387
-11.164168,50,524.850576
-18.12268,50,524.906852
-7.356093,50,524.960309
-14.951903,50,525.466845
-10.095815,50,525.520462
-16.919458,50,525.576754
-7.54814,50,525.632668
-13.437706,50,525.683385
-18.630415,50,525.743175
-14.476852,50,525.802023
-20.016575,50,525.854531
-20.449505,50,525.911342
-16.555167,50,525.970308
-13.460944,50,526.024737
-12.429133,50,526.076622
-15.966813,50,526.136609
-19.092902,50,526.196062
-9.352121,50,526.253353
-11.855376,50,526.313693
-4.859022,50,526.374872
-18.642685,50,526.439609
-6.670729,50,526.49421
-10.735174,50,526.555382
-5.270763,50,526.612227
-10.254689,50,526.676009
-16.504435,50,526.735859
-16.534253,50,526.796149
-16.879366,50,526.849727
-18.864699,50,526.910623
-11.8385,50,526.969574
-6.378986,50,527.021039
-9.181612,50,527.080995
-12.234269,50,527.133387
-9.663081,50,527.188452
-18.555767,50,527.249465
-17.430635,50,527.298932
-20.845548,50,527.354723
-15.740144,50,527.407516
-13.391817,50,527.463525
-16.661858,50,527.521535
-19.583884,50,527.577075
-6.255176,50,527.635016
-8.67796,50,527.689702
-16.585748,50,527.742931
-15.25661,50,528.229054
-11.225106,50,528.283127
-14.831449,50,528.332659
-11.016148,50,528.397316
-18.253723,50,528.452536
-21.335441,50,528.514579
-10.617501,50,528.57267
-12.123332,50,528.63094
-14.437111,50,528.691897
-16.421498,50,528.747448
-16.987214,50,528.810104
-6.787392,50,528.86573
-5.596285,50,528.928234
-12.462145,50,528.984641
-19.12011,50,529.042286
-5.045551,50,529.094195
-10.462002,50,529.152255
-7.240462,50,529.213233
-19.833475,50,529.275409
-12.870858,50,529.331541
-16.804924,50,529.39456
-8.377549,50,529.446053
-14.829846,50,529.509825
-16.380425,50,529.569346
-10.616026,50,529.633492
-13.13891,50,529.697974
-18.9006,50,529.747099
-9.814287,50,529.802674
-5.772597,50,529.860995
-11.198659,50,529.913748
-15.091662,50,529.970217
-18.095252,50,530.02344
-14.215361,50,530.083422
-9.357556,50,530.140304
-12.021331,50,530.191648
-13.757744,50,530.243837
-20.19927,50,530.301627
-10.930378,50,530.359113
-9.32263,50,530.410708
-11.913811,50,530.468534
-9.729093,50,530.518435
-12.235832,50,530.984641
-13.611995,50,531.038646
-7.118838,50,531.090755
-18.627151,50,531.149179
-4.610813,50,531.204032
-16.450466,50,531.258913
-10.928832,50,531.309125
-18.745739,50,531.368976
-11.617823,50,531.423701
-11.962029,50,531.48166
-8.663519,50,531.535651
-12.68042,50,531.59095
-13.328478,50,531.648684
-11.887617,50,531.708334
-21.28113,50,531.766921
-20.093798,50,531.82321
-7.000135,50,531.877639
-7.354634,50,531.933883
-10.865293,50,531.986083
-14.542431,50,532.042906
-8.690147,50,532.100098
-14.668719,50,532.161339
-13.916164,50,532.224251
-11.898816,50,532.284902
-7.339789,50,532.34537
-12.532602,50,532.406274
-7.741414,50,532.459225
-15.353529,50,532.521132
-17.299327,50,532.581425
-13.723574,50,532.642661
-17.80655,50,532.69886
-7.582541,50,532.756153
-11.509023,50,532.817448
-10.765095,50,532.871746
-15.934001,50,532.928688
-18.259217,50,532.988864
-12.453774,50,533.037529
-16.219056,50,533.087264
-10.554899,50,533.144091
-13.339329,50,533.198901
-16.846903,50,533.257769
-8.828385,50,533.718315
-11.945815,50,533.774424
-18.711112,50,533.83126
-12.371367,50,533.886946
-20.78456,50,533.945884
-13.951736,50,533.994552
-12.390909,50,534.05196
-10.311701,50,534.107883
-7.961511,50,534.155714
-16.923409,50,534.211561
-14.420178,50,534.265346
-13.001074,50,534.3128
-15.54847,50,534.377531
-15.258632,50,534.423864
-13.370978,50,534.482754
-14.251179,50,534.539945
-16.103255,50,534.59188
-10.792166,50,534.656398
-18.02744,50,534.709779
-14.950662,50,534.758971
-12.30728,50,534.81864
-11.162634,50,534.873919
-14.913357,50,534.925373
-15.252355,50,534.969639
-15.264884,50,535.006049
-16.585052,50,535.042037
-9.297155,50,535.097087
-21.005216,50,535.154961
-6.968132,50,535.211851
-18.370438,50,535.266675
-17.895906,50,535.323737
-18.464404,50,535.37848
-10.335336,50,535.433312
-6.141864,50,535.489316
-20.156663,50,535.548964
-7.832969,50,535.602602
-5.556799,50,535.654848
-8.80096,50,535.712641
-20.004134,50,535.766091
-18.994225,50,535.821523
-9.915668,50,535.880728
-8.337071,50,536.357594
-15.324357,50,536.413397
-14.318226,50,536.466691
-19.670251,50,536.520283
-19.053136,50,536.582016
-17.279507,50,536.63601
-18.392312,50,536.69688
-8.172141,50,536.757801
-9.742352,50,536.814618
-5.872999,50,536.870704
-11.046095,50,536.921337
-12.091008,50,536.976068
-17.639605,50,537.025988
-9.768903,50,537.082436
-12.474028,50,537.136741
-20.813614,50,537.189035
-9.973948,50,537.250401
-15.832793,50,537.305936
-10.332172,50,537.369565
-11.483137,50,537.42037
-16.818928,50,537.484236
-18.660157,50,537.541427
-4.88873,50,537.594995
-9.636294,50,537.651023
-13.911801,50,537.702339
-14.174325,50,537.755869
-10.540355,50,537.812802
-12.000749,50,537.867662
-11.710931,50,537.924662
-16.710352,50,537.981313
-8.097081,50,538.040189
-13.305915,50,538.100832
-3.392623,50,538.161411
-7.518399,50,538.220752
-7.491138,50,538.277994
-18.452141,50,538.340098
-17.720023,50,538.396171
-12.540321,50,538.450831
-17.78619,50,538.50803
-10.047015,50,538.558953
-14.245722,50,538.61148
-17.295511,50,539.071022
-8.567282,50,539.128316
-9.495447,50,539.181689
-16.183364,50,539.238874
-10.644754,50,539.299612
-11.228765,50,539.359107
-14.824361,50,539.40666
-17.208238,50,539.465323
-10.312568,50,539.52262
-4.880819,50,539.584182
-19.974775,50,539.640954
-10.347168,50,539.699292
-6.068384,50,539.755615
-17.730925,50,539.811376
-13.228638,50,539.865278
-17.808,50,539.919758
-6.079112,50,539.975951
-12.875989,50,540.028833
-14.031942,50,540.092643
-5.88839,50,540.140953
-18.406528,50,540.199644
-18.204206,50,540.252769
-20.316804,50,540.308912
-13.724387,50,540.365711
-10.607275,50,540.419417
-13.192849,50,540.477871
-18.165649,50,540.531675
-14.511027,50,540.585214
-10.755589,50,540.63451
-11.81028,50,540.688737
-9.092337,50,540.745457
-8.555956,50,540.801471
-14.756374,50,540.854525
-20.057855,50,540.910709
-4.353248,50,540.967623
-13.619272,50,541.023403
-11.119557,50,541.079354
-14.225499,50,541.13351
-8.780637,50,541.187306
-13.607242,50,541.2428
-8.823068,50,541.30021
-14.847318,50,541.805023
-5.963023,50,541.858515
-21.364945,50,541.918956
-16.581634,50,541.975633
-7.885953,50,542.038935
-13.300732,50,542.098136
-16.775829,50,542.151192
-10.831117,50,542.210411
-7.725063,50,542.268743
-8.841532,50,542.325558
-8.872141,50,542.380446
-17.415402,50,542.431554
-16.681155,50,542.483688
-13.875458,50,542.537931
-12.465162,50,542.597978
-8.981367,50,542.656083
-9.980655,50,542.714045
-15.783507,50,542.762703
-5.777278,50,542.821354
-10.436477,50,542.877465
-11.252437,50,542.935047
-10.223897,50,542.991968
-6.465383,50,543.041435
-9.756311,50,543.096094
-5.733049,50,543.149765
-15.904239,50,543.207025
-20.639033,50,543.265758
-14.706355,50,543.323369
-7.324274,50,543.381298
-19.946058,50,543.434702
-10.860093,50,543.490759
-7.626745,50,543.550635
-16.699578,50,543.60506
-16.808723,50,543.656247
-7.977206,50,543.711565
-16.600784,50,543.763104
-18.007206,50,543.818397
-11.30468,50,543.873241
-12.164983,50,543.926454
-6.929652,50,543.980026
-5.726741,50,544.450785
-3.273599,50,544.512466
-12.355993,50,544.567834
-10.569857,50,544.625497
-17.801331,50,544.679038
-9.056496,50,544.732918
-15.115294,50,544.792784
-3.021093,50,544.846695
-13.186115,50,544.904801
-6.918238,50,544.962407
-19.217617,50,545.01642
-15.562497,50,545.053663
-16.027852,50,545.109117
-10.77619,50,545.162842
-12.090139,50,545.216763
-12.902542,50,545.272161
-18.972646,50,545.322363
-16.034697,50,545.377053
-11.187047,50,545.42846
-10.702949,50,545.491817
-12.714587,50,545.552106
-15.901927,50,545.612094
-7.481318,50,545.667809
-12.163082,50,545.718871
-12.343135,50,545.775844
-8.519714,50,545.827677
-12.437107,50,545.883486
-10.261174,50,545.940054
-9.256261,50,546.000009
-12.181024,50,546.050007
-12.931329,50,546.106251
-17.410614,50,546.163309
-11.183893,50,546.220052
-6.956283,50,546.270095
-3.162368,50,546.324738
-9.825781,50,546.375655
-20.035038,50,546.434902
-14.446356,50,546.488532
-10.67053,50,546.544298
-18.919438,50,546.593297
-14.927692,50,546.649938
-11.099726,50,547.159875
-19.393209,50,547.217626
-12.602815,50,547.273349
-16.333714,50,547.332679
-6.819344,50,547.391182
-14.876308,50,547.448501
-20.64616,50,547.503388
-18.933887,50,547.560208
-10.227319,50,547.614264
-6.021082,50,547.677278
-13.20328,50,547.731318
-5.090524,50,547.795479
-12.578317,50,547.856704
-17.584011,50,547.912167
-20.130656,50,547.975194
-10.425737,50,548.032305
-18.522215,50,548.087778
-11.072167,50,548.14711
-13.852365,50,548.200971
-3.573548,50,548.263348
-12.378878,50,548.323208
-16.792528,50,548.381391
-7.99986,50,548.43648
-8.612055,50,548.501446
-5.649311,50,548.558982
-13.836998,50,548.61291
-9.836758,50,548.66887
-16.291708,50,548.72893
-3.930479,50,548.781094
-4.538279,50,548.840573
-12.67607,50,548.895334
-6.051249,50,548.952659
-13.528058,50,549.005822
-18.131452,50,549.056764
-15.617601,50,549.118309
-12.045837,50,549.172383
-10.60232,50,549.22875
-17.951731,50,549.290443
-16.239207,50,549.338213
-12.331951,50,549.395525
-15.392353,50,549.451139
-11.091585,50,549.9087
-16.177301,50,549.972184
-13.403128,50,550.016123
-11.725848,50,550.077201
-9.714809,50,550.139249
-8.41365,50,550.194446
-9.30954,50,550.253527
-20.793414,50,550.307412
-4.95477,50,550.350623
-20.823985,50,550.410711
-18.885295,50,550.463763
-17.027666,50,550.522654
-18.761903,50,550.585491
-4.897886,50,550.636195
-14.900907,50,550.697659
-15.018459,50,550.755942
-20.119573,50,550.809602
-18.797674,50,550.867888
-14.622058,50,550.920529
-7.728111,50,550.969955
-10.320556,50,551.025703
-19.506387,50,551.080713
-12.630451,50,551.133934
-20.045042,50,551.188029
-19.231813,50,551.243224
-9.802193,50,551.302531
-16.237844,50,551.356274
-20.590678,50,551.406073
-20.301952,50,551.462872
-19.88679,50,551.518883
-14.855074,50,551.56371
-9.835895,50,551.617926
-17.114005,50,551.670618
-8.284137,50,551.723897
-19.505863,50,551.778631
-13.551706,50,551.829699
-16.694047,50,551.884223
-16.661001,50,551.940189
-15.825905,50,551.997101
-13.966254,50,552.041957
-7.475874,50,552.074096
-14.111583,50,552.533
-19.525586,50,552.563948
-11.966715,50,552.629109
-20.150619,50,552.686716
-12.682158,50,552.740746
-9.537992,50,552.796697
-10.50509,50,552.852584
-16.314683,50,552.915478
-16.671079,50,552.97676
-15.105667,50,553.035687
-12.964411,50,553.09044
-5.502891,50,553.149119
-8.921837,50,553.20955
-13.528269,50,553.272122
-8.848622,50,553.330144
-11.325073,50,553.387458
-15.190589,50,553.447453
-4.275788,50,553.499286
-15.231469,50,553.550717
-7.395612,50,553.606817
-16.087558,50,553.666879
-10.239366,50,553.733075
-12.872744,50,553.776677
-12.655241,50,553.836326
-9.227052,50,553.90412
-6.983316,50,553.968071
-4.3263,50,554.030134
-5.486807,50,554.087923
-8.94977,50,554.145833
-12.384648,50,554.208422
-18.121923,50,554.26169
-11.587813,50,554.31322
-14.199393,50,554.373323
-16.080525,50,554.428519
-14.060412,50,554.492067
-15.971172,50,554.544369
-13.791053,50,554.605245
-18.403093,50,554.668049
-18.703699,50,554.719934
-10.863748,50,554.773516
-9.823316,50,554.822852
-16.851313,50,555.30303
-11.238315,50,555.364782
-19.397553,50,555.418542
-13.788932,50,555.482056
-19.304238,50,555.530399
-16.45519,50,555.588008
-14.211672,50,555.644926
-10.411229,50,555.700328
-13.946542,50,555.752086
-4.281451,50,555.810716
-5.692423,50,555.864997
-4.702133,50,555.922722
-16.852675,50,555.97419
-11.025507,50,556.033784
-17.457468,50,556.093092
-14.633708,50,556.146646
-15.914338,50,556.207177
-15.884821,50,556.265052
-10.370371,50,556.328943
-5.463647,50,556.386638
-9.823648,50,556.44309
-17.912944,50,556.50372
-8.065176,50,556.564902
-12.060206,50,556.61964
-17.144464,50,556.676636
-13.58027,50,556.732685
-17.337919,50,556.785765
-7.739074,50,556.852008
-20.736021,50,556.916988
-13.986945,50,556.977134
-19.895577,50,557.038518
-18.266956,50,557.090769
-8.624728,50,557.147436
-13.448271,50,557.201604
-18.47558,50,557.256459
-12.593791,50,557.318302
-13.678957,50,557.376275
-7.660001,50,557.431915
-10.805756,50,557.494339
-13.40432,50,557.554496
-10.158349,50,557.620895
-8.368784,50,558.123683
-9.750956,50,558.186054
-16.30516,50,558.237735
-11.122246,50,558.301463
-13.321039,50,558.361818
-12.53282,50,558.418034
-10.103866,50,558.476979
-11.963929,50,558.528063
-16.002438,50,558.584526
-15.886992,50,558.641346
-10.905817,50,558.701942
-18.177223,50,558.760386
-9.462883,50,558.821783
-3.746714,50,558.877605
-19.905635,50,558.939162
-12.173574,50,558.986419
-15.311072,50,559.049764
-15.905943,50,559.110633
-6.723356,50,559.168302
-11.325019,50,559.225706
-20.274894,50,559.276728
-4.42388,50,559.334292
-12.661434,50,559.389821
-7.910621,50,559.44885
-4.100224,50,559.511644
-5.698216,50,559.567977
-20.76186,50,559.62623
-17.57442,50,559.681743
-16.456079,50,559.730668
-10.322622,50,559.789865
-19.341078,50,559.854504
-13.684261,50,559.908729
-10.289193,50,559.967884
-19.966,50,560.026709
-15.660052,50,560.08573
-5.78168,50,560.142153
-8.530298,50,560.198063
-10.601386,50,560.25363
-15.300604,50,560.314697
-5.211243,50,560.365363
-2.942694,50,560.421755
-11.645886,50,560.922963
-12.555107,50,560.98418
-12.202485,50,561.039749
-11.353906,50,561.094632
-12.265794,50,561.155635
-19.214604,50,561.204977
-5.447153,50,561.259776
-9.157261,50,561.312479
-16.113256,50,561.364878
-17.591872,50,561.420983
-14.296073,50,561.471879
-15.021495,50,561.528832
-14.561333,50,561.58037
-11.335482,50,561.631338
-17.034901,50,561.6852
-18.241737,50,561.746248
-9.339325,50,561.809219
-9.488999,50,561.874059
-18.134685,50,561.939582
-11.594584,50,562.007779
-21.051761,50,562.068602
-15.808637,50,562.136342
-15.772336,50,562.20255
-18.808724,50,562.261426
-14.705448,50,562.325593
-19.20338,50,562.380191
-3.628531,50,562.442914
-16.286556,50,562.506017
-1.945859,50,562.567676
-7.379588,50,562.622398
-19.913745,50,562.692792
-7.691578,50,562.775007
-12.467514,50,562.837896
-7.163171,50,562.891809
-6.556164,50,562.96103
-19.482997,50,563.02282
-10.734377,50,563.080464
-19.19263,50,563.141446
-15.479433,50,563.195738
-13.993025,50,563.256327
-4.928008,50,563.313644
-10.276574,50,563.824193
-4.088765,50,563.882307
-18.399875,50,563.93539
-10.234298,50,563.994895
-7.380228,50,564.051754
-19.549648,50,564.110976
-5.241373,50,564.167461
-19.230271,50,564.209086
-7.761417,50,564.245805
-16.734673,50,564.290097
-11.796217,50,564.322111
-5.569127,50,564.357111
-10.570438,50,564.392397
-12.168258,50,564.425835
-17.226749,50,564.460724
-8.849564,50,564.498752
-19.389233,50,564.53201
-11.4855,50,564.565545
-15.694235,50,564.60036
-9.209301,50,564.634398
-20.822631,50,564.67008
-15.25413,50,564.704589
-10.204115,50,564.740904
-10.54681,50,564.775078
-19.790097,50,564.811714
-11.182787,50,564.865454
-12.862763,50,564.921413
-9.176345,50,564.976937
-8.582292,50,565.009728
-20.377424,50,565.055859
-4.306245,50,565.102957
-18.809411,50,565.142546
-6.17081,50,565.187587
-8.451909,50,565.233459
-15.756347,50,565.267677
-10.158964,50,565.306526
-15.674411,50,565.349776
-12.97348,50,565.389192
-14.735082,50,565.425443
-8.802506,50,565.460958
-12.06518,50,565.493995
-16.991443,50,565.975483
-13.298882,50,566.034807
-6.895963,50,566.088737
-8.677364,50,566.137755
-13.469307,50,566.19549
-10.95589,50,566.243894
-15.343023,50,566.278485
-14.440171,50,566.311103
-14.856062,50,566.344153
-3.386077,50,566.379256
-16.129437,50,566.418443
-7.473464,50,566.45272
-8.908284,50,566.48757
-11.73108,50,566.527336
-19.008533,50,566.561057
-8.425301,50,566.600929
-20.607872,50,566.633057
-9.509803,50,566.663866
-15.698062,50,566.697346
-19.540205,50,566.730124
-10.596223,50,566.762602
-10.809036,50,566.79837
-12.283528,50,566.831549
-5.013212,50,566.863198
-14.663331,50,566.894879
-12.122289,50,566.926603
-19.201511,50,566.958822
-13.908662,50,566.996495
-16.107224,50,567.056016
-15.584947,50,567.109891
-14.025452,50,567.164879
-15.974221,50,567.22168
-7.66317,50,567.28675
-15.341215,50,567.345394
-16.219112,50,567.405858
-13.777299,50,567.454735
-11.75085,50,567.51713
-15.029488,50,567.55269
-13.42922,50,567.587262
-13.674771,50,567.6225
-13.673133,50,567.657087
-14.814054,50,568.130346
-12.590042,50,568.185866
-5.887877,50,568.243826
-17.494337,50,568.293127
-7.361947,50,568.33596
-10.585414,50,568.384773
-16.457674,50,568.441154
-18.515403,50,568.493264
-10.692539,50,568.525518
-5.814714,50,568.558568
-8.73405,50,568.591005
-9.742157,50,568.622586
-7.100766,50,568.653998
-4.173344,50,568.685861
-12.02199,50,568.725629
-13.016159,50,568.761411
-8.275514,50,568.796588
-9.983071,50,568.830552
-7.683211,50,568.863579
-18.015559,50,568.898833
-12.667026,50,568.938057
-17.30113,50,568.97459
-8.486912,50,569.013963
-16.567924,50,569.049392
-9.216473,50,569.084415
-15.128184,50,569.117595
-15.595195,50,569.151872
-18.8317,50,569.187743
-16.019142,50,569.222323
-5.692417,50,569.258541
-15.050363,50,569.294144
-9.949123,50,569.331117
-4.226099,50,569.364207
-9.739138,50,569.398951
-12.627867,50,569.432303
-20.833392,50,569.473224
-7.232582,50,569.506197
-8.326815,50,569.550231
-9.801405,50,569.593577
-8.245637,50,569.637258
-9.144712,50,569.680286
-9.832178,50,570.135107
-15.497794,50,570.167929
-16.534418,50,570.203962
-14.855476,50,570.255902
-12.06719,50,570.289932
-14.270682,50,570.323755
-5.678709,50,570.369745
-11.874998,50,570.404884
-12.768546,50,570.439964
-8.12413,50,570.476605
-9.985986,50,570.51123
-16.135837,50,570.546143
-6.728855,50,570.581805
-12.121333,50,570.622957
-19.200271,50,570.681293
-16.620251,50,570.732683
-12.567938,50,570.803527
-12.378327,50,570.876315
-14.531448,50,570.945911
-13.212947,50,571.015854
-5.821783,50,571.086342
-10.924839,50,571.161252
-8.466492,50,571.236949
-16.572014,50,571.31066
-12.650507,50,571.385091
-10.668661,50,571.456105
-10.091734,50,571.527162
-10.797942,50,571.598138
-12.236986,50,571.669871
-4.385901,50,571.739908
-17.241569,50,571.810558
-14.040561,50,571.880277
-10.510901,50,571.950219
-11.355311,50,572.023975
-4.380546,50,572.093822
-10.469617,50,572.166514
-8.260611,50,572.236662
-18.184247,50,572.308103
-15.2551,50,572.352841
-19.366533,50,572.386452
-19.852682,50,572.420477
-7.519548,50,572.925698
-18.14754,50,572.962955
-6.7011,50,572.997405
-14.381332,50,573.030926
-16.926086,50,573.075819
-18.79052,50,573.109458
-18.805189,50,573.144265
-12.601006,50,573.195145
-9.333066,50,573.234566
-5.477837,50,573.267333
-14.194211,50,573.301323
-18.737402,50,573.335094
-18.1326,50,573.368149
-13.516787,50,573.407222
-8.161354,50,573.456634
-17.467384,50,573.491363
-9.594692,50,573.535603
-6.789752,50,573.575256
-14.039091,50,573.609194
-19.010389,50,573.642936
-7.280261,50,573.67732
-10.573052,50,573.711308
-11.537037,50,573.746147
-19.080857,50,573.780253
-10.753678,50,573.813835
-10.513374,50,573.852356
-6.286093,50,573.886392
-20.391607,50,573.919413
-12.872999,50,573.952017
-11.042355,50,573.985439
-13.000985,50,574.01895
-2.295894,50,574.051142
-9.571147,50,574.08394
-20.792789,50,574.116086
-12.596952,50,574.148403
-11.482738,50,574.186794
-12.684478,50,574.232845
-8.801583,50,574.281875
-13.556672,50,574.313402
-3.861607,50,574.345407
-12.270801,50,574.380471
-16.888396,50,574.819705
-17.29056,50,574.851976
-18.25576,50,574.884115
-11.479626,50,574.921478
-8.743272,50,574.955789
-14.449,50,574.987961
-18.789437,50,575.023695
-14.996607,50,575.057616
-19.472751,50,575.094978
-4.303654,50,575.132731
-20.873008,50,575.180227
-11.726314,50,575.220681
-13.153669,50,575.251775
-11.19386,50,575.286729
-4.593459,50,575.333942
-17.03435,50,575.367873
-10.658009,50,575.40035
-7.507938,50,575.435438
-17.86135,50,575.471174
-15.072418,50,575.504482
-12.617985,50,575.550595
-3.89854,50,575.591041
-14.535507,50,575.6303
-7.95952,50,575.665697
-10.374346,50,575.701112
-9.316539,50,575.73344
-20.304374,50,575.778713
-5.000009,50,575.811924
-19.480659,50,575.843889
-9.346856,50,575.875947
-14.219934,50,575.908891
-6.786007,50,575.942199
-8.011023,50,575.976635
-9.42959,50,576.010355
-9.442969,50,576.044464
-18.351268,50,576.078258
-13.713519,50,576.112343
-2.924834,50,576.14645
-3.414924,50,576.180683
-8.388719,50,576.227043
-11.468467,50,576.276766
-10.368126,50,576.737793
-11.728538,50,576.770127
-16.200994,50,576.812266
-9.795718,50,576.848197
-16.394994,50,576.892992
-19.155311,50,576.931702
-12.657439,50,576.966757
-8.511667,50,577.002849
-14.330356,50,577.060626
-15.063165,50,577.0976
-7.601483,50,577.143671
-12.539465,50,577.184027
-10.880025,50,577.218335
-20.257786,50,577.257937
-12.025351,50,577.290482
-17.95535,50,577.326088
-11.779078,50,577.358084
-10.214932,50,577.389942
-7.716084,50,577.431353
-15.317917,50,577.463801
-9.385367,50,577.495989
-14.221882,50,577.528893
-12.427241,50,577.562174
-6.686846,50,577.598206
-15.778773,50,577.631922
-19.046819,50,577.66609
-8.153993,50,577.699602
-11.406476,50,577.731216
-14.106961,50,577.763402
-9.769791,50,577.814803
-19.71308,50,577.870107
-12.288012,50,577.908872
-11.000761,50,577.956886
-18.529816,50,577.989527
-14.697505,50,578.031204
-11.26871,50,578.078323
-20.698781,50,578.125323
-14.591011,50,578.160903
-8.738893,50,578.194771
-17.366646,50,578.227217
-17.377031,50,578.259236
-18.466975,50,578.697036
-20.269662,50,578.730377
-21.113788,50,578.774864
-16.554224,50,578.830218
-10.74399,50,578.885887
-19.621428,50,578.930101
-16.06864,50,578.962709
-12.374659,50,578.994401
-12.10693,50,579.026242
-12.055984,50,579.066489
-6.011735,50,579.112456
-6.431392,50,579.145953
-13.655199,50,579.177667
-10.418465,50,579.209405
-9.090907,50,579.24236
-16.171521,50,579.274217
-3.045418,50,579.315553
-15.200292,50,579.347882
-19.562072,50,579.379381
-11.42218,50,579.410864
-11.827041,50,579.442353
-7.115672,50,579.482404
-16.712794,50,579.514179
-11.093603,50,579.556827
-4.151213,50,579.598787
-18.239566,50,579.644089
-16.686119,50,579.688043
-6.453944,50,579.72181
-12.160978,50,579.765074
-8.379478,50,579.797894
-14.065909,50,579.830986
-9.806752,50,579.883016
-11.14336,50,579.928048
-16.237628,50,579.971421
-9.399223,50,580.003699
-11.144997,50,580.046972
-14.202137,50,580.078366
-13.17301,50,580.108608
-8.379894,50,580.138823
-10.323611,50,580.171231
-14.799158,50,580.204245
-11.827794,50,580.65484
-20.037979,50,580.693607
-1.82011,50,580.726443
-11.599683,50,580.758257
-17.978599,50,580.790064
-5.79923,50,580.822184
-10.09712,50,580.85838
-9.220502,50,580.905407
-4.842902,50,580.963824
-10.154316,50,581.00493
-10.045196,50,581.03808
-6.887823,50,581.072138
-8.056064,50,581.104026
-17.356057,50,581.137396
-15.292775,50,581.169499
-17.995318,50,581.201006
-11.267263,50,581.23781
-14.389001,50,581.273714
-13.450518,50,581.305302
-4.800764,50,581.338748
-9.071852,50,581.370641
-7.390472,50,581.421005
-12.146753,50,581.458033
-5.631528,50,581.491262
-19.298153,50,581.522956
-12.886038,50,581.554459
-14.250075,50,581.586071
-9.933897,50,581.617688
-6.407733,50,581.649276
-11.774714,50,581.681204
-9.790539,50,581.712406
-15.108369,50,581.743852
-8.738922,50,581.775149
-9.071248,50,581.806925
-14.474185,50,581.838711
-7.891294,50,581.870336
-16.794162,50,581.90566
-16.829084,50,581.95066
-14.214038,50,581.997029
-14.576334,50,582.028934
-13.926347,50,582.060893
-15.398176,50,582.518843
-13.125711,50,582.553445
-5.228654,50,582.585697
-12.787416,50,582.63226
-11.522456,50,582.66421
-5.919794,50,582.696315
-9.747751,50,582.728498
-9.605207,50,582.760291
-14.93543,50,582.792064
-8.428617,50,582.824197
-5.645532,50,582.860297
-9.093102,50,582.907022
-19.073383,50,582.958543
-5.253243,50,583.010009
-18.681843,50,583.041738
-12.910204,50,583.097157
-19.228218,50,583.141977
-13.312306,50,583.173695
-12.23331,50,583.205254
-19.133332,50,583.237484
-20.093977,50,583.270246
-16.037594,50,583.302831
-8.994289,50,583.334703
-14.984637,50,583.366848
-5.362443,50,583.398442
-20.619179,50,583.430553
-8.877143,50,583.462856
-14.531133,50,583.494611
-19.199816,50,583.526835
-12.186211,50,583.559247
-10.431072,50,583.590788
-14.147959,50,583.627801
-10.069654,50,583.660595
-15.086885,50,583.692772
-13.588824,50,583.734278
-14.797032,50,583.766382
-14.452801,50,583.798797
-12.94077,50,583.831615
-16.643344,50,583.863822
-15.968994,50,583.895987
-12.71678,50,583.928148
-17.84126,50,584.3871
-15.200106,50,584.426723
-9.961538,50,584.473783
-19.034114,50,584.507902
-18.928792,50,584.550632
-10.672155,50,584.600133
-8.05759,50,584.638549
-16.258582,50,584.67092
-17.353262,50,584.710715
-17.687365,50,584.754382
-7.781194,50,584.804527
-14.640105,50,584.835901
-6.923115,50,584.868231
-11.793953,50,584.90074
-14.799086,50,584.941316
-9.927642,50,584.973191
-18.477982,50,585.008763
-15.259711,50,585.041094
-10.600256,50,585.074059
-11.353003,50,585.106381
-17.477835,50,585.138282
-15.882746,50,585.170397
-11.718734,50,585.203139
-16.258191,50,585.235249
-17.359103,50,585.267004
-12.960647,50,585.304605
-7.134966,50,585.337047
-16.917382,50,585.370709
-17.869315,50,585.403085
-13.601614,50,585.435843
-17.557357,50,585.468176
-15.482859,50,585.507325
-12.336052,50,585.54321
-17.570389,50,585.588548
-16.655199,50,585.620533
-6.793703,50,585.651193
-20.08559,50,585.681698
-8.506997,50,585.712212
-16.50243,50,585.761832
-14.38604,50,585.796318
-18.138761,50,585.843553
-12.758156,50,586.2941
-11.793761,50,586.338785
-13.609503,50,586.371876
-14.243419,50,586.403908
-12.152688,50,586.44579
-11.057463,50,586.477421
-18.942245,50,586.511474
-14.701602,50,586.550391
-16.479479,50,586.601413
-7.299313,50,586.651026
-7.54208,50,586.704628
-16.416192,50,586.746172
-4.416723,50,586.778475
-19.145656,50,586.811022
-12.323484,50,586.842576
-4.399862,50,586.874163
-15.059486,50,586.906168
-3.881144,50,586.947784
-8.81441,50,586.98779
-13.030254,50,587.026819
-17.11598,50,587.05999
-6.853056,50,587.09231
-19.925846,50,587.124873
-19.133955,50,587.165285
-13.137707,50,587.196957
-15.042274,50,587.228608
-2.821915,50,587.260394
-10.014814,50,587.293175
-8.767848,50,587.330109
-15.851026,50,587.363894
-15.384465,50,587.399399
-7.765413,50,587.43117
-14.421687,50,587.462495
-12.615623,50,587.493862
-11.624889,50,587.547938
-10.201419,50,587.583935
-12.978892,50,587.616055
-20.835383,50,587.648482
-18.284938,50,587.69256
-10.995879,50,587.728739
-8.216151,50,587.776015
-15.922109,50,588.225342
-18.665877,50,588.258265
-12.579991,50,588.291507
-8.243168,50,588.325819
-17.004547,50,588.359187
-6.770083,50,588.391069
-19.710029,50,588.42295
-18.515262,50,588.454533
-9.049915,50,588.486091
-13.958999,50,588.528967
-5.84669,50,588.587837
-9.812076,50,588.641833
-3.149539,50,588.695151
-12.705459,50,588.742617
-11.139482,50,588.781064
-7.367296,50,588.815056
-9.827931,50,588.849672
-18.27049,50,588.887546
-12.60498,50,588.930518
-7.291223,50,588.982922
-14.994637,50,589.018755
-12.796043,50,589.052349
-16.304951,50,589.087487
-7.730024,50,589.12113
-13.620513,50,589.154123
-11.102091,50,589.187186
-17.455329,50,589.232213
-11.065905,50,589.266028
-12.706432,50,589.300318
-5.293523,50,589.334833
-14.294632,50,589.367753
-14.041173,50,589.399582
-17.731724,50,589.438728
-16.780271,50,589.474258
-10.625781,50,589.513928
-10.729927,50,589.553492
-8.973788,50,589.603162
-18.49488,50,589.643051
-13.219364,50,589.685807
-6.636276,50,589.726164
-19.87312,50,589.767878
-9.054415,50,590.23506
-11.180341,50,590.275528
-5.108699,50,590.30913
-6.980019,50,590.35056
-11.227812,50,590.384231
-9.029676,50,590.4359
-10.076043,50,590.470176
-9.777922,50,590.511267
-19.036659,50,590.551852
-11.462084,50,590.585908
-17.783966,50,590.618342
-14.300623,50,590.651869
-13.789449,50,590.684043
-14.528154,50,590.726549
-18.381551,50,590.774913
-19.828114,50,590.812505
-7.301397,50,590.852335
-17.324224,50,590.906852
-6.750142,50,590.941817
-14.033008,50,590.975379
-16.516345,50,591.008871
-8.457406,50,591.041832
-12.441328,50,591.074439
-14.832862,50,591.107316
-17.740676,50,591.139194
-6.556261,50,591.173325
-4.614683,50,591.2078
-18.354379,50,591.242942
-6.608643,50,591.278292
-6.545715,50,591.314863
-19.993148,50,591.349283
-17.792827,50,591.383072
-10.116708,50,591.417879
-9.060057,50,591.453261
-18.27409,50,591.486989
-14.051662,50,591.521304
-5.104818,50,591.579492
-13.805863,50,591.61435
-11.507115,50,591.652382
-16.002313,50,591.690034
-14.00993,50,591.724453
-6.386441,50,592.185519
-11.10635,50,592.222603
-5.157097,50,592.268421
-14.509865,50,592.302812
-15.853711,50,592.341505
-6.606685,50,592.374356
-19.268005,50,592.416021
-14.398415,50,592.449955
-11.781378,50,592.483911
-16.59825,50,592.518023
-10.530194,50,592.552149
-11.557934,50,592.585643
-10.16823,50,592.620954
-15.271266,50,592.65361
-9.823647,50,592.69786
-10.659193,50,592.730082
-11.946663,50,592.760664
-2.143609,50,592.810916
-7.457805,50,592.846839
-15.721466,50,592.885047
-12.088325,50,592.920411
-8.136001,50,592.9552
-5.205804,50,592.991861
-4.328966,50,593.026435
-19.367769,50,593.059765
-9.164576,50,593.094371
-7.593228,50,593.129252
-19.024067,50,593.168118
-14.038824,50,593.20963
-12.507978,50,593.243576
-10.787896,50,593.278015
-13.378924,50,593.311308
-17.043828,50,593.350031
-6.804726,50,593.382821
-8.975719,50,593.414685
-18.092918,50,593.456463
-10.706406,50,593.494852
-5.889814,50,593.527073
-10.914673,50,593.577331
-13.082741,50,593.609612
-2.376549,50,593.651587
-11.473214,50,594.12975
-19.604627,50,594.16218
-15.495142,50,594.215371
-19.348136,50,594.260727
-6.89786,50,594.296495
-4.747178,50,594.334163
-14.074141,50,594.373093
-6.622389,50,594.415038
-8.803621,50,594.451418
-6.215674,50,594.486499
-14.213193,50,594.521171
-16.26909,50,594.558484
-13.175688,50,594.596709
-15.107602,50,594.630827
-7.826212,50,594.664955
-14.162444,50,594.701824
-13.238194,50,594.745616
-10.211093,50,594.797198
-5.97098,50,594.850492
-5.613718,50,594.890325
-15.35222,50,594.924743
-10.582029,50,594.971898
-11.944221,50,595.006604
-18.717737,50,595.041487
-7.173454,50,595.075896
-4.760902,50,595.111271
-12.14246,50,595.148242
-9.92868,50,595.187359
-6.836838,50,595.224413
-7.534253,50,595.271115
-11.859703,50,595.312342
-19.883011,50,595.349813
-19.227038,50,595.386944
-20.671825,50,595.425073
-8.619432,50,595.461221
-16.057013,50,595.502136
-16.643305,50,595.537727
-16.279328,50,595.580338
-6.983663,50,595.625336
-10.655947,50,595.677275
-15.414122,50,595.731031
-15.005162,50,596.212787
-7.125095,50,596.247435
-13.19722,50,596.283563
-14.339289,50,596.318451
-15.776163,50,596.353429
-9.876977,50,596.390161
-8.049167,50,596.428533
-8.038393,50,596.463566
-14.317553,50,596.499079
-11.988882,50,596.533326
-4.001378,50,596.58327
-14.661621,50,596.620733
-12.91744,50,596.678096
-15.249757,50,596.714516
-9.686197,50,596.778793
-20.600469,50,596.821489
-16.454202,50,596.857628
-10.947623,50,596.891717
-13.99568,50,596.930016
-10.693192,50,596.963242
-4.791499,50,596.99736
-7.587786,50,597.034595
-15.937832,50,597.068703
-8.250668,50,597.100243
-14.521089,50,597.137712
-18.621253,50,597.17405
-4.834452,50,597.211156
-16.929103,50,597.245281
-6.335412,50,597.279535
-3.298644,50,597.313708
-20.296489,50,597.348879
-14.163531,50,597.381948
-17.689951,50,597.416315
-10.819636,50,597.454512
-18.02161,50,597.490465
-7.939862,50,597.525347
-15.194526,50,597.562265
-4.921104,50,597.600574
-16.770026,50,597.650707
-12.969096,50,597.706635
-15.821752,50,597.765177
-11.202276,50,598.271786
-10.66991,50,598.335925
-18.459707,50,598.398398
-19.627027,50,598.448005
-7.89626,50,598.496706
-5.800757,50,598.531109
-11.792807,50,598.579279
-11.121144,50,598.639446
-11.911461,50,598.694474
-1.833005,50,598.756971
-16.564452,50,598.811345
-7.585699,50,598.86903
-4.625991,50,598.927007
-10.058306,50,598.98153
-17.547908,50,599.039714
-12.477967,50,599.098646
-15.066191,50,599.162328
-14.272924,50,599.226574
-15.648273,50,599.278862
-7.242311,50,599.331469
-11.005987,50,599.385105
-17.129952,50,599.443351
-18.977935,50,599.498681
-18.30776,50,599.558164
-11.656702,50,599.619881
-16.826492,50,599.678141
-10.658138,50,599.737558
-16.339076,50,599.799649
-10.997731,50,599.85802
-10.855894,50,599.91478
-12.711718,50,599.973057
-18.513624,50,600.031263
-7.279403,50,600.091593
-10.51829,50,600.144845
-4.804093,50,600.207895
-11.791457,50,600.261858
-18.389291,50,600.323351
-11.634354,50,600.376612
-12.050447,50,600.438914
-9.972247,50,600.49771
-11.648982,50,600.983852
-13.502374,50,601.046611
-7.564183,50,601.112962
-10.405797,50,601.176647
-7.993154,50,601.232478
-4.868604,50,601.290614
-5.784956,50,601.351157
-13.53326,50,601.408477
-14.314795,50,601.465761
-17.716509,50,601.53176
-9.450121,50,601.592859
-8.082702,50,601.644188
-18.465769,50,601.702431
-15.210871,50,601.754814
-14.052885,50,601.815734
-14.284839,50,601.870924
-7.814826,50,601.931662
-11.265296,50,601.986323
-7.038317,50,602.050253
-17.662712,50,602.112937
-9.487552,50,602.168414
-14.836931,50,602.22786
-12.660813,50,602.280452
-11.462318,50,602.338617
-9.404293,50,602.401054
-7.692747,50,602.452913
-12.604468,50,602.504887
-7.761515,50,602.564764
-10.277984,50,602.623547
-11.995146,50,602.678093
-10.013339,50,602.733966
-18.584267,50,602.796218
-6.76241,50,602.853425
-3.462185,50,602.910019
-14.666552,50,602.971318
-9.65211,50,603.033841
-11.1815,50,603.095905
-7.213843,50,603.151103
-9.365297,50,603.208526
-9.759116,50,603.267826
-18.016115,50,603.324534
-5.939083,50,603.841685
-5.50973,50,603.910854
-18.914686,50,603.967977
-7.193567,50,604.02931
-14.350792,50,604.09118
-8.703021,50,604.148505
-11.36264,50,604.207093
-11.589007,50,604.264842
-9.203482,50,604.321361
-4.042146,50,604.36989
-12.63089,50,604.425565
-9.761318,50,604.483663
-10.677405,50,604.543176
-17.133632,50,604.60327
-4.398226,50,604.666345
-7.258883,50,604.721781
-12.570032,50,604.784468
-7.388918,50,604.841129
-16.856877,50,604.895781
-11.002281,50,604.954596
-18.381581,50,605.012014
-17.71652,50,605.071857
-14.312909,50,605.12987
-12.207644,50,605.183554
-11.501804,50,605.240309
-7.491872,50,605.292739
-20.35165,50,605.350704
-17.520436,50,605.414512
-10.870805,50,605.474845
-10.88512,50,605.537992
-14.782618,50,605.603924
-19.809284,50,605.662638
-16.525019,50,605.725289
-7.496822,50,605.781136
-13.734092,50,605.838566
-4.557956,50,605.897283
-6.906634,50,605.95294
-4.266862,50,606.006631
-2.475522,50,606.06558
-3.71019,50,606.127263
-13.847967,50,606.191185
-8.739797,50,606.700867
-4.482554,50,606.756696
-8.23532,50,606.815123
-8.658826,50,606.867651
-16.035183,50,606.930471
-3.31709,50,606.984268
-19.636991,50,607.048879
-6.729725,50,607.113464
-17.985336,50,607.172449
-13.483974,50,607.230432
-17.631067,50,607.290588
-8.480769,50,607.344623
-13.311238,50,607.40033
-5.846844,50,607.458915
-2.942184,50,607.517191
-18.236326,50,607.57823
-9.878849,50,607.632704
-13.32455,50,607.697011
-12.673916,50,607.752957
-15.997363,50,607.809076
-16.728128,50,607.87389
-9.853533,50,607.935962
-5.416129,50,607.993494
-14.987734,50,608.041866
-13.557108,50,608.101637
-7.251842,50,608.160592
-13.817436,50,608.220701
-19.576279,50,608.282049
-9.810676,50,608.342151
-10.836567,50,608.392236
-15.349758,50,608.456428
-11.269083,50,608.514017
-17.046736,50,608.575735
-17.536438,50,608.635725
-14.067611,50,608.693059
-17.3722,50,608.745623
-10.641503,50,608.797996
-10.246633,50,608.858297
-8.387438,50,608.921588
-9.605018,50,608.976187
-9.018999,50,609.027527
-3.255261,50,609.511428
-11.382905,50,609.572377
-14.415326,50,609.641332
-4.880342,50,609.699811
-20.487794,50,609.761577
-7.886455,50,609.82711
-8.361485,50,609.894108
-14.555831,50,609.951332
-12.060017,50,610.009006
-14.400987,50,610.068789
-14.882234,50,610.126172
-11.643551,50,610.181801
-14.7573,50,610.241528
-5.294918,50,610.300177
-3.718829,50,610.357083
-19.693166,50,610.411132
-14.138347,50,610.471215
-8.092898,50,610.535646
-10.263254,50,610.588999
-20.069016,50,610.649077
-8.156762,50,610.710964
-11.970084,50,610.770177
-4.51445,50,610.825484
-4.660238,50,610.887909
-16.756151,50,610.938126
-12.74918,50,610.999538
-12.404692,50,611.061202
-14.281798,50,611.125717
-18.512318,50,611.18292
-12.654321,50,611.241799
-16.127584,50,611.302922
-14.300298,50,611.365003
-17.145336,50,611.430237
-10.778669,50,611.483543
-5.214907,50,611.5477
-11.728319,50,611.598994
-17.404105,50,611.648658
-10.66897,50,611.705184
-5.710709,50,611.765077
-7.616761,50,611.830806
-9.68905,50,611.880214
-7.977701,50,612.402005
-19.181333,50,612.455748
-10.260195,50,612.511029
-9.78852,50,612.560861
-13.213594,50,612.627671
-15.646482,50,612.690372
-17.545001,50,612.750544
-3.344615,50,612.804065
-7.755294,50,612.855726
-11.816486,50,612.914219
-3.471833,50,612.97089
-15.242776,50,613.022342
-11.121573,50,613.07866
-9.537218,50,613.138448
-16.665575,50,613.199855
-5.570564,50,613.253649
-14.616086,50,613.310905
-7.190425,50,613.368232
-4.286224,50,613.430225
-9.35752,50,613.486889
-4.07526,50,613.543271
-12.13777,50,613.598781
-12.626066,50,613.659995
-13.315559,50,613.717587
-10.891121,50,613.76936
-7.433955,50,613.824001
-17.617094,50,613.87472
-13.629665,50,613.930909
-13.208132,50,613.989092
-11.239478,50,614.046614
-17.420047,50,614.108731
-5.073615,50,614.16729
-7.833549,50,614.219246
-5.298355,50,614.281336
-18.740685,50,614.343027
-16.346523,50,614.402812
-15.59649,50,614.463136
-11.230002,50,614.520547
-19.600615,50,614.581883
-16.150041,50,614.638781
-12.043917,50,614.697345
-19.651667,50,615.192494
-10.258937,50,615.242068
-11.636001,50,615.298118
-18.902708,50,615.356278
-14.60097,50,615.414681
-11.755763,50,615.47095
-18.396125,50,615.530262
-7.548509,50,615.589533
-6.03444,50,615.644979
-14.68573,50,615.695478
-13.094549,50,615.750925
-18.023515,50,615.809627
-11.794679,50,615.862673
-16.634446,50,615.915941
-5.105836,50,615.973025
-8.913756,50,616.030566
-9.196165,50,616.090683
-16.642339,50,616.148022
-9.479677,50,616.213121
-16.920145,50,616.271269
-18.568063,50,616.326267
-15.233288,50,616.384771
-12.776026,50,616.444455
-4.869256,50,616.500601
-6.595574,50,616.561796
-16.839934,50,616.616489
-12.33964,50,616.674587
-7.554904,50,616.737189
-15.128305,50,616.800877
-15.923601,50,616.852832
-2.819422,50,616.916818
-3.918975,50,616.970424
-3.943872,50,617.028526
-11.692693,50,617.083937
-17.289642,50,617.139081
-3.591863,50,617.202569
-12.473305,50,617.257843
-12.876521,50,617.310897
-7.337994,50,617.374887
-13.509124,50,617.444118
-12.356994,50,617.506196
-15.612995,50,618.034077
-13.801555,50,618.090714
-9.686308,50,618.146854
-6.076047,50,618.208463
-3.797097,50,618.264178
-6.113658,50,618.328175
-17.930603,50,618.384098
-6.992774,50,618.440842
-12.064786,50,618.497724
-7.458713,50,618.546579
-16.712083,50,618.613283
-6.204488,50,618.675826
-11.785644,50,618.727656
-12.100084,50,618.791294
-5.31598,50,618.855679
-6.738349,50,618.913058
-8.61105,50,618.97602
-9.699634,50,619.040531
-3.604549,50,619.100216
-5.46013,50,619.155576
-18.835572,50,619.211391
-7.953022,50,619.259731
-6.998627,50,619.316427
-7.894481,50,619.379483
-7.662766,50,619.44151
-10.873714,50,619.497471
-3.533407,50,619.561896
-8.860101,50,619.624765
-11.787289,50,619.683422
-5.541953,50,619.74379
-5.609767,50,619.798143
-10.147712,50,619.861912
-20.876442,50,619.91799
-4.702493,50,619.981658
-12.986237,50,620.044445
-8.393663,50,620.108616
-14.753763,50,620.173496
-4.766695,50,620.233916
-16.675194,50,620.297304
-2.852909,50,620.359488
-2.722523,50,620.414775
-4.875947,50,620.936436
-7.159747,50,621.001402
-12.557136,50,621.066054
-14.774458,50,621.124095
-5.465874,50,621.183588
-11.195879,50,621.244261
-9.902513,50,621.305197
-11.317658,50,621.36673
-15.964281,50,621.43055
-10.931479,50,621.487342
-3.941168,50,621.548517
-14.091627,50,621.612331
-12.053746,50,621.673556
-19.042308,50,621.736099
-7.050983,50,621.796885
-13.128392,50,621.859127
-17.744436,50,621.925728
-11.087101,50,621.991644
-5.538578,50,622.050927
-17.796795,50,622.112493
-6.740602,50,622.168937
-6.41022,50,622.235274
-11.981628,50,622.294274
-9.439903,50,622.356171
-3.433034,50,622.408392
-8.923199,50,622.465111
-14.438164,50,622.52258
-4.637552,50,622.580841
-13.006869,50,622.642499
-19.319016,50,622.69921
-20.435821,50,622.763051
-4.443658,50,622.82
-10.787488,50,622.881606
-4.357267,50,622.943244
-10.747687,50,623.004009
-9.986919,50,623.064857
-12.138644,50,623.129999
-6.765063,50,623.184987
-8.428032,50,623.249123
-5.39181,50,623.303837
-8.384914,50,623.368643
-19.07589,50,623.874785
-17.927354,50,623.93403
-9.436594,50,623.999917
-19.306104,50,624.057246
-19.711328,50,624.114978
-15.376101,50,624.172293
-7.492662,50,624.232969
-6.067,50,624.289417
-7.604621,50,624.343672
-12.278167,50,624.397443
-14.732079,50,624.46049
-6.106465,50,624.516139
-12.497736,50,624.577761
-20.153701,50,624.635718
-16.00694,50,624.694726
-14.176734,50,624.754137
-9.057128,50,624.816312
-8.37153,50,624.876129
-8.624669,50,624.94211
-20.237669,50,625.006541
-8.780886,50,625.06484
-12.148873,50,625.120648
-10.626179,50,625.178978
-9.811977,50,625.239508
-8.29164,50,625.294937
-17.499951,50,625.352355
-10.537796,50,625.410938
-19.472167,50,625.466395
-9.164393,50,625.524681
-13.073787,50,625.582244
-8.6786,50,625.64359
-9.7044,50,625.701744
-17.58064,50,625.764405
-10.881473,50,625.825375
-12.624928,50,625.884916
-14.591299,50,625.939534
-14.483453,50,626.003618
-17.62189,50,626.06669
-18.386859,50,626.132404
-5.271166,50,626.196753
-16.329657,50,626.260725
-14.485292,50,626.786745
-7.583091,50,626.848215
-14.246094,50,626.910369
-14.416938,50,626.977191
-13.894813,50,627.036345
-12.338736,50,627.088212
-18.402531,50,627.154799
-11.294199,50,627.216636
-11.395515,50,627.271689
-17.191142,50,627.329494
-5.855042,50,627.39479
-8.675398,50,627.452095
-18.834764,50,627.509552
-19.526616,50,627.568909
-9.464372,50,627.632888
-9.628924,50,627.698722
-14.120323,50,627.764988
-3.160637,50,627.827522
-9.661017,50,627.887162
-7.998092,50,627.936265
-17.341649,50,628.003478
-2.637941,50,628.062881
-7.103932,50,628.123032
-9.072061,50,628.18446
-8.729858,50,628.243741
-10.829475,50,628.308162
-11.869517,50,628.367915
-8.666404,50,628.421627
-11.379203,50,628.48447
-11.167104,50,628.53929
-7.663708,50,628.597555
-14.085233,50,628.655728
-5.794009,50,628.713489
-14.681226,50,628.77674
-16.274719,50,628.837168
-5.38462,50,628.901725
-14.047179,50,628.957927
-8.284681,50,629.01577
-11.799351,50,629.074533
-18.148876,50,629.1379
-10.971093,50,629.206795
-8.404733,50,629.718003
-13.097168,50,629.775179
-9.401181,50,629.838233
-17.88808,50,629.895281
-10.827702,50,629.956066
-7.351275,50,630.008368
-12.187402,50,630.074209
-11.930411,50,630.130184
-17.97201,50,630.188127
-19.61382,50,630.24184
-16.26935,50,630.303683
-14.061603,50,630.362782
-15.196033,50,630.426631
-12.574362,50,630.48228
-13.948651,50,630.548059
-15.735244,50,630.607455
-14.844573,50,630.674422
-7.417318,50,630.733176
-12.336878,50,630.791154
-12.260685,50,630.845745
-12.800703,50,630.906781
-17.204264,50,630.967588
-8.424125,50,631.023076
-12.395872,50,631.070898
-2.060521,50,631.127367
-4.982581,50,631.187144
-5.99416,50,631.24465
-8.861872,50,631.305314
-10.006719,50,631.370506
-16.835836,50,631.427654
-17.69006,50,631.489785
-16.928557,50,631.549492
-17.085243,50,631.60749
-12.250911,50,631.665033
-10.039854,50,631.723439
-13.542219,50,631.784387
-9.24788,50,631.842345
-9.649419,50,631.901089
-16.91566,50,631.958637
-12.862201,50,632.015684
-13.44076,50,632.073854
-7.13278,50,632.592012
-7.6088,50,632.645641
-15.159349,50,632.706655
-15.688721,50,632.771418
-13.323089,50,632.831355
-20.013411,50,632.884705
-10.529621,50,632.942112
-14.968999,50,633.005432
-10.547769,50,633.065132
-18.478535,50,633.119745
-3.309907,50,633.180078
-12.504728,50,633.2402
-6.124057,50,633.29826
-9.886436,50,633.35732
-12.20544,50,633.419676
-12.159936,50,633.47535
-12.733941,50,633.536905
-9.964307,50,633.597631
-8.677157,50,633.653051
-13.98465,50,633.711806
-16.543759,50,633.771934
-7.746268,50,633.827071
-11.685542,50,633.89363
-18.067767,50,633.953378
-3.989656,50,634.013141
-16.850033,50,634.076241
-9.109248,50,634.133539
-17.755231,50,634.197361
-9.59563,50,634.254941
-7.439427,50,634.318535
-7.020342,50,634.374048
-12.453624,50,634.437757
-10.93937,50,634.500335
-16.388672,50,634.557635
-13.665802,50,634.621818
-8.443059,50,634.686234
-10.22472,50,634.737429
-14.43466,50,634.803144
-14.528264,50,634.864244
-15.461925,50,634.924308
-4.286318,50,634.981938
-14.872989,50,635.508549
-14.109388,50,635.565734
-12.974938,50,635.621674
-6.497228,50,635.682328
-13.973217,50,635.73823
-10.492635,50,635.79494
-4.006015,50,635.850916
-9.200481,50,635.909194
-9.643386,50,635.960999
-7.308811,50,636.016303
-20.035243,50,636.073141
-10.570209,50,636.127178
-7.686226,50,636.189664
-5.609065,50,636.249482
-12.863203,50,636.306868
-9.444147,50,636.368071
-16.868845,50,636.430832
-10.015319,50,636.493321
-6.143995,50,636.557588
-10.131952,50,636.615603
-10.407122,50,636.681084
-13.575405,50,636.744343
-7.604825,50,636.807789
-6.723133,50,636.861019
-9.24319,50,636.923613
-4.942746,50,636.979841
-12.650274,50,637.038118
-10.994959,50,637.094462
-15.200958,50,637.149979
-9.355532,50,637.207998
-10.883231,50,637.278633
-12.029127,50,637.333591
-7.119214,50,637.390449
-14.066542,50,637.449588
-8.343804,50,637.510246
-14.058295,50,637.577074
-4.838039,50,637.625684
-12.950546,50,637.682553
-16.608419,50,637.742616
-4.162049,50,637.806654
-3.91967,50,637.867919
-10.791097,50,638.370373
-11.420454,50,638.426559
-10.16274,50,638.485345
-8.04394,50,638.545058
-9.296401,50,638.606118
-5.756778,50,638.667286
-7.221493,50,638.725712
-11.51514,50,638.788141
-8.292167,50,638.849189
-3.214437,50,638.904058
-6.915145,50,638.95697
-16.230779,50,639.01993
-9.50734,50,639.083717
-16.294792,50,639.135834
-10.997135,50,639.190267
-12.054511,50,639.253034
-17.805106,50,639.317683
-11.464703,50,639.376326
-6.170542,50,639.434622
-13.53616,50,639.491569
-7.021307,50,639.561419
-6.780912,50,639.619823
-3.796596,50,639.679008
-6.512798,50,639.738285
-7.240572,50,639.79872
-17.97806,50,639.858649
-6.444436,50,639.923969
-7.874065,50,639.986259
-9.043668,50,640.034511
-11.098288,50,640.091762
-4.91745,50,640.154392
-5.194574,50,640.21092
-11.838252,50,640.270663
-14.558632,50,640.332423
-14.092442,50,640.398009
-8.55723,50,640.450718
-10.877585,50,640.502574
-13.793077,50,640.567662
-13.296418,50,640.628923
-15.665561,50,640.688489
-5.802682,50,640.752209
-13.263123,50,641.251137
-4.217639,50,641.308634
-12.31551,50,641.36708
-14.928937,50,641.42469
-17.996398,50,641.485118
-17.492177,50,641.542723
-11.708764,50,641.593323
-16.072602,50,641.655235
-9.12354,50,641.717048
-17.180116,50,641.774558
-13.939985,50,641.832894
-16.696006,50,641.892856
-15.420023,50,641.949462
-17.054754,50,642.007665
-16.407236,50,642.068402
-5.325591,50,642.132096
-8.579947,50,642.191257
-5.038133,50,642.250402
-13.892671,50,642.314663
-12.348505,50,642.376322
-18.117956,50,642.436309
-17.921303,50,642.495068
-13.903132,50,642.55125
-17.034533,50,642.616652
-15.211223,50,642.675708
-7.104593,50,642.735135
-11.082361,50,642.794971
-17.389381,50,642.851351
-7.371147,50,642.908899
-8.22087,50,642.973235
-10.216906,50,643.031953
-19.105275,50,643.095644
-12.404314,50,643.157436
-5.572674,50,643.217597
-3.381201,50,643.281621
-4.188867,50,643.347475
-10.286259,50,643.407764
-17.720257,50,643.466243
-7.939451,50,643.521753
-15.071088,50,643.576099
-13.604333,50,643.638094
-11.157326,50,644.149777
-17.493811,50,644.202242
-13.813345,50,644.261876
-15.734303,50,644.319206
-11.532799,50,644.379545
-16.004469,50,644.438684
-7.675085,50,644.499758
-14.944603,50,644.566368
-2.671012,50,644.631163
-15.287115,50,644.692628
-15.280954,50,644.75371
-15.331821,50,644.818817
-18.293204,50,644.882668
-15.719007,50,644.937177
-20.029646,50,644.999592
-18.727335,50,645.0604
-12.144184,50,645.121392
-15.918791,50,645.179801
-4.959676,50,645.24408
-10.847894,50,645.301964
-20.050056,50,645.360628
-12.585785,50,645.420734
-16.346586,50,645.48178
-5.800087,50,645.54416
-13.047746,50,645.602525
-6.470845,50,645.666731
-12.467813,50,645.732582
-9.70726,50,645.789906
-15.89314,50,645.848799
-17.688483,50,645.910784
-8.560236,50,645.972395
-16.93283,50,646.030489
-18.492686,50,646.091684
-15.448081,50,646.152802
-12.83941,50,646.22178
-16.055839,50,646.280664
-12.605509,50,646.344502
-5.609626,50,646.409616
-7.040409,50,646.460191
-11.104849,50,646.525095
-10.87459,50,646.586422
-12.83951,50,647.12096
-13.577702,50,647.179248
-9.041699,50,647.238863
-17.441823,50,647.297275
-15.556399,50,647.355587
-12.143409,50,647.41283
-2.982465,50,647.470125
-18.808663,50,647.532529
-10.185601,50,647.596771
-19.709298,50,647.663444
-4.254062,50,647.728294
-19.151054,50,647.784876
-12.096469,50,647.843837
-16.980991,50,647.892697
-9.123863,50,647.94842
-10.392022,50,648.012074
-11.74256,50,648.071074
-11.728355,50,648.133315
-14.476638,50,648.19662
-7.75654,50,648.250642
-12.462983,50,648.311123
-17.598668,50,648.370558
-17.697172,50,648.432045
-12.847118,50,648.494916
-10.709988,50,648.542056
-7.514874,50,648.606061
-11.260913,50,648.670965
-6.136446,50,648.738464
-10.223608,50,648.801472
-9.687971,50,648.853242
-13.259407,50,648.906548
-7.938361,50,648.964934
-11.021415,50,649.025169
-8.140873,50,649.081543
-15.788632,50,649.135274
-10.992363,50,649.192763
-2.807882,50,649.254507
-18.802557,50,649.318664
-6.926892,50,649.383767
-14.381434,50,649.448865
-10.038644,50,649.510514
-8.885582,50,650.018257
-5.493372,50,650.076755
-17.32189,50,650.136988
-16.704708,50,650.191206
-7.553566,50,650.24999
-9.324392,50,650.302425
-9.427571,50,650.361807
-10.251873,50,650.419279
-5.690481,50,650.481769
-8.835366,50,650.53993
-15.392386,50,650.597727
-10.830285,50,650.659114
-16.843004,50,650.725302
-8.099697,50,650.792496
-6.264126,50,650.856167
-18.400579,50,650.922663
-14.178696,50,650.98082
-6.248737,50,651.037715
-6.661431,50,651.093432
-13.695434,50,651.144447
-2.602887,50,651.206591
-3.106906,50,651.268715
-11.862977,50,651.322478
-13.571246,50,651.383604
-7.993148,50,651.442309
-12.81807,50,651.497169
-15.419609,50,651.556657
-12.10211,50,651.615775
-2.038263,50,651.679977
-10.362519,50,651.742037
-9.856639,50,651.804669
-13.612562,50,651.870681
-15.724375,50,651.932864
-9.774652,50,651.992002
-5.836767,50,652.055095
-15.61333,50,652.11238
-14.594225,50,652.175354
-3.074037,50,652.234673
-3.784206,50,652.300534
-7.306211,50,652.365152
-12.587606,50,652.422409
-18.507103,50,652.94789
-10.061777,50,653.013571
-11.311324,50,653.069754
-20.037141,50,653.122188
-11.416096,50,653.170917
-11.671652,50,653.235045
-19.891931,50,653.296721
-9.532904,50,653.352287
-12.183918,50,653.411348
-6.642574,50,653.469796
-15.385806,50,653.526235
-9.47039,50,653.584447
-12.347388,50,653.643407
-3.279438,50,653.700556
-7.059609,50,653.756703
-15.429309,50,653.815266
-5.149988,50,653.879441
-15.865239,50,653.933779
-6.284165,50,653.988992
-7.152359,50,654.04669
-6.003388,50,654.103394
-9.481879,50,654.163541
-9.229996,50,654.224043
-12.401858,50,654.279003
-6.945343,50,654.334131
-8.740972,50,654.390834
-7.892638,50,654.450481
-8.638652,50,654.504211
-13.178683,50,654.562866
-19.003076,50,654.624817
-16.32287,50,654.676048
-15.88203,50,654.723512
-16.524617,50,654.785107
-9.942021,50,654.83878
-2.569926,50,654.896155
-11.445697,50,654.936062
-13.031871,50,655.001873
-10.049763,50,655.047885
-12.91976,50,655.112835
-14.396073,50,655.170598
-6.918401,50,655.228966
-14.023219,50,655.74336
-7.683563,50,655.804752
-12.034718,50,655.873556
-13.591,50,655.937201
-17.289545,50,655.99389
-11.031755,50,656.050887
-9.012144,50,656.110402
-11.571558,50,656.165011
-16.436769,50,656.220467
-6.355216,50,656.275548
-16.040668,50,656.329081
-18.419145,50,656.385
-2.332477,50,656.444732
-11.419406,50,656.511858
-19.441219,50,656.571118
-15.444772,50,656.628391
-10.947747,50,656.683825
-15.034969,50,656.745642
-9.239228,50,656.812754
-5.080791,50,656.872646
-14.990702,50,656.934025
-6.285859,50,656.994666
-7.839233,50,657.053906
-7.340866,50,657.1107
-1.865956,50,657.170319
-17.081814,50,657.22558
-17.86452,50,657.28604
-7.325987,50,657.349645
-20.031749,50,657.408463
-1.611018,50,657.465922
-16.489216,50,657.522331
-19.564661,50,657.582361
-6.126857,50,657.645301
-12.523447,50,657.704164
-6.812708,50,657.761533
-3.496365,50,657.820846
-4.325449,50,657.875923
-10.562942,50,657.933789
-10.110683,50,657.9932
-13.693732,50,658.041872
-15.681118,50,658.082541
-16.619638,50,658.586926
-13.162289,50,658.649039
-4.01101,50,658.710709
-18.858502,50,658.77652
-12.444331,50,658.83789
-15.544151,50,658.89476
-12.193863,50,658.950455
-3.416409,50,659.002598
-7.432348,50,659.058801
-3.506155,50,659.119691
-6.501215,50,659.18077
-15.97982,50,659.244963
-10.507532,50,659.303407
-8.610605,50,659.362906
-18.155356,50,659.41516
-12.942306,50,659.473533
-19.471554,50,659.526572
-12.357255,50,659.58747
-5.28404,50,659.643038
-9.364386,50,659.694419
-13.561113,50,659.751189
-11.111103,50,659.805307
-8.725658,50,659.862132
-9.061904,50,659.921506
-13.765496,50,659.982611
-9.591062,50,660.040208
-14.297236,50,660.092137
-9.292708,50,660.129268
-7.455284,50,660.180542
-3.062438,50,660.22541
-16.539071,50,660.283125
-11.036974,50,660.32886
-10.013401,50,660.37031
-14.700107,50,660.422943
-8.311513,50,660.472457
-12.448477,50,660.519911
-17.668785,50,660.573393
-10.568816,50,660.628457
-15.106688,50,660.688642
-13.869798,50,660.752787
-11.995024,50,660.806734
-6.386718,50,661.323221
-11.114936,50,661.380622
-7.42092,50,661.441963
-15.721868,50,661.5035
-9.578618,50,661.564605
-6.40245,50,661.617254
-11.964009,50,661.673795
-9.208672,50,661.733013
-20.021484,50,661.788234
-9.620871,50,661.845892
-15.73333,50,661.904187
-10.028668,50,661.963215
-13.068564,50,662.027852
-11.764829,50,662.089457
-7.032369,50,662.141558
-9.401655,50,662.198795
-3.379807,50,662.261794
-3.39262,50,662.313689
-11.159957,50,662.373343
-19.059854,50,662.438563
-14.844825,50,662.489914
-14.585434,50,662.548623
-3.906101,50,662.60833
-9.735569,50,662.66304
-7.780631,50,662.725907
-12.803159,50,662.780401
-7.734959,50,662.83387
-12.877299,50,662.89073
-11.506303,50,662.946009
-17.493,50,662.999954
-9.572582,50,663.058892
-13.658358,50,663.117979
-8.736945,50,663.176965
-11.896135,50,663.237816
-17.487315,50,663.299064
-10.913201,50,663.350453
-8.371937,50,663.40893
-6.893569,50,663.461843
-7.335805,50,663.515462
-9.926152,50,663.562856
-8.147422,50,663.628766
-9.052054,50,664.142089
-12.501895,50,664.200526
-9.4034,50,664.255408
-16.128445,50,664.319254
-11.638959,50,664.379525
-14.533008,50,664.434336
-17.450746,50,664.502276
-8.795363,50,664.566655
-5.78398,50,664.624601
-10.787204,50,664.691219
-17.384908,50,664.750463
-14.595892,50,664.817413
-12.675442,50,664.880384
-14.880726,50,664.937775
-4.714265,50,665.003211
-6.907253,50,665.069736
-8.754859,50,665.136155
-15.696168,50,665.19216
-15.206199,50,665.250981
-7.194344,50,665.314587
-11.159086,50,665.372833
-6.619826,50,665.434716
-6.358489,50,665.498656
-11.100822,50,665.556324
-7.031561,50,665.609749
-16.414403,50,665.672819
-8.911792,50,665.733363
-15.342344,50,665.794416
-9.853772,50,665.858217
-17.71124,50,665.924054
-16.749682,50,665.988461
-14.491591,50,666.050651
-11.607478,50,666.117121
-8.834052,50,666.185563
-15.115722,50,666.244219
-13.623802,50,666.303818
-18.61687,50,666.368569
-12.146625,50,666.424255
-11.137777,50,666.48985
-10.944502,50,666.555203
-13.017718,50,666.617125
-16.425053,50,667.133742
-12.330577,50,667.192072
-17.491996,50,667.252154
-8.906989,50,667.31655
-17.223122,50,667.379857
-4.228885,50,667.435462
-13.566234,50,667.491734
-15.193284,50,667.543634
-14.774575,50,667.602145
-8.418675,50,667.660554
-18.401808,50,667.713925
-2.884427,50,667.770936
-7.036043,50,667.82876
-1.851638,50,667.887114
-17.915318,50,667.943257
-11.553257,50,667.997319
-18.451799,50,668.059042
-6.668037,50,668.117749
-6.615651,50,668.17174
-5.573865,50,668.230702
-15.08424,50,668.293135
-9.832192,50,668.345537
-6.921776,50,668.400535
-9.549512,50,668.457136
-9.743863,50,668.517979
-4.295843,50,668.562753
-17.449976,50,668.620821
-3.761714,50,668.676919
-6.387116,50,668.733299
-10.983311,50,668.792089
-3.287531,50,668.852749
-6.93863,50,668.908257
-9.473242,50,668.961669
-15.730665,50,669.020858
-6.594577,50,669.078785
-9.885665,50,669.133331
-11.608551,50,669.194415
-5.616208,50,669.237986
-7.236523,50,669.273249
-1.909454,50,669.313052
-5.304739,50,669.365394
-9.955488,50,669.876688
-14.244101,50,669.942896
-13.806554,50,670.003982
-17.713018,50,670.075289
-9.165546,50,670.134067
-18.486863,50,670.1945
-14.04474,50,670.254796
-11.320235,50,670.319457
-19.230666,50,670.379687
-7.435565,50,670.444734
-5.145301,50,670.505792
-8.308461,50,670.560985
-10.198025,50,670.622598
-5.749761,50,670.68997
-7.809853,50,670.755999
-6.802972,50,670.840405
-13.068161,50,670.900962
-13.564525,50,670.962438
-4.549595,50,671.024423
-8.243724,50,671.088334
-14.042061,50,671.146848
-19.282302,50,671.209661
-17.410566,50,671.270685
-16.392255,50,671.32705
-13.655078,50,671.387198
-7.792529,50,671.447796
-9.3108,50,671.50718
-15.042756,50,671.567864
-16.32322,50,671.630054
-9.653843,50,671.69739
-3.279098,50,671.762333
-17.883161,50,671.82611
-11.0696,50,671.888853
-4.417722,50,671.955328
-9.766077,50,672.008457
-4.501068,50,672.065709
-8.662756,50,672.131695
-8.279086,50,672.192505
-16.101371,50,672.242433
-9.187042,50,672.281205
-14.176983,50,672.744691
-4.134053,50,672.795176
-13.538368,50,672.852007
-7.139021,50,672.985052
-9.95563,50,673.042542
-10.17415,50,673.09267
-7.88835,50,673.141063
-10.799518,50,673.185895
-12.871497,50,673.226739
-7.240289,50,673.284479
-10.294618,50,673.337963
-14.58361,50,673.381269
-12.488889,50,673.424303
-13.02184,50,673.469488
-11.097468,50,673.525663
-5.461809,50,673.573026
-4.386922,50,673.606762
-4.140867,50,673.640735
-6.748286,50,673.682276
-14.481646,50,673.724403
-15.697676,50,673.76105
-12.243025,50,673.796627
-13.485834,50,673.836473
-5.825008,50,673.890051
-4.020046,50,673.94453
-4.954031,50,673.994937
-14.313403,50,674.034676
-7.28937,50,674.077397
-4.988046,50,674.119682
-5.419199,50,674.167698
-6.496431,50,674.207129
-9.722346,50,674.256043
-2.278136,50,674.306947
-6.393903,50,674.356161
-11.517765,50,674.390731
-13.57733,50,674.428273
-15.901074,50,674.461981
-9.963171,50,674.501342
-4.957512,50,674.538659
-6.425544,50,674.57239
-18.211545,50,674.603765
-17.356314,50,675.04695
-16.686255,50,675.094229
-18.4315,50,675.133383
-10.537228,50,675.166924
-9.693738,50,675.200051
-15.190866,50,675.237757
-17.149276,50,675.271508
-6.030478,50,675.304878
-7.284837,50,675.338184
-10.522891,50,675.388566
-12.30504,50,675.440561
-4.706554,50,675.473621
-15.323169,50,675.505542
-11.048451,50,675.537898
-8.541307,50,675.570713
-5.190605,50,675.609329
-8.651509,50,675.646572
-3.30735,50,675.697314
-4.023993,50,675.74835
-10.866876,50,675.78099
-5.855902,50,675.813719
-7.42122,50,675.850714
-7.091966,50,675.883769
-7.205627,50,675.915778
-5.612473,50,675.947981
-15.716507,50,675.980792
-8.797026,50,676.016598
-11.50864,50,676.054398
-11.287395,50,676.104542
-4.433225,50,676.140932
-9.999231,50,676.188499
-13.509898,50,676.221558
-9.517703,50,676.256164
-13.654884,50,676.294516
-8.391057,50,676.382835
-10.939914,50,676.443465
-8.155738,50,676.486583
-8.588932,50,676.537286
-7.664521,50,676.57601
-14.676464,50,676.620036
-7.353431,50,676.660157
-12.473254,50,677.124335
-16.219674,50,677.156964
-10.008862,50,677.188223
-7.518026,50,677.219174
-7.28786,50,677.25229
-7.5535,50,677.284129
-7.686237,50,677.315929
-14.582634,50,677.365656
-11.683803,50,677.407019
-7.172252,50,677.442358
-13.157595,50,677.487396
-6.9401,50,677.528498
-13.868797,50,677.57142
-8.895076,50,677.619082
-10.107163,50,677.651928
-14.66862,50,677.694069
-13.013605,50,677.740693
-9.167147,50,677.775876
-10.703682,50,677.808199
-5.300019,50,677.840875
-15.239659,50,677.874156
-18.64667,50,677.909053
-8.778274,50,677.946338
-15.061728,50,677.978247
-13.700234,50,678.014614
-4.796599,50,678.046931
-11.026471,50,678.080069
-8.03994,50,678.112306
-8.98874,50,678.154981
-7.657495,50,678.20065
-19.213642,50,678.238645
-9.404163,50,678.277481
-14.187453,50,678.314453
-11.424483,50,678.359715
-7.338981,50,678.413858
-7.2186,50,678.454583
-2.475769,50,678.5052
-11.715865,50,678.554966
-7.835717,50,678.606031
-8.734175,50,678.647189
-9.735932,50,678.698026
-10.639416,50,679.395992
-11.335876,50,679.47907
-10.187614,50,679.558953
-13.642384,50,679.630433
-13.249555,50,679.703016
-10.813862,50,679.774782
-12.764318,50,679.847779
-10.194358,50,679.915927
-9.933697,50,679.985463
-6.023743,50,680.051193
-9.609143,50,680.118903
-17.536296,50,680.187977
-12.688104,50,680.261705
-11.030347,50,680.333993
-11.970272,50,680.406868
-7.217372,50,680.477691
-8.051377,50,680.549066
-4.303107,50,680.618414
-4.579529,50,680.686504
-6.200483,50,680.753359
-11.355665,50,680.826518
-7.729221,50,680.901159
-13.518981,50,680.972231
-8.604644,50,681.041188
-7.029291,50,681.110343
-7.293688,50,681.178368
-5.683248,50,681.247759
-7.854299,50,681.317449
-12.914778,50,681.386787
-2.711949,50,681.455528
-12.428736,50,681.529241
-11.893307,50,681.599708
-8.252958,50,681.672545
-15.045059,50,681.745527
-15.341502,50,681.816092
-2.542343,50,681.885834
-4.563024,50,681.957996
-10.929857,50,682.028024
-16.441773,50,682.097046
-16.204731,50,682.166565
-7.051298,50,682.23405
-15.778213,50,683.191459
-4.493874,50,683.264241
-14.861303,50,683.311166
-11.747487,50,683.349028
-14.687815,50,683.381361
-8.49362,50,683.414727
-8.771209,50,683.448994
-18.601907,50,683.481915
-9.767188,50,683.535484
-10.137489,50,683.609861
-10.524106,50,683.68168
-7.816996,50,683.750581
-11.635879,50,683.82053
-8.518532,50,683.891729
-13.979306,50,683.959747
-14.734062,50,684.030288
-7.855482,50,684.100792
-16.174552,50,684.169269
-11.265209,50,684.243649
-7.617925,50,684.318167
-9.143254,50,684.388099
-14.608303,50,684.454881
-18.430965,50,684.523826
-5.234267,50,684.593253
-18.825837,50,684.663984
-10.279634,50,684.7357
-8.191636,50,684.807411
-9.596633,50,684.881461
-6.574113,50,684.952428
-11.187318,50,685.023187
-8.826456,50,685.092604
-18.397743,50,685.161891
-5.253841,50,685.23077
-9.823104,50,685.30135
-16.169899,50,685.370409
-14.702747,50,685.439589
-16.072351,50,685.513185
-16.104883,50,685.582672
-10.666574,50,685.653281
-12.257989,50,685.724519
-5.731272,50,685.794744
-5.802919,50,686.731498
-10.163878,50,686.806045
-8.917596,50,686.88307
-16.29341,50,686.950597
-7.828303,50,687.018031
-16.802189,50,687.086097
-8.618703,50,687.159028
-15.92624,50,687.228775
-12.353412,50,687.298879
-5.877252,50,687.369445
-7.895443,50,687.441681
-13.368435,50,687.511957
-9.254713,50,687.580693
-5.307535,50,687.651719
-8.988581,50,687.71717
-10.028879,50,687.785507
-13.294232,50,687.854657
-7.656672,50,687.926918
-11.476758,50,687.996976
-7.103534,50,688.069254
-7.81289,50,688.128752
-7.383541,50,688.165562
-14.225831,50,688.201988
-6.501346,50,688.23828
-9.17693,50,688.273412
-7.119951,50,688.309075
-13.753258,50,688.343076
-14.274722,50,688.376042
-7.253987,50,688.409372
-8.592977,50,688.442714
-15.168734,50,688.476532
-11.657626,50,688.511715
-14.576379,50,688.548559
-10.751216,50,688.584022
-14.354789,50,688.620613
-15.210912,50,688.654325
-12.490738,50,688.68912
-5.593911,50,688.722634
-16.64218,50,688.763216
-5.861198,50,688.804947
-4.997219,50,688.84449
-15.525323,50,689.336549
-10.011874,50,689.378143
-11.206507,50,689.425912
-14.670905,50,689.471198
-3.709613,50,689.521396
-11.58919,50,689.563989
-9.537418,50,689.596775
-5.070296,50,689.641665
-13.909756,50,689.676858
-11.822265,50,689.714566
-11.347394,50,689.761321
-13.672807,50,689.8193
-9.349776,50,689.879621
-12.745643,50,689.939826
-10.199945,50,689.998476
-6.099786,50,690.058933
-6.996797,50,690.12164
-16.082058,50,690.179859
-8.108426,50,690.238952
-13.875121,50,690.297639
-13.085824,50,690.356376
-12.517897,50,690.41063
-13.526903,50,690.467973
-9.047493,50,690.517817
-11.254656,50,690.579096
-16.829968,50,690.63743
-6.834088,50,690.688899
-7.867793,50,690.74181
-6.864341,50,690.804187
-14.14168,50,690.843304
-1.530296,50,690.900911
-16.157519,50,690.956892
-10.878347,50,691.015954
-8.488035,50,691.074135
-13.559098,50,691.133816
-9.980952,50,691.1926
-6.689329,50,691.245963
-10.717131,50,691.3082
-18.334166,50,691.372488
-17.648068,50,691.437619
-13.532611,50,691.493808
-9.466818,50,691.970028
-7.70624,50,692.03071
-5.208972,50,692.085099
-15.878138,50,692.143158
-8.635028,50,692.198732
-6.039893,50,692.253963
-7.512738,50,692.308554
-11.869705,50,692.374532
-11.794496,50,692.426932
-8.3072,50,692.483778
-5.568326,50,692.542599
-7.969099,50,692.59341
-13.773841,50,692.647697
-5.056388,50,692.709968
-11.96983,50,692.763817
-10.718219,50,692.822349
-4.709149,50,692.879001
-14.493331,50,692.934586
-4.667185,50,692.978796
-12.883882,50,693.03633
-3.616294,50,693.090583
-11.559693,50,693.139552
-11.980276,50,693.204883
-13.94972,50,693.267104
-12.186769,50,693.321539
-6.381542,50,693.378281
-14.043971,50,693.441381
-12.939628,50,693.489985
-10.858799,50,693.541283
-6.342817,50,693.59765
-1.804248,50,693.648606
-12.15775,50,693.709174
-8.699272,50,693.757041
-8.421688,50,693.814946
-2.284582,50,693.875005
-8.283311,50,693.920117
-8.526493,50,693.966924
-8.810904,50,694.023719
-13.806209,50,694.078374
-6.291203,50,694.137035
-8.998466,50,694.19442
-6.371852,50,694.674066
-9.869906,50,694.728631
-12.343734,50,694.78668
-12.10691,50,694.841806
-6.24556,50,694.897788
-12.498617,50,694.951072
-17.018908,50,695.011446
-6.448905,50,695.077368
-6.826263,50,695.132291
-2.554029,50,695.187291
-10.568331,50,695.238372
-7.35197,50,695.299156
-15.593499,50,695.361562
-12.572124,50,695.418252
-14.759395,50,695.472957
-8.365287,50,695.524339
-11.287328,50,695.575269
-15.395683,50,695.627883
-7.644065,50,695.682703
-7.896508,50,695.741713
-8.859837,50,695.79618
-7.860936,50,695.847178
-15.408087,50,695.901716
-3.854337,50,695.955637
-16.64323,50,696.011017
-12.812553,50,696.071209
-7.202946,50,696.121641
-16.871076,50,696.174726
-4.376566,50,696.234555
-17.63294,50,696.287024
-7.147407,50,696.347547
-9.457712,50,696.415141
-8.769064,50,696.478122
-8.921285,50,696.528191
-8.520764,50,696.586166
-11.236894,50,696.632863
-12.994439,50,696.688869
-3.441824,50,696.748842
-6.865775,50,696.806903
-5.819892,50,696.865703
-13.965816,50,696.918259
-17.747791,50,697.381707
-7.678173,50,697.433404
-16.639574,50,697.48366
-15.88711,50,697.547523
-9.670735,50,697.61211
-16.25928,50,697.674814
-6.092127,50,697.726124
-12.047838,50,697.789999
-8.246582,50,697.841532
-9.699929,50,697.893792
-5.873547,50,697.951628
-14.447962,50,698.004698
-9.111013,50,698.056769
-12.426204,50,698.112741
-10.710241,50,698.174424
-9.103091,50,698.231266
-10.121494,50,698.285228
-10.181056,50,698.339836
-11.940552,50,698.393491
-12.362881,50,698.45304
-9.191583,50,698.509852
-7.645449,50,698.565024
-7.213865,50,698.623259
-9.086724,50,698.684865
-7.120092,50,698.743796
-16.031797,50,698.795832
-8.693787,50,698.852594
-13.399343,50,698.904664
-7.883864,50,698.961827
-17.044234,50,699.012927
-8.349131,50,699.069832
-6.317174,50,699.122135
-7.243678,50,699.181891
-9.642989,50,699.241812
-6.492697,50,699.30336
-10.397929,50,699.350543
-10.874991,50,699.401128
-8.27667,50,699.451435
-6.396112,50,699.517866
-5.068851,50,699.582176
-6.624264,50,699.638915
-11.201247,50,700.104672
-9.400408,50,700.167931
-6.332825,50,700.223243
-4.046771,50,700.272649
-3.835455,50,700.328335
-14.837869,50,700.385659
-9.575389,50,700.43752
-15.116598,50,700.497747
-10.838544,50,700.561117
-9.727156,50,700.609463
-6.278738,50,700.661511
-11.434514,50,700.715959
-8.013487,50,700.768849
-6.527528,50,700.822338
-7.179185,50,700.875145
-6.883455,50,700.928956
-7.561457,50,700.983912
-14.634087,50,701.034256
-8.393434,50,701.086671
-5.855956,50,701.141212
-17.22062,50,701.192216
-9.502038,50,701.237982
-9.967321,50,701.293839
-6.911961,50,701.34854
-13.615008,50,701.404848
-11.347127,50,701.456784
-6.089441,50,701.512112
-9.74266,50,701.559423
-4.569842,50,701.618962
-5.119873,50,701.676922
-5.718352,50,701.731353
-15.082506,50,701.792835
-16.3984,50,701.856529
-4.637203,50,701.915868
-16.742681,50,701.9746
-14.794043,50,702.031303
-10.069114,50,702.090543
-8.830961,50,702.156149
-9.227626,50,702.21416
-9.073821,50,702.27223
-5.886049,50,702.326908
-9.726576,50,702.802287
-6.693274,50,702.856081
-18.266624,50,702.906941
-13.655976,50,702.967665
-13.817288,50,703.020451
-11.532979,50,703.074008
-8.438239,50,703.132978
-7.124079,50,703.188836
-7.738216,50,703.24547
-10.321389,50,703.299953
-9.481954,50,703.354496
-13.207046,50,703.4032
-12.6177,50,703.460805
-6.219923,50,703.513854
-11.935084,50,703.568378
-9.527535,50,703.620725
-16.025657,50,703.674479
-7.863616,50,703.727441
-9.566228,50,703.784091
-16.904907,50,703.842816
-9.547283,50,703.903602
-11.012136,50,703.953065
-17.990803,50,704.016836
-10.635893,50,704.070556
-5.38322,50,704.123761
-7.823091,50,704.181065
-13.602311,50,704.23706
-13.164056,50,704.294508
-5.377595,50,704.34914
-8.056152,50,704.4003
-12.720243,50,704.455323
-5.792485,50,704.508674
-12.752001,50,704.563568
-11.025663,50,704.620195
-5.554484,50,704.676866
-3.058864,50,704.734327
-16.269255,50,704.782856
-9.031494,50,704.838328
-5.36899,50,704.883023
-7.291395,50,704.942801
-11.083073,50,704.991332
-10.003109,50,705.457871
-8.852038,50,705.511522
-9.528696,50,705.569083
-2.569348,50,705.626971
-15.682633,50,705.680501
-18.308172,50,705.741786
-16.357897,50,705.799614
-3.992739,50,705.860234
-10.72343,50,705.913468
-8.889065,50,705.970756
-6.537009,50,706.02411
-7.963594,50,706.08562
-10.854911,50,706.127513
-7.835308,50,706.186466
-6.236815,50,706.240133
-13.322871,50,706.298845
-7.708883,50,706.357421
-15.617195,50,706.416137
-8.540045,50,706.470178
-10.156748,50,706.515652
-12.505207,50,706.570019
-6.451181,50,706.629504
-12.825969,50,706.683131
-8.537847,50,706.735395
-6.938444,50,706.789735
-10.465698,50,706.843226
-10.184474,50,706.898686
-2.648556,50,706.954933
-4.873983,50,707.012002
-7.05091,50,707.064522
-13.051378,50,707.120403
-12.117708,50,707.177613
-15.290381,50,707.234122
-17.398106,50,707.289777
-12.027575,50,707.348167
-7.158265,50,707.404519
-9.678233,50,707.467037
-14.438978,50,707.516756
-6.582658,50,707.57829
-15.231613,50,707.629669
-7.157316,50,707.68557
-8.379093,50,708.160455
-11.782759,50,708.220504
-12.667558,50,708.288425
-8.253212,50,708.347208
-7.855361,50,708.402159
-7.600984,50,708.456168
-7.42952,50,708.511033
-3.567879,50,708.569267
-7.941622,50,708.624907
-8.706355,50,708.678723
-6.463812,50,708.728694
-7.833465,50,708.782918
-10.866395,50,708.833013
-8.562002,50,708.89017
-10.936764,50,708.941655
-5.525074,50,708.997633
-18.987035,50,709.050772
-8.603495,50,709.108061
-10.413649,50,709.151206
-10.107057,50,709.204119
-12.487131,50,709.261876
-11.174521,50,709.319346
-18.868516,50,709.376479
-3.288045,50,709.429818
-10.830729,50,709.472217
-13.056983,50,709.52405
-7.873844,50,709.577135
-18.604928,50,709.630567
-13.731496,50,709.685606
-16.638703,50,709.751746
-4.406276,50,709.805307
-7.274749,50,709.86672
-12.988412,50,709.925736
-7.487476,50,709.982742
-5.157309,50,710.034447
-19.438891,50,710.091296
-18.020332,50,710.140606
-11.152886,50,710.191227
-9.413942,50,710.2454
-9.825439,50,710.300101
-8.446008,50,710.35273
-15.869361,50,710.836327
-9.364577,50,710.895719
-9.138956,50,710.960258
-4.483841,50,711.013425
-16.025407,50,711.073932
-12.785447,50,711.129896
-6.800581,50,711.185313
-9.775589,50,711.240167
-5.303071,50,711.2869
-1.910739,50,711.339364
-9.30881,50,711.398384
-4.860285,50,711.45308
-11.242472,50,711.505123
-9.159724,50,711.557281
-17.540655,50,711.613228
-11.351387,50,711.670917
-13.495062,50,711.72188
-6.206579,50,711.775071
-13.728384,50,711.827032
-18.461509,50,711.887445
-10.171482,50,711.940547
-7.351435,50,712.00176
-9.700198,50,712.055349
-10.327405,50,712.113082
-13.134504,50,712.167799
-7.285181,50,712.223844
-5.96401,50,712.288093
-7.537515,50,712.338666
-15.349774,50,712.405508
-3.761218,50,712.45626
-8.02553,50,712.517417
-3.978865,50,712.570902
-9.117903,50,712.625438
-14.52407,50,712.678413
-8.183826,50,712.733954
-9.155702,50,712.787851
-4.552538,50,712.84253
-6.167304,50,712.895211
-9.271672,50,712.947321
-1.846375,50,713.000524
-7.537939,50,713.05044
-12.860182,50,713.524823
-10.234221,50,713.581256
-7.528911,50,713.639037
-9.335128,50,713.698396
-13.709625,50,713.751601
-5.140059,50,713.796299
-13.879283,50,713.858039
-2.923409,50,713.908015
-1.652154,50,713.964611
-2.787502,50,714.020839
-5.05715,50,714.065556
-11.269822,50,714.123839
-11.967035,50,714.180201
-9.247308,50,714.228892
-3.483061,50,714.285198
-3.254789,50,714.340201
-13.749714,50,714.398338
-9.813352,50,714.452589
-13.119359,50,714.509656
-5.885823,50,714.562538
-9.896216,50,714.617028
-16.7963,50,714.673132
-15.824535,50,714.728985
-6.306213,50,714.78366
-3.560289,50,714.840636
-7.482921,50,714.893775
-11.709411,50,714.941687
-5.754095,50,714.996673
-9.348976,50,715.04579
-13.820821,50,715.10786
-10.272194,50,715.162871
-6.718361,50,715.22046
-7.201726,50,715.273408
-9.245559,50,715.326255
-10.165964,50,715.384161
-9.828581,50,715.447094
-4.311395,50,715.501624
-10.22212,50,715.556363
-13.250056,50,715.60793
-17.313568,50,715.663118
-15.560801,50,715.707261
-9.748595,50,716.173535
-10.53577,50,716.228053
-8.136867,50,716.291311
-7.807741,50,716.34459
-6.499747,50,716.398128
-8.621304,50,716.453712
-9.162736,50,716.514279
-16.871603,50,716.565996
-6.66797,50,716.622312
-11.478357,50,716.680467
-15.014721,50,716.734834
-15.570348,50,716.788845
-2.181556,50,716.832649
-15.892696,50,716.884763
-8.964514,50,716.940396
-7.401866,50,716.991761
-15.390071,50,717.048829
-10.933982,50,717.097143
-3.313941,50,717.148651
-16.172443,50,717.202852
-8.400212,50,717.255526
-12.539014,50,717.314649
-15.704555,50,717.369406
-11.328049,50,717.423296
-13.1705,50,717.477513
-6.361729,50,717.534127
-10.288759,50,717.591234
-4.853877,50,717.646262
-10.465922,50,717.702268
-10.368135,50,717.758071
-3.167155,50,717.812333
-13.648177,50,717.866661
-4.38457,50,717.921455
-8.674437,50,717.971109
-8.661785,50,718.028018
-14.082669,50,718.075761
-6.445897,50,718.135891
-2.830468,50,718.193069
-8.051424,50,718.2441
-12.988112,50,718.302219
-6.892177,50,718.359641
-6.380995,50,718.819443
-11.694485,50,718.87722
-13.614783,50,718.936884
-5.060918,50,718.994425
-6.998692,50,719.055016
-8.952111,50,719.114645
-6.88123,50,719.171546
-12.827492,50,719.223779
-4.88746,50,719.267802
-14.197302,50,719.320395
-11.777828,50,719.377904
-10.69759,50,719.429598
-4.709841,50,719.487516
-6.731342,50,719.542001
-10.669552,50,719.594849
-5.830205,50,719.651672
-7.084794,50,719.706739
-15.47055,50,719.760701
-6.969505,50,719.815429
-6.151617,50,719.871285
-17.56057,50,719.926187
-14.606751,50,719.980498
-9.805025,50,720.035973
-8.546968,50,720.093973
-6.604026,50,720.151213
-8.884555,50,720.20893
-11.882092,50,720.268877
-7.043253,50,720.333127
-15.733534,50,720.387128
-8.404471,50,720.445016
-16.5778,50,720.502587
-4.646602,50,720.553973
-10.387821,50,720.607015
-11.657907,50,720.660772
-15.106146,50,720.727142
-7.538439,50,720.794465
-7.996816,50,720.850783
-16.952434,50,720.912203
-13.299979,50,720.973977
-7.144056,50,721.024537
-5.994057,50,721.086602
-7.54865,50,721.57273
-8.521669,50,721.63367
-12.037253,50,721.683509
-3.18174,50,721.736991
-16.061516,50,721.79736
-12.766368,50,721.857329
-17.787694,50,721.914943
-6.767096,50,721.96689
-6.64121,50,722.023237
-5.733233,50,722.077961
-4.819182,50,722.128674
-8.39239,50,722.190124
-7.074454,50,722.244454
-12.469428,50,722.306193
-7.729212,50,722.364508
-4.423881,50,722.414169
-14.573983,50,722.472601
-5.092116,50,722.52614
-11.056098,50,722.579524
-14.494654,50,722.636063
-7.593651,50,722.687227
-18.804235,50,722.743355
-11.507712,50,722.798654
-3.32946,50,722.85311
-6.670722,50,722.887284
-13.090679,50,722.947334
-2.720077,50,723.012706
-5.304186,50,723.058091
-15.709871,50,723.112151
-7.000365,50,723.171355
-15.254029,50,723.224227
-8.834074,50,723.282608
-6.29422,50,723.335376
-10.472391,50,723.390086
-8.420407,50,723.43897
-19.154939,50,723.498312
-17.160496,50,723.552442
-4.882786,50,723.609703
-3.526468,50,723.665064
-1.872794,50,723.725419
-10.102821,50,723.782942
-7.763213,50,724.258634
-3.83623,50,724.316022
-7.203416,50,724.371932
-4.148873,50,724.426758
-2.856043,50,724.485776
-19.437633,50,724.541616
-15.536896,50,724.60369
-17.757963,50,724.657517
-11.831423,50,724.71085
-13.011137,50,724.763342
-7.586995,50,724.820069
-12.013945,50,724.879893
-10.217005,50,724.935153
-14.155987,50,724.990128
-13.345716,50,725.044142
-8.373435,50,725.1002
-8.705193,50,725.146573
-14.299318,50,725.204777
-6.289668,50,725.264188
-9.944641,50,725.320145
-11.168176,50,725.373519
-10.608096,50,725.430829
-5.751026,50,725.485383
-13.520707,50,725.544338
-18.503116,50,725.591353
-17.584705,50,725.647407
-7.616488,50,725.706136
-19.269891,50,725.768933
-15.799557,50,725.816687
-9.166824,50,725.876952
-12.108353,50,725.925755
-10.855974,50,725.985012
-12.13833,50,726.039009
-11.539878,50,726.086157
-8.687689,50,726.147195
-16.951145,50,726.19586
-10.260316,50,726.258582
-5.45978,50,726.314343
-10.938817,50,726.373999
-5.651905,50,726.437063
-7.029098,50,726.490231
-12.276042,50,726.960119
-7.701439,50,727.014166
-7.920587,50,727.07709
-4.361527,50,727.142032
-9.244969,50,727.204167
-10.072034,50,727.267093
-5.314339,50,727.33056
-3.715195,50,727.382291
-14.49563,50,727.442788
-8.710392,50,727.494876
-18.865486,50,727.544233
-8.624182,50,727.604312
-10.656549,50,727.659465
-10.797301,50,727.714684
-7.217065,50,727.766054
-5.548204,50,727.822862
-3.825731,50,727.876567
-6.168936,50,727.934419
-8.770329,50,727.988735
-11.635568,50,728.048309
-5.840252,50,728.108399
-12.421703,50,728.170219
-5.279749,50,728.224685
-5.417136,50,728.279528
-17.000519,50,728.340853
-5.413704,50,728.400008
-4.456236,50,728.454423
-8.838411,50,728.514097
-11.152887,50,728.573352
-13.137828,50,728.631722
-4.72423,50,728.685634
-10.54402,50,728.740148
-13.711389,50,728.79477
-6.132797,50,728.851582
-11.336487,50,728.909174
-10.318734,50,728.963534
-12.660254,50,729.016235
-6.642853,50,729.066946
-18.636456,50,729.127511
-14.373837,50,729.176877
-6.060364,50,729.230367
-5.229702,50,729.696485
-15.399357,50,729.752115
-15.57816,50,729.801794
-11.177506,50,729.86122
-14.022237,50,729.920544
-12.109144,50,729.976725
-8.827993,50,730.031832
-5.069727,50,730.086529
-8.312854,50,730.148361
-14.820172,50,730.203397
-5.231121,50,730.258839
-5.949518,50,730.312943
-6.317896,50,730.373334
-4.992616,50,730.428684
-7.357459,50,730.488504
-2.259066,50,730.541728
-16.030647,50,730.602355
-10.869027,50,730.662137
-9.37811,50,730.717451
-5.856007,50,730.779471
-10.57718,50,730.835373
-16.733104,50,730.889313
-10.80317,50,730.954589
-6.807297,50,730.997044
-10.650748,50,731.050915
-10.964088,50,731.104531
-9.461032,50,731.159686
-10.910062,50,731.213482
-13.215646,50,731.265502
-11.870588,50,731.325316
-5.332076,50,731.37768
-3.645634,50,731.437702
-2.183935,50,731.488575
-10.643721,50,731.548392
-14.892865,50,731.604314
-6.543002,50,731.658808
-13.361753,50,731.718637
-5.845557,50,731.769945
-7.867011,50,731.82597
-8.678195,50,731.881835
-5.064796,50,731.938642
-3.300867,50,732.421287
-7.529394,50,732.480742
-9.260294,50,732.54063
-10.7173,50,732.597843
-4.920526,50,732.659456
-6.617449,50,732.715321
-11.069002,50,732.779197
-8.644328,50,732.832415
-8.587034,50,732.887349
-17.800832,50,732.938324
-4.769799,50,732.993959
-6.188253,50,733.050128
-18.238212,50,733.097895
-13.923122,50,733.1476
-5.87142,50,733.213438
-10.073371,50,733.268262
-11.344275,50,733.329767
-4.589601,50,733.387816
-7.934296,50,733.443672
-8.713963,50,733.496496
-6.965702,50,733.558063
-12.591947,50,733.612634
-14.013465,50,733.672217
-14.026913,50,733.715484
-8.304855,50,733.765454
-9.109857,50,733.828644
-10.402761,50,733.885176
-8.225305,50,733.941863
-4.136111,50,733.993832
-6.491216,50,734.037205
-6.860232,50,734.093764
-3.208812,50,734.149894
-10.01416,50,734.199725
-5.818285,50,734.253117
-15.916751,50,734.307133
-8.579294,50,734.369378
-5.299338,50,734.419879
-1.839373,50,734.474966
-4.730749,50,734.532253
-4.34949,50,734.591286
-6.32693,50,734.652043
-6.865587,50,735.147449
-6.176776,50,735.203575
-11.747502,50,735.257838
-8.237003,50,735.315324
-5.677617,50,735.371109
-1.880763,50,735.433813
-9.393842,50,735.483195
-9.406061,50,735.53671
-11.186252,50,735.595331
-5.480461,50,735.646331
-5.756449,50,735.698446
-14.127433,50,735.758347
-6.582994,50,735.815676
-10.78923,50,735.870889
-3.647173,50,735.92095
-13.598347,50,735.974034
-16.511928,50,736.022938
-10.77691,50,736.081804
-9.65546,50,736.129319
-11.553578,50,736.193682
-8.290978,50,736.247153
-4.088094,50,736.30642
-6.558759,50,736.368321
-12.326785,50,736.422705
-10.754354,50,736.481428
-12.514523,50,736.533815
-16.56134,50,736.585305
-15.223634,50,736.640724
-4.680818,50,736.699314
-12.602162,50,736.755366
-6.070174,50,736.81092
-13.833183,50,736.86839
-4.793574,50,736.922962
-13.337502,50,736.977529
-5.142788,50,737.033421
-8.920016,50,737.089231
-10.866777,50,737.150909
-11.936627,50,737.193878
-7.322232,50,737.23245
-12.206206,50,737.291895
-8.322267,50,737.351766
-14.601385,50,737.828616
-15.220521,50,737.881684
-10.562653,50,737.941417
-11.283078,50,737.998938
-9.853915,50,738.057052
-3.778425,50,738.120681
-5.341798,50,738.177571
-11.421118,50,738.229775
-6.309001,50,738.288253
-6.45812,50,738.329607
-18.358378,50,738.388349
-6.01893,50,738.44665
-8.993083,50,738.506129
-3.510632,50,738.549191
-10.371696,50,738.608959
-4.15877,50,738.664353
-5.791453,50,738.722888
-15.850676,50,738.779999
-10.713588,50,738.837044
-4.52691,50,738.885375
-7.496208,50,738.940529
-2.775544,50,738.992643
-9.45679,50,739.047887
-12.777931,50,739.100852
-4.857794,50,739.156873
-6.995564,50,739.211011
-16.470865,50,739.261642
-11.239735,50,739.311624
-6.774315,50,739.370766
-12.376738,50,739.431688
-4.689835,50,739.487941
-10.243685,50,739.545487
-6.366996,50,739.597334
-14.090591,50,739.651058
-13.602077,50,739.71646
-10.588604,50,739.770598
-3.525615,50,739.82259
-2.643873,50,739.875579
-5.155229,50,739.931801
-6.975508,50,739.980366
-10.14664,50,740.461735
-13.003135,50,740.522857
-3.620798,50,740.575452
-5.290127,50,740.629819
-14.289057,50,740.688155
-15.268394,50,740.744459
-10.413301,50,740.783337
-4.354441,50,740.843561
-9.334978,50,740.896358
-10.601699,50,740.956079
-3.727743,50,741.014958
-17.018612,50,741.075335
-6.091791,50,741.123224
-13.052135,50,741.181432
-2.733979,50,741.244682
-8.080483,50,741.300053
-5.100225,50,741.361775
-5.665862,50,741.418286
-15.755405,50,741.47546
-4.846466,50,741.535584
-12.336754,50,741.590196
-17.803668,50,741.645748
-7.932525,50,741.701823
-4.968961,50,741.767659
-7.320064,50,741.820355
-8.261597,50,741.868952
-7.600338,50,741.928043
-6.384253,50,741.981389
-11.403709,50,742.03948
-12.564604,50,742.094767
-9.469745,50,742.15087
-8.273168,50,742.206621
-14.950817,50,742.267108
-15.159308,50,742.322739
-16.402516,50,742.379788
-5.805961,50,742.441939
-10.060906,50,742.510713
-7.301031,50,742.566505
-7.012333,50,742.631827
-9.091766,50,742.688831
-8.675055,50,742.755368
-5.379348,50,743.273641
-13.221438,50,743.341438
-15.690133,50,743.400847
-9.188633,50,743.452652
-5.190948,50,743.516538
-8.440771,50,743.58067
-12.34352,50,743.64035
-5.502637,50,743.699208
-11.683624,50,743.761519
-10.502355,50,743.823678
-10.005525,50,743.88836
-16.03481,50,743.94759
-11.213658,50,744.000615
-7.835375,50,744.060631
-7.445921,50,744.118308
-2.59704,50,744.179634
-11.975989,50,744.243247
-5.606416,50,744.308665
-4.991997,50,744.365148
-5.864545,50,744.424714
-5.708665,50,744.478389
-10.403487,50,744.527449
-9.795298,50,744.586444
-2.99705,50,744.643759
-7.495113,50,744.700859
-3.791422,50,744.76159
-6.916251,50,744.82374
-4.983116,50,744.886046
-2.99915,50,744.94154
-1.58546,50,744.992711
-5.90666,50,745.051858
-3.243246,50,745.11785
-5.039497,50,745.184372
-10.529775,50,745.252643
-8.028245,50,745.321847
-7.215368,50,745.386996
-13.582777,50,745.456048
-9.990367,50,745.521775
-5.588263,50,745.590147
-8.115631,50,745.652851
-4.422227,50,745.70765
-14.462371,50,746.194879
-6.878068,50,746.257399
-13.027889,50,746.318692
-10.100419,50,746.3778
-6.354627,50,746.438897
-11.170133,50,746.507922
-15.894571,50,746.577896
-15.214735,50,746.63734
-5.935201,50,746.697529
-8.383173,50,746.755901
-13.992642,50,746.820816
-8.974989,50,746.881669
-15.909309,50,746.939191
-15.673079,50,746.986362
-6.916136,50,747.050474
-9.981135,50,747.110539
-8.310244,50,747.167776
-7.413245,50,747.228681
-5.769051,50,747.282824
-7.963344,50,747.339715
-6.911914,50,747.397294
-7.537315,50,747.459226
-4.30137,50,747.515258
-3.875168,50,747.568413
-11.154936,50,747.629848
-12.449414,50,747.688064
-5.220833,50,747.74075
-17.73353,50,747.791347
-10.014339,50,747.84914
-4.892918,50,747.908581
-5.915523,50,747.968613
-6.916168,50,748.025646
-7.80346,50,748.081618
-11.833511,50,748.135632
-4.60242,50,748.192589
-11.876559,50,748.252518
-7.403908,50,748.30548
-11.878081,50,748.362552
-8.159047,50,748.41839
-12.859194,50,748.463881
-1.203938,50,748.519504
-2.937384,50,748.99972
-8.972895,50,749.050986
-9.314777,50,749.114725
-9.677703,50,749.168116
-4.340744,50,749.230482
-13.831432,50,749.283849
-6.957163,50,749.340019
-11.66391,50,749.407582
-16.37873,50,749.46429
-9.001318,50,749.522898
-5.050748,50,749.581561
-5.706108,50,749.642139
-10.27228,50,749.70843
-10.456761,50,749.768533
-4.866894,50,749.837222
-18.209131,50,749.896737
-5.634253,50,749.960701
-8.615539,50,750.01771
-11.867702,50,750.08447
-7.886936,50,750.151528
-5.020898,50,750.207812
-4.252594,50,750.274988
-5.141191,50,750.33837
-9.394578,50,750.400822
-6.371792,50,750.463989
-6.789655,50,750.525799
-6.143625,50,750.592539
-12.328198,50,750.655807
-5.261105,50,750.725084
-5.256231,50,750.794048
-6.53839,50,750.852023
-9.359896,50,750.903489
-16.142336,50,750.970388
-18.669284,50,751.025822
-7.246242,50,751.085047
-2.415285,50,751.148313
-10.706911,50,751.211004
-5.354311,50,751.278111
-8.001663,50,751.341213
-5.500424,50,751.404949
-13.540278,50,751.461313
-13.212387,50,751.958064
-18.479354,50,752.014202
-7.328048,50,752.066719
-8.733016,50,752.122991
-11.873931,50,752.181439
-9.715202,50,752.239233
-2.697268,50,752.295083
-9.119317,50,752.358207
-3.631361,50,752.418475
-4.23257,50,752.473002
-6.160891,50,752.53403
-12.119847,50,752.585796
-8.882181,50,752.641439
-6.895178,50,752.702362
-11.503175,50,752.758703
-13.526319,50,752.821335
-5.665764,50,752.879537
-15.143035,50,752.937992
-7.210155,50,753.000036
-1.601203,50,753.052415
-9.257102,50,753.111031
-5.828051,50,753.165065
-11.032589,50,753.227156
-7.343552,50,753.289058
-16.022953,50,753.342256
-4.263231,50,753.396846
-11.448884,50,753.457274
-8.079017,50,753.510902
-5.859973,50,753.566748
-7.563692,50,753.620578
-12.297209,50,753.672796
-18.396938,50,753.730915
-14.060685,50,753.784306
-14.97712,50,753.842484
-1.985308,50,753.899766
-10.255774,50,753.959507
-8.133621,50,754.012246
-2.958856,50,754.061088
-2.745317,50,754.115131
-9.292058,50,754.174592
-19.040295,50,754.227793
-4.158204,50,754.691033
-12.191433,50,754.749651
-9.692879,50,754.807386
-11.145303,50,754.867813
-15.742415,50,754.921759
-6.47414,50,754.974725
-13.676883,50,755.028339
-5.349988,50,755.081263
-7.042277,50,755.144332
-8.212746,50,755.201233
-5.247752,50,755.260259
-11.08633,50,755.313714
-12.539727,50,755.364026
-10.920308,50,755.414717
-6.675661,50,755.474153
-5.449649,50,755.526606
-16.404349,50,755.583773
-12.105711,50,755.636098
-2.910625,50,755.689279
-4.887458,50,755.745296
-8.854364,50,755.800036
-6.671275,50,755.85376
-3.384932,50,755.911626
-7.814006,50,755.969011
-18.142868,50,756.026601
-9.494082,50,756.090411
-6.563479,50,756.13905
-3.556623,50,756.191487
-15.37646,50,756.250329
-9.888806,50,756.303786
-6.577193,50,756.362066
-4.990275,50,756.413152
-11.380054,50,756.47068
-19.3573,50,756.520836
-5.666436,50,756.585304
-5.146809,50,756.643505
-17.285314,50,756.699794
-7.36875,50,756.754642
-5.7016,50,756.809697
-12.495231,50,756.874849
-5.63336,50,756.934956
-13.882785,50,757.445092
-9.297025,50,757.50976
-7.726059,50,757.557567
-11.731317,50,757.613876
-9.138325,50,757.672475
-10.186093,50,757.723927
-17.301615,50,757.779185
-8.369994,50,757.833979
-11.57501,50,757.897546
-9.644736,50,757.954646
-6.453319,50,758.016391
-15.161737,50,758.069321
-10.643018,50,758.127519
-15.692758,50,758.190055
-5.696127,50,758.249675
-5.818576,50,758.308349
-8.356548,50,758.363685
-11.819742,50,758.420711
-10.947484,50,758.475657
-14.84187,50,758.529053
-17.234704,50,758.584638
-12.741575,50,758.641222
-7.630102,50,758.694608
-17.722264,50,758.73862
-6.412083,50,758.796547
-16.113355,50,758.847897
-8.256597,50,758.90808
-4.590434,50,758.960808
-8.073815,50,759.016926
-7.188457,50,759.069535
-5.590925,50,759.124097
-9.840314,50,759.175771
-9.353574,50,759.237212
-7.630879,50,759.293374
-11.951852,50,759.349377
-3.952169,50,759.401917
-3.761402,50,759.468703
-6.260066,50,759.524427
-7.240348,50,759.573103
-6.23358,50,759.63043
-4.04509,50,759.689428
-2.107381,50,760.159342
-6.092985,50,760.214189
-13.874106,50,760.275126
-10.670478,50,760.332271
-5.631701,50,760.388896
-17.957145,50,760.443688
-7.463391,50,760.508668
-8.275063,50,760.562981
-6.851502,50,760.622676
-11.719885,50,760.681666
-9.774036,50,760.733013
-11.369306,50,760.791221
-9.443742,50,760.845864
-10.706666,50,760.896048
-15.494187,50,760.955816
-12.139145,50,761.01025
-4.09245,50,761.063346
-3.673171,50,761.12339
-7.131899,50,761.181852
-14.621486,50,761.244812
-5.974342,50,761.304398
-6.34362,50,761.362901
-7.382099,50,761.420229
-4.698076,50,761.473079
-6.776463,50,761.535925
-7.997818,50,761.593971
-15.689836,50,761.645362
-6.559092,50,761.711637
-17.891735,50,761.762644
-11.925574,50,761.8167
-7.017537,50,761.860742
-10.61536,50,761.915213
-15.778226,50,761.972913
-4.932649,50,762.029998
-7.018811,50,762.083449
-5.812366,50,762.138373
-8.724801,50,762.1943
-8.066717,50,762.256088
-12.297671,50,762.312824
-6.153777,50,762.378452
-13.771952,50,762.439705
-5.58972,50,762.916524
-14.346316,50,762.975041
-7.008678,50,763.031493
-9.929494,50,763.087681
-11.253546,50,763.144835
-7.109592,50,763.20658
-10.669427,50,763.258265
-16.491555,50,763.317562
-4.447235,50,763.372844
-9.868531,50,763.427925
-3.522037,50,763.481455
-4.202905,50,763.527915
-8.180505,50,763.586106
-6.912298,50,763.641704
-12.766072,50,763.695942
-5.539854,50,763.754765
-6.797171,50,763.809031
-5.332586,50,763.864205
-17.7778,50,763.914188
-10.544001,50,763.961107
-5.959087,50,764.017061
-11.466385,50,764.076639
-7.799141,50,764.139941
-10.286718,50,764.203192
-6.013821,50,764.26809
-7.384095,50,764.325205
-13.177912,50,764.376946
-7.176037,50,764.434515
-16.437777,50,764.497332
-8.954016,50,764.556242
-10.112213,50,764.611878
-6.33515,50,764.675562
-14.6168,50,764.739001
-13.95442,50,764.801298
-4.827859,50,764.859729
-5.775961,50,764.917536
-6.479471,50,764.973257
-6.67673,50,765.024821
-7.134589,50,765.084615
-12.302552,50,765.147487
-12.874118,50,765.219893
-5.732837,50,765.736741
-11.369585,50,765.793357
-7.313459,50,765.851461
-3.28447,50,765.906527
-10.226956,50,765.96954
-9.737204,50,766.030298
-8.590398,50,766.090345
-8.120572,50,766.150733
-7.523912,50,766.209995
-7.183727,50,766.265822
-9.276556,50,766.326184
-7.997423,50,766.389725
-12.791477,50,766.447734
-1.513226,50,766.504699
-8.065666,50,766.568275
-13.832159,50,766.627865
-12.557621,50,766.687877
-8.08865,50,766.74769
-9.186262,50,766.809701
-16.763801,50,766.872072
-14.099456,50,766.933371
-6.923172,50,766.995587
-4.986989,50,767.064717
-11.605583,50,767.121576
-12.709207,50,767.190587
-5.517604,50,767.249288
-11.95918,50,767.312582
-3.952671,50,767.373348
-8.546668,50,767.434815
-7.546619,50,767.499528
-6.366416,50,767.563507
-6.510653,50,767.631047
-9.177301,50,767.696799
-11.505947,50,767.75899
-14.741239,50,767.820701
-11.09546,50,767.901586
-3.755199,50,767.967146
-6.155113,50,768.031265
-6.305118,50,768.094903
-3.29174,50,768.159572
-1.691243,50,768.222355
-13.182231,50,768.710818
-10.391621,50,768.764271
-15.400048,50,768.819635
-4.869344,50,768.871932
-7.180815,50,768.921273
-2.98771,50,768.986379
-7.446248,50,769.052004
-4.09785,50,769.108913
-5.227706,50,769.165017
-14.443725,50,769.226499
-6.326646,50,769.288611
-5.817485,50,769.350302
-7.573373,50,769.406254
-13.725134,50,769.464233
-6.414997,50,769.513421
-2.680161,50,769.570949
-11.119977,50,769.625981
-6.729584,50,769.670037
-7.745839,50,769.709201
-4.466487,50,769.748746
-9.872082,50,769.780828
-3.221591,50,769.813199
-5.650334,50,769.847383
-5.584013,50,769.882518
-14.534928,50,769.917021
-13.259137,50,769.96158
-6.30105,50,770.020311
-12.800218,50,770.074359
-16.826684,50,770.121554
-6.417671,50,770.153609
-10.392868,50,770.189565
-7.751596,50,770.234684
-11.559909,50,770.282501
-3.265799,50,770.339393
-7.297234,50,770.372646
-4.753801,50,770.412477
-4.990301,50,770.447133
-9.643703,50,770.480653
-9.544817,50,770.529183
-4.063785,50,770.564245
-3.883244,50,770.59907
-3.886289,50,771.114621
-12.273295,50,771.161873
-8.933982,50,771.197874
-6.57948,50,771.232984
-16.624146,50,771.281157
-9.104332,50,771.333959
-5.4294,50,771.380179
-6.545382,50,771.413337
-9.731353,50,771.446169
-5.55594,50,771.490331
-6.942047,50,771.534579
-10.695624,50,771.571347
-4.092452,50,771.605326
-8.45831,50,771.643141
-4.578559,50,771.689316
-3.490314,50,771.732959
-1.628934,50,771.767714
-16.16368,50,771.801366
-4.742783,50,771.834748
-8.59429,50,771.867285
-5.778731,50,771.903657
-4.030413,50,771.938426
-4.162753,50,771.973586
-3.569572,50,772.008373
-9.46916,50,772.043091
-9.392286,50,772.079181
-14.938087,50,772.113531
-5.00467,50,772.15254
-11.545132,50,772.20066
-4.27593,50,772.239089
-3.841272,50,772.286503
-11.104381,50,772.328252
-8.161083,50,772.370582
-18.182975,50,772.405887
-4.699092,50,772.43984
-9.327499,50,772.483553
-9.253182,50,772.518199
-6.164603,50,772.553098
-8.072763,50,772.592479
-5.692327,50,772.628884
-10.513393,50,772.663906
-14.416362,50,773.164029
-4.449736,50,773.208119
-5.744042,50,773.244651
-5.047622,50,773.287812
-6.678157,50,773.322852
-3.366692,50,773.356534
-2.402932,50,773.39027
-13.247263,50,773.422023
-4.445902,50,773.453984
-2.201716,50,773.486215
-14.86207,50,773.516303
-9.730469,50,773.547567
-8.682414,50,773.578939
-5.363425,50,773.614779
-11.308442,50,773.652045
-7.297264,50,773.68742
-12.761431,50,773.73313
-6.249299,50,773.786294
-9.514513,50,773.822654
-7.33791,50,773.854298
-10.247144,50,773.886115
-11.735049,50,773.922472
-7.884892,50,773.956432
-9.750676,50,773.991345
-10.794206,50,774.029858
-9.303612,50,774.065941
-7.826265,50,774.104325
-2.265713,50,774.140172
-5.098229,50,774.173437
-4.004151,50,774.215094
-8.709823,50,774.257397
-5.17286,50,774.306092
-8.509169,50,774.342741
-6.021266,50,774.376632
-6.434533,50,774.412169
-14.12635,50,774.455987
-5.120445,50,774.490554
-13.988703,50,774.524688
-14.150596,50,774.570768
-8.982522,50,774.620302
-2.631339,50,774.660156
-6.262295,50,775.142925
-12.389911,50,775.182824
-6.532372,50,775.217319
-7.521412,50,775.249308
-9.052324,50,775.282482
-2.428489,50,775.315249
-12.28735,50,775.348807
-6.061813,50,775.389219
-6.422829,50,775.423655
-7.82998,50,775.476386
-11.415528,50,775.512194
-4.280774,50,775.546228
-5.671277,50,775.59005
-10.380761,50,775.630037
-5.42146,50,775.67143
-5.930293,50,775.708713
-5.08346,50,775.749688
-7.021442,50,775.80459
-3.537991,50,775.850522
-6.280221,50,775.889052
-12.120409,50,775.926661
-10.814501,50,775.961655
-6.575191,50,775.995078
-10.809823,50,776.031379
-8.279199,50,776.067888
-8.244181,50,776.108373
-7.256455,50,776.177675
-12.648379,50,776.249621
-12.050487,50,776.322299
-9.744218,50,776.40127
-4.097965,50,776.477643
-5.064527,50,776.549407
-1.814602,50,776.625219
-14.692318,50,776.699779
-11.710382,50,776.77365
-8.226713,50,776.850692
-11.99651,50,776.922461
-9.478744,50,776.997993
-12.445536,50,777.071568
-8.070703,50,777.14272
-2.53047,50,777.217017
-2.080514,50,778.141886
-5.352728,50,778.213724
-7.107162,50,778.28793
-8.494457,50,778.355243
-4.195385,50,778.426386
-4.585323,50,778.496214
-9.076328,50,778.567361
-10.055075,50,778.635781
-13.131434,50,778.706073
-2.692066,50,778.778973
-6.216057,50,778.851848
-9.241389,50,778.920644
-5.93379,50,778.987762
-5.744041,50,779.056464
-11.567727,50,779.127552
-1.279828,50,779.199821
-6.358211,50,779.270156
-11.00094,50,779.341333
-13.281745,50,779.411175
-11.712112,50,779.480389
-6.485571,50,779.552504
-11.728796,50,779.623693
-2.457512,50,779.684893
-7.473562,50,779.725426
-5.652727,50,779.761907
-7.940044,50,779.795661
-6.372793,50,779.831092
-3.973685,50,779.867279
-4.945783,50,779.930245
-5.932636,50,780.004954
-8.905037,50,780.077473
-5.451736,50,780.149444
-10.562056,50,780.22077
-5.688044,50,780.294612
-6.3134,50,780.365489
-16.530269,50,780.435185
-8.348298,50,780.504506
-14.367926,50,780.574342
-13.796027,50,780.642713
-8.991532,50,780.71536
-6.677403,50,780.784435
-11.010969,50,781.719263
-2.693308,50,781.79304
-6.294257,50,781.862092
-7.712252,50,781.928155
-4.861938,50,781.996567
-12.76888,50,782.065189
-4.897099,50,782.136164
-17.746114,50,782.206542
-14.930228,50,782.275841
-12.055673,50,782.344017
-4.729128,50,782.411879
-14.004274,50,782.480374
-11.090346,50,782.547457
-11.55164,50,782.613998
-7.15433,50,782.682897
-3.321519,50,782.751978
-4.236499,50,782.821807
-13.342158,50,782.892343
-4.682936,50,782.961365
-6.191027,50,783.032816
-14.879463,50,783.101315
-5.202946,50,783.169358
-12.772637,50,783.24262
-9.344166,50,783.31257
-8.160678,50,783.382543
-8.37496,50,783.454982
-11.620459,50,783.525152
-11.395113,50,783.595393
-3.964376,50,783.666422
-5.773094,50,783.723229
-15.195832,50,783.76012
-4.298203,50,783.796355
-10.011587,50,783.835499
-3.540362,50,783.870632
-5.883133,50,783.905266
-10.182975,50,783.943805
-8.695086,50,783.980187
-7.765864,50,784.015536
-10.239954,50,784.050893
-9.819557,50,784.085078
-9.846044,50,784.122918
-10.464441,50,784.609512
-6.660295,50,784.644966
-1.727087,50,784.679532
-7.497047,50,784.714896
-2.473079,50,784.754015
-9.556634,50,784.807717
-4.294083,50,784.868859
-10.39951,50,784.921245
-4.252344,50,784.975921
-4.477309,50,785.031759
-11.779462,50,785.087148
-9.740209,50,785.150002
-9.566674,50,785.205025
-16.245318,50,785.264921
-1.971834,50,785.315366
-2.102566,50,785.364502
-16.616515,50,785.428469
-9.979728,50,785.477366
-8.856453,50,785.511961
-7.957433,50,785.546829
-10.497532,50,785.582001
-7.58012,50,785.619646
-12.382832,50,785.654813
-10.262328,50,785.687805
-4.779009,50,785.733022
-10.205873,50,785.784497
-8.511644,50,785.833191
-14.167075,50,785.888731
-7.45438,50,785.94781
-5.274176,50,786.000661
-6.686823,50,786.068624
-11.579934,50,786.131755
-7.672355,50,786.197234
-4.975,50,786.249545
-7.54482,50,786.307257
-7.805544,50,786.370381
-6.042302,50,786.433019
-8.558704,50,786.493232
-8.723864,50,786.556921
-3.628079,50,786.616168
-10.743673,50,786.66825
-5.761043,50,787.13135
-7.341949,50,787.188544
-8.826561,50,787.244869
-4.100943,50,787.30506
-5.449639,50,787.368133
-4.247855,50,787.432865
-8.473293,50,787.492281
-10.620574,50,787.54669
-3.214993,50,787.607369
-7.295265,50,787.665228
-16.056831,50,787.717971
-3.385349,50,787.778591
-8.8949,50,787.830828
-4.587338,50,787.890817
-8.417366,50,787.958894
-4.198058,50,788.01879
-6.998458,50,788.069531
-2.568056,50,788.137009
-3.42594,50,788.187269
-4.929035,50,788.246895
-4.878503,50,788.303562
-9.633438,50,788.359818
-11.745585,50,788.403807
-9.336385,50,788.45503
-6.683474,50,788.511331
-7.791084,50,788.566522
-3.618248,50,788.620004
-6.529727,50,788.676259
-4.937479,50,788.730552
-5.577396,50,788.785529
-7.368097,50,788.837968
-3.05846,50,788.893701
-12.895942,50,788.942059
-5.957868,50,788.994866
-17.624658,50,789.05083
-7.730954,50,789.098798
-5.23496,50,789.152521
-6.240368,50,789.210307
-6.597257,50,789.267345
-5.508283,50,789.314198
-4.637503,50,789.366486
-10.712252,50,789.844624
-7.941,50,789.896039
-9.886851,50,789.94713
-12.182542,50,789.999173
-9.470113,50,790.051824
-7.85674,50,790.109104
-5.079434,50,790.159063
-5.445305,50,790.213989
-6.202676,50,790.273912
-13.240388,50,790.322126
-6.438298,50,790.378837
-10.263497,50,790.430701
-5.871804,50,790.486047
-11.199727,50,790.543619
-8.144255,50,790.597561
-10.44399,50,790.650702
-9.538582,50,790.708043
-10.918163,50,790.755827
-8.664316,50,790.812756
-5.494282,50,790.86658
-6.624903,50,790.921351
-10.122273,50,790.979429
-9.681216,50,791.028733
-8.91074,50,791.081813
-4.868616,50,791.136605
-13.363891,50,791.193214
-11.38526,50,791.242095
-6.122376,50,791.292675
-6.68651,50,791.348922
-9.16658,50,791.400424
-11.203656,50,791.451545
-7.52822,50,791.508407
-18.869367,50,791.563555
-5.012059,50,791.617199
-15.477637,50,791.677796
-4.53404,50,791.729082
-8.095203,50,791.78638
-16.707903,50,791.836753
-10.386749,50,791.894974
-9.520372,50,791.951641
-5.797934,50,792.001913
-16.638636,50,792.465365
-5.445457,50,792.520606
-9.72419,50,792.581539
-9.092215,50,792.634669
-4.034849,50,792.689891
-6.017914,50,792.737866
-2.478998,50,792.796189
-4.342959,50,792.852237
-14.301464,50,792.913814
-11.164802,50,792.966427
-5.10363,50,793.021816
-11.190038,50,793.072062
-3.872478,50,793.128878
-1.179906,50,793.192281
-8.995859,50,793.24407
-7.326562,50,793.298026
-5.047038,50,793.352639
-4.817405,50,793.417339
-4.378309,50,793.46668
-9.410806,50,793.523273
-8.561853,50,793.577515
-3.327027,50,793.634662
-9.611764,50,793.691536
-7.22579,50,793.743748
-8.77361,50,793.797757
-7.123571,50,793.845673
-8.477284,50,793.907129
-9.877097,50,793.953101
-6.212372,50,794.010891
-9.499311,50,794.065087
-5.546194,50,794.121157
-5.262155,50,794.171473
-6.27492,50,794.231645
-9.950741,50,794.286653
-3.562337,50,794.338999
-9.594584,50,794.403853
-7.425411,50,794.454319
-3.387799,50,794.507242
-9.917806,50,794.560914
-5.452505,50,794.613369
-2.956221,50,794.670052
-7.153828,50,795.133702
-12.210446,50,795.197176
-6.665269,50,795.250891
-10.098837,50,795.314294
-8.323943,50,795.366673
-3.320957,50,795.420372
-10.393477,50,795.482824
-5.120298,50,795.534668
-6.165456,50,795.594576
-3.210921,50,795.658846
-9.312312,50,795.722703
-9.675352,50,795.781654
-2.371708,50,795.84134
-15.211973,50,795.902825
-9.139437,50,795.954949
-6.450722,50,796.012875
-7.45308,50,796.073994
-5.862517,50,796.123442
-10.063113,50,796.188647
-10.604825,50,796.246267
-4.935173,50,796.31023
-5.677363,50,796.357803
-5.33278,50,796.416247
-4.709823,50,796.478229
-4.036119,50,796.530065
-3.67169,50,796.584489
-3.294134,50,796.64893
-6.967508,50,796.69985
-11.604607,50,796.756808
-5.62374,50,796.812033
-5.067945,50,796.874187
-4.457796,50,796.925447
-7.969351,50,796.979967
-4.844989,50,797.029224
-5.567622,50,797.088612
-6.895986,50,797.146896
-4.763849,50,797.206539
-12.88503,50,797.263137
-3.54443,50,797.328324
-8.827982,50,797.381424
-3.769312,50,797.438622
-12.038679,50,797.926548
-9.881203,50,797.981038
-8.010259,50,798.04038
-3.712748,50,798.104386
-7.657228,50,798.158949
-4.643483,50,798.214836
-3.603901,50,798.273875
-5.097124,50,798.33143
-7.002258,50,798.392313
-4.209326,50,798.450184
-8.496388,50,798.504487
-5.603126,50,798.558285
-6.12639,50,798.622069
-5.786827,50,798.683591
-13.731329,50,798.739152
-8.297048,50,798.791285
-12.034603,50,798.843674
-10.560883,50,798.896512
-11.276639,50,798.948265
-8.723106,50,798.997416
-5.957377,50,799.054893
-5.495486,50,799.11143
-6.748347,50,799.169698
-7.481581,50,799.228052
-6.475882,50,799.274408
-10.671995,50,799.329329
-3.82201,50,799.389814
-5.803847,50,799.444133
-7.707362,50,799.501504
-4.524924,50,799.556622
-7.841129,50,799.608864
-5.107875,50,799.667521
-5.253566,50,799.729681
-11.017029,50,799.78283
-4.232113,50,799.837817
-4.01886,50,799.898292
-5.257387,50,799.952837
-5.675086,50,800.00671
-8.959147,50,800.063226
-3.813503,50,800.116861
-5.11741,50,800.17562
-5.497732,50,800.627071
-8.083085,50,800.688723
-7.51854,50,800.749901
-12.475486,50,800.808127
-10.651353,50,800.865993
-10.628621,50,800.919642
-4.26483,50,800.969744
-2.508534,50,801.029848
-2.993817,50,801.08281
-12.871921,50,801.143654
-7.502064,50,801.198877
-2.570841,50,801.248306
-9.552781,50,801.302526
-11.456745,50,801.360011
-6.624008,50,801.420665
-10.222564,50,801.47179
-9.683203,50,801.527069
-7.807548,50,801.582867
-5.491399,50,801.643916
-5.09041,50,801.699911
-4.897507,50,801.7453
-9.863377,50,801.799249
-4.121712,50,801.855774
-4.45134,50,801.91197
-6.33093,50,801.965927
-11.440559,50,802.023525
-4.848298,50,802.083481
-4.317459,50,802.140616
-7.358246,50,802.199208
-8.119713,50,802.259391
-10.682483,50,802.318279
-6.421777,50,802.373771
-4.973722,50,802.432773
-12.403211,50,802.486889
-6.970097,50,802.538131
-5.64383,50,802.59223
-9.486109,50,802.650029
-11.184952,50,802.702613
-8.161227,50,802.756709
-3.053609,50,802.81033
-10.621641,50,802.859671
-7.55265,50,803.354975
-6.814493,50,803.419162
-4.891388,50,803.482767
-4.416115,50,803.53812
-4.437714,50,803.568599
-13.724228,50,803.632609
-7.33579,50,803.682644
-6.153001,50,803.731779
-6.132812,50,803.784906
-8.06054,50,803.842396
-2.652935,50,803.900596
-2.624374,50,803.958919
-14.827744,50,804.016303
-11.120055,50,804.062951
-7.670042,50,804.127019
-5.817403,50,804.189939
-9.723119,50,804.250975
-7.700606,50,804.310232
-6.59279,50,804.363007
-5.613846,50,804.418146
-7.353523,50,804.468712
-4.872774,50,804.528198
-6.937445,50,804.589754
-11.521419,50,804.644623
-10.485063,50,804.695802
-10.555675,50,804.755556
-4.552855,50,804.817375
-4.462774,50,804.870889
-9.500154,50,804.929199
-10.045963,50,804.978553
-9.551642,50,805.029676
-11.552605,50,805.087086
-6.484677,50,805.145016
-5.353442,50,805.203165
-15.414366,50,805.26669
-9.540109,50,805.320138
-3.174602,50,805.379098
-9.009628,50,805.430625
-7.892893,50,805.486336
-7.962291,50,805.545294
-10.467322,50,805.597755
-6.125241,50,806.09816
-7.139436,50,806.158097
-4.589812,50,806.223552
-11.079997,50,806.281788
-12.524617,50,806.335602
-5.848086,50,806.394309
-9.265989,50,806.446577
-4.71146,50,806.506233
-7.592068,50,806.554789
-4.928323,50,806.607354
-5.455986,50,806.660959
-5.869746,50,806.721483
-5.440134,50,806.793229
-12.821486,50,806.849229
-8.020737,50,806.907029
-4.834787,50,806.9657
-6.657818,50,807.030774
-10.240853,50,807.085149
-1.915003,50,807.145103
-11.224741,50,807.206565
-9.522758,50,807.269361
-5.493098,50,807.331937
-9.189944,50,807.395282
-10.812293,50,807.452912
-3.958142,50,807.515748
-3.835583,50,807.56665
-9.535881,50,807.624175
-5.334922,50,807.679714
-12.718886,50,807.731742
-6.995275,50,807.788908
-5.155202,50,807.844144
-10.820752,50,807.902358
-4.379621,50,807.954066
-4.802052,50,808.00799
-10.591536,50,808.058549
-8.086891,50,808.11826
-10.819069,50,808.171197
-8.390649,50,808.226257
-15.263338,50,808.288961
-3.34976,50,808.348203
-2.146682,50,808.817609
-6.821881,50,808.865311
-9.583294,50,808.931899
-3.869947,50,808.990633
-7.840813,50,809.045557
-8.777532,50,809.096552
-4.557321,50,809.152325
-3.433764,50,809.210702
-3.283241,50,809.27209
-11.019763,50,809.335677
-12.50643,50,809.386334
-6.415527,50,809.438686
-1.672999,50,809.496704
-3.768446,50,809.546273
-4.562861,50,809.603225
-5.436079,50,809.655209
-5.357369,50,809.707354
-12.306391,50,809.764646
-2.205757,50,809.821386
-9.002875,50,809.877128
-1.706841,50,809.931761
-3.985999,50,809.984589
-15.481752,50,810.041622
-11.589185,50,810.100321
-7.631315,50,810.15641
-8.482297,50,810.208085
-3.736328,50,810.27751
-10.531328,50,810.339669
-4.184523,50,810.403666
-8.508951,50,810.45854
-9.190835,50,810.524298
-4.792272,50,810.585137
-5.400279,50,810.64909
-5.471929,50,810.711399
-5.63859,50,810.776294
-5.757429,50,810.831436
-6.235536,50,810.889231
-4.994856,50,810.946534
-10.110602,50,810.998884
-3.081465,50,811.051161
-6.383944,50,811.11298
-2.640152,50,811.641855
-7.098473,50,811.700953
-10.262963,50,811.756772
-10.504131,50,811.817734
-8.639783,50,811.870753
-14.078779,50,811.928548
-7.928453,50,811.982719
-4.903835,50,812.046121
-13.18872,50,812.101328
-6.397996,50,812.159382
-6.394956,50,812.223868
-7.303202,50,812.283409
-11.421112,50,812.345103
-6.094724,50,812.402092
-6.656864,50,812.469709
-9.70781,50,812.531986
-6.126243,50,812.588494
-11.046536,50,812.651642
-4.108509,50,812.703904
-5.55006,50,812.765448
-11.720873,50,812.825588
-6.110218,50,812.884914
-9.193076,50,812.941609
-6.399242,50,812.984868
-10.611638,50,813.040178
-6.629392,50,813.090029
-11.918605,50,813.149936
-10.637911,50,813.205653
-7.280265,50,813.265731
-2.454264,50,813.322288
-5.487828,50,813.378925
-8.777706,50,813.438744
-5.052863,50,813.501699
-5.071036,50,813.562186
-9.119206,50,813.626612
-5.892365,50,813.684018
-8.800366,50,813.746056
-4.425846,50,813.805642
-3.465787,50,813.864652
-4.537539,50,813.923784
-9.241519,50,813.980926
-10.378472,50,814.504732
-7.16634,50,814.564954
-7.509198,50,814.618405
-4.546496,50,814.67981
-9.25314,50,814.737252
-1.772095,50,814.802149
-11.239942,50,814.864422
-7.344703,50,814.92096
-10.472597,50,814.984832
-10.326159,50,815.040619
-3.367821,50,815.098844
-6.31076,50,815.160221
-5.698485,50,815.225503
-10.793329,50,815.29046
-9.309652,50,815.345171
-5.302315,50,815.404682
-5.023613,50,815.469411
-9.848882,50,815.52718
-9.127475,50,815.584392
-11.239481,50,815.64702
-4.873794,50,815.704214
-3.626424,50,815.758919
-6.187011,50,815.818732
-10.303783,50,815.880836
-7.49864,50,815.933292
-3.467866,50,815.992299
-9.314761,50,816.05348
-2.495956,50,816.108119
-8.30313,50,816.161248
-4.733298,50,816.216151
-2.935058,50,816.276139
-6.685711,50,816.341715
-6.792564,50,816.40151
-7.872578,50,816.468608
-2.788531,50,816.525788
-5.228552,50,816.587719
-12.629161,50,816.648547
-6.263697,50,816.707685
-13.445544,50,816.769137
-7.58458,50,816.8327
-6.473875,50,816.895867
-12.394969,50,817.450767
-6.367858,50,817.506879
-1.796878,50,817.563916
-7.42171,50,817.622083
-8.607328,50,817.688518
-4.472925,50,817.75038
-8.372544,50,817.810317
-5.523771,50,817.868879
-2.541562,50,817.926507
-10.518624,50,817.98462
-10.400837,50,818.040384
-5.292192,50,818.101765
-9.840059,50,818.163206
-6.238883,50,818.220273
-10.211078,50,818.28048
-5.839646,50,818.347
-11.817412,50,818.406206
-10.18834,50,818.46865
-5.086551,50,818.53026
-5.522026,50,818.593577
-5.117148,50,818.653433
-3.85734,50,818.711877
-3.642504,50,818.764614
-3.236511,50,818.80009
-5.74701,50,818.864416
-16.037214,50,818.925153
-8.850205,50,818.97922
-6.753243,50,819.022874
-12.912349,50,819.065564
-8.731095,50,819.108832
-8.516655,50,819.141824
-4.115256,50,819.17405
-11.650495,50,819.208844
-8.674214,50,819.244172
-2.70711,50,819.280744
-9.843584,50,819.323619
-4.417986,50,819.365429
-7.834152,50,819.401261
-10.199594,50,819.434508
-11.759681,50,819.467027
-7.275324,50,819.500148
-6.401345,50,819.95022
-3.273073,50,820.005072
-6.724936,50,820.059756
-2.623537,50,820.115866
-10.260107,50,820.166817
-8.387094,50,820.216536
-3.438278,50,820.261436
-8.015963,50,820.301935
-12.874167,50,820.35012
-8.588094,50,820.398685
-8.055302,50,820.44861
-6.589489,50,820.486737
-8.7841,50,820.523863
-8.784437,50,820.556811
-7.764484,50,820.590566
-10.320227,50,820.629893
-8.297252,50,820.663884
-4.682463,50,820.70873
-6.373264,50,820.74226
-6.294958,50,820.780122
-8.511046,50,820.815802
-9.130826,50,820.854315
-4.291926,50,820.887875
-8.044286,50,820.925396
-7.157384,50,820.970959
-8.388322,50,821.009049
-8.505157,50,821.061053
-4.514992,50,821.113383
-4.152004,50,821.167553
-9.973386,50,821.226881
-2.174476,50,821.282847
-13.39804,50,821.314745
-6.082062,50,821.373653
-11.830211,50,821.420554
-7.510298,50,821.468355
-9.810466,50,821.515104
-4.917311,50,821.570048
-10.122614,50,821.613213
-11.998136,50,821.64596
-5.367238,50,821.684261
-6.039848,50,821.730391
