#{"t_start": 1765899236.5926142, "env_id": "Reacher-v4"}
r,l,t
-59.518403,50,1.030529
-51.001706,50,1.066787
-58.757672,50,1.102518
-64.513191,50,1.13712
-67.472279,50,1.17075
-61.699173,50,1.202727
-63.192598,50,1.2352
-60.436736,50,1.267221
-62.073701,50,1.301454
-55.72387,50,1.348904
-65.425598,50,1.392275
-61.137999,50,1.442117
-70.743353,50,1.481028
-54.997089,50,1.51869
-58.268272,50,1.551692
-65.878755,50,1.583336
-64.349448,50,1.614858
-63.986933,50,1.647167
-59.79494,50,1.682535
-62.786503,50,1.736435
-62.296414,50,1.778231
-59.030073,50,1.81142
-55.5084,50,1.848885
-63.982786,50,1.88549
-57.476382,50,1.931264
-64.293426,50,1.98615
-72.909165,50,2.037653
-57.638559,50,2.077891
-66.211377,50,2.120372
-64.052865,50,2.163951
-68.625172,50,2.207494
-58.969524,50,2.261139
-60.715465,50,2.317583
-56.415245,50,2.359383
-63.031972,50,2.405744
-68.595159,50,2.449508
-71.012617,50,2.496154
-66.567593,50,2.540509
-52.197334,50,2.589425
-65.834673,50,2.632274
-53.785364,50,3.241992
-61.54357,50,3.304197
-61.83745,50,3.359668
-62.255181,50,3.4157
-70.690139,50,3.479042
-55.807133,50,3.533322
-56.7584,50,3.583901
-53.759154,50,3.645668
-52.5703,50,3.697694
-51.905396,50,3.748327
-62.20299,50,3.79911
-60.57858,50,3.859238
-53.840217,50,3.907944
-61.886436,50,3.965302
-59.053471,50,4.025346
-51.633068,50,4.058466
-53.074638,50,4.088742
-62.605711,50,4.11897
-58.875657,50,4.174237
-59.76635,50,4.225551
-59.683563,50,4.294109
-62.093454,50,4.348277
-53.088821,50,4.403613
-55.005988,50,4.455822
-58.39719,50,4.509268
-62.622322,50,4.563798
-66.650653,50,4.62297
-63.857678,50,4.67018
-62.392324,50,4.725075
-65.054259,50,4.786441
-62.112664,50,4.842491
-57.431343,50,4.892081
-57.538362,50,4.9487
-63.131464,50,5.000386
-58.266104,50,5.05288
-62.055412,50,5.105047
-45.850378,50,5.162831
-59.235823,50,5.216561
-62.207521,50,5.273902
-60.534056,50,5.331368
-57.094321,50,5.388799
-54.806036,50,5.844188
-50.335143,50,5.903544
-59.532021,50,5.965455
-56.032868,50,6.020212
-64.189515,50,6.077961
-53.556594,50,6.137624
-63.24454,50,6.194383
-60.991796,50,6.251504
-55.265005,50,6.306229
-65.896914,50,6.356152
-59.009863,50,6.410637
-57.428389,50,6.469568
-66.633152,50,6.526671
-54.055578,50,6.565527
-54.403894,50,6.62059
-54.685948,50,6.679339
-53.443827,50,6.731606
-55.722003,50,6.791559
-54.048326,50,6.849797
-53.106753,50,6.905254
-63.933025,50,6.970072
-57.473293,50,7.034608
-57.341789,50,7.092963
-61.586294,50,7.150835
-56.441762,50,7.206571
-53.786404,50,7.266325
-64.43337,50,7.325795
-67.658481,50,7.382035
-59.83382,50,7.440795
-55.973791,50,7.483052
-52.164349,50,7.543869
-49.773423,50,7.601249
-64.350415,50,7.657906
-68.38561,50,7.721569
-53.028337,50,7.780536
-54.459281,50,7.841757
-57.635546,50,7.904428
-58.127512,50,7.970204
-59.826285,50,8.0244
-51.552184,50,8.086957
-59.95227,50,8.147915
-66.735722,50,8.650298
-56.009236,50,8.712196
-52.657299,50,8.771183
-59.199397,50,8.826394
-56.88949,50,8.884745
-53.477028,50,8.938811
-54.872021,50,8.996254
-62.033717,50,9.064331
-59.281063,50,9.122372
-51.830718,50,9.177994
-55.34999,50,9.239147
-53.425467,50,9.292391
-60.325392,50,9.352651
-58.236684,50,9.403328
-60.38684,50,9.461158
-54.920305,50,9.5183
-48.515343,50,9.569766
-56.34813,50,9.612516
-44.085482,50,9.664243
-59.069144,50,9.718198
-60.296293,50,9.772877
-54.779153,50,9.825436
-52.337692,50,9.879197
-53.990015,50,9.938635
-58.26135,50,9.998107
-51.405398,50,10.053109
-57.55443,50,10.114855
-56.300899,50,10.171549
-45.922064,50,10.227166
-57.683513,50,10.283335
-56.584113,50,10.347255
-51.009246,50,10.400684
-60.87049,50,10.458751
-59.491996,50,10.513292
-61.744496,50,10.564472
-57.120545,50,10.625099
-44.794533,50,10.680067
-59.422168,50,10.736368
-67.915075,50,10.791033
-50.124224,50,10.841201
-53.986111,50,10.8959
-57.763271,50,11.354816
-57.824467,50,11.412714
-55.880964,50,11.47202
-47.753217,50,11.525718
-54.10699,50,11.580718
-49.239852,50,11.643459
-61.186817,50,11.704205
-54.359178,50,11.760764
-59.971836,50,11.820439
-61.162245,50,11.87799
-55.141219,50,11.935755
-54.259154,50,11.994759
-53.263347,50,12.053242
-59.936766,50,12.108258
-53.19113,50,12.17365
-54.562938,50,12.229786
-60.999644,50,12.282631
-53.616807,50,12.339578
-59.714997,50,12.395068
-59.267772,50,12.450461
-62.313257,50,12.509531
-51.54192,50,12.563148
-55.933446,50,12.612393
-61.254192,50,12.66659
-64.756663,50,12.721364
-58.098166,50,12.778432
-60.28522,50,12.837199
-53.950822,50,12.888636
-53.484445,50,12.946211
-59.697598,50,13.004288
-59.242524,50,13.058909
-51.66827,50,13.111539
-51.161059,50,13.169103
-58.775396,50,13.223639
-48.522622,50,13.281553
-55.354891,50,13.337754
-55.395191,50,13.395627
-62.131046,50,13.456936
-51.16568,50,13.511864
-53.803022,50,13.569144
-52.523864,50,13.626555
-44.70814,50,14.121347
-57.68368,50,14.179378
-54.42492,50,14.238004
-51.563887,50,14.302478
-50.441505,50,14.354985
-53.062446,50,14.414165
-53.180173,50,14.465294
-60.0213,50,14.527494
-49.624612,50,14.578811
-50.409097,50,14.644994
-55.331788,50,14.704787
-47.474051,50,14.767837
-54.692652,50,14.830248
-54.821386,50,14.890097
-57.713796,50,14.951002
-47.524847,50,15.009869
-59.643001,50,15.07582
-51.469894,50,15.130492
-54.633361,50,15.188079
-58.529551,50,15.244354
-47.117077,50,15.291826
-55.473746,50,15.350449
-51.754745,50,15.414237
-54.83717,50,15.475674
-50.220971,50,15.540038
-58.224895,50,15.60128
-55.996488,50,15.658836
-58.505892,50,15.716593
-42.543267,50,15.77844
-52.738216,50,15.828121
-44.286253,50,15.883659
-50.168977,50,15.940492
-60.169099,50,16.000259
-52.869726,50,16.054585
-42.850081,50,16.109933
-55.540798,50,16.163871
-53.607686,50,16.223204
-53.662578,50,16.279491
-51.128263,50,16.332353
-53.483725,50,16.395532
-50.361298,50,16.457568
-53.587739,50,16.963422
-50.188529,50,17.02355
-51.593871,50,17.08997
-52.433841,50,17.157865
-51.187446,50,17.224226
-46.597484,50,17.290167
-58.681578,50,17.358269
-42.210016,50,17.428825
-48.575078,50,17.495966
-51.341628,50,17.562465
-48.021612,50,17.633421
-44.045496,50,17.702316
-45.313922,50,17.768633
-46.352061,50,17.836802
-47.364,50,17.900547
-53.895825,50,17.96591
-58.43942,50,18.032363
-52.480402,50,18.096529
-53.201101,50,18.157342
-45.365982,50,18.223102
-49.708801,50,18.289609
-46.985795,50,18.355552
-50.638068,50,18.420591
-47.040355,50,18.485735
-49.376891,50,18.539831
-47.762252,50,18.603445
-41.004088,50,18.661109
-49.381931,50,18.719618
-42.529424,50,18.783705
-54.393651,50,18.847892
-50.740714,50,18.907412
-47.995488,50,18.967521
-47.812562,50,19.035103
-48.12751,50,19.099462
-53.906533,50,19.165
-47.113996,50,19.228702
-51.241388,50,19.29522
-50.35647,50,19.3605
-53.209038,50,19.428487
-51.976931,50,19.490767
-48.176754,50,19.5486
-44.734894,50,20.0522
-45.116676,50,20.110871
-51.394245,50,20.175942
-57.048034,50,20.231356
-44.537041,50,20.288533
-48.419663,50,20.343614
-46.17619,50,20.395866
-44.816843,50,20.460396
-43.606066,50,20.525445
-48.067413,50,20.58544
-50.601314,50,20.650343
-43.28275,50,20.716973
-48.517493,50,20.773075
-45.821733,50,20.832562
-46.898737,50,20.876644
-47.442247,50,20.939941
-45.683556,50,20.994132
-48.824377,50,21.050179
-47.540629,50,21.105054
-42.994842,50,21.162778
-49.019332,50,21.217151
-48.335663,50,21.275995
-46.788595,50,21.332665
-53.220323,50,21.38643
-52.568636,50,21.446841
-49.852292,50,21.50268
-46.986622,50,21.553678
-41.569477,50,21.612594
-39.089707,50,21.665576
-47.391669,50,21.714825
-47.191175,50,21.77022
-58.082356,50,21.822977
-46.360451,50,21.877004
-38.056828,50,21.934822
-46.643668,50,21.992114
-49.243147,50,22.045223
-48.099642,50,22.097282
-38.925766,50,22.156611
-48.013999,50,22.212533
-50.951501,50,22.272697
-50.109869,50,22.329916
-44.824337,50,22.804536
-44.697639,50,22.863846
-51.876165,50,22.927337
-42.639788,50,22.986769
-46.87418,50,23.049571
-47.219477,50,23.106661
-48.68272,50,23.166326
-34.978466,50,23.222759
-44.613951,50,23.284407
-43.170922,50,23.348966
-48.527645,50,23.414712
-44.944217,50,23.474862
-42.578751,50,23.53057
-46.466336,50,23.586318
-46.456019,50,23.639597
-43.680323,50,23.699997
-48.145872,50,23.753773
-46.341223,50,23.805662
-48.065177,50,23.859144
-53.194575,50,23.912633
-43.459928,50,23.979035
-39.172626,50,24.044391
-50.30956,50,24.106957
-40.101184,50,24.160244
-49.119302,50,24.221334
-40.702049,50,24.277714
-45.856585,50,24.334462
-48.036222,50,24.385052
-55.450644,50,24.445027
-55.92403,50,24.5001
-45.803854,50,24.554498
-44.044372,50,24.617246
-44.112705,50,24.674346
-44.924074,50,24.737876
-45.259523,50,24.792188
-43.378479,50,24.855976
-48.336803,50,24.917741
-45.209232,50,24.983232
-42.96043,50,25.040366
-47.797822,50,25.094659
-45.024135,50,25.154786
-47.170492,50,25.632991
-47.523745,50,25.68857
-46.472016,50,25.751421
-40.167994,50,25.807313
-46.745395,50,25.8729
-41.78167,50,25.933412
-37.361527,50,25.98839
-46.87981,50,26.043347
-47.462603,50,26.106298
-48.289746,50,26.162352
-44.602344,50,26.227478
-39.059173,50,26.290286
-44.462074,50,26.342609
-46.928034,50,26.400887
-43.236449,50,26.460192
-45.441368,50,26.522543
-44.328822,50,26.579394
-38.474689,50,26.634267
-45.826071,50,26.691323
-39.640756,50,26.745957
-40.26767,50,26.79331
-43.336351,50,26.829364
-52.461543,50,26.886392
-50.701116,50,26.941468
-44.344618,50,26.999203
-48.080162,50,27.06507
-50.30632,50,27.124283
-50.356665,50,27.182535
-48.171746,50,27.233938
-39.724603,50,27.293917
-47.083098,50,27.35129
-48.974234,50,27.408192
-43.948657,50,27.462778
-42.904062,50,27.520264
-50.060238,50,27.57653
-36.683852,50,27.645571
-44.989299,50,27.693976
-42.778516,50,27.750335
-47.066883,50,27.804794
-44.97855,50,27.862322
-43.377743,50,27.91936
-47.789689,50,28.411101
-41.798817,50,28.46525
-39.221651,50,28.528489
-47.405932,50,28.584609
-35.696386,50,28.646671
-44.567381,50,28.704868
-45.588879,50,28.762399
-41.607494,50,28.821032
-39.174237,50,28.89182
-42.922769,50,28.950283
-41.603201,50,29.011036
-39.188945,50,29.072298
-40.087976,50,29.135879
-43.821997,50,29.189059
-38.12737,50,29.242214
-41.49877,50,29.293745
-45.673206,50,29.351376
-44.829712,50,29.405263
-46.91333,50,29.466237
-43.302192,50,29.532115
-34.21816,50,29.591183
-52.166178,50,29.648547
-40.776156,50,29.696414
-44.582759,50,29.756019
-40.659898,50,29.814481
-42.0095,50,29.873294
-39.486488,50,29.931298
-35.461135,50,29.985295
-45.10723,50,30.04589
-36.804071,50,30.113939
-33.062427,50,30.181492
-39.83886,50,30.239804
-48.788415,50,30.299328
-47.1343,50,30.350983
-44.912949,50,30.41147
-34.293085,50,30.469468
-42.257254,50,30.523779
-46.044505,50,30.576347
-36.677792,50,30.632464
-36.841257,50,30.692719
-40.341328,50,30.747866
-32.336991,50,31.22246
-41.700915,50,31.278194
-38.20786,50,31.339512
-42.400024,50,31.389195
-41.665928,50,31.449758
-42.386384,50,31.498952
-37.058046,50,31.556156
-38.179372,50,31.616689
-34.955238,50,31.669034
-45.066746,50,31.72017
-43.310875,50,31.778006
-39.193216,50,31.838051
-43.382588,50,31.896616
-41.601711,50,31.956318
-39.436511,50,32.022384
-33.923971,50,32.083854
-37.841437,50,32.140029
-44.924415,50,32.189244
-40.477788,50,32.247551
-34.518904,50,32.303923
-32.897095,50,32.357358
-47.47382,50,32.41288
-43.011581,50,32.472786
-47.762701,50,32.527182
-43.248103,50,32.582588
-37.216213,50,32.638288
-48.212905,50,32.690479
-39.991468,50,32.742091
-39.085407,50,32.801269
-35.98637,50,32.853885
-32.277102,50,32.916963
-45.235984,50,32.976547
-33.7761,50,33.020538
-39.212657,50,33.079681
-36.983275,50,33.129812
-39.499765,50,33.186705
-41.74766,50,33.237208
-44.983791,50,33.292682
-40.891293,50,33.35257
-40.25488,50,33.40421
-38.580992,50,33.463388
-42.184603,50,33.975373
-34.180725,50,34.040021
-38.74949,50,34.102706
-39.53965,50,34.163598
-35.708511,50,34.228669
-34.815187,50,34.296633
-36.488281,50,34.360639
-42.440046,50,34.421359
-36.034449,50,34.483582
-33.884732,50,34.543737
-38.933276,50,34.601987
-38.628094,50,34.65133
-42.080131,50,34.718972
-38.83867,50,34.780493
-34.126908,50,34.83763
-37.579096,50,34.891673
-39.607555,50,34.95192
-34.019301,50,35.013518
-37.190462,50,35.062325
-37.754811,50,35.121335
-35.17095,50,35.171378
-37.342206,50,35.229233
-43.065555,50,35.295817
-37.624777,50,35.356884
-35.157302,50,35.411939
-38.374955,50,35.477384
-45.270234,50,35.53887
-40.904454,50,35.601159
-43.639349,50,35.667633
-36.369182,50,35.732243
-36.714973,50,35.790482
-35.50522,50,35.85172
-35.270978,50,35.918055
-36.452253,50,35.981507
-32.060955,50,36.040184
-39.235665,50,36.092696
-45.102488,50,36.154673
-42.66682,50,36.21335
-33.047783,50,36.265395
-38.196443,50,36.326384
-37.897476,50,36.381268
-35.857259,50,36.848495
-33.19407,50,36.904771
-36.997717,50,36.962097
-26.833809,50,37.024371
-36.98434,50,37.078369
-40.794247,50,37.134578
-31.88923,50,37.197607
-37.112169,50,37.253043
-33.308397,50,37.31121
-34.141392,50,37.373801
-36.182695,50,37.433448
-32.41674,50,37.489213
-33.160661,50,37.55103
-33.869114,50,37.602329
-37.083257,50,37.664216
-31.468665,50,37.714893
-38.32184,50,37.767475
-35.025671,50,37.822717
-38.783882,50,37.883709
-35.25383,50,37.938253
-34.72243,50,38.010791
-39.482711,50,38.075518
-39.01646,50,38.129477
-31.538801,50,38.182757
-35.987142,50,38.242844
-38.78129,50,38.297705
-24.736974,50,38.351288
-32.71832,50,38.410587
-37.640754,50,38.469875
-35.608692,50,38.523734
-36.513671,50,38.583669
-38.459764,50,38.641299
-38.261227,50,38.695505
-41.776484,50,38.751272
-35.776131,50,38.803329
-40.664429,50,38.856283
-34.701259,50,38.914912
-38.901646,50,38.966896
-33.167062,50,39.021778
-32.689449,50,39.081863
-26.63167,50,39.140509
-31.83753,50,39.610055
-31.373293,50,39.664071
-35.577927,50,39.721476
-28.914251,50,39.780142
-33.621493,50,39.834592
-38.492608,50,39.880173
-33.267231,50,39.94749
-32.841028,50,40.015497
-32.981571,50,40.070304
-30.071649,50,40.130304
-32.903904,50,40.195344
-33.303886,50,40.256595
-30.211877,50,40.317968
-45.81839,50,40.377711
-34.905543,50,40.437669
-32.965297,50,40.50202
-41.693426,50,40.559618
-29.331906,50,40.618225
-38.662148,50,40.675725
-32.161306,50,40.736305
-29.578466,50,40.773386
-35.275517,50,40.829308
-36.789913,50,40.88453
-30.597129,50,40.941374
-35.371162,50,40.995684
-29.570807,50,41.05221
-32.752265,50,41.109776
-31.971094,50,41.166149
-35.058954,50,41.228886
-27.977702,50,41.279885
-30.856209,50,41.340174
-33.594362,50,41.399556
-37.358287,50,41.457062
-37.077893,50,41.514398
-27.861245,50,41.57433
-38.921806,50,41.617903
-36.569624,50,41.673818
-34.969259,50,41.733805
-40.587392,50,41.789736
-37.912447,50,41.840921
-34.724768,50,41.891186
-35.524874,50,42.369319
-37.865532,50,42.432608
-27.089768,50,42.491553
-27.407177,50,42.554989
-31.045455,50,42.610951
-34.979728,50,42.674564
-24.855311,50,42.734327
-33.32596,50,42.799237
-26.895996,50,42.849012
-28.722323,50,42.906482
-35.925069,50,42.961133
-31.324746,50,43.027544
-27.618675,50,43.090988
-35.485974,50,43.155713
-37.343395,50,43.220824
-28.974111,50,43.282306
-34.87632,50,43.337796
-27.98807,50,43.388194
-36.02656,50,43.444461
-28.260808,50,43.496574
-33.307729,50,43.550406
-39.628675,50,43.60664
-36.670538,50,43.664063
-43.226388,50,43.711326
-36.825363,50,43.768737
-27.353994,50,43.821574
-32.088518,50,43.874715
-30.076988,50,43.938386
-37.044338,50,43.990591
-31.974718,50,44.036933
-34.084777,50,44.094857
-39.592044,50,44.154637
-25.516117,50,44.199769
-30.663249,50,44.252699
-37.791242,50,44.311904
-37.850175,50,44.370436
-37.422578,50,44.440159
-31.068842,50,44.510428
-28.750616,50,44.583796
-26.657596,50,44.654702
-34.728815,50,44.721546
-28.516332,50,45.220998
-31.57286,50,45.283502
-38.098647,50,45.341256
-28.440191,50,45.39675
-28.762358,50,45.460011
-37.281734,50,45.516351
-29.33211,50,45.582334
-31.017981,50,45.644081
-29.729178,50,45.6973
-29.602765,50,45.753066
-31.893959,50,45.80637
-29.482994,50,45.863892
-29.976088,50,45.922903
-30.628182,50,45.975373
-28.555872,50,46.018015
-32.3547,50,46.072744
-27.584316,50,46.135126
-33.662505,50,46.195297
-23.670976,50,46.248322
-38.861017,50,46.309393
-38.525437,50,46.367302
-27.236539,50,46.428813
-35.2187,50,46.484976
-37.347859,50,46.546345
-27.568741,50,46.602773
-32.044706,50,46.656627
-36.603392,50,46.710754
-30.62486,50,46.765364
-39.056743,50,46.823303
-27.607121,50,46.859779
-37.669609,50,46.903573
-26.347121,50,46.955482
-32.095271,50,47.012923
-29.442768,50,47.072851
-27.619671,50,47.138055
-28.55093,50,47.191458
-38.525082,50,47.25262
-30.129976,50,47.311354
-25.933105,50,47.365133
-31.90448,50,47.426126
-28.131148,50,47.477255
-29.008252,50,47.992891
-32.859974,50,48.059795
-21.204479,50,48.123294
-30.61263,50,48.185167
-23.944603,50,48.25327
-33.505863,50,48.321594
-28.140853,50,48.380086
-31.030703,50,48.445596
-25.770586,50,48.503398
-35.413,50,48.566682
-25.817886,50,48.621519
-26.749597,50,48.694472
-21.736998,50,48.760383
-25.773266,50,48.812731
-29.402695,50,48.865062
-29.280724,50,48.918916
-29.834921,50,48.975648
-35.423434,50,49.029626
-30.049781,50,49.081789
-31.031884,50,49.141692
-29.457206,50,49.206729
-26.036926,50,49.262498
-37.380481,50,49.314935
-28.698826,50,49.376437
-29.562147,50,49.439252
-34.504706,50,49.492545
-27.825741,50,49.555356
-27.72071,50,49.612424
-34.988779,50,49.665919
-36.611705,50,49.727754
-34.550272,50,49.790602
-35.866468,50,49.846557
-26.486699,50,49.907699
-30.847185,50,49.961289
-30.687288,50,50.017156
-31.351841,50,50.07198
-28.236742,50,50.134934
-23.968418,50,50.193179
-29.513163,50,50.247707
-30.401442,50,50.29561
-29.727476,50,50.353475
-22.241442,50,50.829886
-27.628726,50,50.880645
-19.983943,50,50.937449
-25.235093,50,50.99393
-27.784545,50,51.054652
-24.064315,50,51.112864
-30.053994,50,51.172719
-25.373217,50,51.228927
-30.833387,50,51.285683
-27.531296,50,51.342287
-33.278927,50,51.406783
-28.131656,50,51.470699
-23.512449,50,51.523682
-26.958441,50,51.589072
-25.490243,50,51.647288
-28.150878,50,51.704475
-22.77518,50,51.764925
-25.923561,50,51.821762
-29.947779,50,51.877097
-24.265458,50,51.935344
-29.087269,50,51.99252
-35.71451,50,52.059703
-29.34878,50,52.132981
-36.615933,50,52.189238
-33.806268,50,52.238306
-27.498583,50,52.298278
-27.69105,50,52.364938
-29.569736,50,52.424737
-31.430713,50,52.488359
-29.574161,50,52.538154
-27.9105,50,52.600341
-23.573497,50,52.668832
-30.82999,50,52.739129
-32.033313,50,52.799486
-30.280034,50,52.858996
-24.278296,50,52.915084
-30.680564,50,52.968473
-29.486409,50,53.02176
-30.061249,50,53.068565
-30.97619,50,53.131956
-33.766499,50,53.186532
-32.850402,50,53.663547
-28.065981,50,53.718283
-30.396318,50,53.777097
-26.853688,50,53.833617
-23.54994,50,53.886867
-31.748857,50,53.953618
-26.732367,50,54.010014
-33.899246,50,54.065767
-23.765734,50,54.128449
-27.822032,50,54.187887
-21.974174,50,54.242412
-24.813513,50,54.300357
-26.29824,50,54.356471
-28.030674,50,54.415259
-27.989817,50,54.480284
-31.049729,50,54.536952
-25.052261,50,54.592211
-24.21656,50,54.642741
-26.588961,50,54.692892
-27.679118,50,54.75062
-22.53427,50,54.801979
-34.779623,50,54.854918
-35.352801,50,54.91106
-32.38588,50,54.965704
-26.015788,50,55.023028
-23.857775,50,55.07533
-26.066761,50,55.12695
-29.346241,50,55.181533
-23.084609,50,55.243925
-30.996264,50,55.295114
-29.459244,50,55.35441
-22.065639,50,55.409718
-31.770427,50,55.465247
-25.893635,50,55.512786
-38.659029,50,55.569598
-31.424129,50,55.619543
-35.330978,50,55.670232
-23.312968,50,55.722001
-32.667069,50,55.771485
-21.631746,50,55.825801
-32.287928,50,55.879043
-18.79494,50,56.33805
-36.825029,50,56.39104
-36.574784,50,56.446653
-31.212307,50,56.50371
-33.51731,50,56.555787
-29.133726,50,56.61329
-26.42874,50,56.666361
-30.497379,50,56.723965
-24.959054,50,56.774511
-26.56879,50,56.842324
-29.133778,50,56.903751
-26.772367,50,56.959316
-35.368518,50,57.017511
-37.927368,50,57.077122
-27.859338,50,57.137769
-30.461778,50,57.202751
-31.870684,50,57.255275
-26.376815,50,57.316853
-27.775705,50,57.360524
-26.322423,50,57.412111
-28.691081,50,57.470964
-18.260512,50,57.527434
-21.922753,50,57.581039
-28.647032,50,57.638686
-28.375046,50,57.694161
-33.184702,50,57.747119
-31.131764,50,57.801372
-34.554027,50,57.858629
-33.534856,50,57.916448
-25.381016,50,57.974895
-26.52171,50,58.029146
-23.028783,50,58.088757
-31.627533,50,58.139546
-25.618014,50,58.198255
-31.710317,50,58.255379
-29.542113,50,58.310991
-26.225228,50,58.360154
-21.941417,50,58.415902
-28.112736,50,58.474766
-24.461158,50,58.5298
-31.053861,50,58.584048
-22.951923,50,59.068179
-39.734376,50,59.124094
-31.442033,50,59.178678
-23.206643,50,59.238572
-28.756012,50,59.295599
-25.068794,50,59.357507
-28.898002,50,59.414321
-23.029454,50,59.462485
-29.53835,50,59.519426
-26.170676,50,59.579196
-33.040144,50,59.638498
-22.786132,50,59.695287
-33.716216,50,59.755533
-26.064568,50,59.809662
-17.73449,50,59.864822
-32.024487,50,59.922925
-31.472434,50,59.981634
-24.522657,50,60.041219
-31.690262,50,60.10141
-24.387085,50,60.146161
-25.192049,50,60.203407
-25.045637,50,60.259007
-25.159722,50,60.320523
-20.024669,50,60.369794
-31.170653,50,60.428977
-28.487068,50,60.480599
-25.89522,50,60.528913
-21.809289,50,60.600905
-22.218809,50,60.660512
-24.567976,50,60.72746
-25.396142,50,60.795133
-26.720603,50,60.853843
-28.937168,50,60.911877
-23.349891,50,60.974782
-27.508314,50,61.035408
-26.476475,50,61.095708
-31.838358,50,61.149881
-21.280651,50,61.213138
-25.213385,50,61.279772
-26.769306,50,61.335827
-31.645939,50,61.39929
-23.08063,50,61.913994
-24.296692,50,61.975422
-28.000707,50,62.035639
-25.245039,50,62.092705
-36.039873,50,62.14789
-25.110896,50,62.204489
-30.717342,50,62.259739
-31.7165,50,62.320307
-20.295145,50,62.388487
-24.930389,50,62.454441
-28.417938,50,62.509593
-25.370556,50,62.570577
-34.29922,50,62.632685
-20.337896,50,62.70372
-27.535528,50,62.775301
-29.124873,50,62.848533
-22.689057,50,62.914595
-25.206345,50,62.9844
-20.758099,50,63.043628
-22.317745,50,63.106664
-20.885465,50,63.161581
-32.63664,50,63.224674
-33.832159,50,63.291698
-24.676356,50,63.360749
-28.186627,50,63.420054
-23.583403,50,63.482828
-29.251591,50,63.54571
-30.461554,50,63.606806
-22.296908,50,63.665813
-36.269213,50,63.724356
-24.325988,50,63.781352
-27.63392,50,63.836198
-22.513852,50,63.893842
-22.607359,50,63.944758
-31.50132,50,64.001977
-27.856038,50,64.059621
-26.936912,50,64.11946
-20.993459,50,64.1767
-26.430976,50,64.236781
-24.016766,50,64.297142
-30.252849,50,64.354326
-24.066103,50,64.854577
-20.970764,50,64.921154
-21.234948,50,64.980768
-32.444148,50,65.040704
-34.39747,50,65.092527
-21.991133,50,65.152489
-28.916498,50,65.216601
-22.067388,50,65.266895
-24.701306,50,65.322314
-30.75864,50,65.380141
-24.503018,50,65.437128
-19.746849,50,65.487865
-31.746752,50,65.546202
-23.498781,50,65.596736
-30.880416,50,65.657974
-24.864112,50,65.708293
-22.626767,50,65.76651
-33.630241,50,65.814316
-31.98921,50,65.873759
-24.055091,50,65.931653
-22.969998,50,65.982965
-27.942245,50,66.03504
-25.223732,50,66.090514
-27.677231,50,66.143651
-25.571466,50,66.20419
-33.527245,50,66.262575
-21.658825,50,66.317554
-29.756874,50,66.37096
-29.230607,50,66.427004
-20.014344,50,66.482851
-26.166812,50,66.538151
-27.506489,50,66.590449
-20.976893,50,66.647621
-26.085704,50,66.706628
-32.033742,50,66.764348
-23.323895,50,66.821891
-18.267096,50,66.878683
-31.416744,50,66.932528
-30.821701,50,66.989201
-24.998373,50,67.037666
-24.495175,50,67.100514
-29.802079,50,67.573691
-22.886041,50,67.629634
-20.592883,50,67.687965
-18.477155,50,67.743994
-21.2772,50,67.795283
-31.361422,50,67.850931
-33.821065,50,67.904231
-25.204498,50,67.960398
-21.890032,50,68.015546
-23.108283,50,68.075973
-29.736066,50,68.130244
-19.673269,50,68.190074
-31.302358,50,68.248606
-25.875443,50,68.309133
-20.357394,50,68.365755
-27.645212,50,68.421148
-20.523354,50,68.489765
-33.076903,50,68.553021
-27.7689,50,68.604445
-19.261078,50,68.660584
-21.858487,50,68.727405
-19.814056,50,68.784172
-24.204698,50,68.84084
-25.576629,50,68.90132
-34.990123,50,68.961787
-28.813586,50,69.025609
-21.889395,50,69.091933
-25.010034,50,69.156389
-25.702447,50,69.220354
-24.201558,50,69.276238
-18.432188,50,69.330809
-28.849517,50,69.385634
-23.662626,50,69.439903
-25.416162,50,69.497743
-28.693559,50,69.550408
-24.924899,50,69.6013
-26.302261,50,69.662122
-26.886354,50,69.720988
-25.100119,50,69.776658
-19.509541,50,69.832188
-26.810065,50,69.889224
-18.682378,50,70.358939
-31.926447,50,70.409164
-22.664137,50,70.466287
-26.321898,50,70.531727
-21.416666,50,70.588577
-20.446195,50,70.644458
-29.639232,50,70.697314
-21.758498,50,70.757556
-31.566425,50,70.812479
-21.992584,50,70.86309
-30.647924,50,70.925873
-16.747888,50,70.981148
-20.004921,50,71.039678
-23.836134,50,71.094498
-23.341213,50,71.153589
-20.288343,50,71.21257
-30.673323,50,71.2676
-23.055917,50,71.329605
-24.811411,50,71.393126
-22.455049,50,71.448951
-23.199562,50,71.495962
-25.514524,50,71.551899
-21.287945,50,71.615213
-32.21196,50,71.672134
-30.479921,50,71.727126
-21.186367,50,71.783738
-21.584232,50,71.842274
-17.118311,50,71.89778
-19.501918,50,71.9563
-17.491401,50,72.001497
-22.78593,50,72.053019
-17.558338,50,72.112273
-18.237543,50,72.17094
-23.882385,50,72.221126
-26.027646,50,72.282331
-26.647713,50,72.334487
-24.499762,50,72.393905
-23.646393,50,72.453375
-26.853261,50,72.50767
-23.410122,50,72.570074
-25.817317,50,73.056767
-22.83932,50,73.107994
-30.454031,50,73.163271
-21.44916,50,73.221949
-24.447572,50,73.276693
-20.684383,50,73.335298
-30.230867,50,73.395547
-22.494917,50,73.450377
-29.785168,50,73.51173
-28.744551,50,73.56304
-20.387233,50,73.632323
-18.388941,50,73.69897
-24.528371,50,73.758134
-21.726731,50,73.812045
-22.534874,50,73.867224
-19.129496,50,73.931747
-24.343578,50,73.992319
-19.254439,50,74.046417
-24.854697,50,74.101727
-18.848548,50,74.151623
-23.303077,50,74.213893
-23.867471,50,74.277491
-18.480275,50,74.335687
-21.239272,50,74.399672
-18.659422,50,74.451336
-14.189509,50,74.516608
-36.068974,50,74.572439
-17.486448,50,74.620144
-19.318459,50,74.672926
-28.100328,50,74.728751
-31.712764,50,74.786917
-25.541338,50,74.848739
-18.764541,50,74.904043
-21.262271,50,74.967068
-25.471288,50,75.027813
-20.05365,50,75.081875
-16.508065,50,75.139802
-24.635242,50,75.189815
-22.91474,50,75.252449
-30.119998,50,75.316333
-29.566843,50,75.377299
-27.60248,50,75.861626
-23.099742,50,75.922669
-21.458579,50,75.96694
-23.83721,50,76.001804
-28.262142,50,76.047706
-19.600287,50,76.110637
-25.29423,50,76.167597
-24.877504,50,76.231826
-23.444812,50,76.286997
-21.51347,50,76.345321
-30.625942,50,76.395836
-23.109697,50,76.461786
-34.90912,50,76.515527
-18.770845,50,76.575478
-25.581314,50,76.628421
-24.82434,50,76.686271
-16.344982,50,76.731744
-20.854488,50,76.798462
-21.930824,50,76.852221
-17.253956,50,76.913411
-29.224245,50,76.964395
-28.96821,50,77.018031
-27.728976,50,77.081069
-28.770386,50,77.140916
-23.438847,50,77.196987
-20.365883,50,77.249463
-23.005577,50,77.302346
-15.316499,50,77.364353
-22.290089,50,77.426298
-24.938518,50,77.479366
-19.991474,50,77.532543
-16.23319,50,77.584944
-21.679821,50,77.639458
-21.632315,50,77.697619
-22.26394,50,77.754916
-25.366906,50,77.813478
-27.563896,50,77.862508
-23.870279,50,77.916165
-26.713841,50,77.978163
-29.845434,50,78.02683
-20.915594,50,78.087698
-29.756919,50,78.558249
-28.372569,50,78.612604
-19.279049,50,78.671301
-25.41087,50,78.73731
-26.883946,50,78.792342
-21.757838,50,78.843588
-28.108769,50,78.907814
-21.615918,50,78.970145
-26.508862,50,79.024804
-19.184582,50,79.086193
-21.646896,50,79.151035
-26.902465,50,79.203427
-16.463186,50,79.259914
-20.96671,50,79.324806
-24.119691,50,79.381047
-25.059847,50,79.431935
-21.718195,50,79.488073
-25.757878,50,79.544363
-16.626388,50,79.59729
-22.910849,50,79.654868
-20.203502,50,79.715015
-25.357304,50,79.771755
-24.179502,50,79.828202
-27.451329,50,79.877711
-27.970224,50,79.936264
-27.631077,50,79.992435
-26.198328,50,80.046432
-18.30573,50,80.10879
-25.538032,50,80.169148
-18.238876,50,80.224703
-17.902871,50,80.275156
-17.559806,50,80.332604
-16.628665,50,80.38641
-29.953551,50,80.443975
-25.122186,50,80.49758
-20.82589,50,80.558083
-16.894866,50,80.61425
-23.038631,50,80.672342
-22.548314,50,80.728994
-20.423623,50,80.782291
-23.478964,50,80.842412
-22.058129,50,81.304923
-23.242412,50,81.343534
-20.010396,50,81.398462
-22.277633,50,81.463517
-16.312605,50,81.520913
-16.765611,50,81.574156
-17.603,50,81.616804
-21.338719,50,81.678516
-17.765341,50,81.736442
-22.700313,50,81.795675
-24.408852,50,81.849877
-21.722625,50,81.909009
-27.32248,50,81.964833
-20.648931,50,82.027094
-22.873524,50,82.090667
-24.275522,50,82.147399
-22.477321,50,82.207
-19.316221,50,82.270542
-22.082421,50,82.323029
-24.873259,50,82.379789
-19.672082,50,82.44111
-16.419893,50,82.496719
-18.387943,50,82.551405
-18.609154,50,82.611099
-30.373649,50,82.669611
-23.792537,50,82.729498
-20.250121,50,82.7922
-31.942573,50,82.850403
-17.750185,50,82.902499
-32.77618,50,82.970073
-31.482441,50,83.032577
-22.608175,50,83.09033
-30.8935,50,83.147716
-24.097605,50,83.203663
-18.377355,50,83.257364
-19.036318,50,83.317274
-25.196915,50,83.375531
-17.254388,50,83.43492
-15.309851,50,83.493978
-25.774234,50,83.545999
-30.2367,50,83.607005
-32.145946,50,84.078077
-18.730282,50,84.133145
-22.798412,50,84.192318
-19.691104,50,84.249762
-17.881344,50,84.293923
-25.187655,50,84.35751
-26.484676,50,84.41765
-22.117112,50,84.475128
-23.339528,50,84.539587
-27.016711,50,84.603114
-19.014476,50,84.659144
-25.686062,50,84.716497
-29.020847,50,84.770859
-23.79366,50,84.831658
-20.389493,50,84.895617
-17.792423,50,84.955616
-26.999783,50,85.014301
-19.247254,50,85.075252
-22.973875,50,85.141646
-19.172844,50,85.207336
-31.651104,50,85.26521
-21.703623,50,85.330715
-26.472355,50,85.384699
-20.439015,50,85.444306
-19.066224,50,85.508168
-16.79477,50,85.565124
-18.271941,50,85.627654
-17.943999,50,85.692528
-22.390859,50,85.749882
-29.565213,50,85.808063
-13.935994,50,85.870874
-25.419804,50,85.92526
-18.544103,50,85.982992
-24.320142,50,86.043618
-24.727087,50,86.099572
-16.374957,50,86.152218
-19.668453,50,86.218992
-20.988595,50,86.279553
-21.037701,50,86.341671
-27.952341,50,86.403788
-17.480561,50,86.463733
-18.674459,50,86.950247
-21.513138,50,87.009922
-23.228303,50,87.067856
-17.659008,50,87.128052
-17.297428,50,87.190318
-27.630655,50,87.249772
-13.821744,50,87.312382
-21.269163,50,87.37596
-18.12245,50,87.43591
-28.798623,50,87.497736
-29.582319,50,87.563614
-18.68669,50,87.63133
-28.342588,50,87.688052
-26.823865,50,87.743223
-13.752751,50,87.805501
-18.874098,50,87.857195
-20.596397,50,87.915774
-15.484748,50,87.966124
-28.375521,50,88.02136
-26.199189,50,88.078791
-20.911042,50,88.137434
-22.349896,50,88.190867
-21.034926,50,88.249712
-14.272662,50,88.30564
-21.913077,50,88.364141
-21.428603,50,88.419463
-23.450933,50,88.471617
-19.234503,50,88.525173
-21.175634,50,88.575593
-17.778213,50,88.635361
-25.219396,50,88.686435
-14.858478,50,88.749274
-17.813262,50,88.8102
-25.939581,50,88.876179
-18.629723,50,88.940468
-13.312299,50,89.001667
-24.162857,50,89.064384
-19.199071,50,89.130589
-20.109223,50,89.186713
-15.442376,50,89.249016
-24.517436,50,89.310735
-24.845268,50,89.794264
-17.891432,50,89.857142
-14.17541,50,89.91208
-29.703481,50,89.948664
-23.772931,50,90.005026
-21.873696,50,90.05923
-17.138595,50,90.115926
-24.773984,50,90.169413
-21.536851,50,90.223991
-17.614204,50,90.287372
-26.904304,50,90.342937
-26.647171,50,90.394617
-12.282895,50,90.448152
-24.817699,50,90.505537
-28.266132,50,90.564461
-20.801551,50,90.619182
-23.676619,50,90.679813
-25.339801,50,90.741561
-28.370783,50,90.796934
-19.46939,50,90.852219
-20.402295,50,90.911795
-24.101544,50,90.969728
-23.151986,50,91.025259
-16.609243,50,91.086445
-24.201694,50,91.145424
-25.746209,50,91.201862
-17.370849,50,91.256411
-20.768096,50,91.316339
-18.364643,50,91.379074
-26.922984,50,91.44203
-11.361094,50,91.489773
-24.846858,50,91.545019
-26.45936,50,91.60311
-20.73348,50,91.659797
-20.059037,50,91.715199
-22.833275,50,91.768407
-21.808293,50,91.830178
-26.136359,50,91.884427
-27.796535,50,91.935677
-20.620035,50,91.990187
-27.927052,50,92.040695
-16.075311,50,92.525302
-28.359756,50,92.583899
-21.02415,50,92.640377
-27.342797,50,92.697454
-21.56577,50,92.752899
-16.437159,50,92.81491
-25.830111,50,92.873441
-25.517279,50,92.928705
-26.71577,50,92.979298
-19.310585,50,93.036138
-17.318055,50,93.094885
-17.452822,50,93.156107
-21.571593,50,93.218545
-21.731153,50,93.273777
-20.116554,50,93.336369
-31.755411,50,93.399983
-18.632317,50,93.456813
-20.748292,50,93.513598
-20.991652,50,93.567841
-23.777871,50,93.62389
-22.964729,50,93.684351
-21.772852,50,93.737275
-21.678287,50,93.791219
-19.748162,50,93.850929
-24.130935,50,93.908935
-22.16389,50,93.964333
-22.977928,50,94.021771
-20.511325,50,94.077025
-23.30901,50,94.138613
-21.971668,50,94.201771
-20.051588,50,94.260455
-24.359422,50,94.312524
-20.08921,50,94.370051
-21.663252,50,94.424021
-21.189018,50,94.482719
-17.889831,50,94.54124
-22.842511,50,94.597011
-20.565252,50,94.655636
-25.53631,50,94.720042
-27.765363,50,94.774049
-20.553058,50,94.830507
-23.231983,50,95.310918
-23.310565,50,95.371333
-21.806583,50,95.424552
-30.199901,50,95.479035
-29.842095,50,95.530823
-24.256532,50,95.589696
-17.714008,50,95.651271
-29.604701,50,95.705576
-25.741372,50,95.764844
-22.791391,50,95.824033
-24.086835,50,95.877468
-20.123174,50,95.93376
-25.045379,50,95.98155
-16.846738,50,96.036533
-13.501192,50,96.091129
-26.428234,50,96.152815
-19.699287,50,96.209829
-18.430367,50,96.261823
-25.249616,50,96.320662
-21.200562,50,96.372379
-29.117543,50,96.424474
-24.241913,50,96.479207
-23.078002,50,96.536611
-18.306951,50,96.595957
-19.911317,50,96.650908
-19.210571,50,96.7093
-29.350165,50,96.771131
-27.157833,50,96.82304
-28.5593,50,96.874348
-15.262493,50,96.937261
-27.926451,50,97.001673
-29.339736,50,97.057539
-21.102729,50,97.1038
-28.490264,50,97.159748
-18.38383,50,97.209832
-22.875156,50,97.269373
-17.772737,50,97.325441
-29.411152,50,97.371268
-26.272055,50,97.432303
-26.390212,50,97.482168
-28.936147,50,97.532489
-22.699502,50,98.034528
-27.838741,50,98.098037
-17.266191,50,98.164397
-29.380472,50,98.229222
-26.297549,50,98.2902
-28.367569,50,98.346356
-17.794957,50,98.398659
-23.770368,50,98.453359
-21.522337,50,98.503812
-18.395584,50,98.564645
-22.670387,50,98.616771
-15.434827,50,98.675489
-20.957157,50,98.728362
-15.735971,50,98.789433
-26.308336,50,98.853406
-27.396578,50,98.907244
-19.471085,50,98.95385
-16.039935,50,99.010419
-22.777303,50,99.069047
-26.305254,50,99.132338
-19.686593,50,99.192333
-17.041574,50,99.256566
-20.532073,50,99.309324
-17.282077,50,99.349492
-17.114507,50,99.404457
-24.971091,50,99.462117
-21.895607,50,99.524189
-16.961663,50,99.579143
-21.985364,50,99.633334
-29.221202,50,99.69216
-17.825204,50,99.750753
-22.601609,50,99.807353
-23.709746,50,99.866083
-18.490206,50,99.92681
-19.664421,50,99.991468
-21.225831,50,100.0449
-24.479596,50,100.100745
-19.797051,50,100.155392
-22.240219,50,100.20856
-25.565755,50,100.270427
-30.510701,50,100.32136
-24.192942,50,100.820837
-29.221762,50,100.870476
-13.629696,50,100.934341
-15.316485,50,100.994499
-25.546895,50,101.054272
-25.970497,50,101.114906
-26.707031,50,101.175243
-23.961351,50,101.220338
-19.315148,50,101.269645
-16.619877,50,101.328866
-25.636535,50,101.379309
-14.435923,50,101.433194
-30.082361,50,101.494667
-20.390053,50,101.555349
-28.319414,50,101.618209
-21.51594,50,101.67742
-16.781901,50,101.736314
-16.464166,50,101.8004
-27.069365,50,101.860739
-19.199146,50,101.913764
-15.682492,50,101.970653
-25.618745,50,102.031074
-19.534296,50,102.0887
-23.331013,50,102.152905
-21.946086,50,102.209873
-20.917616,50,102.265327
-25.367736,50,102.330249
-24.538734,50,102.395343
-18.17786,50,102.459152
-19.131734,50,102.517862
-28.683742,50,102.572418
-23.945493,50,102.631569
-19.280759,50,102.695237
-10.478277,50,102.755982
-19.461559,50,102.810817
-18.97821,50,102.869974
-22.001027,50,102.925329
-15.740572,50,102.981658
-19.062451,50,103.031662
-24.506461,50,103.088637
-27.286661,50,103.151263
-15.330368,50,103.646648
-15.35584,50,103.700704
-24.14371,50,103.764117
-26.201583,50,103.823537
-19.321248,50,103.887509
-21.679041,50,103.949255
-27.137508,50,104.002472
-18.453343,50,104.066123
-24.480296,50,104.118557
-19.810481,50,104.170092
-28.606376,50,104.230146
-24.603607,50,104.284705
-22.826746,50,104.346496
-12.7726,50,104.396695
-27.839679,50,104.458171
-15.939412,50,104.51556
-21.679787,50,104.579055
-26.620086,50,104.626917
-26.647114,50,104.685512
-17.853778,50,104.735347
-10.789336,50,104.791409
-16.224466,50,104.847408
-27.409825,50,104.896379
-17.412793,50,104.951689
-16.122067,50,105.008573
-25.670485,50,105.059491
-26.324642,50,105.120513
-24.28069,50,105.181095
-23.497185,50,105.240051
-17.927091,50,105.301774
-16.301659,50,105.3383
-19.397386,50,105.395195
-12.948014,50,105.448306
-14.912085,50,105.504542
-20.294574,50,105.560358
-16.168997,50,105.618964
-27.899694,50,105.673276
-25.295361,50,105.72975
-20.464385,50,105.789178
-27.133983,50,105.84595
-28.309146,50,105.904203
-16.04561,50,106.391341
-15.610719,50,106.445957
-21.501455,50,106.496986
-26.304364,50,106.5531
-14.93103,50,106.614216
-21.844259,50,106.657743
-18.644075,50,106.71299
-21.211434,50,106.767388
-28.665775,50,106.8334
-25.126307,50,106.884106
-16.858365,50,106.944517
-24.140675,50,107.005385
-17.100864,50,107.062419
-31.42972,50,107.122376
-23.235688,50,107.189325
-27.866724,50,107.246108
-19.305182,50,107.302529
-17.365505,50,107.355198
-26.9256,50,107.42165
-16.568897,50,107.480402
-26.801634,50,107.53652
-22.296472,50,107.595998
-19.572794,50,107.654406
-22.236619,50,107.709266
-12.130321,50,107.763607
-22.209981,50,107.82146
-22.648383,50,107.872595
-25.601866,50,107.92721
-23.184216,50,107.987371
-19.34768,50,108.03869
-21.372263,50,108.093538
-26.503537,50,108.154761
-22.706129,50,108.204308
-21.091531,50,108.256431
-23.588248,50,108.313883
-19.19047,50,108.365864
-26.379784,50,108.420445
-21.809579,50,108.482618
-22.625832,50,108.539131
-15.090601,50,108.596308
-14.837087,50,108.650705
-25.590434,50,109.132736
-22.795549,50,109.191518
-14.837893,50,109.24948
-28.892351,50,109.307798
-17.515454,50,109.36118
-18.308634,50,109.420528
-28.009863,50,109.474519
-14.091772,50,109.531212
-22.130723,50,109.587127
-24.374009,50,109.644316
-25.313628,50,109.702035
-24.724253,50,109.75213
-15.266134,50,109.808141
-25.353475,50,109.870409
-12.152115,50,109.926987
-20.54443,50,109.983833
-19.444378,50,110.041988
-18.876014,50,110.091061
-17.527209,50,110.149267
-16.126141,50,110.202281
-23.735072,50,110.254184
-25.093387,50,110.318439
-15.910653,50,110.373584
-19.632458,50,110.429219
-29.546083,50,110.487958
-18.706107,50,110.554337
-14.147709,50,110.611645
-19.042814,50,110.664476
-15.560193,50,110.720878
-25.547604,50,110.777564
-12.626043,50,110.827615
-16.796668,50,110.883655
-15.096008,50,110.938675
-29.422349,50,110.990688
-23.455816,50,111.047009
-24.777036,50,111.107637
-22.412236,50,111.163478
-22.124654,50,111.220356
-21.733881,50,111.274504
-28.403625,50,111.338041
-11.768412,50,111.383479
-21.105833,50,111.874812
-24.376932,50,111.930973
-28.173598,50,111.991839
-20.643275,50,112.057185
-23.667808,50,112.122622
-17.566187,50,112.184293
-17.386188,50,112.240627
-26.213938,50,112.301356
-21.903297,50,112.358992
-22.99498,50,112.415793
-16.711825,50,112.470411
-23.872446,50,112.523307
-11.149614,50,112.583853
-21.174348,50,112.644773
-15.723929,50,112.699775
-23.486485,50,112.75724
-25.333711,50,112.814524
-14.96076,50,112.873399
-19.051772,50,112.928144
-16.434797,50,112.984636
-17.265439,50,113.043597
-19.977935,50,113.099608
-20.112579,50,113.158998
-25.466595,50,113.208917
-15.483564,50,113.272595
-25.262694,50,113.327104
-22.140728,50,113.386543
-11.369082,50,113.438867
-23.570456,50,113.493846
-20.886231,50,113.552043
-28.305364,50,113.614043
-16.335331,50,113.667802
-22.160838,50,113.72667
-25.452407,50,113.773188
-26.647207,50,113.829564
-16.612353,50,113.884747
-27.262445,50,113.940503
-27.292683,50,114.004447
-19.070412,50,114.053348
-25.130499,50,114.116438
-18.692338,50,114.171116
-27.776417,50,114.630713
-27.045939,50,114.687907
-24.58036,50,114.750613
-17.046608,50,114.804312
-13.422152,50,114.86323
-25.447076,50,114.927768
-20.447797,50,114.985824
-20.362882,50,115.034691
-11.579002,50,115.090802
-23.378094,50,115.144898
-18.066786,50,115.206879
-22.265917,50,115.267626
-15.348448,50,115.331049
-20.999754,50,115.393559
-15.017642,50,115.449676
-25.788489,50,115.508243
-18.732292,50,115.567561
-20.754983,50,115.621904
-21.623716,50,115.672593
-26.169941,50,115.725127
-12.990275,50,115.790656
-20.842795,50,115.846375
-14.166115,50,115.909529
-28.97149,50,115.970666
-29.975408,50,116.029669
-21.281843,50,116.091803
-19.422478,50,116.14384
-17.598077,50,116.200206
-13.014594,50,116.257146
-24.399367,50,116.310061
-18.845725,50,116.367475
-23.244489,50,116.426744
-25.840509,50,116.485516
-29.078746,50,116.544554
-18.563726,50,116.595769
-19.759823,50,116.652391
-16.634302,50,116.707087
-20.410921,50,116.757862
-17.890504,50,116.810726
-19.79866,50,116.860005
-23.949121,50,116.915277
-14.820152,50,117.395083
-22.628682,50,117.444117
-23.081629,50,117.492999
-23.86391,50,117.556774
-15.637697,50,117.613954
-12.20342,50,117.668784
-23.326561,50,117.723962
-13.493267,50,117.777507
-20.5281,50,117.835487
-21.463323,50,117.8913
-18.372037,50,117.953792
-19.583931,50,118.01215
-19.251022,50,118.076767
-11.99453,50,118.140263
-16.531182,50,118.201684
-15.10387,50,118.25767
-19.160364,50,118.31314
-28.141341,50,118.367198
-17.331698,50,118.42477
-22.884686,50,118.480351
-15.776287,50,118.530806
-21.443686,50,118.592052
-24.944608,50,118.652197
-16.174702,50,118.705672
-13.110165,50,118.757813
-23.188056,50,118.820634
-10.559337,50,118.875755
-15.550575,50,118.924734
-14.201465,50,118.972295
-23.779119,50,119.033518
-23.699785,50,119.086298
-19.753382,50,119.142407
-27.634406,50,119.20058
-16.342197,50,119.257842
-19.089183,50,119.317821
-15.707663,50,119.372545
-19.887863,50,119.432137
-19.544665,50,119.488616
-20.680381,50,119.54907
-17.243437,50,119.606233
-26.376304,50,119.667049
-12.856852,50,120.166053
-22.800045,50,120.225483
-17.923604,50,120.283274
-19.136886,50,120.34925
-25.82767,50,120.408457
-12.72732,50,120.468616
-23.839717,50,120.527537
-24.704993,50,120.58997
-21.91806,50,120.646826
-16.616929,50,120.696675
-27.786254,50,120.749208
-20.174803,50,120.807608
-26.051246,50,120.872265
-24.186844,50,120.933195
-24.492449,50,120.991017
-14.837258,50,121.051409
-25.895575,50,121.105583
-23.589334,50,121.161935
-25.83223,50,121.214129
-19.750085,50,121.269441
-26.335332,50,121.32627
-13.048168,50,121.380894
-26.902221,50,121.438153
-17.653349,50,121.497951
-27.689439,50,121.549952
-28.125914,50,121.604673
-13.99445,50,121.661993
-25.454993,50,121.714343
-16.209625,50,121.767126
-17.672653,50,121.817723
-17.911924,50,121.866724
-26.738412,50,121.9249
-19.268585,50,121.986994
-16.718949,50,122.042726
-27.705603,50,122.108482
-15.734572,50,122.170916
-18.464406,50,122.229454
-15.368435,50,122.286332
-26.767848,50,122.339045
-17.962796,50,122.397474
-17.242394,50,122.452318
-16.979434,50,122.91778
-21.912602,50,122.976544
-22.304809,50,123.041471
-22.363149,50,123.107454
-21.888166,50,123.161924
-12.331498,50,123.214271
-17.146953,50,123.270202
-24.925733,50,123.328987
-16.028935,50,123.381312
-18.533753,50,123.438835
-18.402656,50,123.495331
-20.84369,50,123.555802
-20.994036,50,123.619143
-20.142088,50,123.674062
-14.957956,50,123.735027
-12.20697,50,123.792847
-21.610017,50,123.847504
-25.407126,50,123.905615
-15.498929,50,123.951044
-23.888004,50,124.005664
-14.855036,50,124.062652
-20.236046,50,124.114234
-15.648602,50,124.171945
-21.983264,50,124.229956
-15.02589,50,124.286265
-19.333444,50,124.343108
-19.454508,50,124.402687
-23.586728,50,124.461185
-19.039277,50,124.515809
-21.032212,50,124.56202
-16.817921,50,124.618483
-19.822852,50,124.670437
-17.493566,50,124.723877
-24.261936,50,124.78337
-15.846352,50,124.837311
-20.562478,50,124.893297
-23.706855,50,124.948694
-15.895285,50,125.004488
-23.922217,50,125.064531
-20.492947,50,125.121773
-21.041645,50,125.184023
-18.680496,50,125.65837
-25.5432,50,125.715815
-27.178751,50,125.780257
-9.385389,50,125.844036
-22.336851,50,125.906734
-18.912458,50,125.964716
-24.823081,50,126.01964
-15.309925,50,126.076349
-14.768005,50,126.135595
-20.607432,50,126.19564
-27.485233,50,126.240705
-23.909791,50,126.298986
-21.541164,50,126.357066
-29.130398,50,126.416647
-21.00034,50,126.479998
-17.824777,50,126.543667
-14.3767,50,126.598926
-16.935643,50,126.655396
-28.337197,50,126.713536
-24.499924,50,126.772402
-10.853776,50,126.829792
-23.884559,50,126.883549
-21.108695,50,126.940203
-17.912751,50,126.988078
-28.743623,50,127.04607
-23.401991,50,127.100977
-24.75585,50,127.153733
-17.859073,50,127.211507
-10.030218,50,127.264307
-24.110749,50,127.32717
-18.611097,50,127.385039
-13.960945,50,127.441808
-12.147624,50,127.500522
-22.299693,50,127.55907
-25.077192,50,127.617718
-10.427881,50,127.675853
-11.92616,50,127.739004
-15.13003,50,127.794573
-16.286735,50,127.844538
-21.66494,50,127.894861
-22.508917,50,127.944508
-25.775756,50,128.500128
-14.422967,50,128.559357
-16.692736,50,128.618653
-28.690111,50,128.67746
-25.636468,50,128.737352
-16.423333,50,128.787453
-15.682622,50,128.853508
-15.397095,50,128.918575
-18.475605,50,128.982809
-25.210335,50,129.03578
-22.07991,50,129.090519
-27.964533,50,129.146772
-13.874027,50,129.198597
-21.624654,50,129.262528
-15.432059,50,129.31803
-18.235768,50,129.370706
-18.79789,50,129.432042
-22.834864,50,129.487477
-23.308045,50,129.544918
-22.197502,50,129.602681
-22.167139,50,129.659258
-24.920319,50,129.71548
-21.775185,50,129.770899
-16.10688,50,129.831742
-25.592154,50,129.884639
-18.520861,50,129.937013
-16.476768,50,129.991682
-16.981778,50,130.0468
-16.425138,50,130.104435
-17.283014,50,130.162784
-21.005229,50,130.217728
-18.583632,50,130.278014
-16.431355,50,130.339676
-14.690619,50,130.403671
-16.992323,50,130.465671
-17.975136,50,130.522119
-21.662661,50,130.586142
-24.535669,50,130.644493
-12.369925,50,130.70129
-14.895714,50,130.753594
-22.825351,50,130.81959
-16.012644,50,131.391639
-10.540508,50,131.454106
-15.571173,50,131.514255
-25.708234,50,131.585393
-18.986705,50,131.652553
-26.15656,50,131.713233
-22.239529,50,131.76328
-18.27761,50,131.82348
-12.446558,50,131.887557
-23.241866,50,131.945701
-26.338515,50,132.001369
-24.311066,50,132.062424
-10.928912,50,132.11791
-18.625225,50,132.174831
-14.204736,50,132.229736
-12.21047,50,132.284621
-26.90166,50,132.378239
-14.64549,50,132.440596
-21.143701,50,132.502502
-12.958091,50,132.564609
-21.303492,50,132.629171
-16.575637,50,132.687078
-15.471217,50,132.75289
-15.01501,50,132.811614
-19.25826,50,132.876446
-26.164131,50,132.929592
-24.142403,50,132.981922
-25.03589,50,133.03675
-15.168746,50,133.090074
-15.191221,50,133.148851
-19.301253,50,133.201411
-24.464239,50,133.255594
-13.554812,50,133.310728
-22.733935,50,133.359966
-16.554696,50,133.414688
-15.077935,50,133.470697
-22.557979,50,133.527367
-22.737165,50,133.5884
-10.899408,50,133.641722
-20.033257,50,133.697871
-15.048735,50,133.755474
-20.175775,50,134.234425
-23.247049,50,134.278924
-25.178391,50,134.337139
-18.405961,50,134.392378
-24.102831,50,134.453799
-21.583538,50,134.509274
-20.791055,50,134.568708
-17.120367,50,134.617824
-11.316119,50,134.670669
-17.853538,50,134.725842
-17.85094,50,134.780581
-24.016582,50,134.832936
-12.924244,50,134.880136
-19.829804,50,134.939492
-19.043709,50,134.999123
-18.222901,50,135.058834
-26.2795,50,135.112404
-16.826685,50,135.167965
-11.29302,50,135.223563
-20.285241,50,135.274734
-23.968615,50,135.332422
-18.238659,50,135.391685
-25.96275,50,135.448502
-20.197355,50,135.501687
-26.35324,50,135.549883
-18.245736,50,135.60614
-20.958186,50,135.663945
-26.549066,50,135.71356
-16.244629,50,135.765052
-22.38741,50,135.827667
-13.268129,50,135.88308
-26.819434,50,135.938207
-11.808272,50,135.993046
-19.809274,50,136.052512
-21.712926,50,136.108315
-12.279051,50,136.163849
-22.71219,50,136.221851
-27.734927,50,136.28876
-22.444655,50,136.344989
-12.623102,50,136.408465
-19.914289,50,136.474321
-23.742188,50,137.056001
-23.869278,50,137.113828
-19.227574,50,137.183455
-23.846679,50,137.247784
-20.517386,50,137.306539
-21.043428,50,137.362925
-21.356031,50,137.415262
-13.775866,50,137.457539
-23.330388,50,137.503092
-24.706264,50,137.552546
-13.578083,50,137.601803
-25.851713,50,137.641083
-22.157654,50,137.680848
-19.971791,50,137.716288
-24.534736,50,137.751185
-27.32514,50,137.792048
-17.670358,50,137.826038
-20.856899,50,137.861134
-21.294087,50,137.896721
-19.249798,50,137.938483
-26.903819,50,137.972843
-22.830228,50,138.008775
-24.696,50,138.045943
-25.182727,50,138.096124
-24.060899,50,138.14855
-20.895803,50,138.2
-19.169077,50,138.252528
-13.91605,50,138.290013
-26.977147,50,138.325668
-13.037187,50,138.360723
-21.854007,50,138.395576
-15.249274,50,138.430684
-20.219083,50,138.466841
-10.610455,50,138.514308
-19.232732,50,138.5603
-25.684336,50,138.603762
-19.482311,50,138.639572
-17.758327,50,138.675316
-15.35757,50,138.711163
-16.984739,50,138.745574
-22.376994,50,138.779987
-19.692252,50,139.305788
-17.304561,50,139.353154
-28.762121,50,139.403018
-14.416957,50,139.439133
-13.757984,50,139.476917
-15.244241,50,139.513029
-13.386222,50,139.548523
-17.215016,50,139.583884
-20.496938,50,139.621418
-19.071631,50,139.66345
-20.263586,50,139.699372
-25.154058,50,139.734494
-11.537663,50,139.777913
-21.79755,50,139.827212
-21.418187,50,139.870585
-12.973544,50,139.903973
-18.44438,50,139.940294
-11.691738,50,139.974596
-15.776403,50,140.011249
-24.603528,50,140.049201
-16.754528,50,140.085205
-25.937964,50,140.119686
-14.420079,50,140.158221
-24.297433,50,140.194151
-16.814573,50,140.24103
-21.496989,50,140.282743
-15.914607,50,140.323223
-16.516543,50,140.358622
-17.726529,50,140.398772
-17.298965,50,140.432453
-15.899154,50,140.470523
-12.529744,50,140.505434
-18.960505,50,140.544614
-25.80606,50,140.584605
-16.218065,50,140.625647
-15.80492,50,140.663837
-20.483371,50,140.703983
-21.166593,50,140.739307
-20.960505,50,140.778852
-16.592277,50,140.815931
-20.407106,50,141.316737
-16.843723,50,141.371314
-17.358401,50,141.414275
-22.033714,50,141.454668
-14.909398,50,141.48897
-10.894153,50,141.54255
-15.46317,50,141.576863
-15.72339,50,141.624853
-22.051762,50,141.658214
-24.293043,50,141.69312
-16.687201,50,141.726983
-21.456067,50,141.760267
-11.286644,50,141.800549
-8.864829,50,141.835842
-12.665433,50,141.875049
-9.030293,50,141.90875
-15.146462,50,141.942446
-13.457515,50,141.975665
-9.776589,50,142.011008
-16.566208,50,142.045256
-20.610184,50,142.081126
-15.898094,50,142.117232
-17.001845,50,142.155179
-21.700074,50,142.191869
-21.406687,50,142.227496
-19.829956,50,142.263443
-10.251882,50,142.298345
-13.532607,50,142.332973
-21.737304,50,142.369727
-15.437265,50,142.416781
-21.062896,50,142.456135
-21.677319,50,142.505132
-15.363225,50,142.551865
-20.270178,50,142.595073
-26.501797,50,142.632819
-15.102097,50,142.695576
-19.080989,50,142.733873
-11.471126,50,142.769314
-22.24123,50,142.807383
-24.492128,50,142.860628
-15.898319,50,142.909646
-15.508264,50,143.538359
-24.41353,50,143.572872
-22.204856,50,143.606071
-16.850257,50,143.638542
-21.761247,50,143.671217
-20.14658,50,143.705209
-14.410196,50,143.746276
-14.243744,50,143.780978
-23.095298,50,143.816666
-16.516388,50,143.863159
-23.371863,50,143.898476
-12.49178,50,143.932248
-17.819867,50,143.964664
-10.053242,50,143.996257
-17.478955,50,144.04126
-18.382114,50,144.078648
-18.113897,50,144.112709
-23.876035,50,144.153413
-17.368211,50,144.190635
-20.832494,50,144.224485
-27.278723,50,144.257835
-14.718803,50,144.290699
-20.225427,50,144.324808
-16.896844,50,144.360273
-16.730523,50,144.39073
-20.797821,50,144.420799
-14.368945,50,144.453928
-18.995056,50,144.487905
-20.841262,50,144.524729
-21.093273,50,144.561557
-23.832723,50,144.610256
-19.125404,50,144.646766
-16.868318,50,144.682601
-16.596337,50,144.715939
-9.467357,50,144.748568
-14.997299,50,144.782368
-15.136761,50,144.818431
-20.643871,50,144.853072
-21.74525,50,144.885217
-21.821971,50,144.917401
-18.290738,50,144.949606
-15.977148,50,145.400908
-20.556206,50,145.43515
-20.469032,50,145.466867
-22.326638,50,145.499483
-20.437049,50,145.531216
-26.144092,50,145.566595
-14.443513,50,145.609995
-14.353691,50,145.658519
-20.229313,50,145.693272
-19.023625,50,145.746435
-15.559941,50,145.778955
-20.803617,50,145.821893
-15.77469,50,145.854018
-22.243567,50,145.887491
-18.414584,50,145.930479
-23.449182,50,145.963959
-14.719433,50,145.996012
-17.968422,50,146.028089
-26.4095,50,146.05994
-16.449331,50,146.092056
-24.165455,50,146.123887
-24.255118,50,146.156745
-25.496258,50,146.189364
-26.7733,50,146.221987
-24.475344,50,146.256146
-17.598942,50,146.287863
-24.05672,50,146.320041
-10.248769,50,146.355633
-23.200234,50,146.389094
-13.843939,50,146.422768
-16.266027,50,146.455333
-20.184446,50,146.487122
-26.819364,50,146.518923
-9.542524,50,146.550448
-13.086951,50,146.581923
-18.612306,50,146.618918
-25.775537,50,146.660663
-19.779254,50,146.695572
-22.159411,50,146.75349
-21.070613,50,146.808707
-28.381196,50,146.841535
-19.221734,50,147.335363
-19.63053,50,147.368755
-22.004717,50,147.402384
-8.892317,50,147.435102
-13.900166,50,147.467428
-20.646401,50,147.499788
-20.171009,50,147.531995
-20.690813,50,147.568505
-17.47146,50,147.603364
-16.031722,50,147.656603
-23.999751,50,147.69886
-24.682757,50,147.73202
-17.382188,50,147.764808
-12.805696,50,147.811474
-17.97376,50,147.861696
-21.280817,50,147.911936
-22.758806,50,147.947356
-19.186487,50,147.982891
-20.43741,50,148.014517
-14.126513,50,148.052592
-16.278559,50,148.086968
-18.530037,50,148.118223
-22.522925,50,148.153822
-27.63193,50,148.18648
-16.737501,50,148.218144
-21.439711,50,148.250007
-14.398652,50,148.28496
-18.128781,50,148.317928
-23.98895,50,148.351725
-19.545169,50,148.383855
-27.280644,50,148.421027
-17.477294,50,148.453803
-13.285961,50,148.487397
-10.868472,50,148.518811
-21.484553,50,148.552592
-12.776601,50,148.587563
-18.602939,50,148.628993
-19.415678,50,148.67106
-24.33972,50,148.727786
-23.372801,50,148.770287
-19.136912,50,148.803388
-23.626313,50,149.251225
-23.682061,50,149.289998
-20.588287,50,149.341174
-15.404865,50,149.38567
-18.520446,50,149.419833
-12.836027,50,149.455723
-27.279663,50,149.490749
-10.498633,50,149.52629
-11.247146,50,149.56165
-20.625387,50,149.607508
-19.299667,50,149.662662
-13.650666,50,149.730714
-21.883038,50,149.789168
-14.272807,50,149.842926
-13.703242,50,149.911906
-12.447505,50,149.969308
-25.035198,50,150.029064
-20.760053,50,150.093545
-23.010774,50,150.147981
-27.90198,50,150.203964
-25.631015,50,150.256158
-19.067201,50,150.323398
-11.712657,50,150.374607
-28.240284,50,150.433679
-26.612734,50,150.49714
-16.094727,50,150.55569
-20.344144,50,150.611689
-17.906637,50,150.663841
-9.162216,50,150.720525
-13.350021,50,150.782138
-12.689171,50,150.836098
-20.752468,50,150.891267
-21.272259,50,150.947608
-23.838767,50,151.005666
-13.514662,50,151.061149
-12.897678,50,151.120344
-14.920579,50,151.176331
-20.862569,50,151.227991
-18.454005,50,151.282715
-15.518734,50,151.345155
-23.570939,50,151.399712
-22.898326,50,152.186983
-16.812255,50,152.240476
-18.357821,50,152.29991
-7.786862,50,152.35876
-15.045184,50,152.422284
-15.806508,50,152.481547
-22.667879,50,152.541843
-23.396576,50,152.597011
-10.533591,50,152.650977
-26.267441,50,152.707469
-20.233791,50,152.764125
-17.801852,50,152.814812
-24.516623,50,152.870107
-11.952415,50,152.928666
-20.951145,50,152.979395
-17.551755,50,153.031032
-14.974119,50,153.086209
-19.313335,50,153.142075
-25.108099,50,153.193313
-21.082002,50,153.245634
-22.069103,50,153.308254
-18.852156,50,153.369598
-20.452891,50,153.432517
-21.860019,50,153.485378
-11.204779,50,153.537304
-8.811598,50,153.592896
-12.185034,50,153.643835
-10.623483,50,153.699983
-17.115438,50,153.753797
-24.104284,50,153.807833
-20.180722,50,153.867214
-26.527281,50,153.918125
-16.130143,50,153.973423
-14.143088,50,154.029273
-17.504225,50,154.086529
-17.693779,50,154.136773
-15.059907,50,154.191521
-18.640649,50,154.245162
-18.252719,50,154.302267
-21.314662,50,154.354037
-18.955075,50,154.405654
-15.103449,50,155.146373
-23.411846,50,155.203309
-15.726034,50,155.261452
-23.341188,50,155.318729
-25.348584,50,155.370801
-22.226677,50,155.427168
-10.482682,50,155.479059
-20.262923,50,155.535698
-26.600055,50,155.588296
-11.840545,50,155.644215
-15.592398,50,155.69909
-25.877494,50,155.750629
-19.038766,50,155.786355
-18.948872,50,155.8199
-20.047851,50,155.854034
-23.71112,50,155.885733
-12.54827,50,155.919898
-11.527054,50,155.952252
-16.668874,50,155.984783
-21.280028,50,156.017381
-18.626641,50,156.051098
-21.646715,50,156.083648
-20.419943,50,156.115746
-15.236226,50,156.148664
-23.203888,50,156.182397
-10.04142,50,156.215242
-20.27357,50,156.247369
-20.656207,50,156.279218
-16.488129,50,156.312349
-10.705683,50,156.354502
-23.850026,50,156.394073
-16.2668,50,156.431153
-17.968769,50,156.464008
-22.622029,50,156.504754
-15.277809,50,156.536778
-12.489032,50,156.572113
-12.180357,50,156.607718
-14.861199,50,156.64243
-13.844992,50,156.678307
-20.101654,50,156.710328
-13.154119,50,156.74171
-21.220582,50,157.219997
-21.312388,50,157.254383
-22.697531,50,157.286215
-14.41233,50,157.317133
-19.51823,50,157.35021
-12.287544,50,157.381315
-13.465752,50,157.412891
-13.914545,50,157.444284
-23.122632,50,157.475539
-18.42933,50,157.522079
-16.520352,50,157.572616
-17.38438,50,157.63466
-20.344325,50,157.69329
-24.107124,50,157.752747
-20.167226,50,157.802492
-17.945892,50,157.853563
-8.234071,50,157.900477
-17.211745,50,157.945225
-22.96683,50,157.983849
-19.780911,50,158.02246
-12.006877,50,158.058698
-23.005262,50,158.103922
-27.146464,50,158.149274
-16.447522,50,158.203005
-13.804524,50,158.26184
-24.511992,50,158.31434
-17.353993,50,158.368108
-19.051615,50,158.431233
-15.867341,50,158.491355
-18.511175,50,158.539266
-9.139546,50,158.59558
-24.243889,50,158.648818
-22.565393,50,158.698667
-18.875701,50,158.753038
-21.346149,50,158.792368
-15.409063,50,158.846441
-23.212509,50,158.898913
-15.160676,50,158.934511
-11.047762,50,158.984745
-20.676044,50,159.035999
-19.051166,50,159.091414
-27.443104,50,159.552132
-13.383526,50,159.616159
-13.604837,50,159.669302
-13.173274,50,159.728461
-18.324688,50,159.789864
-12.50586,50,159.853018
-12.523533,50,159.899338
-22.854904,50,159.953354
-12.866126,50,160.0083
-12.302469,50,160.067541
-19.673751,50,160.126585
-20.328421,50,160.189824
-27.176822,50,160.244697
-21.661323,50,160.303712
-12.424117,50,160.359464
-17.457009,50,160.414475
-15.401904,50,160.46645
-21.923891,50,160.518462
-25.25815,50,160.576941
-24.661586,50,160.638094
-26.17871,50,160.691318
-17.439805,50,160.746454
-18.737306,50,160.80342
-27.573172,50,160.863258
-26.153147,50,160.922801
-15.116952,50,160.988167
-23.510116,50,161.05298
-25.186493,50,161.118163
-10.158224,50,161.178898
-22.375994,50,161.239769
-23.575,50,161.301185
-17.333,50,161.358441
-21.86903,50,161.418183
-26.109293,50,161.468437
-11.355468,50,161.523444
-16.421409,50,161.576021
-21.412463,50,161.638515
-24.491181,50,161.692514
-24.197652,50,161.755628
-15.582562,50,161.813476
-15.635446,50,161.864315
-18.185447,50,162.322702
-26.953341,50,162.3845
-13.66353,50,162.438449
-26.338805,50,162.490272
-12.469049,50,162.545708
-25.36457,50,162.599072
-23.150789,50,162.655823
-10.709649,50,162.709679
-20.553111,50,162.766777
-21.005674,50,162.821956
-20.466303,50,162.87792
-24.331153,50,162.931437
-20.356973,50,162.991581
-23.608178,50,163.052064
-21.257437,50,163.107745
-24.178474,50,163.160903
-18.587827,50,163.22466
-26.406779,50,163.281441
-27.016103,50,163.336539
-24.281394,50,163.396543
-18.754591,50,163.445718
-19.600116,50,163.504086
-15.927086,50,163.557514
-20.737715,50,163.615348
-18.858846,50,163.669402
-27.892156,50,163.725916
-26.881781,50,163.778186
-16.646436,50,163.833288
-25.084177,50,163.889394
-14.225003,50,163.940396
-16.93639,50,163.99612
-13.758432,50,164.054916
-25.916617,50,164.114138
-11.752735,50,164.166286
-14.799043,50,164.227829
-18.427947,50,164.282243
-17.727446,50,164.345501
-19.5362,50,164.39451
-14.988092,50,164.456436
-14.073804,50,164.511461
-26.395582,50,164.568933
-17.595626,50,165.02619
-21.504042,50,165.084557
-22.278453,50,165.135282
-14.071035,50,165.192088
-19.044997,50,165.24329
-20.065595,50,165.304746
-13.844545,50,165.36929
-19.971385,50,165.420329
-15.348549,50,165.47233
-24.798167,50,165.533882
-14.846321,50,165.588957
-21.365006,50,165.644233
-20.790975,50,165.702778
-24.172942,50,165.757642
-19.899476,50,165.81595
-10.298478,50,165.869602
-21.371392,50,165.92506
-26.736549,50,165.978992
-24.327687,50,166.030558
-19.544728,50,166.085196
-16.420367,50,166.136083
-14.566376,50,166.188757
-20.610004,50,166.238406
-23.669546,50,166.291253
-17.644764,50,166.34883
-24.654561,50,166.405185
-23.661104,50,166.458701
-10.639161,50,166.514474
-17.619447,50,166.571931
-15.788632,50,166.624264
-22.351418,50,166.677318
-16.534876,50,166.728543
-24.485018,50,166.789233
-26.027686,50,166.837906
-19.638083,50,166.897428
-26.099827,50,166.952139
-10.615783,50,167.007995
-17.698374,50,167.066337
-24.869618,50,167.125067
-12.105298,50,167.175772
-19.426483,50,167.231107
-21.683998,50,167.715019
-18.838035,50,167.770658
-21.521512,50,167.833668
-25.734114,50,167.888059
-11.546221,50,167.9396
-12.335995,50,167.996833
-10.726604,50,168.051538
-19.162662,50,168.106943
-19.481689,50,168.165344
-16.995108,50,168.220963
-19.941901,50,168.280306
-25.160513,50,168.339044
-15.829983,50,168.39927
-12.454904,50,168.45074
-20.502059,50,168.498971
-26.856325,50,168.554645
-22.737736,50,168.612103
-25.329921,50,168.667374
-24.078672,50,168.722814
-9.704488,50,168.786832
-9.514777,50,168.837648
-27.865867,50,168.891456
-26.989957,50,168.936159
-24.31482,50,168.984605
-15.527423,50,169.037233
-16.529895,50,169.095227
-15.814178,50,169.144121
-20.510662,50,169.196677
-9.369951,50,169.249623
-24.601941,50,169.303494
-16.818545,50,169.359395
-24.140025,50,169.414707
-18.922542,50,169.470059
-22.677077,50,169.524644
-26.518377,50,169.579957
-17.69451,50,169.632223
-22.925218,50,169.683224
-23.680003,50,169.743559
-19.633643,50,169.789477
-25.884483,50,169.848207
-19.340688,50,169.906435
-24.294901,50,170.441782
-15.238943,50,170.500881
-27.583515,50,170.55831
-10.133442,50,170.612859
-9.249046,50,170.666416
-15.179329,50,170.726516
-14.846733,50,170.781756
-13.701601,50,170.8306
-22.415632,50,170.883635
-24.062398,50,170.942504
-15.971117,50,171.001762
-22.093665,50,171.058999
-18.1969,50,171.111544
-11.309474,50,171.158305
-21.911661,50,171.218711
-19.10903,50,171.268178
-16.048972,50,171.324694
-21.417269,50,171.376796
-22.471879,50,171.438102
-23.539101,50,171.494287
-14.905381,50,171.544748
-10.4623,50,171.604378
-10.506798,50,171.660402
-8.168258,50,171.710558
-20.580647,50,171.768712
-27.733698,50,171.825196
-26.998632,50,171.880409
-20.515025,50,171.93741
-24.963762,50,171.99402
-18.053445,50,172.049562
-21.343587,50,172.107456
-23.078887,50,172.161747
-26.420159,50,172.220458
-21.893548,50,172.276646
-18.100893,50,172.330651
-27.255727,50,172.386794
-17.933212,50,172.448511
-23.547716,50,172.509183
-16.584065,50,172.569656
-17.995113,50,172.629266
-22.996889,50,172.686237
-14.787393,50,173.166902
-23.491454,50,173.228926
-21.63652,50,173.285629
-23.823333,50,173.337553
-18.945359,50,173.397099
-14.06202,50,173.450894
-21.886265,50,173.509088
-26.013036,50,173.566904
-22.718885,50,173.6218
-25.052508,50,173.674906
-18.021826,50,173.731
-22.317742,50,173.78009
-18.505278,50,173.839186
-24.201541,50,173.901432
-14.91998,50,173.958485
-24.263743,50,174.019654
-22.347376,50,174.073444
-17.051588,50,174.132621
-14.463206,50,174.17327
-26.625696,50,174.225455
-18.422123,50,174.282599
-14.647604,50,174.334037
-15.163483,50,174.389328
-14.04417,50,174.447188
-11.603491,50,174.503398
-15.001104,50,174.574266
-19.036256,50,174.641926
-20.241253,50,174.698886
-19.255783,50,174.765676
-23.055697,50,174.828781
-20.297528,50,174.878411
-23.161411,50,174.932348
-16.998387,50,174.991269
-18.028556,50,175.054962
-18.007906,50,175.119727
-14.19036,50,175.176345
-27.279671,50,175.227748
-21.984339,50,175.286855
-19.268751,50,175.347321
-16.326354,50,175.406552
-14.621923,50,175.457702
-18.42552,50,175.936289
-23.820472,50,175.994519
-13.176131,50,176.047112
-16.27008,50,176.109233
-18.15838,50,176.169023
-14.107966,50,176.222355
-17.852164,50,176.279567
-16.630871,50,176.336683
-23.266175,50,176.386809
-19.589483,50,176.443882
-17.442665,50,176.49294
-24.096683,50,176.55456
-20.760606,50,176.606373
-22.227861,50,176.659077
-10.276972,50,176.712499
-12.500942,50,176.768288
-20.398442,50,176.821471
-16.034492,50,176.874148
-14.179611,50,176.931448
-17.432584,50,176.986304
-19.25786,50,177.041754
-15.784006,50,177.096915
-23.66144,50,177.14951
-15.993564,50,177.207369
-18.484081,50,177.267969
-11.936985,50,177.325226
-19.3635,50,177.383222
-23.641304,50,177.441161
-11.733612,50,177.492479
-19.031791,50,177.548717
-9.602342,50,177.604727
-13.094563,50,177.658986
-14.003627,50,177.714336
-19.608614,50,177.776334
-21.211754,50,177.842255
-11.012621,50,177.906792
-16.090455,50,177.968622
-18.607081,50,178.022956
-23.452224,50,178.080089
-23.046885,50,178.139345
-21.427025,50,178.194073
-15.253724,50,178.670839
-24.512673,50,178.72894
-22.605616,50,178.787767
-18.307713,50,178.842287
-21.282711,50,178.903597
-15.227222,50,178.956365
-26.480129,50,179.019825
-19.221449,50,179.079988
-26.611449,50,179.131481
-22.285564,50,179.189774
-18.809914,50,179.248072
-21.486068,50,179.310155
-18.530945,50,179.354879
-12.541061,50,179.409485
-22.082262,50,179.467207
-24.43473,50,179.523469
-19.607619,50,179.578851
-17.620956,50,179.633527
-26.919265,50,179.689513
-23.166395,50,179.74738
-20.61218,50,179.804657
-22.784978,50,179.862776
-22.47933,50,179.924147
-22.853541,50,179.97072
-22.099644,50,180.027774
-12.819851,50,180.084624
-10.617832,50,180.146063
-17.148182,50,180.2021
-21.44263,50,180.254535
-23.351541,50,180.311776
-21.028246,50,180.367709
-22.895805,50,180.421639
-14.794958,50,180.485212
-16.156254,50,180.540066
-12.002429,50,180.574416
-18.968027,50,180.636132
-21.284963,50,180.695724
-19.937015,50,180.759589
-25.618017,50,180.817619
-22.282706,50,180.872862
-12.171251,50,180.930813
-13.666103,50,181.458374
-25.692101,50,181.519907
-17.041012,50,181.581046
-15.319101,50,181.643734
-14.758259,50,181.705912
-14.621001,50,181.760376
-15.165518,50,181.822986
-24.707595,50,181.878982
-18.740923,50,181.936827
-17.975267,50,182.020652
-12.777736,50,182.0931
-22.189639,50,182.156317
-17.914326,50,182.215866
-15.422226,50,182.281231
-21.276915,50,182.341664
-23.265465,50,182.409326
-20.373864,50,182.474794
-11.787652,50,182.535148
-20.319575,50,182.594999
-17.460685,50,182.656733
-21.892804,50,182.71355
-21.686321,50,182.776607
-25.537993,50,182.846468
-17.472131,50,182.899068
-14.311326,50,182.956772
-23.867265,50,183.01134
-19.027728,50,183.068398
-20.512985,50,183.123499
-23.605445,50,183.181531
-23.889473,50,183.221302
-12.824046,50,183.288163
-20.427877,50,183.344627
-20.455823,50,183.399776
-26.15583,50,183.454806
-18.220651,50,183.516639
-10.3383,50,183.578689
-17.824781,50,183.643986
-15.556601,50,183.707035
-22.206922,50,183.764316
-18.870561,50,183.826064
-19.115786,50,183.8904
-23.021235,50,184.402584
-22.639184,50,184.462565
-22.4258,50,184.528053
-22.791339,50,184.582563
-20.40902,50,184.642184
-21.502458,50,184.698288
-15.808574,50,184.755341
-23.916316,50,184.81407
-6.511751,50,184.875084
-20.198487,50,184.927794
-19.48426,50,184.984688
-14.075759,50,185.042338
-26.279941,50,185.101969
-15.721234,50,185.162585
-17.955757,50,185.21931
-25.106336,50,185.276921
-24.637112,50,185.332388
-25.667363,50,185.390764
-22.871629,50,185.449785
-25.775325,50,185.510488
-18.684215,50,185.567957
-21.360242,50,185.623519
-26.104795,50,185.684154
-11.345338,50,185.740941
-14.570995,50,185.799618
-21.327146,50,185.857391
-21.094918,50,185.919427
-20.162891,50,185.977799
-20.919461,50,186.042354
-11.23552,50,186.102866
-13.770014,50,186.163252
-24.618513,50,186.221154
-16.939075,50,186.285557
-23.291466,50,186.349828
-12.146233,50,186.406129
-24.657533,50,186.462807
-25.045679,50,186.528261
-16.485534,50,186.59156
-15.533743,50,186.653103
-12.518326,50,186.715377
-26.450004,50,186.814229
-16.924503,50,187.328732
-20.731517,50,187.385581
-21.582514,50,187.440204
-13.002006,50,187.496232
-18.884676,50,187.555059
-13.210374,50,187.61368
-21.712785,50,187.671493
-20.492409,50,187.732643
-21.244785,50,187.794741
-21.531165,50,187.85916
-15.112684,50,187.922764
-21.535485,50,187.983441
-15.943685,50,188.042442
-17.934939,50,188.102978
-15.592771,50,188.158565
-17.413225,50,188.202371
-25.579659,50,188.260783
-14.376246,50,188.316597
-13.421457,50,188.361671
-24.365445,50,188.397345
-19.988838,50,188.43863
-22.732524,50,188.486197
-20.590401,50,188.539732
-23.363213,50,188.573607
-22.202245,50,188.621179
-11.06378,50,188.676054
-18.704616,50,188.729354
-21.479419,50,188.785877
-22.407744,50,188.832529
-17.517656,50,188.869223
-15.42238,50,188.903383
-12.346882,50,188.937873
-17.218801,50,188.974448
-25.850456,50,189.014385
-14.644492,50,189.056845
-15.280661,50,189.102473
-16.121548,50,189.138258
-21.625729,50,189.174798
-23.479493,50,189.208881
-15.56792,50,189.242206
-23.618758,50,189.275002
-23.16119,50,189.776539
-24.522661,50,189.842274
-23.684509,50,189.906097
-19.334541,50,189.960788
-24.978736,50,190.022743
-21.900216,50,190.058101
-20.635859,50,190.094147
-15.63917,50,190.126219
-12.439398,50,190.161555
-22.274859,50,190.194949
-10.488684,50,190.23736
-20.156049,50,190.270237
-24.150105,50,190.303855
-14.969183,50,190.338225
-20.917224,50,190.37342
-23.727055,50,190.407207
-13.184479,50,190.441416
-7.808344,50,190.47771
-21.872593,50,190.511072
-15.913329,50,190.543499
-14.303106,50,190.57599
-9.328223,50,190.608034
-20.314643,50,190.641224
-25.180967,50,190.673794
-19.372427,50,190.707325
-20.174512,50,190.741757
-13.039899,50,190.77628
-20.322713,50,190.822007
-7.369332,50,190.854379
-16.084928,50,190.894404
-21.112725,50,190.943527
-21.743923,50,191.002366
-15.01778,50,191.052119
-22.888378,50,191.109577
-23.244089,50,191.144031
-15.665767,50,191.178034
-17.850319,50,191.211802
-12.342855,50,191.246507
-17.632035,50,191.281555
-17.714596,50,191.316561
-20.850108,50,191.350014
-22.627089,50,191.822383
-19.20169,50,191.855238
-14.858057,50,191.886941
-25.049016,50,191.928794
-20.8712,50,191.984127
-22.896455,50,192.028844
-14.519855,50,192.07449
-13.913237,50,192.11067
-23.831446,50,192.150668
-18.994515,50,192.19826
-17.832807,50,192.230904
-20.53102,50,192.268786
-13.851657,50,192.35046
-25.462879,50,192.384044
-24.829168,50,192.415959
-13.622259,50,192.449298
-21.727132,50,192.481449
-13.057167,50,192.513522
-15.354401,50,192.546038
-12.177013,50,192.584157
-18.424613,50,192.61808
-15.560841,50,192.652583
-11.774136,50,192.68697
-24.196203,50,192.723364
-21.877062,50,192.755405
-23.910884,50,192.797057
-19.380871,50,192.843607
-19.066903,50,192.902011
-17.744929,50,192.953449
-24.77064,50,192.994837
-24.282775,50,193.0353
-25.046798,50,193.067576
-23.180516,50,193.114908
-13.02555,50,193.148941
-21.759385,50,193.185146
-20.11013,50,193.231407
-22.494056,50,193.265706
-18.35163,50,193.307567
-24.571857,50,193.342279
-21.162661,50,193.374306
-25.0029,50,193.411429
-18.426822,50,193.905484
-21.071803,50,193.959427
-13.218575,50,194.005559
-20.447219,50,194.046265
-20.805014,50,194.092628
-17.702473,50,194.129405
-21.107929,50,194.163498
-16.77124,50,194.202899
-18.998813,50,194.237043
-10.334238,50,194.271446
-14.714456,50,194.309793
-14.252514,50,194.34377
-24.866571,50,194.377667
-18.240308,50,194.412654
-9.899931,50,194.457338
-24.833726,50,194.499652
-23.372114,50,194.54614
-17.306723,50,194.595499
-9.04801,50,194.670305
-20.660105,50,194.740443
-16.240393,50,194.810919
-16.510657,50,194.883059
-15.528641,50,194.961495
-22.3251,50,195.03626
-18.690024,50,195.108501
-12.623005,50,195.183979
-19.95964,50,195.257944
-16.576643,50,195.331696
-25.732765,50,195.401004
-10.547669,50,195.471353
-12.64603,50,195.538659
-23.390539,50,195.611089
-21.967611,50,195.681137
-22.42422,50,195.751689
-20.512639,50,195.824411
-15.935163,50,195.893615
-26.456447,50,195.964337
-13.43882,50,196.033164
-26.304477,50,196.102523
-21.15535,50,196.171999
-15.741316,50,196.243254
-16.186318,50,197.197942
-20.104245,50,197.270724
-22.422709,50,197.342805
-13.072134,50,197.410815
-23.217575,50,197.480841
-24.665565,50,197.549273
-17.275007,50,197.617718
-20.716838,50,197.688882
-18.591772,50,197.759388
-21.128199,50,197.831767
-13.963306,50,197.902296
-14.946799,50,197.946774
-12.087902,50,197.995868
-18.576395,50,198.028241
-22.29649,50,198.061251
-14.86729,50,198.096585
-22.654952,50,198.134311
-22.087121,50,198.20708
-23.5987,50,198.278359
-16.582109,50,198.343937
-24.282494,50,198.414552
-12.054497,50,198.485843
-6.707227,50,198.556435
-21.647627,50,198.627033
-14.769433,50,198.696728
-17.159761,50,198.769744
-17.070781,50,198.842902
-18.968092,50,198.913771
-21.805066,50,198.983222
-26.130867,50,199.04975
-26.624136,50,199.120071
-22.614625,50,199.190676
-26.16573,50,199.26074
-17.114507,50,199.333709
-23.831305,50,199.406567
-15.587119,50,199.476331
-20.285478,50,199.548674
-16.837939,50,199.620975
-13.950026,50,199.68999
-25.073599,50,199.760404
-20.909317,50,199.830217
-12.528565,50,200.781247
-20.322902,50,200.857133
-23.770559,50,200.931527
-26.254743,50,201.002993
-15.298228,50,201.075691
-14.633557,50,201.146399
-22.995385,50,201.212248
-17.70313,50,201.281219
-17.10568,50,201.350743
-22.916396,50,201.420815
-13.663145,50,201.49074
-11.727595,50,201.562267
-11.882506,50,201.633235
-20.704962,50,201.702121
-20.638747,50,201.744534
-14.422254,50,201.779265
-7.541645,50,201.823363
-22.68392,50,201.858028
-10.777852,50,201.891656
-12.270954,50,201.927345
-24.510154,50,201.962298
-26.567818,50,202.006027
-22.740555,50,202.040545
-7.82725,50,202.072664
-22.603251,50,202.104568
-21.916896,50,202.136864
-17.11339,50,202.168604
-22.262704,50,202.200141
-23.973127,50,202.233006
-12.862737,50,202.264674
-13.974174,50,202.298174
-15.995908,50,202.331524
-21.489927,50,202.364221
-24.491997,50,202.398217
-19.558282,50,202.433796
-17.900206,50,202.46659
-18.801312,50,202.501378
-24.121385,50,202.544063
-21.862288,50,202.579114
-17.068547,50,202.617333
-24.096172,50,202.653259
-12.378691,50,203.140012
-10.425456,50,203.176219
-22.662097,50,203.223384
-11.148885,50,203.257854
-7.057987,50,203.29165
-22.401496,50,203.336138
-10.825032,50,203.370718
-15.708613,50,203.41921
-15.86735,50,203.453873
-23.513343,50,203.500982
-16.926578,50,203.542933
-20.389667,50,203.576746
-23.485937,50,203.609808
-21.405479,50,203.644911
-23.239468,50,203.679875
-11.628549,50,203.721502
-17.969791,50,203.756862
-9.019545,50,203.790367
-17.23974,50,203.830328
-18.320401,50,203.864497
-11.493572,50,203.899714
-13.504465,50,203.938918
-17.819321,50,203.974705
-23.075385,50,204.01731
-15.769584,50,204.051664
-19.524319,50,204.086537
-24.820653,50,204.128831
-10.794691,50,204.163588
-13.26542,50,204.197884
-23.506082,50,204.262275
-17.416818,50,204.319798
-8.360165,50,204.365611
-17.533879,50,204.427234
-19.786926,50,204.471751
-18.564567,50,204.538153
-20.735942,50,204.595636
-15.031959,50,204.660927
-23.353829,50,204.697868
-19.279745,50,204.753972
-21.182088,50,204.796645
-21.630419,50,205.287505
-18.392448,50,205.350164
-16.859596,50,205.40707
-17.72939,50,205.464906
-17.56141,50,205.515188
-20.550663,50,205.568445
-15.256975,50,205.62022
-23.7364,50,205.673734
-21.63392,50,205.722136
-8.846312,50,205.781263
-11.318562,50,205.831699
-25.914595,50,205.884662
-17.180289,50,205.943253
-23.462865,50,205.987042
-19.409725,50,206.04827
-12.253971,50,206.102898
-15.721275,50,206.160295
-24.380963,50,206.220094
-26.253411,50,206.28055
-13.604057,50,206.329955
-19.852962,50,206.383229
-24.51847,50,206.435903
-11.478042,50,206.503004
-19.895066,50,206.563969
-19.538722,50,206.628158
-11.091919,50,206.686452
-21.276633,50,206.745114
-15.713898,50,206.799865
-22.971416,50,206.853434
-22.833592,50,206.909429
-13.951813,50,206.966483
-12.980525,50,207.019721
-16.928593,50,207.078371
-16.619916,50,207.135123
-17.793747,50,207.183312
-23.992617,50,207.242586
-21.501386,50,207.295926
-17.238434,50,207.351485
-14.756552,50,207.396581
-20.748516,50,207.451628
-26.267484,50,207.507612
-20.730424,50,207.996536
-21.399616,50,208.053597
-20.048937,50,208.109721
-18.810283,50,208.164408
-19.715069,50,208.220564
-25.268513,50,208.281255
-8.822715,50,208.336584
-22.402601,50,208.393754
-23.3563,50,208.451054
-22.543715,50,208.505261
-12.461921,50,208.561478
-24.214662,50,208.610783
-14.007706,50,208.673272
-12.630495,50,208.727638
-8.891252,50,208.786227
-18.408066,50,208.839605
-16.438346,50,208.896353
-7.884196,50,208.94799
-24.034445,50,209.003598
-22.622863,50,209.057597
-21.199677,50,209.11222
-22.189335,50,209.167711
-15.159207,50,209.220555
-10.922461,50,209.283301
-24.083575,50,209.335284
-19.257587,50,209.386011
-16.680353,50,209.444153
-10.769665,50,209.501616
-24.316602,50,209.553745
-18.092746,50,209.616527
-16.242594,50,209.667876
-10.115269,50,209.727496
-20.660129,50,209.783648
-18.090751,50,209.837295
-20.432482,50,209.877183
-24.186913,50,209.928652
-9.891589,50,209.984626
-14.681858,50,210.044024
-23.963845,50,210.095258
-17.26152,50,210.145776
-22.674845,50,210.206459
-19.971781,50,210.67174
-16.8404,50,210.730597
-13.445552,50,210.793062
-12.801326,50,210.84889
-18.928053,50,210.900962
-13.588666,50,210.955644
-24.021371,50,211.008704
-23.268773,50,211.062199
-16.875189,50,211.118691
-14.134232,50,211.173155
-15.352349,50,211.232522
-22.724158,50,211.290438
-7.924193,50,211.346088
-13.806113,50,211.401482
-18.810244,50,211.456887
-20.004056,50,211.506739
-23.441391,50,211.566371
-12.685113,50,211.621279
-22.938505,50,211.678689
-20.024209,50,211.732186
-21.252317,50,211.790949
-17.202759,50,211.852019
-20.474745,50,211.902698
-21.939709,50,211.959152
-20.198155,50,212.015065
-12.36723,50,212.068276
-23.71767,50,212.121321
-11.986564,50,212.17758
-15.771535,50,212.237937
-22.679307,50,212.282462
-20.951835,50,212.339232
-18.833895,50,212.392894
-25.81246,50,212.448123
-17.91251,50,212.499894
-11.943746,50,212.55697
-22.201435,50,212.610498
-22.014377,50,212.661486
-9.949535,50,212.722257
-11.59741,50,212.777071
-16.468271,50,212.823172
-11.819221,50,212.880079
-17.836409,50,213.36055
-15.417892,50,213.412675
-17.346409,50,213.475991
-10.362626,50,213.541381
-10.906625,50,213.601271
-18.645863,50,213.664662
-17.786451,50,213.729524
-13.132053,50,213.79164
-17.780214,50,213.857124
-20.166777,50,213.915314
-20.297673,50,213.97196
-14.665389,50,214.033539
-21.918202,50,214.096733
-13.296172,50,214.141775
-23.550005,50,214.203401
-15.248335,50,214.268128
-23.138754,50,214.330536
-20.643487,50,214.391718
-19.801895,50,214.452543
-10.701856,50,214.510418
-15.350153,50,214.576666
-13.273957,50,214.638578
-23.268547,50,214.693436
-20.458791,50,214.746562
-18.179227,50,214.80004
-13.220411,50,214.846978
-11.840776,50,214.901039
-17.296812,50,214.955311
-20.171316,50,215.011294
-15.588694,50,215.070106
-20.33025,50,215.123979
-14.211113,50,215.177314
-16.985263,50,215.231488
-23.181539,50,215.289332
-20.284039,50,215.342362
-19.790196,50,215.394825
-25.641741,50,215.450136
-16.833431,50,215.511067
-16.555236,50,215.565265
-21.995697,50,215.617699
-24.180254,50,215.669711
-16.617155,50,216.120839
-23.962855,50,216.180964
-14.618273,50,216.239393
-7.172941,50,216.293104
-15.566484,50,216.358741
-22.836698,50,216.423437
-10.352495,50,216.488794
-24.057979,50,216.554731
-11.791448,50,216.618268
-20.788866,50,216.681071
-17.892097,50,216.745175
-10.957225,50,216.801844
-18.431242,50,216.863247
-19.184584,50,216.903479
-18.361957,50,216.957382
-13.478259,50,217.01237
-24.184331,50,217.067973
-22.975525,50,217.128709
-21.785403,50,217.181272
-24.300744,50,217.246
-14.274124,50,217.300133
-18.308266,50,217.356186
-14.667815,50,217.406679
-11.339187,50,217.450612
-23.351191,50,217.500762
-21.110349,50,217.562487
-15.978339,50,217.62315
-25.754234,50,217.68275
-19.95552,50,217.738875
-6.751346,50,217.793001
-19.748946,50,217.84971
-16.547308,50,217.908478
-22.48872,50,217.972822
-16.535492,50,218.02948
-14.220627,50,218.087385
-14.756287,50,218.145435
-18.752442,50,218.194676
-7.909276,50,218.24528
-17.128621,50,218.302304
-22.069161,50,218.355282
-20.281903,50,218.412464
-23.778979,50,218.880001
-21.009439,50,218.933747
-21.275307,50,218.987348
-20.922261,50,219.042218
-22.53171,50,219.097801
-23.694259,50,219.149796
-24.655705,50,219.205425
-22.769874,50,219.25328
-17.454115,50,219.305823
-16.88262,50,219.356295
-12.921335,50,219.416921
-22.722498,50,219.473126
-20.950123,50,219.537442
-17.928795,50,219.601545
-19.326119,50,219.658384
-9.794637,50,219.712394
-22.173216,50,219.763055
-12.969304,50,219.815922
-22.605786,50,219.869371
-24.184675,50,219.923944
-16.663642,50,219.974069
-16.327534,50,220.030124
-22.124681,50,220.094838
-21.112106,50,220.149135
-9.267058,50,220.20698
-15.212497,50,220.253613
-23.119064,50,220.3183
-22.347167,50,220.373087
-15.996377,50,220.425852
-18.74274,50,220.485417
-14.66459,50,220.53329
-11.482842,50,220.590962
-17.323635,50,220.645841
-21.805381,50,220.700522
-20.602162,50,220.758001
-16.4859,50,220.811411
-11.124426,50,220.867172
-19.835762,50,220.924141
-15.81144,50,220.978807
-16.049981,50,221.030752
-21.136793,50,221.084585
-15.131835,50,221.555898
-19.973528,50,221.619657
-13.715629,50,221.684773
-25.163358,50,221.744968
-15.344973,50,221.797511
-18.955938,50,221.859822
-10.577721,50,221.910495
-11.44181,50,221.968931
-21.48108,50,222.031296
-20.761054,50,222.085025
-13.237478,50,222.140583
-21.725575,50,222.196975
-17.988514,50,222.253922
-24.653839,50,222.310029
-11.245141,50,222.363033
-9.341099,50,222.417714
-10.729494,50,222.472136
-13.779971,50,222.527749
-23.710199,50,222.581807
-23.170572,50,222.633836
-13.906945,50,222.703085
-22.340939,50,222.761775
-13.125656,50,222.818024
-23.494113,50,222.872124
-18.037689,50,222.927582
-11.022591,50,222.984043
-26.554209,50,223.03455
-13.111377,50,223.095386
-21.848772,50,223.154084
-25.417993,50,223.205699
-20.830312,50,223.261376
-12.717805,50,223.317719
-19.639811,50,223.373133
-13.895833,50,223.429449
-22.795405,50,223.480697
-22.928268,50,223.529501
-16.626025,50,223.588009
-24.046475,50,223.637747
-11.396868,50,223.689152
-13.531915,50,223.747785
-23.95514,50,223.806783
-20.948963,50,224.280308
-12.719595,50,224.330462
-21.838232,50,224.388634
-22.085093,50,224.445214
-22.781941,50,224.503432
-23.410787,50,224.560704
-25.071587,50,224.610422
-14.061334,50,224.673509
-9.438251,50,224.728634
-16.098837,50,224.7846
-16.666125,50,224.835455
-16.540761,50,224.886381
-11.338686,50,224.945037
-18.09745,50,224.999539
-21.723075,50,225.05494
-21.105022,50,225.110369
-16.225437,50,225.167986
-18.59554,50,225.224764
-20.419436,50,225.282644
-22.00772,50,225.337174
-22.599873,50,225.399534
-23.716406,50,225.451355
-17.421908,50,225.506355
-21.264476,50,225.554403
-24.326232,50,225.609402
-8.55192,50,225.668026
-15.885265,50,225.724014
-21.422989,50,225.784372
-24.21539,50,225.841165
-14.273416,50,225.895233
-18.693863,50,225.951395
-20.623594,50,226.007257
-13.490622,50,226.067363
-13.952427,50,226.118504
-22.002705,50,226.170559
-12.760063,50,226.232656
-10.406652,50,226.29069
-9.914919,50,226.342286
-22.516473,50,226.392618
-20.683966,50,226.456554
-26.707529,50,226.500461
-18.241947,50,226.965986
-13.983649,50,227.023587
-15.385835,50,227.078935
-19.06899,50,227.143994
-24.265542,50,227.20784
-11.604224,50,227.272013
-25.412283,50,227.322913
-16.501628,50,227.376727
-12.565638,50,227.43014
-14.706118,50,227.49404
-23.906683,50,227.557705
-21.997323,50,227.621211
-15.785697,50,227.679439
-19.1971,50,227.743081
-24.670742,50,227.798896
-20.113706,50,227.850864
-11.238277,50,227.908893
-23.259125,50,227.963599
-17.523251,50,228.018825
-14.215595,50,228.077185
-22.483797,50,228.129867
-23.204211,50,228.189598
-20.316593,50,228.244653
-22.023893,50,228.29584
-21.212374,50,228.351776
-15.671188,50,228.408766
-24.81101,50,228.463908
-22.574142,50,228.530091
-19.659097,50,228.580113
-25.580894,50,228.635451
-20.020116,50,228.689123
-12.725208,50,228.746027
-11.034334,50,228.801261
-15.624844,50,228.850754
-19.335274,50,228.905253
-8.406176,50,228.96004
-13.34666,50,229.01937
-8.85486,50,229.075594
-9.233405,50,229.123792
-11.440152,50,229.181133
-12.592542,50,229.238519
-12.339549,50,229.692013
-13.796393,50,229.749773
-15.50028,50,229.812413
-15.041025,50,229.868042
-20.882867,50,229.925813
-10.162951,50,229.980355
-13.820745,50,230.040355
-24.216317,50,230.101263
-22.158851,50,230.161001
-15.946392,50,230.215517
-12.949879,50,230.270529
-18.354995,50,230.323168
-9.524339,50,230.387466
-15.895171,50,230.447409
-22.108573,50,230.497995
-9.149147,50,230.558378
-15.554846,50,230.617759
-18.993364,50,230.678537
-13.490751,50,230.744941
-10.501123,50,230.796603
-20.417712,50,230.857456
-17.429509,50,230.920921
-12.934413,50,230.976542
-18.79006,50,231.033384
-9.965726,50,231.083351
-12.066518,50,231.152009
-16.148576,50,231.209934
-24.274469,50,231.259595
-19.486732,50,231.31384
-18.85455,50,231.361286
-13.816709,50,231.420228
-18.885078,50,231.48192
-10.14231,50,231.533932
-18.572948,50,231.595347
-13.934474,50,231.65183
-12.468905,50,231.709392
-20.891529,50,231.77082
-17.770423,50,231.805589
-18.75424,50,231.855734
-20.737971,50,231.919409
-19.059277,50,231.969559
-11.330825,50,232.432963
-24.379569,50,232.492869
-20.741514,50,232.553236
-15.766024,50,232.617933
-22.511441,50,232.684087
-14.912768,50,232.736643
-11.524117,50,232.795519
-15.913808,50,232.860301
-16.152989,50,232.915385
-19.12099,50,232.971187
-18.51149,50,233.027793
-16.013178,50,233.082745
-21.040811,50,233.142752
-17.773248,50,233.198658
-10.54461,50,233.253352
-20.877369,50,233.304887
-20.07756,50,233.360181
-16.006063,50,233.415549
-11.998581,50,233.470599
-8.025208,50,233.531183
-15.17774,50,233.581977
-14.721448,50,233.641645
-21.784326,50,233.700336
-10.697431,50,233.753664
-14.979488,50,233.811667
-22.256317,50,233.869872
-25.715657,50,233.917663
-13.387445,50,233.968425
-22.429934,50,234.029899
-21.508299,50,234.08377
-18.410992,50,234.130189
-15.713655,50,234.188386
-11.641624,50,234.243244
-17.980211,50,234.30104
-20.35963,50,234.363674
-22.559411,50,234.417534
-16.027812,50,234.474512
-15.461334,50,234.533252
-10.014612,50,234.585849
-18.028132,50,234.645356
-10.043533,50,234.700606
-17.130775,50,235.170717
-14.496627,50,235.22234
-11.655858,50,235.278194
-9.110588,50,235.336109
-24.005774,50,235.394146
-13.804769,50,235.450457
-21.311063,50,235.506307
-13.956878,50,235.571538
-10.985835,50,235.622881
-18.284332,50,235.687714
-13.363847,50,235.741236
-16.376762,50,235.794942
-15.215936,50,235.85045
-12.389213,50,235.907247
-16.829736,50,235.964064
-16.984232,50,236.027283
-12.820436,50,236.090355
-14.260989,50,236.14482
-23.281594,50,236.199284
-5.419494,50,236.255116
-9.175371,50,236.317285
-18.02022,50,236.375933
-12.58059,50,236.429794
-22.452591,50,236.484332
-21.475285,50,236.5401
-10.112157,50,236.596222
-23.77135,50,236.650927
-19.228446,50,236.711093
-23.266158,50,236.764284
-11.693205,50,236.822067
-21.364665,50,236.877625
-9.421736,50,236.933896
-21.756767,50,236.994018
-17.285641,50,237.044019
-15.328011,50,237.0936
-16.045991,50,237.152518
-10.362497,50,237.208204
-16.673556,50,237.268047
-22.18264,50,237.328092
-11.766431,50,237.388833
-16.640309,50,237.449135
-18.317412,50,237.933339
-14.846845,50,237.999272
-9.397174,50,238.059325
-18.97202,50,238.121728
-19.825166,50,238.181176
-17.056006,50,238.243407
-18.571641,50,238.301698
-20.190883,50,238.350629
-13.144202,50,238.417397
-19.902811,50,238.48245
-13.121587,50,238.533921
-14.903319,50,238.595396
-17.32417,50,238.654235
-11.492855,50,238.71298
-18.119927,50,238.766981
-17.336205,50,238.819163
-16.848986,50,238.866505
-18.120406,50,238.921391
-18.718701,50,238.970672
-19.383326,50,239.029787
-20.100482,50,239.089519
-14.615367,50,239.140846
-12.482836,50,239.205925
-18.744783,50,239.25756
-21.140316,50,239.325001
-20.544232,50,239.386897
-12.958218,50,239.443982
-13.972534,50,239.49993
-18.176606,50,239.559798
-15.243344,50,239.612173
-20.384665,50,239.665239
-17.37163,50,239.722353
-21.646021,50,239.780023
-14.49554,50,239.833581
-16.606412,50,239.887575
-13.26339,50,239.936929
-12.984201,50,239.996025
-8.401474,50,240.048739
-19.44443,50,240.102003
-21.243854,50,240.159033
-14.522655,50,240.218605
-18.218794,50,240.688923
-10.088874,50,240.742546
-9.154717,50,240.806096
-11.868999,50,240.862565
-9.919464,50,240.920208
-13.0083,50,240.973199
-14.55387,50,241.029544
-22.644698,50,241.091125
-21.568151,50,241.157321
-18.2261,50,241.21411
-15.164029,50,241.273095
-16.391012,50,241.324564
-11.308599,50,241.389541
-11.576864,50,241.44834
-11.194626,50,241.504134
-22.148216,50,241.564548
-21.262675,50,241.624822
-25.603034,50,241.683629
-12.577152,50,241.735696
-16.496648,50,241.794606
-14.428374,50,241.857855
-9.517284,50,241.91229
-21.115567,50,241.968367
-9.955073,50,242.026341
-16.820226,50,242.081686
-10.156982,50,242.142265
-18.41278,50,242.199266
-21.753733,50,242.251422
-23.571019,50,242.30719
-19.243603,50,242.365416
-20.593266,50,242.422358
-23.027353,50,242.478189
-13.443528,50,242.521059
-17.841939,50,242.579241
-9.305417,50,242.639689
-17.45006,50,242.686885
-15.331701,50,242.736886
-18.447292,50,242.79991
-21.397169,50,242.854837
-23.099168,50,242.908458
-9.842916,50,242.966717
-11.493563,50,243.440029
-6.743375,50,243.496046
-15.291636,50,243.546164
-17.340213,50,243.600729
-20.201104,50,243.649094
-21.010704,50,243.680019
-21.06048,50,243.740532
-20.696609,50,243.793549
-19.008218,50,243.850199
-22.123951,50,243.912061
-15.688458,50,243.961992
-21.375528,50,244.022253
-21.785224,50,244.084502
-22.487435,50,244.144505
-13.641067,50,244.203843
-11.12484,50,244.262559
-16.833164,50,244.31845
-9.292828,50,244.370605
-15.329565,50,244.43041
-19.750087,50,244.487772
-20.053386,50,244.540046
-13.172976,50,244.60507
-22.266526,50,244.670851
-10.380437,50,244.728539
-21.859087,50,244.784483
-25.028511,50,244.839555
-9.471577,50,244.872051
-17.009417,50,244.921707
-20.090158,50,244.979558
-11.094284,50,245.035728
-20.513971,50,245.088443
-16.169723,50,245.143918
-12.922264,50,245.188929
-11.923794,50,245.243554
-16.502861,50,245.295142
-22.329247,50,245.352821
-11.224316,50,245.407469
-15.892084,50,245.467985
-16.587881,50,245.525082
-11.234609,50,245.581009
-23.622616,50,245.635417
-15.741667,50,246.115485
-19.615134,50,246.169852
-11.668152,50,246.224728
-19.086392,50,246.288749
-16.169282,50,246.342934
-13.62133,50,246.405668
-17.74494,50,246.456903
-22.049865,50,246.515831
-14.778792,50,246.574863
-14.64808,50,246.616241
-17.424631,50,246.673359
-19.382578,50,246.731096
-10.924908,50,246.786481
-15.754439,50,246.840557
-8.996051,50,246.898252
-13.320159,50,246.947617
-12.397509,50,247.003804
-11.030013,50,247.065699
-18.574573,50,247.121324
-18.900612,50,247.172512
-9.765587,50,247.230057
-16.50745,50,247.281299
-21.963552,50,247.340516
-16.648667,50,247.394129
-14.286672,50,247.44936
-8.906059,50,247.505399
-23.603192,50,247.559466
-10.569602,50,247.617844
-17.58415,50,247.676464
-18.324408,50,247.737624
-15.228431,50,247.792401
-7.307051,50,247.851848
-12.993242,50,247.899624
-20.837705,50,247.952171
-19.110559,50,248.017206
-18.07293,50,248.083453
-11.915091,50,248.139134
-7.840974,50,248.208683
-12.712914,50,248.256772
-14.103085,50,248.316949
-11.994575,50,248.375394
-7.864178,50,248.845194
-18.111236,50,248.899725
-19.953403,50,248.950597
-24.342682,50,249.006224
-16.600316,50,249.066654
-22.25937,50,249.122127
-13.400465,50,249.175464
-21.234091,50,249.22938
-13.527505,50,249.282941
-11.542684,50,249.34127
-20.044054,50,249.396627
-20.164635,50,249.447502
-8.507556,50,249.49988
-14.202165,50,249.554303
-15.762456,50,249.608422
-9.626643,50,249.660065
-16.419075,50,249.719994
-19.184229,50,249.7767
-24.021567,50,249.829454
-18.547997,50,249.879364
-8.114188,50,249.936225
-20.38552,50,249.996596
-17.548094,50,250.052654
-14.156797,50,250.106417
-10.113932,50,250.15507
-21.01858,50,250.210056
-16.914752,50,250.268157
-20.214135,50,250.32907
-11.190583,50,250.38371
-8.479838,50,250.4411
-14.293504,50,250.490025
-15.706308,50,250.543651
-20.605628,50,250.602976
-16.164818,50,250.660766
-22.287949,50,250.703539
-7.34831,50,250.741982
-17.630138,50,250.791049
-9.456521,50,250.851282
-21.266131,50,250.908918
-15.203766,50,250.966602
-17.195644,50,251.025198
-17.049965,50,251.488404
-17.828689,50,251.542875
-16.127123,50,251.592414
-14.852125,50,251.652957
-20.418031,50,251.706734
-11.281128,50,251.764283
-17.809508,50,251.796457
-15.274116,50,251.860302
-8.19801,50,251.91411
-14.951914,50,251.974117
-7.682415,50,252.024547
-14.039286,50,252.083205
-18.867533,50,252.13808
-14.808363,50,252.19718
-24.070798,50,252.253647
-21.26219,50,252.303719
-12.174288,50,252.356764
-14.713636,50,252.408752
-25.540234,50,252.456977
-16.871621,50,252.511419
-21.284181,50,252.568764
-11.350179,50,252.625871
-14.432416,50,252.682169
-15.517102,50,252.737636
-23.599531,50,252.788709
-11.055884,50,252.847706
-22.5012,50,252.901419
-11.909588,50,252.956103
-20.477853,50,253.012689
-19.898044,50,253.064828
-19.975973,50,253.118001
-7.884476,50,253.174757
-20.137803,50,253.229162
-12.107997,50,253.281246
-15.792528,50,253.334483
-15.902976,50,253.393147
-11.436354,50,253.450527
-7.798025,50,253.509659
-17.450702,50,253.569376
-14.067327,50,253.629354
-17.498764,50,253.681182
-13.62437,50,254.133153
-12.177379,50,254.198165
-16.508498,50,254.254849
-12.815586,50,254.316135
-15.607712,50,254.370141
-11.360393,50,254.427574
-10.922017,50,254.481178
-16.165583,50,254.532989
-18.928236,50,254.571547
-15.571361,50,254.637912
-24.664352,50,254.689181
-17.307616,50,254.735943
-19.573548,50,254.792969
-7.374362,50,254.84539
-17.517487,50,254.904427
-7.231169,50,254.956792
-24.973916,50,255.010075
-14.926784,50,255.068332
-24.759163,50,255.123221
-15.583519,50,255.171925
-11.470444,50,255.224477
-11.720108,50,255.279688
-8.992922,50,255.329318
-10.343762,50,255.384714
-21.526542,50,255.437584
-15.192544,50,255.497053
-18.586646,50,255.549729
-14.31886,50,255.602654
-21.119864,50,255.658596
-9.979676,50,255.717342
-17.626238,50,255.76372
-10.246937,50,255.821967
-18.60526,50,255.872077
-18.850052,50,255.925987
-15.911208,50,255.980271
-15.011407,50,256.042254
-10.10009,50,256.095506
-19.211157,50,256.158551
-21.804989,50,256.210737
-13.834498,50,256.268248
-14.121626,50,256.328393
-12.743347,50,256.782812
-22.274555,50,256.83331
-23.779423,50,256.889934
-16.202229,50,256.947419
-13.319742,50,257.000847
-20.156682,50,257.054532
-11.276542,50,257.108102
-17.934476,50,257.159872
-12.227854,50,257.208663
-20.286743,50,257.257684
-11.445023,50,257.316292
-19.798628,50,257.374794
-9.174154,50,257.432839
-8.557885,50,257.487891
-13.420112,50,257.545382
-22.32193,50,257.601464
-10.152449,50,257.646646
-14.849714,50,257.708401
-16.362085,50,257.765325
-16.700988,50,257.82057
-16.222236,50,257.872171
-6.90014,50,257.92743
-12.810482,50,257.985783
-15.567632,50,258.038668
-13.04448,50,258.093121
-24.95355,50,258.139245
-18.824513,50,258.186361
-18.119943,50,258.247301
-17.204602,50,258.307805
-11.969313,50,258.366269
-20.957794,50,258.418622
-20.064032,50,258.47892
-17.010572,50,258.532431
-22.659657,50,258.585818
-13.85979,50,258.64209
-11.387424,50,258.698888
-14.441073,50,258.756107
-25.54783,50,258.81226
-20.474734,50,258.864558
-12.354119,50,258.918865
-19.389961,50,258.97765
-15.665345,50,259.44786
-8.333094,50,259.506294
-11.983797,50,259.557799
-12.195429,50,259.621657
-10.481231,50,259.675417
-14.587224,50,259.733685
-8.83727,50,259.788691
-9.380037,50,259.846692
-10.570618,50,259.896203
-12.941118,50,259.953604
-21.708764,50,260.008658
-19.531525,50,260.06101
-19.577295,50,260.123079
-15.468678,50,260.184397
-12.899981,50,260.234514
-14.035086,50,260.290821
-15.234648,50,260.347159
-12.982897,50,260.401473
-21.368693,50,260.456077
-16.52988,50,260.51203
-22.889521,50,260.564254
-18.488423,50,260.616145
-16.426942,50,260.666246
-17.803349,50,260.715244
-15.113716,50,260.76902
-6.722206,50,260.816741
-18.276152,50,260.872444
-7.160481,50,260.929344
-14.084786,50,260.985697
-15.268926,50,261.037727
-18.594253,50,261.093626
-9.500185,50,261.139613
-8.228945,50,261.198145
-23.09854,50,261.253391
-17.528113,50,261.316688
-12.59203,50,261.36991
-7.134461,50,261.421291
-9.257548,50,261.467619
-17.891374,50,261.519503
-8.282282,50,261.574522
-13.07948,50,261.638372
-11.060364,50,262.108387
-19.829857,50,262.163091
-14.745055,50,262.215328
-9.194593,50,262.265919
-11.786701,50,262.319114
-16.070124,50,262.376689
-22.279645,50,262.42706
-17.908199,50,262.477415
-19.89481,50,262.532895
-15.065001,50,262.588776
-23.431598,50,262.648017
-10.238674,50,262.706061
-17.050752,50,262.761821
-15.685794,50,262.819535
-18.231151,50,262.870655
-19.757936,50,262.92381
-9.857727,50,262.973432
-12.897123,50,263.030984
-18.465042,50,263.090496
-11.700936,50,263.149615
-15.261162,50,263.210631
-19.1061,50,263.267084
-20.638723,50,263.314667
-10.286583,50,263.37415
-22.423104,50,263.430348
-13.72718,50,263.486278
-20.156733,50,263.546773
-10.922667,50,263.600866
-19.90939,50,263.659617
-13.551791,50,263.712633
-23.696584,50,263.771983
-14.694203,50,263.823692
-8.949109,50,263.872399
-16.740132,50,263.938888
-7.630752,50,264.003376
-14.267513,50,264.05889
-18.936559,50,264.105895
-5.866465,50,264.171252
-14.212531,50,264.230297
-18.355314,50,264.29284
-22.823229,50,264.352532
-7.185163,50,264.833926
-10.326251,50,264.886314
-11.017846,50,264.94233
-13.526905,50,264.998811
-23.220427,50,265.058851
-18.393869,50,265.118822
-22.886959,50,265.181152
-22.600496,50,265.230324
-11.2234,50,265.289024
-13.249526,50,265.351835
-17.348001,50,265.403343
-16.30793,50,265.462172
-20.733734,50,265.518956
-17.517652,50,265.575638
-11.154143,50,265.627915
-12.525639,50,265.689197
-7.133121,50,265.749238
-9.857978,50,265.806342
-19.462597,50,265.868747
-13.077604,50,265.932874
-22.327155,50,265.993938
-11.664159,50,266.048729
-18.804682,50,266.10964
-17.862938,50,266.16554
-14.126566,50,266.221531
-19.844764,50,266.277732
-14.705179,50,266.340664
-16.586788,50,266.395348
-15.127831,50,266.450326
-7.075732,50,266.50329
-21.210898,50,266.557376
-22.796248,50,266.61679
-22.309965,50,266.674466
-17.105779,50,266.73519
-15.571693,50,266.789869
-19.750409,50,266.850886
-15.135653,50,266.914407
-23.194728,50,266.973381
-14.502834,50,267.030596
-23.446577,50,267.081932
-15.812222,50,267.142139
-7.227432,50,267.65533
-15.266211,50,267.712625
-10.468911,50,267.764632
-16.20928,50,267.826227
-20.2793,50,267.890973
-16.479834,50,267.952912
-11.130327,50,268.013003
-22.586707,50,268.072808
-9.507381,50,268.134659
-19.318839,50,268.190607
-9.124625,50,268.256648
-18.600317,50,268.311384
-15.853615,50,268.371282
-12.198987,50,268.439044
-16.561196,50,268.499305
-16.383563,50,268.557001
-11.655644,50,268.615484
-11.95335,50,268.671573
-10.059012,50,268.730634
-9.312653,50,268.786376
-11.023617,50,268.843723
-20.125928,50,268.904559
-6.654162,50,268.96454
-9.309298,50,269.018399
-18.647173,50,269.075874
-14.746799,50,269.133134
-13.09418,50,269.189284
-14.120538,50,269.242404
-15.391602,50,269.296521
-22.943659,50,269.359074
-10.886707,50,269.415264
-14.173786,50,269.46708
-23.163832,50,269.526981
-16.807092,50,269.582797
-19.779062,50,269.638978
-7.948066,50,269.689712
-22.74884,50,269.747808
-14.987042,50,269.805107
-17.005435,50,269.857981
-23.397912,50,269.913768
-23.314063,50,269.969658
-18.010044,50,270.430191
-19.978573,50,270.492619
-10.707271,50,270.553191
-10.125087,50,270.611558
-20.096236,50,270.66747
-15.37043,50,270.723424
-14.989317,50,270.781333
-11.111042,50,270.837648
-11.76643,50,270.893834
-16.964679,50,270.952407
-8.440093,50,271.011885
-19.722531,50,271.062684
-17.462597,50,271.120152
-18.283497,50,271.177856
-16.178974,50,271.225416
-23.397181,50,271.285386
-23.018952,50,271.345616
-16.840705,50,271.404912
-17.418189,50,271.460961
-16.55793,50,271.520439
-20.540665,50,271.578936
-8.4917,50,271.637381
-20.740141,50,271.690585
-22.03777,50,271.744896
-21.799203,50,271.805354
-11.315493,50,271.868385
-14.629741,50,271.928118
-19.047028,50,271.982545
-20.509186,50,272.03762
-17.132584,50,272.099999
-17.246902,50,272.161419
-11.728988,50,272.213226
-17.116191,50,272.268493
-10.305243,50,272.331523
-11.213249,50,272.393488
-21.000051,50,272.453832
-9.854679,50,272.514857
-12.410607,50,272.577647
-15.932119,50,272.635917
-17.310902,50,272.692292
-6.755028,50,273.149796
-16.5655,50,273.203458
-9.859986,50,273.263559
-6.409788,50,273.321246
-13.426814,50,273.378462
-18.805729,50,273.435734
-9.327255,50,273.488505
-23.961983,50,273.54343
-10.616065,50,273.597268
-20.408046,50,273.653072
-15.806046,50,273.712011
-11.800606,50,273.767515
-11.279002,50,273.827504
-12.876843,50,273.879354
-12.534492,50,273.93508
-14.020366,50,273.99455
-19.816826,50,274.046916
-17.285883,50,274.109107
-12.905412,50,274.166095
-22.134898,50,274.235268
-23.005954,50,274.298699
-17.883805,50,274.365564
-19.759835,50,274.426621
-14.53689,50,274.489126
-15.528369,50,274.554717
-11.248755,50,274.611215
-17.502265,50,274.673102
-19.378667,50,274.735708
-21.139315,50,274.794307
-17.272347,50,274.850327
-21.39425,50,274.91355
-16.410755,50,274.963904
-16.112557,50,275.026953
-15.561895,50,275.089481
-9.559302,50,275.150493
-14.751634,50,275.210247
-21.660563,50,275.26426
-17.540897,50,275.327039
-22.252449,50,275.383068
-10.257167,50,275.44234
-20.854683,50,275.498142
-18.297083,50,276.000698
-11.606814,50,276.05915
-6.874394,50,276.116325
-14.140999,50,276.177993
-9.995134,50,276.235021
-15.583037,50,276.293017
-12.703593,50,276.345174
-6.288044,50,276.39981
-15.872777,50,276.456639
-17.904087,50,276.508384
-11.487057,50,276.564517
-16.094372,50,276.626541
-12.315445,50,276.68544
-18.113503,50,276.742346
-10.404672,50,276.800634
-22.334758,50,276.856264
-23.486043,50,276.910193
-9.72295,50,276.970311
-12.04718,50,277.027938
-21.527794,50,277.085974
-16.121035,50,277.150672
-11.081521,50,277.211051
-17.267329,50,277.274374
-19.107863,50,277.331839
-9.595049,50,277.396799
-9.223028,50,277.456774
-13.654241,50,277.521032
-8.883488,50,277.571471
-18.739641,50,277.626703
-11.24625,50,277.676952
-14.559061,50,277.732759
-19.171553,50,277.789819
-13.525855,50,277.852868
-20.373398,50,277.9147
-17.337045,50,277.971676
-20.936801,50,278.031306
-9.752993,50,278.09094
-16.698673,50,278.146786
-22.069993,50,278.202609
-19.253026,50,278.259758
-18.772606,50,278.321979
-15.522919,50,278.822159
-10.971051,50,278.877334
-14.600266,50,278.931114
-13.634022,50,278.989758
-15.52865,50,279.043884
-17.655527,50,279.100681
-18.591069,50,279.164346
-17.95404,50,279.22594
-16.728812,50,279.275825
-5.241212,50,279.330062
-11.418248,50,279.388777
-22.234296,50,279.445328
-17.033278,50,279.501568
-15.203279,50,279.563881
-13.998049,50,279.62149
-15.96959,50,279.683591
-10.031847,50,279.733606
-14.044479,50,279.793568
-15.752201,50,279.846643
-14.351972,50,279.889326
-10.69161,50,279.941517
-18.087446,50,279.995673
-15.520581,50,280.053844
-19.876665,50,280.108514
-6.4828,50,280.163219
-18.667788,50,280.219325
-10.633149,50,280.274159
-15.804103,50,280.332459
-20.082279,50,280.396918
-7.921619,50,280.453711
-17.785763,50,280.506658
-15.529756,50,280.565807
-13.088814,50,280.620522
-7.887596,50,280.678575
-5.426233,50,280.73582
-19.470467,50,280.795604
-9.303663,50,280.853684
-21.928517,50,280.916295
-23.186463,50,280.970353
-15.956761,50,281.027699
-9.70052,50,281.083723
-20.789104,50,281.578046
-21.651192,50,281.639959
-13.3188,50,281.696094
-16.965872,50,281.754628
-6.924128,50,281.814632
-14.466323,50,281.873198
-21.361441,50,281.933778
-22.734374,50,281.994006
-17.39095,50,282.055693
-14.193284,50,282.114889
-19.690728,50,282.172021
-17.527666,50,282.240408
-19.085339,50,282.296359
-18.506499,50,282.351428
-13.657508,50,282.402969
-14.001067,50,282.463126
-10.983571,50,282.517746
-13.240519,50,282.553282
-21.844424,50,282.594917
-21.394857,50,282.647585
-11.577074,50,282.701419
-19.562455,50,282.762352
-9.398311,50,282.818192
-10.940368,50,282.871427
-5.091589,50,282.922633
-16.104031,50,282.979733
-14.517721,50,283.034852
-21.978858,50,283.092434
-16.321856,50,283.155222
-10.790587,50,283.211313
-20.112602,50,283.27088
-9.069057,50,283.332609
-12.603317,50,283.39062
-8.376917,50,283.445738
-6.080985,50,283.497586
-18.521121,50,283.555004
-14.493751,50,283.613322
-8.202089,50,283.678189
-16.038064,50,283.743058
-11.659491,50,283.800438
-22.129386,50,283.861431
-13.153309,50,284.330183
-22.686718,50,284.382473
-5.866342,50,284.44535
-13.244802,50,284.498827
-7.200406,50,284.552707
-11.487493,50,284.60622
-9.551915,50,284.66114
-9.591835,50,284.716195
-12.2115,50,284.777973
-15.264526,50,284.833421
-19.465713,50,284.893944
-10.512284,50,284.955107
-12.355598,50,285.013487
-17.8303,50,285.071612
-19.861886,50,285.125396
-10.993735,50,285.183878
-19.896728,50,285.239951
-18.25532,50,285.292939
-20.31976,50,285.352862
-13.223202,50,285.412621
-17.897978,50,285.467869
-9.898465,50,285.528957
-23.456981,50,285.591664
-8.762571,50,285.647748
-9.591967,50,285.705828
-14.591175,50,285.763373
-18.699595,50,285.823541
-9.931612,50,285.884488
-17.56505,50,285.94173
-14.52335,50,285.999511
-6.179047,50,286.060606
-14.425191,50,286.121136
-21.296125,50,286.181316
-12.141097,50,286.233216
-13.914513,50,286.296259
-20.867769,50,286.346454
-11.910918,50,286.40322
-11.926809,50,286.460158
-20.34368,50,286.519378
-9.813177,50,286.578319
-20.839421,50,286.63528
-22.574218,50,287.114449
-18.135672,50,287.170281
-16.223866,50,287.229987
-22.28329,50,287.282825
-15.893369,50,287.331255
-14.66892,50,287.388083
-15.475532,50,287.443161
-16.96294,50,287.498403
-7.886279,50,287.551868
-22.838013,50,287.603807
-12.145459,50,287.658221
-8.080644,50,287.71987
-12.979442,50,287.775654
-17.434914,50,287.829624
-6.485099,50,287.888754
-18.302665,50,287.940985
-9.037381,50,287.98684
-19.486479,50,288.052904
-14.121866,50,288.108495
-11.008314,50,288.167692
-10.269327,50,288.224478
-9.361794,50,288.273887
-13.778264,50,288.33893
-21.953735,50,288.390171
-20.571464,50,288.443516
-5.595044,50,288.499708
-23.853625,50,288.561367
-7.617374,50,288.612714
-18.770125,50,288.664242
-11.106868,50,288.719823
-8.830121,50,288.775721
-20.293154,50,288.833847
-20.042942,50,288.891944
-11.586979,50,288.947343
-13.991025,50,289.003971
-21.393999,50,289.061631
-6.04904,50,289.109059
-11.845157,50,289.162001
-11.156236,50,289.214431
-13.145053,50,289.269488
-19.331283,50,289.320922
-20.344122,50,289.799632
-21.004899,50,289.859172
-5.965828,50,289.919895
-13.232489,50,289.979889
-15.991775,50,290.025061
-10.313554,50,290.0842
-15.21681,50,290.147951
-12.495863,50,290.206751
-18.871886,50,290.258213
-15.687425,50,290.321475
-21.937391,50,290.375802
-10.70172,50,290.433524
-16.932632,50,290.489778
-20.224705,50,290.546381
-14.278261,50,290.605547
-14.795961,50,290.667417
-23.768487,50,290.72651
-22.057165,50,290.788152
-16.956432,50,290.843115
-20.258873,50,290.905612
-11.788228,50,290.961404
-19.294295,50,291.02062
-16.100925,50,291.082248
-19.552906,50,291.139984
-13.870501,50,291.19974
-21.173321,50,291.257542
-7.729049,50,291.316998
-13.482744,50,291.372314
-16.646394,50,291.429958
-6.7406,50,291.494514
-13.469556,50,291.555465
-8.7179,50,291.620691
-17.722408,50,291.674339
-13.017796,50,291.72987
-18.713103,50,291.789876
-19.292821,50,291.846478
-17.909725,50,291.899065
-7.005114,50,291.954398
-11.005621,50,292.004491
-14.821287,50,292.060372
-19.318843,50,292.118647
-13.476608,50,292.62193
-7.243873,50,292.665796
-14.751802,50,292.721549
-20.083712,50,292.781299
-19.223075,50,292.838576
-16.450676,50,292.891756
-6.271729,50,292.944599
-20.85891,50,293.004787
-11.376285,50,293.059341
-13.690468,50,293.125064
-18.460886,50,293.182851
-20.077757,50,293.243763
-15.222238,50,293.296649
-17.781872,50,293.35199
-23.334826,50,293.405622
-14.230289,50,293.462844
-20.3132,50,293.520983
-8.292265,50,293.572341
-12.841168,50,293.632953
-13.828519,50,293.68536
-18.225361,50,293.750183
-12.786489,50,293.80125
-6.745118,50,293.854397
-11.859046,50,293.909939
-16.687141,50,293.957897
-15.323618,50,294.012249
-20.601186,50,294.064743
-19.381387,50,294.119617
-16.115825,50,294.179367
-14.713488,50,294.234327
-14.398744,50,294.291677
-15.744897,50,294.342194
-11.931816,50,294.403553
-12.743792,50,294.463197
-17.929254,50,294.51567
-17.465042,50,294.570332
-16.956001,50,294.628529
-13.71486,50,294.682672
-17.565939,50,294.739898
-14.732274,50,294.790271
-13.131516,50,294.829694
-22.102477,50,295.336857
-18.923218,50,295.392919
-13.440888,50,295.457239
-13.395742,50,295.511707
-20.710099,50,295.564919
-10.731395,50,295.619869
-15.152332,50,295.678617
-19.560779,50,295.735575
-21.748302,50,295.793969
-15.602129,50,295.84953
-16.766187,50,295.906861
-17.050639,50,295.968822
-20.309487,50,296.024589
-12.260359,50,296.087868
-6.092511,50,296.148064
-18.01842,50,296.20526
-16.090769,50,296.257455
-19.98036,50,296.301839
-8.00101,50,296.360631
-15.643582,50,296.416984
-16.780576,50,296.476346
-18.930849,50,296.535439
-7.474362,50,296.592448
-16.60134,50,296.654547
-20.618316,50,296.712362
-10.437553,50,296.762228
-21.141234,50,296.82624
-9.719029,50,296.887361
-9.330866,50,296.950124
-14.780835,50,297.008207
-21.230442,50,297.062838
-11.634092,50,297.110905
-18.264504,50,297.170383
-8.649799,50,297.221246
-9.967491,50,297.274728
-14.662938,50,297.32919
-14.333269,50,297.379599
-19.614253,50,297.440528
-15.072074,50,297.500441
-14.017545,50,297.555521
-11.206708,50,297.623415
-13.244604,50,298.099283
-20.253757,50,298.155944
-20.511048,50,298.216359
-15.489446,50,298.27147
-14.559859,50,298.317786
-18.470999,50,298.374826
-15.610239,50,298.426843
-16.659053,50,298.485211
-15.800459,50,298.539321
-16.71817,50,298.592938
-11.547916,50,298.650691
-20.238172,50,298.702629
-19.838729,50,298.7623
-9.842474,50,298.818806
-12.778771,50,298.871121
-16.533479,50,298.930398
-13.269419,50,298.988594
-15.541357,50,299.046651
-19.612529,50,299.100429
-19.617365,50,299.138433
-17.795296,50,299.204049
-14.594173,50,299.258341
-21.170597,50,299.310222
-15.812807,50,299.368121
-7.954396,50,299.417324
-21.557603,50,299.475993
-19.084268,50,299.527944
-10.035595,50,299.584228
-15.438375,50,299.645918
-18.08892,50,299.692517
-11.769228,50,299.753503
-12.516239,50,299.81813
-20.468164,50,299.873891
-15.100572,50,299.934042
-20.554395,50,299.988699
-7.429259,50,300.045671
-16.425179,50,300.101563
-8.692057,50,300.157362
-12.871282,50,300.211104
-16.451358,50,300.263318
-20.029816,50,300.316891
-13.591208,50,300.791468
-19.107193,50,300.846951
-22.376981,50,300.905879
-9.033566,50,300.962005
-21.103782,50,301.016403
-11.82562,50,301.070531
-8.327222,50,301.12123
-15.047492,50,301.184411
-19.000229,50,301.239568
-16.642062,50,301.29293
-11.100896,50,301.344262
-17.829474,50,301.401438
-14.02025,50,301.459581
-11.577431,50,301.514895
-18.03346,50,301.579287
-16.738793,50,301.637673
-13.659051,50,301.699377
-19.893635,50,301.753682
-21.647902,50,301.805706
-11.179762,50,301.860564
-13.891653,50,301.917865
-16.178438,50,301.979812
-22.044813,50,302.03199
-16.605961,50,302.095411
-16.742102,50,302.150632
-15.798382,50,302.201981
-16.803098,50,302.259144
-15.019558,50,302.313648
-13.22914,50,302.362926
-19.372495,50,302.423061
-5.664861,50,302.476685
-18.208052,50,302.535735
-16.960873,50,302.587585
-12.716672,50,302.632461
-12.775831,50,302.696059
-15.623399,50,302.757766
-14.46401,50,302.812589
-15.068443,50,302.862775
-13.938939,50,302.916722
-20.826411,50,302.973149
-18.258768,50,303.029332
-19.990912,50,303.507404
-13.667563,50,303.563916
-15.153864,50,303.618176
-19.276485,50,303.67065
-18.667228,50,303.735311
-14.760148,50,303.783181
-14.256695,50,303.84059
-13.794261,50,303.897269
-17.604472,50,303.953182
-15.095145,50,304.006638
-17.141326,50,304.060075
-23.5904,50,304.115316
-15.881377,50,304.169726
-12.145713,50,304.226478
-8.170899,50,304.284531
-11.073591,50,304.342272
-13.041038,50,304.395298
-20.984242,50,304.456134
-17.878288,50,304.509957
-21.593083,50,304.565758
-19.529156,50,304.62568
-11.150065,50,304.6805
-8.06665,50,304.744043
-13.46868,50,304.799059
-8.568672,50,304.856844
-16.785557,50,304.912441
-9.924458,50,304.972511
-19.547216,50,305.030567
-13.207768,50,305.082301
-21.94375,50,305.143207
-16.978859,50,305.204556
-14.564539,50,305.260692
-16.294104,50,305.322426
-21.444087,50,305.381522
-17.140983,50,305.43779
-15.056601,50,305.490477
-13.616472,50,305.550139
-16.203937,50,305.60621
-20.872708,50,305.66339
-15.009531,50,305.717834
-11.280027,50,305.775696
-19.606712,50,306.267894
-15.971381,50,306.324187
-17.48523,50,306.38555
-21.380303,50,306.43747
-20.374231,50,306.495668
-18.025664,50,306.556995
-18.937422,50,306.613981
-14.487553,50,306.653572
-18.761071,50,306.710659
-11.371391,50,306.770698
-6.888154,50,306.824918
-11.715382,50,306.882783
-14.534123,50,306.936051
-23.622257,50,306.991334
-22.195963,50,307.045129
-16.716521,50,307.104116
-6.727334,50,307.160461
-18.97439,50,307.214366
-8.689133,50,307.26933
-10.055248,50,307.329488
-12.725674,50,307.382189
-16.012991,50,307.436319
-15.020046,50,307.497153
-10.019579,50,307.549191
-13.8295,50,307.605458
-22.767892,50,307.664308
-15.932268,50,307.711669
-18.206762,50,307.770664
-17.121052,50,307.825919
-19.083446,50,307.882544
-22.424237,50,307.949275
-21.158037,50,308.006363
-12.019062,50,308.059148
-11.271143,50,308.114179
-12.938542,50,308.168018
-23.309387,50,308.21879
-21.461487,50,308.270256
-16.318043,50,308.332482
-11.184644,50,308.388561
-19.164467,50,308.442648
-8.890186,50,308.506505
-9.623266,50,308.974119
-11.275299,50,309.029383
-21.319756,50,309.082262
-22.203251,50,309.135382
-6.760375,50,309.188888
-15.942304,50,309.24122
-17.671994,50,309.295436
-13.005491,50,309.354281
-16.042229,50,309.411333
-15.82611,50,309.467255
-9.663814,50,309.520606
-15.193106,50,309.583521
-15.068898,50,309.631073
-15.894547,50,309.687409
-14.539543,50,309.741913
-12.767386,50,309.796309
-21.310224,50,309.857457
-16.482855,50,309.913116
-7.571395,50,309.969331
-19.331511,50,310.020492
-10.484256,50,310.07364
-19.346393,50,310.135653
-16.192892,50,310.196941
-10.038853,50,310.255514
-12.72799,50,310.311589
-20.837356,50,310.36753
-17.904146,50,310.422866
-13.061707,50,310.481984
-18.891221,50,310.546784
-12.923443,50,310.606879
-21.044067,50,310.660515
-12.04227,50,310.712954
-22.380938,50,310.769647
-12.668503,50,310.824234
-17.51408,50,310.883187
-7.57616,50,310.935395
-10.967411,50,310.991479
-20.207537,50,311.050771
-12.797715,50,311.108848
-17.833613,50,311.168246
-20.721526,50,311.224671
-15.621077,50,311.71537
-7.511362,50,311.773208
-20.267176,50,311.829078
-9.719593,50,311.884239
-15.725667,50,311.933083
-13.887838,50,311.99086
-21.047978,50,312.051305
-13.619192,50,312.113478
-18.652671,50,312.169685
-22.75343,50,312.228314
-17.502651,50,312.285531
-19.234949,50,312.344348
-20.959264,50,312.401409
-18.607903,50,312.460216
-12.617664,50,312.515607
-14.244701,50,312.57801
-13.825299,50,312.629363
-16.526574,50,312.687986
-13.845432,50,312.751423
-17.812902,50,312.811335
-17.669581,50,312.868951
-9.955018,50,312.923441
-15.897195,50,312.98329
-6.880137,50,313.038894
-17.80912,50,313.096325
-20.325434,50,313.154286
-7.427227,50,313.210069
-12.315399,50,313.263975
-5.674531,50,313.317159
-22.489113,50,313.373203
-7.62803,50,313.432544
-22.046467,50,313.485388
-8.576016,50,313.541365
-21.532548,50,313.592393
-4.537781,50,313.64842
-19.665702,50,313.704172
-19.415746,50,313.762366
-15.128568,50,313.818594
-16.531038,50,313.879464
-15.986691,50,313.939626
-15.826603,50,313.990392
-16.721165,50,314.461765
-21.123694,50,314.51973
-18.795993,50,314.575172
-6.991201,50,314.62755
-5.517201,50,314.687209
-18.509229,50,314.749056
-10.61467,50,314.802907
-11.076646,50,314.851676
-18.197024,50,314.911492
-21.723114,50,314.970251
-17.691202,50,315.026718
-13.080318,50,315.076819
-13.14352,50,315.132685
-6.805581,50,315.187511
-6.287863,50,315.245659
-16.798163,50,315.30654
-5.743921,50,315.358996
-8.978299,50,315.413509
-18.407568,50,315.468034
-18.891596,50,315.52549
-7.468967,50,315.584134
-20.694206,50,315.635528
-19.600636,50,315.693686
-7.34892,50,315.751061
-13.610849,50,315.805718
-16.493544,50,315.859177
-20.402049,50,315.916728
-21.619788,50,315.976171
-7.81252,50,316.033482
-17.805841,50,316.089499
-21.533723,50,316.148595
-10.063318,50,316.210302
-17.02568,50,316.25444
-16.461136,50,316.31331
-13.775184,50,316.368146
-10.890453,50,316.426856
-13.619022,50,316.483982
-11.514176,50,316.542145
-17.81936,50,316.601294
-21.158186,50,316.651803
-10.446086,50,316.710424
-8.593622,50,317.181753
-12.858832,50,317.241024
-16.990095,50,317.298743
-11.167371,50,317.359875
-16.51365,50,317.411998
-12.677239,50,317.471616
-20.737769,50,317.52165
-19.360707,50,317.580255
-12.878549,50,317.641103
-10.562921,50,317.700329
-7.314231,50,317.757471
-6.895179,50,317.817451
-19.683483,50,317.872546
-11.937131,50,317.920969
-4.511405,50,317.969636
-20.833546,50,318.033741
-18.296433,50,318.085471
-18.011427,50,318.140139
-13.199226,50,318.199699
-16.98843,50,318.253614
-11.477515,50,318.306352
-11.884699,50,318.363363
-9.782837,50,318.418536
-11.660892,50,318.479241
-12.02545,50,318.534023
-9.72237,50,318.591258
-13.274971,50,318.646472
-20.795115,50,318.704421
-21.729489,50,318.763233
-15.439021,50,318.821824
-19.969627,50,318.878191
-17.099892,50,318.928328
-5.674276,50,318.987342
-12.100079,50,319.046134
-17.00674,50,319.097854
-11.388625,50,319.162323
-21.846729,50,319.215204
-16.983108,50,319.270367
-14.722899,50,319.326225
-14.356273,50,319.378711
-11.377537,50,319.423335
-16.942884,50,319.892171
-5.36269,50,319.951394
-17.868176,50,320.000702
-21.195326,50,320.05945
-10.278953,50,320.110876
-13.285021,50,320.171537
-15.253672,50,320.23033
-6.770118,50,320.289679
-12.051004,50,320.345442
-15.45384,50,320.39954
-13.473683,50,320.457324
-16.275267,50,320.512455
-19.465852,50,320.566477
-20.628199,50,320.618021
-11.95876,50,320.673406
-9.470813,50,320.73392
-16.314551,50,320.788845
-11.808112,50,320.847885
-12.210325,50,320.907773
-10.875386,50,320.962587
-10.243203,50,321.020303
-13.520219,50,321.075974
-21.216228,50,321.13199
-11.941202,50,321.192184
-15.734091,50,321.253635
-14.067443,50,321.308944
-12.984891,50,321.367078
-17.051425,50,321.417518
-16.726136,50,321.474824
-17.325272,50,321.530934
-13.76558,50,321.584148
-11.259905,50,321.640235
-12.462438,50,321.698853
-20.231692,50,321.759497
-8.020652,50,321.819863
-12.142897,50,321.877797
-14.921693,50,321.928795
-8.607456,50,321.990714
-18.737667,50,322.043265
-14.720627,50,322.097366
-16.138488,50,322.157137
-17.745702,50,322.639388
-18.752301,50,322.692727
-9.541317,50,322.756388
-15.750182,50,322.811028
-18.850431,50,322.86658
-10.996095,50,322.925349
-10.632015,50,322.983973
-9.345634,50,323.034783
-15.139985,50,323.094398
-16.247843,50,323.152556
-13.66521,50,323.200617
-6.25495,50,323.230824
-15.659801,50,323.287037
-11.757144,50,323.347616
-6.785861,50,323.407124
-14.852971,50,323.466616
-15.450676,50,323.523013
-9.336137,50,323.574794
-17.993485,50,323.634649
-12.59743,50,323.683657
-16.762691,50,323.733637
-10.471589,50,323.785562
-9.891113,50,323.837671
-11.27304,50,323.897367
-16.324365,50,323.953588
-20.499591,50,324.012157
-12.860872,50,324.06979
-17.280406,50,324.128559
-15.860501,50,324.1853
-11.14931,50,324.232203
-11.684938,50,324.285408
-12.385828,50,324.343244
-11.267023,50,324.394386
-14.002284,50,324.452793
-18.728223,50,324.507222
-9.19079,50,324.566551
-11.466444,50,324.629243
-17.968396,50,324.676593
-8.8241,50,324.731231
-10.081906,50,324.785007
-15.071729,50,324.844155
-20.254999,50,325.319554
-15.063947,50,325.375369
-6.995584,50,325.427505
-20.146206,50,325.483154
-16.317226,50,325.535596
-18.116958,50,325.593512
-13.384786,50,325.64729
-14.283573,50,325.705864
-19.953589,50,325.763291
-7.282803,50,325.822053
-10.981236,50,325.877378
-13.480916,50,325.934661
-13.509617,50,325.99231
-11.11322,50,326.052588
-9.015773,50,326.101878
-18.338482,50,326.161428
-15.473319,50,326.22316
-12.331995,50,326.282608
-10.462368,50,326.336096
-18.124683,50,326.397278
-5.514537,50,326.449587
-21.341869,50,326.504804
-12.843678,50,326.561681
-16.74333,50,326.61816
-13.921728,50,326.674689
-12.180593,50,326.731545
-12.031358,50,326.778554
-15.79128,50,326.837487
-10.999645,50,326.893384
-10.465462,50,326.94794
-10.729534,50,327.00542
-18.150399,50,327.062255
-20.067501,50,327.119513
-5.602865,50,327.175023
-14.36044,50,327.22645
-19.47409,50,327.278506
-9.203626,50,327.331436
-16.55515,50,327.389376
-11.87677,50,327.441919
-14.821472,50,327.503406
-17.35597,50,327.56065
-13.73505,50,328.038233
-15.525015,50,328.099909
-6.477797,50,328.152208
-16.841638,50,328.212432
-20.591041,50,328.262148
-15.28635,50,328.317978
-19.408384,50,328.373562
-13.301641,50,328.4275
-11.548158,50,328.486881
-18.689221,50,328.537645
-14.918574,50,328.592472
-12.448029,50,328.647617
-17.191253,50,328.701567
-14.027783,50,328.758621
-13.307215,50,328.818089
-10.415575,50,328.877727
-11.31107,50,328.928619
-23.077201,50,328.985677
-14.100542,50,329.044315
-13.623862,50,329.095686
-18.725087,50,329.149498
-18.263474,50,329.20122
-16.966644,50,329.255155
-6.474727,50,329.310823
-16.257319,50,329.361217
-11.550266,50,329.418969
-11.329757,50,329.469204
-6.482113,50,329.525048
-17.748187,50,329.581908
-20.643503,50,329.636608
-13.206746,50,329.692437
-16.778901,50,329.749068
-16.800897,50,329.802487
-19.005291,50,329.858347
-9.720272,50,329.917871
-14.53319,50,329.970714
-13.856774,50,330.032479
-18.060768,50,330.086198
-21.791784,50,330.14734
-9.616283,50,330.206858
-14.919577,50,330.262522
-19.732897,50,330.730478
-21.683211,50,330.7863
-5.870145,50,330.843453
-22.304768,50,330.897966
-19.51749,50,330.949584
-17.704561,50,331.003431
-13.336624,50,331.059603
-17.849961,50,331.108696
-12.643237,50,331.164957
-16.491331,50,331.22149
-20.649195,50,331.276189
-19.619098,50,331.327912
-21.783869,50,331.381013
-19.255912,50,331.435149
-14.76048,50,331.487475
-12.473891,50,331.541186
-14.105965,50,331.594994
-11.478239,50,331.648406
-23.238342,50,331.698641
-20.352713,50,331.754617
-16.867041,50,331.806221
-15.56695,50,331.858857
-21.415089,50,331.916054
-17.477605,50,331.967695
-14.831823,50,332.030895
-21.528085,50,332.087814
-17.607181,50,332.144336
-9.73442,50,332.201256
-6.873865,50,332.252489
-8.891474,50,332.302893
-7.190064,50,332.35904
-11.047066,50,332.406342
-11.875135,50,332.45513
-20.752483,50,332.514681
-14.624373,50,332.568306
-12.499043,50,332.623092
-14.538053,50,332.67812
-17.728263,50,332.737283
-20.110039,50,332.802699
-20.874766,50,332.846116
-16.187365,50,332.908255
-21.282307,50,333.396367
-17.413881,50,333.451038
-4.78699,50,333.510012
-22.175537,50,333.567027
-11.929298,50,333.609966
-19.220068,50,333.668788
-12.396738,50,333.715348
-18.558925,50,333.770515
-21.788868,50,333.820965
-12.270312,50,333.877474
-14.030105,50,333.938987
-7.669891,50,333.99226
-18.190887,50,334.0497
-20.903188,50,334.109558
-11.122157,50,334.16976
-5.682217,50,334.224677
-12.138451,50,334.284353
-13.720669,50,334.344769
-20.755178,50,334.401634
-10.530174,50,334.452289
-11.221148,50,334.510034
-13.382679,50,334.556461
-14.103143,50,334.615529
-10.907163,50,334.669326
-10.467497,50,334.728937
-8.457888,50,334.780671
-5.774304,50,334.835155
-17.678842,50,334.892509
-15.257525,50,334.949401
-8.957416,50,335.008992
-5.830515,50,335.060236
-15.4796,50,335.115152
-18.500372,50,335.173097
-10.103482,50,335.234022
-17.551334,50,335.291287
-13.612649,50,335.348563
-18.294957,50,335.401997
-13.227476,50,335.460595
-15.639357,50,335.512557
-21.75422,50,335.570624
-19.920757,50,335.630157
-22.32226,50,336.114985
-19.429323,50,336.172364
-17.438438,50,336.230117
-14.484599,50,336.288404
-12.71919,50,336.345314
-6.277114,50,336.40912
-18.252114,50,336.461623
-5.486645,50,336.51837
-19.120745,50,336.569099
-18.572446,50,336.631862
-15.491316,50,336.691591
-10.933876,50,336.747383
-11.912943,50,336.805231
-16.060136,50,336.859966
-12.721312,50,336.919441
-23.16262,50,336.973924
-18.863287,50,337.031613
-20.041721,50,337.085782
-16.369377,50,337.141195
-5.365873,50,337.205556
-16.971604,50,337.258969
-19.591507,50,337.311301
-19.22591,50,337.368407
-20.639068,50,337.425894
-17.964805,50,337.48165
-18.366486,50,337.537155
-6.734479,50,337.593355
-19.035459,50,337.645829
-21.521133,50,337.702472
-14.918263,50,337.755991
-22.740677,50,337.814013
-17.951046,50,337.865359
-18.946593,50,337.92537
-19.224775,50,337.979819
-6.696149,50,338.036701
-9.317032,50,338.093043
-18.746853,50,338.150959
-11.540812,50,338.210539
-17.842997,50,338.265126
-7.186666,50,338.326239
-21.525793,50,338.385724
-21.207492,50,338.857962
-14.825277,50,338.918985
-12.039606,50,338.976342
-17.726735,50,339.026928
-14.207447,50,339.081837
-17.661674,50,339.125274
-15.385941,50,339.185699
-14.33921,50,339.238347
-15.224582,50,339.29449
-22.897892,50,339.342815
-11.627296,50,339.394488
-17.165909,50,339.447152
-17.471612,50,339.508637
-7.850252,50,339.562057
-16.068806,50,339.622351
-6.809665,50,339.680103
-15.833633,50,339.738041
-11.007924,50,339.793253
-6.986509,50,339.850624
-7.949413,50,339.899587
-8.729528,50,339.962662
-17.091888,50,340.01411
-19.516783,50,340.065633
-10.480139,50,340.124921
-17.862423,50,340.180753
-9.622983,50,340.240675
-17.421079,50,340.290653
-14.14984,50,340.350615
-19.798102,50,340.40815
-18.940953,50,340.467028
-21.159137,50,340.529057
-17.971385,50,340.584786
-16.253696,50,340.647014
-14.728014,50,340.705077
-12.73964,50,340.758376
-15.026917,50,340.816297
-13.276667,50,340.875585
-9.505544,50,340.928706
-15.857923,50,340.993158
-12.300304,50,341.044555
-15.058565,50,341.528001
-8.008857,50,341.591923
-17.494866,50,341.648028
-17.984746,50,341.706357
-17.018734,50,341.759942
-20.008618,50,341.818409
-18.71551,50,341.874435
-9.593646,50,341.932833
-10.400043,50,341.988742
-5.800842,50,342.043639
-8.156238,50,342.096513
-12.923739,50,342.156962
-10.664865,50,342.21641
-18.797172,50,342.272372
-18.668868,50,342.333242
-9.474303,50,342.389783
-5.293417,50,342.452411
-12.197932,50,342.514402
-6.475174,50,342.562618
-14.405359,50,342.61583
-9.64817,50,342.67331
-8.031465,50,342.727468
-12.719557,50,342.786191
-19.805876,50,342.850166
-9.330977,50,342.909158
-20.267189,50,342.964379
-15.07138,50,343.023705
-18.110632,50,343.086649
-14.891369,50,343.140561
-9.524033,50,343.199367
-5.639094,50,343.255466
-17.652101,50,343.315586
-11.265865,50,343.37625
-15.542777,50,343.428592
-11.236965,50,343.483393
-8.101941,50,343.535389
-17.322905,50,343.596804
-12.2046,50,343.657756
-9.873072,50,343.716612
-11.472638,50,343.772592
-14.033873,50,343.833253
-17.171761,50,344.323506
-20.657461,50,344.385749
-21.692459,50,344.444319
-11.105882,50,344.502991
-19.239512,50,344.560767
-12.254456,50,344.622176
-13.328468,50,344.679936
-11.986638,50,344.740072
-5.706788,50,344.798346
-14.143777,50,344.855872
-13.696196,50,344.910532
-21.1422,50,344.968692
-12.568225,50,345.027148
-18.433399,50,345.087529
-20.759714,50,345.149178
-13.227805,50,345.206218
-15.755498,50,345.260829
-5.970879,50,345.318364
-12.876013,50,345.379964
-11.904351,50,345.435695
-21.56568,50,345.487092
-11.56749,50,345.547234
-17.478439,50,345.607877
-19.795793,50,345.659331
-16.352848,50,345.723904
-17.28302,50,345.789162
-17.261512,50,345.851487
-14.852387,50,345.908756
-11.527065,50,345.964478
-7.041549,50,346.022595
-17.246943,50,346.079294
-14.719745,50,346.135554
-9.258356,50,346.200204
-19.280251,50,346.257046
-7.103688,50,346.312745
-19.043005,50,346.369936
-11.559539,50,346.425062
-11.754661,50,346.485029
-13.094082,50,346.541647
-7.691042,50,346.597436
-9.261465,50,346.649612
-16.756664,50,347.175633
-20.620723,50,347.243787
-16.881097,50,347.302242
-11.509358,50,347.363154
-10.991267,50,347.422583
-21.777083,50,347.479937
-14.488651,50,347.540775
-8.838326,50,347.598927
-9.834999,50,347.657194
-8.493702,50,347.713529
-19.638402,50,347.776346
-14.845135,50,347.834486
-15.45462,50,347.892616
-13.394823,50,347.949693
-9.365957,50,348.020733
-19.93238,50,348.08543
-20.388015,50,348.1515
-21.885031,50,348.214599
-22.601824,50,348.278258
-19.656671,50,348.343224
-17.565644,50,348.406848
-18.167341,50,348.469486
-10.716672,50,348.537692
-8.528734,50,348.600456
-8.414485,50,348.664969
-12.688635,50,348.728817
-18.411471,50,348.79528
-17.89359,50,348.855222
-11.863996,50,348.91908
-9.405898,50,348.971132
-8.056318,50,349.039134
-16.624102,50,349.103072
-14.456711,50,349.158925
-15.279858,50,349.220462
-17.172212,50,349.286222
-9.830465,50,349.35182
-10.146665,50,349.405096
-14.870577,50,349.465414
-15.274136,50,349.526918
-15.629749,50,349.582569
-18.298335,50,349.642459
-16.873924,50,350.161551
-15.362295,50,350.221803
-13.025307,50,350.276297
-16.343674,50,350.344243
-21.337236,50,350.404699
-19.282191,50,350.467347
-17.713224,50,350.521248
-9.728298,50,350.579525
-21.685654,50,350.638541
-14.229268,50,350.696275
-9.486251,50,350.746324
-10.438993,50,350.804965
-16.46934,50,350.856874
-10.74043,50,350.923022
-5.739045,50,350.9776
-12.477749,50,351.031666
-13.272698,50,351.094365
-19.818916,50,351.155457
-14.809442,50,351.211201
-14.14549,50,351.273174
-11.77806,50,351.338484
-11.204384,50,351.39114
-20.020709,50,351.46103
-10.812335,50,351.521859
-17.426138,50,351.582914
-17.67284,50,351.643894
-12.022764,50,351.69778
-13.371645,50,351.762062
-15.982476,50,351.818501
-9.448434,50,351.874369
-9.447068,50,351.933627
-19.866222,50,351.993126
-12.485128,50,352.044006
-18.332674,50,352.109847
-17.930662,50,352.166492
-20.161948,50,352.227
-18.938537,50,352.28432
-8.92817,50,352.337577
-13.498041,50,352.396348
-21.156393,50,352.453364
-12.813517,50,352.511952
-19.337739,50,353.044677
-9.88497,50,353.100144
-21.845004,50,353.159792
-8.135663,50,353.211937
-13.110042,50,353.266034
-17.095616,50,353.321485
-19.338121,50,353.38191
-18.859795,50,353.435419
-13.374598,50,353.497251
-16.924254,50,353.55907
-16.934386,50,353.620516
-18.779347,50,353.672034
-18.739073,50,353.729625
-18.31158,50,353.791339
-7.497347,50,353.84814
-21.521754,50,353.900561
-9.573517,50,353.963424
-19.626717,50,354.022955
-8.71017,50,354.086084
-18.55734,50,354.147592
-10.746042,50,354.208605
-16.551288,50,354.270677
-15.674674,50,354.327152
-6.431512,50,354.385872
-15.997929,50,354.442691
-15.433123,50,354.502068
-18.013315,50,354.558493
-6.854045,50,354.607868
-9.402473,50,354.670602
-7.271155,50,354.726224
-10.557474,50,354.784606
-12.653142,50,354.839359
-19.713234,50,354.895667
-9.623726,50,354.95608
-8.025995,50,355.008995
-15.390614,50,355.071067
-6.833484,50,355.132273
-16.356766,50,355.194436
-19.583549,50,355.248388
-6.483867,50,355.306715
-18.74105,50,355.370542
-14.448877,50,355.878853
-19.160164,50,355.942018
-15.631841,50,356.00027
-13.804129,50,356.057746
-14.112636,50,356.115689
-16.235569,50,356.174044
-11.387207,50,356.229596
-13.145704,50,356.286978
-11.370687,50,356.341619
-12.807304,50,356.398863
-18.472654,50,356.458459
-21.713354,50,356.517622
-5.244662,50,356.576386
-22.928615,50,356.640038
-9.55173,50,356.693565
-18.254416,50,356.755971
-16.612487,50,356.80942
-18.369443,50,356.869352
-13.572572,50,356.92547
-11.4494,50,356.987113
-19.755568,50,357.051314
-8.54842,50,357.115821
-17.985186,50,357.180063
-16.981491,50,357.229271
-13.968666,50,357.294492
-17.927435,50,357.350509
-12.21105,50,357.410699
-17.651153,50,357.47175
-11.115747,50,357.532615
-8.983861,50,357.592239
-14.122806,50,357.653746
-11.959422,50,357.710394
-10.359455,50,357.770606
-14.713391,50,357.827502
-6.320011,50,357.879385
-17.04854,50,357.941054
-17.10288,50,357.997782
-14.23947,50,358.050854
-14.074594,50,358.108203
-18.074822,50,358.169176
-18.875721,50,358.223451
-19.385934,50,358.740502
-17.301568,50,358.797309
-15.091212,50,358.85345
-15.63132,50,358.908398
-5.553445,50,358.965013
-20.844603,50,359.024739
-19.548764,50,359.084623
-18.496039,50,359.138774
-15.64489,50,359.191534
-10.10396,50,359.25004
-11.188581,50,359.304656
-18.360296,50,359.360683
-13.445342,50,359.422743
-6.175575,50,359.4883
-11.527027,50,359.546149
-18.093847,50,359.605546
-16.898679,50,359.663818
-20.047895,50,359.728811
-8.677379,50,359.786358
-15.243126,50,359.84646
-18.3532,50,359.909392
-10.673518,50,359.975849
-16.38071,50,360.033257
-15.226223,50,360.093122
-6.338894,50,360.157472
-15.916013,50,360.222446
-5.235819,50,360.284732
-17.177584,50,360.3503
-10.368045,50,360.413529
-16.786241,50,360.473457
-18.554637,50,360.533338
-17.108827,50,360.586601
-14.043307,50,360.646552
-13.753318,50,360.703535
-8.433555,50,360.765992
-19.901381,50,360.831902
-20.198887,50,360.892093
-19.737148,50,360.949007
-9.411223,50,361.007291
-12.672795,50,361.061739
-20.571426,50,361.129918
-20.46707,50,361.653888
-17.06064,50,361.712304
-14.243332,50,361.769674
-15.055807,50,361.832137
-19.893406,50,361.899868
-7.17549,50,361.961032
-20.17906,50,362.021258
-11.117276,50,362.086163
-13.021284,50,362.152111
-18.624383,50,362.21216
-17.907306,50,362.26662
-16.859351,50,362.319308
-16.955137,50,362.37974
-14.298144,50,362.445318
-12.054017,50,362.513473
-16.37038,50,362.574358
-14.640338,50,362.623418
-16.329158,50,362.681264
-9.206663,50,362.738555
-15.928588,50,362.793633
-19.24108,50,362.848429
-9.709763,50,362.904206
-9.632033,50,362.963862
-18.176769,50,363.019053
-20.189744,50,363.074557
-16.447092,50,363.13193
-12.976888,50,363.187694
-15.475806,50,363.245766
-19.069627,50,363.304682
-17.108668,50,363.365513
-19.697607,50,363.427599
-21.913334,50,363.483999
-19.547173,50,363.537292
-18.839302,50,363.59951
-21.491393,50,363.655478
-15.830719,50,363.715861
-16.77893,50,363.781377
-9.923462,50,363.832571
-12.820272,50,363.888852
-14.043685,50,363.935393
-10.496692,50,363.989929
-13.932117,50,364.506978
-12.896194,50,364.557926
-17.664256,50,364.611421
-18.886927,50,364.665054
-8.897715,50,364.722677
-16.53346,50,364.775564
-16.901982,50,364.835154
-19.613383,50,364.892941
-22.012195,50,364.950304
-18.569574,50,365.00374
-13.9882,50,365.068011
-18.428106,50,365.126823
-9.1216,50,365.183311
-19.955883,50,365.244846
-18.362038,50,365.301281
-18.0764,50,365.364461
-10.607136,50,365.424562
-19.291324,50,365.483979
-12.253635,50,365.538444
-19.913861,50,365.594557
-17.197869,50,365.651819
-18.849412,50,365.709276
-13.683966,50,365.763726
-22.258567,50,365.825855
-22.798186,50,365.881002
-8.380353,50,365.937129
-11.385578,50,366.002028
-22.098811,50,366.062273
-22.148583,50,366.125885
-16.03686,50,366.188013
-17.167278,50,366.246619
-18.793225,50,366.299989
-5.339304,50,366.355098
-11.994955,50,366.41078
-5.702493,50,366.470679
-18.722225,50,366.523329
-16.574301,50,366.585146
-13.722304,50,366.637857
-18.623363,50,366.691672
-20.572845,50,366.746291
-16.250736,50,366.804006
-20.892439,50,367.327502
-13.27465,50,367.389303
-16.49145,50,367.453479
-18.557943,50,367.517851
-13.612227,50,367.581741
-16.189961,50,367.643168
-13.844635,50,367.704416
-16.435321,50,367.758067
-7.849467,50,367.813515
-10.251239,50,367.863928
-5.16485,50,367.917152
-15.945504,50,367.977167
-13.961251,50,368.029425
-21.385883,50,368.089331
-14.119021,50,368.148968
-10.275916,50,368.207139
-15.358642,50,368.26732
-5.850159,50,368.322912
-20.804992,50,368.376496
-15.050552,50,368.433161
-19.531182,50,368.48529
-9.63977,50,368.542106
-14.213703,50,368.596808
-16.783367,50,368.656992
-20.454859,50,368.713605
-13.657827,50,368.775638
-8.435664,50,368.840295
-17.315381,50,368.890914
-8.875426,50,368.952976
-17.777995,50,369.014353
-17.404382,50,369.073923
-10.659249,50,369.137519
-13.557564,50,369.198927
-17.532169,50,369.253471
-17.190104,50,369.309569
-16.095649,50,369.372546
-8.880014,50,369.434648
-16.178454,50,369.491159
-14.959959,50,369.554111
-14.888229,50,369.617285
-5.534691,50,369.67765
-7.400157,50,370.17473
-16.719597,50,370.242465
-16.848303,50,370.294076
-12.784633,50,370.356185
-17.006576,50,370.422374
-12.323298,50,370.471064
-9.609787,50,370.525883
-5.464737,50,370.587326
-19.837699,50,370.641735
-14.881651,50,370.712684
-17.32137,50,370.775984
-16.690202,50,370.843652
-20.397931,50,370.898817
-17.00952,50,370.959996
-21.540645,50,371.011065
-9.783709,50,371.069666
-20.276653,50,371.126809
-6.872719,50,371.19045
-4.690103,50,371.250471
-17.685007,50,371.311476
-5.006683,50,371.372386
-11.378034,50,371.436012
-21.136899,50,371.491396
-15.835058,50,371.543512
-19.846875,50,371.601043
-18.113563,50,371.667247
-9.058708,50,371.727475
-10.628387,50,371.774634
-12.863683,50,371.839445
-18.661876,50,371.893713
-10.569674,50,371.95704
-18.54996,50,372.020908
-11.805137,50,372.086337
-19.390747,50,372.145873
-11.89742,50,372.206876
-18.767967,50,372.262368
-14.996921,50,372.316428
-9.455415,50,372.36992
-13.419956,50,372.430125
-20.990453,50,372.483505
-9.220594,50,372.53559
-19.980171,50,373.04535
-18.241118,50,373.103253
-12.882962,50,373.161509
-20.055513,50,373.22582
-4.651356,50,373.285827
-12.321063,50,373.348959
-13.600202,50,373.412419
-6.121199,50,373.472481
-17.11026,50,373.535587
-8.351715,50,373.598017
-11.991708,50,373.667156
-15.855287,50,373.725066
-20.19599,50,373.75819
-16.888849,50,373.805768
-7.585757,50,373.862108
-12.178683,50,373.922751
-18.025093,50,373.985452
-15.802811,50,374.050335
-4.947665,50,374.111824
-7.364497,50,374.168617
-11.309303,50,374.226637
-6.669784,50,374.283871
-16.482924,50,374.342475
-7.320046,50,374.404295
-9.522852,50,374.46085
-15.986154,50,374.521639
-15.555253,50,374.579802
-21.331866,50,374.638353
-20.805303,50,374.698077
-13.075712,50,374.760788
-12.372228,50,374.821934
-14.357641,50,374.879871
-7.263196,50,374.939508
-15.622039,50,375.000093
-19.250371,50,375.059457
-16.398208,50,375.115325
-18.944698,50,375.171816
-19.554273,50,375.224732
-14.211256,50,375.284842
-12.455655,50,375.343085
-20.793344,50,375.398717
-16.850776,50,375.925863
-6.427019,50,375.992039
-15.556282,50,376.041345
-9.615869,50,376.097371
-13.901899,50,376.143374
-14.057326,50,376.199325
-11.956956,50,376.255228
-11.44862,50,376.314701
-8.615534,50,376.376958
-13.460559,50,376.436168
-12.783363,50,376.489419
-6.991006,50,376.546865
-14.94154,50,376.607846
-11.621148,50,376.665381
-12.14802,50,376.72621
-8.105478,50,376.779192
-21.307327,50,376.840189
-17.25062,50,376.901274
-11.534905,50,376.95638
-10.440458,50,377.021264
-12.24892,50,377.087806
-19.056662,50,377.144899
-11.679554,50,377.202356
-10.261393,50,377.266313
-12.134648,50,377.323491
-16.859081,50,377.385887
-13.171898,50,377.450769
-10.846753,50,377.512413
-11.367464,50,377.577234
-13.694489,50,377.647166
-17.654019,50,377.710464
-19.67665,50,377.77546
-18.062278,50,377.842244
-18.499408,50,377.905646
-22.213186,50,377.964844
-10.44402,50,378.026531
-7.297999,50,378.085255
-8.204383,50,378.138431
-6.017984,50,378.190393
-12.35081,50,378.243926
-18.922994,50,378.297387
-19.536584,50,378.807638
-22.110508,50,378.863307
-19.087805,50,378.921228
-17.16167,50,378.978139
-12.495153,50,379.038341
-17.827552,50,379.096417
-20.440855,50,379.152633
-16.262447,50,379.216851
-17.979373,50,379.275861
-16.900889,50,379.340714
-14.155605,50,379.398323
-20.322489,50,379.463878
-17.832954,50,379.524878
-6.72584,50,379.589201
-12.240594,50,379.644425
-6.684792,50,379.708468
-10.626436,50,379.761982
-10.064085,50,379.82574
-4.211853,50,379.886816
-14.00188,50,379.939113
-8.671927,50,379.999529
-18.884028,50,380.051072
-10.467706,50,380.110719
-20.457669,50,380.165172
-8.58405,50,380.217408
-7.788106,50,380.279016
-9.495328,50,380.334362
-5.894413,50,380.392871
-8.950155,50,380.454482
-14.824762,50,380.516847
-6.361901,50,380.569848
-12.6386,50,380.629008
-11.626911,50,380.687439
-22.105292,50,380.738114
-5.483861,50,380.802997
-15.707467,50,380.857493
-8.128692,50,380.913892
-11.842784,50,380.980067
-17.943049,50,381.030723
-19.656585,50,381.0853
-14.76802,50,381.153924
-7.654894,50,381.665509
-9.752635,50,381.727586
-13.142215,50,381.785017
-17.529882,50,381.847672
-9.459611,50,381.901796
-14.343301,50,381.96731
-19.761595,50,382.024796
-18.032044,50,382.092168
-17.053918,50,382.158317
-5.095865,50,382.211568
-13.795512,50,382.276588
-17.888291,50,382.343684
-17.654896,50,382.399904
-19.154431,50,382.463488
-16.008368,50,382.519366
-19.290503,50,382.578353
-17.431079,50,382.6405
-9.812162,50,382.707051
-16.044993,50,382.765927
-16.91771,50,382.821836
-14.676346,50,382.8795
-7.46144,50,382.935614
-13.113703,50,382.993024
-13.509879,50,383.04999
-7.077864,50,383.108362
-16.822097,50,383.162476
-11.284341,50,383.22088
-16.052516,50,383.286295
-11.313558,50,383.34376
-19.092812,50,383.409016
-8.26803,50,383.472863
-13.64718,50,383.537021
-19.079169,50,383.595279
-16.756144,50,383.649969
-8.902674,50,383.702573
-16.7264,50,383.763441
-8.555773,50,383.819741
-16.186677,50,383.882814
-19.175651,50,383.943681
-13.272777,50,384.007724
-16.321467,50,384.070031
-18.758431,50,384.595496
-12.442567,50,384.653479
-14.391129,50,384.711506
-5.7646,50,384.770634
-10.319204,50,384.824447
-16.257141,50,384.886371
-21.490436,50,384.942584
-17.557808,50,385.003167
-12.279795,50,385.060892
-6.104113,50,385.115117
-8.481031,50,385.169877
-4.050172,50,385.235331
-16.873571,50,385.299795
-17.922669,50,385.364387
-10.607055,50,385.429459
-5.117418,50,385.490432
-17.892916,50,385.549433
-6.891608,50,385.61071
-4.627262,50,385.670274
-12.801543,50,385.729471
-14.765989,50,385.785549
-18.663575,50,385.842149
-21.517862,50,385.903755
-5.420692,50,385.950691
-13.270816,50,386.007618
-10.036841,50,386.066416
-6.518067,50,386.130457
-14.068093,50,386.196613
-21.486217,50,386.256996
-4.959802,50,386.319367
-14.464048,50,386.381858
-18.956298,50,386.436273
-8.140856,50,386.498055
-16.977241,50,386.551973
-5.744552,50,386.614152
-3.055877,50,386.670129
-7.245572,50,386.729429
-10.601436,50,386.783935
-8.713828,50,386.84376
-5.694443,50,386.902743
-18.876088,50,386.966808
-20.624375,50,387.472909
-18.143792,50,387.535334
-13.063048,50,387.587598
-19.338955,50,387.651253
-13.193589,50,387.703132
-12.954416,50,387.771079
-20.240903,50,387.831562
-15.729534,50,387.895334
-22.033121,50,387.948217
-12.908734,50,388.003484
-15.733513,50,388.060979
-13.957712,50,388.116237
-12.147284,50,388.178883
-13.138652,50,388.238456
-11.460791,50,388.294424
-10.558004,50,388.351389
-10.960728,50,388.423282
-4.657919,50,388.479341
-14.198649,50,388.535713
-12.185599,50,388.599197
-10.115896,50,388.656794
-19.446201,50,388.723001
-10.70735,50,388.7794
-3.129811,50,388.837144
-11.003228,50,388.891345
-14.834728,50,388.948368
-18.52282,50,389.013137
-13.413973,50,389.064613
-11.308829,50,389.127959
-16.579728,50,389.189993
-7.619857,50,389.249231
-12.600567,50,389.313443
-16.398151,50,389.375762
-13.576077,50,389.433373
-4.010256,50,389.499189
-11.823248,50,389.549562
-19.668622,50,389.607973
-17.884679,50,389.665884
-9.14416,50,389.735741
-12.158332,50,389.792598
-18.499608,50,389.855344
-18.284964,50,390.371195
-6.068257,50,390.429354
-18.764425,50,390.48832
-6.944595,50,390.550107
-11.438345,50,390.613848
-9.899272,50,390.671424
-8.389655,50,390.73716
-11.397357,50,390.789405
-13.671411,50,390.853437
-20.313069,50,390.908934
-5.744311,50,390.974878
-5.448923,50,391.037431
-18.339969,50,391.093168
-16.258441,50,391.15632
-17.992689,50,391.211264
-21.360801,50,391.267341
-14.488887,50,391.318073
-17.029318,50,391.379225
-12.415836,50,391.439172
-10.620765,50,391.506899
-17.442996,50,391.568322
-11.29197,50,391.617334
-16.961461,50,391.684354
-15.019083,50,391.747581
-18.329086,50,391.816271
-10.163155,50,391.876725
-6.53236,50,391.930757
-14.03971,50,391.994426
-14.442444,50,392.055917
-16.630404,50,392.114078
-16.323609,50,392.176767
-20.618007,50,392.232033
-19.946154,50,392.298588
-15.753659,50,392.361291
-10.191994,50,392.416641
-10.706796,50,392.481025
-17.551677,50,392.543351
-17.759301,50,392.607116
-10.958402,50,392.670767
-10.392872,50,392.736317
-15.91501,50,392.794561
-11.510916,50,393.297428
-15.000783,50,393.370678
-10.610893,50,393.435214
-13.956236,50,393.491361
-16.457895,50,393.54909
-20.388338,50,393.605935
-12.995503,50,393.66814
-5.665646,50,393.7341
-9.285173,50,393.791256
-16.095424,50,393.841813
-13.954157,50,393.906483
-12.572029,50,393.973353
-16.964048,50,394.032212
-9.358424,50,394.092794
-12.369945,50,394.158053
-6.790906,50,394.221226
-15.265295,50,394.284012
-9.370222,50,394.341546
-20.285618,50,394.398759
-14.914645,50,394.461695
-10.763395,50,394.52008
-5.633675,50,394.584758
-17.164157,50,394.641314
-20.929035,50,394.701967
-12.77043,50,394.764886
-12.051754,50,394.830357
-17.213918,50,394.891744
-18.247796,50,394.954968
-9.870349,50,395.021107
-4.417744,50,395.076893
-19.546817,50,395.133834
-18.831907,50,395.196694
-11.807928,50,395.257071
-12.530958,50,395.317413
-9.356792,50,395.384464
-5.802896,50,395.446056
-4.825996,50,395.512058
-4.357631,50,395.572459
-9.643338,50,395.631215
-14.436297,50,395.69572
-15.956997,50,395.753655
-17.637649,50,396.286021
-19.479677,50,396.341032
-16.113998,50,396.400061
-19.991504,50,396.462537
-14.15202,50,396.520138
-13.020412,50,396.575635
-15.986419,50,396.636371
-18.045784,50,396.698701
-17.226115,50,396.756922
-19.471731,50,396.814483
-18.105919,50,396.872831
-8.904412,50,396.920717
-9.226703,50,396.977709
-16.49942,50,397.034606
-16.459771,50,397.098294
-15.365887,50,397.161524
-9.602151,50,397.218928
-12.47236,50,397.282169
-20.890138,50,397.345135
-5.094023,50,397.403308
-16.713368,50,397.45766
-13.670868,50,397.517292
-16.752405,50,397.579909
-13.556912,50,397.646261
-15.627904,50,397.700598
-10.154318,50,397.755785
-12.883831,50,397.811212
-14.880249,50,397.872998
-13.434104,50,397.932137
-11.107452,50,397.998601
-19.48946,50,398.058562
-18.525469,50,398.128463
-13.34652,50,398.183517
-15.20835,50,398.237213
-17.462877,50,398.302839
-15.346947,50,398.363054
-14.95225,50,398.420842
-14.542432,50,398.483277
-9.559425,50,398.54307
-16.189273,50,398.605477
-15.901939,50,398.665985
-12.128334,50,399.177829
-6.729949,50,399.235458
-15.963177,50,399.294253
-15.465513,50,399.354164
-18.86371,50,399.413675
-15.243954,50,399.477611
-11.959617,50,399.533539
-9.89904,50,399.595342
-20.345434,50,399.658756
-5.737389,50,399.709487
-15.406933,50,399.77616
-17.333845,50,399.832747
-20.70799,50,399.892871
-15.508583,50,399.953879
-17.9965,50,400.01936
-15.660432,50,400.073602
-12.230627,50,400.132884
-6.498321,50,400.186992
-13.033547,50,400.247842
-16.639588,50,400.304831
-8.500758,50,400.353465
-7.557844,50,400.404716
-18.526886,50,400.461189
-7.320767,50,400.514938
-6.742427,50,400.58002
-12.125906,50,400.63477
-21.263139,50,400.69861
-8.841912,50,400.755109
-15.869823,50,400.815392
-7.196763,50,400.870665
-11.144747,50,400.925989
-18.366609,50,400.989699
-12.651877,50,401.054459
-14.24858,50,401.117395
-9.857913,50,401.17433
-16.294544,50,401.236337
-16.162407,50,401.291743
-10.362795,50,401.352035
-11.105399,50,401.407012
-15.662498,50,401.457354
-13.927781,50,401.516872
-13.916205,50,402.054536
-12.527423,50,402.115624
-16.961974,50,402.173932
-16.750595,50,402.238528
-7.741679,50,402.299058
-4.452519,50,402.364095
-13.622827,50,402.415166
-17.849502,50,402.478454
-14.693685,50,402.536146
-16.23933,50,402.607032
-17.731115,50,402.660765
-9.387199,50,402.724406
-5.826581,50,402.786785
-6.641818,50,402.843894
-7.707186,50,402.89692
-17.906167,50,402.957712
-21.126326,50,403.023669
-8.314505,50,403.082623
-8.872058,50,403.150424
-10.122895,50,403.199879
-12.594594,50,403.255006
-17.866304,50,403.311976
-10.816846,50,403.370394
-14.007901,50,403.418629
-12.114553,50,403.476741
-16.899231,50,403.541585
-12.564401,50,403.600566
-14.732867,50,403.670764
-8.041959,50,403.725466
-9.03322,50,403.784282
-21.265014,50,403.840248
-5.601964,50,403.906751
-10.991084,50,403.960174
-18.894399,50,404.010281
-11.22252,50,404.076628
-11.588412,50,404.137408
-10.547288,50,404.197926
-18.265295,50,404.26176
-7.367751,50,404.32662
-8.796349,50,404.390911
-5.911223,50,404.440872
-6.872601,50,404.970448
-17.24304,50,405.033821
-19.408481,50,405.0935
-11.318883,50,405.14874
-6.165798,50,405.207653
-10.400952,50,405.267888
-13.700797,50,405.324524
-10.810831,50,405.38593
-17.47342,50,405.441981
-21.449196,50,405.495713
-12.562868,50,405.554422
-11.780644,50,405.614159
-14.835641,50,405.678971
-16.439471,50,405.734478
-17.241567,50,405.795578
-8.343725,50,405.854184
-20.837674,50,405.917888
-9.92683,50,405.974208
-14.848576,50,406.03843
-20.046383,50,406.103981
-17.365064,50,406.162488
-18.052966,50,406.226071
-6.228251,50,406.289448
-8.816191,50,406.337915
-7.450761,50,406.396152
-18.382073,50,406.448156
-15.331789,50,406.513481
-18.09329,50,406.570629
-10.819374,50,406.630719
-15.390509,50,406.687515
-9.153129,50,406.751471
-19.543643,50,406.813272
-5.582559,50,406.876543
-9.041361,50,406.939347
-16.512042,50,407.0027
-8.137991,50,407.064527
-8.646011,50,407.122401
-11.914603,50,407.180601
-5.822638,50,407.238604
-4.094707,50,407.299555
-6.579518,50,407.356715
-15.978309,50,407.889072
-9.118443,50,407.948475
-14.403357,50,408.016479
-12.246472,50,408.071461
-16.432775,50,408.134842
-15.338706,50,408.18803
-17.663429,50,408.251151
-20.862872,50,408.314728
-15.259155,50,408.372726
-11.570696,50,408.436693
-6.311067,50,408.502432
-13.548269,50,408.564786
-6.809933,50,408.625654
-12.60756,50,408.692377
-5.191377,50,408.758586
-17.218906,50,408.817576
-11.601265,50,408.875547
-10.327032,50,408.927776
-7.949108,50,408.991652
-20.464532,50,409.053619
-18.813814,50,409.115683
-13.993822,50,409.172126
-18.887346,50,409.233344
-13.070992,50,409.300845
-16.994977,50,409.369028
-17.928865,50,409.41969
-16.223593,50,409.482159
-15.023623,50,409.550418
-6.104386,50,409.607259
-13.24263,50,409.667869
-8.736545,50,409.727957
-20.464557,50,409.792752
-13.268799,50,409.848907
-8.278306,50,409.906517
-19.399359,50,409.967271
-19.986561,50,410.025119
-9.162,50,410.080003
-19.359455,50,410.138716
-16.860565,50,410.199645
-6.623033,50,410.261364
-7.043652,50,410.322444
-18.10061,50,410.856576
-7.883756,50,410.913549
-18.428068,50,410.975483
-8.94161,50,411.043659
-10.233382,50,411.106519
-12.944128,50,411.168293
-9.97251,50,411.229614
-17.94011,50,411.288447
-15.39835,50,411.339563
-20.624323,50,411.402733
-21.358312,50,411.47362
-12.187578,50,411.534795
-18.002769,50,411.590968
-7.232188,50,411.653612
-12.43703,50,411.718961
-11.642061,50,411.780669
-16.005872,50,411.848012
-14.685773,50,411.906856
-17.042,50,411.964287
-20.344125,50,412.025401
-11.922358,50,412.086842
-10.971391,50,412.14985
-5.588805,50,412.207318
-11.010126,50,412.267193
-10.280127,50,412.325186
-6.774759,50,412.385966
-12.224559,50,412.446418
-12.378063,50,412.508444
-15.699089,50,412.569595
-16.99371,50,412.63619
-13.086603,50,412.694038
-7.345382,50,412.752021
-12.639744,50,412.806718
-15.713551,50,412.872281
-16.93352,50,412.928669
-6.535606,50,412.990484
-18.711545,50,413.053129
-11.615944,50,413.109138
-16.086807,50,413.172617
-10.118934,50,413.239518
-19.977964,50,413.748006
-15.917603,50,413.81296
-12.823312,50,413.868334
-10.166368,50,413.920703
-9.854367,50,413.977084
-8.834697,50,414.041517
-10.989396,50,414.10161
-13.231445,50,414.161661
-13.210482,50,414.226615
-10.530022,50,414.292983
-9.376079,50,414.360284
-20.319711,50,414.424432
-19.036183,50,414.481681
-19.784211,50,414.541989
-11.593137,50,414.597539
-11.181668,50,414.659067
-13.757313,50,414.720533
-18.821507,50,414.785094
-8.468691,50,414.848323
-20.509806,50,414.915123
-15.351498,50,414.98014
-6.671492,50,415.036983
-19.976358,50,415.091279
-8.704838,50,415.14647
-21.693933,50,415.202378
-10.078923,50,415.25653
-8.638726,50,415.311032
-13.89718,50,415.360887
-21.690978,50,415.427154
-10.217556,50,415.483008
-13.933594,50,415.541067
-16.959853,50,415.590483
-10.893094,50,415.646956
-13.990723,50,415.707486
-14.197304,50,415.766727
-17.825298,50,415.816267
-18.670491,50,415.876397
-16.153267,50,415.931887
-19.001636,50,415.99107
-6.909969,50,416.044895
-7.114437,50,416.095888
-16.311728,50,416.550929
-18.637208,50,416.608724
-12.046627,50,416.672357
-6.670643,50,416.727384
-11.689256,50,416.780781
-12.606685,50,416.829123
-14.034616,50,416.886175
-16.261686,50,416.939077
-20.046382,50,416.995265
-15.774088,50,417.052349
-22.382496,50,417.110043
-5.329458,50,417.175563
-15.571797,50,417.242716
-14.205573,50,417.309867
-15.375148,50,417.370113
-18.343811,50,417.421674
-10.360477,50,417.475374
-15.901635,50,417.534806
-21.488967,50,417.590351
-7.084414,50,417.645361
-19.976964,50,417.70342
-16.281725,50,417.753559
-10.65992,50,417.808555
-9.279184,50,417.864403
-17.556596,50,417.927246
-17.447871,50,417.982673
-14.030191,50,418.03907
-11.015669,50,418.091828
-9.275926,50,418.152446
-19.857417,50,418.216022
-15.452478,50,418.271467
-21.38469,50,418.326906
-9.211622,50,418.386849
-19.817256,50,418.44255
-13.341833,50,418.493169
-9.719729,50,418.546145
-5.568991,50,418.6055
-10.941726,50,418.678279
-15.456539,50,418.746732
-16.328858,50,418.81835
-6.883865,50,418.88656
-6.823025,50,419.400596
-18.33632,50,419.457796
-19.147702,50,419.519756
-17.689933,50,419.577989
-16.411081,50,419.635868
-11.30484,50,419.696966
-7.723256,50,419.759444
-17.337252,50,419.819453
-20.652142,50,419.887701
-16.055559,50,419.94914
-6.560196,50,420.002932
-15.732214,50,420.072231
-6.95657,50,420.133341
-21.494487,50,420.198423
-17.765417,50,420.262135
-11.444858,50,420.315577
-13.139205,50,420.375465
-16.296954,50,420.437834
-17.622659,50,420.497441
-13.121722,50,420.553309
-16.377498,50,420.607324
-18.877157,50,420.662692
-5.351366,50,420.725817
-11.882646,50,420.782917
-9.560679,50,420.841235
-12.619825,50,420.894807
-20.794464,50,420.95136
-21.273551,50,421.012128
-17.230744,50,421.067513
-6.704464,50,421.123106
-8.182486,50,421.17736
-13.074105,50,421.232479
-13.892502,50,421.291862
-17.736724,50,421.354823
-5.88085,50,421.412637
-5.622953,50,421.474609
-8.082917,50,421.536973
-11.870225,50,421.600403
-9.697395,50,421.660578
-15.347165,50,421.719014
-16.00592,50,421.778453
-14.725643,50,422.27231
-12.12839,50,422.335687
-18.851346,50,422.392593
-16.512183,50,422.451877
-13.291365,50,422.508262
-15.017374,50,422.570787
-8.539982,50,422.627059
-17.845819,50,422.678266
-7.034988,50,422.73212
-5.04856,50,422.791779
-8.462246,50,422.842855
-21.120215,50,422.885807
-10.075045,50,422.945333
-11.472853,50,423.000281
-19.391082,50,423.063205
-7.803901,50,423.119471
-9.065104,50,423.182182
-10.181334,50,423.236676
-15.690929,50,423.29394
-12.486063,50,423.353718
-6.529901,50,423.408335
-13.863376,50,423.470849
-13.412851,50,423.519763
-11.551187,50,423.573968
-10.349511,50,423.628219
-13.343704,50,423.690452
-4.830451,50,423.750837
-19.581281,50,423.811533
-19.204758,50,423.868639
-6.250449,50,423.922309
-12.137611,50,423.979271
-11.630372,50,424.033465
-17.275024,50,424.090324
-10.175298,50,424.157497
-8.798784,50,424.221213
-18.267588,50,424.289109
-17.736822,50,424.354608
-16.831783,50,424.417572
-22.172432,50,424.48502
-17.865555,50,424.544239
-20.050413,50,424.601592
-16.941444,50,425.154282
-14.585123,50,425.212857
-7.104263,50,425.272158
-19.051771,50,425.327089
-12.834295,50,425.3831
-7.580486,50,425.437615
-20.129642,50,425.498605
-20.817798,50,425.555636
-8.689865,50,425.609832
-17.012813,50,425.665212
-8.680106,50,425.721883
-14.884797,50,425.775029
-15.413952,50,425.831577
-16.538101,50,425.887707
-7.719738,50,425.947575
-17.522254,50,425.998054
-14.125265,50,426.059978
-18.294248,50,426.122596
-13.617408,50,426.186667
-18.566294,50,426.248757
-13.275132,50,426.303941
-11.253231,50,426.366403
-15.179656,50,426.427754
-10.630875,50,426.48628
-16.540399,50,426.537704
-17.621355,50,426.591191
-16.471,50,426.638472
-11.109981,50,426.685954
-7.787108,50,426.73957
-10.085924,50,426.784629
-16.328792,50,426.839821
-9.443123,50,426.873988
-13.853455,50,426.908626
-12.115693,50,426.943059
-11.799901,50,426.978302
-8.79599,50,427.016965
-14.955642,50,427.052069
-10.513729,50,427.091416
-6.012034,50,427.143397
-21.045895,50,427.205531
-13.156312,50,427.244151
-5.885727,50,427.698346
-16.020289,50,427.751153
-16.59984,50,427.791748
-16.168362,50,427.843351
-5.430136,50,427.876537
-6.008921,50,427.914024
-6.679726,50,427.947745
-20.253579,50,427.983186
-11.966615,50,428.017133
-13.192511,50,428.05216
-19.655238,50,428.0864
-18.504605,50,428.126047
-14.065263,50,428.162956
-11.244748,50,428.198276
-16.543808,50,428.238438
-7.256441,50,428.276972
-15.966781,50,428.313145
-21.150138,50,428.354302
-19.863394,50,428.392002
-12.912592,50,428.425552
-11.918272,50,428.459631
-7.005866,50,428.499838
-14.224834,50,428.547236
-20.004544,50,428.583725
-7.466346,50,428.615962
-10.761488,50,428.648793
-16.647916,50,428.682842
-12.384141,50,428.71925
-13.811886,50,428.754133
-14.604518,50,428.804109
-12.045673,50,428.838117
-11.254124,50,428.871824
-12.15147,50,428.909635
-18.454852,50,428.943742
-16.424404,50,428.979187
-11.762877,50,429.018401
-10.906162,50,429.052753
-18.426074,50,429.087595
-7.842395,50,429.1233
-12.981723,50,429.157652
-12.488371,50,429.193056
-7.530251,50,429.669581
-17.860737,50,429.702258
-10.485565,50,429.741096
-20.380355,50,429.808051
-16.159333,50,429.852075
-10.292765,50,429.884191
-8.647163,50,429.916258
-10.328472,50,429.948618
-12.519841,50,429.980376
-17.99829,50,430.012255
-7.445727,50,430.044743
-7.651877,50,430.076009
-17.807951,50,430.113843
-17.4172,50,430.148741
-7.905862,50,430.18353
-18.037455,50,430.231076
-19.621114,50,430.276123
-6.318974,50,430.315858
-8.591106,50,430.36472
-5.721796,50,430.430985
-18.210174,50,430.4655
-5.555834,50,430.497054
-11.351013,50,430.528616
-15.116559,50,430.558414
-10.56294,50,430.58813
-16.337856,50,430.62017
-8.7712,50,430.655354
-13.821019,50,430.693424
-14.935476,50,430.744569
-8.705857,50,430.800427
-14.350021,50,430.852733
-12.684445,50,430.893142
-11.933605,50,430.932047
-16.163926,50,430.976225
-20.100279,50,431.008781
-11.703431,50,431.045305
-18.654408,50,431.077816
-9.367566,50,431.11691
-10.587435,50,431.153264
-15.735533,50,431.186421
-18.937386,50,431.224556
-16.926538,50,431.697529
-12.108369,50,431.752604
-13.372756,50,431.810379
-7.188617,50,431.858908
-10.38548,50,431.905528
-13.816864,50,431.950011
-17.301803,50,432.005674
-7.280224,50,432.052279
-15.863486,50,432.090991
-6.077938,50,432.137845
-8.31274,50,432.175769
-9.736079,50,432.209189
-12.611026,50,432.24119
-9.34641,50,432.273292
-13.872166,50,432.306332
-10.531592,50,432.338239
-14.477766,50,432.370198
-14.727087,50,432.401961
-15.773992,50,432.433612
-15.478275,50,432.467869
-13.296244,50,432.502862
-10.851856,50,432.537462
-7.53522,50,432.579844
-11.642454,50,432.613235
-10.417143,50,432.646796
-4.672386,50,432.678953
-19.103931,50,432.711033
-19.496384,50,432.749511
-5.36757,50,432.809516
-11.154439,50,432.873801
-9.078743,50,432.923297
-7.324092,50,432.959851
-5.076123,50,433.013057
-18.510686,50,433.087973
-10.034055,50,433.158356
-8.019959,50,433.231557
-15.263869,50,433.302618
-9.898795,50,433.371979
-12.712427,50,433.439713
-18.435651,50,433.509656
-12.672032,50,433.580893
-11.259325,50,434.513327
-13.163623,50,434.583936
-7.627633,50,434.652913
-14.554257,50,434.722229
-6.95906,50,434.760073
-20.83823,50,434.796169
-9.567231,50,434.828513
-16.341706,50,434.863888
-8.613092,50,434.899723
-19.645898,50,434.936129
-21.626585,50,434.971883
-18.01254,50,435.00777
-18.090972,50,435.042437
-18.912713,50,435.075671
-11.068174,50,435.107812
-17.168441,50,435.144228
-4.194411,50,435.177839
-10.304222,50,435.211603
-14.296289,50,435.245981
-4.94275,50,435.278337
-14.231441,50,435.311119
-20.624113,50,435.34519
-10.063796,50,435.380773
-7.820852,50,435.416203
-15.435576,50,435.450424
-9.561037,50,435.485015
-18.632499,50,435.51968
-15.639566,50,435.553928
-12.531247,50,435.588141
-11.082606,50,435.625706
-12.027596,50,435.666082
-19.778523,50,435.712949
-14.753613,50,435.756406
-9.156973,50,435.791543
-5.004665,50,435.828038
-9.367173,50,435.869595
-9.820199,50,435.904683
-16.176991,50,435.943144
-6.547072,50,435.978759
-9.027018,50,436.013161
-15.629679,50,436.053054
-17.349711,50,436.53589
-9.959572,50,436.57783
-7.807001,50,436.615824
-8.814334,50,436.659888
-9.128381,50,436.697016
-14.29271,50,436.733373
-15.401804,50,436.764594
-20.471579,50,436.80151
-16.814586,50,436.846901
-14.812597,50,436.890352
-10.108027,50,436.933823
-18.161443,50,436.97769
-12.258445,50,437.02423
-5.808666,50,437.060519
-13.56308,50,437.100507
-6.250584,50,437.139279
-9.007565,50,437.172274
-10.597634,50,437.205849
-20.534293,50,437.238114
-10.960667,50,437.270779
-9.355528,50,437.304714
-8.976645,50,437.339093
-12.324223,50,437.37223
-17.968144,50,437.405532
-13.240204,50,437.440726
-16.7571,50,437.476726
-11.497335,50,437.512238
-19.567974,50,437.546683
-12.210702,50,437.581539
-3.770922,50,437.618531
-5.701585,50,437.657875
-9.130742,50,437.709834
-11.966607,50,437.755809
-16.782662,50,437.795001
-14.304261,50,437.827343
-21.192852,50,437.863385
-9.11431,50,437.901113
-7.569662,50,437.946688
-12.090615,50,437.992265
-4.811628,50,438.024919
-5.517589,50,438.058311
-16.277432,50,438.517111
-12.042273,50,438.549437
-16.024016,50,438.58136
-19.207643,50,438.614057
-13.911019,50,438.646421
-17.758745,50,438.678562
-5.557438,50,438.710783
-15.453529,50,438.744057
-14.648937,50,438.775458
-19.510569,50,438.807407
-16.449841,50,438.842534
-18.43157,50,438.892219
-19.144874,50,438.928437
-9.927642,50,438.973393
-14.655786,50,439.02
-19.187984,50,439.066344
-20.233496,50,439.104771
-12.142399,50,439.138218
-16.495777,50,439.173161
-11.892161,50,439.209448
-11.561568,50,439.244696
-20.424973,50,439.298907
-15.708455,50,439.332497
-16.375386,50,439.365938
-12.940464,50,439.398565
-8.344072,50,439.435083
-18.280574,50,439.468872
-7.18331,50,439.502417
-18.837656,50,439.537936
-14.490406,50,439.572908
-14.162242,50,439.607038
-7.685516,50,439.640618
-14.061239,50,439.674881
-16.788898,50,439.713414
-7.777526,50,439.748957
-13.313929,50,439.796456
-15.702597,50,439.830288
-21.121383,50,439.865935
-4.724549,50,439.900951
-13.060307,50,439.934512
-14.083974,50,439.96907
-17.256633,50,440.417338
-10.149694,50,440.455557
-15.672177,50,440.488995
-20.371192,50,440.536214
-5.408714,50,440.568387
-10.898897,50,440.600978
-14.460438,50,440.632631
-12.368258,50,440.675347
-14.26723,50,440.706835
-16.022936,50,440.739771
-17.512702,50,440.77524
-6.268098,50,440.811652
-17.343617,50,440.847557
-9.149215,50,440.879441
-6.676771,50,440.924604
-11.542586,50,440.965278
-10.166474,50,440.997319
-17.496709,50,441.029805
-13.970624,50,441.063097
-9.477341,50,441.110179
-16.243474,50,441.155486
-13.761366,50,441.193975
-7.089498,50,441.234856
-10.707606,50,441.272151
-15.212991,50,441.309432
-10.918119,50,441.344031
-6.413079,50,441.378121
-12.200622,50,441.416884
-19.470762,50,441.452079
-9.436539,50,441.491585
-5.857826,50,441.534577
-12.142925,50,441.578068
-13.114815,50,441.615413
-8.30223,50,441.651607
-16.327982,50,441.68563
-20.926435,50,441.730618
-10.311151,50,441.777066
-9.699605,50,441.818474
-20.140992,50,441.857544
-17.503694,50,441.893001
-17.94641,50,441.929732
-17.007276,50,442.421959
-20.708206,50,442.455646
-3.331302,50,442.497854
-18.708691,50,442.532676
-10.577022,50,442.567686
-16.1725,50,442.60152
-14.035249,50,442.640808
-4.760726,50,442.683103
-13.124795,50,442.722182
-17.666503,50,442.76134
-10.552684,50,442.79598
-15.232298,50,442.831007
-3.482964,50,442.874034
-12.548236,50,442.920074
-12.977601,50,442.959408
-10.760745,50,442.992015
-11.204436,50,443.024334
-17.186933,50,443.06127
-5.582812,50,443.100936
-18.944925,50,443.140399
-17.718282,50,443.172915
-6.48909,50,443.210065
-12.543166,50,443.24214
-17.272299,50,443.274409
-11.469932,50,443.306664
-10.112155,50,443.348363
-12.845605,50,443.387056
-16.73986,50,443.427844
-10.482432,50,443.460488
-11.64981,50,443.502966
-12.530726,50,443.544554
-19.229285,50,443.577089
-10.420285,50,443.612638
-19.554136,50,443.644721
-9.158883,50,443.676945
-18.355216,50,443.710667
-19.021674,50,443.743659
-9.563218,50,443.779978
-19.302083,50,443.819038
-4.323435,50,443.861829
-15.299798,50,443.905448
-15.595336,50,444.359885
-16.553633,50,444.401477
-10.696673,50,444.439524
-6.700504,50,444.477307
-10.48896,50,444.53062
-14.846712,50,444.56858
-15.903815,50,444.619009
-14.211191,50,444.661637
-16.84588,50,444.707588
-10.702323,50,444.75492
-14.214399,50,444.814452
-14.38125,50,444.857873
-6.817609,50,444.906836
-16.305189,50,444.944692
-11.950922,50,444.985316
-16.776373,50,445.036209
-14.427967,50,445.083513
-11.953547,50,445.122501
-17.067331,50,445.156721
-21.72833,50,445.188867
-2.965292,50,445.220297
-9.045211,50,445.252317
-12.221309,50,445.284524
-7.634799,50,445.32883
-12.033506,50,445.363755
-13.020892,50,445.396905
-13.349709,50,445.433592
-20.358216,50,445.466862
-13.715989,50,445.501632
-8.452724,50,445.53537
-15.488376,50,445.567666
-9.244494,50,445.608225
-7.281138,50,445.640558
-15.466937,50,445.674453
-14.830438,50,445.707201
-14.543251,50,445.740097
-16.020548,50,445.772871
-17.552377,50,445.806065
-21.78442,50,445.84965
-5.56053,50,445.881726
-19.09857,50,445.927598
-12.329861,50,446.394396
-19.727598,50,446.432815
-3.923251,50,446.48362
-5.613036,50,446.516438
-12.744591,50,446.556642
-19.550734,50,446.612775
-8.446445,50,446.651513
-20.032147,50,446.692304
-8.786716,50,446.730225
-9.530109,50,446.767332
-15.690998,50,446.803249
-12.772006,50,446.844572
-21.966771,50,446.885255
-16.578206,50,446.933647
-13.059771,50,446.991019
-10.476996,50,447.027357
-16.661605,50,447.075392
-16.752494,50,447.123593
-10.518847,50,447.166224
-18.430673,50,447.202348
-14.006578,50,447.239397
-9.582834,50,447.274668
-17.273637,50,447.309637
-21.000085,50,447.344849
-11.251868,50,447.382774
-16.382365,50,447.419637
-19.043939,50,447.458399
-13.96039,50,447.495008
-11.578336,50,447.530507
-14.882249,50,447.580748
-6.201378,50,447.619335
-15.614254,50,447.655214
-9.959157,50,447.689683
-15.978094,50,447.724338
-12.17581,50,447.759903
-4.062339,50,447.79517
-17.601992,50,447.833548
-16.557609,50,447.874054
-17.334192,50,447.91121
-5.74193,50,447.949985
-11.007831,50,447.986609
-18.9625,50,448.47082
-13.390764,50,448.50508
-10.945098,50,448.540123
-5.953336,50,448.574305
-18.108776,50,448.608689
-15.885592,50,448.652801
-20.853489,50,448.688352
-18.87226,50,448.722678
-11.597655,50,448.771074
-16.085006,50,448.810535
-8.200181,50,448.851979
-13.848986,50,448.895838
-12.713594,50,448.948037
-11.375284,50,448.9979
-15.635569,50,449.033621
-12.418481,50,449.077516
-13.667578,50,449.139355
-9.043035,50,449.178858
-10.298615,50,449.221353
-10.866675,50,449.270385
-17.615349,50,449.307983
-14.590485,50,449.341722
-8.452529,50,449.382589
-21.040671,50,449.420638
-8.763788,50,449.455916
-17.149965,50,449.490634
-11.325268,50,449.526194
-18.818892,50,449.562627
-15.108835,50,449.604482
-11.764907,50,449.641835
-21.063729,50,449.681103
-11.69649,50,449.718641
-10.4651,50,449.760205
-18.857677,50,449.796788
-12.446136,50,449.844793
-19.493396,50,449.895965
-9.932028,50,449.950684
-12.088756,50,449.992595
-14.194234,50,450.027551
-20.924199,50,450.066705
-11.488597,50,450.110158
-18.737268,50,450.594134
-6.594198,50,450.632121
-16.543115,50,450.671111
-5.117909,50,450.706703
-15.88736,50,450.742503
-12.933787,50,450.77801
-21.53382,50,450.825027
-7.183847,50,450.875867
-8.547419,50,450.920199
-7.920286,50,450.985479
-16.213417,50,451.048703
-18.611039,50,451.106682
-6.102946,50,451.163863
-8.83604,50,451.229109
-13.996818,50,451.288505
-11.546463,50,451.353575
-16.469027,50,451.418197
-16.174284,50,451.477042
-6.01769,50,451.538625
-16.619229,50,451.595912
-19.808012,50,451.658062
-13.023438,50,451.71339
-12.711312,50,451.777477
-14.275324,50,451.83446
-10.501417,50,451.896284
-12.630212,50,451.956727
-15.315484,50,452.014434
-10.461876,50,452.072785
-9.918803,50,452.12524
-9.233895,50,452.186781
-15.434763,50,452.247387
-8.766419,50,452.303245
-15.705675,50,452.364766
-15.056429,50,452.428865
-16.050507,50,452.484576
-18.079122,50,452.542283
-17.571745,50,452.60942
-17.419864,50,452.668359
-12.281439,50,452.728636
-16.73203,50,452.791306
-13.172771,50,452.847032
-15.620793,50,453.375413
-15.292545,50,453.431569
-10.470819,50,453.487732
-18.563855,50,453.545477
-11.255119,50,453.609899
-14.18199,50,453.668964
-10.740444,50,453.725912
-11.995958,50,453.787083
-17.83906,50,453.846433
-16.760674,50,453.908112
-15.512677,50,453.968502
-16.748686,50,454.02856
-11.610571,50,454.0844
-13.546025,50,454.145844
-7.766403,50,454.201835
-9.027333,50,454.258556
-14.459673,50,454.315838
-6.55473,50,454.378781
-20.935327,50,454.439449
-9.781409,50,454.49259
-11.460649,50,454.548162
-15.322878,50,454.60527
-6.041158,50,454.667043
-9.18354,50,454.724324
-8.407094,50,454.784457
-9.649224,50,454.845398
-10.562268,50,454.899874
-13.648096,50,454.940734
-17.058374,50,455.004766
-17.56662,50,455.067225
-10.06307,50,455.132038
-15.28085,50,455.190826
-13.545408,50,455.247993
-16.666325,50,455.301605
-7.354022,50,455.362132
-11.216018,50,455.416164
-14.763739,50,455.466197
-17.378937,50,455.524292
-8.172131,50,455.574816
-13.611032,50,455.632468
-15.748785,50,455.694126
-10.524476,50,456.208422
-8.028427,50,456.26311
-18.06042,50,456.324014
-12.520659,50,456.380428
-8.431972,50,456.439762
-3.956683,50,456.495446
-19.466024,50,456.530273
-17.468444,50,456.587311
-3.752137,50,456.634951
-14.0309,50,456.698183
-12.220902,50,456.756074
-11.716235,50,456.822199
-19.89142,50,456.883006
-15.376959,50,456.947433
-17.653093,50,457.012544
-7.389293,50,457.075568
-19.35665,50,457.136258
-14.287479,50,457.200414
-19.874163,50,457.264992
-11.123465,50,457.32788
-11.83149,50,457.381736
-13.003207,50,457.445993
-4.669469,50,457.506014
-8.873847,50,457.563448
-17.78882,50,457.623083
-17.355874,50,457.680532
-10.404565,50,457.742673
-7.571057,50,457.796912
-14.918822,50,457.849435
-10.376995,50,457.913403
-15.831459,50,457.974908
-17.953188,50,458.036051
-19.74154,50,458.094637
-5.816915,50,458.158247
-14.189856,50,458.214812
-15.473796,50,458.280828
-15.658568,50,458.337688
-8.98577,50,458.397699
-6.874865,50,458.458716
-11.184223,50,458.520332
-15.641776,50,458.584136
-16.020267,50,459.114794
-9.147198,50,459.170984
-20.435943,50,459.228399
-2.485531,50,459.288356
-3.985101,50,459.345066
-13.514024,50,459.400909
-11.253119,50,459.453898
-18.96441,50,459.506368
-8.809223,50,459.572836
-13.710614,50,459.631346
-14.980659,50,459.689902
-14.15338,50,459.753082
-7.01685,50,459.8053
-12.54144,50,459.862206
-10.960122,50,459.918002
-8.762504,50,459.974673
-11.150747,50,460.025016
-14.304083,50,460.083009
-5.281936,50,460.147873
-11.541529,50,460.205534
-16.528318,50,460.265303
-20.106721,50,460.324767
-12.569331,50,460.391143
-17.887845,50,460.449657
-21.104146,50,460.503832
-14.157479,50,460.557369
-19.480175,50,460.617987
-7.217559,50,460.670843
-18.211252,50,460.732211
-14.95044,50,460.79343
-13.4972,50,460.853545
-21.45118,50,460.912406
-8.732396,50,460.96854
-17.606914,50,461.026771
-17.119657,50,461.089242
-13.964557,50,461.156442
-10.162499,50,461.214995
-17.821333,50,461.270541
-7.856389,50,461.325154
-18.875171,50,461.388277
-15.010554,50,461.449081
-8.342001,50,461.965872
-10.557374,50,462.024956
-9.781669,50,462.085158
-11.025251,50,462.139655
-16.244386,50,462.201653
-7.222158,50,462.264923
-8.619622,50,462.317364
-5.127207,50,462.387113
-7.600517,50,462.446032
-6.049044,50,462.503519
-5.80705,50,462.572524
-10.360872,50,462.639365
-6.531587,50,462.69946
-17.62958,50,462.760273
-5.363284,50,462.825671
-11.467134,50,462.88535
-8.755578,50,462.938961
-8.408507,50,463.004874
-9.931997,50,463.070975
-8.270324,50,463.134985
-16.634515,50,463.200096
-6.108093,50,463.259713
-9.251352,50,463.323923
-9.011663,50,463.384366
-5.848417,50,463.448079
-8.615788,50,463.508734
-16.207749,50,463.573503
-14.42025,50,463.634799
-6.543671,50,463.700402
-5.63777,50,463.759034
-11.680643,50,463.8135
-20.403303,50,463.868756
-17.584782,50,463.928655
-10.463986,50,463.990384
-20.10213,50,464.046634
-14.059067,50,464.099431
-15.728529,50,464.158873
-10.768298,50,464.220067
-15.710552,50,464.283885
-8.040879,50,464.344643
-13.028344,50,464.40557
-11.655968,50,464.919912
-17.348607,50,464.976227
-8.757567,50,465.039074
-20.31893,50,465.096138
-14.702026,50,465.159848
-13.441149,50,465.223511
-19.698501,50,465.282025
-14.631474,50,465.350313
-13.396866,50,465.416975
-7.895901,50,465.473026
-21.399039,50,465.53538
-14.990122,50,465.592682
-18.859833,50,465.655331
-10.648651,50,465.715959
-14.156982,50,465.776944
-6.437437,50,465.840779
-14.225745,50,465.90506
-18.591486,50,465.966722
-21.355305,50,466.017411
-5.98975,50,466.075338
-8.821715,50,466.131655
-21.562474,50,466.189678
-11.615149,50,466.244494
-7.742985,50,466.307551
-9.046842,50,466.368227
-14.258983,50,466.434387
-13.633098,50,466.495345
-8.921904,50,466.557473
-14.012747,50,466.617617
-11.184623,50,466.676176
-13.824037,50,466.738224
-9.798287,50,466.796721
-14.812015,50,466.846862
-16.965908,50,466.903825
-7.906257,50,466.962419
-8.228574,50,467.015663
-17.794825,50,467.073166
-7.961204,50,467.13653
-6.639722,50,467.196644
-18.334405,50,467.253912
-16.454926,50,467.30848
-20.915911,50,467.828288
-16.713091,50,467.890635
-6.921766,50,467.952971
-5.03562,50,468.019113
-6.94015,50,468.082807
-6.122209,50,468.144754
-7.851206,50,468.209701
-18.26373,50,468.275628
-15.821698,50,468.339083
-9.991994,50,468.397702
-20.322434,50,468.460184
-15.239203,50,468.522934
-6.705386,50,468.585073
-9.140539,50,468.651247
-9.286876,50,468.716466
-15.473469,50,468.783392
-3.92536,50,468.847419
-20.830128,50,468.911274
-7.759957,50,468.965505
-9.174355,50,469.026744
-7.398855,50,469.083098
-9.855027,50,469.143791
-13.745478,50,469.200671
-14.909783,50,469.256706
-14.200965,50,469.318456
-11.491192,50,469.376915
-9.135598,50,469.430254
-18.028308,50,469.481442
-13.201187,50,469.539672
-16.383452,50,469.596875
-14.853676,50,469.658158
-15.907518,50,469.715203
-15.398271,50,469.775376
-7.141275,50,469.83276
-6.894688,50,469.890204
-13.121912,50,469.954289
-13.054198,50,470.0197
-16.483374,50,470.075295
-12.534277,50,470.133972
-15.067062,50,470.192352
-14.564393,50,470.248281
-10.364187,50,470.762447
-7.124776,50,470.814206
-18.475993,50,470.874865
-8.065878,50,470.92808
-8.930016,50,470.983408
-10.2245,50,471.048315
-18.56529,50,471.111647
-11.813487,50,471.165698
-17.029249,50,471.217247
-18.320399,50,471.275696
-12.089276,50,471.340605
-9.701879,50,471.3983
-7.618628,50,471.459457
-19.12378,50,471.510612
-14.623856,50,471.568639
-12.087196,50,471.626551
-16.227065,50,471.688316
-18.710736,50,471.750878
-9.218644,50,471.808651
-6.72397,50,471.867239
-9.88985,50,471.926338
-14.204583,50,471.971325
-9.459422,50,472.034245
-12.994701,50,472.094077
-16.495338,50,472.163733
-4.668033,50,472.225846
-8.527484,50,472.29272
-13.200884,50,472.355056
-18.119551,50,472.41249
-13.426238,50,472.471023
-16.877533,50,472.527718
-12.026554,50,472.590376
-15.325429,50,472.649752
-12.741025,50,472.704845
-10.206383,50,472.762155
-19.207199,50,472.820503
-13.23746,50,472.871305
-9.64626,50,472.931335
-4.374783,50,472.985878
-20.071547,50,473.047436
-7.407282,50,473.111005
-15.927445,50,473.596491
-20.619935,50,473.653581
-5.421823,50,473.715047
-6.156002,50,473.774187
-4.583701,50,473.833649
-7.345805,50,473.892856
-8.664522,50,473.935131
-8.944564,50,473.995203
-9.502255,50,474.054307
-13.079309,50,474.112244
-16.722399,50,474.175801
-8.682846,50,474.230267
-8.829435,50,474.293051
-12.182017,50,474.352242
-6.216899,50,474.415854
-11.633555,50,474.475892
-17.780132,50,474.542752
-6.763252,50,474.604504
-9.77969,50,474.666183
-7.160751,50,474.726986
-5.607101,50,474.787036
-13.889181,50,474.847979
-16.83894,50,474.896167
-8.956837,50,474.953673
-14.846641,50,475.017243
-21.08076,50,475.073226
-16.750742,50,475.137143
-15.534795,50,475.20288
-3.734985,50,475.259278
-13.586094,50,475.324847
-17.986802,50,475.388818
-16.220735,50,475.442753
-16.321053,50,475.498654
-15.26537,50,475.555553
-13.365626,50,475.618594
-6.993617,50,475.665134
-4.394898,50,475.722361
-16.505172,50,475.77647
-11.70367,50,475.840186
-12.727862,50,475.894418
-16.823619,50,476.417513
-12.383187,50,476.478384
-5.718959,50,476.535851
-17.567432,50,476.588464
-16.14097,50,476.644931
-6.925542,50,476.701897
-7.460839,50,476.756997
-18.663137,50,476.816971
-15.907654,50,476.857924
-16.727333,50,476.907901
-16.833403,50,476.972335
-10.842551,50,477.025272
-12.190742,50,477.08777
-21.011588,50,477.146259
-15.068002,50,477.198682
-20.428838,50,477.251249
-10.213192,50,477.307209
-12.186385,50,477.370335
-15.418366,50,477.43143
-8.427645,50,477.48279
-17.922657,50,477.549335
-6.102909,50,477.594829
-10.99034,50,477.652572
-9.345713,50,477.70654
-5.201448,50,477.771765
-19.411863,50,477.823353
-16.713861,50,477.882349
-19.538185,50,477.940146
-9.286457,50,477.999239
-8.87628,50,478.056411
-18.958417,50,478.116284
-6.30018,50,478.174711
-18.927104,50,478.228607
-6.045171,50,478.287798
-17.588574,50,478.345929
-6.85649,50,478.409782
-7.5997,50,478.467438
-18.731059,50,478.519211
-11.496128,50,478.578885
-13.228974,50,478.629373
-8.8254,50,478.688201
-12.132363,50,479.194126
-14.112561,50,479.253465
-8.897159,50,479.310972
-14.949135,50,479.368144
-19.585804,50,479.427774
-18.815006,50,479.486184
-20.055998,50,479.552925
-17.873552,50,479.620889
-14.912377,50,479.684739
-15.133276,50,479.746405
-12.350823,50,479.806589
-18.551235,50,479.867909
-6.075551,50,479.93306
-21.711895,50,479.986392
-11.035967,50,480.042525
-4.956507,50,480.102641
-3.978915,50,480.16196
-9.696983,50,480.221975
-20.102415,50,480.286684
-10.379898,50,480.342117
-15.203069,50,480.40245
-21.250507,50,480.457134
-9.862899,50,480.510172
-5.803016,50,480.570838
-21.035102,50,480.62566
-6.857491,50,480.679643
-15.239709,50,480.743787
-7.036341,50,480.795628
-17.241763,50,480.850981
-9.549466,50,480.907421
-11.110115,50,480.968775
-10.737237,50,481.026886
-7.318688,50,481.083248
-10.375102,50,481.142119
-10.028106,50,481.203526
-6.428346,50,481.266911
-19.005443,50,481.321388
-18.122731,50,481.379394
-15.767909,50,481.436447
-19.936766,50,481.493273
-7.665379,50,481.549596
-19.794966,50,482.048841
-17.902948,50,482.112019
-14.683371,50,482.170944
-17.073588,50,482.232272
-17.741298,50,482.292756
-7.599209,50,482.351912
-14.992553,50,482.412937
-15.124925,50,482.471483
-7.883906,50,482.534338
-16.512421,50,482.591485
-10.203874,50,482.648979
-12.642652,50,482.707212
-19.623932,50,482.756675
-6.218019,50,482.820292
-15.997305,50,482.876593
-14.227838,50,482.932511
-5.682381,50,482.982595
-11.3258,50,483.042793
-9.134177,50,483.092099
-17.193479,50,483.143796
-18.388253,50,483.2031
-7.404746,50,483.25889
-15.499399,50,483.314198
-8.396824,50,483.375848
-17.506248,50,483.433925
-10.465876,50,483.495374
-3.301378,50,483.547898
-4.494568,50,483.600602
-17.926475,50,483.652069
-15.128922,50,483.718552
-3.683052,50,483.771542
-10.798334,50,483.823453
-14.579921,50,483.878509
-15.101141,50,483.938855
-19.746888,50,483.99747
-18.705559,50,484.05962
-17.942518,50,484.116955
-17.495157,50,484.175478
-11.987728,50,484.23397
-8.088356,50,484.293571
-20.352658,50,484.352978
-3.924295,50,484.853746
-4.345278,50,484.916437
-9.893419,50,484.973606
-12.857774,50,485.033533
-14.542725,50,485.101253
-10.901065,50,485.15871
-15.46405,50,485.218052
-8.362619,50,485.273065
-18.736458,50,485.334352
-15.181705,50,485.39004
-13.981928,50,485.450266
-16.38233,50,485.506236
-4.452696,50,485.567658
-13.356901,50,485.623371
-17.40884,50,485.6784
-17.476966,50,485.734587
-17.727006,50,485.792538
-19.335404,50,485.854205
-17.133893,50,485.916548
-16.235203,50,485.980439
-7.924392,50,486.036058
-13.220413,50,486.092659
-11.235958,50,486.156452
-16.507148,50,486.218156
-16.66483,50,486.27618
-6.332042,50,486.332589
-16.99219,50,486.387024
-18.06083,50,486.448771
-18.513604,50,486.506234
-10.834745,50,486.569346
-15.393879,50,486.623464
-4.047337,50,486.677106
-6.092366,50,486.733944
-9.268191,50,486.783996
-4.570627,50,486.834902
-12.660027,50,486.893784
-18.232284,50,486.953282
-15.584708,50,487.008929
-13.013173,50,487.066092
-6.811863,50,487.128574
-11.495473,50,487.186889
-14.245636,50,487.710015
-7.11666,50,487.764762
-16.779909,50,487.826394
-9.084578,50,487.883631
-8.47769,50,487.94231
-3.912696,50,487.999878
-21.527749,50,488.062983
-12.364812,50,488.120775
-7.013452,50,488.176187
-13.184969,50,488.239169
-15.746504,50,488.297425
-5.440744,50,488.352818
-20.017634,50,488.406106
-8.515986,50,488.459701
-11.810419,50,488.519101
-3.222467,50,488.58055
-9.252592,50,488.637495
-18.264662,50,488.68683
-21.306181,50,488.74057
-10.675468,50,488.799031
-9.913897,50,488.853954
-15.702822,50,488.914703
-15.710492,50,488.965748
-9.669547,50,489.020102
-13.307942,50,489.072995
-11.556203,50,489.130227
-15.639755,50,489.1873
-3.463396,50,489.239636
-13.211173,50,489.301284
-13.388587,50,489.361353
-19.144511,50,489.417053
-12.723214,50,489.476673
-3.369074,50,489.535328
-6.60925,50,489.593515
-15.992608,50,489.655409
-11.329877,50,489.710618
-10.407414,50,489.763881
-7.430542,50,489.829079
-12.823573,50,489.889689
-15.090955,50,489.952269
-16.97358,50,490.008517
-18.476147,50,490.500094
-18.279991,50,490.555276
-11.843583,50,490.613305
-8.093488,50,490.662653
-15.028298,50,490.716736
-10.549265,50,490.757874
-11.131951,50,490.818218
-5.783335,50,490.87208
-16.509353,50,490.926343
-17.945068,50,490.97856
-13.405468,50,491.03466
-11.448566,50,491.088681
-11.121184,50,491.1454
-5.253457,50,491.199001
-17.976069,50,491.257001
-13.347913,50,491.309651
-18.978526,50,491.365706
-14.469693,50,491.421593
-10.911923,50,491.472618
-6.626476,50,491.528758
-10.174539,50,491.587605
-16.367025,50,491.642167
-13.812483,50,491.695787
-11.383261,50,491.754624
-14.183284,50,491.808057
-11.64513,50,491.862142
-10.40126,50,491.916972
-19.782532,50,491.972852
-7.573525,50,492.03021
-9.256813,50,492.088603
-8.152111,50,492.148616
-8.230384,50,492.200877
-12.251128,50,492.258667
-15.887485,50,492.312751
-14.952024,50,492.364713
-18.067272,50,492.417984
-12.372893,50,492.473376
-11.3175,50,492.530939
-13.507045,50,492.582123
-6.611043,50,492.638649
-14.888698,50,492.695335
-10.668499,50,493.161464
-8.106425,50,493.22029
-14.802705,50,493.28418
-17.770254,50,493.338727
-19.848285,50,493.392275
-17.637416,50,493.446768
-15.989965,50,493.504705
-13.342727,50,493.556428
-10.349632,50,493.611049
-11.03877,50,493.659304
-15.554198,50,493.712258
-12.448487,50,493.765757
-16.234812,50,493.820573
-17.116877,50,493.87494
-17.198089,50,493.920525
-20.441408,50,493.978072
-5.756821,50,494.030639
-7.835679,50,494.08921
-8.672282,50,494.143821
-9.195374,50,494.198208
-12.921372,50,494.258873
-16.19609,50,494.308699
-14.259217,50,494.359447
-14.12807,50,494.420697
-15.895996,50,494.475541
-18.75179,50,494.527553
-12.511072,50,494.582416
-6.575079,50,494.64248
-8.561653,50,494.693366
-15.855397,50,494.745326
-15.100839,50,494.80256
-18.759321,50,494.852841
-11.68631,50,494.901435
-18.58515,50,494.956928
-10.673716,50,495.01069
-11.982233,50,495.069672
-16.301333,50,495.123313
-8.602367,50,495.183519
-15.643914,50,495.241396
-9.274068,50,495.306692
-15.658316,50,495.371493
-16.029379,50,495.834979
-7.408181,50,495.887247
-13.047405,50,495.949347
-19.392986,50,496.001195
-8.148817,50,496.056576
-14.701518,50,496.117151
-16.83796,50,496.170225
-13.173551,50,496.224725
-7.309132,50,496.287362
-14.125679,50,496.333973
-16.870452,50,496.3847
-14.55668,50,496.446196
-14.408667,50,496.503382
-7.250909,50,496.553118
-18.69106,50,496.607713
-11.929791,50,496.663595
-13.646084,50,496.718251
-14.75634,50,496.775175
-17.014595,50,496.831614
-14.760115,50,496.884554
-19.150765,50,496.940381
-10.354656,50,496.990438
-11.924021,50,497.040362
-18.207052,50,497.100047
-19.682066,50,497.156875
-20.824479,50,497.215357
-4.1212,50,497.262569
-13.689427,50,497.322551
-8.122176,50,497.37969
-10.177617,50,497.433135
-20.547539,50,497.493336
-9.986367,50,497.550356
-6.343443,50,497.604501
-14.537107,50,497.65217
-8.598315,50,497.707492
-12.123242,50,497.762152
-8.806627,50,497.800386
-13.323675,50,497.842492
-15.166313,50,497.900773
-14.518803,50,497.95969
-12.227486,50,498.002143
-14.697523,50,498.464437
-11.206063,50,498.51641
-13.982751,50,498.574473
-12.861913,50,498.632912
-8.697808,50,498.694032
-17.504943,50,498.743568
-9.330515,50,498.799923
-15.08805,50,498.864432
-3.132956,50,498.919706
-15.963722,50,498.975123
-7.983043,50,499.028739
-7.471219,50,499.083427
-13.188453,50,499.136111
-10.197729,50,499.193339
-19.549171,50,499.25254
-16.573809,50,499.313466
-8.638952,50,499.373337
-13.666638,50,499.432365
-14.085899,50,499.48303
-4.658492,50,499.541023
-8.742118,50,499.594605
-10.437275,50,499.645596
-14.153637,50,499.703534
-16.513153,50,499.759591
-6.204259,50,499.813125
-16.117372,50,499.866624
-11.255651,50,499.918936
-12.222598,50,499.975036
-7.199462,50,500.034008
-8.434872,50,500.088517
-8.334492,50,500.144495
-16.555684,50,500.200498
-18.45587,50,500.258983
-17.630732,50,500.311765
-18.702342,50,500.363517
-20.391842,50,500.419373
-11.926074,50,500.474473
-11.059944,50,500.527626
-9.623775,50,500.582366
-11.304492,50,500.636685
-3.418317,50,500.702882
-11.993042,50,501.191095
-10.043244,50,501.242921
-7.330758,50,501.295601
-6.045611,50,501.352049
-14.547689,50,501.407514
-13.033536,50,501.461863
-14.757641,50,501.516462
-12.774179,50,501.574855
-8.715655,50,501.625357
-4.69114,50,501.680959
-7.842483,50,501.739138
-9.216403,50,501.798841
-7.756041,50,501.853074
-12.477864,50,501.898297
-9.689156,50,501.954118
-20.926761,50,502.007305
-10.59537,50,502.058363
-11.126098,50,502.118552
-7.004649,50,502.167796
-15.599135,50,502.225295
-11.259552,50,502.282615
-9.695849,50,502.336769
-18.481047,50,502.391701
-16.011549,50,502.446803
-8.255396,50,502.502146
-15.30498,50,502.562028
-13.063809,50,502.619724
-14.178626,50,502.668993
-16.918398,50,502.718792
-16.228829,50,502.775313
-15.819605,50,502.828523
-12.202059,50,502.884829
-16.014393,50,502.937146
-8.586792,50,502.99779
-9.964607,50,503.048431
-8.24342,50,503.102779
-19.894106,50,503.154886
-13.794144,50,503.211904
-6.651453,50,503.264547
-9.182637,50,503.324267
-9.422754,50,503.373976
-15.616716,50,503.844935
-17.748919,50,503.894995
-14.740343,50,503.950576
-11.997585,50,504.006658
-17.236184,50,504.057657
-9.173866,50,504.106975
-7.94132,50,504.160501
-5.503279,50,504.214317
-12.196305,50,504.268991
-10.118733,50,504.323712
-13.202532,50,504.387202
-7.929949,50,504.439404
-11.444028,50,504.497526
-7.899922,50,504.556396
-12.279926,50,504.610754
-9.553778,50,504.665231
-16.651756,50,504.718967
-14.225228,50,504.768921
-20.345861,50,504.829083
-15.696576,50,504.881273
-10.22254,50,504.935031
-7.778323,50,504.996086
-9.702801,50,505.05051
-9.299941,50,505.105469
-10.799557,50,505.163598
-14.053136,50,505.218593
-12.935332,50,505.268638
-9.880671,50,505.32252
-15.278156,50,505.369941
-7.839252,50,505.426232
-18.566939,50,505.482187
-8.175069,50,505.53862
-17.38243,50,505.58895
-19.080149,50,505.642053
-16.960381,50,505.694548
-20.367732,50,505.753851
-5.912407,50,505.802327
-14.603149,50,505.857753
-14.553035,50,505.911821
-13.954046,50,505.967085
-15.969006,50,506.022753
-6.01215,50,506.487361
-17.39933,50,506.531732
-14.67934,50,506.585363
-14.910055,50,506.638739
-9.892872,50,506.693833
-11.4052,50,506.74712
-18.072364,50,506.804537
-20.189161,50,506.860564
-19.772712,50,506.915529
-19.776962,50,506.977797
-15.195529,50,507.032681
-15.697173,50,507.087847
-10.839176,50,507.1463
-10.726211,50,507.196483
-14.584095,50,507.256332
-19.079514,50,507.316254
-8.925358,50,507.371222
-17.246944,50,507.4286
-10.757855,50,507.479078
-15.725053,50,507.529015
-21.787524,50,507.584984
-15.272518,50,507.642323
-17.100262,50,507.694053
-8.575742,50,507.746061
-12.271908,50,507.802289
-11.036542,50,507.853279
-14.381307,50,507.905455
-16.992695,50,507.956668
-3.783596,50,508.012841
-10.565329,50,508.063799
-16.636376,50,508.10796
-5.488455,50,508.166454
-16.49273,50,508.214892
-16.527253,50,508.27313
-9.935514,50,508.327213
-14.251028,50,508.382395
-19.252028,50,508.439922
-12.492233,50,508.496943
-16.95334,50,508.550506
-14.11028,50,508.601272
-6.119397,50,508.652289
-15.879793,50,509.130376
-14.260774,50,509.191953
-6.048043,50,509.241577
-19.809845,50,509.293053
-18.855864,50,509.35095
-17.923334,50,509.406769
-11.839699,50,509.45768
-9.831751,50,509.51132
-14.612279,50,509.567585
-17.688016,50,509.62503
-7.346314,50,509.679652
-11.246536,50,509.73278
-10.075974,50,509.784494
-5.960491,50,509.843195
-3.401126,50,509.901843
-19.959571,50,509.950072
-10.582353,50,510.009838
-9.317872,50,510.062399
-18.871282,50,510.109646
-9.255369,50,510.174615
-13.666465,50,510.225987
-18.350938,50,510.284882
-18.687824,50,510.336938
-13.289729,50,510.401705
-18.61594,50,510.454444
-13.782312,50,510.503882
-15.170636,50,510.559721
-21.04882,50,510.612392
-16.887156,50,510.668051
-12.735631,50,510.722045
-9.138868,50,510.774515
-16.27036,50,510.828646
-11.692938,50,510.872458
-5.170346,50,510.931325
-12.338625,50,510.98332
-8.973462,50,511.04356
-18.897339,50,511.094689
-8.916365,50,511.144972
-18.042527,50,511.201412
-15.61055,50,511.257591
-3.86955,50,511.316405
-16.453691,50,511.785106
-7.317605,50,511.835264
-20.69763,50,511.89265
-4.705099,50,511.944885
-18.842557,50,512.002126
-18.568665,50,512.056011
-12.27986,50,512.111911
-20.777641,50,512.1736
-5.374684,50,512.237397
-10.21843,50,512.299751
-13.507418,50,512.353525
-12.243418,50,512.408317
-18.15663,50,512.459719
-13.60726,50,512.489668
-12.278409,50,512.551871
-9.363351,50,512.594944
-10.576452,50,512.652518
-4.856893,50,512.712108
-15.004362,50,512.767503
-9.113038,50,512.82235
-12.348713,50,512.878812
-13.844717,50,512.925293
-9.614975,50,512.979737
-18.883457,50,513.029205
-9.149261,50,513.083438
-7.8974,50,513.140292
-12.414933,50,513.196311
-14.729265,50,513.252506
-14.004796,50,513.306781
-5.659238,50,513.364544
-19.08595,50,513.421276
-15.308507,50,513.471071
-8.290127,50,513.514462
-14.807351,50,513.578617
-20.39277,50,513.629308
-15.345527,50,513.687261
-13.028369,50,513.740849
-7.195627,50,513.79823
-21.037571,50,513.84368
-10.929702,50,513.906065
-12.985419,50,513.963116
-5.444446,50,514.418793
-13.073599,50,514.477359
-10.968535,50,514.538756
-18.721829,50,514.595786
-14.719452,50,514.660372
-12.132283,50,514.717402
-14.335041,50,514.772003
-6.57649,50,514.821122
-8.826789,50,514.87589
-21.136336,50,514.939644
-12.056526,50,514.994827
-9.334167,50,515.053797
-8.938771,50,515.109217
-19.566088,50,515.173545
-10.026701,50,515.232392
-7.615031,50,515.285056
-16.745498,50,515.337648
-19.781923,50,515.394415
-10.205619,50,515.453201
-16.376941,50,515.510862
-8.158358,50,515.564968
-17.093541,50,515.622705
-12.216884,50,515.675055
-19.398743,50,515.733083
-15.994584,50,515.797423
-19.240694,50,515.849356
-19.706626,50,515.902459
-9.522214,50,515.955102
-4.380962,50,516.019992
-15.398373,50,516.072778
-17.251362,50,516.134137
-12.617184,50,516.189345
-17.666395,50,516.243687
-4.319005,50,516.295655
-5.109965,50,516.352924
-14.747627,50,516.406808
-12.947742,50,516.463879
-15.102743,50,516.510713
-14.642373,50,516.563859
-16.066287,50,516.61955
-15.311264,50,516.675613
-19.07453,50,517.144616
-8.029229,50,517.205316
-8.512445,50,517.257863
-17.287848,50,517.315388
-16.802478,50,517.380852
-21.167684,50,517.444752
-12.276943,50,517.493956
-8.275673,50,517.54581
-3.513821,50,517.596833
-6.229561,50,517.655614
-17.785308,50,517.70733
-11.258911,50,517.763986
-12.536963,50,517.817332
-4.541553,50,517.876048
-16.969406,50,517.931653
-18.537401,50,517.979057
-21.289711,50,518.035654
-5.938262,50,518.089221
-8.84016,50,518.146693
-15.748493,50,518.200746
-9.198266,50,518.258746
-10.91511,50,518.300562
-14.723734,50,518.355962
-9.635753,50,518.414078
-14.948991,50,518.467523
-10.574753,50,518.526514
-8.843519,50,518.580804
-10.832126,50,518.632082
-19.992427,50,518.685572
-17.56608,50,518.740119
-7.28103,50,518.79439
-12.494439,50,518.848206
-17.226351,50,518.905036
-20.346255,50,518.955156
-11.031271,50,519.010617
-18.381898,50,519.074991
-5.312126,50,519.130393
-10.096783,50,519.183823
-13.957907,50,519.245767
-7.119328,50,519.299158
-16.755623,50,519.36219
-19.442931,50,519.819318
-5.406808,50,519.878258
-17.06401,50,519.932695
-17.860361,50,519.983366
-9.21771,50,520.037545
-9.753649,50,520.087448
-11.729691,50,520.147646
-10.703795,50,520.202603
-11.099509,50,520.256686
-18.15114,50,520.309241
-12.743055,50,520.362588
-20.290932,50,520.41934
-12.564547,50,520.470168
-11.939124,50,520.529664
-6.725971,50,520.595014
-10.669057,50,520.645584
-9.897809,50,520.700716
-18.915909,50,520.752102
-20.082778,50,520.814284
-17.457936,50,520.868039
-12.774629,50,520.921074
-12.316104,50,520.977768
-17.415872,50,521.041205
-11.532556,50,521.10095
-10.507991,50,521.162855
-14.553355,50,521.221279
-14.020435,50,521.278119
-8.763375,50,521.339107
-18.398085,50,521.400314
-13.802069,50,521.457766
-17.331961,50,521.512865
-5.580766,50,521.572029
-11.048053,50,521.629117
-18.13206,50,521.694497
-9.271896,50,521.757294
-11.953517,50,521.810534
-14.207819,50,521.868413
-6.076791,50,521.923794
-6.810482,50,521.978851
-16.460963,50,522.038955
-14.436984,50,522.090786
-19.036894,50,522.583993
-17.53225,50,522.642443
-20.503166,50,522.708061
-19.447486,50,522.756257
-13.980075,50,522.796435
-15.887223,50,522.855164
-16.823372,50,522.911659
-18.409719,50,522.961189
-14.095961,50,523.01581
-21.194908,50,523.073069
-17.610454,50,523.133119
-20.648287,50,523.188988
-13.698888,50,523.250972
-15.390388,50,523.311041
-13.797406,50,523.366145
-13.668126,50,523.424993
-8.181895,50,523.483516
-15.715072,50,523.54528
-11.463118,50,523.602342
-18.169561,50,523.659192
-11.55151,50,523.716419
-7.689686,50,523.778515
-11.518701,50,523.844272
-17.009616,50,523.898068
-5.720899,50,523.94947
-10.402002,50,523.995643
-10.45758,50,524.051362
-6.745654,50,524.108437
-18.22432,50,524.167526
-6.164981,50,524.220326
-19.706071,50,524.282899
-4.991524,50,524.33895
-13.714361,50,524.38798
-5.414667,50,524.445593
-12.670482,50,524.502424
-18.497898,50,524.565219
-10.313961,50,524.621278
-11.38211,50,524.682198
-17.208431,50,524.738334
-6.680566,50,524.794583
-12.702602,50,524.848126
-7.156872,50,525.354663
-9.756574,50,525.408353
-12.833454,50,525.464463
-5.147604,50,525.520403
-5.712349,50,525.571075
-10.720468,50,525.630991
-19.505475,50,525.689813
-12.996292,50,525.742217
-16.250068,50,525.799114
-18.16853,50,525.858024
-2.902609,50,525.912542
-13.446804,50,525.964435
-7.157988,50,526.024403
-17.990131,50,526.083885
-6.532903,50,526.141017
-17.334391,50,526.201483
-15.210501,50,526.262547
-7.324484,50,526.327347
-12.531695,50,526.381878
-13.205495,50,526.443121
-12.945339,50,526.499893
-18.080924,50,526.563691
-14.22885,50,526.623661
-15.422678,50,526.683924
-9.058656,50,526.737539
-6.299963,50,526.798411
-8.825115,50,526.857253
-14.78707,50,526.908838
-13.100922,50,526.968689
-8.953085,50,527.021188
-9.342099,50,527.07614
-9.797054,50,527.137201
-12.676636,50,527.186726
-16.080218,50,527.242432
-13.896304,50,527.295331
-13.238167,50,527.351296
-14.64241,50,527.409333
-16.531998,50,527.464755
-10.91273,50,527.522795
-19.092567,50,527.577494
-11.250747,50,527.630722
-7.708284,50,528.11673
-13.763049,50,528.171031
-13.035784,50,528.220301
-15.398071,50,528.285148
-16.187134,50,528.340215
-9.676278,50,528.40244
-14.608976,50,528.460547
-7.370409,50,528.518705
-14.700632,50,528.579682
-18.882779,50,528.635215
-6.489208,50,528.697878
-20.975042,50,528.753339
-19.505655,50,528.815993
-6.128442,50,528.872401
-12.35294,50,528.930023
-9.405287,50,528.982052
-14.276373,50,529.039929
-8.259374,50,529.101005
-14.16158,50,529.163266
-16.88951,50,529.219254
-15.60076,50,529.282316
-2.949059,50,529.333874
-6.228505,50,529.397575
-13.664135,50,529.457015
-20.068695,50,529.521176
-10.599178,50,529.585749
-16.616068,50,529.634933
-12.597392,50,529.690461
-17.508174,50,529.748767
-13.044573,50,529.8015
-10.052989,50,529.857892
-7.208525,50,529.911155
-8.302188,50,529.971099
-12.408184,50,530.028049
-16.957485,50,530.079333
-14.56729,50,530.131567
-11.234147,50,530.189301
-15.883885,50,530.246851
-16.080636,50,530.29839
-7.880747,50,530.356322
-5.467769,50,530.406249
-8.197758,50,530.872306
-15.53444,50,530.926335
-16.599685,50,530.978539
-3.996602,50,531.036899
-6.388625,50,531.091861
-18.410824,50,531.146708
-9.766331,50,531.196831
-14.528797,50,531.256676
-4.31962,50,531.311372
-16.56112,50,531.369442
-12.700638,50,531.423441
-15.516917,50,531.478752
-13.794383,50,531.536477
-7.5939,50,531.596017
-5.568926,50,531.654733
-18.433788,50,531.711005
-16.554716,50,531.765415
-19.487371,50,531.821668
-12.653422,50,531.873884
-14.648543,50,531.930645
-15.780172,50,531.987915
-11.657709,50,532.049078
-15.132771,50,532.111931
-15.389867,50,532.172629
-8.457142,50,532.233051
-15.46726,50,532.294035
-13.765347,50,532.346914
-14.192758,50,532.40885
-20.064489,50,532.469158
-6.191253,50,532.53047
-15.607812,50,532.586547
-5.352447,50,532.643931
-12.479426,50,532.705195
-19.174044,50,532.759524
-18.694136,50,532.81658
-6.382384,50,532.87662
-5.495065,50,532.925325
-16.185023,50,532.975057
-16.233928,50,533.031849
-15.699637,50,533.08669
-17.757386,50,533.145561
-13.922665,50,533.606103
-14.87842,50,533.662207
-17.55472,50,533.718933
-11.767694,50,533.774739
-14.62031,50,533.833567
-11.050119,50,533.882223
-6.998347,50,533.939753
-17.22504,50,533.995554
-17.047748,50,534.043483
-7.227123,50,534.099354
-8.836264,50,534.153059
-13.789243,50,534.200485
-7.694791,50,534.265211
-15.673145,50,534.311655
-5.595186,50,534.370462
-12.085707,50,534.427727
-16.984961,50,534.479665
-6.180494,50,534.544101
-16.522837,50,534.597528
-7.085294,50,534.646702
-18.884762,50,534.706514
-18.717598,50,534.761744
-9.205064,50,534.813113
-16.323095,50,534.857502
-11.728728,50,534.893771
-13.282164,50,534.929738
-13.486583,50,534.984878
-15.045015,50,535.042599
-10.655953,50,535.099597
-12.190062,50,535.154438
-4.971988,50,535.211534
-9.478454,50,535.266328
-17.805019,50,535.321064
-19.021688,50,535.377106
-13.03912,50,535.436676
-10.991137,50,535.49038
-7.670877,50,535.542523
-11.42621,50,535.60039
-17.318373,50,535.653852
-12.331159,50,535.709205
-10.461504,50,535.76847
-9.497044,50,536.245273
-19.610568,50,536.301088
-7.35961,50,536.354568
-15.166191,50,536.408086
-10.191463,50,536.46972
-10.895137,50,536.523845
-5.737188,50,536.584692
-16.107571,50,536.645484
-14.884178,50,536.70229
-18.708163,50,536.758424
-16.331091,50,536.809156
-18.146578,50,536.863757
-6.525754,50,536.913781
-5.426678,50,536.970216
-7.306454,50,537.024538
-16.050346,50,537.076829
-12.154705,50,537.138183
-9.925655,50,537.1938
-18.750822,50,537.257358
-16.74612,50,537.308257
-19.189821,50,537.372087
-8.444154,50,537.429118
-19.159178,50,537.482644
-11.658532,50,537.538745
-10.20393,50,537.590123
-9.536321,50,537.643667
-7.072165,50,537.700596
-15.134489,50,537.755406
-13.592763,50,537.812448
-15.475158,50,537.869095
-18.371022,50,537.927961
-3.969927,50,537.988624
-7.011252,50,538.049073
-15.639412,50,538.108523
-15.750572,50,538.165792
-13.85431,50,538.227789
-3.938075,50,538.283944
-9.135714,50,538.338569
-6.54708,50,538.395829
-11.307224,50,538.446742
-13.877376,50,538.499273
-18.02495,50,538.958794
-11.577851,50,539.015995
-7.829258,50,539.069493
-7.751024,50,539.126667
-10.168435,50,539.187391
-4.462834,50,539.246867
-14.842171,50,539.294492
-5.87582,50,539.353189
-10.6088,50,539.410394
-14.56897,50,539.471953
-17.617742,50,539.528748
-9.52236,50,539.586987
-16.652415,50,539.643298
-16.297525,50,539.699064
-5.679969,50,539.752953
-11.010351,50,539.807545
-8.862171,50,539.863621
-20.009533,50,539.91662
-14.609865,50,539.980396
-4.425276,50,540.028687
-18.690353,50,540.087326
-12.554238,50,540.14051
-9.89263,50,540.196654
-6.25957,50,540.253501
-5.060811,50,540.307101
-14.326255,50,540.365624
-12.006985,50,540.419381
-13.626034,50,540.473017
-18.062212,50,540.522184
-10.006689,50,540.576529
-20.945076,50,540.633149
-9.394245,50,540.68929
-15.02991,50,540.742315
-16.967102,50,540.798496
-20.080656,50,540.8554
-4.024603,50,540.911103
-9.767651,50,540.967086
-9.867582,50,541.021249
-16.558743,50,541.074993
-7.674241,50,541.130498
-15.104192,50,541.187923
-7.955612,50,541.692738
-4.623408,50,541.746303
-14.72134,50,541.80674
-10.20936,50,541.863397
-11.514034,50,541.926619
-17.265238,50,541.985863
-12.327426,50,542.038902
-17.366731,50,542.09812
-15.742796,50,542.156426
-4.679521,50,542.213304
-17.526044,50,542.268161
-15.086568,50,542.319212
-18.019884,50,542.371498
-13.609072,50,542.425634
-16.289634,50,542.485744
-13.687177,50,542.543867
-7.595271,50,542.601788
-17.220291,50,542.650539
-10.081328,50,542.709121
-13.506385,50,542.765206
-19.184252,50,542.822842
-17.489337,50,542.879616
-7.249655,50,542.929107
-20.039984,50,542.983871
-18.646663,50,543.03759
-5.492245,50,543.094889
-11.888549,50,543.153558
-16.354268,50,543.211122
-11.758991,50,543.268985
-4.0282,50,543.322388
-13.655937,50,543.378542
-4.076847,50,543.438464
-8.458412,50,543.492843
-14.132821,50,543.54403
-3.663886,50,543.599357
-7.367923,50,543.650881
-15.630842,50,543.706186
-6.023324,50,543.761059
-15.191234,50,543.814219
-14.64769,50,543.867741
-16.297813,50,544.33865
-12.911843,50,544.400256
-8.27078,50,544.455636
-20.386535,50,544.513242
-9.005159,50,544.566847
-5.857355,50,544.620714
-20.7735,50,544.680564
-9.780576,50,544.734483
-15.514568,50,544.792598
-11.373757,50,544.850148
-15.791009,50,544.90419
-5.815587,50,544.941432
-13.356288,50,544.996866
-11.099722,50,545.050525
-19.938453,50,545.104419
-5.287229,50,545.159974
-13.197529,50,545.210149
-12.429532,50,545.264838
-19.038578,50,545.316114
-17.868212,50,545.379546
-15.062254,50,545.439824
-11.42754,50,545.499853
-12.805145,50,545.555494
-11.124927,50,545.606555
-11.780977,50,545.663707
-17.784566,50,545.715356
-5.946383,50,545.771281
-16.077355,50,545.82783
-17.784793,50,545.887685
-7.939017,50,545.937808
-12.718155,50,545.994039
-20.101072,50,546.05106
-13.146426,50,546.107805
-19.116965,50,546.157944
-8.645138,50,546.212542
-13.699609,50,546.263427
-10.568301,50,546.322589
-7.202741,50,546.376327
-14.822885,50,546.432101
-17.593568,50,546.481102
-17.154522,50,546.537758
-18.003286,50,547.047711
-11.001371,50,547.105425
-13.424166,50,547.161047
-13.000476,50,547.220465
-9.434193,50,547.278891
-6.381609,50,547.336315
-8.962933,50,547.391061
-5.03297,50,547.448031
-7.108904,50,547.502065
-15.806987,50,547.565025
-9.134789,50,547.61912
-10.296086,50,547.683231
-17.518398,50,547.744445
-15.941997,50,547.799998
-10.560137,50,547.862988
-13.121877,50,547.920089
-5.756898,50,547.975457
-19.794505,50,548.034876
-18.606063,50,548.08876
-21.305086,50,548.151086
-12.88432,50,548.211
-16.337332,50,548.269086
-14.241039,50,548.324183
-12.681158,50,548.389231
-14.538547,50,548.446777
-13.245235,50,548.500711
-15.234931,50,548.556666
-5.87991,50,548.616712
-12.871967,50,548.668883
-12.458966,50,548.728253
-6.575212,50,548.783128
-17.830286,50,548.840411
-12.580587,50,548.893639
-16.240469,50,548.944531
-12.229891,50,549.005971
-12.969451,50,549.060163
-16.508651,50,549.116412
-10.199235,50,549.178218
-9.319036,50,549.225886
-19.876755,50,549.283198
-7.085254,50,549.338915
-5.738126,50,549.796389
-13.758013,50,549.859871
-6.677634,50,549.903806
-5.97614,50,549.964866
-18.222552,50,550.027032
-19.246778,50,550.082238
-15.459246,50,550.141274
-5.233985,50,550.195141
-12.494814,50,550.238408
-15.977289,50,550.298381
-6.369686,50,550.35164
-3.614799,50,550.41035
-17.384908,50,550.473239
-9.532047,50,550.523993
-16.810287,50,550.58537
-13.818493,50,550.643733
-14.833041,50,550.697338
-10.93888,50,550.755521
-11.008,50,550.80827
-12.262743,50,550.857751
-6.614492,50,550.913381
-8.684111,50,550.968509
-9.290352,50,551.021631
-6.65936,50,551.075707
-19.269128,50,551.130926
-17.926761,50,551.19032
-7.136393,50,551.244102
-11.173113,50,551.293866
-15.138388,50,551.350664
-7.501215,50,551.406674
-12.480898,50,551.451512
-8.816465,50,551.505718
-13.260817,50,551.558399
-9.404049,50,551.6117
-7.280468,50,551.666411
-7.904257,50,551.717507
-17.998239,50,551.772009
-9.011583,50,551.827976
-12.520649,50,551.884883
-18.607231,50,551.92972
-12.772446,50,551.961861
-19.307618,50,552.420763
-16.186185,50,552.451713
-11.497541,50,552.516796
-11.864162,50,552.574442
-18.344845,50,552.62854
-9.821502,50,552.684445
-10.910309,50,552.740426
-10.05254,50,552.803142
-18.738507,50,552.864499
-12.281545,50,552.923507
-13.529739,50,552.978243
-15.810159,50,553.036928
-18.417307,50,553.097268
-13.666609,50,553.159884
-20.542855,50,553.217879
-4.862812,50,553.275147
-20.555137,50,553.335202
-14.323659,50,553.387065
-11.65762,50,553.438465
-15.412277,50,553.494629
-15.021911,50,553.554556
-12.692669,50,553.620876
-11.296645,50,553.664484
-13.57662,50,553.7241
-15.460654,50,553.791822
-6.453214,50,553.855883
-19.778958,50,553.917933
-15.80927,50,553.975729
-17.681763,50,554.033578
-19.381776,50,554.096202
-12.844689,50,554.149455
-9.5156,50,554.200905
-10.902832,50,554.261104
-14.917104,50,554.316315
-11.041842,50,554.379776
-7.078,50,554.432106
-13.04168,50,554.492907
-18.047136,50,554.55594
-15.437505,50,554.607763
-15.108542,50,554.661177
-16.482313,50,554.710535
-6.208918,50,555.190865
-15.343909,50,555.252477
-9.174198,50,555.306259
-9.535485,50,555.36985
-11.449569,50,555.418198
-14.928742,50,555.475783
-15.173447,50,555.532771
-9.462855,50,555.588113
-19.884312,50,555.639869
-11.153708,50,555.698588
-16.437873,50,555.752738
-11.865979,50,555.810534
-9.534895,50,555.861958
-4.873041,50,555.921519
-19.470819,50,555.980879
-12.34475,50,556.034494
-14.990776,50,556.094949
-16.884427,50,556.15284
-12.469917,50,556.21675
-19.971042,50,556.274378
-14.297007,50,556.330848
-15.978885,50,556.391488
-11.414304,50,556.452613
-4.198756,50,556.50743
-11.583877,50,556.564502
-16.555224,50,556.620478
-8.090105,50,556.673491
-3.766926,50,556.739764
-13.396862,50,556.804731
-16.942124,50,556.864819
-11.052636,50,556.926203
-9.56578,50,556.978557
-12.528897,50,557.035115
-6.268682,50,557.089276
-6.472316,50,557.144265
-18.253909,50,557.206104
-14.918562,50,557.264075
-17.544894,50,557.319728
-10.693518,50,557.382144
-11.144926,50,557.44225
-3.784659,50,557.508699
-8.220712,50,558.0114
-11.676442,50,558.07385
-6.559641,50,558.125477
-16.540702,50,558.189271
-7.896554,50,558.249584
-17.677083,50,558.305781
-9.208136,50,558.364737
-14.999443,50,558.415866
-3.70662,50,558.472332
-13.098952,50,558.529024
-9.912678,50,558.589664
-17.603474,50,558.648168
-18.677514,50,558.709454
-13.224763,50,558.765432
-15.474597,50,558.826945
-15.703338,50,558.874219
-10.281207,50,558.937572
-16.188765,50,558.998422
-4.964713,50,559.056121
-3.075685,50,559.113465
-6.900371,50,559.164536
-11.472778,50,559.222033
-10.346036,50,559.277566
-9.837562,50,559.336543
-17.216926,50,559.399321
-12.846083,50,559.455778
-15.846443,50,559.514016
-14.756547,50,559.569543
-14.768529,50,559.618461
-8.246121,50,559.677641
-14.392058,50,559.742273
-17.23785,50,559.796495
-9.795081,50,559.855685
-7.50698,50,559.914417
-9.679747,50,559.97347
-17.531008,50,560.029924
-9.493521,50,560.085805
-17.230246,50,560.141426
-6.112841,50,560.202483
-11.3814,50,560.253083
-13.874576,50,560.309553
-5.938197,50,560.810802
-13.677356,50,560.871964
-14.03635,50,560.927473
-16.617261,50,560.982365
-12.960238,50,561.043413
-9.977516,50,561.092784
-8.873738,50,561.147524
-16.151926,50,561.200262
-14.237496,50,561.252629
-9.090046,50,561.308699
-11.296302,50,561.359665
-9.854741,50,561.416517
-3.508057,50,561.468185
-7.138402,50,561.519087
-8.666889,50,561.572931
-11.90005,50,561.634034
-19.959199,50,561.696938
-16.365957,50,561.761813
-7.829138,50,561.827343
-5.208733,50,561.89557
-17.48942,50,561.956396
-15.24546,50,562.024055
-19.586058,50,562.090326
-19.441833,50,562.149225
-6.196104,50,562.213329
-10.867965,50,562.268009
-8.549091,50,562.33063
-6.224476,50,562.393821
-16.522979,50,562.455349
-10.94468,50,562.510195
-12.019367,50,562.581117
-11.857309,50,562.66275
-8.415075,50,562.725574
-8.017408,50,562.779528
-15.617348,50,562.84883
-7.295496,50,562.910594
-10.636567,50,562.968252
-17.090569,50,563.029254
-9.093625,50,563.083525
-5.341017,50,563.144016
-5.863007,50,563.201321
-8.155929,50,563.712044
-11.202077,50,563.77001
-15.171063,50,563.82323
-10.866769,50,563.882703
-9.580811,50,563.939562
-12.034775,50,563.998667
-13.46907,50,564.055208
-9.251012,50,564.096998
-10.234503,50,564.133713
-15.324835,50,564.177888
-21.306875,50,564.209852
-10.861409,50,564.244865
-8.141676,50,564.28019
-6.055926,50,564.313585
-8.396173,50,564.348465
-12.768693,50,564.386515
-10.395012,50,564.419778
-7.156191,50,564.453303
-7.114428,50,564.48806
-6.891328,50,564.522097
-15.822182,50,564.557809
-4.265103,50,564.592294
-20.765202,50,564.628637
-17.534255,50,564.662848
-16.092262,50,564.699441
-4.564123,50,564.753764
-14.84558,50,564.809183
-14.498658,50,564.864728
-6.494404,50,564.897467
-13.073968,50,564.943721
-19.140344,50,564.990726
-6.011717,50,565.030293
-9.442469,50,565.075329
-13.044282,50,565.121186
-8.783813,50,565.15542
-20.313286,50,565.194301
-5.751192,50,565.237559
-14.112547,50,565.276994
-17.436027,50,565.31329
-14.005625,50,565.348737
-13.615471,50,565.381775
-6.342093,50,565.863298
-11.677755,50,565.922558
-16.592128,50,565.976447
-7.788021,50,566.025565
-16.054303,50,566.083332
-8.758849,50,566.131673
-10.957783,50,566.166331
-9.18103,50,566.198887
-14.626936,50,566.231933
-9.297526,50,566.26699
-16.352289,50,566.306185
-14.502903,50,566.340463
-10.214275,50,566.375423
-10.546214,50,566.415074
-9.857113,50,566.448758
-15.161426,50,566.488652
-8.910572,50,566.52076
-13.503094,50,566.551631
-18.383885,50,566.585042
-3.119926,50,566.617898
-10.561381,50,566.650397
-15.15801,50,566.686217
-10.760499,50,566.719293
-9.378199,50,566.75094
-18.400218,50,566.782666
-19.960964,50,566.814382
-20.657852,50,566.846585
-16.085648,50,566.884305
-4.986443,50,566.943751
-8.059298,50,566.997749
-14.789978,50,567.052571
-14.821745,50,567.109488
-10.687767,50,567.174634
-4.184879,50,567.23316
-15.321329,50,567.29358
-5.772245,50,567.342476
-11.177333,50,567.404833
-19.47002,50,567.440394
-12.778916,50,567.475044
-18.925849,50,567.510283
-17.685795,50,567.544877
-3.834612,50,568.018066
-18.467314,50,568.073557
-4.766921,50,568.131579
-13.028174,50,568.180868
-5.405318,50,568.223694
-14.327563,50,568.272469
-14.541886,50,568.328521
-13.642864,50,568.381046
-18.406917,50,568.413301
-16.347831,50,568.446302
-12.284196,50,568.478706
-18.190758,50,568.51029
-13.606113,50,568.541702
-10.328283,50,568.573605
-9.712976,50,568.613413
-3.659959,50,568.649194
-10.076241,50,568.684331
-13.451672,50,568.71834
-16.790798,50,568.751473
-17.165318,50,568.786573
-5.714198,50,568.825843
-17.304325,50,568.862376
-15.350571,50,568.901714
-8.013136,50,568.937138
-18.840545,50,568.97216
-8.275623,50,569.005363
-16.071316,50,569.039643
-7.963284,50,569.07553
-9.434523,50,569.11022
-12.697117,50,569.146333
-5.56554,50,569.181883
-12.999664,50,569.218888
-16.798015,50,569.251897
-4.286906,50,569.286815
-5.671544,50,569.320086
-8.053175,50,569.361008
-17.481584,50,569.393943
-17.885569,50,569.438003
-12.827754,50,569.481395
-2.492252,50,569.52503
-17.628194,50,569.568031
-11.344915,50,570.02289
-17.11724,50,570.055713
-3.495588,50,570.091724
-7.05672,50,570.143685
-16.572204,50,570.177716
-12.185842,50,570.211538
-18.380435,50,570.257525
-10.514438,50,570.292668
-11.597812,50,570.327749
-15.08799,50,570.364401
-13.215077,50,570.399018
-4.443847,50,570.433887
-14.56017,50,570.469545
-3.077755,50,570.510785
-9.579181,50,570.569109
-11.378418,50,570.620432
-13.794725,50,570.691307
-13.17643,50,570.764115
-4.417092,50,570.833649
-20.674118,50,570.90369
-4.683276,50,570.974179
-8.874003,50,571.048991
-18.419957,50,571.124718
-8.94685,50,571.198452
-20.868823,50,571.272826
-20.747084,50,571.343943
-10.37067,50,571.414908
-10.124633,50,571.485895
-14.967539,50,571.557617
-10.248316,50,571.627674
-8.085,50,571.698353
-12.228261,50,571.768049
-13.086211,50,571.83801
-6.971911,50,571.911696
-14.180543,50,571.98155
-9.223377,50,572.054225
-14.186596,50,572.124409
-15.854689,50,572.195843
-5.756508,50,572.240583
-8.784382,50,572.274193
-5.74517,50,572.308237
-14.415414,50,572.813432
-11.448408,50,572.850712
-16.1065,50,572.885192
-11.589643,50,572.918666
-14.910362,50,572.96366
-14.661782,50,572.997226
-15.468814,50,573.032008
-12.970735,50,573.082885
-9.769677,50,573.122329
-12.242113,50,573.155101
-5.769268,50,573.189078
-15.543616,50,573.222847
-12.416976,50,573.255898
-8.737292,50,573.294981
-12.445544,50,573.344415
-9.45478,50,573.379149
-12.195389,50,573.423346
-8.024027,50,573.462998
-12.108927,50,573.496935
-17.613649,50,573.53072
-9.667549,50,573.565103
-13.483515,50,573.599089
-8.240279,50,573.633937
-18.868835,50,573.668034
-9.454308,50,573.701617
-16.934017,50,573.740094
-20.619399,50,573.774228
-6.639693,50,573.807155
-17.343152,50,573.839801
-11.039845,50,573.873185
-14.082844,50,573.906691
-18.28049,50,573.938883
-16.512917,50,573.971685
-18.259081,50,574.003821
-16.220071,50,574.036187
-15.805703,50,574.074576
-15.682818,50,574.120727
-11.160452,50,574.169619
-18.095822,50,574.201143
-12.649262,50,574.233186
-9.238159,50,574.26826
-15.027129,50,574.707489
-20.208958,50,574.739758
-14.133089,50,574.771894
-16.779103,50,574.80931
-4.88415,50,574.843583
-14.062293,50,574.875704
-6.704987,50,574.911475
-14.504922,50,574.945458
-14.580718,50,574.982763
-10.987859,50,575.020511
-16.860909,50,575.067996
-6.916307,50,575.108445
-11.313968,50,575.139537
-4.794039,50,575.174509
-8.645515,50,575.221724
-13.905559,50,575.255654
-20.572782,50,575.288134
-12.849464,50,575.323219
-13.868357,50,575.358959
-19.177378,50,575.392264
-4.916759,50,575.438327
-13.612045,50,575.478785
-17.0614,50,575.518083
-18.208783,50,575.553535
-11.985569,50,575.588857
-12.703737,50,575.62122
-18.230035,50,575.666452
-6.421903,50,575.699769
-11.737662,50,575.731632
-12.44406,50,575.76369
-14.484051,50,575.796633
-8.183808,50,575.829941
-15.227251,50,575.864376
-7.668776,50,575.898099
-15.520856,50,575.932206
-8.746577,50,575.966021
-12.390136,50,576.000101
-10.248559,50,576.034207
-8.080214,50,576.068426
-18.603307,50,576.114743
-5.830535,50,576.164468
-15.107325,50,576.625542
-2.918589,50,576.657891
-13.888479,50,576.700049
-13.598502,50,576.735981
-9.399963,50,576.780734
-16.278634,50,576.819403
-19.210354,50,576.854537
-15.018336,50,576.890634
-11.852622,50,576.948419
-14.992621,50,576.98538
-4.404436,50,577.03143
-13.159456,50,577.07181
-17.873556,50,577.10612
-2.815216,50,577.145781
-7.123378,50,577.178265
-12.588293,50,577.21387
-9.819648,50,577.245848
-10.848483,50,577.277707
-12.577831,50,577.319137
-12.678745,50,577.351642
-20.145355,50,577.383749
-11.971083,50,577.416744
-11.370053,50,577.449963
-10.11428,50,577.486049
-11.674821,50,577.519706
-20.6411,50,577.553873
-17.649027,50,577.587384
-17.315517,50,577.619016
-13.518819,50,577.651184
-16.564135,50,577.702634
-6.741786,50,577.757843
-8.273502,50,577.796655
-10.473663,50,577.84463
-16.629952,50,577.877315
-5.138014,50,577.918989
-8.866802,50,577.966049
-8.222841,50,578.013105
-19.875009,50,578.048652
-6.334439,50,578.082553
-16.86098,50,578.114964
-4.412695,50,578.146979
-15.720742,50,578.584815
-7.309665,50,578.618159
-17.407591,50,578.662645
-17.193015,50,578.717941
-9.994848,50,578.773702
-3.419305,50,578.817883
-10.155855,50,578.85049
-14.752604,50,578.882189
-18.738399,50,578.91403
-6.375248,50,578.954227
-11.797013,50,579.000196
-12.351273,50,579.033731
-9.219709,50,579.065403
-6.459411,50,579.097187
-18.254494,50,579.130142
-18.063591,50,579.162002
-15.999358,50,579.203295
-16.308717,50,579.235625
-13.425572,50,579.267124
-13.759426,50,579.298605
-4.137476,50,579.330094
-6.458785,50,579.370165
-16.292501,50,579.401941
-11.736546,50,579.444568
-8.095609,50,579.486457
-15.194771,50,579.531829
-14.035014,50,579.575747
-20.737403,50,579.609572
-9.336337,50,579.65281
-11.804556,50,579.685637
-10.189654,50,579.718707
-19.168407,50,579.770722
-12.136903,50,579.815849
-20.01778,50,579.859203
-5.020634,50,579.891507
-19.749236,50,579.934756
-10.34642,50,579.966108
-5.78775,50,579.996351
-17.600444,50,580.026564
-9.194491,50,580.059074
-16.721927,50,580.091987
-15.87513,50,580.542517
-11.887463,50,580.581388
-9.397137,50,580.614221
-16.473872,50,580.646041
-12.986602,50,580.677845
-12.414112,50,580.70997
-7.340782,50,580.746162
-21.111712,50,580.793082
-16.366908,50,580.851611
-16.964014,50,580.892711
-21.142711,50,580.925862
-9.89927,50,580.959881
-13.740763,50,580.991768
-12.141643,50,581.025177
-9.221986,50,581.057242
-9.254301,50,581.088748
-15.637562,50,581.125549
-13.476176,50,581.161456
-14.831738,50,581.193044
-19.284452,50,581.226488
-3.383908,50,581.258384
-16.423118,50,581.308813
-3.385222,50,581.345812
-14.401984,50,581.379043
-10.955853,50,581.410697
-17.796966,50,581.442199
-9.721808,50,581.47381
-6.614368,50,581.505427
-13.620987,50,581.537018
-10.959508,50,581.568943
-16.951225,50,581.600146
-16.442027,50,581.631594
-13.841498,50,581.662892
-13.96077,50,581.69467
-13.904878,50,581.726493
-7.454236,50,581.758075
-19.578019,50,581.793455
-20.868392,50,581.83853
-6.540669,50,581.884767
-14.446299,50,581.916679
-8.174908,50,581.948697
-7.686412,50,582.406624
-12.397627,50,582.441229
-12.575495,50,582.473439
-15.516385,50,582.520047
-9.554518,50,582.551996
-12.138095,50,582.584057
-13.682103,50,582.616241
-13.718599,50,582.648035
-12.613771,50,582.679807
-15.047064,50,582.711936
-18.601577,50,582.74808
-20.957451,50,582.794709
-4.621559,50,582.846315
-10.801082,50,582.897753
-11.871137,50,582.929483
-13.604835,50,582.98492
-4.236964,50,583.02976
-12.028306,50,583.061478
-7.251634,50,583.093019
-20.655868,50,583.125265
-6.673372,50,583.158029
-14.934526,50,583.190614
-19.822822,50,583.222485
-12.142636,50,583.254632
-10.293137,50,583.286222
-17.05591,50,583.318334
-16.394221,50,583.350636
-14.090406,50,583.382392
-10.144935,50,583.414622
-14.855423,50,583.447029
-9.171266,50,583.478569
-4.832937,50,583.515583
-7.054183,50,583.548378
-6.602784,50,583.580553
-5.731505,50,583.62206
-15.503861,50,583.654163
-8.149735,50,583.686633
-16.183916,50,583.719397
-12.054138,50,583.751603
-12.169615,50,583.783769
-6.398474,50,583.815929
-3.892856,50,584.274918
-19.332362,50,584.3145
-20.401565,50,584.361568
-16.509164,50,584.395756
-11.241963,50,584.438503
-13.859628,50,584.487913
-19.868616,50,584.526297
-12.123091,50,584.5587
-14.813792,50,584.598456
-4.684055,50,584.642083
-13.139232,50,584.692288
-17.149122,50,584.723666
-15.708554,50,584.755979
-16.27135,50,584.788488
-8.785441,50,584.829104
-19.203072,50,584.860932
-5.512317,50,584.896504
-2.715535,50,584.928877
-16.789726,50,584.961841
-10.673686,50,584.994163
-5.634884,50,585.026065
-9.325083,50,585.058178
-11.80802,50,585.090921
-14.069476,50,585.123034
-16.36884,50,585.154785
-16.719006,50,585.192388
-3.834305,50,585.2249
-15.975145,50,585.258549
-4.010524,50,585.290865
-13.937023,50,585.323626
-15.774544,50,585.355961
-3.860944,50,585.395114
-11.727319,50,585.430994
-11.701199,50,585.476342
-16.103311,50,585.508327
-11.96842,50,585.53896
-8.079994,50,585.56946
-10.286463,50,585.599955
-16.771889,50,585.649556
-10.269178,50,585.684098
-17.114264,50,585.731335
-11.375263,50,586.181842
-17.172406,50,586.22653
-18.565376,50,586.259657
-12.490234,50,586.291692
-8.254716,50,586.33353
-11.22291,50,586.365202
-18.41616,50,586.399273
-5.449065,50,586.43817
-11.73554,50,586.489145
-13.08064,50,586.538769
-16.349031,50,586.592281
-10.532114,50,586.633916
-7.239936,50,586.666258
-10.674152,50,586.698766
-16.536079,50,586.730317
-8.204139,50,586.761906
-20.275441,50,586.793955
-8.980235,50,586.835565
-16.565277,50,586.875473
-17.718624,50,586.914562
-7.845539,50,586.947771
-10.390954,50,586.980092
-10.030879,50,587.01262
-14.271617,50,587.053027
-13.657271,50,587.084701
-15.190632,50,587.116351
-11.305157,50,587.148135
-13.542548,50,587.180917
-5.30017,50,587.21785
-10.510984,50,587.251637
-8.117735,50,587.287147
-12.061967,50,587.318912
-7.930838,50,587.350237
-11.835893,50,587.381604
-9.658224,50,587.435679
-18.983967,50,587.471718
-7.757026,50,587.503839
-17.175278,50,587.536262
-3.348594,50,587.580348
-17.156714,50,587.616521
-6.53279,50,587.663805
-14.217097,50,588.113092
-8.266406,50,588.146059
-9.461433,50,588.179252
-10.444266,50,588.213601
-18.918598,50,588.246974
-17.774653,50,588.27885
-20.075498,50,588.310692
-11.303843,50,588.342274
-16.610225,50,588.373831
-19.982179,50,588.416755
-13.827577,50,588.475507
-9.201468,50,588.529613
-13.327695,50,588.582888
-14.834053,50,588.630361
-9.72069,50,588.668847
-10.618533,50,588.70284
-16.877932,50,588.737419
-16.827905,50,588.77529
-16.12954,50,588.818313
-19.685533,50,588.870705
-4.744558,50,588.906541
-17.150368,50,588.940128
-6.478174,50,588.975266
-11.60899,50,589.008971
-18.366879,50,589.041905
-12.261197,50,589.074928
-15.057509,50,589.119937
-15.086941,50,589.153752
-18.856416,50,589.188132
-10.072505,50,589.222628
-9.153387,50,589.255498
-11.820003,50,589.287324
-16.894078,50,589.326453
-18.637708,50,589.362159
-7.135343,50,589.401736
-10.930031,50,589.441289
-13.897644,50,589.490905
-15.726364,50,589.530839
-6.053298,50,589.573594
-15.380261,50,589.613952
-14.175382,50,589.655665
-13.206966,50,590.122895
-15.821271,50,590.16331
-14.26906,50,590.196914
-12.085302,50,590.238335
-3.567895,50,590.272031
-15.874458,50,590.32369
-14.330706,50,590.357919
-10.576458,50,590.399055
-14.085301,50,590.439651
-11.18368,50,590.473689
-4.437461,50,590.506125
-17.900205,50,590.539649
-8.957122,50,590.571785
-16.366137,50,590.614331
-6.633031,50,590.662794
-8.592472,50,590.700173
-6.779246,50,590.740117
-18.076264,50,590.79463
-16.833396,50,590.829561
-8.49808,50,590.863124
-15.911085,50,590.896614
-8.082733,50,590.929575
-12.509366,50,590.962177
-7.033784,50,590.9951
-5.899802,50,591.026983
-13.904084,50,591.06116
-16.650307,50,591.095542
-12.706016,50,591.130684
-20.207195,50,591.166081
-6.065726,50,591.202678
-10.130512,50,591.237025
-15.431544,50,591.27082
-2.748518,50,591.305737
-13.161323,50,591.341138
-9.588331,50,591.374731
-15.384021,50,591.409092
-9.360704,50,591.46721
-13.975792,50,591.502071
-5.375113,50,591.54021
-18.451796,50,591.577755
-15.097853,50,591.612179
-9.902353,50,592.073245
-8.408084,50,592.1104
-18.842908,50,592.156172
-11.369999,50,592.19065
-12.344226,50,592.229226
-16.67174,50,592.262078
-19.006953,50,592.303681
-14.23233,50,592.337671
-7.535315,50,592.371653
-6.101292,50,592.405808
-15.253481,50,592.439931
-7.600691,50,592.473424
-8.960951,50,592.508742
-5.752383,50,592.541419
-12.925981,50,592.585583
-9.811424,50,592.617803
-4.492119,50,592.648406
-17.411279,50,592.698693
-14.128065,50,592.734582
-17.903538,50,592.772831
-4.330298,50,592.808193
-18.373715,50,592.842993
-13.338265,50,592.879641
-6.948772,50,592.914178
-6.904833,50,592.947559
-10.763318,50,592.982169
-10.553298,50,593.017035
-12.797187,50,593.055845
-16.410408,50,593.097416
-9.589715,50,593.131348
-17.301873,50,593.165787
-17.209173,50,593.199071
-12.963512,50,593.237788
-11.921039,50,593.270571
-11.83033,50,593.302448
-12.790662,50,593.344355
-9.412553,50,593.38263
-18.497922,50,593.414838
-13.48313,50,593.465094
-16.304051,50,593.497355
-6.409213,50,593.539375
-14.8473,50,594.017491
-9.695,50,594.050009
-7.83853,50,594.103152
-14.521938,50,594.148511
-8.380476,50,594.184237
-9.211707,50,594.221812
-6.616044,50,594.260834
-16.638382,50,594.30278
-7.2059,50,594.339162
-7.977033,50,594.37424
-16.609165,50,594.408957
-9.479173,50,594.446267
-10.430553,50,594.484555
-15.006051,50,594.518611
-14.286524,50,594.552697
-5.496457,50,594.589566
-19.562371,50,594.633515
-19.679042,50,594.684986
-9.816284,50,594.738236
-9.369862,50,594.778065
-10.067445,50,594.812525
-8.040061,50,594.859639
-14.448539,50,594.894344
-5.939056,50,594.929273
-13.845184,50,594.963681
-14.263457,50,594.999019
-9.96136,50,595.036038
-12.855198,50,595.075098
-15.432839,50,595.112138
-5.789217,50,595.158914
-10.903949,50,595.200128
-8.776417,50,595.237606
-18.4599,50,595.27469
-14.841048,50,595.312929
-7.798472,50,595.349012
-18.29542,50,595.389881
-17.675622,50,595.425538
-8.621992,50,595.468119
-8.069985,50,595.513081
-12.014919,50,595.565033
-5.458953,50,595.61887
-16.206838,50,596.10053
-9.460692,50,596.135181
-13.170143,50,596.171306
-11.688217,50,596.206192
-8.533928,50,596.241324
-13.270402,50,596.277951
-7.724514,50,596.316296
-7.764732,50,596.351349
-5.984824,50,596.386869
-8.265061,50,596.421111
-3.165312,50,596.471069
-16.62708,50,596.508515
-19.735437,50,596.565898
-11.532775,50,596.602256
-20.352509,50,596.666613
-12.101005,50,596.709235
-17.276165,50,596.745397
-8.951734,50,596.779487
-6.358547,50,596.817797
-13.115022,50,596.851026
-15.659756,50,596.885109
-7.13096,50,596.922335
-10.197242,50,596.956469
-7.542251,50,596.988028
-12.467705,50,597.025516
-15.800193,50,597.061847
-9.750074,50,597.099001
-11.223099,50,597.133066
-9.609706,50,597.167384
-10.714951,50,597.201497
-17.853852,50,597.236683
-17.206019,50,597.269722
-10.635324,50,597.304072
-14.886157,50,597.342269
-6.880843,50,597.378213
-13.302194,50,597.413129
-5.403046,50,597.450025
-15.693205,50,597.488231
-16.059623,50,597.538501
-20.471032,50,597.594427
-14.55392,50,597.652963
-5.75603,50,598.159567
-7.555124,50,598.22365
-14.376263,50,598.286148
-19.079401,50,598.33579
-13.854072,50,598.38449
-10.500365,50,598.418852
-9.59077,50,598.467082
-5.283675,50,598.527252
-19.684594,50,598.582261
-8.581029,50,598.644661
-9.636858,50,598.699124
-16.498113,50,598.75684
-19.211706,50,598.814686
-18.256729,50,598.869213
-10.236548,50,598.927478
-10.086331,50,598.986434
-15.482911,50,599.050081
-7.551174,50,599.114265
-12.973054,50,599.166691
-9.005955,50,599.219224
-7.859546,50,599.27289
-11.74329,50,599.331043
-16.541244,50,599.386483
-9.897968,50,599.445834
-8.082534,50,599.507708
-4.000503,50,599.565929
-5.338485,50,599.625373
-18.162694,50,599.687446
-15.847493,50,599.745813
-13.935451,50,599.802474
-9.037719,50,599.860737
-9.655435,50,599.918926
-18.216073,50,599.979414
-8.298464,50,600.032515
-7.78345,50,600.095578
-13.34931,50,600.149639
-14.629818,50,600.211155
-8.227018,50,600.264406
-14.802278,50,600.326696
-6.992203,50,600.385503
-17.43079,50,600.871802
-9.967072,50,600.934301
-14.891634,50,601.00072
-13.97757,50,601.064425
-9.591557,50,601.120232
-15.137196,50,601.178364
-15.823959,50,601.238829
-8.411034,50,601.29628
-16.603765,50,601.353511
-10.870532,50,601.41948
-6.866134,50,601.480612
-15.922388,50,601.531995
-14.835355,50,601.590223
-9.449801,50,601.642597
-9.400715,50,601.703526
-19.341206,50,601.758656
-5.001586,50,601.819354
-13.612747,50,601.874015
-5.501879,50,601.937928
-15.050264,50,602.000717
-5.009962,50,602.056216
-19.577727,50,602.115659
-8.462518,50,602.168244
-5.227309,50,602.226294
-7.56182,50,602.288832
-19.520584,50,602.340733
-18.799938,50,602.392682
-14.824786,50,602.452557
-14.355257,50,602.511351
-13.894865,50,602.56582
-6.031829,50,602.62176
-15.018564,50,602.684076
-14.767267,50,602.741176
-6.008532,50,602.797699
-19.243376,50,602.859004
-16.685244,50,602.921633
-6.915362,50,602.983703
-15.969157,50,603.038886
-14.070078,50,603.096215
-12.151445,50,603.155438
-10.991202,50,603.212378
-11.471183,50,603.7294
-5.768159,50,603.798542
-5.872383,50,603.855657
-14.427271,50,603.917093
-3.667787,50,603.978968
-10.716697,50,604.036313
-12.488457,50,604.094856
-11.933284,50,604.152531
-16.075201,50,604.209104
-7.979482,50,604.257686
-12.246608,50,604.313361
-13.241061,50,604.371475
-19.671314,50,604.430931
-8.520786,50,604.491077
-17.482341,50,604.554164
-9.949762,50,604.609528
-18.423609,50,604.672138
-10.546316,50,604.728806
-13.975256,50,604.783469
-7.674208,50,604.842365
-5.041361,50,604.899817
-5.671389,50,604.959695
-12.41469,50,605.017667
-10.373678,50,605.071285
-19.752433,50,605.128095
-4.016927,50,605.18054
-8.527351,50,605.238445
-6.582009,50,605.302189
-14.055089,50,605.36255
-16.754774,50,605.425727
-14.160372,50,605.491606
-8.661131,50,605.550494
-17.01023,50,605.612975
-14.887428,50,605.668937
-3.404221,50,605.726347
-15.596242,50,605.785111
-12.89043,50,605.840676
-13.218609,50,605.89428
-13.707297,50,605.953319
-6.519836,50,606.01497
-18.535482,50,606.078879
-14.519669,50,606.588692
-17.428685,50,606.644379
-11.584834,50,606.702832
-8.499106,50,606.755337
-14.546064,50,606.818256
-14.443858,50,606.871944
-18.06211,50,606.936564
-16.791377,50,607.001173
-12.995398,50,607.060127
-17.605651,50,607.118115
-8.540862,50,607.178401
-9.504764,50,607.232359
-18.083585,50,607.288125
-12.877492,50,607.34668
-14.518493,50,607.404871
-8.954556,50,607.466006
-10.948022,50,607.52045
-10.400436,50,607.584752
-11.251181,50,607.640758
-16.934438,50,607.696879
-17.02182,50,607.761695
-9.511968,50,607.823759
-18.256139,50,607.881245
-17.700443,50,607.929679
-10.274226,50,607.98943
-17.298286,50,608.048317
-7.896835,50,608.108503
-5.946744,50,608.169839
-5.255188,50,608.229897
-12.475609,50,608.279982
-7.22636,50,608.344107
-6.159274,50,608.4018
-11.905946,50,608.463422
-13.341078,50,608.523509
-18.774531,50,608.580808
-6.243698,50,608.633295
-5.583599,50,608.685671
-17.982765,50,608.746063
-5.36703,50,608.809273
-9.586527,50,608.863894
-7.401004,50,608.915338
-19.211489,50,609.399151
-11.099381,50,609.46011
-15.670959,50,609.529013
-15.707823,50,609.587586
-13.522159,50,609.649432
-13.5724,50,609.714932
-9.950094,50,609.781951
-18.121558,50,609.83908
-17.187021,50,609.896806
-16.220292,50,609.956619
-9.835019,50,610.013851
-16.722745,50,610.069474
-11.225688,50,610.129204
-7.638823,50,610.187865
-13.883458,50,610.244843
-3.481169,50,610.298823
-8.523846,50,610.358952
-9.523244,50,610.423427
-14.764304,50,610.476722
-18.760484,50,610.536951
-15.723571,50,610.598832
-19.094363,50,610.658041
-10.98344,50,610.713331
-19.637262,50,610.775587
-7.648828,50,610.825864
-9.348285,50,610.887431
-11.301535,50,610.948876
-7.189879,50,611.013472
-17.56343,50,611.070638
-14.344065,50,611.129525
-15.54504,50,611.190657
-6.707794,50,611.252754
-9.630424,50,611.317907
-14.185189,50,611.371215
-13.331827,50,611.435395
-17.017235,50,611.486806
-13.675133,50,611.536381
-10.981602,50,611.593012
-15.305669,50,611.652749
-9.726497,50,611.718591
-12.026387,50,611.768045
-3.923557,50,612.289781
-15.301778,50,612.343641
-8.723946,50,612.398818
-9.224681,50,612.448668
-11.67998,50,612.5154
-10.880177,50,612.578121
-14.251841,50,612.638328
-11.246472,50,612.691856
-15.668889,50,612.74345
-10.573672,50,612.801911
-7.723546,50,612.858698
-6.02421,50,612.910127
-12.008426,50,612.966442
-11.80889,50,613.026239
-5.192483,50,613.087656
-2.669451,50,613.14146
-5.867161,50,613.198705
-18.250471,50,613.256036
-3.140885,50,613.318035
-4.855529,50,613.37465
-8.732888,50,613.431058
-17.966486,50,613.48662
-7.621659,50,613.547768
-4.184482,50,613.605311
-11.762819,50,613.657066
-16.303924,50,613.711808
-15.76333,50,613.76251
-12.777663,50,613.818635
-8.726338,50,613.876861
-14.932628,50,613.934412
-9.371191,50,613.996464
-9.60058,50,614.055028
-7.417485,50,614.106928
-13.361831,50,614.169188
-4.557008,50,614.230707
-15.399485,50,614.290715
-12.771151,50,614.350912
-16.110646,50,614.408229
-10.382989,50,614.469621
-10.258566,50,614.526593
-18.014731,50,614.585123
-12.325164,50,615.080299
-16.827469,50,615.129873
-15.589507,50,615.185782
-10.04137,50,615.243932
-15.098152,50,615.302431
-9.880582,50,615.358629
-6.573579,50,615.417969
-16.792139,50,615.477293
-10.612157,50,615.53281
-6.063869,50,615.58326
-6.168659,50,615.63864
-7.851551,50,615.697331
-14.078733,50,615.750329
-11.859324,50,615.803746
-18.337845,50,615.860809
-8.902145,50,615.918353
-10.340863,50,615.97852
-16.681211,50,616.035767
-13.760693,50,616.100834
-12.781019,50,616.158997
-8.167021,50,616.213932
-18.209554,50,616.272528
-5.418935,50,616.332186
-3.687071,50,616.388392
-2.721123,50,616.449588
-13.618162,50,616.50416
-9.508745,50,616.562263
-14.867252,50,616.624865
-10.873859,50,616.688576
-14.170582,50,616.740699
-15.214902,50,616.804599
-13.803195,50,616.858311
-6.154942,50,616.916321
-16.505006,50,616.971771
-6.543973,50,617.026771
-10.164851,50,617.090268
-3.610281,50,617.145591
-10.902587,50,617.198689
-13.389729,50,617.2628
-4.933408,50,617.33185
-9.44409,50,617.393985
-11.623517,50,617.921917
-19.292984,50,617.978513
-9.088519,50,618.034568
-7.241883,50,618.096179
-15.86074,50,618.151921
-17.551139,50,618.215855
-15.824596,50,618.271842
-15.89006,50,618.328551
-16.10263,50,618.385427
-11.028728,50,618.434253
-13.913177,50,618.500959
-14.495142,50,618.563566
-15.438713,50,618.615458
-2.352319,50,618.679091
-5.185937,50,618.74337
-11.006669,50,618.800736
-15.201926,50,618.863815
-18.554701,50,618.928333
-7.55573,50,618.987955
-7.662595,50,619.043231
-12.461974,50,619.099175
-11.442817,50,619.147519
-4.076739,50,619.204215
-13.774952,50,619.267186
-9.421192,50,619.329297
-19.053997,50,619.385275
-14.304721,50,619.449681
-12.46598,50,619.512567
-8.097797,50,619.571227
-13.726573,50,619.631589
-15.5872,50,619.686025
-14.129159,50,619.749702
-13.205992,50,619.805669
-12.922524,50,619.869446
-9.003471,50,619.932244
-11.9929,50,619.996382
-9.705113,50,620.061194
-6.034081,50,620.121691
-10.985782,50,620.18511
-10.600674,50,620.24729
-17.00516,50,620.302578
-10.762481,50,620.824129
-10.635951,50,620.889259
-11.603074,50,620.95373
-12.865418,50,621.011916
-17.659056,50,621.071331
-12.72171,50,621.131938
-9.954907,50,621.192884
-14.778651,50,621.254538
-10.721438,50,621.318373
-16.906563,50,621.375079
-14.419714,50,621.436301
-9.488715,50,621.500017
-9.11251,50,621.561326
-7.887776,50,621.623762
-6.2431,50,621.684607
-10.51468,50,621.746871
-8.775339,50,621.8135
-11.351497,50,621.879385
-11.079752,50,621.93873
-15.987614,50,622.000271
-19.647565,50,622.056721
-18.132514,50,622.122975
-18.611364,50,622.181936
-14.336944,50,622.243916
-12.579377,50,622.296065
-9.856068,50,622.352874
-19.724534,50,622.410326
-7.454734,50,622.468581
-4.138911,50,622.530305
-14.207784,50,622.587012
-6.774447,50,622.650723
-13.300656,50,622.707743
-13.897954,50,622.769269
-12.887051,50,622.831048
-7.543996,50,622.891736
-7.175982,50,622.952656
-13.047477,50,623.017774
-10.044111,50,623.072726
-5.514665,50,623.136809
-7.530701,50,623.191688
-14.470483,50,623.256386
-5.977539,50,623.76248
-12.018676,50,623.821748
-13.285517,50,623.887709
-11.564512,50,623.945002
-17.228097,50,624.002766
-17.370391,50,624.060093
-13.08763,50,624.120747
-12.723206,50,624.177175
-8.274012,50,624.23137
-16.578065,50,624.285283
-17.891929,50,624.348165
-19.686636,50,624.403809
-10.258387,50,624.4655
-12.889229,50,624.523468
-15.992247,50,624.582508
-14.988194,50,624.641824
-14.733401,50,624.703987
-6.948032,50,624.763944
-18.091977,50,624.829795
-4.079079,50,624.894368
-17.224068,50,624.952501
-19.776073,50,625.008332
-9.969745,50,625.066662
-12.608155,50,625.127345
-11.7028,50,625.182691
-13.530418,50,625.240145
-17.623433,50,625.298717
-3.627465,50,625.354176
-19.211665,50,625.412462
-16.30342,50,625.470031
-9.980189,50,625.531366
-6.871858,50,625.589482
-2.866737,50,625.652092
-5.53538,50,625.713089
-17.311544,50,625.7727
-16.578233,50,625.827323
-10.75889,50,625.8913
-5.453929,50,625.954409
-13.245568,50,626.020083
-4.724049,50,626.084591
-12.146527,50,626.148459
-11.280361,50,626.674481
-14.543956,50,626.735891
-15.736421,50,626.798124
-9.792557,50,626.864881
-16.817624,50,626.924053
-13.741142,50,626.976009
-2.541365,50,627.042526
-5.371007,50,627.104435
-8.455037,50,627.159585
-9.877745,50,627.217297
-7.597105,50,627.282551
-11.638116,50,627.33979
-11.270428,50,627.397234
-9.161051,50,627.456676
-18.652586,50,627.520632
-15.900385,50,627.586487
-5.85177,50,627.652732
-19.772097,50,627.715279
-10.565352,50,627.774848
-15.827752,50,627.823955
-12.534292,50,627.891189
-9.276193,50,627.950687
-9.310948,50,628.010707
-13.232161,50,628.072314
-10.872995,50,628.13143
-10.380342,50,628.195848
-14.004611,50,628.255703
-12.93489,50,628.309424
-12.20498,50,628.372242
-10.575177,50,628.426966
-16.69067,50,628.485285
-13.392234,50,628.543472
-12.417427,50,628.601232
-9.295831,50,628.664485
-11.655866,50,628.724976
-16.425738,50,628.789469
-14.356504,50,628.84573
-2.502347,50,628.903456
-13.305936,50,628.962301
-9.378546,50,629.025597
-11.094454,50,629.094567
-11.27931,50,629.605797
-7.629833,50,629.66283
-7.905845,50,629.726048
-7.400391,50,629.783129
-17.819333,50,629.843853
-16.728067,50,629.89617
-6.487761,50,629.961962
-12.071661,50,630.018013
-18.231192,50,630.075903
-9.752554,50,630.129523
-8.771809,50,630.191468
-8.702761,50,630.25059
-5.481616,50,630.314309
-20.068953,50,630.369963
-9.673816,50,630.435797
-5.643227,50,630.495249
-13.816805,50,630.562209
-4.541454,50,630.620962
-8.343359,50,630.678865
-5.416078,50,630.733521
-2.588592,50,630.794467
-6.689398,50,630.855271
-7.878085,50,630.910811
-7.188816,50,630.958692
-7.21402,50,631.01517
-9.846075,50,631.074945
-12.907336,50,631.132317
-8.629119,50,631.193019
-12.281778,50,631.258296
-18.906065,50,631.315508
-16.683859,50,631.377473
-5.955504,50,631.437173
-9.006571,50,631.49528
-10.946302,50,631.552761
-11.747956,50,631.611125
-7.254585,50,631.672176
-11.530714,50,631.730048
-9.18288,50,631.788817
-8.583536,50,631.846369
-8.651492,50,631.903391
-7.308188,50,631.961695
-9.002229,50,632.479724
-13.005791,50,632.533347
-16.48353,50,632.594527
-11.182265,50,632.659101
-5.778526,50,632.719164
-12.199138,50,632.772371
-6.947513,50,632.829851
-15.906219,50,632.893217
-10.742712,50,632.95286
-8.273529,50,633.007463
-19.392744,50,633.067865
-8.66003,50,633.127874
-5.288824,50,633.185957
-10.934802,50,633.245058
-19.004341,50,633.307362
-8.468345,50,633.363127
-9.059056,50,633.424658
-17.425519,50,633.485379
-15.035194,50,633.540792
-15.913267,50,633.599629
-6.26019,50,633.659715
-9.836693,50,633.714831
-12.672535,50,633.781343
-19.634796,50,633.841162
-5.302051,50,633.900932
-4.164224,50,633.963971
-6.579827,50,634.021305
-8.241802,50,634.085091
-12.233543,50,634.142813
-8.901509,50,634.206247
-8.797712,50,634.261788
-13.707303,50,634.325497
-10.855556,50,634.38812
-15.338644,50,634.445421
-16.622188,50,634.50963
-13.871984,50,634.574021
-10.50365,50,634.625217
-5.360886,50,634.690922
-15.833294,50,634.751919
-14.548799,50,634.812001
-11.274234,50,634.869726
-17.146465,50,635.396363
-11.339349,50,635.453457
-8.746421,50,635.509452
-3.912017,50,635.570076
-18.823997,50,635.625955
-9.322438,50,635.682642
-13.518324,50,635.738631
-16.626038,50,635.796942
-9.636505,50,635.848795
-12.134707,50,635.903978
-15.520257,50,635.96095
-8.060691,50,636.014944
-13.922866,50,636.07734
-16.048116,50,636.137264
-11.644347,50,636.194612
-5.000529,50,636.255759
-7.440107,50,636.318627
-17.135954,50,636.381017
-12.17555,50,636.44538
-14.868198,50,636.503369
-12.352579,50,636.568883
-8.336152,50,636.632012
-18.493342,50,636.695549
-11.209993,50,636.74881
-5.649724,50,636.811428
-9.252101,50,636.867595
-19.383586,50,636.925898
-16.562117,50,636.982198
-17.650273,50,637.037808
-19.781765,50,637.095702
-4.342226,50,637.16631
-9.869248,50,637.221432
-12.486531,50,637.278138
-9.641026,50,637.337274
-8.042675,50,637.397925
-11.383656,50,637.464853
-8.498885,50,637.513363
-4.291307,50,637.570372
-12.053478,50,637.63032
-7.835586,50,637.694466
-12.509086,50,637.755724
-18.408242,50,638.258151
-16.722125,50,638.31435
-4.630442,50,638.373127
-5.23744,50,638.432794
-18.093813,50,638.493838
-7.161902,50,638.555116
-9.027097,50,638.613479
-3.977489,50,638.675816
-8.098195,50,638.737011
-7.487754,50,638.791852
-17.959003,50,638.844759
-9.641132,50,638.90759
-11.820344,50,638.971433
-9.277358,50,639.023705
-9.958738,50,639.077958
-10.71503,50,639.140731
-10.803286,50,639.205451
-14.169542,50,639.264031
-10.386898,50,639.322275
-17.272954,50,639.379249
-11.787451,50,639.449195
-17.550215,50,639.507638
-4.575577,50,639.566801
-6.338602,50,639.626131
-9.2599,50,639.68647
-17.552086,50,639.74632
-12.830823,50,639.811635
-12.551579,50,639.873982
-9.781309,50,639.92225
-8.233102,50,639.979476
-6.397438,50,640.042231
-18.023399,50,640.098718
-12.304406,50,640.15846
-11.43743,50,640.22016
-5.400914,50,640.285749
-19.678611,50,640.338501
-9.803794,50,640.39042
-6.708304,50,640.455326
-6.672878,50,640.516653
-12.426927,50,640.576211
-9.018278,50,640.640032
-11.244727,50,641.138873
-13.781635,50,641.196443
-11.725772,50,641.254804
-5.956976,50,641.31236
-8.839372,50,641.372793
-11.297707,50,641.430406
-16.548128,50,641.480983
-10.647531,50,641.543006
-6.036663,50,641.60479
-5.380889,50,641.662369
-12.869735,50,641.7206
-10.756164,50,641.780645
-3.46275,50,641.837246
-14.209543,50,641.895342
-18.021626,50,641.9561
-10.082971,50,642.019814
-8.197746,50,642.078926
-20.168604,50,642.138079
-11.591825,50,642.202342
-2.507705,50,642.264115
-18.014686,50,642.324189
-2.684269,50,642.382746
-10.5742,50,642.439091
-6.700138,50,642.504329
-8.838203,50,642.563485
-18.425097,50,642.622933
-15.748532,50,642.682691
-7.442507,50,642.739134
-12.590669,50,642.796698
-6.814224,50,642.860964
-4.878882,50,642.919731
-2.150621,50,642.983316
-14.57692,50,643.045248
-17.991711,50,643.105266
-17.52288,50,643.169403
-14.808019,50,643.235204
-9.69992,50,643.295441
-15.896287,50,643.354064
-17.626465,50,643.409523
-13.638183,50,643.463784
-3.252664,50,643.525881
-6.675873,50,644.037448
-19.788717,50,644.08998
-19.289179,50,644.149563
-16.579576,50,644.206913
-14.545973,50,644.267254
-11.604913,50,644.326499
-8.506166,50,644.38762
-14.169045,50,644.454039
-13.535864,50,644.518954
-15.097035,50,644.580412
-12.046462,50,644.641504
-14.412261,50,644.706504
-13.418084,50,644.770463
-16.144269,50,644.825053
-18.380721,50,644.88733
-16.967618,50,644.948182
-7.729776,50,645.009193
-14.792532,50,645.067499
-13.987655,50,645.131834
-9.558598,50,645.189717
-15.46823,50,645.248375
-7.977059,50,645.30847
-5.380026,50,645.369585
-13.108002,50,645.431858
-9.924513,50,645.490253
-10.433545,50,645.554519
-14.320336,50,645.620269
-6.255454,50,645.677577
-14.623455,50,645.73658
-12.19891,50,645.798627
-12.248046,50,645.860183
-10.564051,50,645.918339
-9.400916,50,645.979439
-13.588017,50,646.04061
-7.117674,50,646.109509
-5.245841,50,646.168351
-11.729881,50,646.23234
-8.772388,50,646.297338
-6.551648,50,646.347936
-17.2583,50,646.412868
-12.160377,50,646.474095
-12.964699,50,647.008696
-6.722857,50,647.066994
-12.70108,50,647.126681
-15.689227,50,647.185084
-15.643136,50,647.24329
-7.495079,50,647.30062
-15.045222,50,647.35784
-3.000854,50,647.420243
-15.749183,50,647.484484
-4.168992,50,647.55124
-10.419843,50,647.61601
-2.770267,50,647.672535
-7.673109,50,647.731528
-8.249924,50,647.780472
-13.210882,50,647.83623
-8.637302,50,647.899814
-17.34611,50,647.958973
-7.123268,50,648.021098
-17.968963,50,648.084407
-10.248524,50,648.138429
-10.814407,50,648.198987
-9.62023,50,648.258356
-5.75402,50,648.319712
-8.975422,50,648.382653
-19.294063,50,648.429779
-9.154107,50,648.493772
-14.164997,50,648.558708
-3.30141,50,648.62613
-8.305489,50,648.6892
-13.899194,50,648.740933
-18.950655,50,648.794355
-16.401255,50,648.852605
-13.414449,50,648.91293
-7.349798,50,648.96921
-11.165654,50,649.023073
-9.574916,50,649.080575
-10.557026,50,649.142276
-5.714333,50,649.206456
-12.748877,50,649.271526
-14.582447,50,649.336584
-15.771809,50,649.398206
-3.396458,50,649.906033
-9.249052,50,649.9646
-3.548457,50,650.024697
-7.926061,50,650.078879
-3.360834,50,650.137788
-7.163769,50,650.190222
-13.359706,50,650.249587
-8.93748,50,650.307077
-7.347205,50,650.369503
-4.843944,50,650.42771
-10.322081,50,650.485566
-2.086549,50,650.5469
-8.843575,50,650.613071
-14.058949,50,650.680239
-19.955197,50,650.743869
-6.200442,50,650.810352
-9.245439,50,650.868624
-10.336022,50,650.925461
-14.802256,50,650.981257
-10.817401,50,651.032252
-2.079399,50,651.094292
-9.285102,50,651.156375
-7.841713,50,651.210264
-6.558466,50,651.271387
-13.503069,50,651.330112
-7.893141,50,651.38493
-11.68031,50,651.444335
-17.469149,50,651.503614
-14.318161,50,651.567727
-9.727381,50,651.629856
-16.755219,50,651.692365
-11.944442,50,651.758348
-16.020671,50,651.820573
-8.953254,50,651.879792
-9.466216,50,651.942886
-9.134839,50,652.000112
-6.338709,50,652.063129
-6.348735,50,652.122468
-20.042758,50,652.18822
-13.57421,50,652.252879
-15.615155,50,652.310144
-3.193782,50,652.835615
-4.988671,50,652.901381
-9.483973,50,652.957543
-8.918128,50,653.009887
-15.777599,50,653.058715
-9.137834,50,653.122706
-13.01179,50,653.184465
-9.506381,50,653.240072
-12.846093,50,653.299139
-7.95897,50,653.357604
-16.779231,50,653.413924
-13.378002,50,653.472298
-10.626675,50,653.531062
-16.593288,50,653.588412
-15.2899,50,653.644464
-12.057773,50,653.703001
-9.420117,50,653.767158
-7.625499,50,653.821527
-9.851228,50,653.876718
-10.164409,50,653.93448
-11.079758,50,653.991138
-12.703327,50,654.051242
-8.686411,50,654.11179
-18.581495,50,654.166689
-7.503145,50,654.221998
-6.108973,50,654.278508
-16.879532,50,654.338198
-13.954756,50,654.391961
-8.538233,50,654.450583
-9.260168,50,654.512491
-7.620526,50,654.563734
-3.691425,50,654.611312
-16.237572,50,654.672826
-13.704258,50,654.726516
-3.896867,50,654.783919
-4.080347,50,654.823804
-8.588885,50,654.889664
-16.43396,50,654.935559
-7.267135,50,655.000631
-14.482001,50,655.058393
-4.696624,50,655.116682
-18.81621,50,655.6312
-5.703591,50,655.692435
-5.097109,50,655.761359
-8.542933,50,655.825005
-14.35814,50,655.88157
-13.311857,50,655.938616
-10.446214,50,655.998087
-9.537255,50,656.052774
-5.337856,50,656.108208
-14.417958,50,656.16333
-9.429871,50,656.216891
-8.365368,50,656.272835
-10.170636,50,656.332512
-9.906605,50,656.399667
-17.941488,50,656.458793
-13.559551,50,656.516176
-17.580852,50,656.571683
-15.019591,50,656.633491
-4.875613,50,656.700479
-5.811779,50,656.760326
-10.04882,50,656.821687
-11.563503,50,656.882452
-7.545167,50,656.94166
-19.508731,50,656.998517
-7.448647,50,657.058044
-5.534895,50,657.113277
-16.77602,50,657.173792
-16.484606,50,657.237384
-12.095891,50,657.296245
-13.856943,50,657.353758
-16.218917,50,657.410089
-16.058673,50,657.470096
-13.584617,50,657.533067
-2.697648,50,657.591906
-16.650893,50,657.649201
-17.966606,50,657.708545
-13.333667,50,657.7636
-10.845241,50,657.821538
-7.801123,50,657.880932
-13.556995,50,657.929628
-12.271279,50,657.970289
-6.037824,50,658.474699
-9.953307,50,658.536716
-11.57297,50,658.598374
-5.367438,50,658.664204
-4.460056,50,658.725623
-17.73073,50,658.782552
-14.663018,50,658.838194
-16.094689,50,658.890329
-15.979063,50,658.94657
-6.303926,50,659.007468
-8.797569,50,659.068575
-14.5422,50,659.132699
-16.27963,50,659.191092
-9.046749,50,659.250566
-13.100834,50,659.302943
-9.250467,50,659.361279
-16.7522,50,659.414312
-15.764478,50,659.47527
-6.150649,50,659.530705
-5.675388,50,659.58224
-5.648928,50,659.638933
-8.87882,50,659.693097
-10.570303,50,659.74994
-17.621135,50,659.809239
-17.909329,50,659.870355
-17.403379,50,659.927953
-5.378985,50,659.979879
-5.289534,50,660.017016
-4.836808,50,660.068283
-14.689189,50,660.113208
-6.447615,50,660.170991
-11.313998,50,660.216675
-18.866189,50,660.258095
-9.648868,50,660.310684
-14.549971,50,660.360272
-13.474744,50,660.407653
-13.532487,50,660.461185
-10.229583,50,660.51628
-9.032045,50,660.576378
-14.68218,50,660.640473
-9.818935,50,660.694548
-7.580187,50,661.210965
-9.596045,50,661.268364
-15.971846,50,661.329648
-5.270667,50,661.391295
-16.643593,50,661.45235
-13.352536,50,661.505054
-9.056644,50,661.561517
-14.373016,50,661.620718
-15.874512,50,661.675984
-2.870479,50,661.733683
-12.882254,50,661.791994
-12.428127,50,661.850887
-17.677088,50,661.915562
-9.717014,50,661.977138
-8.361666,50,662.029349
-19.369212,50,662.086544
-7.932448,50,662.149601
-12.176741,50,662.201422
-8.883657,50,662.261136
-2.061183,50,662.326314
-16.045709,50,662.377728
-11.524102,50,662.436299
-5.06942,50,662.496067
-14.943111,50,662.550803
-14.033704,50,662.613668
-8.841325,50,662.668077
-18.742221,50,662.721604
-7.094676,50,662.778463
-19.040185,50,662.833684
-14.350563,50,662.887734
-18.863906,50,662.946661
-8.346967,50,663.005706
-17.347209,50,663.064646
-5.020665,50,663.125482
-16.886313,50,663.186842
-15.865919,50,663.238119
-7.802724,50,663.296674
-9.895591,50,663.349499
-9.215281,50,663.403167
-19.306948,50,663.450647
-16.135266,50,663.516466
-5.76939,50,664.029904
-5.257906,50,664.088224
-11.172498,50,664.143171
-10.436316,50,664.206973
-11.457963,50,664.267307
-12.6771,50,664.322149
-14.549184,50,664.39002
-12.708335,50,664.454387
-17.37819,50,664.51234
-16.6306,50,664.578952
-4.023457,50,664.638247
-6.268371,50,664.705223
-15.680877,50,664.768175
-15.196271,50,664.825567
-15.325085,50,664.891008
-12.465703,50,664.957476
-14.601954,50,665.023912
-10.645939,50,665.079846
-18.565657,50,665.138667
-18.003181,50,665.202316
-9.630792,50,665.260522
-14.168107,50,665.32252
-11.016814,50,665.386332
-3.836396,50,665.444116
-7.911973,50,665.497535
-7.278446,50,665.560607
-12.407283,50,665.621109
-7.891306,50,665.682102
-14.898859,50,665.745991
-8.5211,50,665.81172
-8.907377,50,665.876152
-18.110201,50,665.938501
-6.013942,50,666.004977
-3.797691,50,666.073268
-4.673205,50,666.131968
-17.614853,50,666.191618
-12.919361,50,666.256289
-9.8747,50,666.312081
-7.484244,50,666.377615
-13.088453,50,666.442995
-11.749948,50,666.504812
-14.798401,50,667.021538
-15.282939,50,667.079773
-7.02387,50,667.139952
-6.837358,50,667.204286
-16.162586,50,667.2676
-7.379663,50,667.323111
-7.484851,50,667.37942
-15.027653,50,667.431402
-14.756101,50,667.489816
-1.847683,50,667.548248
-11.924738,50,667.601617
-8.849172,50,667.658622
-16.464562,50,667.716494
-13.706005,50,667.774887
-9.783886,50,667.830979
-13.800377,50,667.885074
-14.744451,50,667.946794
-14.882249,50,668.005431
-11.817112,50,668.059424
-6.592423,50,668.118454
-19.445229,50,668.180876
-11.344511,50,668.233264
-14.531667,50,668.288332
-10.275946,50,668.344926
-12.957927,50,668.405753
-14.022809,50,668.450497
-12.040083,50,668.508607
-7.296222,50,668.564687
-14.584227,50,668.621016
-2.577827,50,668.6799
-12.112441,50,668.740588
-16.841465,50,668.796118
-8.427579,50,668.849497
-12.432704,50,668.908666
-9.848952,50,668.966528
-15.456579,50,669.021129
-11.159275,50,669.08215
-12.034538,50,669.12573
-11.322908,50,669.161001
-15.878513,50,669.200835
-17.59343,50,669.253135
-14.716125,50,669.764508
-17.464443,50,669.830708
-11.676125,50,669.891783
-10.112698,50,669.963057
-16.118896,50,670.021794
-13.445418,50,670.082234
-15.918906,50,670.142604
-17.128629,50,670.207157
-9.085066,50,670.267382
-7.051079,50,670.332441
-7.757253,50,670.39358
-7.763382,50,670.448699
-12.330405,50,670.510269
-10.949386,50,670.577717
-8.786258,50,670.644139
-14.085117,50,670.72819
-16.496545,50,670.788695
-19.035746,50,670.85015
-8.089486,50,670.912231
-14.888137,50,670.976115
-12.44352,50,671.034651
-11.971511,50,671.097516
-14.251889,50,671.15849
-10.407252,50,671.214732
-8.917863,50,671.274882
-10.352722,50,671.335486
-3.536268,50,671.39497
-10.879184,50,671.455562
-12.827768,50,671.517835
-11.094198,50,671.585144
-18.336307,50,671.650103
-15.915706,50,671.713794
-12.58955,50,671.776569
-4.467899,50,671.843065
-16.50509,50,671.896255
-14.668512,50,671.953446
-18.392478,50,672.019465
-6.638489,50,672.080343
-15.275514,50,672.130132
-11.168836,50,672.168911
-3.440467,50,672.632409
-14.244077,50,672.682877
-11.566773,50,672.739832
-11.371272,50,672.872845
-14.448704,50,672.930325
-15.320526,50,672.980459
-13.250568,50,673.028834
-7.97157,50,673.073678
-6.291341,50,673.114532
-7.106859,50,673.172225
-6.187396,50,673.225746
-11.72358,50,673.269011
-12.456786,50,673.312045
-6.217224,50,673.357327
-15.925639,50,673.413445
-13.751656,50,673.460726
-14.266609,50,673.494468
-18.411617,50,673.528505
-8.867557,50,673.570065
-9.778944,50,673.612181
-5.783444,50,673.648843
-12.846709,50,673.684442
-4.912904,50,673.724232
-13.249328,50,673.777833
-8.835607,50,673.832318
-9.845585,50,673.882681
-13.212752,50,673.922462
-9.727394,50,673.96518
-17.077904,50,674.007359
-3.832461,50,674.055489
-13.470676,50,674.094962
-14.947855,50,674.143881
-7.263481,50,674.194683
-5.668734,50,674.243839
-19.876975,50,674.278484
-17.50109,50,674.31602
-12.666668,50,674.34977
-9.067727,50,674.3891
-8.459556,50,674.426443
-11.317681,50,674.460132
-17.955153,50,674.49151
-8.315435,50,674.93477
-15.225157,50,674.981954
-7.323662,50,675.021164
-7.864427,50,675.054707
-14.435417,50,675.087832
-11.821886,50,675.125503
-6.795671,50,675.159249
-2.181282,50,675.192619
-18.496321,50,675.225926
-13.686197,50,675.27626
-18.324947,50,675.328238
-12.822126,50,675.361387
-7.666034,50,675.393305
-14.214582,50,675.425663
-14.000311,50,675.458476
-3.31949,50,675.49705
-15.938084,50,675.534327
-5.029342,50,675.585217
-10.870438,50,675.636093
-8.717462,50,675.66873
-7.506915,50,675.70146
-5.722843,50,675.738455
-5.881678,50,675.77151
-14.662726,50,675.80352
-7.748551,50,675.835725
-17.38078,50,675.868597
-5.952879,50,675.904382
-13.806624,50,675.94222
-5.222045,50,675.992334
-5.621519,50,676.02871
-9.838544,50,676.076282
-14.641618,50,676.109255
-1.804041,50,676.143863
-12.322056,50,676.182229
-12.104746,50,676.271115
-13.011642,50,676.331247
-16.194699,50,676.374347
-13.879049,50,676.425028
-7.097706,50,676.463762
-15.224479,50,676.507673
-16.769837,50,676.547964
-16.281196,50,677.012178
-18.91893,50,677.044747
-18.484539,50,677.075974
-7.673221,50,677.107015
-12.622481,50,677.14007
-14.229145,50,677.171914
-10.29489,50,677.203709
-14.453198,50,677.253388
-2.791451,50,677.294758
-9.852653,50,677.330154
-13.847223,50,677.375129
-12.901356,50,677.416288
-12.62824,50,677.459188
-16.741502,50,677.506824
-7.694884,50,677.53967
-16.248669,50,677.581998
-14.628637,50,677.628438
-3.45734,50,677.663629
-18.463709,50,677.695965
-7.833752,50,677.72866
-17.513744,50,677.76195
-14.623685,50,677.796846
-12.720588,50,677.834121
-4.208273,50,677.86603
-17.952703,50,677.90236
-15.412265,50,677.934675
-18.57603,50,677.967853
-3.075643,50,678.000088
-18.217543,50,678.042725
-7.738769,50,678.088352
-9.628211,50,678.126531
-15.523756,50,678.165263
-8.756719,50,678.202194
-13.749675,50,678.247447
-8.824892,50,678.301661
-8.620749,50,678.342368
-15.035059,50,678.392921
-7.886934,50,678.442709
-17.033739,50,678.493803
-12.305898,50,678.534983
-19.362578,50,678.585769
-17.382303,50,679.283736
-15.113791,50,679.366868
-13.29607,50,679.446683
-5.012363,50,679.518213
-8.796144,50,679.590801
-14.182575,50,679.662583
-7.704715,50,679.735479
-3.428794,50,679.80371
-10.294625,50,679.873184
-11.378732,50,679.938988
-7.677042,50,680.006673
-15.525148,50,680.075719
-7.559722,50,680.149493
-4.387422,50,680.221729
-10.699324,50,680.294655
-18.569824,50,680.365457
-13.008734,50,680.43678
-10.206338,50,680.506124
-10.059408,50,680.574248
-4.091541,50,680.641166
-16.085091,50,680.714287
-10.984665,50,680.788944
-5.437532,50,680.859978
-7.274047,50,680.928937
-11.529279,50,680.998041
-8.292043,50,681.066064
-18.510027,50,681.135499
-9.095322,50,681.20521
-12.844914,50,681.274544
-5.267721,50,681.34331
-10.080527,50,681.417023
-13.40722,50,681.487447
-12.681789,50,681.560251
-4.007976,50,681.633223
-16.035815,50,681.703958
-10.84573,50,681.773629
-9.5657,50,681.845752
-6.152486,50,681.915803
-16.379243,50,681.984817
-14.247362,50,682.054309
-16.525608,50,682.121797
-7.332816,50,683.079196
-15.580972,50,683.1521
-8.941271,50,683.199078
-19.026299,50,683.236809
-14.611827,50,683.269141
-3.256825,50,683.302517
-7.908518,50,683.336774
-3.669661,50,683.369699
-3.615928,50,683.423334
-13.948088,50,683.497564
-15.391009,50,683.569459
-12.131873,50,683.638367
-13.263227,50,683.708325
-7.844707,50,683.779467
-16.740251,50,683.84749
-9.392231,50,683.918048
-4.898906,50,683.988492
-8.628257,50,684.057056
-11.967976,50,684.131378
-15.54048,50,684.205966
-5.61775,50,684.275886
-11.81132,50,684.34267
-13.28577,50,684.411578
-6.989223,50,684.481173
-16.917729,50,684.5517
-14.506293,50,684.623398
-9.20275,50,684.69523
-14.940696,50,684.769222
-10.744629,50,684.840177
-12.05437,50,684.910924
-8.414628,50,684.980344
-10.325556,50,685.049662
-8.771042,50,685.118507
-10.552909,50,685.189101
-17.904073,50,685.258168
-9.335451,50,685.327358
-9.50701,50,685.400957
-10.970948,50,685.470415
-5.999666,50,685.54102
-6.5825,50,685.612236
-15.029324,50,685.682507
-14.490811,50,686.61928
-13.661823,50,686.693753
-5.437488,50,686.770772
-12.758094,50,686.838191
-13.494341,50,686.905866
-6.385403,50,686.973879
-13.378206,50,687.046803
-14.90711,50,687.116553
-10.11908,50,687.186671
-14.614519,50,687.25719
-7.663035,50,687.329403
-13.857652,50,687.399724
-16.751354,50,687.468391
-11.770369,50,687.539506
-8.11586,50,687.604919
-13.563383,50,687.673225
-5.669996,50,687.742398
-7.650937,50,687.814639
-9.293494,50,687.884696
-4.653845,50,687.957037
-8.771827,50,688.016454
-10.94528,50,688.053265
-12.812914,50,688.089691
-9.628679,50,688.126027
-8.297244,50,688.161171
-9.421186,50,688.196848
-11.26813,50,688.230807
-9.625538,50,688.263792
-7.476575,50,688.297156
-14.655695,50,688.330396
-8.202368,50,688.364319
-4.527631,50,688.39953
-16.016715,50,688.436266
-9.165765,50,688.471809
-9.947683,50,688.508411
-10.47601,50,688.542105
-11.073874,50,688.576819
-12.553774,50,688.610409
-11.921301,50,688.650956
-13.068572,50,688.692692
-8.43385,50,688.73223
-14.035912,50,689.224379
-10.79246,50,689.265922
-6.508627,50,689.313654
-12.928485,50,689.358913
-7.962883,50,689.409176
-13.20672,50,689.451729
-4.200765,50,689.484555
-14.70387,50,689.52944
-11.344142,50,689.564648
-9.442995,50,689.602426
-17.083314,50,689.648982
-7.923413,50,689.707047
-13.218632,50,689.767397
-18.120897,50,689.827535
-2.223046,50,689.886354
-6.914329,50,689.946733
-10.198506,50,690.009329
-9.504384,50,690.067602
-8.693518,50,690.126638
-9.777916,50,690.185436
-16.238303,50,690.244058
-11.266731,50,690.298348
-8.275845,50,690.355732
-15.137274,50,690.405607
-13.679845,50,690.466784
-9.416865,50,690.525226
-14.751068,50,690.576689
-15.070032,50,690.629596
-10.144915,50,690.691872
-2.81217,50,690.731123
-17.929362,50,690.788664
-8.957618,50,690.844642
-17.992451,50,690.903771
-2.818047,50,690.961916
-10.564677,50,691.021512
-14.167262,50,691.080359
-9.187703,50,691.133657
-13.087936,50,691.195873
-8.468689,50,691.260184
-7.73379,50,691.325426
-11.365571,50,691.381584
-15.324832,50,691.857837
-9.464512,50,691.918426
-7.627261,50,691.972899
-11.996923,50,692.030952
-2.983727,50,692.086625
-15.748355,50,692.141782
-3.174391,50,692.196225
-16.7273,50,692.262307
-9.202211,50,692.314663
-7.947182,50,692.371452
-8.725694,50,692.430326
-9.383394,50,692.481107
-9.517587,50,692.535494
-18.958918,50,692.597662
-16.94019,50,692.651552
-1.203713,50,692.71009
-16.472344,50,692.766763
-18.698818,50,692.822269
-6.128494,50,692.866591
-12.661083,50,692.924112
-11.268305,50,692.978377
-7.622236,50,693.027395
-14.211843,50,693.092764
-12.631853,50,693.154893
-7.266959,50,693.209382
-8.601626,50,693.266023
-9.051615,50,693.32907
-9.318809,50,693.377782
-10.011495,50,693.428987
-8.374669,50,693.48539
-8.044437,50,693.53628
-18.821129,50,693.596978
-16.614113,50,693.644831
-12.941641,50,693.702794
-16.028693,50,693.762745
-9.010342,50,693.807794
-15.321228,50,693.854609
-8.745946,50,693.911517
-8.646336,50,693.966063
-9.205853,50,694.024811
-11.524336,50,694.082175
-8.336132,50,694.561756
-15.066652,50,694.616384
-8.978208,50,694.674357
-17.549217,50,694.729645
-11.094194,50,694.785527
-8.704602,50,694.838897
-10.284252,50,694.899227
-7.569043,50,694.965104
-9.500179,50,695.020107
-11.297558,50,695.07509
-7.001938,50,695.126028
-8.322483,50,695.186921
-10.357846,50,695.249298
-16.303281,50,695.30605
-13.70196,50,695.360748
-7.877699,50,695.412125
-10.763281,50,695.462975
-12.969642,50,695.515558
-12.378757,50,695.570376
-15.845225,50,695.629501
-3.619041,50,695.683901
-10.791619,50,695.734847
-9.048255,50,695.789432
-10.459734,50,695.843425
-6.205649,50,695.898759
-7.258666,50,695.958903
-11.488453,50,696.009383
-8.232117,50,696.062398
-10.708599,50,696.122258
-6.875387,50,696.174698
-12.594645,50,696.235237
-17.164493,50,696.302886
-13.473474,50,696.36582
-9.249946,50,696.415985
-6.618837,50,696.473945
-5.64016,50,696.520659
-19.057072,50,696.576673
-8.69439,50,696.636536
-9.039656,50,696.694609
-8.825785,50,696.753431
-6.32199,50,696.806109
-3.136084,50,697.269532
-5.768985,50,697.321142
-10.670821,50,697.371469
-7.22057,50,697.435287
-10.163804,50,697.499879
-13.053432,50,697.562554
-5.91976,50,697.613885
-12.191995,50,697.677799
-14.721174,50,697.729314
-8.53336,50,697.781444
-11.891341,50,697.839411
-8.385942,50,697.892562
-8.673657,50,697.944434
-12.24383,50,698.000567
-6.263085,50,698.062113
-2.732737,50,698.119
-15.813888,50,698.172961
-12.577109,50,698.227627
-6.611197,50,698.28116
-8.86019,50,698.340835
-11.122057,50,698.3977
-9.401695,50,698.452769
-7.285141,50,698.511
-11.926706,50,698.572556
-10.887204,50,698.631538
-7.021553,50,698.683594
-12.501686,50,698.740277
-6.549309,50,698.792453
-10.090373,50,698.849569
-4.096168,50,698.900701
-9.081917,50,698.957608
-2.530681,50,699.009883
-7.058375,50,699.069657
-12.43951,50,699.129619
-8.029139,50,699.191047
-7.357481,50,699.23843
-5.690483,50,699.288815
-10.283635,50,699.339276
-8.616116,50,699.405735
-5.483379,50,699.469931
-12.307263,50,699.526595
-15.706048,50,699.99244
-12.577675,50,700.055739
-4.373319,50,700.110956
-11.442301,50,700.160438
-7.424458,50,700.216032
-14.965202,50,700.273447
-13.681229,50,700.325188
-6.293984,50,700.38552
-8.337799,50,700.448819
-9.42608,50,700.497236
-12.536886,50,700.549248
-7.717808,50,700.60376
-14.569952,50,700.656638
-7.385903,50,700.710115
-8.646894,50,700.762851
-15.995234,50,700.816669
-11.64024,50,700.871604
-9.291095,50,700.92205
-13.324536,50,700.974421
-14.503535,50,701.028959
-9.682925,50,701.079983
-11.981522,50,701.125784
-3.368401,50,701.181592
-5.826126,50,701.236288
-7.468976,50,701.292636
-4.161408,50,701.34456
-8.667352,50,701.399783
-13.671803,50,701.447212
-1.907325,50,701.506736
-8.259702,50,701.564672
-7.825451,50,701.619127
-9.554955,50,701.680648
-10.440821,50,701.744344
-10.7026,50,701.803659
-9.4945,50,701.86231
-14.542926,50,701.919065
-8.419546,50,701.978238
-11.982352,50,702.043977
-7.061393,50,702.101911
-3.869916,50,702.159968
-6.40621,50,702.214705
-15.775507,50,702.690069
-13.874741,50,702.743905
-11.291813,50,702.794788
-7.8799,50,702.855344
-8.274416,50,702.908226
-6.695915,50,702.961802
-4.284895,50,703.020773
-8.17234,50,703.076617
-4.976972,50,703.133259
-2.462545,50,703.187705
-11.08221,50,703.242285
-3.088975,50,703.29088
-5.642587,50,703.348591
-5.384685,50,703.401552
-11.089108,50,703.456079
-5.198712,50,703.50852
-11.068689,50,703.562229
-13.619027,50,703.615226
-3.941834,50,703.671904
-8.284655,50,703.730701
-7.154588,50,703.791296
-12.920973,50,703.840828
-15.535962,50,703.9046
-6.555886,50,703.958292
-4.20382,50,704.011448
-9.334825,50,704.068745
-11.217934,50,704.124728
-12.980738,50,704.182189
-4.387348,50,704.236907
-4.139003,50,704.288049
-14.996754,50,704.343109
-11.237543,50,704.396417
-7.492388,50,704.451312
-14.494091,50,704.508001
-9.647218,50,704.564604
-8.231218,50,704.622073
-17.027319,50,704.670645
-15.306476,50,704.726068
-6.87492,50,704.770741
-8.509124,50,704.830492
-7.598939,50,704.879123
-15.332324,50,705.345544
-13.917734,50,705.399262
-2.585879,50,705.456881
-14.803872,50,705.514684
-6.067997,50,705.568241
-4.745316,50,705.629581
-3.624067,50,705.687386
-2.955409,50,705.748038
-7.05831,50,705.80125
-3.463385,50,705.858566
-13.657241,50,705.91189
-12.700932,50,705.973405
-14.574623,50,706.015298
-9.280099,50,706.074205
-6.438028,50,706.127918
-14.619845,50,706.186648
-11.672909,50,706.245213
-14.243225,50,706.303929
-11.687865,50,706.357964
-2.796424,50,706.403517
-6.920296,50,706.457829
-15.459803,50,706.5172
-8.410753,50,706.570819
-8.011167,50,706.623148
-4.572204,50,706.677492
-14.255333,50,706.731016
-14.234849,50,706.78648
-5.327481,50,706.84274
-3.208706,50,706.899749
-16.04335,50,706.952326
-8.622082,50,707.008201
-17.830642,50,707.065291
-6.76739,50,707.121888
-16.379481,50,707.177554
-4.316255,50,707.235844
-14.204641,50,707.292384
-6.731351,50,707.354821
-16.771664,50,707.404509
-6.507588,50,707.466031
-14.820596,50,707.517358
-15.23305,50,707.573273
-7.633568,50,708.048178
-9.418253,50,708.108236
-8.040515,50,708.176103
-11.313545,50,708.234901
-7.254568,50,708.289836
-10.005971,50,708.34384
-7.00544,50,708.398824
-11.025211,50,708.457042
-9.148432,50,708.512647
-13.253244,50,708.566514
-7.295271,50,708.616405
-5.591507,50,708.670713
-4.276042,50,708.720823
-7.726565,50,708.77796
-17.068143,50,708.829551
-5.539792,50,708.885342
-18.257327,50,708.938548
-8.152161,50,708.995808
-12.808074,50,709.038882
-8.612429,50,709.0919
-7.036679,50,709.149652
-7.507868,50,709.207088
-17.345786,50,709.26427
-10.457086,50,709.317666
-12.298716,50,709.36003
-7.386516,50,709.411725
-11.787514,50,709.464804
-14.938626,50,709.518256
-9.749369,50,709.573296
-7.162588,50,709.639564
-18.050376,50,709.692973
-11.607335,50,709.754514
-10.522623,50,709.813496
-3.480107,50,709.870502
-13.893088,50,709.92224
-7.429762,50,709.979079
-6.444166,50,710.028343
-8.303461,50,710.078902
-6.785312,50,710.133103
-7.815881,50,710.187927
-14.48059,50,710.240552
-7.412843,50,710.724054
-17.300096,50,710.7834
-15.524723,50,710.848034
-9.92724,50,710.901271
-3.269352,50,710.961698
-6.883958,50,711.017652
-15.576066,50,711.073212
-17.106371,50,711.127949
-15.450537,50,711.17469
-6.638997,50,711.227047
-8.117982,50,711.286077
-12.92775,50,711.340878
-10.603087,50,711.392802
-9.262993,50,711.444966
-9.250756,50,711.501016
-19.099993,50,711.558639
-16.450397,50,711.609589
-6.734516,50,711.662863
-14.909095,50,711.714822
-8.312642,50,711.775139
-5.966361,50,711.82833
-11.563498,50,711.889546
-2.556227,50,711.94309
-13.358081,50,712.000869
-10.806755,50,712.055583
-13.979886,50,712.111627
-5.351586,50,712.175732
-9.760806,50,712.226515
-8.366745,50,712.293268
-17.115547,50,712.343932
-11.793266,50,712.405195
-8.304247,50,712.458571
-7.489087,50,712.513344
-18.125011,50,712.566206
-5.404489,50,712.621743
-6.880631,50,712.675644
-7.957257,50,712.730319
-8.202248,50,712.782912
-11.607827,50,712.835149
-8.449786,50,712.888383
-5.057701,50,712.938118
-1.347306,50,713.412544
-7.733551,50,713.469064
-5.310821,50,713.52672
-16.084821,50,713.586188
-7.548889,50,713.639342
-7.398544,50,713.684106
-16.632924,50,713.745842
-13.99873,50,713.795805
-5.545071,50,713.852355
-9.199221,50,713.908639
-13.023115,50,713.953297
-3.350061,50,714.011575
-2.963116,50,714.067997
-13.69086,50,714.116576
-9.24962,50,714.172927
-6.074305,50,714.227934
-8.770603,50,714.286041
-3.057586,50,714.340469
-5.68657,50,714.397388
-11.697653,50,714.450251
-10.08802,50,714.504765
-15.271578,50,714.560814
-7.444592,50,714.616731
-6.70642,50,714.671448
-17.036325,50,714.728482
-15.962672,50,714.781672
-11.030171,50,714.829496
-4.141466,50,714.884403
-5.178261,50,714.933586
-16.103359,50,714.995703
-15.477969,50,715.050539
-9.183094,50,715.108266
-15.811455,50,715.161267
-6.740263,50,715.213986
-16.411327,50,715.271923
-6.33624,50,715.334796
-11.625715,50,715.389511
-6.298766,50,715.444219
-12.913045,50,715.495721
-15.148321,50,715.550877
-6.3921,50,715.595027
-8.216577,50,716.061223
-7.618587,50,716.115874
-5.879229,50,716.179101
-13.928217,50,716.232381
-15.839367,50,716.285838
-11.486665,50,716.341383
-11.045302,50,716.40206
-19.469572,50,716.453718
-2.788226,50,716.510024
-10.715906,50,716.568151
-8.894286,50,716.622535
-16.049477,50,716.676618
-8.695751,50,716.720322
-7.619394,50,716.772619
-18.31154,50,716.828191
-8.033341,50,716.879442
-5.041499,50,716.936557
-14.247299,50,716.984892
-18.217476,50,717.036336
-5.43157,50,717.090595
-6.332475,50,717.143208
-7.813058,50,717.202334
-9.399567,50,717.257252
-16.333847,50,717.311085
-6.504434,50,717.36531
-7.878637,50,717.421891
-7.958895,50,717.478966
-7.443422,50,717.534056
-1.625096,50,717.590056
-15.101164,50,717.645874
-8.895082,50,717.700044
-12.968357,50,717.754456
-12.45604,50,717.809242
-6.973491,50,717.858843
-6.17976,50,717.915745
-7.86265,50,717.96355
-11.651278,50,718.023685
-7.097045,50,718.080958
-7.674343,50,718.131779
-6.648034,50,718.189967
-9.18131,50,718.247365
-8.510407,50,718.707289
-18.672438,50,718.764967
-5.223117,50,718.824559
-9.554763,50,718.882097
-8.180384,50,718.942793
-9.523123,50,719.002455
-7.214384,50,719.059228
-9.648191,50,719.111455
-11.327177,50,719.155592
-19.097023,50,719.208184
-14.134044,50,719.265613
-6.801539,50,719.317388
-8.461663,50,719.375258
-5.575006,50,719.429823
-3.679052,50,719.48264
-4.42982,50,719.539459
-3.753365,50,719.594501
-13.339823,50,719.648469
-6.899167,50,719.703116
-6.526763,50,719.759092
-10.655818,50,719.813904
-7.838251,50,719.868307
-18.658572,50,719.923709
-9.179182,50,719.981753
-12.003528,50,720.038997
-5.508863,50,720.096753
-17.406274,50,720.156554
-10.543939,50,720.220903
-3.405203,50,720.274917
-6.245124,50,720.332694
-14.02616,50,720.390293
-18.356825,50,720.441698
-14.353401,50,720.494721
-16.890787,50,720.548567
-14.917817,50,720.614913
-7.679457,50,720.682177
-11.08957,50,720.738592
-11.177025,50,720.79998
-4.316967,50,720.861721
-5.67334,50,720.91233
-7.872184,50,720.974312
-9.241924,50,721.460519
-2.246798,50,721.521362
-3.204454,50,721.571333
-13.084086,50,721.62478
-8.559944,50,721.685112
-13.302675,50,721.745111
-4.583196,50,721.802676
-16.58514,50,721.854564
-18.48592,50,721.910959
-10.918893,50,721.965735
-4.991883,50,722.016356
-8.429898,50,722.077912
-6.708057,50,722.132252
-17.584789,50,722.193866
-5.73673,50,722.25226
-10.200961,50,722.301978
-5.946225,50,722.360302
-8.399537,50,722.413942
-10.639153,50,722.467245
-6.032175,50,722.523885
-7.811948,50,722.574914
-11.550762,50,722.631074
-5.499184,50,722.686361
-7.361911,50,722.740869
-13.086644,50,722.775081
-9.044404,50,722.835118
-12.085158,50,722.900495
-9.612432,50,722.945886
-15.707872,50,722.999961
-4.811951,50,723.059047
-18.19816,50,723.112029
-5.768262,50,723.170292
-4.368716,50,723.223181
-3.563378,50,723.277884
-16.807697,50,723.326786
-8.019351,50,723.385991
-5.99171,50,723.440141
-9.381486,50,723.497433
-12.584722,50,723.552866
-6.470815,50,723.613221
-14.400391,50,723.670708
-14.061121,50,724.146338
-8.958869,50,724.203813
-3.242578,50,724.259715
-12.278404,50,724.314556
-11.498403,50,724.373473
-15.786844,50,724.429307
-5.000649,50,724.49148
-4.686472,50,724.545209
-18.120375,50,724.59853
-14.927857,50,724.651132
-11.757228,50,724.707921
-9.079052,50,724.767575
-6.861476,50,724.822893
-9.921872,50,724.877809
-11.906783,50,724.931833
-8.583513,50,724.988031
-13.877727,50,725.034255
-5.631745,50,725.092565
-14.699198,50,725.151888
-10.835003,50,725.207785
-6.067442,50,725.261308
-19.435996,50,725.31862
-15.804551,50,725.373173
-11.082399,50,725.432028
-2.726052,50,725.479045
-11.592405,50,725.535104
-4.580983,50,725.593868
-6.006825,50,725.656635
-10.356402,50,725.704395
-16.685564,50,725.764661
-15.259133,50,725.813498
-14.409977,50,725.872784
-10.543465,50,725.926709
-15.276866,50,725.973961
-10.76951,50,726.034878
-6.400464,50,726.083651
-2.025572,50,726.146249
-9.700742,50,726.202128
-9.034019,50,726.261733
-11.132067,50,726.324814
-4.882447,50,726.377903
-11.891938,50,726.847855
-2.564581,50,726.901901
-3.977799,50,726.964831
-7.786411,50,727.029912
-9.339765,50,727.091998
-8.883909,50,727.154924
-8.265784,50,727.218237
-4.793251,50,727.270164
-14.787642,50,727.33059
-9.981788,50,727.382617
-10.799914,50,727.431972
-3.448286,50,727.492054
-7.188699,50,727.547246
-4.938191,50,727.602419
-11.606714,50,727.653849
-4.828583,50,727.710709
-12.579045,50,727.764373
-9.216125,50,727.822322
-14.038537,50,727.876424
-4.75705,50,727.935967
-12.423529,50,727.996254
-9.130693,50,728.058007
-14.492855,50,728.112536
-8.802863,50,728.167322
-5.246107,50,728.228623
-13.978993,50,728.287804
-4.028885,50,728.342194
-4.122149,50,728.401801
-11.353067,50,728.461052
-3.923806,50,728.519452
-16.3572,50,728.573419
-3.538162,50,728.627943
-11.060005,50,728.682445
-6.261482,50,728.739362
-10.133306,50,728.79681
-14.21191,50,728.851259
-18.349925,50,728.904035
-3.899658,50,728.954738
-4.149869,50,729.015274
-9.440852,50,729.064684
-8.385694,50,729.118069
-10.551514,50,729.58427
-11.336145,50,729.63991
-17.037964,50,729.689471
-8.125453,50,729.749028
-12.015252,50,729.808331
-7.845081,50,729.864511
-14.055186,50,729.919534
-16.291481,50,729.974227
-4.571754,50,730.036153
-12.563158,50,730.091158
-12.340984,50,730.146639
-9.647957,50,730.200734
-9.497394,50,730.261203
-5.243325,50,730.316479
-14.230421,50,730.376204
-6.516696,50,730.429624
-7.226272,50,730.490161
-8.947268,50,730.549794
-13.680183,50,730.605255
-14.502967,50,730.667159
-6.550427,50,730.723159
-8.505413,50,730.777074
-10.130302,50,730.842375
-15.939641,50,730.884841
-8.604962,50,730.938669
-13.272906,50,730.992214
-5.536917,50,731.047378
-18.635182,50,731.101275
-5.598896,50,731.153296
-12.163349,50,731.213142
-13.748625,50,731.265465
-6.391362,50,731.325461
-4.908686,50,731.376211
-5.698429,50,731.436083
-16.021582,50,731.492022
-14.84251,50,731.546611
-17.416561,50,731.606325
-10.758836,50,731.657732
-6.180095,50,731.713817
-8.081888,50,731.769625
-9.337909,50,731.82649
-8.554208,50,732.309087
-8.354015,50,732.368577
-16.277787,50,732.428305
-16.127764,50,732.485521
-8.933979,50,732.547327
-10.174365,50,732.603116
-10.775439,50,732.666964
-11.097927,50,732.720204
-11.832874,50,732.775059
-10.23313,50,732.826129
-6.877678,50,732.881709
-2.649733,50,732.93778
-8.888732,50,732.985566
-17.352182,50,733.035397
-11.461027,50,733.101141
-6.297317,50,733.155948
-16.743998,50,733.217512
-8.266018,50,733.2755
-17.711745,50,733.331435
-14.021068,50,733.38432
-10.518175,50,733.445819
-8.721107,50,733.500424
-5.557332,50,733.559986
-6.519063,50,733.603309
-8.400196,50,733.653246
-17.195384,50,733.716431
-8.581556,50,733.772964
-4.899593,50,733.829672
-8.14288,50,733.881592
-6.882896,50,733.924983
-8.626948,50,733.981383
-3.165411,50,734.037663
-8.219626,50,734.087502
-6.673565,50,734.140868
-10.202499,50,734.194873
-10.43235,50,734.257187
-9.878479,50,734.307625
-11.230346,50,734.362646
-3.507126,50,734.419928
-10.620795,50,734.479065
-17.278937,50,734.539776
-4.939811,50,735.035234
-14.986833,50,735.091259
-4.597701,50,735.145537
-7.322956,50,735.203002
-10.45376,50,735.258901
-9.942576,50,735.321632
-6.315307,50,735.370986
-5.078503,50,735.424483
-10.746288,50,735.483003
-11.260392,50,735.534072
-7.713614,50,735.586217
-5.588042,50,735.64607
-14.419327,50,735.703348
-14.295588,50,735.758663
-13.019832,50,735.80874
-7.901033,50,735.861728
-3.081955,50,735.910744
-8.318615,50,735.96949
-12.647736,50,736.017118
-10.512536,50,736.081376
-9.985418,50,736.134896
-14.722411,50,736.194144
-15.248063,50,736.256132
-9.202871,50,736.310396
-7.63665,50,736.369223
-4.529266,50,736.421519
-15.369543,50,736.472979
-8.286585,50,736.52849
-16.273673,50,736.587069
-19.179184,50,736.643053
-7.435517,50,736.698591
-15.204617,50,736.756196
-7.103018,50,736.810681
-7.836453,50,736.865308
-11.851588,50,736.921242
-2.109302,50,736.976917
-18.64986,50,737.038672
-7.930861,50,737.08164
-5.779022,50,737.120184
-2.435268,50,737.1797
-11.234469,50,737.239564
-12.845651,50,737.716414
-5.759406,50,737.769518
-10.769531,50,737.829205
-7.540295,50,737.886673
-7.416661,50,737.94481
-5.291721,50,738.008408
-18.525748,50,738.065356
-7.087199,50,738.117472
-11.461756,50,738.176035
-7.944553,50,738.21728
-6.236741,50,738.276064
-14.841924,50,738.334337
-7.951389,50,738.393868
-5.490384,50,738.437066
-15.008933,50,738.49663
-15.509315,50,738.55214
-17.656759,50,738.610659
-4.767653,50,738.667736
-7.006216,50,738.724827
-6.072952,50,738.77316
-11.020272,50,738.828317
-17.479607,50,738.880444
-10.089574,50,738.9357
-7.962772,50,738.988603
-3.678509,50,739.044666
-16.72999,50,739.098743
-5.343188,50,739.149331
-11.368502,50,739.199286
-5.338914,50,739.258451
-9.487239,50,739.319368
-6.092261,50,739.375644
-11.431658,50,739.433274
-8.917218,50,739.485021
-6.469946,50,739.538862
-7.396771,50,739.604133
-4.134924,50,739.658355
-4.670185,50,739.710373
-5.77922,50,739.763366
-18.284225,50,739.819531
-14.45979,50,739.868163
-13.222312,50,740.349484
-10.583536,50,740.41065
-2.96905,50,740.463236
-8.460947,50,740.517628
-9.439053,50,740.575858
-2.471591,50,740.632246
-15.784497,50,740.671138
-8.848268,50,740.731349
-5.78447,50,740.784005
-4.897149,50,740.843762
-5.347105,50,740.902753
-10.716253,50,740.963121
-16.801222,50,741.010974
-6.249551,50,741.069108
-4.909268,50,741.132444
-7.167182,50,741.187778
-9.966878,50,741.249586
-7.135496,50,741.306097
-6.088667,50,741.363143
-18.738744,50,741.42337
-12.791109,50,741.477932
-10.2088,50,741.533424
-3.664329,50,741.589734
-16.162538,50,741.65534
-15.628459,50,741.708152
-10.119191,50,741.756669
-11.473973,50,741.815827
-6.94813,50,741.869077
-7.885285,50,741.927274
-12.617341,50,741.982521
-11.582105,50,742.038614
-15.986749,50,742.094348
-11.243588,50,742.154997
-13.142087,50,742.210455
-8.440728,50,742.267566
-6.163926,50,742.329609
-6.205621,50,742.398487
-9.24001,50,742.454259
-12.166469,50,742.519583
-3.018873,50,742.576553
-4.929151,50,742.643102
-7.935541,50,743.161565
-4.686876,50,743.229127
-4.932609,50,743.288621
-6.750038,50,743.340368
-10.744763,50,743.404323
-9.51687,50,743.468454
-14.289716,50,743.528194
-6.720191,50,743.586914
-5.232255,50,743.649181
-6.042584,50,743.711463
-7.056239,50,743.776123
-2.446391,50,743.835372
-10.440921,50,743.888407
-2.55827,50,743.948329
-10.947599,50,744.006087
-16.492393,50,744.067336
-6.703204,50,744.13092
-4.927558,50,744.196367
-14.462687,50,744.252821
-15.650244,50,744.31254
-17.809883,50,744.366171
-10.841997,50,744.415227
-4.155652,50,744.47424
-5.817869,50,744.531564
-5.876272,50,744.588717
-5.957264,50,744.649269
-7.587383,50,744.711527
-9.408297,50,744.773853
-6.429304,50,744.829233
-11.264643,50,744.880404
-18.150021,50,744.939598
-10.409613,50,745.005647
-3.240607,50,745.072167
-10.840131,50,745.140331
-6.337532,50,745.209501
-11.365555,50,745.274728
-6.166578,50,745.343763
-5.867517,50,745.409558
-15.464066,50,745.477955
-16.031789,50,745.54057
-9.464491,50,745.595348
-8.991971,50,746.08275
-10.495632,50,746.145073
-8.633303,50,746.206385
-13.056251,50,746.26559
-10.212256,50,746.326695
-4.009486,50,746.395648
-5.192901,50,746.465767
-7.22173,50,746.525151
-10.006077,50,746.585382
-5.939419,50,746.64374
-12.904079,50,746.708482
-5.343563,50,746.769462
-10.726468,50,746.82693
-18.227988,50,746.874161
-5.97637,50,746.938251
-8.803344,50,746.998274
-7.933867,50,747.055474
-17.577206,50,747.11652
-9.605874,50,747.170541
-5.091951,50,747.227483
-5.970547,50,747.285033
-10.673228,50,747.346969
-8.721541,50,747.403023
-14.436346,50,747.45621
-12.545876,50,747.517576
-3.276791,50,747.575858
-3.118972,50,747.628493
-3.082011,50,747.679152
-11.807506,50,747.736934
-14.799953,50,747.796263
-9.202623,50,747.856291
-8.966077,50,747.913413
-10.359883,50,747.969405
-13.281824,50,748.023363
-8.300623,50,748.080368
-2.322702,50,748.140203
-10.982323,50,748.193269
-13.113043,50,748.25034
-10.037194,50,748.306198
-14.427037,50,748.351689
-3.184842,50,748.407294
-14.196741,50,748.887408
-3.13004,50,748.938786
-5.927387,50,749.002451
-8.329862,50,749.055833
-4.191748,50,749.118277
-3.022275,50,749.171526
-7.639411,50,749.227801
-12.658554,50,749.295323
-5.840093,50,749.35201
-4.791831,50,749.410647
-11.036635,50,749.469286
-8.790979,50,749.529812
-3.304765,50,749.596151
-10.29671,50,749.656374
-4.779896,50,749.725012
-10.047649,50,749.784527
-9.215912,50,749.848491
-7.737822,50,749.905478
-14.313481,50,749.97224
-7.755927,50,750.03921
-5.487144,50,750.095589
-15.491315,50,750.162759
-11.947136,50,750.226099
-13.120708,50,750.288625
-16.993076,50,750.351791
-8.103272,50,750.413467
-14.244188,50,750.48024
-17.484087,50,750.543607
-4.34933,50,750.612873
-4.569102,50,750.681724
-11.876763,50,750.739819
-9.429737,50,750.791229
-8.074532,50,750.858171
-10.017083,50,750.913582
-7.922843,50,750.972839
-17.761294,50,751.036045
-9.415643,50,751.098743
-7.132862,50,751.16579
-2.876567,50,751.229006
-17.320076,50,751.292727
-8.24154,50,751.349129
-3.410151,50,751.845884
-16.745228,50,751.902003
-5.819184,50,751.954467
-7.997004,50,752.010803
-12.099045,50,752.069239
-5.852114,50,752.126943
-8.356051,50,752.182779
-5.313146,50,752.245888
-15.121324,50,752.306257
-4.98421,50,752.360735
-7.259033,50,752.42177
-12.986284,50,752.473472
-6.187607,50,752.529223
-12.035271,50,752.59013
-9.246501,50,752.64646
-5.766846,50,752.709128
-4.915451,50,752.767244
-8.708304,50,752.825775
-11.225301,50,752.887734
-7.713158,50,752.9402
-6.106349,50,752.998821
-3.778581,50,753.052819
-10.491899,50,753.114913
-8.830901,50,753.176853
-7.903508,50,753.229929
-10.523056,50,753.284529
-12.769156,50,753.345044
-5.876243,50,753.398633
-8.772809,50,753.454442
-8.239566,50,753.50837
-6.033724,50,753.560589
-5.810538,50,753.618706
-13.636829,50,753.672124
-13.974643,50,753.730268
-3.675943,50,753.787647
-7.213207,50,753.847235
-7.296894,50,753.899969
-4.912935,50,753.94887
-12.28392,50,754.002835
-14.942999,50,754.062349
-9.764078,50,754.115506
-7.223009,50,754.578841
-9.522093,50,754.637327
-10.5662,50,754.695152
-14.550691,50,754.755576
-4.322024,50,754.809433
-13.747074,50,754.862425
-5.944922,50,754.916003
-4.155973,50,754.969018
-4.229612,50,755.032169
-12.214002,50,755.089019
-4.497705,50,755.147964
-14.210424,50,755.201409
-6.280353,50,755.251784
-14.094419,50,755.302555
-12.292874,50,755.361857
-16.648484,50,755.414412
-12.889034,50,755.471592
-16.837368,50,755.52389
-9.945953,50,755.576959
-6.705276,50,755.633139
-10.118225,50,755.687889
-14.137069,50,755.741488
-8.498526,50,755.799469
-10.579061,50,755.856779
-4.469936,50,755.914479
-13.284286,50,755.978175
-5.528495,50,756.026814
-6.04525,50,756.079273
-14.39362,50,756.138114
-4.382534,50,756.191582
-18.039361,50,756.249772
-4.157401,50,756.300959
-9.52422,50,756.358355
-8.435257,50,756.40852
-7.715029,50,756.473085
-13.527233,50,756.531305
-7.656145,50,756.587584
-6.507519,50,756.642447
-5.944128,50,756.697384
-12.039072,50,756.762645
-4.063247,50,756.822744
-13.749877,50,757.332863
-6.820691,50,757.397536
-8.662279,50,757.445356
-6.674168,50,757.501602
-10.21546,50,757.560177
-5.889916,50,757.611713
-15.375663,50,757.666991
-12.567527,50,757.721691
-7.758227,50,757.785281
-2.225207,50,757.842436
-5.964305,50,757.904198
-4.305745,50,757.957101
-11.574416,50,758.015325
-12.713582,50,758.077784
-17.538052,50,758.137471
-10.721347,50,758.196153
-9.867691,50,758.251356
-11.642416,50,758.308529
-10.43877,50,758.363425
-4.348198,50,758.416868
-5.375999,50,758.472533
-7.891656,50,758.52902
-11.215622,50,758.582405
-11.178642,50,758.626417
-12.354885,50,758.684357
-4.147912,50,758.735693
-4.659662,50,758.795897
-7.507614,50,758.848632
-2.034977,50,758.904723
-13.071064,50,758.957319
-10.903529,50,759.011869
-11.072418,50,759.063425
-8.227751,50,759.124892
-13.247251,50,759.181112
-18.170342,50,759.237076
-10.114572,50,759.289713
-5.987579,50,759.356441
-5.343231,50,759.412194
-7.655021,50,759.460847
-6.10811,50,759.518206
-7.053171,50,759.577124
-4.022838,50,760.047091
-5.800356,50,760.101994
-9.618669,50,760.16281
-6.805052,50,760.220053
-6.964059,50,760.276681
-5.975082,50,760.33148
-4.933737,50,760.39636
-8.915707,50,760.450776
-5.99964,50,760.510458
-7.357786,50,760.569321
-5.261278,50,760.620746
-11.091824,50,760.679004
-7.538366,50,760.733564
-4.792271,50,760.783885
-11.077781,50,760.843596
-7.603342,50,760.897901
-14.094538,50,760.951151
-4.074449,50,761.011114
-11.41416,50,761.06958
-8.644511,50,761.132495
-5.79338,50,761.192099
-13.811928,50,761.250724
-9.096634,50,761.308046
-7.139474,50,761.360794
-7.101089,50,761.423709
-4.389368,50,761.48165
-8.786895,50,761.533051
-12.06642,50,761.59938
-6.974634,50,761.650543
-9.675089,50,761.704496
-4.470754,50,761.748582
-13.064176,50,761.802891
-13.184839,50,761.860676
-5.932173,50,761.917761
-9.427025,50,761.971258
-10.552312,50,762.026158
-16.582613,50,762.082074
-6.608232,50,762.143778
-12.04361,50,762.200572
-12.458066,50,762.266182
-16.404707,50,762.327454
-17.83312,50,762.804322
-10.739174,50,762.862827
-12.881773,50,762.919299
-14.694299,50,762.975431
-2.854291,50,763.032623
-5.560037,50,763.094281
-7.336696,50,763.145986
-8.908076,50,763.205405
-8.27621,50,763.26069
-7.176627,50,763.315717
-4.260801,50,763.369242
-3.079181,50,763.415766
-8.381876,50,763.473842
-7.034815,50,763.529393
-7.332586,50,763.583727
-6.140478,50,763.642494
-7.46086,50,763.696779
-12.327726,50,763.751923
-11.704802,50,763.801955
-9.473254,50,763.848843
-5.477113,50,763.904868
-7.810323,50,763.964392
-9.352103,50,764.027707
-7.392858,50,764.09096
-5.70732,50,764.155912
-8.704606,50,764.213019
-13.012834,50,764.264611
-4.402632,50,764.322293
-4.236575,50,764.385156
-10.268536,50,764.44397
-12.170347,50,764.499681
-9.717787,50,764.563263
-6.339433,50,764.626691
-12.492674,50,764.689088
-5.663776,50,764.747434
-12.125262,50,764.805321
-1.801705,50,764.860903
-8.95459,50,764.912556
-2.576408,50,764.972504
-7.165171,50,765.035317
-4.910004,50,765.10761
-3.378611,50,765.624576
-6.971775,50,765.6811
-15.479944,50,765.73926
-8.134306,50,765.79422
-7.22333,50,765.857402
-7.089006,50,765.918027
-10.48922,50,765.978018
-11.562037,50,766.038469
-10.119798,50,766.097729
-6.157617,50,766.15361
-11.786926,50,766.213907
-16.859208,50,766.277428
-4.554885,50,766.33538
-9.866665,50,766.392488
-5.19924,50,766.456022
-11.509516,50,766.515673
-9.648133,50,766.575685
-6.616014,50,766.635509
-8.366112,50,766.697393
-5.143148,50,766.759844
-4.482983,50,766.821146
-11.62276,50,766.883363
-5.160803,50,766.952491
-11.89042,50,767.009374
-12.051193,50,767.078377
-10.263262,50,767.137076
-4.944111,50,767.200347
-18.387619,50,767.261122
-6.912603,50,767.32257
-11.297018,50,767.387309
-6.198021,50,767.451238
-2.584411,50,767.518846
-11.752234,50,767.584534
-9.944541,50,767.646725
-9.308183,50,767.70903
-4.076577,50,767.789285
-2.970153,50,767.85489
-7.736585,50,767.919041
-3.514624,50,767.982708
-14.718443,50,768.04731
-5.613,50,768.110132
-4.866544,50,768.598489
-3.848274,50,768.65195
-9.505586,50,768.707436
-13.867978,50,768.759727
-6.526733,50,768.809047
-3.477772,50,768.874132
-8.462768,50,768.939774
-10.087938,50,768.996626
-11.035674,50,769.052796
-10.975941,50,769.114276
-4.926412,50,769.176393
-3.925338,50,769.238101
-7.108601,50,769.294048
-5.795431,50,769.351975
-15.402099,50,769.401223
-5.680872,50,769.458749
-16.635162,50,769.513682
-7.509584,50,769.557795
-11.853284,50,769.596946
-6.358841,50,769.636508
-11.440986,50,769.668608
-4.275883,50,769.701002
-10.554733,50,769.735168
-5.033046,50,769.770281
-6.441196,50,769.804752
-4.072049,50,769.849396
-14.41639,50,769.908069
-11.681614,50,769.962143
-5.91418,50,770.009255
-15.946524,50,770.041332
-9.067881,50,770.077412
-13.65777,50,770.122423
-1.661755,50,770.17028
-8.118467,50,770.227173
-10.728947,50,770.26043
-11.923783,50,770.300263
-7.455782,50,770.33492
-9.359918,50,770.368436
-4.497329,50,770.416971
-8.032601,50,770.452028
-5.746379,50,770.486854
-6.319667,50,771.002391
-7.106057,50,771.049607
-2.867341,50,771.085612
-4.985339,50,771.120888
-9.373691,50,771.168839
-13.343403,50,771.221733
-14.270385,50,771.267945
-5.865906,50,771.30111
-7.157156,50,771.333937
-7.438278,50,771.378109
-10.457444,50,771.422377
-4.633283,50,771.459144
-7.577861,50,771.49307
-4.720085,50,771.530886
-5.862143,50,771.577056
-6.254131,50,771.6208
-7.62748,50,771.6555
-9.165359,50,771.689111
-10.448056,50,771.722491
-6.595283,50,771.754922
-11.256093,50,771.791494
-3.840699,50,771.826208
-4.398031,50,771.861369
-11.502708,50,771.896115
-8.543173,50,771.930827
-7.77353,50,771.966924
-4.705589,50,772.001276
-5.439393,50,772.040334
-5.67067,50,772.088362
-7.147697,50,772.126873
-4.574514,50,772.174231
-4.355518,50,772.216037
-2.526617,50,772.258252
-11.362895,50,772.293628
-9.830091,50,772.327581
-7.604396,50,772.371338
-10.921305,50,772.405942
-8.236067,50,772.44084
-5.87009,50,772.48029
-3.909227,50,772.516629
-8.052658,50,772.551709
-9.058913,50,773.051813
-9.686105,50,773.09595
-9.809186,50,773.132433
-11.646658,50,773.175596
-10.711038,50,773.210646
-4.640393,50,773.244317
-6.369883,50,773.278053
-2.207706,50,773.309804
-14.512678,50,773.341758
-4.719152,50,773.373982
-4.682781,50,773.404069
-4.37563,50,773.435308
-4.250115,50,773.466681
-4.457549,50,773.502454
-8.899939,50,773.539811
-9.615812,50,773.575165
-4.538449,50,773.621244
-8.9927,50,773.673955
-6.635754,50,773.710395
-6.428127,50,773.742038
-8.961715,50,773.77386
-4.246806,50,773.810221
-4.588625,50,773.844216
-11.907883,50,773.879088
-4.283402,50,773.917622
-4.485841,50,773.953679
-8.218676,50,773.992108
-15.538907,50,774.027958
-5.240465,50,774.061162
-7.174337,50,774.102878
-4.245524,50,774.145188
-8.698111,50,774.193883
-8.385967,50,774.230525
-5.15082,50,774.264414
-3.510111,50,774.299956
-4.50895,50,774.34373
-7.8043,50,774.378294
-5.332189,50,774.412471
-10.646877,50,774.458439
-13.93013,50,774.507996
-11.103917,50,774.54794
-16.417372,50,775.030702
-5.780547,50,775.07072
-9.004323,50,775.105101
-8.520951,50,775.13709
-3.233065,50,775.170278
-5.290639,50,775.203047
-11.070359,50,775.236591
-5.493841,50,775.277022
-8.175504,50,775.311397
-7.673784,50,775.36411
-8.555308,50,775.400037
-5.738289,50,775.434013
-7.099775,50,775.477837
-12.63495,50,775.51774
-11.610186,50,775.559175
-9.111726,50,775.596497
-9.300695,50,775.637452
-8.984535,50,775.692312
-3.549414,50,775.738284
-6.352573,50,775.776795
-11.780117,50,775.814451
-7.992328,50,775.849399
-6.171488,50,775.882867
-4.076893,50,775.919185
-3.250961,50,775.955652
-8.550655,50,775.996156
-2.427187,50,776.065447
-10.156106,50,776.137378
-9.519601,50,776.210109
-8.421569,50,776.289013
-6.16179,50,776.36543
-10.337553,50,776.437134
-3.215179,50,776.512976
-5.454444,50,776.587482
-13.40596,50,776.661398
-5.164239,50,776.738431
-6.518398,50,776.810156
-5.075815,50,776.88578
-10.109901,50,776.959312
-8.683491,50,777.030418
-5.084897,50,777.104764
-15.462396,50,778.029634
-6.056915,50,778.101471
-15.212417,50,778.175676
-5.84487,50,778.242984
-9.45979,50,778.314127
-6.348993,50,778.383991
-3.935622,50,778.455097
-3.761546,50,778.52357
-4.478131,50,778.593865
-10.391156,50,778.666678
-7.816713,50,778.739629
-4.895239,50,778.808408
-8.52838,50,778.875532
-5.3549,50,778.944274
-7.892698,50,779.015324
-6.386837,50,779.087564
-4.429142,50,779.157887
-5.946905,50,779.229121
-4.704113,50,779.298953
-7.421771,50,779.368175
-8.743797,50,779.440248
-2.720034,50,779.511475
-4.685755,50,779.572626
-6.389815,50,779.613175
-5.052683,50,779.649647
-6.372858,50,779.68344
-4.607794,50,779.718817
-11.879561,50,779.755082
-4.051255,50,779.818007
-5.06941,50,779.892739
-6.562286,50,779.965197
-11.962446,50,780.03724
-9.150236,50,780.108561
-6.11863,50,780.182401
-5.273489,50,780.253265
-4.115585,50,780.32296
-15.981034,50,780.392291
-6.594729,50,780.462127
-10.148578,50,780.530478
-7.491433,50,780.603136
-8.774564,50,780.672217
-10.450793,50,781.60696
-3.204801,50,781.680827
-7.610614,50,781.749796
-7.762056,50,781.815943
-3.288078,50,781.884307
-8.469593,50,781.952892
-12.933775,50,782.023906
-6.104749,50,782.094267
-6.089964,50,782.16356
-2.790419,50,782.231742
-7.683333,50,782.299573
-6.180716,50,782.368131
-4.984938,50,782.435205
-4.434942,50,782.501741
-4.000414,50,782.570693
-7.35504,50,782.639761
-6.694011,50,782.709594
-10.812716,50,782.780051
-11.617798,50,782.849108
-11.009523,50,782.920516
-7.681467,50,782.989111
-12.16964,50,783.057092
-7.698839,50,783.130344
-4.46701,50,783.200311
-4.886557,50,783.270337
-7.306964,50,783.342744
-10.961288,50,783.412862
-8.015311,50,783.48318
-15.984901,50,783.554213
-6.034416,50,783.611039
-7.193442,50,783.647907
-2.969678,50,783.684137
-6.652299,50,783.723189
-9.244358,50,783.758334
-5.26591,50,783.793115
-5.619878,50,783.831553
-4.004489,50,783.868052
-9.612574,50,783.90333
-6.069497,50,783.938639
-8.693646,50,783.972823
-8.952173,50,784.010704
-11.17588,50,784.497282
-11.65424,50,784.532695
-7.77477,50,784.567303
-4.34105,50,784.602666
-14.07995,50,784.641748
-10.261012,50,784.695379
-3.444634,50,784.756645
-7.109094,50,784.808939
-7.409358,50,784.86363
-11.753866,50,784.919517
-4.791751,50,784.97494
-6.46567,50,785.037684
-4.372512,50,785.092772
-8.112167,50,785.15271
-9.749667,50,785.203099
-16.153264,50,785.252352
-4.669325,50,785.316192
-3.430687,50,785.365168
-10.35903,50,785.399805
-5.709585,50,785.434607
-6.738488,50,785.469761
-15.507297,50,785.507405
-11.789357,50,785.542652
-6.233185,50,785.575593
-8.931981,50,785.620816
-13.502007,50,785.672288
-4.870574,50,785.720933
-10.07917,50,785.776528
-15.443545,50,785.835516
-1.515753,50,785.888458
-8.324334,50,785.956471
-10.217567,50,786.019436
-8.044017,50,786.084986
-6.188521,50,786.137334
-9.026303,50,786.19503
-11.704442,50,786.258059
-3.153337,50,786.320811
-9.302155,50,786.381021
-5.853765,50,786.444683
-8.284015,50,786.503968
-6.18546,50,786.556044
-3.963503,50,787.019024
-5.911206,50,787.076328
-4.230441,50,787.13255
-9.358765,50,787.192752
-13.424178,50,787.255828
-6.821355,50,787.320643
-5.15966,50,787.380128
-15.786973,50,787.434463
-2.284016,50,787.495162
-9.739813,50,787.552987
-9.247662,50,787.605769
-7.105224,50,787.666386
-3.68397,50,787.718501
-11.739752,50,787.778503
-11.507056,50,787.846586
-11.150975,50,787.906558
-9.590689,50,787.957318
-7.936049,50,788.024793
-5.326859,50,788.075015
-2.34457,50,788.13479
-16.956346,50,788.19133
-10.185427,50,788.247587
-8.541013,50,788.291485
-6.162171,50,788.342833
-5.495624,50,788.399005
-9.272108,50,788.454324
-4.729441,50,788.507721
-7.234474,50,788.564089
-5.816654,50,788.618308
-3.257674,50,788.673315
-8.215418,50,788.725699
-7.176761,50,788.781442
-4.508283,50,788.829804
-10.753883,50,788.882614
-13.223028,50,788.938504
-9.093117,50,788.986495
-5.906443,50,789.040315
-10.724555,50,789.098073
-7.517262,50,789.155134
-10.081395,50,789.201999
-6.895664,50,789.254281
-10.225032,50,789.732418
-8.848853,50,789.783865
-7.197251,50,789.834874
-8.17075,50,789.886835
-11.653723,50,789.939607
-4.848733,50,789.996743
-8.654938,50,790.046733
-4.568255,50,790.101752
-9.843762,50,790.161622
-10.815682,50,790.209867
-7.888965,50,790.266637
-11.891091,50,790.318501
-6.984098,50,790.373811
-4.224938,50,790.431295
-3.528124,50,790.485277
-11.336827,50,790.538401
-10.912428,50,790.595721
-5.201123,50,790.643618
-12.824794,50,790.700477
-6.539204,50,790.75432
-8.435094,50,790.809063
-4.921097,50,790.867263
-3.61912,50,790.916416
-6.057145,50,790.96952
-6.074902,50,791.024467
-8.209453,50,791.080999
-11.039438,50,791.129892
-11.448071,50,791.180467
-10.263479,50,791.236716
-11.516398,50,791.288209
-6.094044,50,791.339341
-7.641115,50,791.396107
-7.573175,50,791.451343
-4.826634,50,791.505001
-6.699542,50,791.565489
-10.904552,50,791.616833
-8.472538,50,791.67405
-5.799236,50,791.724427
-7.016606,50,791.78264
-14.383372,50,791.839503
-12.294977,50,791.889709
-16.947624,50,792.353199
-7.546322,50,792.408406
-5.957525,50,792.469269
-6.787758,50,792.522424
-7.643047,50,792.57757
-9.183488,50,792.625607
-9.677088,50,792.6839
-7.176112,50,792.739924
-3.562896,50,792.801504
-6.32355,50,792.854269
-6.935833,50,792.909506
-5.797778,50,792.959903
-6.308166,50,793.016587
-11.947099,50,793.080033
-5.26201,50,793.131985
-9.803534,50,793.185791
-6.082036,50,793.240427
-3.0249,50,793.30507
-6.987635,50,793.354375
-4.853109,50,793.411079
-4.711356,50,793.465301
-8.000285,50,793.522448
-2.895328,50,793.579259
-9.685522,50,793.63153
-4.132304,50,793.685486
-2.448013,50,793.733363
-6.535591,50,793.794807
-5.917865,50,793.840899
-10.178001,50,793.898636
-2.864663,50,793.952871
-7.552398,50,794.008845
-8.40027,50,794.059264
-5.630909,50,794.119309
-7.534916,50,794.174445
-9.370422,50,794.226796
-2.486646,50,794.291603
-4.627586,50,794.342185
-2.199951,50,794.395032
-5.921398,50,794.448696
-7.243077,50,794.501166
-8.083985,50,794.557794
-6.583958,50,795.021446
-5.194651,50,795.084939
-7.257671,50,795.138681
-6.93129,50,795.202017
-3.512415,50,795.254466
-10.13501,50,795.308167
-9.157706,50,795.370536
-10.83056,50,795.422466
-11.920241,50,795.482393
-7.161052,50,795.546517
-7.968504,50,795.610386
-10.782391,50,795.669456
-4.197121,50,795.729028
-5.233448,50,795.790524
-1.593146,50,795.842628
-9.786088,50,795.900687
-9.864901,50,795.96178
-2.716489,50,796.011311
-9.198028,50,796.076412
-4.330632,50,796.134015
-7.810794,50,796.197915
-6.556189,50,796.245537
-7.754726,50,796.303911
-10.361124,50,796.365991
-8.37058,50,796.417816
-5.408971,50,796.472286
-10.194191,50,796.536668
-11.889062,50,796.587659
-3.382305,50,796.644599
-5.475632,50,796.699817
-6.966468,50,796.761863
-11.961571,50,796.81323
-3.072939,50,796.867779
-3.094453,50,796.917026
-4.677649,50,796.97641
-3.581212,50,797.034581
-3.644062,50,797.094336
-7.968072,50,797.15088
-11.105017,50,797.216124
-8.691048,50,797.269162
-6.457825,50,797.326321
-5.665398,50,797.814285
-9.59333,50,797.86882
-10.877776,50,797.928119
-7.136151,50,797.992086
-4.927902,50,798.046756
-5.710275,50,798.102574
-3.483672,50,798.16166
-12.678882,50,798.219229
-4.838837,50,798.280027
-9.694788,50,798.337873
-3.807832,50,798.392325
-6.175134,50,798.446072
-4.827927,50,798.509832
-6.118868,50,798.571369
-8.03738,50,798.626868
-7.433921,50,798.678964
-9.232667,50,798.731521
-4.909916,50,798.784342
-4.138771,50,798.836057
-7.941524,50,798.885202
-4.781891,50,798.94255
-7.064698,50,798.999285
-6.52061,50,799.057482
-3.601036,50,799.11578
-6.106251,50,799.162123
-5.69786,50,799.217027
-6.133114,50,799.277483
-5.739052,50,799.331811
-5.018743,50,799.389175
-7.630083,50,799.444289
-8.094028,50,799.496655
-8.599466,50,799.55531
-5.77708,50,799.617368
-5.250532,50,799.67062
-2.961443,50,799.725605
-7.056009,50,799.786117
-5.416968,50,799.840631
-5.211505,50,799.894498
-2.703759,50,799.951019
-7.693612,50,800.004633
-6.45683,50,800.063401
-6.759575,50,800.514745
-11.54238,50,800.576516
-4.655273,50,800.6377
-8.861791,50,800.69593
-10.207764,50,800.753756
-15.410859,50,800.807397
-6.966377,50,800.857533
-7.856222,50,800.917644
-16.313959,50,800.970634
-5.033182,50,801.031441
-2.969574,50,801.086661
-4.146035,50,801.13611
-4.650421,50,801.190311
-2.825471,50,801.247756
-8.70064,50,801.308411
-5.825473,50,801.359631
-10.478038,50,801.414808
-4.392015,50,801.47054
-1.560172,50,801.531603
-9.783571,50,801.587676
-4.944043,50,801.633054
-4.350067,50,801.687065
-9.177184,50,801.743488
-4.040714,50,801.799836
-3.612394,50,801.85369
-3.19255,50,801.911223
-5.151893,50,801.971228
-6.470182,50,802.028328
-5.92911,50,802.086945
-2.968421,50,802.147217
-9.035781,50,802.205966
-8.106486,50,802.261478
-5.324466,50,802.320374
-2.8734,50,802.37459
-6.433158,50,802.425878
-8.844461,50,802.479973
-11.329661,50,802.537715
-5.189252,50,802.590413
-8.79689,50,802.644503
-5.389642,50,802.698128
-9.060715,50,802.747428
-11.546635,50,803.242784
-12.132524,50,803.306894
-11.533577,50,803.370557
-3.053648,50,803.425852
-3.339699,50,803.456394
-4.781796,50,803.520384
-3.70355,50,803.570464
-8.883034,50,803.619524
-7.068368,50,803.672691
-5.699475,50,803.730148
-11.82816,50,803.788291
-4.600914,50,803.846616
-4.413968,50,803.904184
-15.873554,50,803.950741
-8.445767,50,804.014764
-11.496854,50,804.077713
-7.001187,50,804.138734
-4.412202,50,804.197963
-7.531431,50,804.250724
-4.399947,50,804.305937
-5.636886,50,804.35656
-3.727555,50,804.415876
-6.460887,50,804.477438
-13.184365,50,804.532459
-12.234924,50,804.583572
-8.989224,50,804.643237
-10.089096,50,804.705071
-5.367913,50,804.758683
-11.925766,50,804.816997
-13.710471,50,804.866343
-5.040074,50,804.917429
-7.402567,50,804.974761
-8.876771,50,805.032811
-3.793444,50,805.090828
-11.018327,50,805.154448
-2.710849,50,805.207934
-13.744086,50,805.266842
-6.088554,50,805.318429
-10.571543,50,805.374139
-7.312348,50,805.433028
-6.397291,50,805.485461
-3.80673,50,805.985911
-9.82159,50,806.045892
-6.758265,50,806.111371
-9.478376,50,806.169448
-7.272986,50,806.223391
-9.105338,50,806.282089
-10.449885,50,806.334324
-5.808703,50,806.39404
-4.727573,50,806.442681
-8.566753,50,806.495072
-8.092163,50,806.548742
-5.134571,50,806.609304
-5.600554,50,806.680967
-4.299141,50,806.736972
-6.405653,50,806.794714
-3.119556,50,806.853409
-10.017161,50,806.918575
-8.422128,50,806.972891
-14.29932,50,807.032895
-4.715914,50,807.094373
-7.450246,50,807.157191
-5.174441,50,807.219703
-6.134022,50,807.283196
-7.617832,50,807.340707
-7.930613,50,807.403517
-13.412292,50,807.454446
-11.012323,50,807.511961
-5.788289,50,807.567493
-2.029997,50,807.619518
-7.307218,50,807.676641
-6.817931,50,807.731972
-10.956039,50,807.790046
-3.65344,50,807.841815
-6.78716,50,807.89569
-12.016227,50,807.946356
-3.656555,50,808.006055
-10.079022,50,808.058984
-5.291591,50,808.114053
-7.117243,50,808.176666
-4.913003,50,808.236001
-9.760519,50,808.705366
-3.823805,50,808.753153
-4.853161,50,808.819656
-2.809135,50,808.878434
-7.68541,50,808.933325
-6.085803,50,808.984218
-11.367394,50,809.04006
-13.528725,50,809.098489
-9.274985,50,809.159837
-7.651357,50,809.22339
-12.424129,50,809.274014
-5.514885,50,809.326359
-6.773763,50,809.384337
-9.805614,50,809.43396
-5.62038,50,809.490978
-6.969551,50,809.543006
-7.37705,50,809.595137
-7.455082,50,809.652437
-4.679772,50,809.709174
-2.355792,50,809.764827
-12.150534,50,809.819468
-2.971483,50,809.872271
-9.17371,50,809.929347
-3.695917,50,809.988006
-3.605543,50,810.044117
-10.514321,50,810.095871
-4.761732,50,810.165345
-10.327718,50,810.227414
-3.827346,50,810.291486
-4.782807,50,810.346339
-4.970038,50,810.412035
-6.674941,50,810.472842
-7.677827,50,810.536769
-6.251823,50,810.599106
-6.689363,50,810.664104
-2.782259,50,810.719249
-9.613566,50,810.777053
-9.486661,50,810.83427
-7.946134,50,810.886677
-9.120663,50,810.9389
-6.877484,50,811.000762
-6.053106,50,811.529621
-6.642664,50,811.588756
-10.419095,50,811.644538
-11.709858,50,811.705492
-7.370231,50,811.758423
-8.550455,50,811.816235
-12.407744,50,811.870468
-10.89563,50,811.933876
-10.200448,50,811.989112
-13.729261,50,812.047053
-7.00498,50,812.111645
-4.316005,50,812.171192
-9.625884,50,812.232871
-7.309271,50,812.289819
-8.266677,50,812.357412
-8.152156,50,812.419772
-8.024529,50,812.476285
-12.977892,50,812.539445
-4.854157,50,812.59164
-13.286936,50,812.653106
-11.050081,50,812.713285
-5.320041,50,812.772584
-9.411645,50,812.829395
-5.920033,50,812.872543
-4.461244,50,812.927861
-9.335184,50,812.977884
-8.929719,50,813.037768
-7.11811,50,813.093404
-13.749041,50,813.153385
-3.859383,50,813.21009
-6.839607,50,813.266735
-9.758813,50,813.326619
-6.443431,50,813.389382
-12.695555,50,813.449882
-7.627202,50,813.514409
-5.392134,50,813.571705
-7.003999,50,813.633793
-3.509917,50,813.693366
-11.75574,50,813.752447
-5.469144,50,813.811568
-7.005586,50,813.868719
-5.018899,50,814.392458
-5.199062,50,814.452779
-5.048931,50,814.506251
-11.635399,50,814.567492
-7.116722,50,814.625051
-9.396915,50,814.689867
-9.07021,50,814.752225
-5.014968,50,814.808749
-2.767972,50,814.872517
-7.767056,50,814.928299
-5.499608,50,814.986523
-5.440094,50,815.047958
-7.135566,50,815.113372
-5.542401,50,815.1783
-7.651365,50,815.232894
-8.974356,50,815.292462
-3.293278,50,815.357125
-5.118098,50,815.414915
-3.885101,50,815.472067
-13.007876,50,815.534825
-5.267475,50,815.59201
-4.675134,50,815.646711
-7.275376,50,815.706517
-7.960802,50,815.76864
-8.880604,50,815.820991
-5.408982,50,815.880101
-6.336138,50,815.941209
-4.613774,50,815.995898
-7.28287,50,816.048915
-10.307361,50,816.103942
-8.289356,50,816.16392
-7.660721,50,816.229527
-6.663943,50,816.289309
-11.690651,50,816.356335
-7.573129,50,816.413455
-7.549281,50,816.47558
-14.282538,50,816.536351
-5.469812,50,816.595478
-4.67292,50,816.656912
-9.591723,50,816.720498
-3.996859,50,816.783679
-3.590522,50,817.33854
-7.676307,50,817.394635
-6.486788,50,817.451658
-9.925489,50,817.50989
-2.192361,50,817.576277
-11.467877,50,817.63812
-4.423399,50,817.698061
-3.566654,50,817.756644
-2.62057,50,817.814181
-5.468054,50,817.872359
-2.923359,50,817.928174
-2.241351,50,817.98954
-11.099303,50,818.050991
-3.674149,50,818.108049
-5.807488,50,818.168185
-10.090652,50,818.234671
-7.942201,50,818.293965
-6.269847,50,818.356412
-12.109444,50,818.418001
-6.714866,50,818.481251
-11.154261,50,818.541219
-6.485516,50,818.599594
-6.995485,50,818.652356
-6.880768,50,818.687961
-10.474735,50,818.75215
-10.106919,50,818.812928
-11.323504,50,818.867017
-8.272906,50,818.910616
-6.998733,50,818.95339
-4.578085,50,818.996625
-11.348948,50,819.029607
-8.062653,50,819.06184
-8.504637,50,819.096541
-4.018665,50,819.131961
-5.268882,50,819.168583
-7.478367,50,819.211413
-11.03453,50,819.253217
-6.929169,50,819.289006
-6.972979,50,819.322254
-5.892483,50,819.354866
-11.878408,50,819.387927
-3.022026,50,819.838002
-9.330561,50,819.892872
-10.566114,50,819.947499
-5.649118,50,820.003598
-4.444868,50,820.054612
-2.393569,50,820.104277
-5.618906,50,820.149177
-9.314535,50,820.189745
-7.728668,50,820.237961
-4.943964,50,820.28643
-6.188321,50,820.336353
-12.553352,50,820.374471
-2.666213,50,820.411624
-2.763455,50,820.444556
-7.881938,50,820.47835
-8.549514,50,820.517722
-11.88293,50,820.551627
-7.961962,50,820.596516
-9.339176,50,820.630051
-7.839875,50,820.6679
-9.610921,50,820.703542
-4.478506,50,820.742067
-4.094205,50,820.775616
-12.988364,50,820.813143
-9.841713,50,820.858739
-10.272568,50,820.896802
-7.03377,50,820.948789
-6.51292,50,821.001226
-10.567294,50,821.055277
-9.345573,50,821.114576
-5.782888,50,821.170676
-14.215304,50,821.202486
-5.477259,50,821.261399
-4.875829,50,821.308316
-9.587716,50,821.356096
-6.257352,50,821.402782
-7.553574,50,821.457834
-10.379,50,821.500957
-12.253817,50,821.533743
-8.401284,50,821.572003
-5.078365,50,821.618173
